Solar Flux predicition from Claire et al, 2012
Computed for 4.40000 Ga and 1.00000 AU
wavelength (nm)   flux (photons/cm^2/s/nm)
     0.500000   1.2800036e+09
      1.50000   2.5598506e+09
      2.50000   5.3398781e+09
      3.50000   4.7949690e+09
      4.50000   8.3875226e+09
      5.50000   1.7325859e+10
      6.50000   1.7908385e+10
      7.50000   2.1328566e+10
      8.50000   1.4484203e+10
      9.50000   1.7863930e+10
      10.5000   6.7430258e+09
      11.5000   5.2041729e+09
      12.5000   3.4849628e+09
      13.5000   3.5713309e+09
      14.5000   1.1983039e+10
      15.5000   1.5191852e+10
      16.5000   2.1623677e+10
      17.5000   9.9963853e+10
      18.5000   5.1876086e+10
      19.5000   5.5376416e+10
      20.5000   2.7751869e+10
      21.5000   2.2117942e+10
      22.5000   3.1962913e+10
      23.5000   1.6471125e+10
      24.5000   4.2430030e+10
      25.5000   7.1748097e+10
      26.5000   2.4467133e+10
      27.5000   4.3895966e+10
      28.5000   6.0957354e+11
      29.5000   1.5935908e+10
      30.5000   8.7699064e+11
      31.5000   6.7804304e+10
      32.5000   9.5530570e+10
      33.5000   9.5089623e+10
      34.5000   4.1171149e+10
      35.5000   3.5838866e+10
      36.5000   7.9118203e+11
      37.5000   8.1811411e+09
      38.5000   3.5414513e+09
      39.5000   3.5512769e+09
      40.5000   6.0048086e+09
      41.5000   1.1871470e+10
      42.5000   2.9568805e+09
      43.5000   6.9374556e+09
      44.5000   2.7382142e+09
      45.5000   3.0804957e+09
      46.5000   1.1190975e+10
      47.5000   4.4636809e+09
      48.5000   7.4629464e+09
      49.5000   2.6665614e+10
      50.5000   1.0899103e+10
      51.5000   3.7454705e+09
      52.5000   6.6153591e+09
      53.5000   4.8853832e+09
      54.5000   3.1542896e+09
      55.5000   1.4143235e+10
      56.5000   4.3165412e+09
      57.5000   4.3035428e+09
      58.5000   2.4386067e+10
      59.5000   5.0896022e+09
      60.5000   2.0931292e+10
      61.5000   6.3619193e+09
      62.5000   2.7606873e+10
      63.5000   6.9815206e+09
      64.5000   1.5910065e+09
      65.5000   1.2546017e+09
      66.5000   1.1102739e+09
      67.5000   1.1367935e+09
      68.5000   3.9131345e+09
      69.5000   2.8958137e+09
      70.5000   7.5465717e+09
      71.5000   3.2971118e+09
      72.5000   2.4817309e+09
      73.5000   3.2232121e+09
      74.5000   3.9586613e+09
      75.5000   6.0061853e+09
      76.5000   1.5082719e+10
      77.5000   1.3845226e+10
      78.5000   1.9214543e+10
      79.5000   8.9424395e+09
      80.5000   9.2208364e+09
      81.5000   1.0430138e+10
      82.5000   1.5343081e+10
      83.5000   2.5896620e+10
      84.5000   1.8869044e+10
      85.5000   2.0905127e+10
      86.5000   2.2046263e+10
      87.5000   2.6100025e+10
      88.5000   2.9666544e+10
      89.5000   3.5881048e+10
      90.5000   4.2014136e+10
      91.5000   3.1925789e+10
      92.5000   1.1330520e+10
      93.5000   9.8561760e+09
      94.5000   6.9844849e+09
      95.5000   3.9940355e+09
      96.5000   4.1264883e+09
      97.5000   1.1241865e+11
      98.5000   8.2938251e+09
      99.5000   1.2710250e+10
      100.500   5.1135968e+09
      101.500   5.8686427e+09
      102.500   3.2923837e+11
      103.500   1.6418261e+11
      104.500   7.9270122e+09
      105.500   6.6626162e+09
      106.500   6.2958038e+09
      107.500   6.6312749e+09
      108.500   1.1038766e+10
      109.500   7.3708550e+09
      110.500   7.7988649e+09
      111.500   7.0213635e+09
      112.500   7.6919762e+09
      113.500   5.8796824e+09
      114.500   3.9461923e+09
      115.500   6.4306203e+09
      116.500   7.2107328e+09
      117.500   1.1652589e+11
      118.500   7.9816167e+09
      119.500   2.6532100e+10
      119.750   2.5571833e+10
      119.800   2.6708155e+10
      119.850   2.8096243e+10
      119.900   2.9384897e+10
      119.950   3.0176750e+10
      120.000   3.0159247e+10
      120.050   2.9333420e+10
      120.100   2.7905798e+10
      120.150   2.6325325e+10
      120.200   2.5054174e+10
      120.250   2.4726318e+10
      120.300   2.7709089e+10
      120.350   3.8570190e+10
      120.400   6.1305854e+10
      120.450   9.6436352e+10
      120.500   4.2448504e+11
      120.550   5.4983642e+11
      120.600   6.3236869e+11
      120.650   6.4439352e+11
      120.700   5.8114442e+11
      120.750   1.5276044e+11
      120.800   1.6263180e+11
      120.850   1.1161362e+11
      120.900   7.8087109e+10
      120.950   6.3984478e+10
      121.000   6.4874750e+10
      121.050   7.4781728e+10
      121.100   9.4417737e+10
      121.150   1.5043613e+11
      121.200   3.7634771e+11
      121.250   1.1307358e+12
      121.300   2.8910770e+12
      121.350   5.8670761e+12
      121.400   9.7927262e+12
      121.450   1.3968061e+13
      121.500   1.7306765e+13
      121.550   1.8680414e+13
      121.600   1.7628604e+13
      121.650   1.4558640e+13
      121.700   1.0501032e+13
      121.750   6.5270020e+12
      121.800   3.4342967e+12
      121.850   1.5267524e+12
      121.900   6.2150411e+11
      121.950   2.8729790e+11
      122.000   1.6973369e+11
      122.050   1.1697557e+11
      122.100   8.6480704e+10
      122.150   6.8409530e+10
      122.200   5.7281999e+10
      122.250   4.9732518e+10
      122.300   4.4232405e+10
      122.350   4.0068904e+10
      122.400   3.6810203e+10
      122.450   2.2766262e+10
      122.500   2.1415895e+10
      122.550   2.0427965e+10
      122.600   1.9774574e+10
      122.650   1.9354769e+10
      122.700   1.9058634e+10
      122.750   1.8803834e+10
      122.800   1.8457988e+10
      122.850   1.7957355e+10
      122.900   1.7356850e+10
      122.950   1.6665716e+10
      123.000   1.5929625e+10
      123.050   1.5248808e+10
      123.100   1.4709668e+10
      123.150   1.4316570e+10
      123.200   1.4060227e+10
      123.250   1.3913190e+10
      123.300   1.3811711e+10
      123.350   1.3723938e+10
      123.400   1.3609001e+10
      123.450   1.3439711e+10
      123.500   1.3397556e+10
      123.550   1.3935709e+10
      123.600   1.5565461e+10
      123.650   1.8484676e+10
      123.700   2.2637327e+10
      123.750   2.7320343e+10
      123.800   3.1175975e+10
      123.850   3.2916666e+10
      123.900   3.2215271e+10
      123.950   2.9472542e+10
      124.000   2.5869733e+10
      124.050   2.2956142e+10
      124.100   2.1660256e+10
      124.150   2.1826622e+10
      124.200   2.2592350e+10
      124.250   2.2915843e+10
      124.300   2.2018544e+10
      124.350   1.9812027e+10
      124.400   1.6923486e+10
      124.450   1.4190402e+10
      124.500   1.2161058e+10
      124.550   1.0978330e+10
      124.600   1.0524312e+10
      124.650   1.0465797e+10
      124.700   1.0461183e+10
      124.750   1.0398254e+10
      124.800   1.0326408e+10
      124.850   1.0299441e+10
      124.900   1.0362093e+10
      124.950   1.0482899e+10
      125.000   1.0545408e+10
      125.050   1.0558644e+10
      125.100   1.0638943e+10
      125.150   1.0844330e+10
      125.200   1.1299742e+10
      125.250   1.2053977e+10
      125.300   1.2878965e+10
      125.350   1.3524732e+10
      125.400   1.3893393e+10
      125.450   1.3936274e+10
      125.500   1.3742935e+10
      125.550   1.3545307e+10
      125.600   1.3508131e+10
      125.650   1.3782503e+10
      125.700   1.4577077e+10
      125.750   1.6042335e+10
      125.800   1.8266269e+10
      125.850   2.1070172e+10
      125.900   2.3893776e+10
      125.950   2.5924820e+10
      126.000   2.6534388e+10
      126.050   2.5378483e+10
      126.100   2.2588006e+10
      126.150   1.9170872e+10
      126.200   1.6837341e+10
      126.250   1.7068870e+10
      126.300   2.0304492e+10
      126.350   2.5903325e+10
      126.400   3.2239825e+10
      126.450   3.7015280e+10
      126.500   3.8191263e+10
      126.550   3.5375264e+10
      126.600   2.9781722e+10
      126.650   2.3130174e+10
      126.700   1.6978350e+10
      126.750   1.2440520e+10
      126.800   9.7567917e+09
      126.850   8.4623739e+09
      126.900   7.9128696e+09
      126.950   7.7289675e+09
      127.000   7.7211071e+09
      127.050   7.7440162e+09
      127.100   7.7010063e+09
      127.150   7.6141220e+09
      127.200   7.6282609e+09
      127.250   7.8792913e+09
      127.300   8.4721353e+09
      127.350   9.4063330e+09
      127.400   1.0554368e+10
      127.450   1.1679471e+10
      127.500   1.2650354e+10
      127.550   1.3375343e+10
      127.600   1.3776046e+10
      127.650   1.3918472e+10
      127.700   1.3903465e+10
      127.750   1.3726873e+10
      127.800   1.3458760e+10
      127.850   1.3195246e+10
      127.900   1.2892713e+10
      127.950   1.2459660e+10
      128.000   1.1843973e+10
      128.050   1.0989278e+10
      128.100   9.9220208e+09
      128.150   8.8122054e+09
      128.200   7.8338823e+09
      128.250   7.0955680e+09
      128.300   6.6577798e+09
      128.350   6.4462645e+09
      128.400   6.3348005e+09
      128.450   6.2841950e+09
      128.500   6.3377435e+09
      128.550   6.6167125e+09
      128.600   7.2118102e+09
      128.650   8.1659261e+09
      128.700   9.3876403e+09
      128.750   1.0655854e+10
      128.800   1.1646039e+10
      128.850   1.2125065e+10
      128.900   1.2033116e+10
      128.950   1.1405532e+10
      129.000   1.0437368e+10
      129.050   9.3880681e+09
      129.100   8.4389499e+09
      129.150   7.7106242e+09
      129.200   7.3019332e+09
      129.250   7.2813772e+09
      129.300   7.6398138e+09
      129.350   8.3595063e+09
      129.400   9.3323946e+09
      129.450   1.0347401e+10
      129.500   1.1163739e+10
      129.550   1.1657073e+10
      129.600   1.1845023e+10
      129.650   1.1852497e+10
      129.700   1.1920034e+10
      129.750   1.2261995e+10
      129.800   1.2938022e+10
      129.850   1.4187616e+10
      129.900   1.7063617e+10
      129.950   2.3370409e+10
      130.000   3.4125995e+10
      130.050   4.8075332e+10
      130.100   6.2931064e+10
      130.150   7.6320265e+10
      130.200   8.6152022e+10
      130.250   9.2516582e+10
      130.300   2.0757809e+11
      130.350   2.2871017e+11
      130.400   2.5720719e+11
      130.450   2.8509842e+11
      130.500   3.0090311e+11
      130.550   1.4011793e+11
      130.600   1.2558439e+11
      130.650   1.0208883e+11
      130.700   7.6021252e+10
      130.750   5.3717402e+10
      130.800   3.8149867e+10
      130.850   2.9292390e+10
      130.900   2.5349033e+10
      130.950   2.3649064e+10
      131.000   2.2090570e+10
      131.050   2.0084267e+10
      131.100   1.7808691e+10
      131.150   1.5636821e+10
      131.200   1.3830922e+10
      131.250   1.2458168e+10
      131.300   1.1382658e+10
      131.350   1.0595530e+10
      131.400   1.0218891e+10
      131.450   1.0302848e+10
      131.500   1.0770793e+10
      131.550   1.1525164e+10
      131.600   1.2350518e+10
      131.650   1.2993872e+10
      131.700   1.3392290e+10
      131.750   1.3592429e+10
      131.800   1.3510383e+10
      131.850   1.3075031e+10
      131.900   1.2303679e+10
      131.950   1.1247234e+10
      132.000   1.0032122e+10
      132.050   8.9399063e+09
      132.100   8.2390350e+09
      132.150   8.0380409e+09
      132.200   8.2733311e+09
      132.250   8.7556888e+09
      132.300   9.2501649e+09
      132.350   9.5515563e+09
      132.400   9.5973476e+09
      132.450   9.4464672e+09
      132.500   9.2288179e+09
      132.550   9.0531642e+09
      132.600   9.0698453e+09
      132.650   9.4456250e+09
      132.700   1.0230089e+10
      132.750   1.1355916e+10
      132.800   1.2614131e+10
      132.850   1.3691945e+10
      132.900   1.4231325e+10
      132.950   1.4062296e+10
      133.000   1.3231630e+10
      133.050   1.2114675e+10
      133.100   1.2100712e+10
      133.150   1.7178321e+10
      133.200   3.2304945e+10
      133.250   6.1332484e+10
      133.300   1.0671105e+11
      133.350   1.6470056e+11
      133.400   4.9150193e+11
      133.450   5.8459385e+11
      133.500   6.1967785e+11
      133.550   5.8264560e+11
      133.600   4.8268974e+11
      133.650   1.5861292e+11
      133.700   1.0184686e+11
      133.750   5.7037310e+10
      133.800   2.8327666e+10
      133.850   1.4283142e+10
      133.900   9.5341438e+09
      133.950   8.5725843e+09
      134.000   8.4819739e+09
      134.050   8.5604282e+09
      134.100   8.7047193e+09
      134.150   8.8076951e+09
      134.200   8.8735300e+09
      134.250   8.8817066e+09
      134.300   8.8364182e+09
      134.350   8.8034988e+09
      134.400   8.8240102e+09
      134.450   8.8362883e+09
      134.500   8.8608640e+09
      134.550   8.9428447e+09
      134.600   9.0452461e+09
      134.650   9.1393504e+09
      134.700   9.2661358e+09
      134.750   9.4296487e+09
      134.800   9.6748558e+09
      134.850   1.0234809e+10
      134.900   1.1276699e+10
      134.950   1.2828454e+10
      135.000   1.4770890e+10
      135.050   1.6682909e+10
      135.100   1.7968722e+10
      135.150   1.8282490e+10
      135.200   1.7698981e+10
      135.250   1.6826674e+10
      135.300   1.6509156e+10
      135.350   1.7335994e+10
      135.400   1.9419507e+10
      135.450   2.2172193e+10
      135.500   2.4556362e+10
      135.550   2.5788241e+10
      135.600   2.5646064e+10
      135.650   2.4375372e+10
      135.700   2.2716313e+10
      135.750   2.1245393e+10
      135.800   2.0112348e+10
      135.850   1.9247812e+10
      135.900   1.8392187e+10
      135.950   1.7294469e+10
      136.000   1.6153273e+10
      136.050   1.4992932e+10
      136.100   1.3946878e+10
      136.150   1.3309916e+10
      136.200   1.3004732e+10
      136.250   1.3002594e+10
      136.300   1.3065012e+10
      136.350   1.3135432e+10
      136.400   1.2967946e+10
      136.450   1.2655566e+10
      136.500   1.2246824e+10
      136.550   1.1927025e+10
      136.600   1.1683969e+10
      136.650   1.1654279e+10
      136.700   1.1789417e+10
      136.750   1.2153428e+10
      136.800   1.2633545e+10
      136.850   1.3193477e+10
      136.900   1.3768917e+10
      136.950   1.4395935e+10
      137.000   1.4918140e+10
      137.050   1.5283601e+10
      137.100   1.5420462e+10
      137.150   1.5373078e+10
      137.200   1.5101709e+10
      137.250   1.4654659e+10
      137.300   1.4060155e+10
      137.350   1.3450235e+10
      137.400   1.2892798e+10
      137.450   1.2451625e+10
      137.500   1.2094640e+10
      137.550   1.1885514e+10
      137.600   1.1788169e+10
      137.650   1.1834309e+10
      137.700   1.1995862e+10
      137.750   1.2264701e+10
      137.800   1.2612829e+10
      137.850   1.3079890e+10
      137.900   1.3498810e+10
      137.950   1.3869665e+10
      138.000   1.4160761e+10
      138.050   1.4312691e+10
      138.100   1.4238400e+10
      138.150   1.4033355e+10
      138.200   1.3721521e+10
      138.250   1.3378297e+10
      138.300   1.3067065e+10
      138.350   1.2862959e+10
      138.400   1.2749999e+10
      138.450   1.2783399e+10
      138.500   1.2935290e+10
      138.550   1.3185755e+10
      138.600   1.3467552e+10
      138.650   1.3772742e+10
      138.700   1.4006655e+10
      138.750   1.4177275e+10
      138.800   1.4205905e+10
      138.850   1.4175435e+10
      138.900   1.4089890e+10
      138.950   1.4043762e+10
      139.000   1.4803718e+10
      139.050   1.8082088e+10
      139.100   2.5536829e+10
      139.150   3.7739050e+10
      139.200   5.3449626e+10
      139.250   6.9348990e+10
      139.300   8.1743681e+10
      139.350   8.7660577e+10
      139.400   8.5542328e+10
      139.450   7.5792087e+10
      139.500   6.1668695e+10
      139.550   4.6815824e+10
      139.600   3.3920171e+10
      139.650   2.4373822e+10
      139.700   1.8960827e+10
      139.750   1.7128702e+10
      139.800   1.7455950e+10
      139.850   1.8597924e+10
      139.900   9.5521248e+10
      139.950   1.1109654e+11
      140.000   1.3528364e+11
      140.050   1.6752787e+11
      140.100   2.0525397e+11
      140.150   5.1404981e+10
      140.200   5.6588005e+10
      140.250   5.8464022e+10
      140.300   5.6610741e+10
      140.350   5.1344068e+10
      140.400   4.4220562e+10
      140.450   3.6851952e+10
      140.500   3.0412792e+10
      140.550   2.5467244e+10
      140.600   2.2191219e+10
      140.650   2.0373333e+10
      140.700   1.9528000e+10
      140.750   1.9023675e+10
      140.800   1.8651206e+10
      140.850   1.8491508e+10
      140.900   1.8563565e+10
      140.950   1.8824604e+10
      141.000   1.9212643e+10
      141.050   1.9623426e+10
      141.100   2.0029947e+10
      141.150   2.0251227e+10
      141.200   2.0245199e+10
      141.250   2.0058361e+10
      141.300   1.9810176e+10
      141.350   1.9458456e+10
      141.400   1.9203105e+10
      141.450   1.9047828e+10
      141.500   1.9034687e+10
      141.550   1.9090596e+10
      141.600   1.9200117e+10
      141.650   1.9275034e+10
      141.700   1.9338383e+10
      141.750   1.9317441e+10
      141.800   1.9235289e+10
      141.850   1.9130266e+10
      141.900   1.9017689e+10
      141.950   1.8901397e+10
      142.000   1.8811945e+10
      142.050   1.8768377e+10
      142.100   1.8743922e+10
      142.150   1.8910146e+10
      142.200   1.9354437e+10
      142.250   2.0213527e+10
      142.300   2.1429691e+10
      142.350   2.2808306e+10
      142.400   2.4006771e+10
      142.450   2.4755406e+10
      142.500   2.4807857e+10
      142.550   2.4157554e+10
      142.600   2.3033315e+10
      142.650   2.1731825e+10
      142.700   2.0583317e+10
      142.750   1.9742994e+10
      142.800   1.9229345e+10
      142.850   1.9128998e+10
      142.900   1.9456478e+10
      142.950   2.0056041e+10
      143.000   2.0915934e+10
      143.050   2.2122708e+10
      143.100   2.3445400e+10
      143.150   2.4717690e+10
      143.200   2.5690566e+10
      143.250   2.6202252e+10
      143.300   2.6159176e+10
      143.350   2.5697822e+10
      143.400   2.4931805e+10
      143.450   2.4155245e+10
      143.500   2.3499858e+10
      143.550   2.3014360e+10
      143.600   2.2709776e+10
      143.650   2.2525721e+10
      143.700   2.2356863e+10
      143.750   2.2113090e+10
      143.800   2.1884557e+10
      143.850   2.1656242e+10
      143.900   2.1461875e+10
      143.950   2.1316397e+10
      144.000   2.1328322e+10
      144.050   2.1336484e+10
      144.100   2.1460593e+10
      144.150   2.1595786e+10
      144.200   2.1749526e+10
      144.250   2.1936720e+10
      144.300   2.2235722e+10
      144.350   2.2452326e+10
      144.400   2.2720921e+10
      144.450   2.2963149e+10
      144.500   2.3130610e+10
      144.550   2.3215966e+10
      144.600   2.3200729e+10
      144.650   2.3032960e+10
      144.700   2.2835602e+10
      144.750   2.2578966e+10
      144.800   2.2296571e+10
      144.850   2.2096136e+10
      144.900   2.1958978e+10
      144.950   2.1899847e+10
      145.000   2.1951990e+10
      145.050   2.2063365e+10
      145.100   2.2196844e+10
      145.150   2.2393112e+10
      145.200   2.2648381e+10
      145.250   2.3014336e+10
      145.300   2.3409491e+10
      145.350   2.3804242e+10
      145.400   2.4180127e+10
      145.450   2.4463357e+10
      145.500   2.4536020e+10
      145.550   2.4497984e+10
      145.600   2.4342045e+10
      145.650   2.4219402e+10
      145.700   2.4155780e+10
      145.750   2.4173174e+10
      145.800   2.4308237e+10
      145.850   2.4549767e+10
      145.900   2.4710207e+10
      145.950   2.4774996e+10
      146.000   2.4828698e+10
      146.050   2.4959384e+10
      146.100   2.5273283e+10
      146.150   2.5770116e+10
      146.200   2.6423974e+10
      146.250   2.7069844e+10
      146.300   2.7575988e+10
      146.350   2.7767038e+10
      146.400   2.7753145e+10
      146.450   2.7651555e+10
      146.500   2.7787466e+10
      146.550   2.8350346e+10
      146.600   2.9386989e+10
      146.650   3.0666924e+10
      146.700   3.1952858e+10
      146.750   3.2920529e+10
      146.800   3.3290023e+10
      146.850   3.3054957e+10
      146.900   3.2416319e+10
      146.950   3.1778310e+10
      147.000   3.1613370e+10
      147.050   3.2531014e+10
      147.100   3.4711134e+10
      147.150   3.7992166e+10
      147.200   4.1781279e+10
      147.250   4.5167821e+10
      147.300   4.7319056e+10
      147.350   4.7729843e+10
      147.400   4.6221832e+10
      147.450   4.3304401e+10
      147.500   3.9558223e+10
      147.550   3.5776045e+10
      147.600   3.2460029e+10
      147.650   3.0021067e+10
      147.700   2.8483107e+10
      147.750   2.7646411e+10
      147.800   2.7243150e+10
      147.850   2.7449226e+10
      147.900   2.8303330e+10
      147.950   2.9818892e+10
      148.000   3.2027281e+10
      148.050   3.4729675e+10
      148.100   3.7307131e+10
      148.150   3.9264093e+10
      148.200   4.0213727e+10
      148.250   3.9942228e+10
      148.300   3.8810137e+10
      148.350   3.7248965e+10
      148.400   3.5710851e+10
      148.450   3.4761639e+10
      148.500   3.4464869e+10
      148.550   3.4619192e+10
      148.600   3.4859174e+10
      148.650   3.4938057e+10
      148.700   3.4573871e+10
      148.750   3.3781564e+10
      148.800   3.2690269e+10
      148.850   3.1600066e+10
      148.900   3.0646426e+10
      148.950   3.0110660e+10
      149.000   2.9992133e+10
      149.050   3.0275969e+10
      149.100   3.0815680e+10
      149.150   3.1425957e+10
      149.200   3.1953854e+10
      149.250   3.2310680e+10
      149.300   3.2383073e+10
      149.350   3.2274381e+10
      149.400   3.2034539e+10
      149.450   3.1702752e+10
      149.500   3.1364203e+10
      149.550   3.1128697e+10
      149.600   3.0964220e+10
      149.650   3.0913115e+10
      149.700   3.0908026e+10
      149.750   3.1100870e+10
      149.800   3.1498409e+10
      149.850   3.2043833e+10
      149.900   3.2669859e+10
      149.950   3.3429282e+10
      150.000   3.4131511e+10
      150.050   3.4761097e+10
      150.100   3.5182341e+10
      150.150   3.5345057e+10
      150.200   3.5329890e+10
      150.250   3.5189505e+10
      150.300   3.4927105e+10
      150.350   3.4655989e+10
      150.400   3.4464990e+10
      150.450   3.4286841e+10
      150.500   3.4196284e+10
      150.550   3.4168959e+10
      150.600   3.4293859e+10
      150.650   3.4514237e+10
      150.700   3.4758975e+10
      150.750   3.5074483e+10
      150.800   3.5578866e+10
      150.850   3.6218731e+10
      150.900   3.7026567e+10
      150.950   3.7941745e+10
      151.000   3.8785281e+10
      151.050   3.9449553e+10
      151.100   3.9719219e+10
      151.150   3.9557758e+10
      151.200   3.9072303e+10
      151.250   3.8404612e+10
      151.300   3.7699538e+10
      151.350   3.7172510e+10
      151.400   3.6787960e+10
      151.450   3.6725745e+10
      151.500   3.6770306e+10
      151.550   3.6885990e+10
      151.600   3.7000708e+10
      151.650   3.7114510e+10
      151.700   3.7119679e+10
      151.750   3.7160490e+10
      151.800   3.7128528e+10
      151.850   3.7131723e+10
      151.900   3.7241980e+10
      151.950   3.7387437e+10
      152.000   3.7640127e+10
      152.050   3.7963855e+10
      152.100   3.8466777e+10
      152.150   3.9040755e+10
      152.200   3.9721902e+10
      152.250   4.0294136e+10
      152.300   4.1045232e+10
      152.350   4.2298992e+10
      152.400   4.4738275e+10
      152.450   4.8470511e+10
      152.500   5.3135127e+10
      152.550   5.7980764e+10
      152.600   6.1925603e+10
      152.650   6.3963397e+10
      152.700   6.3412988e+10
      152.750   6.0490895e+10
      152.800   5.6240291e+10
      152.850   5.1739523e+10
      152.900   4.7742264e+10
      152.950   4.5074284e+10
      153.000   4.4272830e+10
      153.050   4.5551375e+10
      153.100   4.8728808e+10
      153.150   5.3516617e+10
      153.200   5.9124963e+10
      153.250   6.4298737e+10
      153.300   6.7964112e+10
      153.350   6.9084098e+10
      153.400   6.7340453e+10
      153.450   6.3558002e+10
      153.500   5.9063139e+10
      153.550   5.4781422e+10
      153.600   5.1432011e+10
      153.650   4.9334901e+10
      153.700   4.8202497e+10
      153.750   4.7641200e+10
      153.800   4.7329047e+10
      153.850   4.7266096e+10
      153.900   4.7772464e+10
      153.950   4.8775188e+10
      154.000   4.9953645e+10
      154.050   5.0988194e+10
      154.100   5.1523467e+10
      154.150   5.1170419e+10
      154.200   5.0143069e+10
      154.250   4.8903862e+10
      154.300   4.7842995e+10
      154.350   4.7171956e+10
      154.400   4.7137988e+10
      154.450   4.8339934e+10
      154.500   5.3388656e+10
      154.550   6.5733213e+10
      154.600   8.5003665e+10
      154.650   1.0910518e+11
      154.700   1.3513921e+11
      154.750   1.5817605e+11
      154.800   1.7396950e+11
      154.850   1.8109532e+11
      154.900   1.4788348e+12
      154.950   1.4001828e+12
      155.000   1.2920877e+12
      155.050   1.1641273e+12
      155.100   1.0250187e+12
      155.150   1.0690528e+11
      155.200   9.1590882e+10
      155.250   7.7210165e+10
      155.300   6.4665945e+10
      155.350   5.4998834e+10
      155.400   4.9348245e+10
      155.450   4.7286633e+10
      155.500   4.7171677e+10
      155.550   4.7852502e+10
      155.600   4.9501847e+10
      155.650   5.2392927e+10
      155.700   5.6728765e+10
      155.750   6.3023933e+10
      155.800   7.1478023e+10
      155.850   8.1705742e+10
      155.900   9.2358781e+10
      155.950   1.0154248e+11
      156.000   1.0757991e+11
      156.050   1.0914268e+11
      156.100   1.0586798e+11
      156.150   9.8627984e+10
      156.200   8.9249573e+10
      156.250   7.9618348e+10
      156.300   7.1270377e+10
      156.350   6.4713371e+10
      156.400   6.0348500e+10
      156.450   5.7897796e+10
      156.500   5.6810361e+10
      156.550   5.6679311e+10
      156.600   5.7123848e+10
      156.650   5.8074624e+10
      156.700   5.9563715e+10
      156.750   6.1420442e+10
      156.800   6.3474537e+10
      156.850   6.5489788e+10
      156.900   6.7062134e+10
      156.950   6.8059366e+10
      157.000   6.8079569e+10
      157.050   6.7395512e+10
      157.100   6.6343896e+10
      157.150   6.5695774e+10
      157.200   6.6151316e+10
      157.250   6.7939773e+10
      157.300   7.0623337e+10
      157.350   7.3466382e+10
      157.400   7.5536927e+10
      157.450   7.5808810e+10
      157.500   7.4122458e+10
      157.550   7.0844326e+10
      157.600   6.6713301e+10
      157.650   6.2494227e+10
      157.700   5.8945514e+10
      157.750   5.6460161e+10
      157.800   5.5231239e+10
      157.850   5.5122200e+10
      157.900   5.5930951e+10
      157.950   5.7032198e+10
      158.000   5.7999129e+10
      158.050   5.8537583e+10
      158.100   5.8324211e+10
      158.150   5.7524369e+10
      158.200   5.6563798e+10
      158.250   5.6059976e+10
      158.300   5.6271104e+10
      158.350   5.7031454e+10
      158.400   5.8209634e+10
      158.450   5.9350968e+10
      158.500   6.0199118e+10
      158.550   6.0850563e+10
      158.600   6.1435782e+10
      158.650   6.2082300e+10
      158.700   6.2951266e+10
      158.750   6.3752841e+10
      158.800   6.4232052e+10
      158.850   6.4198482e+10
      158.900   6.3558884e+10
      158.950   6.2380489e+10
      159.000   6.1141393e+10
      159.050   6.0032986e+10
      159.100   5.9306815e+10
      159.150   5.9088384e+10
      159.200   5.9532775e+10
      159.250   6.0291420e+10
      159.300   6.1235340e+10
      159.350   6.2081302e+10
      159.400   6.2579171e+10
      159.450   6.2480517e+10
      159.500   6.1630531e+10
      159.550   6.0127211e+10
      159.600   5.8379008e+10
      159.650   5.6666818e+10
      159.700   5.5177320e+10
      159.750   5.4219258e+10
      159.800   5.3914721e+10
      159.850   5.4228095e+10
      159.900   5.5066032e+10
      159.950   5.6670178e+10
      160.000   5.8792596e+10
      160.050   6.1243880e+10
      160.100   6.3657394e+10
      160.150   6.5602982e+10
      160.200   6.6716142e+10
      160.250   6.6726400e+10
      160.300   6.5761597e+10
      160.350   6.4161145e+10
      160.400   6.2353724e+10
      160.450   6.0671939e+10
      160.500   5.9600657e+10
      160.550   5.9287166e+10
      160.600   5.9879433e+10
      160.650   6.1131116e+10
      160.700   6.2737359e+10
      160.750   6.4368690e+10
      160.800   6.6053473e+10
      160.850   6.7552762e+10
      160.900   6.8927179e+10
      160.950   7.0295421e+10
      161.000   7.1956439e+10
      161.050   7.3848214e+10
      161.100   7.6118197e+10
      161.150   7.8379234e+10
      161.200   8.0189080e+10
      161.250   8.1077883e+10
      161.300   8.0756983e+10
      161.350   7.8967239e+10
      161.400   7.6042204e+10
      161.450   7.2745653e+10
      161.500   6.9576873e+10
      161.550   6.7117809e+10
      161.600   6.5832620e+10
      161.650   6.5684796e+10
      161.700   6.6319677e+10
      161.750   6.7385645e+10
      161.800   6.8330744e+10
      161.850   6.9128493e+10
      161.900   6.9952427e+10
      161.950   7.0944928e+10
      162.000   7.2361911e+10
      162.050   7.4404448e+10
      162.100   7.6580763e+10
      162.150   7.8465525e+10
      162.200   7.9970263e+10
      162.250   8.0900785e+10
      162.300   8.1402082e+10
      162.350   8.1731397e+10
      162.400   8.2059194e+10
      162.450   8.2637894e+10
      162.500   8.3158568e+10
      162.550   8.3317549e+10
      162.600   8.2998208e+10
      162.650   8.2259878e+10
      162.700   8.1327709e+10
      162.750   8.0483191e+10
      162.800   7.9835805e+10
      162.850   7.9356676e+10
      162.900   7.9017159e+10
      162.950   7.8678771e+10
      163.000   7.8535723e+10
      163.050   7.8639249e+10
      163.100   7.9514922e+10
      163.150   8.1237275e+10
      163.200   8.3146027e+10
      163.250   8.4827743e+10
      163.300   8.5875969e+10
      163.350   8.5635208e+10
      163.400   8.4332082e+10
      163.450   8.2762616e+10
      163.500   8.1170943e+10
      163.550   8.0314062e+10
      163.600   8.0407354e+10
      163.650   8.1416163e+10
      163.700   8.3820893e+10
      163.750   8.8234450e+10
      163.800   9.4212800e+10
      163.850   1.0123987e+11
      163.900   2.4384623e+12
      163.950   2.5751521e+12
      164.000   2.6463380e+12
      164.050   2.6381165e+12
      164.100   2.5594459e+12
      164.150   1.0689741e+11
      164.200   1.0058869e+11
      164.250   9.5279928e+10
      164.300   9.1385763e+10
      164.350   8.8951693e+10
      164.400   8.7521717e+10
      164.450   8.5836312e+10
      164.500   8.3738396e+10
      164.550   8.1651771e+10
      164.600   7.9960901e+10
      164.650   7.9003878e+10
      164.700   7.8932987e+10
      164.750   7.9197200e+10
      164.800   7.9512104e+10
      164.850   7.9593825e+10
      164.900   7.9185475e+10
      164.950   7.8289851e+10
      165.000   7.7089213e+10
      165.050   7.5766088e+10
      165.100   7.4907769e+10
      165.150   7.4943318e+10
      165.200   7.5893893e+10
      165.250   7.8009031e+10
      165.300   8.1941949e+10
      165.350   8.8893858e+10
      165.400   1.0003481e+11
      165.450   1.1637494e+11
      165.500   1.3808577e+11
      165.550   1.6327966e+11
      165.600   6.1166398e+11
      165.650   6.7911695e+11
      165.700   7.1752823e+11
      165.750   7.1896708e+11
      165.800   6.8413361e+11
      165.850   1.8882841e+11
      165.900   1.6473544e+11
      165.950   1.4123629e+11
      166.000   1.2167783e+11
      166.050   1.0755611e+11
      166.100   9.8842945e+10
      166.150   9.4425911e+10
      166.200   9.2421493e+10
      166.250   9.1495915e+10
      166.300   9.1012145e+10
      166.350   9.0649605e+10
      166.400   9.0169612e+10
      166.450   8.9908140e+10
      166.500   8.9839689e+10
      166.550   8.9669981e+10
      166.600   8.9407083e+10
      166.650   8.8928454e+10
      166.700   8.8285531e+10
      166.750   8.8571851e+10
      166.800   9.1001463e+10
      166.850   9.5820964e+10
      166.900   1.0258814e+11
      166.950   1.1015059e+11
      167.000   1.1647756e+11
      167.050   1.1987938e+11
      167.100   1.1948141e+11
      167.150   1.1572744e+11
      167.200   1.1020780e+11
      167.250   1.0473845e+11
      167.300   1.0047692e+11
      167.350   9.7976014e+10
      167.400   9.7087268e+10
      167.450   9.7084209e+10
      167.500   9.7032989e+10
      167.550   9.6428794e+10
      167.600   9.5457901e+10
      167.650   9.4626821e+10
      167.700   9.4122718e+10
      167.750   9.3933976e+10
      167.800   9.4134728e+10
      167.850   9.4791233e+10
      167.900   9.5674994e+10
      167.950   9.6622648e+10
      168.000   9.7453230e+10
      168.050   9.7891120e+10
      168.100   9.7921337e+10
      168.150   9.7454600e+10
      168.200   9.6629248e+10
      168.250   9.5985034e+10
      168.300   9.6127435e+10
      168.350   9.7593782e+10
      168.400   1.0055522e+11
      168.450   1.0477536e+11
      168.500   1.0960011e+11
      168.550   1.1419604e+11
      168.600   1.1775064e+11
      168.650   1.1980865e+11
      168.700   1.2030470e+11
      168.750   1.1974401e+11
      168.800   1.1878656e+11
      168.850   1.1829473e+11
      168.900   1.1865831e+11
      168.950   1.1991732e+11
      169.000   1.2191167e+11
      169.050   1.2409225e+11
      169.100   1.2580783e+11
      169.150   1.2707926e+11
      169.200   1.2821979e+11
      169.250   1.2926402e+11
      169.300   1.3035132e+11
      169.350   1.3166527e+11
      169.400   1.3338187e+11
      169.450   1.3547716e+11
      169.500   1.3770761e+11
      169.550   1.3984213e+11
      169.600   1.4181705e+11
      169.650   1.4333392e+11
      169.700   1.4431757e+11
      169.750   1.4449008e+11
      169.800   1.4411413e+11
      169.850   1.4390884e+11
      169.900   1.4451720e+11
      169.950   1.4611047e+11
      170.000   1.4899366e+11
      170.050   1.5296221e+11
      170.100   1.5685798e+11
      170.150   1.5945230e+11
      170.200   1.6029503e+11
      170.250   1.5926552e+11
      170.300   1.5661973e+11
      170.350   1.5301093e+11
      170.400   1.4940816e+11
      170.450   1.4633075e+11
      170.500   1.4427236e+11
      170.550   1.4350399e+11
      170.600   1.4411931e+11
      170.650   1.4590267e+11
      170.700   1.4860990e+11
      170.750   1.5188170e+11
      170.800   1.5529284e+11
      170.850   1.5811940e+11
      170.900   1.5948739e+11
      170.950   1.5924175e+11
      171.000   1.5767150e+11
      171.050   1.5521174e+11
      171.100   1.5216341e+11
      171.150   1.4921091e+11
      171.200   1.4660787e+11
      171.250   1.4437790e+11
      171.300   1.4247679e+11
      171.350   1.4108515e+11
      171.400   1.4056418e+11
      171.450   1.4131592e+11
      171.500   1.4359724e+11
      171.550   1.4723173e+11
      171.600   1.5156778e+11
      171.650   1.5579104e+11
      171.700   1.5932998e+11
      171.750   1.6137738e+11
      171.800   1.6214485e+11
      171.850   1.6239079e+11
      171.900   1.6233382e+11
      171.950   1.6211961e+11
      172.000   1.6176597e+11
      172.050   1.6079725e+11
      172.100   1.5895083e+11
      172.150   1.5643548e+11
      172.200   1.5389923e+11
      172.250   1.5234828e+11
      172.300   1.5232645e+11
      172.350   1.5393425e+11
      172.400   1.5688284e+11
      172.450   1.6038898e+11
      172.500   1.6362710e+11
      172.550   1.6583006e+11
      172.600   1.6664255e+11
      172.650   1.6627684e+11
      172.700   1.6477995e+11
      172.750   1.6199387e+11
      172.800   1.5830300e+11
      172.850   1.5420686e+11
      172.900   1.5006489e+11
      172.950   1.4642142e+11
      173.000   1.4394122e+11
      173.050   1.4300989e+11
      173.100   1.4349274e+11
      173.150   1.4507068e+11
      173.200   1.4726745e+11
      173.250   1.4959131e+11
      173.300   1.5170560e+11
      173.350   1.5353823e+11
      173.400   1.5504145e+11
      173.450   1.5622583e+11
      173.500   1.5723803e+11
      173.550   1.5811257e+11
      173.600   1.5885247e+11
      173.650   1.5966327e+11
      173.700   1.6055756e+11
      173.750   1.6159963e+11
      173.800   1.6279940e+11
      173.850   1.6436088e+11
      173.900   1.6638208e+11
      173.950   1.6884535e+11
      174.000   1.7178816e+11
      174.050   1.7524231e+11
      174.100   1.7888560e+11
      174.150   1.8236936e+11
      174.200   1.8563638e+11
      174.250   1.8844114e+11
      174.300   1.9056813e+11
      174.350   1.9226753e+11
      174.400   1.9326603e+11
      174.450   1.9331085e+11
      174.500   1.9258885e+11
      174.550   1.9086437e+11
      174.600   1.8833311e+11
      174.650   1.8545094e+11
      174.700   1.8278017e+11
      174.750   1.8102014e+11
      174.800   1.8074619e+11
      174.850   1.8222518e+11
      174.900   1.8538356e+11
      174.950   1.8976236e+11
      175.000   1.9486941e+11
      175.050   1.9978059e+11
      175.100   2.0393069e+11
      175.150   2.0731538e+11
      175.200   2.0994011e+11
      175.250   2.1275098e+11
      175.300   2.1537172e+11
      175.350   2.1835922e+11
      175.400   2.2134069e+11
      175.450   2.2412878e+11
      175.500   2.2616964e+11
      175.550   2.2756434e+11
      175.600   2.2858745e+11
      175.650   2.2904496e+11
      175.700   2.2968902e+11
      175.750   2.3052676e+11
      175.800   2.3173732e+11
      175.850   2.3312969e+11
      175.900   2.3489399e+11
      175.950   2.3684720e+11
      176.000   2.3861231e+11
      176.050   2.4000329e+11
      176.100   2.4027950e+11
      176.150   2.3943831e+11
      176.200   2.3729120e+11
      176.250   2.3403349e+11
      176.300   2.2966266e+11
      176.350   2.2492722e+11
      176.400   2.2056345e+11
      176.450   2.1806419e+11
      176.500   2.1835192e+11
      176.550   2.2148022e+11
      176.600   2.2794137e+11
      176.650   2.3605230e+11
      176.700   2.4396226e+11
      176.750   2.5019744e+11
      176.800   2.5439375e+11
      176.850   2.5691768e+11
      176.900   2.5906356e+11
      176.950   2.6213374e+11
      177.000   2.6740025e+11
      177.050   2.7541671e+11
      177.100   2.8544130e+11
      177.150   2.9580889e+11
      177.200   3.0432923e+11
      177.250   3.0861300e+11
      177.300   3.0723407e+11
      177.350   3.0054879e+11
      177.400   2.8949483e+11
      177.450   2.7628651e+11
      177.500   2.6436833e+11
      177.550   2.5528653e+11
      177.600   2.5076500e+11
      177.650   2.5115104e+11
      177.700   2.5572487e+11
      177.750   2.6338531e+11
      177.800   2.7321057e+11
      177.850   2.8357278e+11
      177.900   2.9301122e+11
      177.950   3.0080720e+11
      178.000   3.0515769e+11
      178.050   3.0642596e+11
      178.100   3.0516016e+11
      178.150   3.0208779e+11
      178.200   2.9883826e+11
      178.250   2.9668068e+11
      178.300   2.9633013e+11
      178.350   2.9778347e+11
      178.400   3.0031158e+11
      178.450   3.0302670e+11
      178.500   3.0555356e+11
      178.550   3.0665441e+11
      178.600   3.0703844e+11
      178.650   3.0687240e+11
      178.700   3.0779157e+11
      178.750   3.0942928e+11
      178.800   3.1248338e+11
      178.850   3.1679095e+11
      178.900   3.2143479e+11
      178.950   3.2553798e+11
      179.000   3.2785589e+11
      179.050   3.2768285e+11
      179.100   3.2411154e+11
      179.150   3.1719612e+11
      179.200   3.0798464e+11
      179.250   2.9791184e+11
      179.300   2.8873024e+11
      179.350   2.8187061e+11
      179.400   2.7839783e+11
      179.450   2.7791585e+11
      179.500   2.7990028e+11
      179.550   2.8324858e+11
      179.600   2.8713502e+11
      179.650   2.9067439e+11
      179.700   2.9350952e+11
      179.750   2.9685891e+11
      179.800   3.0057084e+11
      179.850   3.0516414e+11
      179.900   3.1029683e+11
      179.950   3.1541472e+11
      180.000   3.2141945e+11
      180.050   3.2602040e+11
      180.100   3.2956462e+11
      180.150   3.3187563e+11
      180.200   3.3312954e+11
      180.250   3.3367310e+11
      180.300   3.3405171e+11
      180.350   3.3566446e+11
      180.400   3.3832435e+11
      180.450   3.4187181e+11
      180.500   3.4612520e+11
      180.550   3.5323812e+11
      180.600   3.6597303e+11
      180.650   3.8682014e+11
      180.700   4.1310635e+11
      180.750   4.3567862e+11
      180.800   4.4415067e+11
      180.850   4.3748153e+11
      180.900   4.2117341e+11
      180.950   4.0116991e+11
      181.000   3.8188877e+11
      181.050   3.6505523e+11
      181.100   3.5282351e+11
      181.150   3.4552094e+11
      181.200   3.4119521e+11
      181.250   3.3704232e+11
      181.300   3.3272230e+11
      181.350   3.3033928e+11
      181.400   3.3708355e+11
      181.450   3.6148789e+11
      181.500   4.0955386e+11
      181.550   4.7732060e+11
      181.600   5.5098109e+11
      181.650   6.1181840e+11
      181.700   6.4582783e+11
      181.750   6.4467209e+11
      181.800   6.1015460e+11
      181.850   5.5401759e+11
      181.900   4.9249742e+11
      181.950   4.3871626e+11
      182.000   4.0085388e+11
      182.050   3.8273244e+11
      182.100   3.8344941e+11
      182.150   3.9494813e+11
      182.200   4.0993945e+11
      182.250   4.2422220e+11
      182.300   4.3640523e+11
      182.350   4.4509231e+11
      182.400   4.4873012e+11
      182.450   4.4628951e+11
      182.500   4.3758985e+11
      182.550   4.2428034e+11
      182.600   4.1082809e+11
      182.650   4.0101358e+11
      182.700   3.9538336e+11
      182.750   3.9356932e+11
      182.800   3.9452583e+11
      182.850   3.9703061e+11
      182.900   4.0023608e+11
      182.950   4.0290577e+11
      183.000   4.0557163e+11
      183.050   4.0893016e+11
      183.100   4.1332497e+11
      183.150   4.1820986e+11
      183.200   4.2292955e+11
      183.250   4.2764280e+11
      183.300   4.3270044e+11
      183.350   4.3876758e+11
      183.400   4.4397518e+11
      183.450   4.4693780e+11
      183.500   4.4595994e+11
      183.550   4.4240919e+11
      183.600   4.3885316e+11
      183.650   4.3786153e+11
      183.700   4.3978184e+11
      183.750   4.4273556e+11
      183.800   4.4552377e+11
      183.850   4.4556538e+11
      183.900   4.4046785e+11
      183.950   4.2887531e+11
      184.000   4.1354279e+11
      184.050   3.9752840e+11
      184.100   3.8373813e+11
      184.150   3.7559886e+11
      184.200   3.7548994e+11
      184.250   3.8203855e+11
      184.300   3.9062484e+11
      184.350   3.9545915e+11
      184.400   3.9584305e+11
      184.450   3.9266595e+11
      184.500   3.8709137e+11
      184.550   3.7825952e+11
      184.600   3.6672486e+11
      184.650   3.5365437e+11
      184.700   3.4232188e+11
      184.750   3.3660918e+11
      184.800   3.3768967e+11
      184.850   3.4402135e+11
      184.900   3.5270103e+11
      184.950   3.6103303e+11
      185.000   3.6513055e+11
      185.050   3.6245858e+11
      185.100   3.5523419e+11
      185.150   3.4903304e+11
      185.200   3.4941819e+11
      185.250   3.5922297e+11
      185.300   3.7793107e+11
      185.350   4.0415647e+11
      185.400   4.3370126e+11
      185.450   4.6016797e+11
      185.500   4.7822335e+11
      185.550   4.8671107e+11
      185.600   4.8613115e+11
      185.650   4.7821873e+11
      185.700   4.6613353e+11
      185.750   4.5306581e+11
      185.800   4.4199824e+11
      185.850   4.3397056e+11
      185.900   4.2912640e+11
      185.950   4.2760295e+11
      186.000   4.2889315e+11
      186.050   4.3268634e+11
      186.100   4.3814687e+11
      186.150   4.4475129e+11
      186.200   4.5199947e+11
      186.250   4.5854940e+11
      186.300   4.6181017e+11
      186.350   4.6076017e+11
      186.400   4.5642404e+11
      186.450   4.5123130e+11
      186.500   4.4722375e+11
      186.550   4.4848755e+11
      186.600   4.5781955e+11
      186.650   4.7585811e+11
      186.700   4.9766206e+11
      186.750   5.1747932e+11
      186.800   5.3199959e+11
      186.850   5.4257131e+11
      186.900   5.5131677e+11
      186.950   5.5859491e+11
      187.000   5.6355047e+11
      187.050   5.6556887e+11
      187.100   5.6493494e+11
      187.150   5.6202787e+11
      187.200   5.5797769e+11
      187.250   5.5344070e+11
      187.300   5.5017908e+11
      187.350   5.4908222e+11
      187.400   5.4913905e+11
      187.450   5.4802499e+11
      187.500   5.4546193e+11
      187.550   5.4184560e+11
      187.600   5.3840559e+11
      187.650   5.3531345e+11
      187.700   5.3236945e+11
      187.750   5.2894091e+11
      187.800   5.2551635e+11
      187.850   5.2224929e+11
      187.900   5.1917490e+11
      187.950   5.1590665e+11
      188.000   5.1202003e+11
      188.050   5.0812056e+11
      188.100   5.0699568e+11
      188.150   5.1182485e+11
      188.200   5.2379742e+11
      188.250   5.4090820e+11
      188.300   5.5847118e+11
      188.350   5.7264031e+11
      188.400   5.8290996e+11
      188.450   5.8880382e+11
      188.500   5.9131658e+11
      188.550   5.9148809e+11
      188.600   5.9020088e+11
      188.650   5.8874400e+11
      188.700   5.8794147e+11
      188.750   5.8746096e+11
      188.800   5.8811458e+11
      188.850   5.9148520e+11
      188.900   5.9900147e+11
      188.950   6.1085727e+11
      189.000   6.2590394e+11
      189.050   6.4156352e+11
      189.100   6.5512501e+11
      189.150   6.6402165e+11
      189.200   6.6700512e+11
      189.250   6.6566057e+11
      189.300   6.6289179e+11
      189.350   6.6012565e+11
      189.400   6.5734010e+11
      189.450   6.5393126e+11
      189.500   6.4926272e+11
      189.550   6.4378449e+11
      189.600   6.3751699e+11
      189.650   6.2887135e+11
      189.700   6.1594518e+11
      189.750   5.9890470e+11
      189.800   5.8237039e+11
      189.850   5.7107990e+11
      189.900   5.6835411e+11
      189.950   5.7181050e+11
      190.000   5.7717236e+11
      190.050   5.8172652e+11
      190.100   5.8689746e+11
      190.150   5.9490643e+11
      190.200   6.0671692e+11
      190.250   6.2102822e+11
      190.300   6.3609993e+11
      190.350   6.5003756e+11
      190.400   6.5987171e+11
      190.450   6.6340585e+11
      190.500   6.6076426e+11
      190.550   6.5573596e+11
      190.600   6.5293657e+11
      190.650   6.5418990e+11
      190.700   6.5984597e+11
      190.750   6.6924537e+11
      190.800   6.7958256e+11
      190.850   6.8724264e+11
      190.900   6.8969251e+11
      190.950   6.8638841e+11
      191.000   6.7776480e+11
      191.050   6.6664373e+11
      191.100   6.5741100e+11
      191.150   6.5425984e+11
      191.200   6.5831205e+11
      191.250   6.6605986e+11
      191.300   6.7349591e+11
      191.350   6.7949824e+11
      191.400   6.8814233e+11
      191.450   7.0221633e+11
      191.500   7.1903523e+11
      191.550   7.3146070e+11
      191.600   7.3410273e+11
      191.650   7.2774748e+11
      191.700   7.1784947e+11
      191.750   7.0826939e+11
      191.800   7.0318312e+11
      191.850   7.0488023e+11
      191.900   7.1448231e+11
      191.950   7.2976745e+11
      192.000   7.4690507e+11
      192.050   7.6231737e+11
      192.100   7.7230323e+11
      192.150   7.7353013e+11
      192.200   7.6639265e+11
      192.250   7.5496106e+11
      192.300   7.4413013e+11
      192.350   7.3547718e+11
      192.400   7.2899884e+11
      192.450   7.2419353e+11
      192.500   7.2059787e+11
      192.550   7.1768442e+11
      192.600   7.1537676e+11
      192.650   7.1446429e+11
      192.700   7.1627353e+11
      192.750   7.2023342e+11
      192.800   7.1976359e+11
      192.850   7.0873983e+11
      192.900   6.8475990e+11
      192.950   6.5072262e+11
      193.000   6.1129464e+11
      193.050   5.7145922e+11
      193.100   5.3777977e+11
      193.150   5.1511042e+11
      193.200   5.0446603e+11
      193.250   5.0324428e+11
      193.300   5.0837965e+11
      193.350   5.1442200e+11
      193.400   5.1558601e+11
      193.450   5.0816083e+11
      193.500   4.9560748e+11
      193.550   4.8330629e+11
      193.600   4.7750277e+11
      193.650   4.8332199e+11
      193.700   5.0637154e+11
      193.750   5.4688617e+11
      193.800   5.9699511e+11
      193.850   6.4668081e+11
      193.900   6.9041418e+11
      193.950   7.2745163e+11
      194.000   7.6033653e+11
      194.050   7.9042037e+11
      194.100   8.2106258e+11
      194.150   8.5366010e+11
      194.200   8.8469523e+11
      194.250   9.0803814e+11
      194.300   9.1938751e+11
      194.350   9.1817675e+11
      194.400   9.0712477e+11
      194.450   8.9048855e+11
      194.500   8.7329666e+11
      194.550   8.6159021e+11
      194.600   8.5807356e+11
      194.650   8.6437496e+11
      194.700   8.8058131e+11
      194.750   9.0301250e+11
      194.800   9.2264207e+11
      194.850   9.3100024e+11
      194.900   9.2551956e+11
      194.950   9.0868213e+11
      195.000   8.8363608e+11
      195.050   8.5559585e+11
      195.100   8.2888767e+11
      195.150   8.0858862e+11
      195.200   7.9834830e+11
      195.250   8.0036008e+11
      195.300   8.1420749e+11
      195.350   8.3377242e+11
      195.400   8.4937753e+11
      195.450   8.5636591e+11
      195.500   8.5713311e+11
      195.550   8.5688862e+11
      195.600   8.5818796e+11
      195.650   8.6005357e+11
      195.700   8.5949905e+11
      195.750   8.5777204e+11
      195.800   8.5805703e+11
      195.850   8.6301865e+11
      195.900   8.6966960e+11
      195.950   8.7215478e+11
      196.000   8.6672673e+11
      196.050   8.5450371e+11
      196.100   8.3947086e+11
      196.150   8.2601487e+11
      196.200   8.1854116e+11
      196.250   8.1979560e+11
      196.300   8.3142756e+11
      196.350   8.5186436e+11
      196.400   8.7895104e+11
      196.450   9.0915994e+11
      196.500   9.3889245e+11
      196.550   9.6489362e+11
      196.600   9.8536684e+11
      196.650   1.0004909e+12
      196.700   1.0105496e+12
      196.750   1.0170361e+12
      196.800   1.0190742e+12
      196.850   1.0168137e+12
      196.900   1.0092607e+12
      196.950   9.9622429e+11
      197.000   9.7780359e+11
      197.050   9.5896660e+11
      197.100   9.4461115e+11
      197.150   9.3781088e+11
      197.200   9.3503249e+11
      197.250   9.3213804e+11
      197.300   9.2687909e+11
      197.350   9.2108050e+11
      197.400   9.1635733e+11
      197.450   9.1236085e+11
      197.500   9.0835518e+11
      197.550   9.0382584e+11
      197.600   8.9843693e+11
      197.650   8.9337576e+11
      197.700   8.9006659e+11
      197.750   8.8785326e+11
      197.800   8.8522031e+11
      197.850   8.8138714e+11
      197.900   8.7983477e+11
      197.950   8.8481083e+11
      198.000   8.9757567e+11
      198.050   9.1434832e+11
      198.100   9.3053091e+11
      198.150   9.4245968e+11
      198.200   9.4847413e+11
      198.250   9.4652110e+11
      198.300   9.3800875e+11
      198.350   9.2774758e+11
      198.400   9.1983384e+11
      198.450   9.1319124e+11
      198.500   9.0390784e+11
      198.550   8.8798361e+11
      198.600   8.6693076e+11
      198.650   8.4639598e+11
      198.700   8.3053914e+11
      198.750   8.2129669e+11
      198.800   8.1782740e+11
      198.850   8.1890271e+11
      198.900   8.2360775e+11
      198.950   8.3051253e+11
      199.000   8.3889122e+11
      199.050   8.5157429e+11
      199.100   8.7015012e+11
      199.150   8.9438571e+11
      199.200   9.2026694e+11
      199.250   9.4347008e+11
      199.300   9.6093532e+11
      199.350   9.7095555e+11
      199.400   9.7150195e+11
      199.450   9.6389148e+11
      199.500   9.5078943e+11
      199.550   9.3592939e+11
      199.600   9.2252302e+11
      199.650   9.1257920e+11
      199.700   9.0799863e+11
      199.750   9.0912939e+11
      199.800   9.1465751e+11
      199.850   9.2242881e+11
      199.900   9.2939141e+11
      199.950   9.3217493e+11
      200.000   9.3051934e+11
      200.050   9.2952438e+11
      200.100   9.3445319e+11
      200.150   9.4577917e+11
      200.225   9.5975297e+11
      200.275   9.6433196e+11
      200.325   9.6828536e+11
      200.375   9.6882934e+11
      200.425   9.6311768e+11
      200.475   9.5812579e+11
      200.525   9.6374493e+11
      200.575   9.7858229e+11
      200.625   9.8801503e+11
      200.675   9.8700317e+11
      200.725   9.7668660e+11
      200.775   9.6802125e+11
      200.825   9.6859648e+11
      200.875   9.7457038e+11
      200.925   9.8282511e+11
      200.975   9.9162386e+11
      201.025   9.9505455e+11
      201.075   9.8832510e+11
      201.125   9.7689493e+11
      201.175   9.7555760e+11
      201.225   9.9219840e+11
      201.275   1.0142954e+12
      201.325   1.0275657e+12
      201.375   1.0298593e+12
      201.425   1.0213458e+12
      201.475   1.0098349e+12
      201.525   1.0045736e+12
      201.575   1.0023468e+12
      201.625   1.0025650e+12
      201.675   1.0121092e+12
      201.725   1.0290333e+12
      201.775   1.0429294e+12
      201.825   1.0501774e+12
      201.875   1.0468803e+12
      201.925   1.0354179e+12
      201.975   1.0277109e+12
      202.025   1.0243297e+12
      202.075   1.0185057e+12
      202.125   1.0060146e+12
      202.175   9.8867396e+11
      202.225   9.7800368e+11
      202.275   9.8356004e+11
      202.325   1.0013345e+12
      202.375   1.0143176e+12
      202.425   1.0107443e+12
      202.475   9.9321064e+11
      202.525   9.6350714e+11
      202.575   9.2614195e+11
      202.625   9.0202339e+11
      202.675   9.0712107e+11
      202.725   9.3989243e+11
      202.775   9.8606631e+11
      202.825   1.0164018e+12
      202.875   1.0255672e+12
      202.925   1.0267253e+12
      202.975   1.0271156e+12
      203.025   1.0354391e+12
      203.075   1.0519732e+12
      203.125   1.0693978e+12
      203.175   1.0811554e+12
      203.225   1.0790527e+12
      203.275   1.0608135e+12
      203.325   1.0337220e+12
      203.375   1.0092022e+12
      203.425   9.9559016e+11
      203.475   9.9678989e+11
      203.525   1.0126268e+12
      203.575   1.0356297e+12
      203.625   1.0555119e+12
      203.675   1.0638486e+12
      203.725   1.0601903e+12
      203.775   1.0521403e+12
      203.825   1.0400298e+12
      203.875   1.0307071e+12
      203.925   1.0185586e+12
      203.975   1.0152690e+12
      204.025   1.0243104e+12
      204.075   1.0477598e+12
      204.125   1.0754683e+12
      204.175   1.0991497e+12
      204.225   1.1170865e+12
      204.275   1.1275336e+12
      204.325   1.1245981e+12
      204.375   1.1103662e+12
      204.425   1.0945933e+12
      204.475   1.0866942e+12
      204.525   1.0935777e+12
      204.575   1.1125450e+12
      204.625   1.1291760e+12
      204.675   1.1303804e+12
      204.725   1.1156979e+12
      204.775   1.0963075e+12
      204.825   1.0871741e+12
      204.875   1.0911317e+12
      204.925   1.0962621e+12
      204.975   1.0968303e+12
      205.025   1.1002981e+12
      205.075   1.1049099e+12
      205.125   1.1045097e+12
      205.175   1.1019697e+12
      205.225   1.1035720e+12
      205.275   1.1087053e+12
      205.325   1.1119975e+12
      205.375   1.1092917e+12
      205.425   1.0980275e+12
      205.475   1.0814164e+12
      205.525   1.0629185e+12
      205.575   1.0449885e+12
      205.625   1.0408094e+12
      205.675   1.0508075e+12
      205.725   1.0595562e+12
      205.775   1.0558671e+12
      205.825   1.0382713e+12
      205.875   1.0274344e+12
      205.925   1.0355076e+12
      205.975   1.0499650e+12
      206.025   1.0607660e+12
      206.075   1.0600883e+12
      206.125   1.0431444e+12
      206.175   1.0173812e+12
      206.225   1.0003236e+12
      206.275   1.0051882e+12
      206.325   1.0245952e+12
      206.375   1.0398448e+12
      206.425   1.0474162e+12
      206.475   1.0552327e+12
      206.525   1.0569809e+12
      206.575   1.0479523e+12
      206.625   1.0422428e+12
      206.675   1.0505988e+12
      206.725   1.0656924e+12
      206.775   1.0744664e+12
      206.825   1.0729947e+12
      206.875   1.0677757e+12
      206.925   1.0646329e+12
      206.975   1.0688757e+12
      207.025   1.0787711e+12
      207.075   1.0873315e+12
      207.125   1.0946152e+12
      207.175   1.0974238e+12
      207.225   1.0945487e+12
      207.275   1.0968902e+12
      207.325   1.1057154e+12
      207.375   1.1156754e+12
      207.425   1.1223681e+12
      207.475   1.1232691e+12
      207.525   1.1219048e+12
      207.575   1.1236099e+12
      207.625   1.1270400e+12
      207.675   1.1279075e+12
      207.725   1.1230561e+12
      207.775   1.1111756e+12
      207.825   1.1006425e+12
      207.875   1.0948167e+12
      207.925   1.0965281e+12
      207.975   1.1049179e+12
      208.025   1.1086048e+12
      208.075   1.1009165e+12
      208.125   1.0876055e+12
      208.175   1.0795589e+12
      208.225   1.0766633e+12
      208.275   1.0792525e+12
      208.325   1.0931037e+12
      208.375   1.1012655e+12
      208.425   1.0928444e+12
      208.475   1.0920913e+12
      208.525   1.1196616e+12
      208.575   1.1635983e+12
      208.625   1.1997021e+12
      208.675   1.2189160e+12
      208.725   1.2285391e+12
      208.775   1.2551172e+12
      208.825   1.2877801e+12
      208.875   1.2972677e+12
      208.925   1.2770126e+12
      208.975   1.2484711e+12
      209.025   1.2426731e+12
      209.075   1.2556027e+12
      209.125   1.2780025e+12
      209.175   1.3014298e+12
      209.225   1.3487797e+12
      209.275   1.4270001e+12
      209.325   1.4779756e+12
      209.375   1.4523896e+12
      209.425   1.3844567e+12
      209.475   1.3668486e+12
      209.525   1.4155019e+12
      209.575   1.4791301e+12
      209.625   1.5132287e+12
      209.675   1.5127453e+12
      209.725   1.5289256e+12
      209.775   1.5729123e+12
      209.825   1.6081993e+12
      209.875   1.5953753e+12
      209.925   1.5393424e+12
      209.975   1.4827049e+12
      210.025   1.4640273e+12
      210.075   1.5223981e+12
      210.125   1.6593226e+12
      210.175   1.7812486e+12
      210.225   1.8175067e+12
      210.275   1.7295046e+12
      210.325   1.5774312e+12
      210.375   1.5183529e+12
      210.425   1.5676829e+12
      210.475   1.6932384e+12
      210.525   1.8428311e+12
      210.575   1.9268103e+12
      210.625   1.9147394e+12
      210.675   1.8638918e+12
      210.725   1.8200074e+12
      210.775   1.7742585e+12
      210.825   1.6908944e+12
      210.875   1.5815457e+12
      210.925   1.4999180e+12
      210.975   1.4707106e+12
      211.025   1.4989382e+12
      211.075   1.5648414e+12
      211.125   1.6841001e+12
      211.175   1.8383854e+12
      211.225   1.9277301e+12
      211.275   1.9098103e+12
      211.325   1.8288347e+12
      211.375   1.7473645e+12
      211.425   1.6921533e+12
      211.475   1.6489921e+12
      211.525   1.6416870e+12
      211.575   1.7230550e+12
      211.625   1.8624993e+12
      211.675   1.9833239e+12
      211.725   2.0374739e+12
      211.775   2.0165348e+12
      211.825   1.9243685e+12
      211.875   1.8427633e+12
      211.925   1.8624740e+12
      211.975   1.9508896e+12
      212.025   2.0364955e+12
      212.075   2.0129578e+12
      212.125   1.8800750e+12
      212.175   1.7355931e+12
      212.225   1.6101083e+12
      212.275   1.4995776e+12
      212.325   1.3760491e+12
      212.375   1.2536278e+12
      212.425   1.1705476e+12
      212.475   1.1509530e+12
      212.525   1.2101990e+12
      212.575   1.3195129e+12
      212.625   1.4367444e+12
      212.675   1.5385795e+12
      212.725   1.5950729e+12
      212.775   1.6153563e+12
      212.825   1.6212689e+12
      212.875   1.6186251e+12
      212.925   1.5946377e+12
      212.975   1.5287533e+12
      213.025   1.4488826e+12
      213.075   1.4087257e+12
      213.125   1.4268859e+12
      213.175   1.4755022e+12
      213.225   1.5002101e+12
      213.275   1.5059771e+12
      213.325   1.5316592e+12
      213.375   1.5658630e+12
      213.425   1.5630234e+12
      213.475   1.5226669e+12
      213.525   1.4997446e+12
      213.575   1.5300735e+12
      213.625   1.6168411e+12
      213.675   1.7292350e+12
      213.725   1.8264152e+12
      213.775   1.8431705e+12
      213.825   1.7249735e+12
      213.875   1.5932242e+12
      213.925   1.5708157e+12
      213.975   1.6167954e+12
      214.025   1.7274216e+12
      214.075   1.9220967e+12
      214.125   2.1234826e+12
      214.175   2.2177665e+12
      214.225   2.1992162e+12
      214.275   2.1679840e+12
      214.325   2.1760767e+12
      214.375   2.1910987e+12
      214.425   2.1785166e+12
      214.475   2.1219828e+12
      214.525   2.0310275e+12
      214.575   1.9361657e+12
      214.625   1.8752670e+12
      214.675   1.8544460e+12
      214.725   1.8635020e+12
      214.775   1.8920469e+12
      214.825   1.9347354e+12
      214.875   1.9866234e+12
      214.925   2.0352761e+12
      214.975   2.0508676e+12
      215.025   1.9883520e+12
      215.075   1.8658026e+12
      215.125   1.7592082e+12
      215.175   1.7513687e+12
      215.225   1.8072749e+12
      215.275   1.8723940e+12
      215.325   1.9543179e+12
      215.375   2.0155922e+12
      215.425   2.0036420e+12
      215.475   1.9340321e+12
      215.525   1.8620868e+12
      215.575   1.7969619e+12
      215.625   1.7231361e+12
      215.675   1.6387666e+12
      215.725   1.5469817e+12
      215.775   1.4660233e+12
      215.825   1.4190235e+12
      215.875   1.4067086e+12
      215.925   1.4346710e+12
      215.975   1.5239783e+12
      216.025   1.6661258e+12
      216.075   1.7879525e+12
      216.125   1.8455073e+12
      216.175   1.8383783e+12
      216.225   1.8013276e+12
      216.275   1.7869568e+12
      216.325   1.7917113e+12
      216.375   1.7851320e+12
      216.425   1.7501499e+12
      216.475   1.7111522e+12
      216.525   1.6682687e+12
      216.575   1.5861362e+12
      216.625   1.4647611e+12
      216.675   1.3550323e+12
      216.725   1.3205415e+12
      216.775   1.3688670e+12
      216.825   1.4470195e+12
      216.875   1.5043640e+12
      216.925   1.4951990e+12
      216.975   1.4668302e+12
      217.025   1.4906627e+12
      217.075   1.5617242e+12
      217.125   1.6341060e+12
      217.175   1.6699775e+12
      217.225   1.7017108e+12
      217.275   1.7329619e+12
      217.325   1.7246086e+12
      217.375   1.6609471e+12
      217.425   1.5880315e+12
      217.475   1.5363837e+12
      217.525   1.5198720e+12
      217.575   1.5735108e+12
      217.625   1.6630836e+12
      217.675   1.7203712e+12
      217.725   1.7209100e+12
      217.775   1.6739890e+12
      217.825   1.6613946e+12
      217.875   1.7563799e+12
      217.925   1.9348482e+12
      217.975   2.1320397e+12
      218.025   2.2817515e+12
      218.075   2.3576284e+12
      218.125   2.3977096e+12
      218.175   2.4556826e+12
      218.225   2.5272010e+12
      218.275   2.5571299e+12
      218.325   2.5059019e+12
      218.375   2.3946827e+12
      218.425   2.2643374e+12
      218.475   2.2215027e+12
      218.525   2.2882781e+12
      218.575   2.3521245e+12
      218.625   2.3301524e+12
      218.675   2.1746620e+12
      218.725   1.9984890e+12
      218.775   1.9580569e+12
      218.825   2.0402442e+12
      218.875   2.1391715e+12
      218.925   2.1629482e+12
      218.975   2.1589496e+12
      219.025   2.1949935e+12
      219.075   2.2445066e+12
      219.125   2.2407431e+12
      219.175   2.2068581e+12
      219.225   2.2161362e+12
      219.275   2.3339982e+12
      219.325   2.5430555e+12
      219.375   2.6782918e+12
      219.425   2.6550168e+12
      219.475   2.5268444e+12
      219.525   2.3591674e+12
      219.575   2.2160687e+12
      219.625   2.1654505e+12
      219.675   2.2175198e+12
      219.725   2.3465849e+12
      219.775   2.5128811e+12
      219.825   2.6546648e+12
      219.875   2.7271043e+12
      219.925   2.7197206e+12
      219.975   2.6290330e+12
      220.025   2.4626247e+12
      220.075   2.2833493e+12
      220.125   2.1997621e+12
      220.175   2.2681163e+12
      220.225   2.4618786e+12
      220.275   2.6619121e+12
      220.325   2.7992940e+12
      220.375   2.8847996e+12
      220.425   2.8808812e+12
      220.475   2.7958585e+12
      220.525   2.7272093e+12
      220.575   2.6971113e+12
      220.625   2.6038165e+12
      220.675   2.4553780e+12
      220.725   2.3310863e+12
      220.775   2.2262389e+12
      220.825   2.1197173e+12
      220.875   2.0490412e+12
      220.925   2.0501184e+12
      220.975   2.0341479e+12
      221.025   1.9264621e+12
      221.075   1.7717460e+12
      221.125   1.6565030e+12
      221.175   1.6363663e+12
      221.225   1.7058274e+12
      221.275   1.8613471e+12
      221.325   2.0593148e+12
      221.375   2.1889235e+12
      221.425   2.2081961e+12
      221.475   2.1901741e+12
      221.525   2.1897001e+12
      221.575   2.1635853e+12
      221.625   2.0602974e+12
      221.675   1.9117279e+12
      221.725   1.8013564e+12
      221.775   1.7837456e+12
      221.825   1.8501429e+12
      221.875   1.9899788e+12
      221.925   2.1924283e+12
      221.975   2.3857328e+12
      222.025   2.5005219e+12
      222.075   2.5617808e+12
      222.125   2.6150874e+12
      222.175   2.6762681e+12
      222.225   2.6903247e+12
      222.275   2.6357711e+12
      222.325   2.5738109e+12
      222.375   2.5747599e+12
      222.425   2.6316682e+12
      222.475   2.6569697e+12
      222.525   2.6631403e+12
      222.575   2.6852765e+12
      222.625   2.6977186e+12
      222.675   2.6764198e+12
      222.725   2.6397021e+12
      222.775   2.6380281e+12
      222.825   2.7124877e+12
      222.875   2.8499926e+12
      222.925   2.9547464e+12
      222.975   2.9860260e+12
      223.025   2.9691256e+12
      223.075   2.9095415e+12
      223.125   2.8721013e+12
      223.175   2.9407560e+12
      223.225   3.1130958e+12
      223.275   3.3860150e+12
      223.325   3.6903675e+12
      223.375   3.8715496e+12
      223.425   3.8874726e+12
      223.475   3.8378823e+12
      223.525   3.8376989e+12
      223.575   3.8871105e+12
      223.625   3.8911903e+12
      223.675   3.8211909e+12
      223.725   3.7095837e+12
      223.775   3.5756719e+12
      223.825   3.4472577e+12
      223.875   3.3693355e+12
      223.925   3.3960283e+12
      223.975   3.5189362e+12
      224.025   3.5909125e+12
      224.075   3.5241037e+12
      224.125   3.3941797e+12
      224.175   3.2665359e+12
      224.225   3.1865576e+12
      224.275   3.1489404e+12
      224.325   3.1105484e+12
      224.375   3.0678724e+12
      224.425   3.0197908e+12
      224.475   3.0155491e+12
      224.525   3.0856295e+12
      224.575   3.2301372e+12
      224.625   3.3603464e+12
      224.675   3.4201258e+12
      224.725   3.4713241e+12
      224.775   3.5238495e+12
      224.825   3.5551319e+12
      224.875   3.4413875e+12
      224.925   3.2434622e+12
      224.975   3.1173835e+12
      225.025   3.0634141e+12
      225.075   3.0453909e+12
      225.125   3.0051945e+12
      225.175   2.9919967e+12
      225.225   3.0475626e+12
      225.275   3.1052695e+12
      225.325   3.0620727e+12
      225.375   2.9338676e+12
      225.425   2.8400477e+12
      225.475   2.8517485e+12
      225.525   2.9015123e+12
      225.575   2.8683319e+12
      225.625   2.7743239e+12
      225.675   2.7202630e+12
      225.725   2.7553923e+12
      225.775   2.7975874e+12
      225.825   2.7890822e+12
      225.875   2.7777109e+12
      225.925   2.7763049e+12
      225.975   2.6800411e+12
      226.025   2.5059588e+12
      226.075   2.3889901e+12
      226.125   2.3733238e+12
      226.175   2.4403149e+12
      226.225   2.5012286e+12
      226.275   2.4902160e+12
      226.325   2.4124767e+12
      226.375   2.2910400e+12
      226.425   2.1853367e+12
      226.475   2.0930018e+12
      226.525   2.0029188e+12
      226.575   1.9454405e+12
      226.625   1.9228567e+12
      226.675   1.9118760e+12
      226.725   1.8812304e+12
      226.775   1.8475776e+12
      226.825   1.8254088e+12
      226.875   1.8011560e+12
      226.925   1.7760744e+12
      226.975   1.7547851e+12
      227.025   1.7452546e+12
      227.075   1.7556675e+12
      227.125   1.7722500e+12
      227.175   1.7939977e+12
      227.225   1.8255821e+12
      227.275   1.8709814e+12
      227.325   1.9111148e+12
      227.375   1.9280256e+12
      227.425   1.9297533e+12
      227.475   1.9627696e+12
      227.525   2.0253866e+12
      227.575   2.0546007e+12
      227.625   2.0678120e+12
      227.675   2.1328303e+12
      227.725   2.2421647e+12
      227.775   2.3349267e+12
      227.825   2.3986629e+12
      227.875   2.4634572e+12
      227.925   2.5188263e+12
      227.975   2.5418085e+12
      228.025   2.5757480e+12
      228.075   2.6697156e+12
      228.125   2.8328594e+12
      228.175   3.0003857e+12
      228.225   3.0983992e+12
      228.275   3.1221418e+12
      228.325   3.0494856e+12
      228.375   2.9463728e+12
      228.425   2.9439828e+12
      228.475   3.0329306e+12
      228.525   3.1269734e+12
      228.575   3.1687111e+12
      228.625   3.0849569e+12
      228.675   2.8932396e+12
      228.725   2.7077016e+12
      228.775   2.6246039e+12
      228.825   2.7014568e+12
      228.875   2.8224574e+12
      228.925   2.8502821e+12
      228.975   2.7774656e+12
      229.025   2.6636411e+12
      229.075   2.6015133e+12
      229.125   2.6055417e+12
      229.175   2.6270108e+12
      229.225   2.6566048e+12
      229.275   2.6933425e+12
      229.325   2.7271363e+12
      229.375   2.7458889e+12
      229.425   2.7412271e+12
      229.475   2.7391353e+12
      229.525   2.8019753e+12
      229.575   2.9020809e+12
      229.625   2.9309218e+12
      229.675   2.7580252e+12
      229.725   2.5049594e+12
      229.775   2.3487227e+12
      229.825   2.2788784e+12
      229.875   2.2776996e+12
      229.925   2.3321586e+12
      229.975   2.3957431e+12
      230.025   2.4345480e+12
      230.075   2.4736354e+12
      230.125   2.5454272e+12
      230.175   2.6494593e+12
      230.225   2.7433443e+12
      230.275   2.7700241e+12
      230.325   2.7046307e+12
      230.375   2.6694657e+12
      230.425   2.7395494e+12
      230.475   2.8526411e+12
      230.525   3.0387002e+12
      230.575   3.3168634e+12
      230.625   3.5354448e+12
      230.675   3.5990719e+12
      230.725   3.5606755e+12
      230.775   3.4512231e+12
      230.825   3.3216179e+12
      230.875   3.2188503e+12
      230.925   3.0753297e+12
      230.975   2.8977833e+12
      231.025   2.7757562e+12
      231.075   2.6898943e+12
      231.125   2.5901758e+12
      231.175   2.5003298e+12
      231.225   2.4441239e+12
      231.275   2.4253471e+12
      231.325   2.4315625e+12
      231.375   2.4567642e+12
      231.425   2.5594422e+12
      231.475   2.7903159e+12
      231.525   3.0401280e+12
      231.575   3.1803777e+12
      231.625   3.1871800e+12
      231.675   3.1138490e+12
      231.725   3.0659168e+12
      231.775   3.0673781e+12
      231.825   3.1016429e+12
      231.875   3.1431798e+12
      231.925   3.1167966e+12
      231.975   2.9861660e+12
      232.025   2.8121271e+12
      232.075   2.6828250e+12
      232.125   2.6712157e+12
      232.175   2.7262567e+12
      232.225   2.8358894e+12
      232.275   3.0678517e+12
      232.325   3.4240990e+12
      232.375   3.7180882e+12
      232.425   3.7993978e+12
      232.475   3.6930832e+12
      232.525   3.4141810e+12
      232.575   3.0712571e+12
      232.625   2.8339223e+12
      232.675   2.7379838e+12
      232.725   2.7229098e+12
      232.775   2.7628633e+12
      232.825   2.8729699e+12
      232.875   3.0457995e+12
      232.925   3.1974649e+12
      232.975   3.2588358e+12
      233.025   3.2218865e+12
      233.075   3.1248567e+12
      233.125   2.9960819e+12
      233.175   2.8433332e+12
      233.225   2.7183254e+12
      233.275   2.6458296e+12
      233.325   2.6157283e+12
      233.375   2.6458805e+12
      233.425   2.7753598e+12
      233.475   2.9293119e+12
      233.525   3.0346638e+12
      233.575   3.1368996e+12
      233.625   3.2177042e+12
      233.675   3.1652356e+12
      233.725   2.9521405e+12
      233.775   2.7027201e+12
      233.825   2.5005475e+12
      233.875   2.3733101e+12
      233.925   2.3509360e+12
      233.975   2.3998478e+12
      234.025   2.5002611e+12
      234.075   2.6179464e+12
      234.125   2.7240596e+12
      234.175   2.8122189e+12
      234.225   2.8521052e+12
      234.275   2.7974811e+12
      234.325   2.6225843e+12
      234.375   2.4064348e+12
      234.425   2.2380165e+12
      234.475   2.1653485e+12
      234.525   2.2043393e+12
      234.575   2.2691281e+12
      234.625   2.3119412e+12
      234.675   2.3594035e+12
      234.725   2.4225686e+12
      234.775   2.4487542e+12
      234.825   2.4055411e+12
      234.875   2.3816658e+12
      234.925   2.4712157e+12
      234.975   2.6913937e+12
      235.025   2.9293511e+12
      235.075   3.0686417e+12
      235.125   3.1401923e+12
      235.175   3.2136034e+12
      235.225   3.3306372e+12
      235.275   3.4580288e+12
      235.325   3.5259899e+12
      235.375   3.4869691e+12
      235.425   3.3740483e+12
      235.475   3.2436436e+12
      235.525   3.1550269e+12
      235.575   3.1874919e+12
      235.625   3.3586099e+12
      235.675   3.5547988e+12
      235.725   3.6551423e+12
      235.775   3.6678525e+12
      235.825   3.6207477e+12
      235.875   3.4683162e+12
      235.925   3.2369952e+12
      235.975   3.0028077e+12
      236.025   2.8190647e+12
      236.075   2.7758195e+12
      236.125   2.8648532e+12
      236.175   2.9763533e+12
      236.225   3.0827790e+12
      236.275   3.2462557e+12
      236.325   3.4321219e+12
      236.375   3.5035933e+12
      236.425   3.4176649e+12
      236.475   3.2488766e+12
      236.525   3.1005398e+12
      236.575   3.0488010e+12
      236.625   3.0594918e+12
      236.675   3.0578232e+12
      236.725   3.0241939e+12
      236.775   3.0216475e+12
      236.825   3.0723421e+12
      236.875   3.1300015e+12
      236.925   3.2165052e+12
      236.975   3.3507683e+12
      237.025   3.4625456e+12
      237.075   3.5296243e+12
      237.125   3.6159396e+12
      237.175   3.7322350e+12
      237.225   3.7778698e+12
      237.275   3.6737604e+12
      237.325   3.4236181e+12
      237.375   3.1053622e+12
      237.425   2.9172405e+12
      237.475   2.9130347e+12
      237.525   2.9725336e+12
      237.575   3.0632737e+12
      237.625   3.2424697e+12
      237.675   3.4654832e+12
      237.725   3.6138364e+12
      237.775   3.6401195e+12
      237.825   3.5108430e+12
      237.875   3.2924905e+12
      237.925   3.0914318e+12
      237.975   2.9292210e+12
      238.025   2.8295652e+12
      238.075   2.7544869e+12
      238.125   2.6426316e+12
      238.175   2.5077868e+12
      238.225   2.3997880e+12
      238.275   2.3347753e+12
      238.325   2.3340341e+12
      238.375   2.4014420e+12
      238.425   2.5316374e+12
      238.475   2.7177154e+12
      238.525   2.9232330e+12
      238.575   3.1078521e+12
      238.625   3.2521327e+12
      238.675   3.3426242e+12
      238.725   3.3374524e+12
      238.775   3.2200008e+12
      238.825   3.0384813e+12
      238.875   2.8687680e+12
      238.925   2.7994682e+12
      238.975   2.8951443e+12
      239.025   3.1159169e+12
      239.075   3.3678718e+12
      239.125   3.5552824e+12
      239.175   3.5968375e+12
      239.225   3.5553941e+12
      239.275   3.5377945e+12
      239.325   3.5198149e+12
      239.375   3.4483946e+12
      239.425   3.2897902e+12
      239.475   3.0510716e+12
      239.525   2.7946938e+12
      239.575   2.6040367e+12
      239.625   2.5311987e+12
      239.675   2.5542066e+12
      239.725   2.6613501e+12
      239.775   2.8206931e+12
      239.825   2.9438543e+12
      239.875   2.9556209e+12
      239.925   2.8630730e+12
      239.975   2.7642143e+12
      240.025   2.7964102e+12
      240.075   2.9589870e+12
      240.125   3.1152478e+12
      240.175   3.1883660e+12
      240.225   3.1809847e+12
      240.275   3.1311617e+12
      240.325   3.0830658e+12
      240.375   3.0336715e+12
      240.425   2.9255687e+12
      240.475   2.7358808e+12
      240.525   2.5444642e+12
      240.575   2.4577752e+12
      240.625   2.4715322e+12
      240.675   2.5145553e+12
      240.725   2.5358441e+12
      240.775   2.5792855e+12
      240.825   2.7032746e+12
      240.875   2.8650729e+12
      240.925   2.9791539e+12
      240.975   2.9979076e+12
      241.025   2.9242277e+12
      241.075   2.7719269e+12
      241.125   2.6055893e+12
      241.175   2.5321278e+12
      241.225   2.5966490e+12
      241.275   2.7433052e+12
      241.325   2.8564272e+12
      241.375   2.8903143e+12
      241.425   2.9351732e+12
      241.475   3.0624775e+12
      241.525   3.2523604e+12
      241.575   3.4297936e+12
      241.625   3.5785440e+12
      241.675   3.7112152e+12
      241.725   3.8118254e+12
      241.775   3.8841082e+12
      241.825   3.9588336e+12
      241.875   4.0670544e+12
      241.925   4.1763085e+12
      241.975   4.2526616e+12
      242.025   4.3324883e+12
      242.075   4.4442190e+12
      242.125   4.5410562e+12
      242.175   4.6168074e+12
      242.225   4.6899296e+12
      242.275   4.7156342e+12
      242.325   4.6040624e+12
      242.375   4.4335425e+12
      242.425   4.3094154e+12
      242.475   4.2530076e+12
      242.525   4.2749527e+12
      242.575   4.3534870e+12
      242.625   4.4801708e+12
      242.675   4.6614657e+12
      242.725   4.8234947e+12
      242.775   4.8611178e+12
      242.825   4.7852855e+12
      242.875   4.6141801e+12
      242.925   4.4505017e+12
      242.975   4.4166865e+12
      243.025   4.4807883e+12
      243.075   4.5691209e+12
      243.125   4.6177075e+12
      243.175   4.5658180e+12
      243.225   4.4562329e+12
      243.275   4.3349954e+12
      243.325   4.2408693e+12
      243.375   4.2296192e+12
      243.425   4.2615486e+12
      243.475   4.2386012e+12
      243.525   4.1163760e+12
      243.575   3.9921360e+12
      243.625   3.9769900e+12
      243.675   4.0290441e+12
      243.725   4.1116607e+12
      243.775   4.2311478e+12
      243.825   4.3430208e+12
      243.875   4.3571646e+12
      243.925   4.2577583e+12
      243.975   4.1280598e+12
      244.025   4.0435484e+12
      244.075   4.0715999e+12
      244.125   4.1931787e+12
      244.175   4.3385768e+12
      244.225   4.4572228e+12
      244.275   4.5058925e+12
      244.325   4.4642773e+12
      244.375   4.3510408e+12
      244.425   4.1936423e+12
      244.475   4.0855536e+12
      244.525   4.0516370e+12
      244.575   4.0295684e+12
      244.625   3.9945514e+12
      244.675   3.9133737e+12
      244.725   3.8106315e+12
      244.775   3.7159929e+12
      244.825   3.6137985e+12
      244.875   3.5307681e+12
      244.925   3.5250511e+12
      244.975   3.5440439e+12
      245.025   3.5195501e+12
      245.075   3.4499621e+12
      245.125   3.3711748e+12
      245.175   3.3168985e+12
      245.225   3.2664594e+12
      245.275   3.2206818e+12
      245.325   3.2020394e+12
      245.375   3.1976335e+12
      245.425   3.1898696e+12
      245.475   3.1978095e+12
      245.525   3.2425080e+12
      245.575   3.2750960e+12
      245.625   3.2478078e+12
      245.675   3.2081568e+12
      245.725   3.1971052e+12
      245.775   3.2399250e+12
      245.825   3.3085674e+12
      245.875   3.3326624e+12
      245.925   3.2941947e+12
      245.975   3.2254653e+12
      246.025   3.1885450e+12
      246.075   3.1599075e+12
      246.125   3.0994767e+12
      246.175   3.0343358e+12
      246.225   2.9724074e+12
      246.275   2.9218482e+12
      246.325   2.8945607e+12
      246.375   2.9299499e+12
      246.425   3.0339857e+12
      246.475   3.1376474e+12
      246.525   3.2112084e+12
      246.575   3.2422942e+12
      246.625   3.2483948e+12
      246.675   3.2613163e+12
      246.725   3.2934495e+12
      246.775   3.3530487e+12
      246.825   3.4208322e+12
      246.875   3.4718323e+12
      246.925   3.4907888e+12
      246.975   3.4999193e+12
      247.025   3.5187426e+12
      247.075   3.5364979e+12
      247.125   3.5572503e+12
      247.175   3.5932552e+12
      247.225   3.6154965e+12
      247.275   3.5540255e+12
      247.325   3.4034933e+12
      247.375   3.3442450e+12
      247.425   3.4677427e+12
      247.475   3.6541999e+12
      247.525   3.7622243e+12
      247.575   3.7661342e+12
      247.625   3.7394622e+12
      247.675   3.6988905e+12
      247.725   3.6363165e+12
      247.775   3.5758617e+12
      247.825   3.5059096e+12
      247.875   3.3990274e+12
      247.925   3.2738146e+12
      247.975   3.1569004e+12
      248.025   3.1279112e+12
      248.075   3.1962662e+12
      248.125   3.2639745e+12
      248.175   3.2767396e+12
      248.225   3.1909526e+12
      248.275   2.9827649e+12
      248.325   2.7464949e+12
      248.375   2.5637155e+12
      248.425   2.4923220e+12
      248.475   2.5459020e+12
      248.525   2.6617931e+12
      248.575   2.8051198e+12
      248.625   2.9264764e+12
      248.675   2.9517446e+12
      248.725   2.8984552e+12
      248.775   2.8145463e+12
      248.825   2.6981901e+12
      248.875   2.5859457e+12
      248.925   2.5417594e+12
      248.975   2.5407446e+12
      249.025   2.5295281e+12
      249.075   2.5066278e+12
      249.125   2.5079460e+12
      249.175   2.5786260e+12
      249.225   2.7128647e+12
      249.275   2.9149570e+12
      249.325   3.1373098e+12
      249.375   3.3135621e+12
      249.425   3.4833709e+12
      249.475   3.6633479e+12
      249.525   3.8426522e+12
      249.575   3.9747403e+12
      249.625   4.0142292e+12
      249.675   3.9693600e+12
      249.725   3.9560984e+12
      249.775   4.0089460e+12
      249.825   4.0559704e+12
      249.875   4.0675539e+12
      249.925   4.0816364e+12
      249.975   4.1526719e+12
      250.025   4.2170871e+12
      250.075   4.2017769e+12
      250.125   4.0524198e+12
      250.175   3.7977019e+12
      250.225   3.6363368e+12
      250.275   3.6615122e+12
      250.325   3.7734991e+12
      250.375   3.8894664e+12
      250.425   3.9700398e+12
      250.475   4.0154836e+12
      250.525   3.9954632e+12
      250.575   3.8698022e+12
      250.625   3.6692907e+12
      250.675   3.4636196e+12
      250.725   3.3126801e+12
      250.775   3.2625019e+12
      250.825   3.3755363e+12
      250.875   3.6066428e+12
      250.925   3.7977348e+12
      250.975   3.8972794e+12
      251.025   3.9390005e+12
      251.075   3.8714062e+12
      251.125   3.7149770e+12
      251.175   3.5915559e+12
      251.225   3.5464487e+12
      251.275   3.5329292e+12
      251.325   3.4918070e+12
      251.375   3.4042039e+12
      251.425   3.2623403e+12
      251.475   3.0976938e+12
      251.525   2.9860962e+12
      251.575   2.9378441e+12
      251.625   2.8923484e+12
      251.675   2.8230718e+12
      251.725   2.7917700e+12
      251.775   2.8194619e+12
      251.825   2.8397633e+12
      251.875   2.8382104e+12
      251.925   2.8300002e+12
      251.975   2.8410129e+12
      252.025   2.8937066e+12
      252.075   3.0003350e+12
      252.125   3.0865488e+12
      252.175   3.0695957e+12
      252.225   2.9898455e+12
      252.275   2.8942687e+12
      252.325   2.7814552e+12
      252.375   2.6968251e+12
      252.425   2.6746396e+12
      252.475   2.6960187e+12
      252.525   2.7591192e+12
      252.575   2.8804040e+12
      252.625   3.0026577e+12
      252.675   3.0624937e+12
      252.725   3.0658324e+12
      252.775   2.9969141e+12
      252.825   2.8877640e+12
      252.875   2.8123851e+12
      252.925   2.7980299e+12
      252.975   2.8585094e+12
      253.025   3.0077859e+12
      253.075   3.2160056e+12
      253.125   3.4252520e+12
      253.175   3.6021425e+12
      253.225   3.7090796e+12
      253.275   3.7347256e+12
      253.325   3.7280101e+12
      253.375   3.7278655e+12
      253.425   3.7382903e+12
      253.475   3.7564729e+12
      253.525   3.7637086e+12
      253.575   3.7498577e+12
      253.625   3.7083502e+12
      253.675   3.6833945e+12
      253.725   3.7095601e+12
      253.775   3.7731924e+12
      253.825   3.8453708e+12
      253.875   3.8788242e+12
      253.925   3.8641041e+12
      253.975   3.8911150e+12
      254.025   3.9849686e+12
      254.075   4.0463317e+12
      254.125   4.0024988e+12
      254.175   3.9308723e+12
      254.225   3.9468818e+12
      254.275   4.0216687e+12
      254.325   4.1361873e+12
      254.375   4.2589304e+12
      254.425   4.3182727e+12
      254.475   4.3087327e+12
      254.525   4.2845214e+12
      254.575   4.2566366e+12
      254.625   4.2057533e+12
      254.675   4.1612201e+12
      254.725   4.1612728e+12
      254.775   4.2293650e+12
      254.825   4.2965198e+12
      254.875   4.2995106e+12
      254.925   4.2756925e+12
      254.975   4.2498177e+12
      255.025   4.3012503e+12
      255.075   4.4942171e+12
      255.125   4.7916339e+12
      255.175   5.1266000e+12
      255.225   5.4654292e+12
      255.275   5.6814560e+12
      255.325   5.7027620e+12
      255.375   5.6738103e+12
      255.425   5.7705158e+12
      255.475   5.9697735e+12
      255.525   6.0601378e+12
      255.575   5.9982250e+12
      255.625   5.9129417e+12
      255.675   5.9168863e+12
      255.725   5.9589494e+12
      255.775   5.9819099e+12
      255.825   6.0430625e+12
      255.875   6.2361420e+12
      255.925   6.5129133e+12
      255.975   6.7332737e+12
      256.025   6.8269242e+12
      256.075   6.7783170e+12
      256.125   6.7057934e+12
      256.175   6.6525977e+12
      256.225   6.5391661e+12
      256.275   6.3389749e+12
      256.325   6.1720353e+12
      256.375   6.1768594e+12
      256.425   6.3665715e+12
      256.475   6.6622248e+12
      256.525   7.0598386e+12
      256.575   7.5758789e+12
      256.625   8.0314094e+12
      256.675   8.3173505e+12
      256.725   8.4749803e+12
      256.775   8.5153292e+12
      256.825   8.5546081e+12
      256.875   8.6638197e+12
      256.925   8.8213043e+12
      256.975   9.0499288e+12
      257.025   9.3303751e+12
      257.075   9.5258676e+12
      257.125   9.5699589e+12
      257.175   9.5419185e+12
      257.225   9.6111140e+12
      257.275   9.7548011e+12
      257.325   9.8910857e+12
      257.375   1.0085165e+13
      257.425   1.0203006e+13
      257.475   9.9741277e+12
      257.525   9.4404519e+12
      257.575   8.7992837e+12
      257.625   8.2729292e+12
      257.675   8.0950127e+12
      257.725   8.2462889e+12
      257.775   8.5656613e+12
      257.825   8.9742426e+12
      257.875   9.4579920e+12
      257.925   9.9284679e+12
      257.975   1.0353257e+13
      258.025   1.0752281e+13
      258.075   1.1115021e+13
      258.125   1.1479325e+13
      258.175   1.1781414e+13
      258.225   1.1776221e+13
      258.275   1.1200644e+13
      258.325   1.0342717e+13
      258.375   9.8905763e+12
      258.425   9.8130573e+12
      258.475   9.6450463e+12
      258.525   9.1005120e+12
      258.575   8.4676421e+12
      258.625   8.1289142e+12
      258.675   8.0390328e+12
      258.725   8.2960873e+12
      258.775   8.8497670e+12
      258.825   9.3740015e+12
      258.875   9.7524609e+12
      258.925   1.0229819e+13
      258.975   1.0971203e+13
      259.025   1.1457680e+13
      259.075   1.1347253e+13
      259.125   1.0793845e+13
      259.175   1.0009462e+13
      259.225   9.3927135e+12
      259.275   9.1470672e+12
      259.325   8.9860222e+12
      259.375   8.5619903e+12
      259.425   8.0277766e+12
      259.475   7.8730998e+12
      259.525   8.1351257e+12
      259.575   8.4554391e+12
      259.625   8.5593835e+12
      259.675   8.3928653e+12
      259.725   8.1180683e+12
      259.775   7.7426099e+12
      259.825   7.1477602e+12
      259.875   6.5014898e+12
      259.925   6.0313040e+12
      259.975   5.7736015e+12
      260.025   5.7450494e+12
      260.075   6.0450690e+12
      260.125   6.5661553e+12
      260.175   7.0894371e+12
      260.225   7.6274852e+12
      260.275   8.0488200e+12
      260.325   8.2176694e+12
      260.375   8.2058308e+12
      260.425   8.0926394e+12
      260.475   7.8822966e+12
      260.525   7.5764432e+12
      260.575   7.2036929e+12
      260.625   6.7887298e+12
      260.675   6.3941933e+12
      260.725   6.1225423e+12
      260.775   6.0612325e+12
      260.825   6.2119174e+12
      260.875   6.5352772e+12
      260.925   6.9210614e+12
      260.975   7.2000306e+12
      261.025   7.3091762e+12
      261.075   7.2666663e+12
      261.125   7.0391278e+12
      261.175   6.6074959e+12
      261.225   6.2050536e+12
      261.275   6.0136319e+12
      261.325   6.0499528e+12
      261.375   6.2072896e+12
      261.425   6.3371811e+12
      261.475   6.5423398e+12
      261.525   6.9203305e+12
      261.575   7.4615835e+12
      261.625   7.9934844e+12
      261.675   8.2615246e+12
      261.725   8.2724838e+12
      261.775   8.0625888e+12
      261.825   7.7145595e+12
      261.875   7.6093776e+12
      261.925   7.8810083e+12
      261.975   8.3284457e+12
      262.025   8.7817188e+12
      262.075   8.9610437e+12
      262.125   8.8407319e+12
      262.175   8.7151352e+12
      262.225   8.6836257e+12
      262.275   8.8795911e+12
      262.325   9.2047530e+12
      262.375   9.3600117e+12
      262.425   9.3718765e+12
      262.475   9.3583619e+12
      262.525   9.1517082e+12
      262.575   8.6880016e+12
      262.625   8.2224125e+12
      262.675   7.9937754e+12
      262.725   8.0480442e+12
      262.775   8.1450651e+12
      262.825   8.0881766e+12
      262.875   7.9410411e+12
      262.925   7.9560536e+12
      262.975   8.1283566e+12
      263.025   8.2228269e+12
      263.075   8.1330437e+12
      263.125   7.9803073e+12
      263.175   7.9551202e+12
      263.225   8.2272328e+12
      263.275   8.7581317e+12
      263.325   9.5139470e+12
      263.375   1.0465787e+13
      263.425   1.1518735e+13
      263.475   1.2489888e+13
      263.525   1.3293167e+13
      263.575   1.3895149e+13
      263.625   1.4442577e+13
      263.675   1.5189182e+13
      263.725   1.6099100e+13
      263.775   1.7100886e+13
      263.825   1.8246499e+13
      263.875   1.9325528e+13
      263.925   2.0028278e+13
      263.975   2.0192698e+13
      264.025   1.9845326e+13
      264.075   1.9513863e+13
      264.125   1.9466891e+13
      264.175   1.9669730e+13
      264.225   2.0149951e+13
      264.275   2.1150132e+13
      264.325   2.2449143e+13
      264.375   2.3306321e+13
      264.425   2.3241766e+13
      264.475   2.2369620e+13
      264.525   2.1510990e+13
      264.575   2.1021282e+13
      264.625   2.0596864e+13
      264.675   2.0123079e+13
      264.725   1.9751073e+13
      264.775   1.9460594e+13
      264.825   1.9073093e+13
      264.875   1.8493308e+13
      264.925   1.8066184e+13
      264.975   1.8209997e+13
      265.025   1.8657059e+13
      265.075   1.8980935e+13
      265.125   1.9178101e+13
      265.175   1.9387190e+13
      265.225   1.9663610e+13
      265.275   2.0122527e+13
      265.325   2.0698510e+13
      265.375   2.1185031e+13
      265.425   2.1624418e+13
      265.475   2.2290104e+13
      265.525   2.3174556e+13
      265.575   2.3722267e+13
      265.625   2.3532839e+13
      265.675   2.3059711e+13
      265.725   2.2968337e+13
      265.775   2.3097714e+13
      265.825   2.2874244e+13
      265.875   2.2424196e+13
      265.925   2.2195635e+13
      265.975   2.2419787e+13
      266.025   2.2750558e+13
      266.075   2.2729913e+13
      266.125   2.2401886e+13
      266.175   2.1782374e+13
      266.225   2.1057938e+13
      266.275   2.0755409e+13
      266.325   2.0723836e+13
      266.375   2.0451666e+13
      266.425   1.9897243e+13
      266.475   1.9818707e+13
      266.525   2.0508729e+13
      266.575   2.1057436e+13
      266.625   2.0949922e+13
      266.675   2.0271571e+13
      266.725   1.9877725e+13
      266.775   2.0258917e+13
      266.825   2.0906745e+13
      266.875   2.1144263e+13
      266.925   2.0816485e+13
      266.975   2.0351592e+13
      267.025   2.0064790e+13
      267.075   2.0234174e+13
      267.125   2.0932482e+13
      267.175   2.1481633e+13
      267.225   2.1381499e+13
      267.275   2.0547319e+13
      267.325   1.9438232e+13
      267.375   1.9226625e+13
      267.425   1.9976689e+13
      267.475   2.1277777e+13
      267.525   2.2684419e+13
      267.575   2.3307876e+13
      267.625   2.3261037e+13
      267.675   2.3018790e+13
      267.725   2.2509445e+13
      267.775   2.1683451e+13
      267.825   2.0981815e+13
      267.875   2.0519435e+13
      267.925   2.0101333e+13
      267.975   1.9859380e+13
      268.025   2.0016869e+13
      268.075   2.0469204e+13
      268.125   2.0930034e+13
      268.175   2.1326212e+13
      268.225   2.1602925e+13
      268.275   2.1690585e+13
      268.325   2.1643504e+13
      268.375   2.1461216e+13
      268.425   2.1187546e+13
      268.475   2.0977800e+13
      268.525   2.0860449e+13
      268.575   2.0957029e+13
      268.625   2.1357249e+13
      268.675   2.1773545e+13
      268.725   2.1842764e+13
      268.775   2.1615634e+13
      268.825   2.1166227e+13
      268.875   2.0591805e+13
      268.925   2.0090118e+13
      268.975   1.9626764e+13
      269.025   1.9129852e+13
      269.075   1.8825767e+13
      269.125   1.8939638e+13
      269.175   1.9303819e+13
      269.225   1.9804924e+13
      269.275   2.0230534e+13
      269.325   2.0346860e+13
      269.375   2.0372038e+13
      269.425   2.0445182e+13
      269.475   2.0460866e+13
      269.525   1.9968967e+13
      269.575   1.9122475e+13
      269.625   1.8497068e+13
      269.675   1.8345174e+13
      269.725   1.8827932e+13
      269.775   1.9631810e+13
      269.825   2.0214152e+13
      269.875   2.0456005e+13
      269.925   2.0530816e+13
      269.975   2.0979366e+13
      270.025   2.2240603e+13
      270.075   2.3627059e+13
      270.125   2.4258610e+13
      270.175   2.3658741e+13
      270.225   2.2541582e+13
      270.275   2.2173945e+13
      270.325   2.2720753e+13
      270.375   2.3417992e+13
      270.425   2.3657939e+13
      270.475   2.3894927e+13
      270.525   2.4389456e+13
      270.575   2.4545095e+13
      270.625   2.3851051e+13
      270.675   2.2732276e+13
      270.725   2.2030263e+13
      270.775   2.1849580e+13
      270.825   2.1950453e+13
      270.875   2.1852195e+13
      270.925   2.1531086e+13
      270.975   2.1411352e+13
      271.025   2.1546018e+13
      271.075   2.1615284e+13
      271.125   2.1402714e+13
      271.175   2.1089528e+13
      271.225   2.0917027e+13
      271.275   2.1290302e+13
      271.325   2.1948305e+13
      271.375   2.1925509e+13
      271.425   2.0887407e+13
      271.475   1.9216018e+13
      271.525   1.7965237e+13
      271.575   1.7702452e+13
      271.625   1.7869819e+13
      271.675   1.8163621e+13
      271.725   1.8334609e+13
      271.775   1.8069234e+13
      271.825   1.7264623e+13
      271.875   1.6057435e+13
      271.925   1.4478024e+13
      271.975   1.3231255e+13
      272.025   1.2887354e+13
      272.075   1.2900183e+13
      272.125   1.3003663e+13
      272.175   1.3502800e+13
      272.225   1.4268809e+13
      272.275   1.4832566e+13
      272.325   1.5049334e+13
      272.375   1.4930614e+13
      272.425   1.4677149e+13
      272.475   1.4622368e+13
      272.525   1.4898836e+13
      272.575   1.5321725e+13
      272.625   1.5701271e+13
      272.675   1.5930046e+13
      272.725   1.6031909e+13
      272.775   1.6026999e+13
      272.825   1.6115681e+13
      272.875   1.6768103e+13
      272.925   1.7960632e+13
      272.975   1.9192602e+13
      273.025   2.0126943e+13
      273.075   2.0225627e+13
      273.125   1.9521915e+13
      273.175   1.8807660e+13
      273.225   1.8523118e+13
      273.275   1.8450721e+13
      273.325   1.8094621e+13
      273.375   1.7374282e+13
      273.425   1.6529141e+13
      273.475   1.6058213e+13
      273.525   1.5994274e+13
      273.575   1.5944115e+13
      273.625   1.5789606e+13
      273.675   1.5485959e+13
      273.725   1.4773089e+13
      273.775   1.3776277e+13
      273.825   1.3133323e+13
      273.875   1.3181581e+13
      273.925   1.3251759e+13
      273.975   1.2768356e+13
      274.025   1.2112111e+13
      274.075   1.1807742e+13
      274.125   1.1982385e+13
      274.175   1.2166532e+13
      274.225   1.1963209e+13
      274.275   1.1431830e+13
      274.325   1.0748930e+13
      274.375   1.0333356e+13
      274.425   1.0443496e+13
      274.475   1.0831288e+13
      274.525   1.1298552e+13
      274.575   1.1852421e+13
      274.625   1.2118992e+13
      274.675   1.1800761e+13
      274.725   1.1217232e+13
      274.775   1.0775582e+13
      274.825   1.1030281e+13
      274.875   1.1540280e+13
      274.925   1.1563963e+13
      274.975   1.1157329e+13
      275.025   1.0784154e+13
      275.075   1.1007105e+13
      275.125   1.1930268e+13
      275.175   1.3191245e+13
      275.225   1.4566898e+13
      275.275   1.5778096e+13
      275.325   1.6430727e+13
      275.375   1.6414713e+13
      275.425   1.5857989e+13
      275.475   1.5258564e+13
      275.525   1.4791360e+13
      275.575   1.4300103e+13
      275.625   1.3801471e+13
      275.675   1.3683460e+13
      275.725   1.4275394e+13
      275.775   1.5363907e+13
      275.825   1.6895588e+13
      275.875   1.8946472e+13
      275.925   2.0877957e+13
      275.975   2.1696410e+13
      276.025   2.1525167e+13
      276.075   2.1186009e+13
      276.125   2.1028691e+13
      276.175   2.0718450e+13
      276.225   1.9982751e+13
      276.275   1.9340842e+13
      276.325   1.9340343e+13
      276.375   2.0126284e+13
      276.425   2.1144839e+13
      276.475   2.2036780e+13
      276.525   2.2839189e+13
      276.575   2.3421345e+13
      276.625   2.3383740e+13
      276.675   2.2803528e+13
      276.725   2.2200951e+13
      276.775   2.1767696e+13
      276.825   2.1517996e+13
      276.875   2.1231694e+13
      276.925   2.0899543e+13
      276.975   2.0772805e+13
      277.025   2.1073853e+13
      277.075   2.1695228e+13
      277.125   2.2209568e+13
      277.175   2.2440531e+13
      277.225   2.2160513e+13
      277.275   2.1624898e+13
      277.325   2.1524137e+13
      277.375   2.1847274e+13
      277.425   2.2211784e+13
      277.475   2.2172937e+13
      277.525   2.1709427e+13
      277.575   2.1161657e+13
      277.625   2.0555166e+13
      277.675   1.9811699e+13
      277.725   1.9163433e+13
      277.775   1.8802430e+13
      277.825   1.8347853e+13
      277.875   1.7549750e+13
      277.925   1.6797215e+13
      277.975   1.6350582e+13
      278.025   1.5992733e+13
      278.075   1.5702230e+13
      278.125   1.5505978e+13
      278.175   1.5341279e+13
      278.225   1.5231869e+13
      278.275   1.5189898e+13
      278.325   1.5031766e+13
      278.375   1.4685177e+13
      278.425   1.4429520e+13
      278.475   1.4358570e+13
      278.525   1.4422482e+13
      278.575   1.4435461e+13
      278.625   1.4303950e+13
      278.675   1.4122493e+13
      278.725   1.3848699e+13
      278.775   1.3385051e+13
      278.825   1.2767366e+13
      278.875   1.2183519e+13
      278.925   1.1743564e+13
      278.975   1.1370336e+13
      279.025   1.0922375e+13
      279.075   1.0453378e+13
      279.125   1.0018390e+13
      279.175   9.6049229e+12
      279.225   9.1556091e+12
      279.275   8.7391710e+12
      279.325   8.3702416e+12
      279.375   8.0018027e+12
      279.425   7.6455097e+12
      279.475   7.3371619e+12
      279.525   7.3308603e+12
      279.575   7.6225483e+12
      279.625   7.8959285e+12
      279.675   7.6529894e+12
      279.725   7.0597997e+12
      279.775   6.6568445e+12
      279.825   6.4998856e+12
      279.875   6.5099975e+12
      279.925   6.6263041e+12
      279.975   6.7795192e+12
      280.025   6.9137107e+12
      280.075   6.9647166e+12
      280.125   6.9177512e+12
      280.175   6.8616683e+12
      280.225   6.8981604e+12
      280.275   7.2184035e+12
      280.325   7.6501779e+12
      280.375   7.8139584e+12
      280.425   7.7519540e+12
      280.475   7.7689892e+12
      280.525   8.0402746e+12
      280.575   8.5028866e+12
      280.625   9.0069123e+12
      280.675   9.5061299e+12
      280.725   1.0016847e+13
      280.775   1.0571561e+13
      280.825   1.1172994e+13
      280.875   1.1804708e+13
      280.925   1.2482864e+13
      280.975   1.3186855e+13
      281.025   1.3804453e+13
      281.075   1.4235264e+13
      281.125   1.4537241e+13
      281.175   1.4830403e+13
      281.225   1.5169461e+13
      281.275   1.5598451e+13
      281.325   1.6053286e+13
      281.375   1.6566879e+13
      281.425   1.7441685e+13
      281.475   1.8580984e+13
      281.525   1.9518866e+13
      281.575   2.0104775e+13
      281.625   2.0323499e+13
      281.675   2.0363443e+13
      281.725   2.0442335e+13
      281.775   2.0625120e+13
      281.825   2.0934402e+13
      281.875   2.1528060e+13
      281.925   2.2186872e+13
      281.975   2.2677491e+13
      282.025   2.3140491e+13
      282.075   2.3605066e+13
      282.125   2.3876904e+13
      282.175   2.3912691e+13
      282.225   2.3927776e+13
      282.275   2.4013186e+13
      282.325   2.4159038e+13
      282.375   2.4554017e+13
      282.425   2.5228383e+13
      282.475   2.5860636e+13
      282.525   2.5890392e+13
      282.575   2.5319503e+13
      282.625   2.4675168e+13
      282.675   2.4368636e+13
      282.725   2.4731001e+13
      282.775   2.5209649e+13
      282.825   2.5361892e+13
      282.875   2.5495761e+13
      282.925   2.5871176e+13
      282.975   2.6430356e+13
      283.025   2.6885315e+13
      283.075   2.7009299e+13
      283.125   2.6880155e+13
      283.175   2.6801829e+13
      283.225   2.6642328e+13
      283.275   2.6268623e+13
      283.325   2.5993908e+13
      283.375   2.6092490e+13
      283.425   2.6121151e+13
      283.475   2.5641238e+13
      283.525   2.4892625e+13
      283.575   2.3946970e+13
      283.625   2.3121389e+13
      283.675   2.3157455e+13
      283.725   2.3986388e+13
      283.775   2.5001509e+13
      283.825   2.5557936e+13
      283.875   2.5411049e+13
      283.925   2.5059100e+13
      283.975   2.4649761e+13
      284.025   2.4082650e+13
      284.075   2.3321863e+13
      284.125   2.2604139e+13
      284.175   2.2233473e+13
      284.225   2.2225297e+13
      284.275   2.2109519e+13
      284.325   2.1321820e+13
      284.375   2.0065086e+13
      284.425   1.8987047e+13
      284.475   1.8685102e+13
      284.525   1.8942799e+13
      284.575   1.8963990e+13
      284.625   1.8369972e+13
      284.675   1.7326243e+13
      284.725   1.6316120e+13
      284.775   1.5487909e+13
      284.825   1.4665161e+13
      284.875   1.3738646e+13
      284.925   1.2767241e+13
      284.975   1.1954262e+13
      285.025   1.1231815e+13
      285.075   1.0527346e+13
      285.125   9.8616740e+12
      285.175   9.2223276e+12
      285.225   8.7332358e+12
      285.275   8.4322263e+12
      285.325   8.4035190e+12
      285.375   8.7222657e+12
      285.425   9.3134509e+12
      285.475   1.0062721e+13
      285.525   1.0810853e+13
      285.575   1.1640149e+13
      285.625   1.2482946e+13
      285.675   1.3292435e+13
      285.725   1.4143846e+13
      285.775   1.5090086e+13
      285.825   1.6079728e+13
      285.875   1.7000898e+13
      285.925   1.7850000e+13
      285.975   1.8896084e+13
      286.025   2.0270216e+13
      286.075   2.1505665e+13
      286.125   2.2205485e+13
      286.175   2.2584514e+13
      286.225   2.3051368e+13
      286.275   2.3536188e+13
      286.325   2.3869245e+13
      286.375   2.4265391e+13
      286.425   2.4777322e+13
      286.475   2.5466686e+13
      286.525   2.6034686e+13
      286.575   2.6264721e+13
      286.625   2.6538047e+13
      286.675   2.6945114e+13
      286.725   2.6914273e+13
      286.775   2.6488402e+13
      286.825   2.6236980e+13
      286.875   2.6337958e+13
      286.925   2.6407213e+13
      286.975   2.6436665e+13
      287.025   2.6928278e+13
      287.075   2.8156610e+13
      287.125   2.9858130e+13
      287.175   3.1348657e+13
      287.225   3.2130085e+13
      287.275   3.2296746e+13
      287.325   3.1975738e+13
      287.375   3.1256467e+13
      287.425   3.0360831e+13
      287.475   2.9742498e+13
      287.525   2.9603348e+13
      287.575   2.9505739e+13
      287.625   2.9091030e+13
      287.675   2.8397378e+13
      287.725   2.7954736e+13
      287.775   2.7993229e+13
      287.825   2.8187533e+13
      287.875   2.7881783e+13
      287.925   2.6872378e+13
      287.975   2.5497876e+13
      288.025   2.4159573e+13
      288.075   2.3069316e+13
      288.125   2.2071687e+13
      288.175   2.1003233e+13
      288.225   2.0254157e+13
      288.275   2.0468032e+13
      288.325   2.1668798e+13
      288.375   2.3472579e+13
      288.425   2.5554960e+13
      288.475   2.7732961e+13
      288.525   2.9919926e+13
      288.575   3.1786298e+13
      288.625   3.2888814e+13
      288.675   3.3283862e+13
      288.725   3.3421608e+13
      288.775   3.3710379e+13
      288.825   3.4029928e+13
      288.875   3.4338441e+13
      288.925   3.4862808e+13
      288.975   3.5403638e+13
      289.025   3.5759083e+13
      289.075   3.6242711e+13
      289.125   3.6959594e+13
      289.175   3.7581404e+13
      289.225   3.8205622e+13
      289.275   3.8932039e+13
      289.325   3.9410200e+13
      289.375   3.9835793e+13
      289.425   4.0524189e+13
      289.475   4.1448332e+13
      289.525   4.2425522e+13
      289.575   4.3900149e+13
      289.625   4.5991410e+13
      289.675   4.7635091e+13
      289.725   4.8371328e+13
      289.775   4.8778905e+13
      289.825   4.9195319e+13
      289.875   4.9876747e+13
      289.925   5.0876761e+13
      289.975   5.2315569e+13
      290.025   5.4164353e+13
      290.075   5.6022921e+13
      290.125   5.7352415e+13
      290.175   5.7095632e+13
      290.225   5.5730646e+13
      290.275   5.4991697e+13
      290.325   5.5901981e+13
      290.375   5.7740992e+13
      290.425   5.9073938e+13
      290.475   5.9526770e+13
      290.525   5.9634610e+13
      290.575   5.9439408e+13
      290.625   5.8645394e+13
      290.675   5.7761949e+13
      290.725   5.7212179e+13
      290.775   5.7057128e+13
      290.825   5.6777919e+13
      290.875   5.6117712e+13
      290.925   5.5754409e+13
      290.975   5.5754669e+13
      291.025   5.5716419e+13
      291.075   5.5553842e+13
      291.125   5.5441682e+13
      291.175   5.5526262e+13
      291.225   5.5791217e+13
      291.275   5.6617435e+13
      291.325   5.8363446e+13
      291.375   5.9709362e+13
      291.425   5.9375641e+13
      291.475   5.7658574e+13
      291.525   5.5752909e+13
      291.575   5.4422383e+13
      291.625   5.3642638e+13
      291.675   5.3487071e+13
      291.725   5.3785237e+13
      291.775   5.3610977e+13
      291.825   5.2757606e+13
      291.875   5.2110891e+13
      291.925   5.2160528e+13
      291.975   5.2711843e+13
      292.025   5.3100437e+13
      292.075   5.2888076e+13
      292.125   5.2604356e+13
      292.175   5.2746467e+13
      292.225   5.2834253e+13
      292.275   5.2618718e+13
      292.325   5.1953201e+13
      292.375   5.0577110e+13
      292.425   4.8768795e+13
      292.475   4.7686441e+13
      292.525   4.7733716e+13
      292.575   4.7847850e+13
      292.625   4.7128201e+13
      292.675   4.6179927e+13
      292.725   4.5959736e+13
      292.775   4.6737503e+13
      292.825   4.7707246e+13
      292.875   4.7229748e+13
      292.925   4.5977565e+13
      292.975   4.5903798e+13
      293.025   4.8399416e+13
      293.075   5.2124074e+13
      293.125   5.4450537e+13
      293.175   5.5020077e+13
      293.225   5.5380591e+13
      293.275   5.5730294e+13
      293.325   5.4993732e+13
      293.375   5.3962874e+13
      293.425   5.3685547e+13
      293.475   5.4529976e+13
      293.525   5.5857000e+13
      293.575   5.6080780e+13
      293.625   5.4424125e+13
      293.675   5.0713417e+13
      293.725   4.6344884e+13
      293.775   4.4352515e+13
      293.825   4.4942059e+13
      293.875   4.6048721e+13
      293.925   4.6671093e+13
      293.975   4.7147481e+13
      294.025   4.8079685e+13
      294.075   4.8774352e+13
      294.125   4.8462717e+13
      294.175   4.7466979e+13
      294.225   4.7354160e+13
      294.275   4.8631775e+13
      294.325   5.0292858e+13
      294.375   5.1178398e+13
      294.425   5.0185556e+13
      294.475   4.8873583e+13
      294.525   4.8869284e+13
      294.575   5.0399226e+13
      294.625   5.2399095e+13
      294.675   5.2728685e+13
      294.725   5.0816466e+13
      294.775   4.7252365e+13
      294.825   4.3318944e+13
      294.875   4.1440258e+13
      294.925   4.1821851e+13
      294.975   4.3146652e+13
      295.025   4.5378926e+13
      295.075   4.8278820e+13
      295.125   5.0899338e+13
      295.175   5.2652589e+13
      295.225   5.4156621e+13
      295.275   5.5115186e+13
      295.325   5.4362110e+13
      295.375   5.2065805e+13
      295.425   4.9598260e+13
      295.475   4.8974382e+13
      295.525   5.1036927e+13
      295.575   5.3378831e+13
      295.625   5.4168782e+13
      295.675   5.3292427e+13
      295.725   5.1707125e+13
      295.775   5.1021774e+13
      295.825   5.1877005e+13
      295.875   5.4099715e+13
      295.925   5.5954719e+13
      295.975   5.5877904e+13
      296.025   5.4470408e+13
      296.075   5.3287659e+13
      296.125   5.2962244e+13
      296.175   5.3411070e+13
      296.225   5.4348473e+13
      296.275   5.5505674e+13
      296.325   5.6337832e+13
      296.375   5.5964688e+13
      296.425   5.4136929e+13
      296.475   5.1071052e+13
      296.525   4.7295021e+13
      296.575   4.3538908e+13
      296.625   4.0767232e+13
      296.675   3.9064358e+13
      296.725   3.8054472e+13
      296.775   3.8555093e+13
      296.825   4.0760956e+13
      296.875   4.2618407e+13
      296.925   4.2819976e+13
      296.975   4.1637108e+13
      297.025   3.9971025e+13
      297.075   3.9649040e+13
      297.125   4.1294274e+13
      297.175   4.3725771e+13
      297.225   4.5043598e+13
      297.275   4.4181252e+13
      297.325   4.2599726e+13
      297.375   4.2102003e+13
      297.425   4.3940348e+13
      297.475   4.7687965e+13
      297.525   5.0829240e+13
      297.575   5.2387273e+13
      297.625   5.2774080e+13
      297.675   5.3439938e+13
      297.725   5.5569743e+13
      297.775   5.8012184e+13
      297.825   5.9108144e+13
      297.875   5.8118868e+13
      297.925   5.5215844e+13
      297.975   5.2472622e+13
      298.025   5.0837027e+13
      298.075   4.9475438e+13
      298.125   4.7443267e+13
      298.175   4.4681755e+13
      298.225   4.2389864e+13
      298.275   4.1574613e+13
      298.325   4.1274266e+13
      298.375   3.9781124e+13
      298.425   3.7861990e+13
      298.475   3.6838502e+13
      298.525   3.6714340e+13
      298.575   3.7078036e+13
      298.625   3.7770339e+13
      298.675   3.9044286e+13
      298.725   4.0320335e+13
      298.775   4.0935535e+13
      298.825   4.1721154e+13
      298.875   4.3391487e+13
      298.925   4.5628780e+13
      298.975   4.8141298e+13
      299.025   5.0786917e+13
      299.075   5.2703626e+13
      299.125   5.3339096e+13
      299.175   5.2726951e+13
      299.225   5.1180763e+13
      299.275   4.9891309e+13
      299.325   4.9011720e+13
      299.375   4.7874557e+13
      299.425   4.5505803e+13
      299.475   4.2421605e+13
      299.525   4.0927294e+13
      299.575   4.1823642e+13
      299.625   4.4494012e+13
      299.675   4.7352660e+13
      299.725   4.9161201e+13
      299.775   5.0211837e+13
      299.825   5.0221433e+13
      299.875   4.8411152e+13
      299.925   4.4980343e+13
      299.975   4.1386822e+13
      300.025   3.9113014e+13
      300.075   3.6863016e+13
      300.125   3.5357558e+13
      300.175   3.4657305e+13
      300.225   3.4580618e+13
      300.275   3.4457697e+13
      300.325   3.4033722e+13
      300.375   3.4196091e+13
      300.425   3.5459644e+13
      300.475   3.8181598e+13
      300.525   4.1113071e+13
      300.575   4.2496720e+13
      300.625   4.2682448e+13
      300.675   4.2087319e+13
      300.725   4.0763349e+13
      300.775   3.9302994e+13
      300.825   3.8234546e+13
      300.875   3.7853351e+13
      300.925   3.8273549e+13
      300.975   3.9255841e+13
      301.025   4.0807754e+13
      301.075   4.3113937e+13
      301.125   4.5472880e+13
      301.175   4.6149536e+13
      301.225   4.4947296e+13
      301.275   4.4291066e+13
      301.325   4.5080677e+13
      301.375   4.6210425e+13
      301.425   4.6678912e+13
      301.475   4.6439337e+13
      301.525   4.6149141e+13
      301.575   4.5908252e+13
      301.625   4.5622543e+13
      301.675   4.5215091e+13
      301.725   4.4515444e+13
      301.775   4.3204838e+13
      301.825   4.1353300e+13
      301.875   3.9724232e+13
      301.925   3.8561001e+13
      301.975   3.7427740e+13
      302.025   3.6148365e+13
      302.075   3.4629567e+13
      302.125   3.3460003e+13
      302.175   3.3666492e+13
      302.225   3.5421379e+13
      302.275   3.8817800e+13
      302.325   4.3116749e+13
      302.375   4.6490711e+13
      302.425   4.7824003e+13
      302.475   4.7721757e+13
      302.525   4.7555511e+13
      302.575   4.7523408e+13
      302.625   4.7099201e+13
      302.675   4.6996828e+13
      302.725   4.9132613e+13
      302.775   5.3739852e+13
      302.825   5.8020152e+13
      302.875   6.0406378e+13
      302.925   6.0878219e+13
      302.975   6.0163654e+13
      303.025   5.9465335e+13
      303.075   5.9289372e+13
      303.125   5.9357401e+13
      303.175   5.8795685e+13
      303.225   5.8883049e+13
      303.275   6.1197023e+13
      303.325   6.3935131e+13
      303.375   6.5223629e+13
      303.425   6.4907765e+13
      303.475   6.4430872e+13
      303.525   6.4568086e+13
      303.575   6.5058523e+13
      303.625   6.4958130e+13
      303.675   6.3388194e+13
      303.725   6.0796843e+13
      303.775   5.6938353e+13
      303.825   5.3424370e+13
      303.875   5.3056876e+13
      303.925   5.4952606e+13
      303.975   5.7149399e+13
      304.025   5.8243665e+13
      304.075   5.7756062e+13
      304.125   5.6631683e+13
      304.175   5.5571989e+13
      304.225   5.4467687e+13
      304.275   5.3932605e+13
      304.325   5.4862998e+13
      304.375   5.7178065e+13
      304.425   5.9584898e+13
      304.475   6.1034751e+13
      304.525   6.1750468e+13
      304.575   6.2297172e+13
      304.625   6.2944610e+13
      304.675   6.3087329e+13
      304.725   6.1006380e+13
      304.775   5.7309896e+13
      304.825   5.4555910e+13
      304.875   5.4010352e+13
      304.925   5.6108216e+13
      304.975   5.9374585e+13
      305.025   6.1958155e+13
      305.075   6.3110940e+13
      305.125   6.2600308e+13
      305.175   6.3104146e+13
      305.225   6.5665690e+13
      305.275   6.8035681e+13
      305.325   6.8265392e+13
      305.375   6.5909948e+13
      305.425   6.2489776e+13
      305.475   5.9940077e+13
      305.525   5.8612301e+13
      305.575   5.8567688e+13
      305.625   5.9124954e+13
      305.675   5.8804098e+13
      305.725   5.6885658e+13
      305.775   5.3248326e+13
      305.825   4.9637442e+13
      305.875   4.7888217e+13
      305.925   4.7502813e+13
      305.975   4.7586642e+13
      306.025   4.8828569e+13
      306.075   5.1406522e+13
      306.125   5.4388486e+13
      306.175   5.7036661e+13
      306.225   5.9165917e+13
      306.275   6.0187722e+13
      306.325   6.0159637e+13
      306.375   5.9416877e+13
      306.425   5.7839011e+13
      306.475   5.6085601e+13
      306.525   5.5425106e+13
      306.575   5.6176144e+13
      306.625   5.7025113e+13
      306.675   5.6158173e+13
      306.725   5.4192847e+13
      306.775   5.3156604e+13
      306.825   5.3608308e+13
      306.875   5.5527182e+13
      306.925   5.8458179e+13
      306.975   6.1279008e+13
      307.025   6.3136975e+13
      307.075   6.4215716e+13
      307.125   6.4794396e+13
      307.175   6.4903576e+13
      307.225   6.4560267e+13
      307.275   6.3635785e+13
      307.325   6.2945636e+13
      307.375   6.3403412e+13
      307.425   6.4213513e+13
      307.475   6.4408179e+13
      307.525   6.3854717e+13
      307.575   6.2058409e+13
      307.625   6.0346944e+13
      307.675   6.0567287e+13
      307.725   6.2829701e+13
      307.775   6.4817038e+13
      307.825   6.4321474e+13
      307.875   6.2932328e+13
      307.925   6.2632006e+13
      307.975   6.3943460e+13
      308.025   6.5667315e+13
      308.075   6.5974498e+13
      308.125   6.5105300e+13
      308.175   6.3462342e+13
      308.225   6.1135744e+13
      308.275   5.9485737e+13
      308.325   5.9298516e+13
      308.375   5.9640006e+13
      308.425   6.0284998e+13
      308.475   6.2264470e+13
      308.525   6.4906008e+13
      308.575   6.6536849e+13
      308.625   6.6718028e+13
      308.675   6.5637026e+13
      308.725   6.3743199e+13
      308.775   6.1695724e+13
      308.825   5.9714460e+13
      308.875   5.8428481e+13
      308.925   5.8503069e+13
      308.975   5.8465774e+13
      309.025   5.7418485e+13
      309.075   5.6073423e+13
      309.125   5.4292128e+13
      309.175   5.2092455e+13
      309.225   5.0392088e+13
      309.275   4.9171155e+13
      309.325   4.7565467e+13
      309.375   4.6071848e+13
      309.425   4.6220409e+13
      309.475   4.8209025e+13
      309.525   5.1071596e+13
      309.575   5.3101438e+13
      309.625   5.3475409e+13
      309.675   5.2161651e+13
      309.725   4.9630422e+13
      309.775   4.7928735e+13
      309.825   4.8372683e+13
      309.875   4.9901488e+13
      309.925   5.1053565e+13
      309.975   5.0768272e+13
      310.025   4.8715580e+13
      310.075   4.6555081e+13
      310.125   4.5694474e+13
      310.175   4.6537497e+13
      310.225   4.8411609e+13
      310.275   5.0913411e+13
      310.325   5.4685370e+13
      310.375   5.9801832e+13
      310.425   6.4371398e+13
      310.475   6.7136001e+13
      310.525   6.8849683e+13
      310.575   6.9893314e+13
      310.625   7.0792455e+13
      310.675   7.2266627e+13
      310.725   7.4304129e+13
      310.775   7.6267624e+13
      310.825   7.8033599e+13
      310.875   8.0112079e+13
      310.925   8.1500315e+13
      310.975   8.1818609e+13
      311.025   8.1381683e+13
      311.075   8.0094534e+13
      311.125   7.9227206e+13
      311.175   7.9616332e+13
      311.225   8.0307262e+13
      311.275   8.0846640e+13
      311.325   8.1682377e+13
      311.375   8.2109137e+13
      311.425   8.1039177e+13
      311.475   7.8797778e+13
      311.525   7.7364911e+13
      311.575   7.7792744e+13
      311.625   7.8245904e+13
      311.675   7.7118594e+13
      311.725   7.4158618e+13
      311.775   7.1461159e+13
      311.825   7.0258416e+13
      311.875   6.9428862e+13
      311.925   6.8458752e+13
      311.975   6.7471073e+13
      312.025   6.6455784e+13
      312.075   6.5825706e+13
      312.125   6.5770009e+13
      312.175   6.5892813e+13
      312.225   6.5878468e+13
      312.275   6.5983357e+13
      312.325   6.6861195e+13
      312.375   6.8723745e+13
      312.425   7.0825288e+13
      312.475   7.1978190e+13
      312.525   7.1660562e+13
      312.575   6.9563835e+13
      312.625   6.7496382e+13
      312.675   6.7309916e+13
      312.725   6.8152115e+13
      312.775   6.9341626e+13
      312.825   7.0532664e+13
      312.875   7.1023496e+13
      312.925   7.0734066e+13
      312.975   7.0739961e+13
      313.025   7.1612574e+13
      313.075   7.1912238e+13
      313.125   7.1193928e+13
      313.175   7.0864986e+13
      313.225   7.1206971e+13
      313.275   7.1294546e+13
      313.325   7.1070462e+13
      313.375   7.1160046e+13
      313.425   7.1088682e+13
      313.475   7.0432065e+13
      313.525   7.0665159e+13
      313.575   7.2160736e+13
      313.625   7.3389482e+13
      313.675   7.3748132e+13
      313.725   7.3929367e+13
      313.775   7.5107946e+13
      313.825   7.6854293e+13
      313.875   7.8373893e+13
      313.925   7.9293206e+13
      313.975   7.9303932e+13
      314.025   7.8509004e+13
      314.075   7.7327003e+13
      314.125   7.6734049e+13
      314.175   7.6900218e+13
      314.225   7.6417480e+13
      314.275   7.4618349e+13
      314.325   7.1401520e+13
      314.375   6.6922623e+13
      314.425   6.2308056e+13
      314.475   5.9104696e+13
      314.525   5.8268191e+13
      314.575   5.9945784e+13
      314.625   6.2880699e+13
      314.675   6.5357034e+13
      314.725   6.6958443e+13
      314.775   6.7590824e+13
      314.825   6.8329645e+13
      314.875   7.0169567e+13
      314.925   7.2486809e+13
      314.975   7.4270038e+13
      315.025   7.4353235e+13
      315.075   7.3295906e+13
      315.125   7.2749691e+13
      315.175   7.2905898e+13
      315.225   7.3078911e+13
      315.275   7.2730747e+13
      315.325   7.2492712e+13
      315.375   7.2632271e+13
      315.425   7.2452427e+13
      315.475   7.1251210e+13
      315.525   6.9807581e+13
      315.575   6.8997907e+13
      315.625   6.8313552e+13
      315.675   6.6814135e+13
      315.725   6.4063160e+13
      315.775   6.0754348e+13
      315.825   5.7994521e+13
      315.875   5.6342774e+13
      315.925   5.5171142e+13
      315.975   5.4503564e+13
      316.025   5.4757959e+13
      316.075   5.5588440e+13
      316.125   5.6090744e+13
      316.175   5.6423022e+13
      316.225   5.7426578e+13
      316.275   5.9269642e+13
      316.325   6.1868622e+13
      316.375   6.4744402e+13
      316.425   6.6655775e+13
      316.475   6.7109972e+13
      316.525   6.7095372e+13
      316.575   6.7948148e+13
      316.625   6.9207069e+13
      316.675   6.9969995e+13
      316.725   7.1298382e+13
      316.775   7.3984213e+13
      316.825   7.5647397e+13
      316.875   7.5349272e+13
      316.925   7.5287617e+13
      316.975   7.6796680e+13
      317.025   7.9545334e+13
      317.075   8.2506619e+13
      317.125   8.5112231e+13
      317.175   8.7190134e+13
      317.225   8.8303952e+13
      317.275   8.8862889e+13
      317.325   8.9102122e+13
      317.375   8.8691871e+13
      317.425   8.7914223e+13
      317.475   8.7108972e+13
      317.525   8.5987149e+13
      317.575   8.4964014e+13
      317.625   8.5050066e+13
      317.675   8.6262689e+13
      317.725   8.6679194e+13
      317.775   8.5456207e+13
      317.825   8.2468068e+13
      317.875   7.7883145e+13
      317.925   7.3897528e+13
      317.975   7.0853173e+13
      318.025   6.7825180e+13
      318.075   6.6099249e+13
      318.125   6.5719639e+13
      318.175   6.5128234e+13
      318.225   6.4407608e+13
      318.275   6.4475221e+13
      318.325   6.5359504e+13
      318.375   6.6181301e+13
      318.425   6.6952673e+13
      318.475   6.7894068e+13
      318.525   6.8695169e+13
      318.575   6.9615168e+13
      318.625   7.1041850e+13
      318.675   7.2282993e+13
      318.725   7.2703416e+13
      318.775   7.3145446e+13
      318.825   7.4234090e+13
      318.875   7.5274565e+13
      318.925   7.6671232e+13
      318.975   7.9437506e+13
      319.025   8.1052014e+13
      319.075   7.9524827e+13
      319.125   7.6506982e+13
      319.175   7.3208119e+13
      319.225   7.0309270e+13
      319.275   6.8181523e+13
      319.325   6.6682954e+13
      319.375   6.6689096e+13
      319.425   6.8505103e+13
      319.475   7.0797050e+13
      319.525   7.2400127e+13
      319.575   7.3539972e+13
      319.625   7.4558191e+13
      319.675   7.5212855e+13
      319.725   7.5621816e+13
      319.775   7.6295975e+13
      319.825   7.8282825e+13
      319.875   8.2169223e+13
      319.925   8.5343325e+13
      319.975   8.6268242e+13
      320.025   8.4992553e+13
      320.075   8.2700663e+13
      320.125   8.2210046e+13
      320.175   8.4215708e+13
      320.225   8.6672712e+13
      320.275   8.7131147e+13
      320.325   8.6536766e+13
      320.375   8.6898270e+13
      320.425   8.8504625e+13
      320.475   9.0595236e+13
      320.525   9.1354643e+13
      320.575   9.0437426e+13
      320.625   8.9119128e+13
      320.675   8.8846497e+13
      320.725   8.9211760e+13
      320.775   8.8487597e+13
      320.825   8.6773453e+13
      320.875   8.4303075e+13
      320.925   8.1116372e+13
      320.975   7.8307199e+13
      321.025   7.6425155e+13
      321.075   7.4661698e+13
      321.125   7.2553815e+13
      321.175   7.0603379e+13
      321.225   6.9196349e+13
      321.275   6.8544520e+13
      321.325   6.8678057e+13
      321.375   6.8369051e+13
      321.425   6.7547092e+13
      321.475   6.7520922e+13
      321.525   6.8773596e+13
      321.575   7.0913830e+13
      321.625   7.2988410e+13
      321.675   7.3914996e+13
      321.725   7.3770329e+13
      321.775   7.3889124e+13
      321.825   7.5608125e+13
      321.875   7.8496129e+13
      321.925   8.0952271e+13
      321.975   8.1860078e+13
      322.025   8.1024733e+13
      322.075   8.0935825e+13
      322.125   8.2026693e+13
      322.175   8.1633579e+13
      322.225   7.8666949e+13
      322.275   7.5276416e+13
      322.325   7.3941576e+13
      322.375   7.4024650e+13
      322.425   7.4940360e+13
      322.475   7.6393667e+13
      322.525   7.6247317e+13
      322.575   7.3913926e+13
      322.625   7.0935436e+13
      322.675   6.8955444e+13
      322.725   6.8423376e+13
      322.775   6.7879992e+13
      322.825   6.6732858e+13
      322.875   6.5271947e+13
      322.925   6.4282794e+13
      322.975   6.3944574e+13
      323.025   6.3899775e+13
      323.075   6.4822157e+13
      323.125   6.7105767e+13
      323.175   6.9409699e+13
      323.225   7.1084261e+13
      323.275   7.2109803e+13
      323.325   7.2032302e+13
      323.375   7.1241878e+13
      323.425   7.0287514e+13
      323.475   6.9227909e+13
      323.525   6.8356047e+13
      323.575   6.9439024e+13
      323.625   7.1288598e+13
      323.675   7.1464708e+13
      323.725   7.1128851e+13
      323.775   7.2141965e+13
      323.825   7.5032647e+13
      323.875   7.7562469e+13
      323.925   7.7950352e+13
      323.975   7.6846006e+13
      324.025   7.7241826e+13
      324.075   8.0307022e+13
      324.125   8.3261037e+13
      324.175   8.4503191e+13
      324.225   8.3825532e+13
      324.275   8.3031612e+13
      324.325   8.3578446e+13
      324.375   8.4015931e+13
      324.425   8.3647995e+13
      324.475   8.3847960e+13
      324.525   8.5271360e+13
      324.575   8.6705641e+13
      324.625   8.7805620e+13
      324.675   8.8662694e+13
      324.725   8.8246749e+13
      324.775   8.6151383e+13
      324.825   8.3860113e+13
      324.875   8.2995223e+13
      324.925   8.3271546e+13
      324.975   8.3958048e+13
      325.025   8.4989321e+13
      325.075   8.5828427e+13
      325.125   8.6220181e+13
      325.175   8.6963692e+13
      325.225   8.8378435e+13
      325.275   8.9893363e+13
      325.325   9.1184792e+13
      325.375   9.2346264e+13
      325.425   9.3242279e+13
      325.475   9.3990075e+13
      325.525   9.6572981e+13
      325.575   1.0122672e+14
      325.625   1.0457604e+14
      325.675   1.0581981e+14
      325.725   1.0654674e+14
      325.775   1.0722629e+14
      325.825   1.0745946e+14
      325.875   1.0745082e+14
      325.925   1.0856409e+14
      325.975   1.1066396e+14
      326.025   1.1207657e+14
      326.075   1.1220192e+14
      326.125   1.1197041e+14
      326.175   1.1143665e+14
      326.225   1.1061755e+14
      326.275   1.1070970e+14
      326.325   1.1152273e+14
      326.375   1.1160451e+14
      326.425   1.1021176e+14
      326.475   1.0768099e+14
      326.525   1.0578143e+14
      326.575   1.0503594e+14
      326.625   1.0607094e+14
      326.675   1.0909244e+14
      326.725   1.1150654e+14
      326.775   1.1224386e+14
      326.825   1.1227152e+14
      326.875   1.1235036e+14
      326.925   1.1245215e+14
      326.975   1.1183161e+14
      327.025   1.1067249e+14
      327.075   1.0948035e+14
      327.125   1.0814518e+14
      327.175   1.0631920e+14
      327.225   1.0480231e+14
      327.275   1.0534894e+14
      327.325   1.0785930e+14
      327.375   1.0952354e+14
      327.425   1.0919922e+14
      327.475   1.0837132e+14
      327.525   1.0888718e+14
      327.575   1.1001326e+14
      327.625   1.0964004e+14
      327.675   1.0771459e+14
      327.725   1.0552252e+14
      327.775   1.0467711e+14
      327.825   1.0517222e+14
      327.875   1.0552663e+14
      327.925   1.0458019e+14
      327.975   1.0319573e+14
      328.025   1.0278675e+14
      328.075   1.0331143e+14
      328.125   1.0441855e+14
      328.175   1.0515809e+14
      328.225   1.0476913e+14
      328.275   1.0376481e+14
      328.325   1.0297958e+14
      328.375   1.0368923e+14
      328.425   1.0556749e+14
      328.475   1.0660647e+14
      328.525   1.0608544e+14
      328.575   1.0489365e+14
      328.625   1.0382453e+14
      328.675   1.0228166e+14
      328.725   1.0004288e+14
      328.775   9.8835159e+13
      328.825   1.0027356e+14
      328.875   1.0319690e+14
      328.925   1.0563467e+14
      328.975   1.0858666e+14
      329.025   1.1303016e+14
      329.075   1.1627034e+14
      329.125   1.1699537e+14
      329.175   1.1708662e+14
      329.225   1.1739870e+14
      329.275   1.1784675e+14
      329.325   1.1877115e+14
      329.375   1.2048650e+14
      329.425   1.2260460e+14
      329.475   1.2394002e+14
      329.525   1.2366433e+14
      329.575   1.2275278e+14
      329.625   1.2274283e+14
      329.675   1.2367301e+14
      329.725   1.2484682e+14
      329.775   1.2542299e+14
      329.825   1.2515037e+14
      329.875   1.2418187e+14
      329.925   1.2349731e+14
      329.975   1.2406096e+14
      330.025   1.2545613e+14
      330.075   1.2751371e+14
      330.125   1.2899301e+14
      330.175   1.2755418e+14
      330.225   1.2381263e+14
      330.275   1.1999602e+14
      330.325   1.1648308e+14
      330.375   1.1478077e+14
      330.425   1.1503014e+14
      330.475   1.1478118e+14
      330.525   1.1346457e+14
      330.575   1.1055309e+14
      330.625   1.0674153e+14
      330.675   1.0368202e+14
      330.725   1.0225367e+14
      330.775   1.0320241e+14
      330.825   1.0561466e+14
      330.875   1.0773716e+14
      330.925   1.0885054e+14
      330.975   1.0983592e+14
      331.025   1.1049011e+14
      331.075   1.1042369e+14
      331.125   1.1058870e+14
      331.175   1.1124626e+14
      331.225   1.1120605e+14
      331.275   1.0976051e+14
      331.325   1.0848002e+14
      331.375   1.0832039e+14
      331.425   1.0756098e+14
      331.475   1.0607644e+14
      331.525   1.0507653e+14
      331.575   1.0534360e+14
      331.625   1.0683396e+14
      331.675   1.0905068e+14
      331.725   1.1079988e+14
      331.775   1.1148015e+14
      331.825   1.1207133e+14
      331.875   1.1279592e+14
      331.925   1.1299481e+14
      331.975   1.1252022e+14
      332.025   1.1167410e+14
      332.075   1.1054135e+14
      332.125   1.0958169e+14
      332.175   1.0930236e+14
      332.225   1.0871058e+14
      332.275   1.0650709e+14
      332.325   1.0341477e+14
      332.375   1.0180690e+14
      332.425   1.0244628e+14
      332.475   1.0419622e+14
      332.525   1.0654912e+14
      332.575   1.0960285e+14
      332.625   1.1231442e+14
      332.675   1.1314932e+14
      332.725   1.1133557e+14
      332.775   1.0886549e+14
      332.825   1.0807387e+14
      332.875   1.0813640e+14
      332.925   1.0751508e+14
      332.975   1.0514912e+14
      333.025   1.0320921e+14
      333.075   1.0373842e+14
      333.125   1.0613882e+14
      333.175   1.0875961e+14
      333.225   1.0866543e+14
      333.275   1.0742146e+14
      333.325   1.0757864e+14
      333.375   1.0868221e+14
      333.425   1.0863608e+14
      333.475   1.0642843e+14
      333.525   1.0409453e+14
      333.575   1.0213183e+14
      333.625   9.9400621e+13
      333.675   9.6972722e+13
      333.725   9.6365918e+13
      333.775   9.7583268e+13
      333.825   1.0031426e+14
      333.875   1.0318055e+14
      333.925   1.0497186e+14
      333.975   1.0592850e+14
      334.025   1.0601566e+14
      334.075   1.0572363e+14
      334.125   1.0669511e+14
      334.175   1.0774301e+14
      334.225   1.0727149e+14
      334.275   1.0579484e+14
      334.325   1.0595595e+14
      334.375   1.0879086e+14
      334.425   1.1160336e+14
      334.475   1.1290418e+14
      334.525   1.1333147e+14
      334.575   1.1368079e+14
      334.625   1.1430375e+14
      334.675   1.1467838e+14
      334.725   1.1415185e+14
      334.775   1.1331530e+14
      334.825   1.1262598e+14
      334.875   1.1150024e+14
      334.925   1.0829680e+14
      334.975   1.0347877e+14
      335.025   1.0097368e+14
      335.075   1.0237779e+14
      335.125   1.0680246e+14
      335.175   1.1106834e+14
      335.225   1.1257413e+14
      335.275   1.1301113e+14
      335.325   1.1364871e+14
      335.375   1.1357230e+14
      335.425   1.1238463e+14
      335.475   1.1156100e+14
      335.525   1.1183607e+14
      335.575   1.1304501e+14
      335.625   1.1405050e+14
      335.675   1.1333416e+14
      335.725   1.1163952e+14
      335.775   1.1001782e+14
      335.825   1.0783425e+14
      335.875   1.0380121e+14
      335.925   9.8027763e+13
      335.975   9.1900403e+13
      336.025   8.6704711e+13
      336.075   8.3073735e+13
      336.125   8.0826982e+13
      336.175   7.9579596e+13
      336.225   7.9770536e+13
      336.275   8.2553258e+13
      336.325   8.7456064e+13
      336.375   9.2052420e+13
      336.425   9.4948968e+13
      336.475   9.6919168e+13
      336.525   9.8718260e+13
      336.575   9.9682695e+13
      336.625   9.8794273e+13
      336.675   9.6365794e+13
      336.725   9.3563194e+13
      336.775   9.1009616e+13
      336.825   8.8996018e+13
      336.875   8.7571369e+13
      336.925   8.6410334e+13
      336.975   8.4802703e+13
      337.025   8.3780399e+13
      337.075   8.4164331e+13
      337.125   8.5305516e+13
      337.175   8.6054632e+13
      337.225   8.5887561e+13
      337.275   8.5279507e+13
      337.325   8.5128463e+13
      337.375   8.7485928e+13
      337.425   9.1000652e+13
      337.475   9.3027042e+13
      337.525   9.5015381e+13
      337.575   9.8860880e+13
      337.625   1.0290383e+14
      337.675   1.0518884e+14
      337.725   1.0612823e+14
      337.775   1.0650343e+14
      337.825   1.0611206e+14
      337.875   1.0447255e+14
      337.925   1.0165869e+14
      337.975   9.8731073e+13
      338.025   9.5947491e+13
      338.075   9.2844035e+13
      338.125   9.1169765e+13
      338.175   9.3066542e+13
      338.225   9.8086434e+13
      338.275   1.0197680e+14
      338.325   1.0277280e+14
      338.375   1.0246230e+14
      338.425   1.0188628e+14
      338.475   1.0249894e+14
      338.525   1.0457400e+14
      338.575   1.0638678e+14
      338.625   1.0737621e+14
      338.675   1.0862186e+14
      338.725   1.1018334e+14
      338.775   1.0971842e+14
      338.825   1.0701129e+14
      338.875   1.0445982e+14
      338.925   1.0491797e+14
      338.975   1.0808627e+14
      339.025   1.1081701e+14
      339.075   1.1154751e+14
      339.125   1.0960990e+14
      339.175   1.0635592e+14
      339.225   1.0425585e+14
      339.275   1.0255763e+14
      339.325   9.9700205e+13
      339.375   9.7707510e+13
      339.425   9.8558634e+13
      339.475   1.0066948e+14
      339.525   1.0274332e+14
      339.575   1.0535977e+14
      339.625   1.0766211e+14
      339.675   1.0913687e+14
      339.725   1.1076969e+14
      339.775   1.1287647e+14
      339.825   1.1492940e+14
      339.875   1.1663837e+14
      339.925   1.1769684e+14
      339.975   1.1807524e+14
      340.025   1.1935256e+14
      340.075   1.2203673e+14
      340.125   1.2408660e+14
      340.175   1.2358740e+14
      340.225   1.2083620e+14
      340.275   1.1837360e+14
      340.325   1.1737329e+14
      340.375   1.1689050e+14
      340.425   1.1645871e+14
      340.475   1.1518365e+14
      340.525   1.1312815e+14
      340.575   1.1147374e+14
      340.625   1.1152653e+14
      340.675   1.1214316e+14
      340.725   1.1055228e+14
      340.775   1.0732626e+14
      340.825   1.0531997e+14
      340.875   1.0595946e+14
      340.925   1.0665691e+14
      340.975   1.0568905e+14
      341.025   1.0465388e+14
      341.075   1.0505422e+14
      341.125   1.0673731e+14
      341.175   1.0835002e+14
      341.225   1.0908796e+14
      341.275   1.0827459e+14
      341.325   1.0505921e+14
      341.375   1.0141804e+14
      341.425   9.9139153e+13
      341.475   9.7301997e+13
      341.525   9.5957685e+13
      341.575   9.6567860e+13
      341.625   9.9442088e+13
      341.675   1.0282490e+14
      341.725   1.0549794e+14
      341.775   1.0655502e+14
      341.825   1.0710639e+14
      341.875   1.0837670e+14
      341.925   1.1038476e+14
      341.975   1.1334702e+14
      342.025   1.1622716e+14
      342.075   1.1763226e+14
      342.125   1.1731515e+14
      342.175   1.1603502e+14
      342.225   1.1509279e+14
      342.275   1.1391847e+14
      342.325   1.1168001e+14
      342.375   1.0949736e+14
      342.425   1.0839138e+14
      342.475   1.0909877e+14
      342.525   1.1122058e+14
      342.575   1.1363056e+14
      342.625   1.1559855e+14
      342.675   1.1551519e+14
      342.725   1.1319323e+14
      342.775   1.1176836e+14
      342.825   1.1273643e+14
      342.875   1.1434835e+14
      342.925   1.1595717e+14
      342.975   1.1830402e+14
      343.025   1.2163030e+14
      343.075   1.2394342e+14
      343.125   1.2383886e+14
      343.175   1.2228397e+14
      343.225   1.1956133e+14
      343.275   1.1659943e+14
      343.325   1.1397220e+14
      343.375   1.1123867e+14
      343.425   1.0861543e+14
      343.475   1.0841741e+14
      343.525   1.1181609e+14
      343.575   1.1508397e+14
      343.625   1.1495620e+14
      343.675   1.1272799e+14
      343.725   1.0968893e+14
      343.775   1.0643647e+14
      343.825   1.0363141e+14
      343.875   1.0164239e+14
      343.925   1.0064995e+14
      343.975   9.9169031e+13
      344.025   9.5794486e+13
      344.075   9.1280529e+13
      344.125   8.4892336e+13
      344.175   7.9852139e+13
      344.225   7.9349096e+13
      344.275   8.0192064e+13
      344.325   8.1082973e+13
      344.375   8.3673166e+13
      344.425   8.3817354e+13
      344.475   8.4574045e+13
      344.525   8.7448392e+13
      344.575   9.1130961e+13
      344.625   9.3060606e+13
      344.675   9.2884234e+13
      344.725   9.3184317e+13
      344.775   9.5574674e+13
      344.825   9.9373920e+13
      344.875   1.0255321e+14
      344.925   1.0436279e+14
      344.975   1.0538107e+14
      345.025   1.0695696e+14
      345.075   1.0987330e+14
      345.125   1.1258171e+14
      345.175   1.1390082e+14
      345.225   1.1277158e+14
      345.275   1.0939137e+14
      345.325   1.0663396e+14
      345.375   1.0541032e+14
      345.425   1.0605874e+14
      345.475   1.0992340e+14
      345.525   1.1393931e+14
      345.575   1.1512918e+14
      345.625   1.1414818e+14
      345.675   1.1217031e+14
      345.725   1.1052642e+14
      345.775   1.0960714e+14
      345.825   1.0850846e+14
      345.875   1.0600463e+14
      345.925   1.0293125e+14
      345.975   1.0163741e+14
      346.025   1.0142318e+14
      346.075   1.0035718e+14
      346.125   9.9192416e+13
      346.175   9.8621191e+13
      346.225   9.8420874e+13
      346.275   9.9256581e+13
      346.325   1.0234756e+14
      346.375   1.0643624e+14
      346.425   1.0934351e+14
      346.475   1.1120992e+14
      346.525   1.1254993e+14
      346.575   1.1203142e+14
      346.625   1.0871239e+14
      346.675   1.0556423e+14
      346.725   1.0530866e+14
      346.775   1.0803403e+14
      346.825   1.1146561e+14
      346.875   1.1365880e+14
      346.925   1.1453744e+14
      346.975   1.1374241e+14
      347.025   1.1336379e+14
      347.075   1.1504899e+14
      347.125   1.1695241e+14
      347.175   1.1698495e+14
      347.225   1.1421645e+14
      347.275   1.1026251e+14
      347.325   1.0776914e+14
      347.375   1.0680543e+14
      347.425   1.0592156e+14
      347.475   1.0422831e+14
      347.525   1.0222752e+14
      347.575   9.9965940e+13
      347.625   9.7243897e+13
      347.675   9.5755942e+13
      347.725   9.5941686e+13
      347.775   9.6693347e+13
      347.825   9.8905983e+13
      347.875   1.0349154e+14
      347.925   1.0748341e+14
      347.975   1.0944264e+14
      348.025   1.1065950e+14
      348.075   1.1102973e+14
      348.125   1.1092783e+14
      348.175   1.1089235e+14
      348.225   1.1101637e+14
      348.275   1.1082916e+14
      348.325   1.0957976e+14
      348.375   1.0741448e+14
      348.425   1.0573914e+14
      348.475   1.0573264e+14
      348.525   1.0664224e+14
      348.575   1.0696704e+14
      348.625   1.0719726e+14
      348.675   1.0884490e+14
      348.725   1.1256885e+14
      348.775   1.1621917e+14
      348.825   1.1697064e+14
      348.875   1.1529512e+14
      348.925   1.1154486e+14
      348.975   1.0711006e+14
      349.025   1.0400645e+14
      349.075   1.0172551e+14
      349.125   9.9660867e+13
      349.175   9.9413021e+13
      349.225   1.0210388e+14
      349.275   1.0482138e+14
      349.325   1.0437530e+14
      349.375   1.0228808e+14
      349.425   1.0346217e+14
      349.475   1.0755830e+14
      349.525   1.1043993e+14
      349.575   1.1057992e+14
      349.625   1.0823316e+14
      349.675   1.0560394e+14
      349.725   1.0451164e+14
      349.775   1.0449404e+14
      349.825   1.0510540e+14
      349.875   1.0806362e+14
      349.925   1.1313894e+14
      349.975   1.1899576e+14
      350.025   1.2390337e+14
      350.075   1.2547455e+14
      350.125   1.2517251e+14
      350.175   1.2594325e+14
      350.225   1.2754047e+14
      350.275   1.2799885e+14
      350.325   1.2811266e+14
      350.375   1.2997402e+14
      350.425   1.3290831e+14
      350.475   1.3361243e+14
      350.525   1.3041021e+14
      350.575   1.2715171e+14
      350.625   1.2595052e+14
      350.675   1.2541155e+14
      350.725   1.2480833e+14
      350.775   1.2505297e+14
      350.825   1.2649177e+14
      350.875   1.2749706e+14
      350.925   1.2766336e+14
      350.975   1.2700513e+14
      351.025   1.2502077e+14
      351.075   1.2095772e+14
      351.125   1.1740579e+14
      351.175   1.1755366e+14
      351.225   1.1937429e+14
      351.275   1.1923201e+14
      351.325   1.1707877e+14
      351.375   1.1452443e+14
      351.425   1.1238787e+14
      351.475   1.1110587e+14
      351.525   1.1034366e+14
      351.575   1.1046783e+14
      351.625   1.1346324e+14
      351.675   1.1759125e+14
      351.725   1.2045775e+14
      351.775   1.2319789e+14
      351.825   1.2585941e+14
      351.875   1.2662264e+14
      351.925   1.2558946e+14
      351.975   1.2440786e+14
      352.025   1.2231713e+14
      352.075   1.1960567e+14
      352.125   1.1730947e+14
      352.175   1.1477973e+14
      352.225   1.1214554e+14
      352.275   1.1161614e+14
      352.325   1.1219019e+14
      352.375   1.1131512e+14
      352.425   1.0841564e+14
      352.475   1.0384317e+14
      352.525   1.0087398e+14
      352.575   1.0113781e+14
      352.625   1.0216567e+14
      352.675   1.0082093e+14
      352.725   9.9697987e+13
      352.775   1.0255223e+14
      352.825   1.0718303e+14
      352.875   1.1213890e+14
      352.925   1.1649982e+14
      352.975   1.1886024e+14
      353.025   1.1954338e+14
      353.075   1.1981823e+14
      353.125   1.2106821e+14
      353.175   1.2269363e+14
      353.225   1.2278650e+14
      353.275   1.2108522e+14
      353.325   1.1908786e+14
      353.375   1.1921084e+14
      353.425   1.2201056e+14
      353.475   1.2608247e+14
      353.525   1.2963403e+14
      353.575   1.3072723e+14
      353.625   1.3001791e+14
      353.675   1.2967468e+14
      353.725   1.2977707e+14
      353.775   1.2981196e+14
      353.825   1.2962317e+14
      353.875   1.2975937e+14
      353.925   1.3141469e+14
      353.975   1.3501178e+14
      354.025   1.3813300e+14
      354.075   1.3767359e+14
      354.125   1.3488826e+14
      354.175   1.3200868e+14
      354.225   1.3026850e+14
      354.275   1.3025200e+14
      354.325   1.3132157e+14
      354.375   1.3304675e+14
      354.425   1.3497434e+14
      354.475   1.3668208e+14
      354.525   1.3770024e+14
      354.575   1.3746132e+14
      354.625   1.3616784e+14
      354.675   1.3610745e+14
      354.725   1.3738819e+14
      354.775   1.3757441e+14
      354.825   1.3568545e+14
      354.875   1.3301235e+14
      354.925   1.3273464e+14
      354.975   1.3498400e+14
      355.025   1.3694859e+14
      355.075   1.3712680e+14
      355.125   1.3595115e+14
      355.175   1.3442418e+14
      355.225   1.3309996e+14
      355.275   1.3154575e+14
      355.325   1.2958847e+14
      355.375   1.2736336e+14
      355.425   1.2498543e+14
      355.475   1.2266915e+14
      355.525   1.2050147e+14
      355.575   1.2024719e+14
      355.625   1.2256459e+14
      355.675   1.2516631e+14
      355.725   1.2522399e+14
      355.775   1.2380307e+14
      355.825   1.2350123e+14
      355.875   1.2286411e+14
      355.925   1.2047580e+14
      355.975   1.1851920e+14
      356.025   1.1891156e+14
      356.075   1.1991025e+14
      356.125   1.2005764e+14
      356.175   1.1972539e+14
      356.225   1.1975186e+14
      356.275   1.2046057e+14
      356.325   1.2154781e+14
      356.375   1.2249546e+14
      356.425   1.2183369e+14
      356.475   1.1799312e+14
      356.525   1.1172517e+14
      356.575   1.0459420e+14
      356.625   9.7888375e+13
      356.675   9.4481006e+13
      356.725   9.5010393e+13
      356.775   9.7625577e+13
      356.825   1.0056036e+14
      356.875   1.0145117e+14
      356.925   9.9848621e+13
      356.975   9.6566947e+13
      357.025   9.2130479e+13
      357.075   8.7937621e+13
      357.125   8.7043319e+13
      357.175   8.9069906e+13
      357.225   9.1913580e+13
      357.275   9.3717815e+13
      357.325   9.5235866e+13
      357.375   9.7740024e+13
      357.425   9.9257787e+13
      357.475   9.9274818e+13
      357.525   9.9289918e+13
      357.575   9.9869957e+13
      357.625   1.0040698e+14
      357.675   1.0110218e+14
      357.725   1.0202531e+14
      357.775   1.0257520e+14
      357.825   1.0192272e+14
      357.875   9.9054497e+13
      357.925   9.4676259e+13
      357.975   9.1613949e+13
      358.025   9.0298679e+13
      358.075   8.8403063e+13
      358.125   8.3299953e+13
      358.175   7.7470274e+13
      358.225   7.5120047e+13
      358.275   7.5849736e+13
      358.325   7.8373542e+13
      358.375   8.1698206e+13
      358.425   8.3881088e+13
      358.475   8.4109674e+13
      358.525   8.2571244e+13
      358.575   7.9500578e+13
      358.625   7.7715906e+13
      358.675   7.8763370e+13
      358.725   8.0614051e+13
      358.775   8.2043803e+13
      358.825   8.4465507e+13
      358.875   8.8454991e+13
      358.925   9.2024532e+13
      358.975   9.4554652e+13
      359.025   9.6884201e+13
      359.075   1.0049859e+14
      359.125   1.0555184e+14
      359.175   1.1078806e+14
      359.225   1.1552209e+14
      359.275   1.1813285e+14
      359.325   1.1847245e+14
      359.375   1.1751683e+14
      359.425   1.1676757e+14
      359.475   1.1828345e+14
      359.525   1.2112707e+14
      359.575   1.2363304e+14
      359.625   1.2591825e+14
      359.675   1.2854579e+14
      359.725   1.3100106e+14
      359.775   1.3224886e+14
      359.825   1.3225314e+14
      359.875   1.3180859e+14
      359.925   1.3160372e+14
      359.975   1.3176040e+14
      360.025   1.3234027e+14
      360.075   1.3373315e+14
      360.125   1.3512385e+14
      360.175   1.3474710e+14
      360.225   1.3203948e+14
      360.275   1.2740759e+14
      360.325   1.2245098e+14
      360.375   1.1967450e+14
      360.425   1.1853124e+14
      360.475   1.1770776e+14
      360.525   1.1629308e+14
      360.575   1.1382124e+14
      360.625   1.1223094e+14
      360.675   1.1265812e+14
      360.725   1.1374017e+14
      360.775   1.1473519e+14
      360.825   1.1396455e+14
      360.875   1.1035156e+14
      360.925   1.0555994e+14
      360.975   1.0230769e+14
      361.025   1.0233697e+14
      361.075   1.0373660e+14
      361.125   1.0554678e+14
      361.175   1.0840788e+14
      361.225   1.1222837e+14
      361.275   1.1480596e+14
      361.325   1.1489880e+14
      361.375   1.1335226e+14
      361.425   1.1168033e+14
      361.475   1.1235177e+14
      361.525   1.1476282e+14
      361.575   1.1717490e+14
      361.625   1.1919453e+14
      361.675   1.1980591e+14
      361.725   1.1889667e+14
      361.775   1.1699649e+14
      361.825   1.1371024e+14
      361.875   1.0847294e+14
      361.925   1.0238035e+14
      361.975   9.8866434e+13
      362.025   9.9212078e+13
      362.075   1.0432250e+14
      362.125   1.1065387e+14
      362.175   1.1363787e+14
      362.225   1.1539584e+14
      362.275   1.1831543e+14
      362.325   1.2344654e+14
      362.375   1.2671099e+14
      362.425   1.2635489e+14
      362.475   1.2520294e+14
      362.525   1.2548296e+14
      362.575   1.2880605e+14
      362.625   1.3333282e+14
      362.675   1.3716355e+14
      362.725   1.3994672e+14
      362.775   1.4095426e+14
      362.825   1.4049412e+14
      362.875   1.3961898e+14
      362.925   1.3859111e+14
      362.975   1.3778343e+14
      363.025   1.3551066e+14
      363.075   1.3109367e+14
      363.125   1.2495568e+14
      363.175   1.1620714e+14
      363.225   1.1016052e+14
      363.275   1.1053785e+14
      363.325   1.1359346e+14
      363.375   1.1706925e+14
      363.425   1.1975583e+14
      363.475   1.2043584e+14
      363.525   1.1955053e+14
      363.575   1.1940749e+14
      363.625   1.2221310e+14
      363.675   1.2567443e+14
      363.725   1.2682360e+14
      363.775   1.2718520e+14
      363.825   1.2829850e+14
      363.875   1.3016568e+14
      363.925   1.3248182e+14
      363.975   1.3510841e+14
      364.025   1.3719142e+14
      364.075   1.3816963e+14
      364.125   1.3858058e+14
      364.175   1.3836292e+14
      364.225   1.3734001e+14
      364.275   1.3591224e+14
      364.325   1.3426108e+14
      364.375   1.3229395e+14
      364.425   1.3062987e+14
      364.475   1.2941021e+14
      364.525   1.2719499e+14
      364.575   1.2461413e+14
      364.625   1.2382923e+14
      364.675   1.2528581e+14
      364.725   1.2687641e+14
      364.775   1.2524947e+14
      364.825   1.2127231e+14
      364.875   1.1861647e+14
      364.925   1.2016664e+14
      364.975   1.2403855e+14
      365.025   1.2632120e+14
      365.075   1.2779094e+14
      365.125   1.3115525e+14
      365.175   1.3450429e+14
      365.225   1.3653273e+14
      365.275   1.3947726e+14
      365.325   1.4465679e+14
      365.375   1.4903619e+14
      365.425   1.5027826e+14
      365.475   1.5048896e+14
      365.525   1.5147021e+14
      365.575   1.5241432e+14
      365.625   1.5265068e+14
      365.675   1.5358747e+14
      365.725   1.5588320e+14
      365.775   1.5850193e+14
      365.825   1.5949055e+14
      365.875   1.5950157e+14
      365.925   1.6128320e+14
      365.975   1.6393249e+14
      366.025   1.6451112e+14
      366.075   1.6310258e+14
      366.125   1.6210961e+14
      366.175   1.6252266e+14
      366.225   1.6322867e+14
      366.275   1.6256160e+14
      366.325   1.6074450e+14
      366.375   1.5897632e+14
      366.425   1.5721637e+14
      366.475   1.5550424e+14
      366.525   1.5500886e+14
      366.575   1.5645656e+14
      366.625   1.5902589e+14
      366.675   1.5938058e+14
      366.725   1.5670391e+14
      366.775   1.5522848e+14
      366.825   1.5634164e+14
      366.875   1.5743715e+14
      366.925   1.5604811e+14
      366.975   1.5259011e+14
      367.025   1.5026132e+14
      367.075   1.4979804e+14
      367.125   1.5130007e+14
      367.175   1.5407905e+14
      367.225   1.5708058e+14
      367.275   1.5996289e+14
      367.325   1.6134119e+14
      367.375   1.6015091e+14
      367.425   1.5811188e+14
      367.475   1.5661979e+14
      367.525   1.5598333e+14
      367.575   1.5691673e+14
      367.625   1.5791794e+14
      367.675   1.5734602e+14
      367.725   1.5526268e+14
      367.775   1.5217089e+14
      367.825   1.4759407e+14
      367.875   1.4360273e+14
      367.925   1.4349378e+14
      367.975   1.4433133e+14
      368.025   1.4240520e+14
      368.075   1.3916346e+14
      368.125   1.3759441e+14
      368.175   1.3805729e+14
      368.225   1.4128110e+14
      368.275   1.4417814e+14
      368.325   1.4429051e+14
      368.375   1.4462915e+14
      368.425   1.4636131e+14
      368.475   1.4803464e+14
      368.525   1.4774924e+14
      368.575   1.4564718e+14
      368.625   1.4265379e+14
      368.675   1.4068448e+14
      368.725   1.4043032e+14
      368.775   1.3957732e+14
      368.825   1.3696895e+14
      368.875   1.3616261e+14
      368.925   1.3899855e+14
      368.975   1.4231952e+14
      369.025   1.4494595e+14
      369.075   1.4837107e+14
      369.125   1.5269782e+14
      369.175   1.5668731e+14
      369.225   1.6021230e+14
      369.275   1.6284794e+14
      369.325   1.6304326e+14
      369.375   1.6102338e+14
      369.425   1.5833745e+14
      369.475   1.5553115e+14
      369.525   1.5500931e+14
      369.575   1.5707413e+14
      369.625   1.5854882e+14
      369.675   1.5871413e+14
      369.725   1.5862367e+14
      369.775   1.5887551e+14
      369.825   1.5949079e+14
      369.875   1.6049061e+14
      369.925   1.6203089e+14
      369.975   1.6405368e+14
      370.025   1.6621043e+14
      370.075   1.6751190e+14
      370.125   1.6712173e+14
      370.175   1.6468685e+14
      370.225   1.6189272e+14
      370.275   1.5992317e+14
      370.325   1.5839986e+14
      370.375   1.5649139e+14
      370.425   1.5231029e+14
      370.475   1.4695251e+14
      370.525   1.4290937e+14
      370.575   1.3991271e+14
      370.625   1.3624433e+14
      370.675   1.3303703e+14
      370.725   1.3320977e+14
      370.775   1.3545209e+14
      370.825   1.3648102e+14
      370.875   1.3627635e+14
      370.925   1.3703301e+14
      370.975   1.3777746e+14
      371.025   1.3771314e+14
      371.075   1.4056133e+14
      371.125   1.4591820e+14
      371.175   1.4997245e+14
      371.225   1.5241129e+14
      371.275   1.5442899e+14
      371.325   1.5701876e+14
      371.375   1.5946127e+14
      371.425   1.6168264e+14
      371.475   1.6413316e+14
      371.525   1.6569374e+14
      371.575   1.6496247e+14
      371.625   1.6200959e+14
      371.675   1.5831873e+14
      371.725   1.5569269e+14
      371.775   1.5441922e+14
      371.825   1.5300642e+14
      371.875   1.4958692e+14
      371.925   1.4363086e+14
      371.975   1.3595932e+14
      372.025   1.2755513e+14
      372.075   1.2002524e+14
      372.125   1.1596294e+14
      372.175   1.1572520e+14
      372.225   1.1628186e+14
      372.275   1.1599689e+14
      372.325   1.1667820e+14
      372.375   1.2038720e+14
      372.425   1.2620416e+14
      372.475   1.3095709e+14
      372.525   1.3362334e+14
      372.575   1.3586869e+14
      372.625   1.3860992e+14
      372.675   1.4074905e+14
      372.725   1.3973650e+14
      372.775   1.3380793e+14
      372.825   1.2644038e+14
      372.875   1.2422751e+14
      372.925   1.2698091e+14
      372.975   1.3139605e+14
      373.025   1.3421095e+14
      373.075   1.3255633e+14
      373.125   1.2878948e+14
      373.175   1.2572761e+14
      373.225   1.2414417e+14
      373.275   1.2243694e+14
      373.325   1.1868160e+14
      373.375   1.1320583e+14
      373.425   1.0760362e+14
      373.475   1.0279141e+14
      373.525   9.8431888e+13
      373.575   9.5058314e+13
      373.625   9.4188836e+13
      373.675   9.6050333e+13
      373.725   9.7762898e+13
      373.775   9.7572789e+13
      373.825   9.8265836e+13
      373.875   1.0262008e+14
      373.925   1.0935494e+14
      373.975   1.1492907e+14
      374.025   1.1838710e+14
      374.075   1.2156844e+14
      374.125   1.2551903e+14
      374.175   1.2825727e+14
      374.225   1.2817430e+14
      374.275   1.2667126e+14
      374.325   1.2372641e+14
      374.375   1.1891441e+14
      374.425   1.1407932e+14
      374.475   1.1162292e+14
      374.525   1.1181462e+14
      374.575   1.1044472e+14
      374.625   1.0656651e+14
      374.675   1.0326591e+14
      374.725   1.0286500e+14
      374.775   1.0569894e+14
      374.825   1.0793901e+14
      374.875   1.0686905e+14
      374.925   1.0341385e+14
      374.975   9.9870875e+13
      375.025   9.8882884e+13
      375.075   1.0116983e+14
      375.125   1.0629923e+14
      375.175   1.1410827e+14
      375.225   1.2200145e+14
      375.275   1.2790398e+14
      375.325   1.3191131e+14
      375.375   1.3437884e+14
      375.425   1.3681992e+14
      375.475   1.4058197e+14
      375.525   1.4491256e+14
      375.575   1.4820496e+14
      375.625   1.5027059e+14
      375.675   1.5079675e+14
      375.725   1.4926810e+14
      375.775   1.4579391e+14
      375.825   1.3858299e+14
      375.875   1.2927474e+14
      375.925   1.2364076e+14
      375.975   1.2306435e+14
      376.025   1.2645394e+14
      376.075   1.3108020e+14
      376.125   1.3427815e+14
      376.175   1.3609324e+14
      376.225   1.3635807e+14
      376.275   1.3639169e+14
      376.325   1.3749881e+14
      376.375   1.3807473e+14
      376.425   1.3557140e+14
      376.475   1.3212382e+14
      376.525   1.3338367e+14
      376.575   1.3825763e+14
      376.625   1.4116400e+14
      376.675   1.4139852e+14
      376.725   1.3883013e+14
      376.775   1.3533766e+14
      376.825   1.3432961e+14
      376.875   1.3658539e+14
      376.925   1.4114367e+14
      376.975   1.4550159e+14
      377.025   1.4733097e+14
      377.075   1.4671441e+14
      377.125   1.4537426e+14
      377.175   1.4571002e+14
      377.225   1.4881080e+14
      377.275   1.5301769e+14
      377.325   1.5730606e+14
      377.375   1.6089491e+14
      377.425   1.6329812e+14
      377.475   1.6460323e+14
      377.525   1.6527579e+14
      377.575   1.6580216e+14
      377.625   1.6610623e+14
      377.675   1.6640534e+14
      377.725   1.6744933e+14
      377.775   1.6923551e+14
      377.825   1.7051217e+14
      377.875   1.7035428e+14
      377.925   1.6989462e+14
      377.975   1.7012811e+14
      378.025   1.7207142e+14
      378.075   1.7541747e+14
      378.125   1.7775848e+14
      378.175   1.7820939e+14
      378.225   1.7745491e+14
      378.275   1.7638669e+14
      378.325   1.7587155e+14
      378.375   1.7583822e+14
      378.425   1.7556831e+14
      378.475   1.7555462e+14
      378.525   1.7636440e+14
      378.575   1.7601485e+14
      378.625   1.7220893e+14
      378.675   1.6453107e+14
      378.725   1.5641853e+14
      378.775   1.5255053e+14
      378.825   1.5154800e+14
      378.875   1.4997128e+14
      378.925   1.4811565e+14
      378.975   1.4660809e+14
      379.025   1.4451938e+14
      379.075   1.4203129e+14
      379.125   1.4138477e+14
      379.175   1.4353489e+14
      379.225   1.4587428e+14
      379.275   1.4616266e+14
      379.325   1.4444246e+14
      379.375   1.4139736e+14
      379.425   1.3841401e+14
      379.475   1.3653737e+14
      379.525   1.3487449e+14
      379.575   1.3205388e+14
      379.625   1.3041335e+14
      379.675   1.3132185e+14
      379.725   1.3260333e+14
      379.775   1.3192880e+14
      379.825   1.2877981e+14
      379.875   1.2587553e+14
      379.925   1.2475713e+14
      379.975   1.2539500e+14
      380.025   1.2728986e+14
      380.075   1.3038639e+14
      380.125   1.3542138e+14
      380.175   1.4132925e+14
      380.225   1.4460205e+14
      380.275   1.4531541e+14
      380.325   1.4732247e+14
      380.375   1.5109492e+14
      380.425   1.5522095e+14
      380.475   1.5766800e+14
      380.525   1.5805841e+14
      380.575   1.5726197e+14
      380.625   1.5626669e+14
      380.675   1.5534931e+14
      380.725   1.5315726e+14
      380.775   1.5002041e+14
      380.825   1.4774003e+14
      380.875   1.4818639e+14
      380.925   1.5094263e+14
      380.975   1.5327641e+14
      381.025   1.5418277e+14
      381.075   1.5489159e+14
      381.125   1.5518735e+14
      381.175   1.5405400e+14
      381.225   1.5172228e+14
      381.275   1.4895173e+14
      381.325   1.4545461e+14
      381.375   1.3984828e+14
      381.425   1.3365418e+14
      381.475   1.2926367e+14
      381.525   1.2658558e+14
      381.575   1.2382002e+14
      381.625   1.1977954e+14
      381.675   1.1573459e+14
      381.725   1.1402709e+14
      381.775   1.1658185e+14
      381.825   1.1997200e+14
      381.875   1.2069573e+14
      381.925   1.1983732e+14
      381.975   1.1740575e+14
      382.025   1.1220066e+14
      382.075   1.0575673e+14
      382.125   1.0084482e+14
      382.175   9.8284639e+13
      382.225   9.9174699e+13
      382.275   1.0196783e+14
      382.325   1.0480706e+14
      382.375   1.0680640e+14
      382.425   1.0591034e+14
      382.475   1.0154756e+14
      382.525   9.6354474e+13
      382.575   9.2175299e+13
      382.625   8.8703322e+13
      382.675   8.5766425e+13
      382.725   8.3912903e+13
      382.775   8.3872115e+13
      382.825   8.4291276e+13
      382.875   8.3692586e+13
      382.925   8.3276393e+13
      382.975   8.3840126e+13
      383.025   8.4125277e+13
      383.075   8.4657056e+13
      383.125   8.6140147e+13
      383.175   8.7218126e+13
      383.225   8.6713106e+13
      383.275   8.3948633e+13
      383.325   8.0255097e+13
      383.375   7.8589678e+13
      383.425   7.9001597e+13
      383.475   7.9847506e+13
      383.525   8.0288556e+13
      383.575   8.1331393e+13
      383.625   8.3476917e+13
      383.675   8.5841841e+13
      383.725   8.7608392e+13
      383.775   8.8335324e+13
      383.825   8.7945766e+13
      383.875   8.6513499e+13
      383.925   8.4607565e+13
      383.975   8.4363194e+13
      384.025   8.6430707e+13
      384.075   8.8804136e+13
      384.125   9.0280585e+13
      384.175   9.1674901e+13
      384.225   9.5398339e+13
      384.275   1.0125930e+14
      384.325   1.0753196e+14
      384.375   1.1261665e+14
      384.425   1.1481208e+14
      384.475   1.1659966e+14
      384.525   1.1954663e+14
      384.575   1.2178610e+14
      384.625   1.2266868e+14
      384.675   1.2309887e+14
      384.725   1.2385048e+14
      384.775   1.2504479e+14
      384.825   1.2731131e+14
      384.875   1.2946581e+14
      384.925   1.3007856e+14
      384.975   1.2921097e+14
      385.025   1.2644501e+14
      385.075   1.2271828e+14
      385.125   1.2052754e+14
      385.175   1.2069201e+14
      385.225   1.2360551e+14
      385.275   1.2707429e+14
      385.325   1.2796994e+14
      385.375   1.2686168e+14
      385.425   1.2484029e+14
      385.475   1.2239985e+14
      385.525   1.2057343e+14
      385.575   1.1983066e+14
      385.625   1.1915006e+14
      385.675   1.1678088e+14
      385.725   1.1410355e+14
      385.775   1.1378166e+14
      385.825   1.1505145e+14
      385.875   1.1511310e+14
      385.925   1.1207162e+14
      385.975   1.0805531e+14
      386.025   1.0556090e+14
      386.075   1.0428744e+14
      386.125   1.0480066e+14
      386.175   1.0732032e+14
      386.225   1.1095874e+14
      386.275   1.1588358e+14
      386.325   1.2206228e+14
      386.375   1.2687730e+14
      386.425   1.2862032e+14
      386.475   1.2884250e+14
      386.525   1.2894062e+14
      386.575   1.2850633e+14
      386.625   1.2693943e+14
      386.675   1.2537661e+14
      386.725   1.2547766e+14
      386.775   1.2631822e+14
      386.825   1.2594805e+14
      386.875   1.2488562e+14
      386.925   1.2410504e+14
      386.975   1.2333582e+14
      387.025   1.2183872e+14
      387.075   1.1953976e+14
      387.125   1.1712423e+14
      387.175   1.1458338e+14
      387.225   1.1252557e+14
      387.275   1.1200709e+14
      387.325   1.1243938e+14
      387.375   1.1370962e+14
      387.425   1.1681241e+14
      387.475   1.2163242e+14
      387.525   1.2612830e+14
      387.575   1.2952927e+14
      387.625   1.3180909e+14
      387.675   1.3199727e+14
      387.725   1.3093535e+14
      387.775   1.2950675e+14
      387.825   1.2718170e+14
      387.875   1.2209425e+14
      387.925   1.1742339e+14
      387.975   1.1687343e+14
      388.025   1.1940448e+14
      388.075   1.2276062e+14
      388.125   1.2401395e+14
      388.175   1.2355478e+14
      388.225   1.2286503e+14
      388.275   1.2129576e+14
      388.325   1.1897128e+14
      388.375   1.1894861e+14
      388.425   1.2223106e+14
      388.475   1.2670831e+14
      388.525   1.3002482e+14
      388.575   1.3001626e+14
      388.625   1.2801341e+14
      388.675   1.2513449e+14
      388.725   1.2188329e+14
      388.775   1.2176336e+14
      388.825   1.2441822e+14
      388.875   1.2660503e+14
      388.925   1.2649319e+14
      388.975   1.2538196e+14
      389.025   1.2639423e+14
      389.075   1.3010483e+14
      389.125   1.3521763e+14
      389.175   1.4027146e+14
      389.225   1.4439119e+14
      389.275   1.4775933e+14
      389.325   1.5029477e+14
      389.375   1.5128650e+14
      389.425   1.5139365e+14
      389.475   1.5222763e+14
      389.525   1.5363518e+14
      389.575   1.5407205e+14
      389.625   1.5252297e+14
      389.675   1.5218880e+14
      389.725   1.5563089e+14
      389.775   1.6011273e+14
      389.825   1.6142077e+14
      389.875   1.5968885e+14
      389.925   1.5860959e+14
      389.975   1.5875162e+14
      390.025   1.5754738e+14
      390.075   1.5627517e+14
      390.125   1.5708679e+14
      390.175   1.5928897e+14
      390.225   1.6145405e+14
      390.275   1.6088926e+14
      390.325   1.5774237e+14
      390.375   1.5474917e+14
      390.425   1.5338135e+14
      390.475   1.5441902e+14
      390.525   1.5545761e+14
      390.575   1.5414250e+14
      390.625   1.5194207e+14
      390.675   1.5073929e+14
      390.725   1.5289726e+14
      390.775   1.5723989e+14
      390.825   1.6131369e+14
      390.875   1.6487329e+14
      390.925   1.6754200e+14
      390.975   1.6966297e+14
      391.025   1.7096405e+14
      391.075   1.7129247e+14
      391.125   1.7132220e+14
      391.175   1.7222437e+14
      391.225   1.7413429e+14
      391.275   1.7584153e+14
      391.325   1.7687534e+14
      391.375   1.7656744e+14
      391.425   1.7512167e+14
      391.475   1.7338985e+14
      391.525   1.7265925e+14
      391.575   1.7300150e+14
      391.625   1.7224334e+14
      391.675   1.6985954e+14
      391.725   1.6741847e+14
      391.775   1.6594746e+14
      391.825   1.6535980e+14
      391.875   1.6390624e+14
      391.925   1.6069745e+14
      391.975   1.5727105e+14
      392.025   1.5459139e+14
      392.075   1.5144099e+14
      392.125   1.4741914e+14
      392.175   1.4353305e+14
      392.225   1.4170815e+14
      392.275   1.4167009e+14
      392.325   1.4056034e+14
      392.375   1.3848575e+14
      392.425   1.3755017e+14
      392.475   1.3769860e+14
      392.525   1.3668526e+14
      392.575   1.3375730e+14
      392.625   1.2956086e+14
      392.675   1.2505757e+14
      392.725   1.2146556e+14
      392.775   1.1769760e+14
      392.825   1.1262143e+14
      392.875   1.0672819e+14
      392.925   1.0130550e+14
      392.975   9.7453487e+13
      393.025   9.3865685e+13
      393.075   8.9805611e+13
      393.125   8.5805183e+13
      393.175   8.2340252e+13
      393.225   7.9494970e+13
      393.275   7.6503778e+13
      393.325   7.3462949e+13
      393.375   7.0662270e+13
      393.425   6.8420697e+13
      393.475   6.7712662e+13
      393.525   6.8056657e+13
      393.575   6.9505934e+13
      393.625   7.2006632e+13
      393.675   7.4703031e+13
      393.725   7.8244561e+13
      393.775   8.2570583e+13
      393.825   8.7083336e+13
      393.875   9.1395033e+13
      393.925   9.5563532e+13
      393.975   1.0042199e+14
      394.025   1.0539615e+14
      394.075   1.0971024e+14
      394.125   1.1345846e+14
      394.175   1.1642478e+14
      394.225   1.1898160e+14
      394.275   1.2167028e+14
      394.325   1.2440854e+14
      394.375   1.2668673e+14
      394.425   1.2787517e+14
      394.475   1.2873917e+14
      394.525   1.3117057e+14
      394.575   1.3528429e+14
      394.625   1.4091374e+14
      394.675   1.4655445e+14
      394.725   1.5059076e+14
      394.775   1.5283878e+14
      394.825   1.5335215e+14
      394.875   1.5377596e+14
      394.925   1.5548217e+14
      394.975   1.5772465e+14
      395.025   1.6026875e+14
      395.075   1.6310465e+14
      395.125   1.6512850e+14
      395.175   1.6629592e+14
      395.225   1.6715954e+14
      395.275   1.6691297e+14
      395.325   1.6532711e+14
      395.375   1.6391987e+14
      395.425   1.6427512e+14
      395.475   1.6688468e+14
      395.525   1.6938308e+14
      395.575   1.6957190e+14
      395.625   1.6835387e+14
      395.675   1.6646588e+14
      395.725   1.6382736e+14
      395.775   1.6204605e+14
      395.825   1.6166563e+14
      395.875   1.6128891e+14
      395.925   1.6041134e+14
      395.975   1.5900670e+14
      396.025   1.5641968e+14
      396.075   1.5264044e+14
      396.125   1.4747908e+14
      396.175   1.4020933e+14
      396.225   1.3260977e+14
      396.275   1.2687834e+14
      396.325   1.2307831e+14
      396.375   1.2025362e+14
      396.425   1.1729067e+14
      396.475   1.1395543e+14
      396.525   1.1070867e+14
      396.575   1.0714589e+14
      396.625   1.0294511e+14
      396.675   9.8328649e+13
      396.725   9.3802672e+13
      396.775   9.0795325e+13
      396.825   8.8072776e+13
      396.875   8.5947075e+13
      396.925   8.4979170e+13
      396.975   8.4971752e+13
      397.025   8.6824537e+13
      397.075   8.9854202e+13
      397.125   9.3288287e+13
      397.175   9.6813298e+13
      397.225   1.0080861e+14
      397.275   1.0545314e+14
      397.325   1.1036480e+14
      397.375   1.1508054e+14
      397.425   1.1956306e+14
      397.475   1.2398697e+14
      397.525   1.2889322e+14
      397.575   1.3442836e+14
      397.625   1.4012085e+14
      397.675   1.4545482e+14
      397.725   1.4987684e+14
      397.775   1.5440972e+14
      397.825   1.5959259e+14
      397.875   1.6484931e+14
      397.925   1.7006546e+14
      397.975   1.7500132e+14
      398.025   1.7935971e+14
      398.075   1.8340197e+14
      398.125   1.8711289e+14
      398.175   1.8949876e+14
      398.225   1.9086488e+14
      398.275   1.9200652e+14
      398.325   1.9334008e+14
      398.375   1.9491621e+14
      398.425   1.9583713e+14
      398.475   1.9656953e+14
      398.525   1.9808417e+14
      398.575   2.0038790e+14
      398.625   2.0255904e+14
      398.675   2.0406554e+14
      398.725   2.0459489e+14
      398.775   2.0513142e+14
      398.825   2.0793816e+14
      398.875   2.1196258e+14
      398.925   2.1461448e+14
      398.975   2.1563885e+14
      399.025   2.1518812e+14
      399.075   2.1493277e+14
      399.125   2.1585138e+14
      399.175   2.1754391e+14
      399.225   2.1904742e+14
      399.275   2.1992336e+14
      399.325   2.2078230e+14
      399.375   2.2171377e+14
      399.425   2.2247444e+14
      399.475   2.2254517e+14
      399.525   2.2195758e+14
      399.575   2.2134701e+14
      399.625   2.2105470e+14
      399.675   2.2108493e+14
      399.725   2.2090494e+14
      399.775   2.2030690e+14
      399.825   2.1916735e+14
      399.875   2.1881122e+14
      399.925   2.2025632e+14
      399.975   2.2282549e+14
      400.025   2.2576449e+14
      400.075   2.2800598e+14
      400.125   2.2857290e+14
      400.175   2.2824372e+14
      400.225   2.2836937e+14
      400.275   2.2937696e+14
      400.325   2.3105900e+14
      400.375   2.3194000e+14
      400.425   2.3172663e+14
      400.475   2.3064392e+14
      400.525   2.2760950e+14
      400.575   2.2275791e+14
      400.625   2.1924187e+14
      400.675   2.1900796e+14
      400.725   2.2122179e+14
      400.775   2.2393970e+14
      400.825   2.2664529e+14
      400.875   2.2954582e+14
      400.925   2.3205450e+14
      400.975   2.3338212e+14
      401.025   2.3397226e+14
      401.075   2.3475365e+14
      401.125   2.3564808e+14
      401.175   2.3668250e+14
      401.225   2.3784347e+14
      401.275   2.3842272e+14
      401.325   2.3887271e+14
      401.375   2.3983695e+14
      401.425   2.4067733e+14
      401.475   2.4040827e+14
      401.525   2.3964376e+14
      401.575   2.3976649e+14
      401.625   2.4077773e+14
      401.675   2.4135544e+14
      401.725   2.4111599e+14
      401.775   2.3983454e+14
      401.825   2.3802945e+14
      401.875   2.3786270e+14
      401.925   2.3968825e+14
      401.975   2.4201587e+14
      402.025   2.4387761e+14
      402.075   2.4393961e+14
      402.125   2.4307815e+14
      402.175   2.4311320e+14
      402.225   2.4338110e+14
      402.275   2.4332999e+14
      402.325   2.4336367e+14
      402.375   2.4355883e+14
      402.425   2.4348481e+14
      402.475   2.4267858e+14
      402.525   2.4114696e+14
      402.575   2.4005953e+14
      402.625   2.4001648e+14
      402.675   2.4099488e+14
      402.725   2.4205269e+14
      402.775   2.4235543e+14
      402.825   2.4233791e+14
      402.875   2.4199602e+14
      402.925   2.4130696e+14
      402.975   2.4022229e+14
      403.025   2.3833135e+14
      403.075   2.3501662e+14
      403.125   2.3020567e+14
      403.175   2.2674989e+14
      403.225   2.2641459e+14
      403.275   2.2649506e+14
      403.325   2.2527039e+14
      403.375   2.2393137e+14
      403.425   2.2400784e+14
      403.475   2.2566920e+14
      403.525   2.2748789e+14
      403.575   2.2916931e+14
      403.625   2.3102417e+14
      403.675   2.3334039e+14
      403.725   2.3610455e+14
      403.775   2.3882686e+14
      403.825   2.4111590e+14
      403.875   2.4221296e+14
      403.925   2.4215577e+14
      403.975   2.4157937e+14
      404.025   2.4065458e+14
      404.075   2.3940834e+14
      404.125   2.3815001e+14
      404.175   2.3698454e+14
      404.225   2.3667592e+14
      404.275   2.3762085e+14
      404.325   2.3823891e+14
      404.375   2.3694839e+14
      404.425   2.3357328e+14
      404.475   2.2837464e+14
      404.525   2.2316273e+14
      404.575   2.1863825e+14
      404.625   2.1388260e+14
      404.675   2.1132186e+14
      404.725   2.1335229e+14
      404.775   2.1796587e+14
      404.825   2.2292485e+14
      404.875   2.2741297e+14
      404.925   2.3020933e+14
      404.975   2.3147537e+14
      405.025   2.3278166e+14
      405.075   2.3451276e+14
      405.125   2.3594797e+14
      405.175   2.3640294e+14
      405.225   2.3583342e+14
      405.275   2.3432813e+14
      405.325   2.3229586e+14
      405.375   2.3091841e+14
      405.425   2.3063667e+14
      405.475   2.3052301e+14
      405.525   2.2929353e+14
      405.575   2.2750083e+14
      405.625   2.2654973e+14
      405.675   2.2623850e+14
      405.725   2.2619074e+14
      405.775   2.2528809e+14
      405.825   2.2312732e+14
      405.875   2.2133090e+14
      405.925   2.2092031e+14
      405.975   2.2179737e+14
      406.025   2.2310045e+14
      406.075   2.2439405e+14
      406.125   2.2563382e+14
      406.175   2.2614243e+14
      406.225   2.2485011e+14
      406.275   2.2244241e+14
      406.325   2.1997839e+14
      406.375   2.1621088e+14
      406.425   2.1151631e+14
      406.475   2.0779348e+14
      406.525   2.0942573e+14
      406.575   2.1293242e+14
      406.625   2.1637173e+14
      406.675   2.1799963e+14
      406.725   2.1801509e+14
      406.775   2.1827503e+14
      406.825   2.1988933e+14
      406.875   2.2290888e+14
      406.925   2.2605731e+14
      406.975   2.2850562e+14
      407.025   2.2974078e+14
      407.075   2.2933234e+14
      407.125   2.2731460e+14
      407.175   2.2440454e+14
      407.225   2.2044789e+14
      407.275   2.1780444e+14
      407.325   2.2019117e+14
      407.375   2.2442547e+14
      407.425   2.2718536e+14
      407.475   2.2825243e+14
      407.525   2.2803172e+14
      407.575   2.2744328e+14
      407.625   2.2669231e+14
      407.675   2.2523568e+14
      407.725   2.2242664e+14
      407.775   2.1962953e+14
      407.825   2.1815964e+14
      407.875   2.1816421e+14
      407.925   2.2040533e+14
      407.975   2.2346888e+14
      408.025   2.2622435e+14
      408.075   2.2913388e+14
      408.125   2.3283040e+14
      408.175   2.3667710e+14
      408.225   2.3917060e+14
      408.275   2.4020514e+14
      408.325   2.4001048e+14
      408.375   2.3878403e+14
      408.425   2.3710128e+14
      408.475   2.3613826e+14
      408.525   2.3566007e+14
      408.575   2.3547394e+14
      408.625   2.3633335e+14
      408.675   2.3820761e+14
      408.725   2.4058479e+14
      408.775   2.4333495e+14
      408.825   2.4673776e+14
      408.875   2.4963004e+14
      408.925   2.5090608e+14
      408.975   2.5141312e+14
      409.025   2.5139888e+14
      409.075   2.5070485e+14
      409.125   2.4962937e+14
      409.175   2.4908940e+14
      409.225   2.4851997e+14
      409.275   2.4657199e+14
      409.325   2.4445491e+14
      409.375   2.4400680e+14
      409.425   2.4511824e+14
      409.475   2.4632614e+14
      409.525   2.4337848e+14
      409.575   2.3969412e+14
      409.625   2.3652147e+14
      409.675   2.3374013e+14
      409.725   2.3136025e+14
      409.775   2.2990789e+14
      409.825   2.2866330e+14
      409.836   2.2836199e+14
      409.853   2.2699226e+14
      409.870   2.2546369e+14
      409.886   2.2410718e+14
      409.903   2.2227450e+14
      409.920   2.1989840e+14
      409.937   2.1790743e+14
      409.954   2.1606643e+14
      409.970   2.1420422e+14
      409.987   2.1241812e+14
      410.004   2.1001877e+14
      410.021   2.0664240e+14
      410.038   2.0308834e+14
      410.055   2.0007831e+14
      410.071   1.9774364e+14
      410.088   1.9646049e+14
      410.105   1.9548795e+14
      410.122   1.9405793e+14
      410.139   1.9230695e+14
      410.155   1.9085132e+14
      410.172   1.8968388e+14
      410.189   1.8900432e+14
      410.206   1.8970805e+14
      410.223   1.9051657e+14
      410.240   1.9052174e+14
      410.256   1.9029414e+14
      410.273   1.9012767e+14
      410.290   1.8939741e+14
      410.307   1.8870612e+14
      410.324   1.8843752e+14
      410.341   1.8778778e+14
      410.357   1.8742149e+14
      410.374   1.8811040e+14
      410.391   1.8958986e+14
      410.408   1.9217419e+14
      410.425   1.9639027e+14
      410.442   2.0095228e+14
      410.458   2.0476247e+14
      410.475   2.0808994e+14
      410.492   2.1120714e+14
      410.509   2.1420343e+14
      410.526   2.1784600e+14
      410.543   2.2240353e+14
      410.560   2.2733514e+14
      410.576   2.3134648e+14
      410.593   2.3415357e+14
      410.610   2.3602164e+14
      410.627   2.3761890e+14
      410.644   2.3929893e+14
      410.661   2.4139203e+14
      410.678   2.4343094e+14
      410.694   2.4530361e+14
      410.711   2.4693620e+14
      410.728   2.4767077e+14
      410.745   2.4825865e+14
      410.762   2.4961636e+14
      410.779   2.5089736e+14
      410.796   2.5146470e+14
      410.813   2.5148613e+14
      410.829   2.5140659e+14
      410.846   2.5168846e+14
      410.863   2.5260061e+14
      410.880   2.5361101e+14
      410.897   2.5530950e+14
      410.914   2.5694238e+14
      410.931   2.5675983e+14
      410.948   2.5514516e+14
      410.965   2.5356377e+14
      410.981   2.5283683e+14
      410.998   2.5279950e+14
      411.015   2.5319483e+14
      411.032   2.5388705e+14
      411.049   2.5434929e+14
      411.066   2.5369481e+14
      411.083   2.5291023e+14
      411.100   2.5295502e+14
      411.117   2.5265806e+14
      411.133   2.5167837e+14
      411.150   2.5050100e+14
      411.167   2.4898237e+14
      411.184   2.4731017e+14
      411.201   2.4684615e+14
      411.218   2.4739394e+14
      411.235   2.4877547e+14
      411.252   2.5074690e+14
      411.269   2.5192195e+14
      411.286   2.5192599e+14
      411.303   2.5194970e+14
      411.320   2.5192444e+14
      411.336   2.5157970e+14
      411.353   2.5131823e+14
      411.370   2.5114897e+14
      411.387   2.5096449e+14
      411.404   2.5071296e+14
      411.421   2.4991243e+14
      411.438   2.4966670e+14
      411.455   2.5035818e+14
      411.472   2.5091401e+14
      411.489   2.5120570e+14
      411.506   2.5177241e+14
      411.523   2.5198159e+14
      411.540   2.5172311e+14
      411.557   2.5204657e+14
      411.573   2.5339211e+14
      411.590   2.5508962e+14
      411.607   2.5672109e+14
      411.624   2.5864362e+14
      411.641   2.6096858e+14
      411.658   2.6349522e+14
      411.675   2.6551641e+14
      411.692   2.6644271e+14
      411.709   2.6559143e+14
      411.726   2.6313206e+14
      411.743   2.5996823e+14
      411.760   2.5680802e+14
      411.777   2.5487324e+14
      411.794   2.5480973e+14
      411.811   2.5569330e+14
      411.828   2.5665871e+14
      411.845   2.5761140e+14
      411.862   2.5825056e+14
      411.879   2.5897308e+14
      411.896   2.5999741e+14
      411.913   2.6088090e+14
      411.929   2.6199716e+14
      411.946   2.6319036e+14
      411.963   2.6298240e+14
      411.980   2.6189536e+14
      411.997   2.6080029e+14
      412.014   2.5890458e+14
      412.031   2.5708860e+14
      412.048   2.5665216e+14
      412.065   2.5636177e+14
      412.082   2.5492068e+14
      412.099   2.5314222e+14
      412.116   2.5149214e+14
      412.133   2.4978691e+14
      412.150   2.4821132e+14
      412.167   2.4692920e+14
      412.184   2.4607929e+14
      412.201   2.4486859e+14
      412.218   2.4408024e+14
      412.235   2.4476349e+14
      412.252   2.4643326e+14
      412.269   2.4832744e+14
      412.286   2.5032509e+14
      412.303   2.5164665e+14
      412.320   2.5171103e+14
      412.337   2.5146474e+14
      412.354   2.5210606e+14
      412.371   2.5370669e+14
      412.388   2.5486739e+14
      412.405   2.5521680e+14
      412.422   2.5507409e+14
      412.439   2.5349693e+14
      412.456   2.5050967e+14
      412.473   2.4818963e+14
      412.490   2.4723334e+14
      412.507   2.4695737e+14
      412.524   2.4809548e+14
      412.541   2.5049609e+14
      412.558   2.5238093e+14
      412.575   2.5327415e+14
      412.592   2.5385426e+14
      412.609   2.5371040e+14
      412.626   2.5252449e+14
      412.643   2.5075924e+14
      412.660   2.4902353e+14
      412.677   2.4775582e+14
      412.694   2.4702642e+14
      412.711   2.4741455e+14
      412.729   2.4914581e+14
      412.746   2.5096712e+14
      412.763   2.5179821e+14
      412.780   2.5211628e+14
      412.797   2.5162175e+14
      412.814   2.5056074e+14
      412.831   2.4975291e+14
      412.848   2.4943843e+14
      412.865   2.4908949e+14
      412.882   2.4783886e+14
      412.899   2.4620335e+14
      412.916   2.4516603e+14
      412.933   2.4471833e+14
      412.950   2.4495680e+14
      412.967   2.4667175e+14
      412.984   2.4890782e+14
      413.001   2.5047951e+14
      413.018   2.5088500e+14
      413.035   2.4921020e+14
      413.052   2.4557818e+14
      413.070   2.4102022e+14
      413.087   2.3605657e+14
      413.104   2.3217474e+14
      413.121   2.3037165e+14
      413.138   2.3013672e+14
      413.155   2.3140080e+14
      413.172   2.3375824e+14
      413.189   2.3592513e+14
      413.206   2.3716389e+14
      413.223   2.3777385e+14
      413.240   2.3728908e+14
      413.257   2.3596618e+14
      413.274   2.3389625e+14
      413.291   2.3144742e+14
      413.309   2.2901058e+14
      413.326   2.2681037e+14
      413.343   2.2497282e+14
      413.360   2.2366884e+14
      413.377   2.2264472e+14
      413.394   2.2231798e+14
      413.411   2.2248318e+14
      413.428   2.2274212e+14
      413.445   2.2350115e+14
      413.462   2.2515150e+14
      413.479   2.2630437e+14
      413.497   2.2647969e+14
      413.514   2.2629888e+14
      413.531   2.2571450e+14
      413.548   2.2567426e+14
      413.565   2.2685982e+14
      413.582   2.2919943e+14
      413.599   2.3274244e+14
      413.616   2.3655365e+14
      413.633   2.3989765e+14
      413.650   2.4293289e+14
      413.668   2.4551269e+14
      413.685   2.4685929e+14
      413.702   2.4770737e+14
      413.719   2.4840116e+14
      413.736   2.4932064e+14
      413.753   2.5033229e+14
      413.770   2.5205680e+14
      413.787   2.5513694e+14
      413.805   2.5912032e+14
      413.822   2.6249980e+14
      413.839   2.6556794e+14
      413.856   2.6810318e+14
      413.873   2.6935704e+14
      413.890   2.6924296e+14
      413.907   2.6914135e+14
      413.924   2.6936305e+14
      413.942   2.6950552e+14
      413.959   2.6960195e+14
      413.976   2.6935174e+14
      413.993   2.6900525e+14
      414.010   2.6799992e+14
      414.027   2.6639226e+14
      414.044   2.6535002e+14
      414.062   2.6454776e+14
      414.079   2.6375602e+14
      414.096   2.6320361e+14
      414.113   2.6293867e+14
      414.130   2.6235062e+14
      414.147   2.6214346e+14
      414.164   2.6091478e+14
      414.182   2.5830242e+14
      414.199   2.5468611e+14
      414.216   2.4977936e+14
      414.233   2.4358649e+14
      414.250   2.3753992e+14
      414.267   2.3285745e+14
      414.285   2.2952578e+14
      414.302   2.2739355e+14
      414.319   2.2658361e+14
      414.336   2.2702288e+14
      414.353   2.2763519e+14
      414.370   2.2797127e+14
      414.388   2.2865979e+14
      414.405   2.2975417e+14
      414.422   2.3008049e+14
      414.439   2.2994242e+14
      414.456   2.3003924e+14
      414.473   2.3027622e+14
      414.491   2.2997402e+14
      414.508   2.2982498e+14
      414.525   2.3090380e+14
      414.542   2.3228053e+14
      414.559   2.3345249e+14
      414.577   2.3440115e+14
      414.594   2.3506484e+14
      414.611   2.3452151e+14
      414.628   2.3431188e+14
      414.645   2.3457044e+14
      414.662   2.3500604e+14
      414.680   2.3656797e+14
      414.697   2.3975844e+14
      414.714   2.4353334e+14
      414.731   2.4833178e+14
      414.748   2.5420028e+14
      414.766   2.5876358e+14
      414.783   2.6155139e+14
      414.800   2.6281567e+14
      414.817   2.6191993e+14
      414.834   2.6013649e+14
      414.852   2.5830722e+14
      414.869   2.5589991e+14
      414.886   2.5396755e+14
      414.903   2.5305323e+14
      414.921   2.5196822e+14
      414.938   2.5153425e+14
      414.955   2.5319485e+14
      414.972   2.5518853e+14
      414.989   2.5669920e+14
      415.007   2.5814265e+14
      415.024   2.5875454e+14
      415.041   2.5724430e+14
      415.058   2.5444009e+14
      415.076   2.5191529e+14
      415.093   2.4988091e+14
      415.110   2.5000634e+14
      415.127   2.5256962e+14
      415.144   2.5630435e+14
      415.162   2.5929484e+14
      415.179   2.6125579e+14
      415.196   2.6142509e+14
      415.213   2.5942724e+14
      415.231   2.5559699e+14
      415.248   2.5113909e+14
      415.265   2.4705534e+14
      415.282   2.4322202e+14
      415.300   2.4022623e+14
      415.317   2.3900248e+14
      415.334   2.3923000e+14
      415.351   2.3962514e+14
      415.369   2.4075198e+14
      415.386   2.4323183e+14
      415.403   2.4602994e+14
      415.420   2.4845454e+14
      415.438   2.5113850e+14
      415.455   2.5273203e+14
      415.472   2.5232143e+14
      415.489   2.5036432e+14
      415.507   2.4696895e+14
      415.524   2.4233675e+14
      415.541   2.3888302e+14
      415.559   2.3765048e+14
      415.576   2.3805152e+14
      415.593   2.3954993e+14
      415.610   2.4123872e+14
      415.628   2.4145187e+14
      415.645   2.3953686e+14
      415.662   2.3622753e+14
      415.679   2.3339265e+14
      415.697   2.3127366e+14
      415.714   2.2886335e+14
      415.731   2.2786646e+14
      415.749   2.2875065e+14
      415.766   2.2936762e+14
      415.783   2.3146659e+14
      415.800   2.3555271e+14
      415.818   2.4003840e+14
      415.835   2.4430718e+14
      415.852   2.4894918e+14
      415.870   2.5211390e+14
      415.887   2.5402231e+14
      415.904   2.5482602e+14
      415.921   2.5448883e+14
      415.939   2.5301621e+14
      415.956   2.5107916e+14
      415.973   2.4923003e+14
      415.991   2.4707982e+14
      416.008   2.4592974e+14
      416.025   2.4695686e+14
      416.043   2.4976449e+14
      416.060   2.5280722e+14
      416.077   2.5564621e+14
      416.095   2.5709929e+14
      416.112   2.5700639e+14
      416.129   2.5635253e+14
      416.146   2.5655387e+14
      416.164   2.5794824e+14
      416.181   2.5985400e+14
      416.198   2.6084370e+14
      416.216   2.6178422e+14
      416.233   2.6284901e+14
      416.250   2.6292121e+14
      416.268   2.6318877e+14
      416.285   2.6473263e+14
      416.302   2.6558657e+14
      416.320   2.6526520e+14
      416.337   2.6516335e+14
      416.354   2.6433363e+14
      416.372   2.6265852e+14
      416.389   2.6124564e+14
      416.406   2.6032104e+14
      416.424   2.5953505e+14
      416.441   2.5943937e+14
      416.458   2.6052479e+14
      416.476   2.6189748e+14
      416.493   2.6407616e+14
      416.510   2.6612378e+14
      416.528   2.6779819e+14
      416.545   2.6810373e+14
      416.563   2.6657650e+14
      416.580   2.6332190e+14
      416.597   2.5964801e+14
      416.615   2.5572692e+14
      416.632   2.5265436e+14
      416.649   2.5132245e+14
      416.667   2.5009587e+14
      416.684   2.4899356e+14
      416.701   2.4849982e+14
      416.719   2.4863042e+14
      416.736   2.4818090e+14
      416.754   2.4848213e+14
      416.771   2.4953932e+14
      416.788   2.5019156e+14
      416.806   2.4892764e+14
      416.823   2.4816975e+14
      416.840   2.4761714e+14
      416.858   2.4695635e+14
      416.875   2.4729902e+14
      416.892   2.4913313e+14
      416.910   2.5034717e+14
      416.927   2.5014864e+14
      416.945   2.4957527e+14
      416.962   2.4850831e+14
      416.979   2.4721324e+14
      416.997   2.4577362e+14
      417.014   2.4415181e+14
      417.032   2.4169987e+14
      417.049   2.3818127e+14
      417.066   2.3595920e+14
      417.084   2.3481650e+14
      417.101   2.3412711e+14
      417.119   2.3445031e+14
      417.136   2.3683834e+14
      417.153   2.3796615e+14
      417.171   2.3753899e+14
      417.188   2.3678991e+14
      417.206   2.3681289e+14
      417.223   2.3490114e+14
      417.240   2.3264221e+14
      417.258   2.3169987e+14
      417.275   2.3155108e+14
      417.293   2.3027965e+14
      417.310   2.3042257e+14
      417.327   2.3029327e+14
      417.345   2.2961778e+14
      417.362   2.2911210e+14
      417.380   2.2830199e+14
      417.397   2.2536737e+14
      417.415   2.2246311e+14
      417.432   2.2085222e+14
      417.449   2.2068292e+14
      417.467   2.2111316e+14
      417.484   2.2199224e+14
      417.502   2.2204753e+14
      417.519   2.2167267e+14
      417.537   2.2061991e+14
      417.554   2.2131839e+14
      417.571   2.2246531e+14
      417.589   2.2335086e+14
      417.606   2.2352024e+14
      417.624   2.2399473e+14
      417.641   2.2333804e+14
      417.659   2.2301429e+14
      417.676   2.2441364e+14
      417.693   2.2778833e+14
      417.711   2.3040319e+14
      417.728   2.3138024e+14
      417.746   2.3398656e+14
      417.763   2.3660834e+14
      417.781   2.3745155e+14
      417.798   2.3846445e+14
      417.816   2.3996687e+14
      417.833   2.4109620e+14
      417.851   2.4301759e+14
      417.868   2.4551937e+14
      417.885   2.4726746e+14
      417.903   2.4999208e+14
      417.920   2.5157342e+14
      417.938   2.5307661e+14
      417.955   2.5352271e+14
      417.973   2.5363810e+14
      417.990   2.5182098e+14
      418.008   2.5010482e+14
      418.025   2.4767461e+14
      418.043   2.4665241e+14
      418.060   2.4550714e+14
      418.078   2.4452945e+14
      418.095   2.4469955e+14
      418.113   2.4518421e+14
      418.130   2.4581070e+14
      418.148   2.4788510e+14
      418.165   2.5023860e+14
      418.183   2.5120163e+14
      418.200   2.5228012e+14
      418.218   2.5232614e+14
      418.235   2.5296069e+14
      418.253   2.5444368e+14
      418.270   2.5537354e+14
      418.288   2.5631546e+14
      418.305   2.5699838e+14
      418.323   2.5501518e+14
      418.340   2.5280503e+14
      418.358   2.5136292e+14
      418.375   2.4951773e+14
      418.393   2.4807855e+14
      418.410   2.4719590e+14
      418.428   2.4740150e+14
      418.445   2.4737588e+14
      418.463   2.4715023e+14
      418.480   2.4589886e+14
      418.498   2.4488566e+14
      418.515   2.4398384e+14
      418.533   2.4346295e+14
      418.550   2.4214663e+14
      418.568   2.4145392e+14
      418.585   2.4177227e+14
      418.603   2.3920801e+14
      418.620   2.3601070e+14
      418.638   2.3455024e+14
      418.655   2.3370704e+14
      418.673   2.3302018e+14
      418.690   2.3531673e+14
      418.708   2.3846251e+14
      418.725   2.3977884e+14
      418.743   2.3939126e+14
      418.760   2.3791466e+14
      418.778   2.3469696e+14
      418.796   2.3092648e+14
      418.813   2.2799777e+14
      418.831   2.2748720e+14
      418.848   2.2799978e+14
      418.866   2.2923538e+14
      418.883   2.3115717e+14
      418.901   2.3257968e+14
      418.918   2.3345096e+14
      418.936   2.3434261e+14
      418.953   2.3547290e+14
      418.971   2.3493177e+14
      418.989   2.3411630e+14
      419.006   2.3310550e+14
      419.024   2.3217091e+14
      419.041   2.3153683e+14
      419.059   2.3397556e+14
      419.076   2.3750006e+14
      419.094   2.3969177e+14
      419.111   2.4318852e+14
      419.129   2.4874806e+14
      419.147   2.5378046e+14
      419.164   2.5862649e+14
      419.182   2.6373597e+14
      419.199   2.6621056e+14
      419.217   2.6566970e+14
      419.234   2.6333864e+14
      419.252   2.6148469e+14
      419.270   2.6012569e+14
      419.287   2.6032641e+14
      419.305   2.6184596e+14
      419.322   2.6333789e+14
      419.340   2.6401125e+14
      419.358   2.6451948e+14
      419.375   2.6331805e+14
      419.393   2.6043052e+14
      419.410   2.5860473e+14
      419.428   2.5685379e+14
      419.445   2.5436867e+14
      419.463   2.5071879e+14
      419.481   2.4818542e+14
      419.498   2.4511902e+14
      419.516   2.4313214e+14
      419.533   2.4232899e+14
      419.551   2.4439373e+14
      419.569   2.4659949e+14
      419.586   2.4855242e+14
      419.604   2.5036691e+14
      419.621   2.5226503e+14
      419.639   2.5254742e+14
      419.657   2.5033704e+14
      419.674   2.4655518e+14
      419.692   2.4099995e+14
      419.710   2.3535731e+14
      419.727   2.3061931e+14
      419.745   2.2666263e+14
      419.762   2.2528867e+14
      419.780   2.2584527e+14
      419.798   2.2673484e+14
      419.815   2.2774433e+14
      419.833   2.2975117e+14
      419.851   2.3124868e+14
      419.868   2.3170319e+14
      419.886   2.3216333e+14
      419.903   2.3294687e+14
      419.921   2.3367338e+14
      419.939   2.3408935e+14
      419.956   2.3528858e+14
      419.974   2.3761437e+14
      419.992   2.3942482e+14
      420.009   2.4039912e+14
      420.027   2.4083835e+14
      420.045   2.3926549e+14
      420.062   2.3617910e+14
      420.080   2.3365271e+14
      420.097   2.3175767e+14
      420.115   2.3015940e+14
      420.133   2.2933930e+14
      420.150   2.2740830e+14
      420.168   2.2655702e+14
      420.186   2.2618974e+14
      420.203   2.2651064e+14
      420.221   2.2780726e+14
      420.239   2.2919774e+14
      420.256   2.3188421e+14
      420.274   2.3566599e+14
      420.292   2.3924476e+14
      420.309   2.4062722e+14
      420.327   2.4239001e+14
      420.345   2.4163302e+14
      420.362   2.4031128e+14
      420.380   2.3721892e+14
      420.398   2.3580710e+14
      420.415   2.3674283e+14
      420.433   2.3925411e+14
      420.451   2.4227891e+14
      420.468   2.4699871e+14
      420.486   2.4994958e+14
      420.504   2.4926812e+14
      420.521   2.4795707e+14
      420.539   2.4516188e+14
      420.557   2.4289484e+14
      420.575   2.4390219e+14
      420.592   2.4868448e+14
      420.610   2.5275706e+14
      420.628   2.5733861e+14
      420.645   2.6132607e+14
      420.663   2.6467777e+14
      420.681   2.6593179e+14
      420.698   2.6618342e+14
      420.716   2.6680638e+14
      420.734   2.6753303e+14
      420.751   2.6943332e+14
      420.769   2.7178092e+14
      420.787   2.7373969e+14
      420.805   2.7380197e+14
      420.822   2.7479991e+14
      420.840   2.7360829e+14
      420.858   2.7159517e+14
      420.875   2.6869136e+14
      420.893   2.6834525e+14
      420.911   2.6798928e+14
      420.929   2.6678777e+14
      420.946   2.6628680e+14
      420.964   2.6702416e+14
      420.982   2.6562726e+14
      420.999   2.6297586e+14
      421.017   2.6258705e+14
      421.035   2.6186749e+14
      421.053   2.6212562e+14
      421.070   2.6449578e+14
      421.088   2.6766349e+14
      421.106   2.6879869e+14
      421.124   2.6993530e+14
      421.141   2.7072493e+14
      421.159   2.6946671e+14
      421.177   2.6714481e+14
      421.194   2.6396768e+14
      421.212   2.6134091e+14
      421.230   2.5856241e+14
      421.248   2.5674634e+14
      421.265   2.5381399e+14
      421.283   2.5251267e+14
      421.301   2.5146526e+14
      421.319   2.5082909e+14
      421.336   2.4989894e+14
      421.354   2.4962337e+14
      421.372   2.4800165e+14
      421.390   2.4589128e+14
      421.408   2.4430297e+14
      421.425   2.4149689e+14
      421.443   2.3957555e+14
      421.461   2.3840240e+14
      421.479   2.3795082e+14
      421.496   2.3619434e+14
      421.514   2.3575247e+14
      421.532   2.3553803e+14
      421.550   2.3509608e+14
      421.567   2.3393604e+14
      421.585   2.3232704e+14
      421.603   2.3027973e+14
      421.621   2.2942605e+14
      421.638   2.2994960e+14
      421.656   2.3016606e+14
      421.674   2.3149356e+14
      421.692   2.3294474e+14
      421.710   2.3287479e+14
      421.727   2.3347579e+14
      421.745   2.3461961e+14
      421.763   2.3459044e+14
      421.781   2.3551519e+14
      421.799   2.3713826e+14
      421.816   2.3767632e+14
      421.834   2.3791002e+14
      421.852   2.3935065e+14
      421.870   2.3750624e+14
      421.888   2.3640220e+14
      421.905   2.3762886e+14
      421.923   2.3996071e+14
      421.941   2.4341279e+14
      421.959   2.5020574e+14
      421.977   2.5626552e+14
      421.994   2.5965901e+14
      422.012   2.6342717e+14
      422.030   2.6628332e+14
      422.048   2.6606277e+14
      422.066   2.6527568e+14
      422.083   2.6544528e+14
      422.101   2.6539333e+14
      422.119   2.6670508e+14
      422.137   2.6968435e+14
      422.155   2.7198470e+14
      422.172   2.7288853e+14
      422.190   2.7210010e+14
      422.208   2.7038915e+14
      422.226   2.7059190e+14
      422.244   2.6982858e+14
      422.262   2.6873052e+14
      422.279   2.6818588e+14
      422.297   2.6827884e+14
      422.315   2.6651536e+14
      422.333   2.6634808e+14
      422.351   2.6719492e+14
      422.369   2.6608805e+14
      422.387   2.6485312e+14
      422.404   2.6338401e+14
      422.422   2.6091653e+14
      422.440   2.5715887e+14
      422.458   2.5363445e+14
      422.476   2.5062331e+14
      422.494   2.4340651e+14
      422.511   2.3596496e+14
      422.529   2.2805907e+14
      422.547   2.1958127e+14
      422.565   2.1297721e+14
      422.583   2.0783474e+14
      422.601   2.0354893e+14
      422.619   2.0058283e+14
      422.636   1.9883067e+14
      422.654   1.9770371e+14
      422.672   1.9665545e+14
      422.690   1.9593371e+14
      422.708   1.9652796e+14
      422.726   1.9547817e+14
      422.744   1.9559806e+14
      422.761   1.9540225e+14
      422.779   1.9469155e+14
      422.797   1.9390056e+14
      422.815   1.9252523e+14
      422.833   1.9225646e+14
      422.851   1.9226927e+14
      422.869   1.9291426e+14
      422.887   1.9402964e+14
      422.905   1.9690388e+14
      422.922   2.0040877e+14
      422.940   2.0399323e+14
      422.958   2.0813986e+14
      422.976   2.1319802e+14
      422.994   2.1838749e+14
      423.012   2.2424774e+14
      423.030   2.3150158e+14
      423.048   2.3912251e+14
      423.066   2.4649915e+14
      423.083   2.5400683e+14
      423.101   2.6061444e+14
      423.119   2.6545311e+14
      423.137   2.6893405e+14
      423.155   2.7032140e+14
      423.173   2.6969665e+14
      423.191   2.6681276e+14
      423.209   2.6347757e+14
      423.227   2.6082834e+14
      423.245   2.5912886e+14
      423.263   2.5893178e+14
      423.280   2.6099635e+14
      423.298   2.6459578e+14
      423.316   2.6865376e+14
      423.334   2.7362159e+14
      423.352   2.7727301e+14
      423.370   2.7934564e+14
      423.388   2.7998720e+14
      423.406   2.7903814e+14
      423.424   2.7516269e+14
      423.442   2.7051107e+14
      423.460   2.6617630e+14
      423.478   2.6131348e+14
      423.496   2.5627949e+14
      423.513   2.5281985e+14
      423.531   2.4968792e+14
      423.549   2.4604209e+14
      423.567   2.4328753e+14
      423.585   2.4142867e+14
      423.603   2.3941150e+14
      423.621   2.3819570e+14
      423.639   2.3781235e+14
      423.657   2.3814874e+14
      423.675   2.3915830e+14
      423.693   2.4088644e+14
      423.711   2.4300438e+14
      423.729   2.4507455e+14
      423.747   2.4637133e+14
      423.765   2.4610547e+14
      423.783   2.4485690e+14
      423.801   2.4224286e+14
      423.819   2.3825048e+14
      423.837   2.3353608e+14
      423.855   2.2936908e+14
      423.872   2.2551016e+14
      423.890   2.2247636e+14
      423.908   2.2094067e+14
      423.926   2.2097689e+14
      423.944   2.2246383e+14
      423.962   2.2566442e+14
      423.980   2.3052809e+14
      423.998   2.3666093e+14
      424.016   2.4296404e+14
      424.034   2.4877751e+14
      424.052   2.5356723e+14
      424.070   2.5668438e+14
      424.088   2.5763832e+14
      424.106   2.5674246e+14
      424.124   2.5549456e+14
      424.142   2.5445292e+14
      424.160   2.5318214e+14
      424.178   2.5177276e+14
      424.196   2.5127631e+14
      424.214   2.5055506e+14
      424.232   2.5044172e+14
      424.250   2.5162768e+14
      424.268   2.5385300e+14
      424.286   2.5659471e+14
      424.304   2.5978636e+14
      424.322   2.6309995e+14
      424.340   2.6634044e+14
      424.358   2.6848375e+14
      424.376   2.7003467e+14
      424.394   2.7240044e+14
      424.412   2.7421485e+14
      424.430   2.7494157e+14
      424.448   2.7654692e+14
      424.466   2.7878914e+14
      424.484   2.7970154e+14
      424.502   2.7904353e+14
      424.520   2.7725473e+14
      424.538   2.7508941e+14
      424.556   2.7197564e+14
      424.574   2.6826713e+14
      424.592   2.6580507e+14
      424.610   2.6573057e+14
      424.628   2.6697818e+14
      424.646   2.6779133e+14
      424.665   2.6850488e+14
      424.683   2.6923468e+14
      424.701   2.6909097e+14
      424.719   2.6788676e+14
      424.737   2.6752494e+14
      424.755   2.6709504e+14
      424.773   2.6534110e+14
      424.791   2.6293114e+14
      424.809   2.6028027e+14
      424.827   2.5658377e+14
      424.845   2.5182170e+14
      424.863   2.4761151e+14
      424.881   2.4488974e+14
      424.899   2.4188857e+14
      424.917   2.3774091e+14
      424.935   2.3444147e+14
      424.953   2.3209953e+14
      424.971   2.2912388e+14
      424.989   2.2686780e+14
      425.007   2.2688383e+14
      425.025   2.2881696e+14
      425.044   2.3110835e+14
      425.062   2.3324681e+14
      425.080   2.3653725e+14
      425.098   2.4072165e+14
      425.116   2.4417762e+14
      425.134   2.4648432e+14
      425.152   2.4852597e+14
      425.170   2.5016656e+14
      425.188   2.5120209e+14
      425.206   2.5215824e+14
      425.224   2.5329997e+14
      425.242   2.5453943e+14
      425.260   2.5397104e+14
      425.279   2.5213020e+14
      425.297   2.5078552e+14
      425.315   2.4974974e+14
      425.333   2.4824222e+14
      425.351   2.4806495e+14
      425.369   2.4964575e+14
      425.387   2.5024762e+14
      425.405   2.5025163e+14
      425.423   2.5206743e+14
      425.441   2.5458006e+14
      425.460   2.5605834e+14
      425.478   2.5790368e+14
      425.496   2.6031976e+14
      425.514   2.6161821e+14
      425.532   2.6207670e+14
      425.550   2.6260599e+14
      425.568   2.6301062e+14
      425.586   2.6303709e+14
      425.604   2.6297998e+14
      425.622   2.6317922e+14
      425.641   2.6312611e+14
      425.659   2.6236660e+14
      425.677   2.6094147e+14
      425.695   2.5871912e+14
      425.713   2.5582278e+14
      425.731   2.5299592e+14
      425.749   2.5060106e+14
      425.767   2.4913806e+14
      425.786   2.4976205e+14
      425.804   2.5114241e+14
      425.822   2.5174112e+14
      425.840   2.5168281e+14
      425.858   2.5080326e+14
      425.876   2.4752945e+14
      425.894   2.4294185e+14
      425.913   2.3961287e+14
      425.931   2.3750749e+14
      425.949   2.3593877e+14
      425.967   2.3553246e+14
      425.985   2.3560043e+14
      426.003   2.3428525e+14
      426.021   2.3158697e+14
      426.040   2.2830247e+14
      426.058   2.2485272e+14
      426.076   2.2180229e+14
      426.094   2.1949373e+14
      426.112   2.1823840e+14
      426.130   2.1774755e+14
      426.148   2.1711372e+14
      426.167   2.1696380e+14
      426.185   2.1785586e+14
      426.203   2.1949951e+14
      426.221   2.2158610e+14
      426.239   2.2420903e+14
      426.257   2.2635918e+14
      426.276   2.2754798e+14
      426.294   2.2785949e+14
      426.312   2.2768128e+14
      426.330   2.2794892e+14
      426.348   2.2927369e+14
      426.367   2.3155911e+14
      426.385   2.3522305e+14
      426.403   2.4115105e+14
      426.421   2.4759117e+14
      426.439   2.5337445e+14
      426.457   2.5923109e+14
      426.476   2.6435282e+14
      426.494   2.6788418e+14
      426.512   2.7077723e+14
      426.530   2.7362632e+14
      426.548   2.7625032e+14
      426.567   2.7820324e+14
      426.585   2.7907967e+14
      426.603   2.7876051e+14
      426.621   2.7693598e+14
      426.639   2.7343069e+14
      426.658   2.6986870e+14
      426.676   2.6727761e+14
      426.694   2.6509548e+14
      426.712   2.6377640e+14
      426.730   2.6378858e+14
      426.749   2.6435784e+14
      426.767   2.6507451e+14
      426.785   2.6642911e+14
      426.803   2.6773133e+14
      426.821   2.6823852e+14
      426.840   2.6774254e+14
      426.858   2.6653250e+14
      426.876   2.6520935e+14
      426.894   2.6454820e+14
      426.913   2.6421640e+14
      426.931   2.6379431e+14
      426.949   2.6225209e+14
      426.967   2.5858273e+14
      426.985   2.5287124e+14
      427.004   2.4551810e+14
      427.022   2.3742755e+14
      427.040   2.3061250e+14
      427.058   2.2550013e+14
      427.077   2.2179510e+14
      427.095   2.1995539e+14
      427.113   2.2015237e+14
      427.131   2.2176806e+14
      427.150   2.2475742e+14
      427.168   2.2756991e+14
      427.186   2.2905138e+14
      427.204   2.2926127e+14
      427.223   2.2764515e+14
      427.241   2.2427755e+14
      427.259   2.2085608e+14
      427.277   2.1833707e+14
      427.296   2.1578419e+14
      427.314   2.1305847e+14
      427.332   2.1127482e+14
      427.350   2.1054371e+14
      427.369   2.0910676e+14
      427.387   2.0760453e+14
      427.405   2.0632863e+14
      427.423   2.0476265e+14
      427.442   2.0328026e+14
      427.460   2.0359592e+14
      427.478   2.0607059e+14
      427.497   2.0983448e+14
      427.515   2.1479531e+14
      427.533   2.2103536e+14
      427.551   2.2697136e+14
      427.570   2.3182955e+14
      427.588   2.3588115e+14
      427.606   2.3888722e+14
      427.625   2.4065257e+14
      427.643   2.4113576e+14
      427.661   2.4040489e+14
      427.679   2.4061639e+14
      427.698   2.4210027e+14
      427.716   2.4370712e+14
      427.734   2.4630603e+14
      427.753   2.5079446e+14
      427.771   2.5463466e+14
      427.789   2.5630971e+14
      427.807   2.5678329e+14
      427.826   2.5684101e+14
      427.844   2.5615268e+14
      427.862   2.5478924e+14
      427.881   2.5405438e+14
      427.899   2.5423779e+14
      427.917   2.5448636e+14
      427.936   2.5384059e+14
      427.954   2.5301770e+14
      427.972   2.5224147e+14
      427.991   2.5068837e+14
      428.009   2.4933459e+14
      428.027   2.4896169e+14
      428.046   2.4885367e+14
      428.064   2.4839726e+14
      428.082   2.4750906e+14
      428.101   2.4643704e+14
      428.119   2.4453239e+14
      428.137   2.4172742e+14
      428.156   2.3946754e+14
      428.174   2.3910718e+14
      428.192   2.3880912e+14
      428.211   2.3897417e+14
      428.229   2.4029280e+14
      428.247   2.4114428e+14
      428.266   2.3997717e+14
      428.284   2.3834261e+14
      428.302   2.3671647e+14
      428.321   2.3494465e+14
      428.339   2.3403768e+14
      428.357   2.3467113e+14
      428.376   2.3522408e+14
      428.394   2.3609681e+14
      428.412   2.3798767e+14
      428.431   2.3890598e+14
      428.449   2.3916290e+14
      428.467   2.3960244e+14
      428.486   2.3929458e+14
      428.504   2.3839746e+14
      428.522   2.3729074e+14
      428.541   2.3562763e+14
      428.559   2.3395868e+14
      428.578   2.3330943e+14
      428.596   2.3369514e+14
      428.614   2.3517131e+14
      428.633   2.3687144e+14
      428.651   2.3915206e+14
      428.669   2.4168910e+14
      428.688   2.4320673e+14
      428.706   2.4321448e+14
      428.725   2.4165889e+14
      428.743   2.3791769e+14
      428.761   2.3306884e+14
      428.780   2.2806283e+14
      428.798   2.2333269e+14
      428.816   2.1920720e+14
      428.835   2.1707177e+14
      428.853   2.1506076e+14
      428.872   2.1238274e+14
      428.890   2.1153593e+14
      428.908   2.1173020e+14
      428.927   2.1035233e+14
      428.945   2.0873767e+14
      428.964   2.0814023e+14
      428.982   2.0709922e+14
      429.000   2.0712913e+14
      429.019   2.0830922e+14
      429.037   2.0954850e+14
      429.056   2.1017626e+14
      429.074   2.1042112e+14
      429.092   2.1052992e+14
      429.111   2.0993217e+14
      429.129   2.0908736e+14
      429.148   2.0910876e+14
      429.166   2.0995017e+14
      429.185   2.0989507e+14
      429.203   2.0988346e+14
      429.221   2.1041463e+14
      429.240   2.1026173e+14
      429.258   2.0874344e+14
      429.277   2.0875634e+14
      429.295   2.0997785e+14
      429.314   2.1170460e+14
      429.332   2.1425603e+14
      429.350   2.1646038e+14
      429.369   2.1804579e+14
      429.387   2.2028023e+14
      429.406   2.2176669e+14
      429.424   2.2247438e+14
      429.443   2.2537188e+14
      429.461   2.2940357e+14
      429.479   2.3354757e+14
      429.498   2.3765553e+14
      429.516   2.4090819e+14
      429.535   2.4182862e+14
      429.553   2.4109633e+14
      429.572   2.3965525e+14
      429.590   2.3854412e+14
      429.609   2.3806599e+14
      429.627   2.3753345e+14
      429.646   2.3658856e+14
      429.664   2.3576506e+14
      429.682   2.3484505e+14
      429.701   2.3367716e+14
      429.719   2.3147157e+14
      429.738   2.2801627e+14
      429.756   2.2406929e+14
      429.775   2.2055664e+14
      429.793   2.1714402e+14
      429.812   2.1457875e+14
      429.830   2.1259607e+14
      429.849   2.1009147e+14
      429.867   2.0790267e+14
      429.886   2.0587879e+14
      429.904   2.0306796e+14
      429.923   2.0074850e+14
      429.941   1.9781660e+14
      429.960   1.9365844e+14
      429.978   1.9003890e+14
      429.997   1.8845251e+14
      430.015   1.8683006e+14
      430.034   1.8582971e+14
      430.052   1.8527614e+14
      430.071   1.8434948e+14
      430.089   1.8289981e+14
      430.108   1.8121332e+14
      430.126   1.7891426e+14
      430.145   1.7686244e+14
      430.163   1.7534978e+14
      430.182   1.7374508e+14
      430.200   1.7156036e+14
      430.219   1.6980479e+14
      430.237   1.6866516e+14
      430.256   1.6896901e+14
      430.274   1.6973129e+14
      430.293   1.7162764e+14
      430.311   1.7424114e+14
      430.330   1.7614349e+14
      430.348   1.7703689e+14
      430.367   1.7807852e+14
      430.385   1.7908574e+14
      430.404   1.8059783e+14
      430.422   1.8200024e+14
      430.441   1.8299820e+14
      430.459   1.8576506e+14
      430.478   1.9065851e+14
      430.496   1.9321272e+14
      430.515   1.9292933e+14
      430.533   1.9293542e+14
      430.552   1.9166556e+14
      430.571   1.8858898e+14
      430.589   1.8703980e+14
      430.608   1.8657415e+14
      430.626   1.8502054e+14
      430.645   1.8245494e+14
      430.663   1.7984330e+14
      430.682   1.7706265e+14
      430.700   1.7495958e+14
      430.719   1.7389040e+14
      430.737   1.7336395e+14
      430.756   1.7176993e+14
      430.775   1.6982169e+14
      430.793   1.6804218e+14
      430.812   1.6555034e+14
      430.830   1.6327272e+14
      430.849   1.6198091e+14
      430.867   1.6105985e+14
      430.886   1.6009783e+14
      430.904   1.5920935e+14
      430.923   1.5823294e+14
      430.942   1.5765619e+14
      430.960   1.5779749e+14
      430.979   1.5669002e+14
      430.997   1.5410392e+14
      431.016   1.5201314e+14
      431.034   1.5076057e+14
      431.053   1.4790793e+14
      431.072   1.4571560e+14
      431.090   1.4505142e+14
      431.109   1.4372495e+14
      431.127   1.4214776e+14
      431.146   1.4342461e+14
      431.165   1.4730894e+14
      431.183   1.5217216e+14
      431.202   1.5798274e+14
      431.220   1.6372146e+14
      431.239   1.6785082e+14
      431.258   1.6985682e+14
      431.276   1.7204121e+14
      431.295   1.7488892e+14
      431.313   1.7783821e+14
      431.332   1.8039739e+14
      431.351   1.8254332e+14
      431.369   1.8449410e+14
      431.388   1.8618278e+14
      431.406   1.8857985e+14
      431.425   1.9244103e+14
      431.444   1.9737788e+14
      431.462   2.0208660e+14
      431.481   2.0677262e+14
      431.499   2.1112380e+14
      431.518   2.1521576e+14
      431.537   2.1857240e+14
      431.555   2.2230924e+14
      431.574   2.2737611e+14
      431.593   2.3247723e+14
      431.611   2.3781358e+14
      431.630   2.4473205e+14
      431.648   2.5268161e+14
      431.667   2.5963598e+14
      431.686   2.6456472e+14
      431.704   2.6774530e+14
      431.723   2.6977459e+14
      431.742   2.7035082e+14
      431.760   2.7184345e+14
      431.779   2.7536253e+14
      431.798   2.7957119e+14
      431.816   2.8331511e+14
      431.835   2.8717386e+14
      431.854   2.9135800e+14
      431.872   2.9486042e+14
      431.891   2.9793073e+14
      431.909   3.0040019e+14
      431.928   3.0189278e+14
      431.947   3.0134448e+14
      431.965   3.0089830e+14
      431.984   3.0057066e+14
      432.003   3.0047854e+14
      432.021   3.0152704e+14
      432.040   3.0358492e+14
      432.059   3.0542403e+14
      432.077   3.0773133e+14
      432.096   3.1003753e+14
      432.115   3.1061986e+14
      432.133   3.0895039e+14
      432.152   3.0501645e+14
      432.171   2.9895464e+14
      432.189   2.9128783e+14
      432.208   2.8469884e+14
      432.227   2.7923039e+14
      432.246   2.7493435e+14
      432.264   2.7156504e+14
      432.283   2.6905196e+14
      432.302   2.6604189e+14
      432.320   2.6248377e+14
      432.339   2.5765689e+14
      432.358   2.5238535e+14
      432.376   2.4680255e+14
      432.395   2.3979415e+14
      432.414   2.3250823e+14
      432.432   2.2656813e+14
      432.451   2.2183804e+14
      432.470   2.1774195e+14
      432.489   2.1472152e+14
      432.507   2.1272484e+14
      432.526   2.1034840e+14
      432.545   2.0682138e+14
      432.563   2.0374970e+14
      432.582   2.0165146e+14
      432.601   1.9950680e+14
      432.620   1.9685544e+14
      432.638   1.9487845e+14
      432.657   1.9447869e+14
      432.676   1.9528551e+14
      432.694   1.9753578e+14
      432.713   2.0185529e+14
      432.732   2.0813319e+14
      432.751   2.1400821e+14
      432.769   2.1893599e+14
      432.788   2.2401221e+14
      432.807   2.2897592e+14
      432.825   2.3248831e+14
      432.844   2.3589804e+14
      432.863   2.3938600e+14
      432.882   2.4217369e+14
      432.900   2.4465855e+14
      432.919   2.4770465e+14
      432.938   2.5176961e+14
      432.957   2.5728593e+14
      432.975   2.6314658e+14
      432.994   2.6887659e+14
      433.013   2.7439988e+14
      433.032   2.7907897e+14
      433.050   2.8306978e+14
      433.069   2.8693188e+14
      433.088   2.8983055e+14
      433.107   2.9159360e+14
      433.125   2.9162112e+14
      433.144   2.9129421e+14
      433.163   2.9036157e+14
      433.182   2.9003456e+14
      433.200   2.9032215e+14
      433.219   2.9040675e+14
      433.238   2.8932660e+14
      433.257   2.8818151e+14
      433.276   2.8739517e+14
      433.294   2.8695011e+14
      433.313   2.8645479e+14
      433.332   2.8593877e+14
      433.351   2.8521379e+14
      433.369   2.8371613e+14
      433.388   2.8257428e+14
      433.407   2.8240368e+14
      433.426   2.8346937e+14
      433.445   2.8593389e+14
      433.463   2.8889943e+14
      433.482   2.9132357e+14
      433.501   2.9346696e+14
      433.520   2.9410112e+14
      433.539   2.9157060e+14
      433.557   2.8827530e+14
      433.576   2.8426476e+14
      433.595   2.7932853e+14
      433.614   2.7462410e+14
      433.633   2.7097380e+14
      433.651   2.6775922e+14
      433.670   2.6519676e+14
      433.689   2.6345765e+14
      433.708   2.6055383e+14
      433.727   2.5855306e+14
      433.745   2.5666726e+14
      433.764   2.5425446e+14
      433.783   2.5070007e+14
      433.802   2.4736175e+14
      433.821   2.4332680e+14
      433.839   2.3869120e+14
      433.858   2.3325953e+14
      433.877   2.2801270e+14
      433.896   2.2297145e+14
      433.915   2.1763277e+14
      433.934   2.1201429e+14
      433.952   2.0717443e+14
      433.971   2.0230520e+14
      433.990   1.9744982e+14
      434.009   1.9251391e+14
      434.028   1.8748415e+14
      434.047   1.8463826e+14
      434.065   1.8409130e+14
      434.084   1.8445760e+14
      434.103   1.8650133e+14
      434.122   1.8934741e+14
      434.141   1.9180258e+14
      434.160   1.9219325e+14
      434.179   1.9346441e+14
      434.197   1.9368449e+14
      434.216   1.9412573e+14
      434.235   1.9415768e+14
      434.254   1.9549301e+14
      434.273   1.9508325e+14
      434.292   1.9516854e+14
      434.311   1.9695657e+14
      434.329   1.9963537e+14
      434.348   2.0256534e+14
      434.367   2.0711184e+14
      434.386   2.1300758e+14
      434.405   2.1855393e+14
      434.424   2.2367540e+14
      434.443   2.2939074e+14
      434.461   2.3458690e+14
      434.480   2.3879990e+14
      434.499   2.4159187e+14
      434.518   2.4446135e+14
      434.537   2.4743342e+14
      434.556   2.5026687e+14
      434.575   2.5266134e+14
      434.594   2.5450859e+14
      434.613   2.5492780e+14
      434.631   2.5360362e+14
      434.650   2.5193250e+14
      434.669   2.5044614e+14
      434.688   2.5000781e+14
      434.707   2.5076444e+14
      434.726   2.5185739e+14
      434.745   2.5395173e+14
      434.764   2.5575314e+14
      434.783   2.5726007e+14
      434.802   2.6007837e+14
      434.820   2.6356561e+14
      434.839   2.6579367e+14
      434.858   2.6741619e+14
      434.877   2.6865954e+14
      434.896   2.6763842e+14
      434.915   2.6532757e+14
      434.934   2.6334688e+14
      434.953   2.6131104e+14
      434.972   2.5889664e+14
      434.991   2.5557449e+14
      435.010   2.5231424e+14
      435.029   2.4841243e+14
      435.047   2.4435265e+14
      435.066   2.4073152e+14
      435.085   2.3807141e+14
      435.104   2.3482436e+14
      435.123   2.3193774e+14
      435.142   2.3137289e+14
      435.161   2.3040334e+14
      435.180   2.3012470e+14
      435.199   2.3201024e+14
      435.218   2.3431367e+14
      435.237   2.3577353e+14
      435.256   2.3804854e+14
      435.275   2.3996767e+14
      435.294   2.3988139e+14
      435.313   2.3971805e+14
      435.331   2.3871186e+14
      435.350   2.3627676e+14
      435.369   2.3466720e+14
      435.388   2.3486267e+14
      435.407   2.3458392e+14
      435.426   2.3433187e+14
      435.445   2.3541485e+14
      435.464   2.3588438e+14
      435.483   2.3584418e+14
      435.502   2.3645882e+14
      435.521   2.3869422e+14
      435.540   2.4337688e+14
      435.559   2.4989618e+14
      435.578   2.5728613e+14
      435.597   2.6475562e+14
      435.616   2.7191349e+14
      435.635   2.7766818e+14
      435.654   2.8187321e+14
      435.673   2.8525739e+14
      435.692   2.8764457e+14
      435.711   2.8844690e+14
      435.730   2.8844495e+14
      435.749   2.8816314e+14
      435.768   2.8694983e+14
      435.787   2.8460968e+14
      435.806   2.8244292e+14
      435.825   2.8143873e+14
      435.844   2.7961278e+14
      435.863   2.7878637e+14
      435.882   2.8018394e+14
      435.901   2.8171021e+14
      435.920   2.8117547e+14
      435.939   2.8202355e+14
      435.958   2.8306107e+14
      435.977   2.8492010e+14
      435.996   2.8721129e+14
      436.015   2.9068950e+14
      436.034   2.9384480e+14
      436.053   2.9615764e+14
      436.072   2.9696359e+14
      436.091   2.9608213e+14
      436.110   2.9392503e+14
      436.129   2.9091404e+14
      436.148   2.8760727e+14
      436.167   2.8419268e+14
      436.186   2.8080200e+14
      436.205   2.7902453e+14
      436.224   2.7941050e+14
      436.243   2.7983052e+14
      436.262   2.8054054e+14
      436.281   2.8271083e+14
      436.300   2.8466796e+14
      436.319   2.8705550e+14
      436.338   2.9016780e+14
      436.357   2.9328434e+14
      436.376   2.9700573e+14
      436.395   3.0096209e+14
      436.414   3.0229246e+14
      436.433   3.0358730e+14
      436.453   3.0577191e+14
      436.472   3.0643053e+14
      436.491   3.0452138e+14
      436.510   3.0271144e+14
      436.529   3.0077447e+14
      436.548   2.9801533e+14
      436.567   2.9543527e+14
      436.586   2.9248278e+14
      436.605   2.8880139e+14
      436.624   2.8481413e+14
      436.643   2.8161530e+14
      436.662   2.7887359e+14
      436.681   2.7852583e+14
      436.700   2.8000858e+14
      436.719   2.8271245e+14
      436.738   2.8454678e+14
      436.758   2.8708424e+14
      436.777   2.8923323e+14
      436.796   2.8977513e+14
      436.815   2.8697178e+14
      436.834   2.8433410e+14
      436.853   2.8056585e+14
      436.872   2.7688356e+14
      436.891   2.7427017e+14
      436.910   2.7351328e+14
      436.929   2.7164209e+14
      436.948   2.6966757e+14
      436.967   2.6591232e+14
      436.987   2.6170320e+14
      437.006   2.5928231e+14
      437.025   2.5867053e+14
      437.044   2.5874591e+14
      437.063   2.5951277e+14
      437.082   2.6040811e+14
      437.101   2.6002388e+14
      437.120   2.5917878e+14
      437.139   2.6001344e+14
      437.158   2.6194420e+14
      437.178   2.6456554e+14
      437.197   2.6622270e+14
      437.216   2.6782942e+14
      437.235   2.6741699e+14
      437.254   2.6498694e+14
      437.273   2.6093695e+14
      437.292   2.5771579e+14
      437.311   2.5369001e+14
      437.331   2.5051464e+14
      437.350   2.5023436e+14
      437.369   2.5080907e+14
      437.388   2.5109877e+14
      437.407   2.5117283e+14
      437.426   2.4838114e+14
      437.445   2.4501974e+14
      437.464   2.4273638e+14
      437.484   2.4205000e+14
      437.503   2.4277543e+14
      437.522   2.4545961e+14
      437.541   2.4792369e+14
      437.560   2.4758750e+14
      437.579   2.4660046e+14
      437.598   2.4551755e+14
      437.618   2.4399146e+14
      437.637   2.4366879e+14
      437.656   2.4498566e+14
      437.675   2.4565755e+14
      437.694   2.4602691e+14
      437.713   2.4769765e+14
      437.733   2.4792173e+14
      437.752   2.4737322e+14
      437.771   2.4804930e+14
      437.790   2.5015636e+14
      437.809   2.5213787e+14
      437.828   2.5355418e+14
      437.848   2.5678871e+14
      437.867   2.5995417e+14
      437.886   2.6169158e+14
      437.905   2.6225623e+14
      437.924   2.6336949e+14
      437.943   2.6614926e+14
      437.963   2.6985140e+14
      437.982   2.7372046e+14
      438.001   2.7841942e+14
      438.020   2.8303100e+14
      438.039   2.8580641e+14
      438.059   2.8628675e+14
      438.078   2.8705509e+14
      438.097   2.8720128e+14
      438.116   2.8568438e+14
      438.135   2.8321822e+14
      438.154   2.7938422e+14
      438.174   2.7338303e+14
      438.193   2.6674469e+14
      438.212   2.6031760e+14
      438.231   2.5333541e+14
      438.251   2.4770917e+14
      438.270   2.4382450e+14
      438.289   2.4054288e+14
      438.308   2.3648199e+14
      438.327   2.3233004e+14
      438.347   2.2763276e+14
      438.366   2.2261063e+14
      438.385   2.1812233e+14
      438.404   2.1603306e+14
      438.423   2.1472484e+14
      438.443   2.1520331e+14
      438.462   2.1658231e+14
      438.481   2.1850333e+14
      438.500   2.2036967e+14
      438.520   2.2019231e+14
      438.539   2.1914050e+14
      438.558   2.1732435e+14
      438.577   2.1467325e+14
      438.596   2.1188980e+14
      438.616   2.1002362e+14
      438.635   2.0971612e+14
      438.654   2.1187965e+14
      438.673   2.1556416e+14
      438.693   2.2163622e+14
      438.712   2.2956787e+14
      438.731   2.3795240e+14
      438.750   2.4581503e+14
      438.770   2.5362054e+14
      438.789   2.5989340e+14
      438.808   2.6411659e+14
      438.827   2.6742674e+14
      438.847   2.7090093e+14
      438.866   2.7486700e+14
      438.885   2.7836911e+14
      438.904   2.8065228e+14
      438.924   2.8167483e+14
      438.943   2.8131901e+14
      438.962   2.8050985e+14
      438.982   2.7923228e+14
      439.001   2.7741316e+14
      439.020   2.7619149e+14
      439.039   2.7525085e+14
      439.059   2.7372563e+14
      439.078   2.7251802e+14
      439.097   2.7272341e+14
      439.117   2.7401287e+14
      439.136   2.7590180e+14
      439.155   2.7817263e+14
      439.174   2.8013324e+14
      439.194   2.8142846e+14
      439.213   2.8099855e+14
      439.232   2.7926746e+14
      439.252   2.7741679e+14
      439.271   2.7635842e+14
      439.290   2.7605449e+14
      439.309   2.7704041e+14
      439.329   2.7845721e+14
      439.348   2.7922535e+14
      439.367   2.7871664e+14
      439.387   2.7717707e+14
      439.406   2.7624907e+14
      439.425   2.7613515e+14
      439.445   2.7684758e+14
      439.464   2.7804827e+14
      439.483   2.7911070e+14
      439.502   2.7918890e+14
      439.522   2.7878022e+14
      439.541   2.7796521e+14
      439.560   2.7759161e+14
      439.580   2.7789714e+14
      439.599   2.7824995e+14
      439.618   2.7893060e+14
      439.638   2.7927921e+14
      439.657   2.7916255e+14
      439.676   2.7834397e+14
      439.696   2.7728167e+14
      439.715   2.7659132e+14
      439.734   2.7709193e+14
      439.754   2.7866587e+14
      439.773   2.8042917e+14
      439.792   2.8140193e+14
      439.812   2.8018991e+14
      439.831   2.7782109e+14
      439.850   2.7544139e+14
      439.870   2.7355679e+14
      439.889   2.7279723e+14
      439.909   2.7378022e+14
      439.928   2.7478416e+14
      439.947   2.7522880e+14
      439.967   2.7446036e+14
      439.986   2.7234478e+14
      440.005   2.6964106e+14
      440.025   2.6766966e+14
      440.044   2.6697684e+14
      440.063   2.6794661e+14
      440.083   2.7048051e+14
      440.102   2.7341765e+14
      440.121   2.7553489e+14
      440.141   2.7623810e+14
      440.160   2.7617977e+14
      440.180   2.7572151e+14
      440.199   2.7543796e+14
      440.218   2.7557060e+14
      440.238   2.7557163e+14
      440.257   2.7467126e+14
      440.276   2.7241416e+14
      440.296   2.6833892e+14
      440.315   2.6295034e+14
      440.335   2.5763772e+14
      440.354   2.5295713e+14
      440.373   2.4979593e+14
      440.393   2.4897501e+14
      440.412   2.4969840e+14
      440.432   2.5077661e+14
      440.451   2.5198406e+14
      440.470   2.5349470e+14
      440.490   2.5533509e+14
      440.509   2.5782019e+14
      440.529   2.6061027e+14
      440.548   2.6336677e+14
      440.567   2.6510366e+14
      440.587   2.6492664e+14
      440.606   2.6253779e+14
      440.626   2.5972062e+14
      440.645   2.5689524e+14
      440.665   2.5384795e+14
      440.684   2.5079696e+14
      440.703   2.4898189e+14
      440.723   2.4763593e+14
      440.742   2.4619906e+14
      440.762   2.4532978e+14
      440.781   2.4581334e+14
      440.800   2.4758329e+14
      440.820   2.5095685e+14
      440.839   2.5633012e+14
      440.859   2.6306135e+14
      440.878   2.6977170e+14
      440.898   2.7569958e+14
      440.917   2.8015249e+14
      440.937   2.8276717e+14
      440.956   2.8403672e+14
      440.975   2.8512944e+14
      440.995   2.8617941e+14
      441.014   2.8736072e+14
      441.034   2.8868259e+14
      441.053   2.8993411e+14
      441.073   2.9043599e+14
      441.092   2.9060635e+14
      441.112   2.9126212e+14
      441.131   2.9293053e+14
      441.151   2.9495221e+14
      441.170   2.9755217e+14
      441.189   3.0074035e+14
      441.209   3.0369507e+14
      441.228   3.0532637e+14
      441.248   3.0629710e+14
      441.267   3.0732962e+14
      441.287   3.0778757e+14
      441.306   3.0714447e+14
      441.326   3.0547356e+14
      441.345   3.0247830e+14
      441.365   2.9813290e+14
      441.384   2.9285754e+14
      441.404   2.8763080e+14
      441.423   2.8364889e+14
      441.443   2.8162558e+14
      441.462   2.8117920e+14
      441.482   2.8140753e+14
      441.501   2.8119567e+14
      441.521   2.8032496e+14
      441.540   2.7926918e+14
      441.560   2.7757227e+14
      441.579   2.7582452e+14
      441.599   2.7448856e+14
      441.618   2.7365857e+14
      441.638   2.7301019e+14
      441.657   2.7212743e+14
      441.677   2.7126144e+14
      441.696   2.7141276e+14
      441.716   2.7248459e+14
      441.735   2.7371912e+14
      441.755   2.7577009e+14
      441.774   2.7870645e+14
      441.794   2.8145735e+14
      441.813   2.8339871e+14
      441.833   2.8543611e+14
      441.852   2.8890974e+14
      441.872   2.9359732e+14
      441.891   2.9918391e+14
      441.911   3.0614162e+14
      441.930   3.1330143e+14
      441.950   3.1870155e+14
      441.969   3.2181909e+14
      441.989   3.2323355e+14
      442.008   3.2344440e+14
      442.028   3.2325120e+14
      442.048   3.2311334e+14
      442.067   3.2343244e+14
      442.087   3.2350203e+14
      442.106   3.2327427e+14
      442.126   3.2313640e+14
      442.145   3.2203198e+14
      442.165   3.2049856e+14
      442.184   3.1988371e+14
      442.204   3.1959922e+14
      442.223   3.1832210e+14
      442.243   3.1685021e+14
      442.263   3.1521972e+14
      442.282   3.1321592e+14
      442.302   3.1093245e+14
      442.321   3.0959865e+14
      442.341   3.0967937e+14
      442.360   3.0987632e+14
      442.380   3.0903685e+14
      442.400   3.0780991e+14
      442.419   3.0623486e+14
      442.439   3.0354526e+14
      442.458   3.0086272e+14
      442.478   2.9940276e+14
      442.497   2.9900290e+14
      442.517   2.9910891e+14
      442.537   2.9958455e+14
      442.556   2.9929145e+14
      442.576   2.9775454e+14
      442.595   2.9599147e+14
      442.615   2.9461797e+14
      442.635   2.9392790e+14
      442.654   2.9510855e+14
      442.674   2.9798930e+14
      442.693   3.0066440e+14
      442.713   3.0257881e+14
      442.733   3.0447421e+14
      442.752   3.0567712e+14
      442.772   3.0619092e+14
      442.791   3.0664163e+14
      442.811   3.0677477e+14
      442.831   3.0586928e+14
      442.850   3.0337608e+14
      442.870   2.9962483e+14
      442.889   2.9556269e+14
      442.909   2.9205233e+14
      442.929   2.8956228e+14
      442.948   2.8910747e+14
      442.968   2.9029567e+14
      442.987   2.9172269e+14
      443.007   2.9290618e+14
      443.027   2.9337047e+14
      443.046   2.9286967e+14
      443.066   2.9285700e+14
      443.086   2.9418602e+14
      443.105   2.9592196e+14
      443.125   2.9844001e+14
      443.145   3.0093707e+14
      443.164   3.0182226e+14
      443.184   3.0111322e+14
      443.203   2.9937506e+14
      443.223   2.9650280e+14
      443.243   2.9374849e+14
      443.262   2.9234162e+14
      443.282   2.9205017e+14
      443.302   2.9228288e+14
      443.321   2.9206351e+14
      443.341   2.9063724e+14
      443.361   2.8906383e+14
      443.380   2.8810796e+14
      443.400   2.8783295e+14
      443.420   2.8914902e+14
      443.439   2.9234970e+14
      443.459   2.9460714e+14
      443.479   2.9519763e+14
      443.498   2.9495861e+14
      443.518   2.9329095e+14
      443.538   2.9054097e+14
      443.557   2.8898308e+14
      443.577   2.8837449e+14
      443.597   2.8821606e+14
      443.616   2.8900758e+14
      443.636   2.9025597e+14
      443.656   2.9109973e+14
      443.675   2.9146232e+14
      443.695   2.9193778e+14
      443.715   2.9358979e+14
      443.734   2.9661661e+14
      443.754   2.9971704e+14
      443.774   3.0257510e+14
      443.794   3.0477070e+14
      443.813   3.0510359e+14
      443.833   3.0485627e+14
      443.853   3.0612403e+14
      443.872   3.0801313e+14
      443.892   3.0975890e+14
      443.912   3.1283046e+14
      443.931   3.1596687e+14
      443.951   3.1758720e+14
      443.971   3.1905603e+14
      443.991   3.2052344e+14
      444.010   3.2078573e+14
      444.030   3.2129746e+14
      444.050   3.2175464e+14
      444.069   3.2050736e+14
      444.089   3.1852926e+14
      444.109   3.1659651e+14
      444.129   3.1327972e+14
      444.148   3.0889527e+14
      444.168   3.0517271e+14
      444.188   3.0351381e+14
      444.208   3.0192462e+14
      444.227   2.9955609e+14
      444.247   2.9763877e+14
      444.267   2.9612808e+14
      444.286   2.9334167e+14
      444.306   2.9066032e+14
      444.326   2.9013283e+14
      444.346   2.9045093e+14
      444.365   2.9099158e+14
      444.385   2.9233908e+14
      444.405   2.9440929e+14
      444.425   2.9612141e+14
      444.444   2.9783154e+14
      444.464   2.9957731e+14
      444.484   3.0076742e+14
      444.504   3.0179824e+14
      444.523   3.0215424e+14
      444.543   3.0124886e+14
      444.563   3.0015806e+14
      444.583   3.0049947e+14
      444.603   3.0035480e+14
      444.622   3.0007746e+14
      444.642   3.0151859e+14
      444.662   3.0454723e+14
      444.682   3.0725561e+14
      444.701   3.1009267e+14
      444.721   3.1396666e+14
      444.741   3.1722569e+14
      444.761   3.1916464e+14
      444.780   3.2047258e+14
      444.800   3.2238752e+14
      444.820   3.2346384e+14
      444.840   3.2347047e+14
      444.860   3.2272637e+14
      444.879   3.2040272e+14
      444.899   3.1704905e+14
      444.919   3.1350979e+14
      444.939   3.1048845e+14
      444.959   3.0837581e+14
      444.978   3.0707857e+14
      444.998   3.0550374e+14
      445.018   3.0437584e+14
      445.038   3.0415276e+14
      445.058   3.0448622e+14
      445.077   3.0516478e+14
      445.097   3.0619179e+14
      445.117   3.0782448e+14
      445.137   3.0943162e+14
      445.157   3.0965474e+14
      445.177   3.0943657e+14
      445.196   3.0968997e+14
      445.216   3.0859679e+14
      445.236   3.0663888e+14
      445.256   3.0561365e+14
      445.276   3.0453786e+14
      445.295   3.0223634e+14
      445.315   2.9873755e+14
      445.335   2.9453000e+14
      445.355   2.8930729e+14
      445.375   2.8475964e+14
      445.395   2.8257965e+14
      445.414   2.8179780e+14
      445.434   2.8151691e+14
      445.454   2.8229042e+14
      445.474   2.8228541e+14
      445.494   2.8103514e+14
      445.514   2.8006973e+14
      445.534   2.7966502e+14
      445.553   2.7854076e+14
      445.573   2.7772412e+14
      445.593   2.7625310e+14
      445.613   2.7533852e+14
      445.633   2.7412783e+14
      445.653   2.7239523e+14
      445.673   2.7126171e+14
      445.692   2.7107851e+14
      445.712   2.7052143e+14
      445.732   2.6928813e+14
      445.752   2.6698028e+14
      445.772   2.6427506e+14
      445.792   2.6200576e+14
      445.812   2.6041844e+14
      445.831   2.6083709e+14
      445.851   2.6403775e+14
      445.871   2.6793080e+14
      445.891   2.7184307e+14
      445.911   2.7478014e+14
      445.931   2.7729157e+14
      445.951   2.7884565e+14
      445.971   2.7946045e+14
      445.991   2.7844341e+14
      446.010   2.7688515e+14
      446.030   2.7428874e+14
      446.050   2.7123173e+14
      446.070   2.6818633e+14
      446.090   2.6643058e+14
      446.110   2.6661472e+14
      446.130   2.6694277e+14
      446.150   2.6827868e+14
      446.170   2.7081252e+14
      446.190   2.7358085e+14
      446.209   2.7551924e+14
      446.229   2.7750985e+14
      446.249   2.8047712e+14
      446.269   2.8397766e+14
      446.289   2.8654225e+14
      446.309   2.8786447e+14
      446.329   2.8900788e+14
      446.349   2.8913655e+14
      446.369   2.8870321e+14
      446.389   2.8932186e+14
      446.409   2.9077369e+14
      446.429   2.9198693e+14
      446.449   2.9341336e+14
      446.468   2.9440330e+14
      446.488   2.9388146e+14
      446.508   2.9346059e+14
      446.528   2.9416446e+14
      446.548   2.9572202e+14
      446.568   2.9792367e+14
      446.588   3.0208032e+14
      446.608   3.0670847e+14
      446.628   3.1079939e+14
      446.648   3.1354184e+14
      446.668   3.1479580e+14
      446.688   3.1420639e+14
      446.708   3.1313223e+14
      446.728   3.1216362e+14
      446.748   3.1032188e+14
      446.768   3.0715410e+14
      446.788   3.0370780e+14
      446.808   3.0093766e+14
      446.828   2.9949608e+14
      446.848   2.9901195e+14
      446.867   2.9943198e+14
      446.887   3.0041713e+14
      446.907   3.0040135e+14
      446.927   2.9896194e+14
      446.947   2.9750532e+14
      446.967   2.9622662e+14
      446.987   2.9539931e+14
      447.007   2.9575478e+14
      447.027   2.9766118e+14
      447.047   3.0056965e+14
      447.067   3.0447281e+14
      447.087   3.0788633e+14
      447.107   3.0931471e+14
      447.127   3.0827029e+14
      447.147   3.0605749e+14
      447.167   3.0346769e+14
      447.187   3.0203824e+14
      447.207   3.0254109e+14
      447.227   3.0397435e+14
      447.247   3.0550008e+14
      447.267   3.0772263e+14
      447.287   3.1059614e+14
      447.307   3.1323166e+14
      447.327   3.1595366e+14
      447.347   3.1873918e+14
      447.367   3.2129438e+14
      447.387   3.2352074e+14
      447.407   3.2543974e+14
      447.427   3.2654796e+14
      447.447   3.2588203e+14
      447.467   3.2542850e+14
      447.487   3.2361889e+14
      447.507   3.2120091e+14
      447.527   3.2012500e+14
      447.547   3.2083460e+14
      447.567   3.2086388e+14
      447.587   3.2111028e+14
      447.608   3.2193071e+14
      447.628   3.2286555e+14
      447.648   3.2414551e+14
      447.668   3.2607261e+14
      447.688   3.2813389e+14
      447.708   3.2987514e+14
      447.728   3.3109900e+14
      447.748   3.3198106e+14
      447.768   3.3220996e+14
      447.788   3.3153743e+14
      447.808   3.2982462e+14
      447.828   3.2764765e+14
      447.848   3.2395218e+14
      447.868   3.1998024e+14
      447.888   3.1739656e+14
      447.908   3.1550781e+14
      447.928   3.1321174e+14
      447.948   3.1302756e+14
      447.968   3.1346791e+14
      447.989   3.1330046e+14
      448.009   3.1375781e+14
      448.029   3.1524715e+14
      448.049   3.1472225e+14
      448.069   3.1240628e+14
      448.089   3.1053889e+14
      448.109   3.0756352e+14
      448.129   3.0341969e+14
      448.149   3.0123331e+14
      448.169   3.0101263e+14
      448.189   3.0042922e+14
      448.209   3.0024704e+14
      448.229   3.0023607e+14
      448.250   2.9890183e+14
      448.270   2.9600856e+14
      448.290   2.9309637e+14
      448.310   2.9159957e+14
      448.330   2.9113708e+14
      448.350   2.9255851e+14
      448.370   2.9670592e+14
      448.390   3.0088024e+14
      448.410   3.0340244e+14
      448.430   3.0536582e+14
      448.451   3.0620298e+14
      448.471   3.0701288e+14
      448.491   3.0857379e+14
      448.511   3.1186547e+14
      448.531   3.1489504e+14
      448.551   3.1768082e+14
      448.571   3.2076379e+14
      448.591   3.2353662e+14
      448.612   3.2548099e+14
      448.632   3.2848638e+14
      448.652   3.3106409e+14
      448.672   3.3163985e+14
      448.692   3.3179828e+14
      448.712   3.3174024e+14
      448.732   3.3012169e+14
      448.752   3.2800186e+14
      448.773   3.2702286e+14
      448.793   3.2593578e+14
      448.813   3.2425593e+14
      448.833   3.2315140e+14
      448.853   3.2195075e+14
      448.873   3.2000874e+14
      448.893   3.1724480e+14
      448.914   3.1532812e+14
      448.934   3.1431528e+14
      448.954   3.1486098e+14
      448.974   3.1433564e+14
      448.994   3.1407171e+14
      449.014   3.1339163e+14
      449.035   3.1267941e+14
      449.055   3.1188003e+14
      449.075   3.1187040e+14
      449.095   3.1266310e+14
      449.115   3.1397021e+14
      449.135   3.1489811e+14
      449.156   3.1596272e+14
      449.176   3.1686774e+14
      449.196   3.1781329e+14
      449.216   3.1856068e+14
      449.236   3.1885859e+14
      449.256   3.1888688e+14
      449.277   3.1887667e+14
      449.297   3.1700683e+14
      449.317   3.1656964e+14
      449.337   3.1698387e+14
      449.357   3.1778440e+14
      449.378   3.1823164e+14
      449.398   3.1989365e+14
      449.418   3.2104550e+14
      449.438   3.2134705e+14
      449.458   3.1990428e+14
      449.479   3.1953391e+14
      449.499   3.2014897e+14
      449.519   3.1929083e+14
      449.539   3.1833781e+14
      449.559   3.1817024e+14
      449.580   3.1753230e+14
      449.600   3.1588124e+14
      449.620   3.1516659e+14
      449.640   3.1493962e+14
      449.661   3.1400263e+14
      449.681   3.1312732e+14
      449.701   3.1244146e+14
      449.721   3.1109021e+14
      449.741   3.0922564e+14
      449.762   3.0863256e+14
      449.782   3.0792107e+14
      449.802   3.0930712e+14
      449.822   3.1230944e+14
      449.843   3.1602663e+14
      449.863   3.1833359e+14
      449.883   3.2089617e+14
      449.903   3.2300498e+14
      449.924   3.2371388e+14
      449.944   3.2368033e+14
      449.964   3.2400161e+14
      449.984   3.2465150e+14
      450.004   3.2377578e+14
      450.025   3.2339838e+14
      450.045   3.2419793e+14
      450.065   3.2460975e+14
      450.086   3.2434285e+14
      450.106   3.2418630e+14
      450.126   3.2425557e+14
      450.146   3.2383084e+14
      450.167   3.2422442e+14
      450.187   3.2445890e+14
      450.207   3.2558801e+14
      450.227   3.2682194e+14
      450.248   3.2873452e+14
      450.268   3.3092171e+14
      450.288   3.3330268e+14
      450.308   3.3447873e+14
      450.329   3.3417357e+14
      450.349   3.3304757e+14
      450.369   3.3170899e+14
      450.390   3.3131609e+14
      450.410   3.3153901e+14
      450.430   3.3176983e+14
      450.450   3.3171983e+14
      450.471   3.3287667e+14
      450.491   3.3438012e+14
      450.511   3.3604305e+14
      450.532   3.3844697e+14
      450.552   3.4076038e+14
      450.572   3.4259171e+14
      450.593   3.4407707e+14
      450.613   3.4620923e+14
      450.633   3.4838714e+14
      450.653   3.5015304e+14
      450.674   3.4966304e+14
      450.694   3.4904277e+14
      450.714   3.4775800e+14
      450.735   3.4654217e+14
      450.755   3.4588231e+14
      450.775   3.4628872e+14
      450.796   3.4617480e+14
      450.816   3.4555841e+14
      450.836   3.4540639e+14
      450.857   3.4586798e+14
      450.877   3.4676118e+14
      450.897   3.4698639e+14
      450.918   3.4659384e+14
      450.938   3.4610218e+14
      450.958   3.4542111e+14
      450.979   3.4444118e+14
      450.999   3.4380659e+14
      451.019   3.4414776e+14
      451.040   3.4391824e+14
      451.060   3.4352765e+14
      451.080   3.4332339e+14
      451.101   3.4306882e+14
      451.121   3.4195812e+14
      451.141   3.4103686e+14
      451.162   3.3971154e+14
      451.182   3.3975151e+14
      451.202   3.4057109e+14
      451.223   3.4230308e+14
      451.243   3.4355309e+14
      451.264   3.4369304e+14
      451.284   3.4267322e+14
      451.304   3.4136379e+14
      451.325   3.4018571e+14
      451.345   3.3928489e+14
      451.365   3.3855318e+14
      451.386   3.3683511e+14
      451.406   3.3541002e+14
      451.427   3.3505382e+14
      451.447   3.3538495e+14
      451.467   3.3663955e+14
      451.488   3.3836507e+14
      451.508   3.4011736e+14
      451.528   3.4088194e+14
      451.549   3.4128168e+14
      451.569   3.4183343e+14
      451.590   3.4112346e+14
      451.610   3.3963269e+14
      451.630   3.3865848e+14
      451.651   3.3684363e+14
      451.671   3.3440925e+14
      451.692   3.3246775e+14
      451.712   3.3004911e+14
      451.732   3.2764625e+14
      451.753   3.2562505e+14
      451.773   3.2541005e+14
      451.794   3.2683175e+14
      451.814   3.2924579e+14
      451.834   3.2974745e+14
      451.855   3.2913161e+14
      451.875   3.2815919e+14
      451.896   3.2812548e+14
      451.916   3.2841116e+14
      451.937   3.2989377e+14
      451.957   3.3235136e+14
      451.977   3.3392480e+14
      451.998   3.3416017e+14
      452.018   3.3365869e+14
      452.039   3.3294587e+14
      452.059   3.3259312e+14
      452.080   3.3062385e+14
      452.100   3.2758927e+14
      452.120   3.2492716e+14
      452.141   3.2327723e+14
      452.161   3.2216110e+14
      452.182   3.2277205e+14
      452.202   3.2503532e+14
      452.223   3.2885822e+14
      452.243   3.3242311e+14
      452.264   3.3544635e+14
      452.284   3.3830076e+14
      452.304   3.3932158e+14
      452.325   3.3806745e+14
      452.345   3.3535081e+14
      452.366   3.3319722e+14
      452.386   3.3261135e+14
      452.407   3.3326434e+14
      452.427   3.3413334e+14
      452.448   3.3574366e+14
      452.468   3.3600254e+14
      452.489   3.3274780e+14
      452.509   3.2875814e+14
      452.530   3.2445084e+14
      452.550   3.2102449e+14
      452.571   3.1657973e+14
      452.591   3.1402168e+14
      452.612   3.1288066e+14
      452.632   3.1388433e+14
      452.653   3.1483613e+14
      452.673   3.1619797e+14
      452.694   3.1554810e+14
      452.714   3.1263518e+14
      452.735   3.0863827e+14
      452.755   3.0407542e+14
      452.776   3.0045093e+14
      452.796   2.9798250e+14
      452.817   2.9737043e+14
      452.837   2.9664440e+14
      452.858   2.9689410e+14
      452.878   2.9864222e+14
      452.899   3.0069351e+14
      452.919   3.0045696e+14
      452.940   2.9867512e+14
      452.960   2.9485577e+14
      452.981   2.8949595e+14
      453.001   2.8512313e+14
      453.022   2.8380735e+14
      453.042   2.8579337e+14
      453.063   2.8874942e+14
      453.083   2.9291089e+14
      453.104   2.9674123e+14
      453.124   2.9967898e+14
      453.145   3.0035433e+14
      453.165   2.9935702e+14
      453.186   2.9765809e+14
      453.206   2.9719566e+14
      453.227   2.9725734e+14
      453.248   2.9772297e+14
      453.268   3.0091959e+14
      453.289   3.0408375e+14
      453.309   3.0520646e+14
      453.330   3.0568554e+14
      453.350   3.0587043e+14
      453.371   3.0489750e+14
      453.391   3.0162944e+14
      453.412   2.9739384e+14
      453.432   2.9165964e+14
      453.453   2.8751627e+14
      453.474   2.8605055e+14
      453.494   2.8698753e+14
      453.515   2.9130424e+14
      453.535   2.9750150e+14
      453.556   3.0245967e+14
      453.576   3.0476269e+14
      453.597   3.0652970e+14
      453.618   3.0726991e+14
      453.638   3.0732957e+14
      453.659   3.0746601e+14
      453.679   3.0990243e+14
      453.700   3.1221676e+14
      453.721   3.1330921e+14
      453.741   3.1523059e+14
      453.762   3.1891139e+14
      453.782   3.2092309e+14
      453.803   3.2232601e+14
      453.823   3.2531003e+14
      453.844   3.2843742e+14
      453.865   3.2996394e+14
      453.885   3.2937416e+14
      453.906   3.2978606e+14
      453.926   3.3001585e+14
      453.947   3.3170957e+14
      453.968   3.3382616e+14
      453.988   3.3690468e+14
      454.009   3.4049429e+14
      454.030   3.4301615e+14
      454.050   3.4328666e+14
      454.071   3.4210820e+14
      454.091   3.4111499e+14
      454.112   3.3952109e+14
      454.133   3.3872862e+14
      454.153   3.3807596e+14
      454.174   3.3817158e+14
      454.194   3.3830019e+14
      454.215   3.3874338e+14
      454.236   3.3839712e+14
      454.256   3.3837798e+14
      454.277   3.3809136e+14
      454.298   3.3616856e+14
      454.318   3.3435078e+14
      454.339   3.3287724e+14
      454.360   3.2950403e+14
      454.380   3.2609246e+14
      454.401   3.2496710e+14
      454.422   3.2386674e+14
      454.442   3.2271747e+14
      454.463   3.2344612e+14
      454.483   3.2492771e+14
      454.504   3.2726605e+14
      454.525   3.2855445e+14
      454.545   3.2935804e+14
      454.566   3.2952378e+14
      454.587   3.2996680e+14
      454.607   3.2918258e+14
      454.628   3.2826429e+14
      454.649   3.2847254e+14
      454.669   3.2880852e+14
      454.690   3.2798292e+14
      454.711   3.2567707e+14
      454.732   3.2456725e+14
      454.752   3.2311840e+14
      454.773   3.2019335e+14
      454.794   3.1413935e+14
      454.814   3.1090398e+14
      454.835   3.0878756e+14
      454.856   3.0662341e+14
      454.876   3.0719268e+14
      454.897   3.1191402e+14
      454.918   3.1580640e+14
      454.938   3.1852090e+14
      454.959   3.2193661e+14
      454.980   3.2436019e+14
      455.000   3.2539689e+14
      455.021   3.2606849e+14
      455.042   3.2699899e+14
      455.063   3.2769597e+14
      455.083   3.2727125e+14
      455.104   3.2796991e+14
      455.125   3.2857549e+14
      455.145   3.3025070e+14
      455.166   3.3153864e+14
      455.187   3.3335265e+14
      455.208   3.3411977e+14
      455.228   3.3503918e+14
      455.249   3.3310886e+14
      455.270   3.3102503e+14
      455.290   3.2854827e+14
      455.311   3.2919216e+14
      455.332   3.3087714e+14
      455.353   3.3416441e+14
      455.373   3.3694078e+14
      455.394   3.3942606e+14
      455.415   3.3819980e+14
      455.436   3.3420472e+14
      455.456   3.2890913e+14
      455.477   3.2470121e+14
      455.498   3.2086896e+14
      455.519   3.1870072e+14
      455.539   3.1821164e+14
      455.560   3.1871775e+14
      455.581   3.1808883e+14
      455.602   3.1964323e+14
      455.622   3.2093921e+14
      455.643   3.2153099e+14
      455.664   3.2198368e+14
      455.685   3.2222767e+14
      455.705   3.1956236e+14
      455.726   3.1680598e+14
      455.747   3.1541896e+14
      455.768   3.1583028e+14
      455.789   3.1706425e+14
      455.809   3.1995536e+14
      455.830   3.2168649e+14
      455.851   3.2261885e+14
      455.872   3.2233136e+14
      455.892   3.2209987e+14
      455.913   3.2181071e+14
      455.934   3.2315000e+14
      455.955   3.2543428e+14
      455.976   3.2914966e+14
      455.996   3.3312410e+14
      456.017   3.3733897e+14
      456.038   3.4143562e+14
      456.059   3.4505941e+14
      456.080   3.4655737e+14
      456.100   3.4715681e+14
      456.121   3.4713657e+14
      456.142   3.4668566e+14
      456.163   3.4595907e+14
      456.184   3.4536231e+14
      456.204   3.4343095e+14
      456.225   3.4301768e+14
      456.246   3.4338683e+14
      456.267   3.4349467e+14
      456.288   3.4354236e+14
      456.308   3.4506556e+14
      456.329   3.4423555e+14
      456.350   3.4341815e+14
      456.371   3.4322972e+14
      456.392   3.4232973e+14
      456.413   3.4111267e+14
      456.433   3.4040643e+14
      456.454   3.3930168e+14
      456.475   3.3778939e+14
      456.496   3.3707748e+14
      456.517   3.3663965e+14
      456.538   3.3548682e+14
      456.558   3.3292668e+14
      456.579   3.3147064e+14
      456.600   3.3043304e+14
      456.621   3.2997883e+14
      456.642   3.3038725e+14
      456.663   3.3066726e+14
      456.684   3.3105669e+14
      456.704   3.3095046e+14
      456.725   3.3114644e+14
      456.746   3.3180883e+14
      456.767   3.3294084e+14
      456.788   3.3378587e+14
      456.809   3.3493720e+14
      456.830   3.3576653e+14
      456.850   3.3607145e+14
      456.871   3.3635350e+14
      456.892   3.3772899e+14
      456.913   3.4062660e+14
      456.934   3.4334837e+14
      456.955   3.4522769e+14
      456.976   3.4640723e+14
      456.997   3.4641541e+14
      457.018   3.4457652e+14
      457.038   3.4177697e+14
      457.059   3.3996537e+14
      457.080   3.3872202e+14
      457.101   3.3763418e+14
      457.122   3.3672883e+14
      457.143   3.3677451e+14
      457.164   3.3660584e+14
      457.185   3.3658485e+14
      457.206   3.3678932e+14
      457.226   3.3779042e+14
      457.247   3.3891452e+14
      457.268   3.3992754e+14
      457.289   3.4063093e+14
      457.310   3.4073237e+14
      457.331   3.4019050e+14
      457.352   3.3962953e+14
      457.373   3.3937832e+14
      457.394   3.3928111e+14
      457.415   3.3936665e+14
      457.436   3.3944739e+14
      457.457   3.3977762e+14
      457.477   3.4000233e+14
      457.498   3.4048196e+14
      457.519   3.4178311e+14
      457.540   3.4396319e+14
      457.561   3.4694120e+14
      457.582   3.5031677e+14
      457.603   3.5344782e+14
      457.624   3.5595619e+14
      457.645   3.5755236e+14
      457.666   3.5765296e+14
      457.687   3.5635162e+14
      457.708   3.5466389e+14
      457.729   3.5295052e+14
      457.750   3.5129585e+14
      457.771   3.4993991e+14
      457.792   3.4928187e+14
      457.813   3.4859672e+14
      457.834   3.4777322e+14
      457.854   3.4657366e+14
      457.875   3.4444601e+14
      457.896   3.4163763e+14
      457.917   3.3912480e+14
      457.938   3.3704432e+14
      457.959   3.3493348e+14
      457.980   3.3250279e+14
      458.001   3.3077010e+14
      458.022   3.2854894e+14
      458.043   3.2566905e+14
      458.064   3.2332028e+14
      458.085   3.2238073e+14
      458.106   3.2115951e+14
      458.127   3.1944185e+14
      458.148   3.1792449e+14
      458.169   3.1623198e+14
      458.190   3.1453618e+14
      458.211   3.1295796e+14
      458.232   3.1157214e+14
      458.253   3.1034852e+14
      458.274   3.0936832e+14
      458.295   3.0835302e+14
      458.316   3.0763045e+14
      458.337   3.0828612e+14
      458.358   3.0991439e+14
      458.379   3.1192637e+14
      458.400   3.1459910e+14
      458.421   3.1650322e+14
      458.442   3.1704158e+14
      458.463   3.1629846e+14
      458.484   3.1558553e+14
      458.505   3.1585330e+14
      458.526   3.1745054e+14
      458.547   3.2003032e+14
      458.568   3.2325203e+14
      458.589   3.2553768e+14
      458.610   3.2553835e+14
      458.631   3.2537504e+14
      458.652   3.2530088e+14
      458.673   3.2461829e+14
      458.695   3.2439182e+14
      458.716   3.2526369e+14
      458.737   3.2731591e+14
      458.758   3.3004052e+14
      458.779   3.3325443e+14
      458.800   3.3633635e+14
      458.821   3.3859170e+14
      458.842   3.3912346e+14
      458.863   3.3886813e+14
      458.884   3.3855070e+14
      458.905   3.3802128e+14
      458.926   3.3781375e+14
      458.947   3.3892875e+14
      458.968   3.3984309e+14
      458.989   3.4068583e+14
      459.010   3.4177959e+14
      459.031   3.4240098e+14
      459.052   3.4192741e+14
      459.074   3.4163154e+14
      459.095   3.3991618e+14
      459.116   3.3794884e+14
      459.137   3.3706369e+14
      459.158   3.3660096e+14
      459.179   3.3672967e+14
      459.200   3.3855476e+14
      459.221   3.4047095e+14
      459.242   3.4118501e+14
      459.263   3.4125336e+14
      459.284   3.4069496e+14
      459.306   3.3970671e+14
      459.327   3.3872879e+14
      459.348   3.3838076e+14
      459.369   3.3759886e+14
      459.390   3.3609918e+14
      459.411   3.3438716e+14
      459.432   3.3219642e+14
      459.453   3.2976939e+14
      459.474   3.2774096e+14
      459.495   3.2691371e+14
      459.517   3.2659120e+14
      459.538   3.2664131e+14
      459.559   3.2719409e+14
      459.580   3.2826867e+14
      459.601   3.2984925e+14
      459.622   3.3288854e+14
      459.643   3.3558497e+14
      459.664   3.3677344e+14
      459.686   3.3732595e+14
      459.707   3.3657692e+14
      459.728   3.3404647e+14
      459.749   3.3252304e+14
      459.770   3.3263087e+14
      459.791   3.3312031e+14
      459.812   3.3374556e+14
      459.834   3.3415921e+14
      459.855   3.3375309e+14
      459.876   3.3291897e+14
      459.897   3.3207836e+14
      459.918   3.3067403e+14
      459.939   3.2952506e+14
      459.960   3.2889661e+14
      459.982   3.2844930e+14
      460.003   3.2858419e+14
      460.024   3.2901776e+14
      460.045   3.2944980e+14
      460.066   3.2999530e+14
      460.087   3.3026124e+14
      460.109   3.2947356e+14
      460.130   3.2748534e+14
      460.151   3.2516935e+14
      460.172   3.2354657e+14
      460.193   3.2249408e+14
      460.214   3.2228839e+14
      460.236   3.2396904e+14
      460.257   3.2600868e+14
      460.278   3.2692184e+14
      460.299   3.2699757e+14
      460.320   3.2577233e+14
      460.342   3.2328016e+14
      460.363   3.2103964e+14
      460.384   3.1938557e+14
      460.405   3.1834997e+14
      460.426   3.1876903e+14
      460.448   3.2042149e+14
      460.469   3.2241553e+14
      460.490   3.2462719e+14
      460.511   3.2650648e+14
      460.532   3.2798621e+14
      460.554   3.2969543e+14
      460.575   3.3076762e+14
      460.596   3.3010313e+14
      460.617   3.2886121e+14
      460.638   3.2855804e+14
      460.660   3.2907126e+14
      460.681   3.3025244e+14
      460.702   3.3280619e+14
      460.723   3.3590247e+14
      460.745   3.3805111e+14
      460.766   3.3915613e+14
      460.787   3.3999728e+14
      460.808   3.4078566e+14
      460.829   3.4157091e+14
      460.851   3.4311708e+14
      460.872   3.4540192e+14
      460.893   3.4751416e+14
      460.914   3.4963776e+14
      460.936   3.5176872e+14
      460.957   3.5211137e+14
      460.978   3.5086306e+14
      460.999   3.4944494e+14
      461.021   3.4777056e+14
      461.042   3.4609993e+14
      461.063   3.4537051e+14
      461.084   3.4544152e+14
      461.106   3.4649973e+14
      461.127   3.4860273e+14
      461.148   3.4997894e+14
      461.170   3.4989579e+14
      461.191   3.4909266e+14
      461.212   3.4746457e+14
      461.233   3.4471835e+14
      461.255   3.4185576e+14
      461.276   3.3976728e+14
      461.297   3.3806619e+14
      461.318   3.3631526e+14
      461.340   3.3530366e+14
      461.361   3.3548463e+14
      461.382   3.3616877e+14
      461.404   3.3710227e+14
      461.425   3.3808623e+14
      461.446   3.3762959e+14
      461.467   3.3713120e+14
      461.489   3.3804895e+14
      461.510   3.3933457e+14
      461.531   3.4119415e+14
      461.553   3.4381477e+14
      461.574   3.4554338e+14
      461.595   3.4582124e+14
      461.617   3.4492481e+14
      461.638   3.4259387e+14
      461.659   3.4055771e+14
      461.681   3.3947799e+14
      461.702   3.3824008e+14
      461.723   3.3709664e+14
      461.744   3.3674537e+14
      461.766   3.3635331e+14
      461.787   3.3556245e+14
      461.808   3.3526558e+14
      461.830   3.3562253e+14
      461.851   3.3547484e+14
      461.872   3.3474956e+14
      461.894   3.3343938e+14
      461.915   3.3152158e+14
      461.936   3.2938376e+14
      461.958   3.2836996e+14
      461.979   3.2881079e+14
      462.000   3.3023235e+14
      462.022   3.3191822e+14
      462.043   3.3321974e+14
      462.065   3.3398450e+14
      462.086   3.3415765e+14
      462.107   3.3360839e+14
      462.129   3.3332812e+14
      462.150   3.3388500e+14
      462.171   3.3437780e+14
      462.193   3.3538372e+14
      462.214   3.3790656e+14
      462.235   3.4125354e+14
      462.257   3.4448303e+14
      462.278   3.4759471e+14
      462.299   3.5057982e+14
      462.321   3.5270515e+14
      462.342   3.5310761e+14
      462.364   3.5297452e+14
      462.385   3.5333045e+14
      462.406   3.5364463e+14
      462.428   3.5386826e+14
      462.449   3.5411504e+14
      462.471   3.5399313e+14
      462.492   3.5323385e+14
      462.513   3.5156956e+14
      462.535   3.4970837e+14
      462.556   3.4850183e+14
      462.577   3.4776619e+14
      462.599   3.4711819e+14
      462.620   3.4728268e+14
      462.642   3.4771820e+14
      462.663   3.4829434e+14
      462.684   3.4907801e+14
      462.706   3.4987881e+14
      462.727   3.5027346e+14
      462.749   3.4986013e+14
      462.770   3.4821057e+14
      462.792   3.4631088e+14
      462.813   3.4411239e+14
      462.834   3.4085202e+14
      462.856   3.3807632e+14
      462.877   3.3699672e+14
      462.899   3.3628801e+14
      462.920   3.3564263e+14
      462.942   3.3572059e+14
      462.963   3.3650250e+14
      462.984   3.3754999e+14
      463.006   3.3875603e+14
      463.027   3.4028957e+14
      463.049   3.4208300e+14
      463.070   3.4287961e+14
      463.092   3.4306683e+14
      463.113   3.4257577e+14
      463.134   3.4055218e+14
      463.156   3.3839062e+14
      463.177   3.3710889e+14
      463.199   3.3580836e+14
      463.220   3.3460851e+14
      463.242   3.3417878e+14
      463.263   3.3367923e+14
      463.285   3.3375665e+14
      463.306   3.3437935e+14
      463.328   3.3580145e+14
      463.349   3.3881086e+14
      463.371   3.4279544e+14
      463.392   3.4561370e+14
      463.414   3.4705416e+14
      463.435   3.4705900e+14
      463.456   3.4533722e+14
      463.478   3.4254154e+14
      463.499   3.4002689e+14
      463.521   3.3812648e+14
      463.542   3.3685517e+14
      463.564   3.3608375e+14
      463.585   3.3546472e+14
      463.607   3.3353318e+14
      463.628   3.3133021e+14
      463.650   3.2939192e+14
      463.671   3.2792826e+14
      463.693   3.2678244e+14
      463.714   3.2675914e+14
      463.736   3.2689114e+14
      463.757   3.2701612e+14
      463.779   3.2652281e+14
      463.800   3.2509251e+14
      463.822   3.2299705e+14
      463.843   3.2060425e+14
      463.865   3.1816996e+14
      463.886   3.1634102e+14
      463.908   3.1556672e+14
      463.929   3.1599756e+14
      463.951   3.1784926e+14
      463.973   3.2115207e+14
      463.994   3.2501077e+14
      464.016   3.2884617e+14
      464.037   3.3206856e+14
      464.059   3.3435014e+14
      464.080   3.3534454e+14
      464.102   3.3624611e+14
      464.123   3.3763574e+14
      464.145   3.4014366e+14
      464.166   3.4355267e+14
      464.188   3.4695450e+14
      464.209   3.4973988e+14
      464.231   3.5174705e+14
      464.253   3.5224461e+14
      464.274   3.5150276e+14
      464.296   3.5111640e+14
      464.317   3.5119400e+14
      464.339   3.5223039e+14
      464.360   3.5394872e+14
      464.382   3.5615020e+14
      464.403   3.5801882e+14
      464.425   3.5897980e+14
      464.447   3.5802725e+14
      464.468   3.5561213e+14
      464.490   3.5320876e+14
      464.511   3.5072224e+14
      464.533   3.4837500e+14
      464.554   3.4681447e+14
      464.576   3.4549810e+14
      464.598   3.4320520e+14
      464.619   3.4128596e+14
      464.641   3.3925424e+14
      464.662   3.3705385e+14
      464.684   3.3574492e+14
      464.706   3.3471517e+14
      464.727   3.3273229e+14
      464.749   3.3023810e+14
      464.770   3.2841310e+14
      464.792   3.2646912e+14
      464.814   3.2503358e+14
      464.835   3.2419150e+14
      464.857   3.2417664e+14
      464.878   3.2405461e+14
      464.900   3.2374263e+14
      464.922   3.2273139e+14
      464.943   3.2096854e+14
      464.965   3.1975526e+14
      464.987   3.1890523e+14
      465.008   3.1872753e+14
      465.030   3.1905527e+14
      465.051   3.1919461e+14
      465.073   3.1824788e+14
      465.095   3.1830269e+14
      465.116   3.1884917e+14
      465.138   3.1967635e+14
      465.160   3.2148135e+14
      465.181   3.2319823e+14
      465.203   3.2355565e+14
      465.224   3.2405097e+14
      465.246   3.2554157e+14
      465.268   3.2713265e+14
      465.289   3.2801636e+14
      465.311   3.2793605e+14
      465.333   3.2784768e+14
      465.354   3.2732802e+14
      465.376   3.2687897e+14
      465.398   3.2743734e+14
      465.419   3.2844438e+14
      465.441   3.2899006e+14
      465.463   3.2906829e+14
      465.484   3.2906777e+14
      465.506   3.2917035e+14
      465.528   3.2940881e+14
      465.549   3.2848273e+14
      465.571   3.2782947e+14
      465.593   3.2744640e+14
      465.614   3.2709618e+14
      465.636   3.2702863e+14
      465.658   3.2727028e+14
      465.679   3.2680661e+14
      465.701   3.2657223e+14
      465.723   3.2683330e+14
      465.745   3.2696652e+14
      465.766   3.2712288e+14
      465.788   3.2775650e+14
      465.810   3.2982357e+14
      465.831   3.3314510e+14
      465.853   3.3695900e+14
      465.875   3.4108297e+14
      465.896   3.4478188e+14
      465.918   3.4696930e+14
      465.940   3.4806650e+14
      465.962   3.4838449e+14
      465.983   3.4798504e+14
      466.005   3.4839373e+14
      466.027   3.4824668e+14
      466.048   3.4755369e+14
      466.070   3.4818459e+14
      466.092   3.4960832e+14
      466.114   3.5038863e+14
      466.135   3.5118730e+14
      466.157   3.5157057e+14
      466.179   3.5062087e+14
      466.200   3.4949792e+14
      466.222   3.4812783e+14
      466.244   3.4696197e+14
      466.266   3.4636366e+14
      466.287   3.4608686e+14
      466.309   3.4534556e+14
      466.331   3.4425866e+14
      466.353   3.4317634e+14
      466.374   3.4198239e+14
      466.396   3.4023121e+14
      466.418   3.3845057e+14
      466.440   3.3703801e+14
      466.461   3.3490828e+14
      466.483   3.3315764e+14
      466.505   3.3205766e+14
      466.527   3.3115894e+14
      466.548   3.3118439e+14
      466.570   3.3120939e+14
      466.592   3.2934897e+14
      466.614   3.2710502e+14
      466.636   3.2501658e+14
      466.657   3.2101827e+14
      466.679   3.1803077e+14
      466.701   3.1664950e+14
      466.723   3.1623635e+14
      466.744   3.1558484e+14
      466.766   3.1516019e+14
      466.788   3.1436492e+14
      466.810   3.1371419e+14
      466.832   3.1307145e+14
      466.853   3.1267301e+14
      466.875   3.1229023e+14
      466.897   3.1132540e+14
      466.919   3.1091803e+14
      466.941   3.0996271e+14
      466.962   3.0955412e+14
      466.984   3.1039700e+14
      467.006   3.1171431e+14
      467.028   3.1311524e+14
      467.050   3.1477325e+14
      467.071   3.1607129e+14
      467.093   3.1799636e+14
      467.115   3.2124737e+14
      467.137   3.2327866e+14
      467.159   3.2453899e+14
      467.181   3.2599147e+14
      467.202   3.2792653e+14
      467.224   3.2884239e+14
      467.246   3.2973715e+14
      467.268   3.3178244e+14
      467.290   3.3458623e+14
      467.312   3.3597777e+14
      467.333   3.3673884e+14
      467.355   3.3760820e+14
      467.377   3.3814234e+14
      467.399   3.3865857e+14
      467.421   3.3923190e+14
      467.443   3.3983452e+14
      467.464   3.4125858e+14
      467.486   3.4232050e+14
      467.508   3.4255220e+14
      467.530   3.4280506e+14
      467.552   3.4345851e+14
      467.574   3.4362847e+14
      467.596   3.4341404e+14
      467.617   3.4291064e+14
      467.639   3.4213112e+14
      467.661   3.4205019e+14
      467.683   3.4378359e+14
      467.705   3.4582824e+14
      467.727   3.4678019e+14
      467.749   3.4781196e+14
      467.771   3.4773783e+14
      467.792   3.4606638e+14
      467.814   3.4418862e+14
      467.836   3.4285971e+14
      467.858   3.4114455e+14
      467.880   3.3918312e+14
      467.902   3.3706027e+14
      467.924   3.3510336e+14
      467.946   3.3448584e+14
      467.968   3.3479883e+14
      467.990   3.3568392e+14
      468.011   3.3599627e+14
      468.033   3.3524178e+14
      468.055   3.3390850e+14
      468.077   3.3172909e+14
      468.099   3.2929352e+14
      468.121   3.2768914e+14
      468.143   3.2718348e+14
      468.165   3.2655708e+14
      468.187   3.2576763e+14
      468.209   3.2370459e+14
      468.231   3.2276482e+14
      468.252   3.2195312e+14
      468.274   3.2130673e+14
      468.296   3.2188515e+14
      468.318   3.2379121e+14
      468.340   3.2411210e+14
      468.362   3.2433840e+14
      468.384   3.2552060e+14
      468.406   3.2726412e+14
      468.428   3.2929004e+14
      468.450   3.3068965e+14
      468.472   3.3129969e+14
      468.494   3.3117071e+14
      468.516   3.2973797e+14
      468.538   3.2901815e+14
      468.560   3.2878620e+14
      468.582   3.2841223e+14
      468.604   3.2862091e+14
      468.626   3.2940411e+14
      468.647   3.2911100e+14
      468.669   3.2798122e+14
      468.691   3.2766265e+14
      468.713   3.2783864e+14
      468.735   3.2831175e+14
      468.757   3.2854662e+14
      468.779   3.2976434e+14
      468.801   3.3177403e+14
      468.823   3.3244015e+14
      468.845   3.3222946e+14
      468.867   3.3239593e+14
      468.889   3.3328424e+14
      468.911   3.3362393e+14
      468.933   3.3375619e+14
      468.955   3.3368919e+14
      468.977   3.3334454e+14
      468.999   3.3250649e+14
      469.021   3.3122694e+14
      469.043   3.3014986e+14
      469.065   3.2897950e+14
      469.087   3.2883834e+14
      469.109   3.2946181e+14
      469.131   3.3046774e+14
      469.153   3.3107502e+14
      469.175   3.3338517e+14
      469.197   3.3570533e+14
      469.219   3.3701908e+14
      469.241   3.3768242e+14
      469.263   3.3834744e+14
      469.285   3.3889974e+14
      469.307   3.3916445e+14
      469.329   3.3955008e+14
      469.351   3.4026768e+14
      469.373   3.4198259e+14
      469.395   3.4300123e+14
      469.417   3.4376977e+14
      469.439   3.4402990e+14
      469.462   3.4397684e+14
      469.484   3.4442833e+14
      469.506   3.4549476e+14
      469.528   3.4677558e+14
      469.550   3.4801559e+14
      469.572   3.4948479e+14
      469.594   3.5006915e+14
      469.616   3.5030027e+14
      469.638   3.5006180e+14
      469.660   3.4955669e+14
      469.682   3.4844123e+14
      469.704   3.4642406e+14
      469.726   3.4318604e+14
      469.748   3.4049579e+14
      469.770   3.3876265e+14
      469.792   3.3803910e+14
      469.814   3.3778847e+14
      469.837   3.3786266e+14
      469.859   3.3676572e+14
      469.881   3.3556229e+14
      469.903   3.3420977e+14
      469.925   3.3293074e+14
      469.947   3.3156644e+14
      469.969   3.3101083e+14
      469.991   3.2988867e+14
      470.013   3.2861403e+14
      470.035   3.2722304e+14
      470.057   3.2675227e+14
      470.079   3.2634194e+14
      470.102   3.2678240e+14
      470.124   3.2601829e+14
      470.146   3.2317231e+14
      470.168   3.2039314e+14
      470.190   3.1843603e+14
      470.212   3.1637712e+14
      470.234   3.1624956e+14
      470.256   3.1899246e+14
      470.278   3.2162422e+14
      470.301   3.2302807e+14
      470.323   3.2406102e+14
      470.345   3.2347009e+14
      470.367   3.2325271e+14
      470.389   3.2219291e+14
      470.411   3.2122319e+14
      470.433   3.2017790e+14
      470.455   3.2089463e+14
      470.478   3.2084828e+14
      470.500   3.2173236e+14
      470.522   3.2306244e+14
      470.544   3.2415656e+14
      470.566   3.2290287e+14
      470.588   3.2107681e+14
      470.610   3.1874218e+14
      470.633   3.1568006e+14
      470.655   3.1496353e+14
      470.677   3.1721874e+14
      470.699   3.1970874e+14
      470.721   3.2176261e+14
      470.743   3.2346245e+14
      470.765   3.2369597e+14
      470.788   3.2244070e+14
      470.810   3.2076125e+14
      470.832   3.1927690e+14
      470.854   3.1853565e+14
      470.876   3.1638322e+14
      470.898   3.1536603e+14
      470.921   3.1602822e+14
      470.943   3.1752666e+14
      470.965   3.1927805e+14
      470.987   3.2191258e+14
      471.009   3.2331512e+14
      471.032   3.2364812e+14
      471.054   3.2244566e+14
      471.076   3.2244470e+14
      471.098   3.2418388e+14
      471.120   3.2659305e+14
      471.143   3.2926077e+14
      471.165   3.3344019e+14
      471.187   3.3629992e+14
      471.209   3.3770511e+14
      471.231   3.3786081e+14
      471.254   3.3786611e+14
      471.276   3.3697081e+14
      471.298   3.3573389e+14
      471.320   3.3518170e+14
      471.342   3.3531594e+14
      471.365   3.3562666e+14
      471.387   3.3768112e+14
      471.409   3.3945809e+14
      471.431   3.3978145e+14
      471.453   3.4031354e+14
      471.476   3.3978992e+14
      471.498   3.3784779e+14
      471.520   3.3636880e+14
      471.542   3.3549765e+14
      471.565   3.3491297e+14
      471.587   3.3538905e+14
      471.609   3.3595062e+14
      471.631   3.3659939e+14
      471.654   3.3706803e+14
      471.676   3.3650724e+14
      471.698   3.3581167e+14
      471.720   3.3505524e+14
      471.743   3.3392787e+14
      471.765   3.3341785e+14
      471.787   3.3472583e+14
      471.809   3.3693965e+14
      471.832   3.3959000e+14
      471.854   3.4306033e+14
      471.876   3.4637149e+14
      471.898   3.4816699e+14
      471.921   3.4921186e+14
      471.943   3.4954414e+14
      471.965   3.4907734e+14
      471.988   3.4916529e+14
      472.010   3.4957823e+14
      472.032   3.4995016e+14
      472.054   3.4937138e+14
      472.077   3.4970278e+14
      472.099   3.4908455e+14
      472.121   3.4810595e+14
      472.144   3.4604720e+14
      472.166   3.4480359e+14
      472.188   3.4388232e+14
      472.210   3.4366671e+14
      472.233   3.4395686e+14
      472.255   3.4478598e+14
      472.277   3.4564811e+14
      472.300   3.4584461e+14
      472.322   3.4581660e+14
      472.344   3.4595814e+14
      472.367   3.4646238e+14
      472.389   3.4731325e+14
      472.411   3.4794367e+14
      472.434   3.4743580e+14
      472.456   3.4718074e+14
      472.478   3.4809430e+14
      472.500   3.4915780e+14
      472.523   3.4952403e+14
      472.545   3.4984523e+14
      472.567   3.5005607e+14
      472.590   3.4820966e+14
      472.612   3.4682670e+14
      472.634   3.4589970e+14
      472.657   3.4632522e+14
      472.679   3.4673028e+14
      472.701   3.4699539e+14
      472.724   3.4679028e+14
      472.746   3.4609526e+14
      472.769   3.4484586e+14
      472.791   3.4352814e+14
      472.813   3.4273908e+14
      472.836   3.4142017e+14
      472.858   3.4105094e+14
      472.880   3.4069650e+14
      472.903   3.3948610e+14
      472.925   3.3854175e+14
      472.947   3.3787252e+14
      472.970   3.3696005e+14
      472.992   3.3427554e+14
      473.015   3.3143216e+14
      473.037   3.2958395e+14
      473.059   3.2812277e+14
      473.082   3.2655692e+14
      473.104   3.2870333e+14
      473.126   3.3198739e+14
      473.149   3.3467609e+14
      473.171   3.3670807e+14
      473.194   3.3707620e+14
      473.216   3.3684316e+14
      473.238   3.3628854e+14
      473.261   3.3580912e+14
      473.283   3.3618120e+14
      473.306   3.3843775e+14
      473.328   3.3976336e+14
      473.350   3.4200620e+14
      473.373   3.4414815e+14
      473.395   3.4476994e+14
      473.418   3.4509600e+14
      473.440   3.4547706e+14
      473.462   3.4494579e+14
      473.485   3.4329987e+14
      473.507   3.4235416e+14
      473.530   3.4212885e+14
      473.552   3.4204446e+14
      473.575   3.4106150e+14
      473.597   3.4115027e+14
      473.619   3.4192421e+14
      473.642   3.4252757e+14
      473.664   3.4231932e+14
      473.687   3.4246542e+14
      473.709   3.4380106e+14
      473.732   3.4419659e+14
      473.754   3.4341528e+14
      473.776   3.4346630e+14
      473.799   3.4423358e+14
      473.821   3.4386835e+14
      473.844   3.4385272e+14
      473.866   3.4379145e+14
      473.889   3.4304720e+14
      473.911   3.4247532e+14
      473.934   3.4235373e+14
      473.956   3.4236670e+14
      473.979   3.4295413e+14
      474.001   3.4205650e+14
      474.024   3.4209851e+14
      474.046   3.4284201e+14
      474.068   3.4347157e+14
      474.091   3.4533556e+14
      474.113   3.4897598e+14
      474.136   3.5148868e+14
      474.158   3.5259355e+14
      474.181   3.5365496e+14
      474.203   3.5328005e+14
      474.226   3.5223134e+14
      474.248   3.5158164e+14
      474.271   3.5260525e+14
      474.293   3.5416885e+14
      474.316   3.5631929e+14
      474.338   3.5760703e+14
      474.361   3.5773123e+14
      474.383   3.5702211e+14
      474.406   3.5539227e+14
      474.428   3.5238262e+14
      474.451   3.5084488e+14
      474.473   3.5004736e+14
      474.496   3.4801438e+14
      474.518   3.4792504e+14
      474.541   3.4937622e+14
      474.563   3.5049880e+14
      474.586   3.5122529e+14
      474.608   3.5217757e+14
      474.631   3.5130300e+14
      474.654   3.5078431e+14
      474.676   3.5057911e+14
      474.699   3.5055064e+14
      474.721   3.5123486e+14
      474.744   3.5248840e+14
      474.766   3.5308345e+14
      474.789   3.5297548e+14
      474.811   3.5204306e+14
      474.834   3.4987063e+14
      474.856   3.4856832e+14
      474.879   3.4784023e+14
      474.901   3.4788657e+14
      474.924   3.4904618e+14
      474.947   3.5226603e+14
      474.969   3.5456372e+14
      474.992   3.5624447e+14
      475.014   3.5815018e+14
      475.037   3.5985086e+14
      475.059   3.5989268e+14
      475.082   3.5853280e+14
      475.105   3.5819096e+14
      475.127   3.5739356e+14
      475.150   3.5727043e+14
      475.172   3.5762225e+14
      475.195   3.5931203e+14
      475.217   3.5970217e+14
      475.240   3.5801652e+14
      475.263   3.5616475e+14
      475.285   3.5426039e+14
      475.308   3.5145912e+14
      475.330   3.4991584e+14
      475.353   3.5137019e+14
      475.376   3.5238667e+14
      475.398   3.5366444e+14
      475.421   3.5546781e+14
      475.443   3.5548947e+14
      475.466   3.5421081e+14
      475.489   3.5131020e+14
      475.511   3.4867880e+14
      475.534   3.4666893e+14
      475.556   3.4585833e+14
      475.579   3.4506345e+14
      475.602   3.4586587e+14
      475.624   3.4640008e+14
      475.647   3.4556032e+14
      475.669   3.4489376e+14
      475.692   3.4495065e+14
      475.715   3.4460387e+14
      475.737   3.4263654e+14
      475.760   3.4253546e+14
      475.783   3.4313877e+14
      475.805   3.4335242e+14
      475.828   3.4433799e+14
      475.851   3.4660315e+14
      475.873   3.4827772e+14
      475.896   3.4917240e+14
      475.919   3.4998742e+14
      475.941   3.4993559e+14
      475.964   3.5004262e+14
      475.986   3.4865936e+14
      476.009   3.4932987e+14
      476.032   3.5094488e+14
      476.054   3.5260557e+14
      476.077   3.5189807e+14
      476.100   3.5164948e+14
      476.122   3.5006286e+14
      476.145   3.4786171e+14
      476.168   3.4621915e+14
      476.190   3.4679074e+14
      476.213   3.4768106e+14
      476.236   3.4634421e+14
      476.259   3.4497054e+14
      476.281   3.4405333e+14
      476.304   3.4322506e+14
      476.327   3.4259969e+14
      476.349   3.4345916e+14
      476.372   3.4408676e+14
      476.395   3.4317002e+14
      476.417   3.4091758e+14
      476.440   3.3930657e+14
      476.463   3.3705282e+14
      476.485   3.3301677e+14
      476.508   3.3105204e+14
      476.531   3.3011920e+14
      476.554   3.2864016e+14
      476.576   3.2705011e+14
      476.599   3.2780861e+14
      476.622   3.2890186e+14
      476.644   3.3059049e+14
      476.667   3.3105952e+14
      476.690   3.3212154e+14
      476.713   3.3186783e+14
      476.735   3.3029559e+14
      476.758   3.2950371e+14
      476.781   3.3052758e+14
      476.803   3.3229041e+14
      476.826   3.3433585e+14
      476.849   3.3591845e+14
      476.872   3.3674298e+14
      476.894   3.3712174e+14
      476.917   3.3750651e+14
      476.940   3.3836630e+14
      476.963   3.3927788e+14
      476.985   3.4049363e+14
      477.008   3.4242589e+14
      477.031   3.4446733e+14
      477.054   3.4632558e+14
      477.076   3.4811818e+14
      477.099   3.4958167e+14
      477.122   3.4933954e+14
      477.145   3.4833526e+14
      477.168   3.4703087e+14
      477.190   3.4673603e+14
      477.213   3.4740096e+14
      477.236   3.4926340e+14
      477.259   3.5149631e+14
      477.281   3.5369871e+14
      477.304   3.5470103e+14
      477.327   3.5489109e+14
      477.350   3.5513456e+14
      477.373   3.5536967e+14
      477.395   3.5562236e+14
      477.418   3.5632815e+14
      477.441   3.5672684e+14
      477.464   3.5658660e+14
      477.487   3.5604430e+14
      477.509   3.5532076e+14
      477.532   3.5450963e+14
      477.555   3.5386186e+14
      477.578   3.5371482e+14
      477.601   3.5393496e+14
      477.623   3.5446312e+14
      477.646   3.5593535e+14
      477.669   3.5757965e+14
      477.692   3.5933432e+14
      477.715   3.6133795e+14
      477.737   3.6305711e+14
      477.760   3.6360677e+14
      477.783   3.6358369e+14
      477.806   3.6315813e+14
      477.829   3.6194097e+14
      477.852   3.6052990e+14
      477.874   3.5910790e+14
      477.897   3.5809913e+14
      477.920   3.5725061e+14
      477.943   3.5700328e+14
      477.966   3.5730398e+14
      477.989   3.5783520e+14
      478.011   3.5855609e+14
      478.034   3.5948346e+14
      478.057   3.6067322e+14
      478.080   3.6164747e+14
      478.103   3.6245142e+14
      478.126   3.6300984e+14
      478.149   3.6304682e+14
      478.171   3.6172258e+14
      478.194   3.5988089e+14
      478.217   3.5805568e+14
      478.240   3.5637408e+14
      478.263   3.5505340e+14
      478.286   3.5493454e+14
      478.309   3.5567159e+14
      478.332   3.5664115e+14
      478.354   3.5789092e+14
      478.377   3.5920851e+14
      478.400   3.6026532e+14
      478.423   3.6063832e+14
      478.446   3.6071533e+14
      478.469   3.6008327e+14
      478.492   3.5838072e+14
      478.515   3.5588859e+14
      478.538   3.5348141e+14
      478.560   3.5132920e+14
      478.583   3.4959742e+14
      478.606   3.4862497e+14
      478.629   3.4813421e+14
      478.652   3.4772210e+14
      478.675   3.4762281e+14
      478.698   3.4826978e+14
      478.721   3.4882142e+14
      478.744   3.4940658e+14
      478.767   3.4908141e+14
      478.790   3.4718132e+14
      478.813   3.4376470e+14
      478.835   3.4056957e+14
      478.858   3.3789043e+14
      478.881   3.3639615e+14
      478.904   3.3584086e+14
      478.927   3.3601042e+14
      478.950   3.3603434e+14
      478.973   3.3565640e+14
      478.996   3.3560664e+14
      479.019   3.3717471e+14
      479.042   3.3986668e+14
      479.065   3.4216704e+14
      479.088   3.4370565e+14
      479.111   3.4426801e+14
      479.134   3.4353903e+14
      479.157   3.4199097e+14
      479.180   3.4087316e+14
      479.203   3.4056610e+14
      479.226   3.4090556e+14
      479.249   3.4146457e+14
      479.272   3.4184609e+14
      479.294   3.4318183e+14
      479.317   3.4564287e+14
      479.340   3.4845606e+14
      479.363   3.5092598e+14
      479.386   3.5339450e+14
      479.409   3.5527002e+14
      479.432   3.5628086e+14
      479.455   3.5683754e+14
      479.478   3.5781167e+14
      479.501   3.5876253e+14
      479.524   3.5931771e+14
      479.547   3.5955616e+14
      479.570   3.5991875e+14
      479.593   3.6079267e+14
      479.616   3.6243807e+14
      479.639   3.6460510e+14
      479.662   3.6657108e+14
      479.685   3.6771051e+14
      479.708   3.6752687e+14
      479.731   3.6630504e+14
      479.754   3.6503937e+14
      479.777   3.6398501e+14
      479.800   3.6331630e+14
      479.823   3.6298305e+14
      479.846   3.6249208e+14
      479.869   3.6165208e+14
      479.892   3.6031029e+14
      479.916   3.5862354e+14
      479.939   3.5653819e+14
      479.962   3.5469585e+14
      479.985   3.5320402e+14
      480.008   3.5251266e+14
      480.031   3.5248413e+14
      480.054   3.5299773e+14
      480.077   3.5348113e+14
      480.100   3.5342412e+14
      480.123   3.5244044e+14
      480.146   3.5076330e+14
      480.169   3.4916327e+14
      480.192   3.4820438e+14
      480.215   3.4821923e+14
      480.238   3.4968992e+14
      480.261   3.5189962e+14
      480.284   3.5351671e+14
      480.307   3.5485692e+14
      480.330   3.5562954e+14
      480.354   3.5559858e+14
      480.377   3.5539884e+14
      480.400   3.5592132e+14
      480.423   3.5667070e+14
      480.446   3.5755954e+14
      480.469   3.5917256e+14
      480.492   3.6092524e+14
      480.515   3.6200773e+14
      480.538   3.6199972e+14
      480.561   3.6137843e+14
      480.584   3.6014043e+14
      480.607   3.5836271e+14
      480.631   3.5693696e+14
      480.654   3.5680935e+14
      480.677   3.5703812e+14
      480.700   3.5734424e+14
      480.723   3.5792435e+14
      480.746   3.5787249e+14
      480.769   3.5698671e+14
      480.792   3.5641022e+14
      480.815   3.5581012e+14
      480.839   3.5517040e+14
      480.862   3.5548327e+14
      480.885   3.5586844e+14
      480.908   3.5563983e+14
      480.931   3.5565167e+14
      480.954   3.5599487e+14
      480.977   3.5575778e+14
      481.000   3.5566202e+14
      481.024   3.5533107e+14
      481.047   3.5453472e+14
      481.070   3.5381576e+14
      481.093   3.5314536e+14
      481.116   3.5276441e+14
      481.139   3.5312542e+14
      481.162   3.5370187e+14
      481.186   3.5404370e+14
      481.209   3.5417100e+14
      481.232   3.5397332e+14
      481.255   3.5379249e+14
      481.278   3.5335747e+14
      481.301   3.5242068e+14
      481.325   3.5183671e+14
      481.348   3.5160011e+14
      481.371   3.5099981e+14
      481.394   3.5103760e+14
      481.417   3.5244956e+14
      481.440   3.5389707e+14
      481.464   3.5507628e+14
      481.487   3.5665220e+14
      481.510   3.5773137e+14
      481.533   3.5809980e+14
      481.556   3.5888270e+14
      481.580   3.5984860e+14
      481.603   3.6015994e+14
      481.626   3.5982770e+14
      481.649   3.5905045e+14
      481.672   3.5779956e+14
      481.696   3.5670800e+14
      481.719   3.5657764e+14
      481.742   3.5737263e+14
      481.765   3.5841219e+14
      481.788   3.5974339e+14
      481.812   3.6133718e+14
      481.835   3.6272952e+14
      481.858   3.6408155e+14
      481.881   3.6535449e+14
      481.904   3.6602562e+14
      481.928   3.6558653e+14
      481.951   3.6428608e+14
      481.974   3.6276805e+14
      481.997   3.6142007e+14
      482.021   3.6021297e+14
      482.044   3.5933200e+14
      482.067   3.5890473e+14
      482.090   3.5854656e+14
      482.114   3.5862467e+14
      482.137   3.5964001e+14
      482.160   3.6110432e+14
      482.183   3.6178578e+14
      482.207   3.6168855e+14
      482.230   3.6088993e+14
      482.253   3.5850780e+14
      482.276   3.5552615e+14
      482.300   3.5366266e+14
      482.323   3.5257292e+14
      482.346   3.5160115e+14
      482.369   3.5123711e+14
      482.393   3.5127258e+14
      482.416   3.5126478e+14
      482.439   3.5161849e+14
      482.462   3.5256160e+14
      482.486   3.5344335e+14
      482.509   3.5385631e+14
      482.532   3.5417311e+14
      482.556   3.5422388e+14
      482.579   3.5381079e+14
      482.602   3.5350412e+14
      482.625   3.5359954e+14
      482.649   3.5351348e+14
      482.672   3.5334693e+14
      482.695   3.5429593e+14
      482.719   3.5606731e+14
      482.742   3.5716527e+14
      482.765   3.5806055e+14
      482.789   3.5929496e+14
      482.812   3.5974752e+14
      482.835   3.5939196e+14
      482.859   3.5947528e+14
      482.882   3.5974021e+14
      482.905   3.5963824e+14
      482.928   3.5928601e+14
      482.952   3.5824292e+14
      482.975   3.5643594e+14
      482.998   3.5493652e+14
      483.022   3.5388269e+14
      483.045   3.5295836e+14
      483.068   3.5254983e+14
      483.092   3.5262502e+14
      483.115   3.5207089e+14
      483.138   3.5088371e+14
      483.162   3.4944217e+14
      483.185   3.4811397e+14
      483.208   3.4714954e+14
      483.232   3.4667894e+14
      483.255   3.4695871e+14
      483.279   3.4805112e+14
      483.302   3.4947253e+14
      483.325   3.5099754e+14
      483.349   3.5255643e+14
      483.372   3.5368726e+14
      483.395   3.5409990e+14
      483.419   3.5380423e+14
      483.442   3.5267661e+14
      483.465   3.5180642e+14
      483.489   3.5161551e+14
      483.512   3.5174171e+14
      483.536   3.5241697e+14
      483.559   3.5395883e+14
      483.582   3.5518907e+14
      483.606   3.5611244e+14
      483.629   3.5726846e+14
      483.653   3.5852967e+14
      483.676   3.5934176e+14
      483.699   3.5929583e+14
      483.723   3.5866420e+14
      483.746   3.5770193e+14
      483.770   3.5624538e+14
      483.793   3.5462939e+14
      483.816   3.5347633e+14
      483.840   3.5241445e+14
      483.863   3.5041053e+14
      483.887   3.4794426e+14
      483.910   3.4563218e+14
      483.933   3.4359309e+14
      483.957   3.4233780e+14
      483.980   3.4215429e+14
      484.004   3.4244928e+14
      484.027   3.4301982e+14
      484.051   3.4389421e+14
      484.074   3.4410492e+14
      484.097   3.4372252e+14
      484.121   3.4295752e+14
      484.144   3.4149073e+14
      484.168   3.3902241e+14
      484.191   3.3678672e+14
      484.215   3.3577930e+14
      484.238   3.3554379e+14
      484.262   3.3547124e+14
      484.285   3.3607398e+14
      484.308   3.3698466e+14
      484.332   3.3773525e+14
      484.355   3.3872626e+14
      484.379   3.4116797e+14
      484.402   3.4402050e+14
      484.426   3.4654828e+14
      484.449   3.4903783e+14
      484.473   3.5120408e+14
      484.496   3.5244526e+14
      484.520   3.5393488e+14
      484.543   3.5568732e+14
      484.567   3.5660042e+14
      484.590   3.5668487e+14
      484.613   3.5607294e+14
      484.637   3.5443218e+14
      484.660   3.5258525e+14
      484.684   3.5119586e+14
      484.707   3.5094762e+14
      484.731   3.5106376e+14
      484.754   3.5127886e+14
      484.778   3.5140521e+14
      484.801   3.5142606e+14
      484.825   3.5116050e+14
      484.849   3.5108577e+14
      484.872   3.5070785e+14
      484.896   3.4980961e+14
      484.919   3.4868991e+14
      484.943   3.4776232e+14
      484.966   3.4681789e+14
      484.990   3.4574672e+14
      485.013   3.4444895e+14
      485.037   3.4290513e+14
      485.060   3.4091266e+14
      485.084   3.3885301e+14
      485.107   3.3733912e+14
      485.131   3.3725116e+14
      485.154   3.3783232e+14
      485.178   3.3927350e+14
      485.201   3.4141999e+14
      485.225   3.4337555e+14
      485.248   3.4426304e+14
      485.272   3.4495593e+14
      485.296   3.4491802e+14
      485.319   3.4408813e+14
      485.343   3.4276251e+14
      485.366   3.4122529e+14
      485.390   3.3814844e+14
      485.413   3.3461510e+14
      485.437   3.3133713e+14
      485.460   3.2823309e+14
      485.484   3.2548859e+14
      485.508   3.2452942e+14
      485.531   3.2454283e+14
      485.555   3.2478830e+14
      485.578   3.2515053e+14
      485.602   3.2558584e+14
      485.625   3.2568996e+14
      485.649   3.2505846e+14
      485.673   3.2425078e+14
      485.696   3.2349283e+14
      485.720   3.2228119e+14
      485.743   3.2055644e+14
      485.767   3.1862910e+14
      485.791   3.1637288e+14
      485.814   3.1283692e+14
      485.838   3.0909610e+14
      485.861   3.0511373e+14
      485.885   3.0135953e+14
      485.909   2.9847233e+14
      485.932   2.9618600e+14
      485.956   2.9278413e+14
      485.979   2.8817674e+14
      486.003   2.8235902e+14
      486.027   2.7546477e+14
      486.050   2.6882145e+14
      486.074   2.6315951e+14
      486.098   2.5866292e+14
      486.121   2.5524375e+14
      486.145   2.5247940e+14
      486.169   2.5029375e+14
      486.192   2.4838253e+14
      486.216   2.4622003e+14
      486.239   2.4411780e+14
      486.263   2.4228868e+14
      486.287   2.4021237e+14
      486.310   2.3936911e+14
      486.334   2.4065630e+14
      486.358   2.4357276e+14
      486.381   2.4716623e+14
      486.405   2.5166869e+14
      486.429   2.5607432e+14
      486.452   2.5983640e+14
      486.476   2.6352307e+14
      486.500   2.6932948e+14
      486.523   2.7643834e+14
      486.547   2.8391348e+14
      486.571   2.9183294e+14
      486.594   2.9935450e+14
      486.618   3.0470029e+14
      486.642   3.0850538e+14
      486.665   3.1151329e+14
      486.689   3.1344298e+14
      486.713   3.1540904e+14
      486.736   3.1768509e+14
      486.760   3.1998007e+14
      486.784   3.2277188e+14
      486.808   3.2603677e+14
      486.831   3.2867372e+14
      486.855   3.3033663e+14
      486.879   3.3192242e+14
      486.902   3.3270630e+14
      486.926   3.3244489e+14
      486.950   3.3088228e+14
      486.973   3.2886749e+14
      486.997   3.2692595e+14
      487.021   3.2457368e+14
      487.045   3.2151175e+14
      487.068   3.1854236e+14
      487.092   3.1669309e+14
      487.116   3.1478735e+14
      487.140   3.1370164e+14
      487.163   3.1412763e+14
      487.187   3.1555098e+14
      487.211   3.1664939e+14
      487.234   3.1715234e+14
      487.258   3.1693956e+14
      487.282   3.1697766e+14
      487.306   3.1716863e+14
      487.329   3.1676790e+14
      487.353   3.1700179e+14
      487.377   3.1757225e+14
      487.401   3.1690102e+14
      487.424   3.1609161e+14
      487.448   3.1493635e+14
      487.472   3.1381559e+14
      487.496   3.1384693e+14
      487.520   3.1552978e+14
      487.543   3.1786220e+14
      487.567   3.2308396e+14
      487.591   3.2910993e+14
      487.615   3.3363000e+14
      487.638   3.3648055e+14
      487.662   3.3666123e+14
      487.686   3.3500075e+14
      487.710   3.3283435e+14
      487.734   3.3118123e+14
      487.757   3.3118481e+14
      487.781   3.3370906e+14
      487.805   3.3590371e+14
      487.829   3.3759710e+14
      487.852   3.3955025e+14
      487.876   3.4074758e+14
      487.900   3.4151944e+14
      487.924   3.4280897e+14
      487.948   3.4462311e+14
      487.972   3.4645922e+14
      487.995   3.4821372e+14
      488.019   3.4909788e+14
      488.043   3.4922257e+14
      488.067   3.4793832e+14
      488.091   3.4632855e+14
      488.114   3.4499257e+14
      488.138   3.4418014e+14
      488.162   3.4489108e+14
      488.186   3.4740959e+14
      488.210   3.4990206e+14
      488.234   3.5239072e+14
      488.257   3.5528437e+14
      488.281   3.5675138e+14
      488.305   3.5668868e+14
      488.329   3.5623369e+14
      488.353   3.5487457e+14
      488.377   3.5284437e+14
      488.400   3.5063736e+14
      488.424   3.4939528e+14
      488.448   3.4784700e+14
      488.472   3.4567404e+14
      488.496   3.4375978e+14
      488.520   3.4303382e+14
      488.544   3.4130489e+14
      488.568   3.4048330e+14
      488.591   3.4155042e+14
      488.615   3.4278247e+14
      488.639   3.4319977e+14
      488.663   3.4394386e+14
      488.687   3.4377247e+14
      488.711   3.4248740e+14
      488.735   3.4090655e+14
      488.759   3.3778986e+14
      488.782   3.3479598e+14
      488.806   3.3278499e+14
      488.830   3.3138314e+14
      488.854   3.3090314e+14
      488.878   3.3156035e+14
      488.902   3.3148390e+14
      488.926   3.2931994e+14
      488.950   3.2667246e+14
      488.974   3.2255693e+14
      488.998   3.1713264e+14
      489.021   3.1246192e+14
      489.045   3.1025833e+14
      489.069   3.0959138e+14
      489.093   3.1045796e+14
      489.117   3.1293195e+14
      489.141   3.1462818e+14
      489.165   3.1517715e+14
      489.189   3.1346372e+14
      489.213   3.1107280e+14
      489.237   3.0884922e+14
      489.261   3.0900118e+14
      489.285   3.1039840e+14
      489.309   3.1314039e+14
      489.333   3.1616840e+14
      489.356   3.1876824e+14
      489.380   3.1907306e+14
      489.404   3.1835990e+14
      489.428   3.1958710e+14
      489.452   3.2177098e+14
      489.476   3.2418109e+14
      489.500   3.2910384e+14
      489.524   3.3628304e+14
      489.548   3.4194489e+14
      489.572   3.4686957e+14
      489.596   3.5191305e+14
      489.620   3.5475723e+14
      489.644   3.5614127e+14
      489.668   3.5715746e+14
      489.692   3.5825586e+14
      489.716   3.6012505e+14
      489.740   3.6299275e+14
      489.764   3.6535740e+14
      489.788   3.6766570e+14
      489.812   3.6977737e+14
      489.836   3.6980812e+14
      489.860   3.6838276e+14
      489.884   3.6747295e+14
      489.908   3.6666922e+14
      489.932   3.6562213e+14
      489.956   3.6561659e+14
      489.980   3.6624000e+14
      490.004   3.6664747e+14
      490.028   3.6710987e+14
      490.052   3.6782252e+14
      490.076   3.6832276e+14
      490.100   3.6848199e+14
      490.124   3.6774467e+14
      490.148   3.6601134e+14
      490.172   3.6288057e+14
      490.196   3.6022269e+14
      490.220   3.5828454e+14
      490.244   3.5668222e+14
      490.268   3.5529579e+14
      490.292   3.5423499e+14
      490.316   3.5303178e+14
      490.340   3.5185065e+14
      490.364   3.5145326e+14
      490.388   3.5231646e+14
      490.412   3.5436001e+14
      490.436   3.5669535e+14
      490.461   3.5904567e+14
      490.485   3.6083424e+14
      490.509   3.6194541e+14
      490.533   3.6298292e+14
      490.557   3.6349716e+14
      490.581   3.6366131e+14
      490.605   3.6316825e+14
      490.629   3.6177063e+14
      490.653   3.5942884e+14
      490.677   3.5900402e+14
      490.701   3.5941516e+14
      490.725   3.6078944e+14
      490.749   3.6269608e+14
      490.773   3.6454118e+14
      490.798   3.6514084e+14
      490.822   3.6480891e+14
      490.846   3.6223433e+14
      490.870   3.5963024e+14
      490.894   3.5716832e+14
      490.918   3.5416519e+14
      490.942   3.5108772e+14
      490.966   3.4890319e+14
      490.990   3.4678531e+14
      491.014   3.4486324e+14
      491.039   3.4186116e+14
      491.063   3.3825551e+14
      491.087   3.3455861e+14
      491.111   3.3078077e+14
      491.135   3.2844252e+14
      491.159   3.2860756e+14
      491.183   3.2932415e+14
      491.207   3.3054764e+14
      491.232   3.3204824e+14
      491.256   3.3260860e+14
      491.280   3.3216542e+14
      491.304   3.3253680e+14
      491.328   3.3293739e+14
      491.352   3.3372120e+14
      491.376   3.3590408e+14
      491.400   3.3923330e+14
      491.425   3.4255110e+14
      491.449   3.4644276e+14
      491.473   3.5078490e+14
      491.497   3.5438304e+14
      491.521   3.5654442e+14
      491.545   3.5833287e+14
      491.570   3.5956488e+14
      491.594   3.6095473e+14
      491.618   3.6145075e+14
      491.642   3.6131586e+14
      491.666   3.5978327e+14
      491.690   3.5731368e+14
      491.715   3.5335209e+14
      491.739   3.4827232e+14
      491.763   3.4376310e+14
      491.787   3.4066180e+14
      491.811   3.3846648e+14
      491.836   3.3600834e+14
      491.860   3.3420481e+14
      491.884   3.2985971e+14
      491.908   3.2338552e+14
      491.932   3.1788604e+14
      491.957   3.1361269e+14
      491.981   3.0997339e+14
      492.005   3.0839935e+14
      492.029   3.0789495e+14
      492.053   3.0606452e+14
      492.078   3.0374413e+14
      492.102   3.0153852e+14
      492.126   3.0049896e+14
      492.150   3.0096267e+14
      492.174   3.0275260e+14
      492.199   3.0514328e+14
      492.223   3.0650510e+14
      492.247   3.0744206e+14
      492.271   3.0998581e+14
      492.296   3.1223934e+14
      492.320   3.1271892e+14
      492.344   3.1405015e+14
      492.368   3.1358183e+14
      492.393   3.1203160e+14
      492.417   3.1297407e+14
      492.441   3.1688976e+14
      492.465   3.2142336e+14
      492.490   3.2742532e+14
      492.514   3.3183213e+14
      492.538   3.3362182e+14
      492.562   3.3353764e+14
      492.587   3.3315613e+14
      492.611   3.3353312e+14
      492.635   3.3441100e+14
      492.659   3.3482762e+14
      492.684   3.3495208e+14
      492.708   3.3480598e+14
      492.732   3.3399719e+14
      492.757   3.3468274e+14
      492.781   3.3607195e+14
      492.805   3.3759030e+14
      492.829   3.4011056e+14
      492.854   3.4146426e+14
      492.878   3.4154203e+14
      492.902   3.4333958e+14
      492.927   3.4596567e+14
      492.951   3.4758437e+14
      492.975   3.5022239e+14
      492.999   3.5271757e+14
      493.024   3.5371399e+14
      493.048   3.5420217e+14
      493.072   3.5451818e+14
      493.097   3.5550362e+14
      493.121   3.5654144e+14
      493.145   3.5684391e+14
      493.170   3.5576444e+14
      493.194   3.5518662e+14
      493.218   3.5361803e+14
      493.243   3.4986398e+14
      493.267   3.4672677e+14
      493.291   3.4569827e+14
      493.316   3.4454847e+14
      493.340   3.4321635e+14
      493.364   3.4409028e+14
      493.389   3.4627032e+14
      493.413   3.4736521e+14
      493.437   3.4705011e+14
      493.462   3.4750498e+14
      493.486   3.4729666e+14
      493.510   3.4561228e+14
      493.535   3.4383729e+14
      493.559   3.4283357e+14
      493.583   3.4068965e+14
      493.608   3.3940374e+14
      493.632   3.3803372e+14
      493.657   3.3575202e+14
      493.681   3.3487837e+14
      493.705   3.3494848e+14
      493.730   3.3235022e+14
      493.754   3.3186788e+14
      493.778   3.3357910e+14
      493.803   3.3339994e+14
      493.827   3.3245494e+14
      493.852   3.3413653e+14
      493.876   3.3351266e+14
      493.900   3.3221525e+14
      493.925   3.3115180e+14
      493.949   3.3229922e+14
      493.974   3.3351517e+14
      493.998   3.3578546e+14
      494.022   3.3823406e+14
      494.047   3.4088265e+14
      494.071   3.4159244e+14
      494.096   3.4143960e+14
      494.120   3.4147744e+14
      494.144   3.4104872e+14
      494.169   3.4134509e+14
      494.193   3.4256492e+14
      494.218   3.4391564e+14
      494.242   3.4631122e+14
      494.267   3.4975395e+14
      494.291   3.5249595e+14
      494.315   3.5564128e+14
      494.340   3.6068651e+14
      494.364   3.6400235e+14
      494.389   3.6601255e+14
      494.413   3.6724890e+14
      494.438   3.6730541e+14
      494.462   3.6538212e+14
      494.486   3.6209034e+14
      494.511   3.5987683e+14
      494.535   3.5841966e+14
      494.560   3.5703944e+14
      494.584   3.5537246e+14
      494.609   3.5615992e+14
      494.633   3.5732547e+14
      494.658   3.5818766e+14
      494.682   3.5921157e+14
      494.707   3.6093596e+14
      494.731   3.6159675e+14
      494.756   3.6151087e+14
      494.780   3.6093900e+14
      494.805   3.5931205e+14
      494.829   3.5764740e+14
      494.854   3.5470038e+14
      494.878   3.5154566e+14
      494.902   3.4932231e+14
      494.927   3.4894783e+14
      494.951   3.4949203e+14
      494.976   3.5101971e+14
      495.000   3.5417153e+14
      495.025   3.5734136e+14
      495.049   3.5966868e+14
      495.074   3.6108216e+14
      495.099   3.6206598e+14
      495.123   3.6194000e+14
      495.148   3.6098296e+14
      495.172   3.5916360e+14
      495.197   3.5791162e+14
      495.221   3.5756705e+14
      495.246   3.5667367e+14
      495.270   3.5587814e+14
      495.295   3.5537299e+14
      495.319   3.5480969e+14
      495.344   3.5432337e+14
      495.368   3.5530495e+14
      495.393   3.5691855e+14
      495.417   3.5897720e+14
      495.442   3.6090161e+14
      495.466   3.6260864e+14
      495.491   3.6284938e+14
      495.516   3.6246220e+14
      495.540   3.6112530e+14
      495.565   3.5669095e+14
      495.589   3.4955415e+14
      495.614   3.4134527e+14
      495.638   3.3391885e+14
      495.663   3.2757681e+14
      495.688   3.2543323e+14
      495.712   3.2654927e+14
      495.737   3.2880805e+14
      495.761   3.3043982e+14
      495.786   3.3197537e+14
      495.810   3.3228835e+14
      495.835   3.3288163e+14
      495.860   3.3366932e+14
      495.884   3.3441475e+14
      495.909   3.3520440e+14
      495.933   3.3636839e+14
      495.958   3.3696030e+14
      495.983   3.3740122e+14
      496.007   3.3773547e+14
      496.032   3.3713633e+14
      496.056   3.3586767e+14
      496.081   3.3552188e+14
      496.106   3.3657941e+14
      496.130   3.4145398e+14
      496.155   3.4891113e+14
      496.179   3.5747831e+14
      496.204   3.6522727e+14
      496.229   3.7170195e+14
      496.253   3.7442021e+14
      496.278   3.7568186e+14
      496.303   3.7619130e+14
      496.327   3.7546612e+14
      496.352   3.7419086e+14
      496.376   3.7307105e+14
      496.401   3.7108984e+14
      496.426   3.6832632e+14
      496.450   3.6472393e+14
      496.475   3.6228651e+14
      496.500   3.5988362e+14
      496.524   3.5782908e+14
      496.549   3.5707036e+14
      496.574   3.5688353e+14
      496.598   3.5576390e+14
      496.623   3.5445369e+14
      496.648   3.5373288e+14
      496.672   3.5157640e+14
      496.697   3.4991268e+14
      496.722   3.4772182e+14
      496.746   3.4594040e+14
      496.771   3.4415433e+14
      496.796   3.4322563e+14
      496.820   3.4162633e+14
      496.845   3.4063826e+14
      496.870   3.4025725e+14
      496.894   3.3815638e+14
      496.919   3.3681994e+14
      496.944   3.3728953e+14
      496.968   3.4010772e+14
      496.993   3.4194200e+14
      497.018   3.4488912e+14
      497.043   3.4726419e+14
      497.067   3.4846249e+14
      497.092   3.4879441e+14
      497.117   3.4872778e+14
      497.141   3.4880706e+14
      497.166   3.4884481e+14
      497.191   3.5088610e+14
      497.216   3.5232867e+14
      497.240   3.5542988e+14
      497.265   3.5893197e+14
      497.290   3.6239063e+14
      497.315   3.6439939e+14
      497.339   3.6609101e+14
      497.364   3.6714943e+14
      497.389   3.6696482e+14
      497.413   3.6861660e+14
      497.438   3.7112710e+14
      497.463   3.7221532e+14
      497.488   3.7247999e+14
      497.512   3.7358538e+14
      497.537   3.7274616e+14
      497.562   3.7180419e+14
      497.587   3.7201314e+14
      497.611   3.7165762e+14
      497.636   3.7102200e+14
      497.661   3.7078522e+14
      497.686   3.7001196e+14
      497.711   3.6714720e+14
      497.735   3.6548705e+14
      497.760   3.6456743e+14
      497.785   3.6334988e+14
      497.810   3.6191455e+14
      497.834   3.6181997e+14
      497.859   3.5855573e+14
      497.884   3.5405292e+14
      497.909   3.5107579e+14
      497.934   3.4873251e+14
      497.958   3.4644804e+14
      497.983   3.4709193e+14
      498.008   3.4694676e+14
      498.033   3.4547419e+14
      498.058   3.4432903e+14
      498.082   3.4204417e+14
      498.107   3.3800176e+14
      498.132   3.3558281e+14
      498.157   3.3184142e+14
      498.182   3.2703011e+14
      498.206   3.2330020e+14
      498.231   3.2096260e+14
      498.256   3.1873811e+14
      498.281   3.1827514e+14
      498.306   3.1826864e+14
      498.331   3.1795370e+14
      498.355   3.1554569e+14
      498.380   3.1356651e+14
      498.405   3.1196018e+14
      498.430   3.1069010e+14
      498.455   3.0958725e+14
      498.480   3.1074298e+14
      498.504   3.1080571e+14
      498.529   3.1045393e+14
      498.554   3.1058146e+14
      498.579   3.1112028e+14
      498.604   3.1225349e+14
      498.629   3.1522908e+14
      498.654   3.1841747e+14
      498.678   3.2198743e+14
      498.703   3.2647645e+14
      498.728   3.2866123e+14
      498.753   3.3142664e+14
      498.778   3.3590748e+14
      498.803   3.3980981e+14
      498.828   3.4248846e+14
      498.853   3.4676935e+14
      498.878   3.4940128e+14
      498.902   3.5089797e+14
      498.927   3.5269147e+14
      498.952   3.5274152e+14
      498.977   3.5353607e+14
      499.002   3.5493221e+14
      499.027   3.5383309e+14
      499.052   3.5326921e+14
      499.077   3.5509589e+14
      499.102   3.5604908e+14
      499.127   3.5543293e+14
      499.151   3.5629687e+14
      499.176   3.5477388e+14
      499.201   3.5259684e+14
      499.226   3.4987906e+14
      499.251   3.4695017e+14
      499.276   3.4525060e+14
      499.301   3.4492532e+14
      499.326   3.4511108e+14
      499.351   3.4583400e+14
      499.376   3.4690235e+14
      499.401   3.4704974e+14
      499.426   3.4674715e+14
      499.451   3.4557066e+14
      499.476   3.4639832e+14
      499.501   3.4983566e+14
      499.525   3.5164350e+14
      499.550   3.5374654e+14
      499.575   3.5730638e+14
      499.600   3.5935558e+14
      499.625   3.5908463e+14
      499.650   3.5940331e+14
      499.675   3.5880607e+14
      499.700   3.5829950e+14
      499.725   3.5842277e+14
      499.750   3.5742066e+14
      499.775   3.5765909e+14
      499.800   3.5822204e+14
      499.825   3.5846575e+14
      499.850   3.5507472e+14
      499.875   3.5539684e+14
      499.900   3.5146291e+14
      499.925   3.4780623e+14
      499.950   3.4433617e+14
      499.975   3.4215556e+14
      500.000   3.4095738e+14
      500.025   3.3746596e+14
      500.050   3.3413144e+14
      500.075   3.3191203e+14
      500.100   3.2905369e+14
      500.125   3.2343754e+14
      500.150   3.2150396e+14
      500.175   3.2023007e+14
      500.200   3.1905039e+14
      500.225   3.1896858e+14
      500.250   3.1919398e+14
      500.275   3.1939495e+14
      500.300   3.1985949e+14
      500.325   3.2070817e+14
      500.350   3.2153938e+14
      500.375   3.2450397e+14
      500.400   3.2779339e+14
      500.425   3.2900892e+14
      500.450   3.2772791e+14
      500.475   3.2616397e+14
      500.500   3.2337078e+14
      500.526   3.2099682e+14
      500.551   3.2043660e+14
      500.576   3.2044035e+14
      500.601   3.2017518e+14
      500.626   3.2019638e+14
      500.651   3.2041487e+14
      500.676   3.2013570e+14
      500.701   3.2090256e+14
      500.726   3.2217936e+14
      500.751   3.2349465e+14
      500.776   3.2493918e+14
      500.801   3.2655321e+14
      500.826   3.2797697e+14
      500.851   3.2899907e+14
      500.877   3.2971591e+14
      500.902   3.2971809e+14
      500.927   3.3001371e+14
      500.952   3.3174857e+14
      500.977   3.3572455e+14
      501.002   3.4005166e+14
      501.027   3.4365655e+14
      501.052   3.4499614e+14
      501.077   3.4486478e+14
      501.102   3.4349805e+14
      501.128   3.4229476e+14
      501.153   3.4224008e+14
      501.178   3.4328646e+14
      501.203   3.4372646e+14
      501.228   3.4309669e+14
      501.253   3.4055791e+14
      501.278   3.3646099e+14
      501.303   3.3255746e+14
      501.329   3.2854766e+14
      501.354   3.2474950e+14
      501.379   3.2274683e+14
      501.404   3.2186494e+14
      501.429   3.2131354e+14
      501.454   3.2149670e+14
      501.479   3.2149270e+14
      501.505   3.2090888e+14
      501.530   3.2017520e+14
      501.555   3.2012910e+14
      501.580   3.2177875e+14
      501.605   3.2426876e+14
      501.630   3.2705136e+14
      501.655   3.2897676e+14
      501.681   3.2840024e+14
      501.706   3.2633269e+14
      501.731   3.2443816e+14
      501.756   3.2253456e+14
      501.781   3.2257613e+14
      501.806   3.2442153e+14
      501.832   3.2584087e+14
      501.857   3.2754496e+14
      501.882   3.2921428e+14
      501.907   3.2946318e+14
      501.932   3.2936864e+14
      501.958   3.2988663e+14
      501.983   3.3009178e+14
      502.008   3.2960998e+14
      502.033   3.2836052e+14
      502.058   3.2608379e+14
      502.084   3.2339234e+14
      502.109   3.2056957e+14
      502.134   3.1839684e+14
      502.159   3.1697589e+14
      502.185   3.1756338e+14
      502.210   3.2021207e+14
      502.235   3.2296811e+14
      502.260   3.2580534e+14
      502.285   3.2884996e+14
      502.311   3.3067699e+14
      502.336   3.3079643e+14
      502.361   3.3069306e+14
      502.386   3.3020897e+14
      502.412   3.2978900e+14
      502.437   3.2973819e+14
      502.462   3.2958378e+14
      502.487   3.2908011e+14
      502.513   3.2913905e+14
      502.538   3.2952170e+14
      502.563   3.2982194e+14
      502.588   3.3079284e+14
      502.614   3.3124527e+14
      502.639   3.3089596e+14
      502.664   3.3080655e+14
      502.689   3.3161099e+14
      502.715   3.3228840e+14
      502.740   3.3352694e+14
      502.765   3.3491858e+14
      502.790   3.3516662e+14
      502.816   3.3459014e+14
      502.841   3.3402474e+14
      502.866   3.3403916e+14
      502.892   3.3495436e+14
      502.917   3.3662085e+14
      502.942   3.3766545e+14
      502.968   3.3788507e+14
      502.993   3.3744453e+14
      503.018   3.3619338e+14
      503.043   3.3490010e+14
      503.069   3.3557463e+14
      503.094   3.3783811e+14
      503.119   3.4051853e+14
      503.145   3.4439372e+14
      503.170   3.4916377e+14
      503.195   3.5241657e+14
      503.221   3.5411737e+14
      503.246   3.5535871e+14
      503.271   3.5576998e+14
      503.297   3.5608690e+14
      503.322   3.5746742e+14
      503.347   3.5904334e+14
      503.373   3.5939566e+14
      503.398   3.5896455e+14
      503.423   3.5704678e+14
      503.449   3.5433079e+14
      503.474   3.5224375e+14
      503.499   3.5141101e+14
      503.525   3.5107509e+14
      503.550   3.5193156e+14
      503.575   3.5299049e+14
      503.601   3.5341304e+14
      503.626   3.5384560e+14
      503.651   3.5439605e+14
      503.677   3.5384016e+14
      503.702   3.5250207e+14
      503.728   3.5145139e+14
      503.753   3.4957447e+14
      503.778   3.4686823e+14
      503.804   3.4475914e+14
      503.829   3.4235878e+14
      503.855   3.3919999e+14
      503.880   3.3767593e+14
      503.905   3.3739310e+14
      503.931   3.3571982e+14
      503.956   3.3407922e+14
      503.981   3.3242794e+14
      504.007   3.2850175e+14
      504.032   3.2328732e+14
      504.058   3.1944842e+14
      504.083   3.1629203e+14
      504.108   3.1376062e+14
      504.134   3.1273386e+14
      504.159   3.1267354e+14
      504.185   3.1272119e+14
      504.210   3.1366324e+14
      504.236   3.1503229e+14
      504.261   3.1613837e+14
      504.286   3.1811144e+14
      504.312   3.2019091e+14
      504.337   3.2145421e+14
      504.363   3.2291200e+14
      504.388   3.2469537e+14
      504.414   3.2591022e+14
      504.439   3.2830192e+14
      504.465   3.3299616e+14
      504.490   3.3836707e+14
      504.515   3.4528783e+14
      504.541   3.5422449e+14
      504.566   3.6272247e+14
      504.592   3.6948537e+14
      504.617   3.7491372e+14
      504.643   3.7790319e+14
      504.668   3.7744895e+14
      504.694   3.7514920e+14
      504.719   3.7136926e+14
      504.745   3.6712945e+14
      504.770   3.6412467e+14
      504.796   3.6261579e+14
      504.821   3.6050825e+14
      504.847   3.5851756e+14
      504.872   3.5722983e+14
      504.898   3.5551042e+14
      504.923   3.5344278e+14
      504.948   3.5227103e+14
      504.974   3.5033245e+14
      505.000   3.4604914e+14
      505.025   3.4075186e+14
      505.050   3.3549787e+14
      505.076   3.3071875e+14
      505.102   3.2724472e+14
      505.127   3.2523929e+14
      505.153   3.2418578e+14
      505.178   3.2423963e+14
      505.204   3.2516638e+14
      505.229   3.2737571e+14
      505.255   3.3095807e+14
      505.280   3.3452587e+14
      505.306   3.3652551e+14
      505.331   3.3837962e+14
      505.357   3.4099085e+14
      505.382   3.4317582e+14
      505.408   3.4550523e+14
      505.433   3.4812715e+14
      505.459   3.4971887e+14
      505.485   3.5028080e+14
      505.510   3.5207863e+14
      505.536   3.5530542e+14
      505.561   3.5920299e+14
      505.587   3.6314645e+14
      505.612   3.6626764e+14
      505.638   3.6787390e+14
      505.663   3.6818727e+14
      505.689   3.6800329e+14
      505.715   3.6789169e+14
      505.740   3.6807248e+14
      505.766   3.6818197e+14
      505.791   3.6802150e+14
      505.817   3.6795412e+14
      505.842   3.6771762e+14
      505.868   3.6711429e+14
      505.894   3.6650556e+14
      505.919   3.6592040e+14
      505.945   3.6551846e+14
      505.970   3.6573461e+14
      505.996   3.6635872e+14
      506.022   3.6709273e+14
      506.047   3.6781504e+14
      506.073   3.6813157e+14
      506.099   3.6856500e+14
      506.124   3.6931057e+14
      506.150   3.7001140e+14
      506.175   3.7077848e+14
      506.201   3.7165476e+14
      506.227   3.7229214e+14
      506.252   3.7262401e+14
      506.278   3.7262591e+14
      506.303   3.7132865e+14
      506.329   3.6822750e+14
      506.355   3.6438747e+14
      506.380   3.6095125e+14
      506.406   3.5804358e+14
      506.432   3.5609209e+14
      506.457   3.5568228e+14
      506.483   3.5593092e+14
      506.509   3.5560184e+14
      506.534   3.5453634e+14
      506.560   3.5330334e+14
      506.586   3.5225088e+14
      506.611   3.5071868e+14
      506.637   3.4888422e+14
      506.663   3.4751211e+14
      506.688   3.4643657e+14
      506.714   3.4441514e+14
      506.740   3.4171078e+14
      506.765   3.3904223e+14
      506.791   3.3575348e+14
      506.817   3.3285098e+14
      506.842   3.3233438e+14
      506.868   3.3428433e+14
      506.894   3.3729000e+14
      506.919   3.4090547e+14
      506.945   3.4447456e+14
      506.971   3.4688019e+14
      506.997   3.4773531e+14
      507.022   3.4757448e+14
      507.048   3.4686515e+14
      507.074   3.4586834e+14
      507.099   3.4446659e+14
      507.125   3.4274911e+14
      507.151   3.4150901e+14
      507.177   3.4094677e+14
      507.202   3.4037539e+14
      507.228   3.4106615e+14
      507.254   3.4349989e+14
      507.279   3.4603996e+14
      507.305   3.4786509e+14
      507.331   3.4909035e+14
      507.357   3.4916014e+14
      507.382   3.4781666e+14
      507.408   3.4632255e+14
      507.434   3.4514432e+14
      507.460   3.4363232e+14
      507.485   3.4153589e+14
      507.511   3.3975036e+14
      507.537   3.3779254e+14
      507.563   3.3666014e+14
      507.588   3.3710928e+14
      507.614   3.3897908e+14
      507.640   3.4169586e+14
      507.666   3.4475892e+14
      507.691   3.4708858e+14
      507.717   3.4823962e+14
      507.743   3.4739672e+14
      507.769   3.4438215e+14
      507.795   3.3992207e+14
      507.820   3.3505304e+14
      507.846   3.3101515e+14
      507.872   3.2882570e+14
      507.898   3.2769992e+14
      507.924   3.2699671e+14
      507.949   3.2568764e+14
      507.975   3.2408925e+14
      508.001   3.2279098e+14
      508.027   3.2190290e+14
      508.053   3.2136113e+14
      508.078   3.2138206e+14
      508.104   3.2124699e+14
      508.130   3.1979571e+14
      508.156   3.1652912e+14
      508.182   3.1227832e+14
      508.208   3.0848381e+14
      508.233   3.0465870e+14
      508.259   3.0162593e+14
      508.285   3.0095924e+14
      508.311   3.0215068e+14
      508.337   3.0491440e+14
      508.363   3.0869440e+14
      508.388   3.1223269e+14
      508.414   3.1545515e+14
      508.440   3.1867243e+14
      508.466   3.2126265e+14
      508.492   3.2366824e+14
      508.518   3.2579852e+14
      508.544   3.2701737e+14
      508.569   3.2726584e+14
      508.595   3.2698512e+14
      508.621   3.2650180e+14
      508.647   3.2589231e+14
      508.673   3.2644492e+14
      508.699   3.2860223e+14
      508.725   3.3037930e+14
      508.750   3.3212068e+14
      508.776   3.3485045e+14
      508.802   3.3723208e+14
      508.828   3.3878025e+14
      508.854   3.4042802e+14
      508.880   3.4179325e+14
      508.906   3.4201041e+14
      508.932   3.4120735e+14
      508.958   3.4027093e+14
      508.984   3.3926515e+14
      509.009   3.3854437e+14
      509.035   3.3862341e+14
      509.061   3.3971217e+14
      509.087   3.4135041e+14
      509.113   3.4346177e+14
      509.139   3.4519645e+14
      509.165   3.4688331e+14
      509.191   3.4847615e+14
      509.217   3.4935243e+14
      509.243   3.5025024e+14
      509.269   3.5146644e+14
      509.295   3.5241252e+14
      509.321   3.5338354e+14
      509.346   3.5414041e+14
      509.372   3.5434847e+14
      509.398   3.5411533e+14
      509.424   3.5467037e+14
      509.450   3.5599948e+14
      509.476   3.5763655e+14
      509.502   3.5893219e+14
      509.528   3.5940222e+14
      509.554   3.5818329e+14
      509.580   3.5651748e+14
      509.606   3.5492621e+14
      509.632   3.5379758e+14
      509.658   3.5340227e+14
      509.684   3.5257247e+14
      509.710   3.4975392e+14
      509.736   3.4605361e+14
      509.762   3.4164602e+14
      509.788   3.3744800e+14
      509.814   3.3425741e+14
      509.840   3.3201390e+14
      509.866   3.3063039e+14
      509.892   3.2995554e+14
      509.918   3.2883892e+14
      509.944   3.2765797e+14
      509.970   3.2704523e+14
      509.996   3.2601194e+14
      510.022   3.2441729e+14
      510.048   3.2411957e+14
      510.074   3.2535784e+14
      510.100   3.2659801e+14
      510.126   3.2754788e+14
      510.152   3.2863503e+14
      510.178   3.2891855e+14
      510.204   3.2905588e+14
      510.230   3.3039829e+14
      510.256   3.3287100e+14
      510.282   3.3639405e+14
      510.308   3.4001559e+14
      510.334   3.4318115e+14
      510.360   3.4590300e+14
      510.386   3.4762490e+14
      510.412   3.4813078e+14
      510.438   3.4936435e+14
      510.465   3.5031352e+14
      510.491   3.5052716e+14
      510.517   3.5104759e+14
      510.543   3.5251887e+14
      510.569   3.5252751e+14
      510.595   3.4990829e+14
      510.621   3.4641982e+14
      510.647   3.4418174e+14
      510.673   3.4210213e+14
      510.699   3.4065226e+14
      510.725   3.4124016e+14
      510.751   3.4287751e+14
      510.777   3.4369228e+14
      510.804   3.4389393e+14
      510.830   3.4357178e+14
      510.856   3.4256953e+14
      510.882   3.3982826e+14
      510.908   3.3689752e+14
      510.934   3.3482338e+14
      510.960   3.3341322e+14
      510.986   3.3268855e+14
      511.012   3.3359083e+14
      511.038   3.3461635e+14
      511.065   3.3452822e+14
      511.091   3.3494487e+14
      511.117   3.3771026e+14
      511.143   3.4140476e+14
      511.169   3.4445656e+14
      511.195   3.4761940e+14
      511.221   3.5030024e+14
      511.247   3.5077497e+14
      511.274   3.5018196e+14
      511.300   3.4998489e+14
      511.326   3.5067405e+14
      511.352   3.5147946e+14
      511.378   3.5232959e+14
      511.404   3.5396792e+14
      511.430   3.5651073e+14
      511.457   3.5863086e+14
      511.483   3.6060222e+14
      511.509   3.6267916e+14
      511.535   3.6400024e+14
      511.561   3.6436327e+14
      511.587   3.6449215e+14
      511.614   3.6459133e+14
      511.640   3.6428940e+14
      511.666   3.6423585e+14
      511.692   3.6506743e+14
      511.718   3.6621024e+14
      511.745   3.6722517e+14
      511.771   3.6837710e+14
      511.797   3.6942366e+14
      511.823   3.6965839e+14
      511.849   3.6927782e+14
      511.876   3.6868329e+14
      511.902   3.6852980e+14
      511.928   3.6892550e+14
      511.954   3.6956988e+14
      511.980   3.7008376e+14
      512.007   3.6995782e+14
      512.033   3.6950913e+14
      512.059   3.6846634e+14
      512.085   3.6731251e+14
      512.111   3.6641984e+14
      512.138   3.6621853e+14
      512.164   3.6565677e+14
      512.190   3.6388332e+14
      512.216   3.6067423e+14
      512.243   3.5734020e+14
      512.269   3.5450457e+14
      512.295   3.5220210e+14
      512.321   3.5057076e+14
      512.348   3.4885218e+14
      512.374   3.4563423e+14
      512.400   3.4228880e+14
      512.426   3.3867985e+14
      512.453   3.3496014e+14
      512.479   3.3179456e+14
      512.505   3.3081525e+14
      512.531   3.2935590e+14
      512.558   3.2763550e+14
      512.584   3.2538239e+14
      512.610   3.2407121e+14
      512.636   3.2227802e+14
      512.663   3.2048531e+14
      512.689   3.1929728e+14
      512.715   3.2021241e+14
      512.742   3.2144355e+14
      512.768   3.2214566e+14
      512.794   3.2222426e+14
      512.821   3.2183403e+14
      512.847   3.2045576e+14
      512.873   3.2017231e+14
      512.899   3.2126698e+14
      512.926   3.2359370e+14
      512.952   3.2653299e+14
      512.978   3.2970382e+14
      513.005   3.3074122e+14
      513.031   3.3163094e+14
      513.057   3.3237369e+14
      513.084   3.3386398e+14
      513.110   3.3556038e+14
      513.136   3.3793253e+14
      513.163   3.3971501e+14
      513.189   3.4022476e+14
      513.215   3.3807078e+14
      513.242   3.3563363e+14
      513.268   3.3399050e+14
      513.294   3.3313611e+14
      513.321   3.3421410e+14
      513.347   3.3730155e+14
      513.373   3.4024196e+14
      513.400   3.4297992e+14
      513.426   3.4546147e+14
      513.452   3.4653765e+14
      513.479   3.4701339e+14
      513.505   3.4814878e+14
      513.532   3.4874638e+14
      513.558   3.4753523e+14
      513.584   3.4575944e+14
      513.611   3.4447664e+14
      513.637   3.4317947e+14
      513.663   3.4221924e+14
      513.690   3.4233106e+14
      513.716   3.4417090e+14
      513.743   3.4580823e+14
      513.769   3.4441063e+14
      513.795   3.4115410e+14
      513.822   3.3883509e+14
      513.848   3.3576673e+14
      513.875   3.3246716e+14
      513.901   3.3153024e+14
      513.927   3.3231241e+14
      513.954   3.3291535e+14
      513.980   3.3328703e+14
      514.007   3.3269251e+14
      514.033   3.3044335e+14
      514.060   3.2932176e+14
      514.086   3.2828981e+14
      514.112   3.2573047e+14
      514.139   3.2247741e+14
      514.165   3.2125000e+14
      514.192   3.1892016e+14
      514.218   3.1619405e+14
      514.245   3.1497741e+14
      514.271   3.1638881e+14
      514.297   3.2005001e+14
      514.324   3.2501272e+14
      514.350   3.3005250e+14
      514.377   3.3521604e+14
      514.403   3.3895077e+14
      514.430   3.3877930e+14
      514.456   3.3644578e+14
      514.483   3.3320877e+14
      514.509   3.2887638e+14
      514.536   3.2633131e+14
      514.562   3.2427027e+14
      514.589   3.2260006e+14
      514.615   3.2247152e+14
      514.642   3.2518804e+14
      514.668   3.2689886e+14
      514.695   3.2945581e+14
      514.721   3.3260444e+14
      514.747   3.3537833e+14
      514.774   3.3627885e+14
      514.800   3.3679393e+14
      514.827   3.3655783e+14
      514.854   3.3626441e+14
      514.880   3.3563931e+14
      514.907   3.3465027e+14
      514.933   3.3274690e+14
      514.960   3.3191388e+14
      514.986   3.3145365e+14
      515.013   3.3146545e+14
      515.039   3.3072663e+14
      515.066   3.3169657e+14
      515.092   3.3240714e+14
      515.119   3.3257355e+14
      515.145   3.3167576e+14
      515.172   3.3253165e+14
      515.198   3.3383182e+14
      515.225   3.3463648e+14
      515.251   3.3462795e+14
      515.278   3.3533527e+14
      515.305   3.3557760e+14
      515.331   3.3451565e+14
      515.358   3.3244526e+14
      515.384   3.3138441e+14
      515.411   3.2933138e+14
      515.437   3.2844504e+14
      515.464   3.2948653e+14
      515.490   3.3122817e+14
      515.517   3.3188977e+14
      515.544   3.3479967e+14
      515.570   3.3780716e+14
      515.597   3.4000084e+14
      515.623   3.4190548e+14
      515.650   3.4402922e+14
      515.677   3.4603960e+14
      515.703   3.4771689e+14
      515.730   3.4833600e+14
      515.756   3.4884724e+14
      515.783   3.5055339e+14
      515.810   3.5078116e+14
      515.836   3.4942963e+14
      515.863   3.4944392e+14
      515.889   3.5030106e+14
      515.916   3.5066352e+14
      515.943   3.5203439e+14
      515.969   3.5436736e+14
      515.996   3.5596394e+14
      516.023   3.5696978e+14
      516.049   3.5709871e+14
      516.076   3.5485522e+14
      516.102   3.5251613e+14
      516.129   3.5027984e+14
      516.156   3.4845986e+14
      516.182   3.4731798e+14
      516.209   3.4766583e+14
      516.236   3.4742428e+14
      516.262   3.4772337e+14
      516.289   3.4771955e+14
      516.316   3.4704937e+14
      516.342   3.4653998e+14
      516.369   3.4604358e+14
      516.396   3.4365427e+14
      516.422   3.4156643e+14
      516.449   3.3926401e+14
      516.476   3.3516765e+14
      516.502   3.3102149e+14
      516.529   3.2687596e+14
      516.556   3.1940695e+14
      516.582   3.1097899e+14
      516.609   3.0345714e+14
      516.636   2.9643902e+14
      516.662   2.9067244e+14
      516.689   2.8757379e+14
      516.716   2.8443765e+14
      516.742   2.7887745e+14
      516.769   2.7232681e+14
      516.796   2.6602464e+14
      516.823   2.6089352e+14
      516.849   2.5825106e+14
      516.876   2.5890779e+14
      516.903   2.6192159e+14
      516.929   2.6494173e+14
      516.956   2.6639285e+14
      516.983   2.6719140e+14
      517.010   2.6588309e+14
      517.036   2.6228161e+14
      517.063   2.5707127e+14
      517.090   2.5264926e+14
      517.117   2.4848846e+14
      517.143   2.4649402e+14
      517.170   2.4505223e+14
      517.197   2.4387470e+14
      517.224   2.4149544e+14
      517.250   2.4127189e+14
      517.277   2.4350751e+14
      517.304   2.4724753e+14
      517.331   2.5232997e+14
      517.357   2.5883003e+14
      517.384   2.6288630e+14
      517.411   2.6424918e+14
      517.438   2.6453682e+14
      517.464   2.6425966e+14
      517.491   2.6331262e+14
      517.518   2.6439179e+14
      517.545   2.6704925e+14
      517.572   2.7027137e+14
      517.598   2.7532416e+14
      517.625   2.8443173e+14
      517.652   2.9484683e+14
      517.679   3.0600253e+14
      517.706   3.1757702e+14
      517.732   3.2905577e+14
      517.759   3.3817429e+14
      517.786   3.4482368e+14
      517.813   3.4936011e+14
      517.840   3.5251744e+14
      517.866   3.5376720e+14
      517.893   3.5382064e+14
      517.920   3.5319233e+14
      517.947   3.5235498e+14
      517.974   3.5143049e+14
      518.001   3.5076078e+14
      518.027   3.5034943e+14
      518.054   3.4935697e+14
      518.081   3.4771372e+14
      518.108   3.4541588e+14
      518.135   3.4134474e+14
      518.162   3.3466070e+14
      518.188   3.2533603e+14
      518.215   3.1350458e+14
      518.242   3.0105047e+14
      518.269   2.8923322e+14
      518.296   2.7895084e+14
      518.323   2.7129529e+14
      518.350   2.6653401e+14
      518.376   2.6361773e+14
      518.403   2.6196792e+14
      518.430   2.6096203e+14
      518.457   2.6079942e+14
      518.484   2.6116427e+14
      518.511   2.6114908e+14
      518.538   2.6128670e+14
      518.565   2.6219363e+14
      518.592   2.6343498e+14
      518.618   2.6488498e+14
      518.645   2.6651997e+14
      518.672   2.6955807e+14
      518.699   2.7338839e+14
      518.726   2.7776052e+14
      518.753   2.8532299e+14
      518.780   2.9565044e+14
      518.807   3.0649857e+14
      518.834   3.1779824e+14
      518.861   3.2923832e+14
      518.888   3.3768950e+14
      518.914   3.4319859e+14
      518.941   3.4662255e+14
      518.968   3.4831495e+14
      518.995   3.4689635e+14
      519.022   3.4547162e+14
      519.049   3.4311436e+14
      519.076   3.3847025e+14
      519.103   3.3373107e+14
      519.130   3.3037462e+14
      519.157   3.2701277e+14
      519.184   3.2490364e+14
      519.211   3.2450656e+14
      519.238   3.2675191e+14
      519.265   3.3073290e+14
      519.292   3.3407439e+14
      519.319   3.3574333e+14
      519.346   3.3522193e+14
      519.373   3.3208771e+14
      519.400   3.2631714e+14
      519.427   3.2036433e+14
      519.454   3.1478392e+14
      519.481   3.1140032e+14
      519.508   3.0968893e+14
      519.534   3.1043238e+14
      519.561   3.1083552e+14
      519.589   3.1316857e+14
      519.615   3.1631208e+14
      519.642   3.1841353e+14
      519.669   3.2097139e+14
      519.696   3.2400801e+14
      519.724   3.2436329e+14
      519.751   3.2481740e+14
      519.778   3.2460765e+14
      519.805   3.2235881e+14
      519.832   3.1994529e+14
      519.859   3.2105463e+14
      519.886   3.2172050e+14
      519.913   3.2465617e+14
      519.940   3.2843853e+14
      519.967   3.3394854e+14
      519.994   3.3820021e+14
      520.021   3.4334862e+14
      520.048   3.4564035e+14
      520.075   3.4512195e+14
      520.102   3.4441922e+14
      520.129   3.4455774e+14
      520.156   3.4495045e+14
      520.183   3.4628643e+14
      520.210   3.4976602e+14
      520.237   3.5375992e+14
      520.264   3.5595832e+14
      520.291   3.5444294e+14
      520.318   3.5301661e+14
      520.346   3.5251999e+14
      520.373   3.5046540e+14
      520.400   3.4913256e+14
      520.427   3.4828702e+14
      520.454   3.4461449e+14
      520.481   3.4154946e+14
      520.508   3.3845189e+14
      520.535   3.3437869e+14
      520.562   3.3114710e+14
      520.589   3.3295485e+14
      520.616   3.3475304e+14
      520.644   3.3563496e+14
      520.671   3.3513469e+14
      520.698   3.3238058e+14
      520.725   3.2789847e+14
      520.752   3.2259573e+14
      520.779   3.1732804e+14
      520.806   3.1582543e+14
      520.833   3.1915631e+14
      520.860   3.2172263e+14
      520.888   3.2256462e+14
      520.915   3.2394146e+14
      520.942   3.2351602e+14
      520.969   3.2474107e+14
      520.996   3.2659054e+14
      521.023   3.3034672e+14
      521.050   3.3486740e+14
      521.078   3.3923431e+14
      521.105   3.4036377e+14
      521.132   3.4067473e+14
      521.159   3.4043058e+14
      521.186   3.3928722e+14
      521.213   3.4189909e+14
      521.241   3.4596236e+14
      521.268   3.5023807e+14
      521.295   3.5424528e+14
      521.322   3.5841565e+14
      521.349   3.5786559e+14
      521.376   3.5440240e+14
      521.404   3.5285853e+14
      521.431   3.5183028e+14
      521.458   3.4949125e+14
      521.485   3.4624401e+14
      521.512   3.4579964e+14
      521.540   3.4379970e+14
      521.567   3.4082958e+14
      521.594   3.3848232e+14
      521.621   3.3864216e+14
      521.648   3.3671545e+14
      521.676   3.3373354e+14
      521.703   3.3246615e+14
      521.730   3.3276027e+14
      521.757   3.3268233e+14
      521.784   3.3338538e+14
      521.812   3.3473633e+14
      521.839   3.3486840e+14
      521.866   3.3423560e+14
      521.893   3.3538107e+14
      521.921   3.3690092e+14
      521.948   3.3781321e+14
      521.975   3.3935591e+14
      522.002   3.4377821e+14
      522.030   3.4698812e+14
      522.057   3.4946445e+14
      522.084   3.5194681e+14
      522.111   3.5570934e+14
      522.139   3.5723673e+14
      522.166   3.5810307e+14
      522.193   3.6039567e+14
      522.221   3.6346048e+14
      522.248   3.6472830e+14
      522.275   3.6506362e+14
      522.302   3.6487392e+14
      522.330   3.6305202e+14
      522.357   3.6045758e+14
      522.384   3.5859822e+14
      522.411   3.5739556e+14
      522.439   3.5672867e+14
      522.466   3.5592812e+14
      522.493   3.5374314e+14
      522.521   3.4918976e+14
      522.548   3.4217950e+14
      522.575   3.3341110e+14
      522.603   3.2610932e+14
      522.630   3.2138738e+14
      522.657   3.1825479e+14
      522.685   3.1708917e+14
      522.712   3.1789200e+14
      522.739   3.1783360e+14
      522.766   3.1714816e+14
      522.794   3.1672249e+14
      522.821   3.1502823e+14
      522.849   3.1331480e+14
      522.876   3.1207635e+14
      522.903   3.1164294e+14
      522.930   3.1213581e+14
      522.958   3.1459530e+14
      522.985   3.1603365e+14
      523.013   3.1766182e+14
      523.040   3.1972643e+14
      523.067   3.2329315e+14
      523.095   3.2917149e+14
      523.122   3.3487366e+14
      523.149   3.3804112e+14
      523.177   3.4052578e+14
      523.204   3.4200115e+14
      523.232   3.4152381e+14
      523.259   3.4156482e+14
      523.286   3.4257788e+14
      523.314   3.4092252e+14
      523.341   3.3988099e+14
      523.368   3.3831901e+14
      523.396   3.3662766e+14
      523.423   3.3634266e+14
      523.451   3.3782785e+14
      523.478   3.3657576e+14
      523.505   3.3606811e+14
      523.533   3.3613938e+14
      523.560   3.3487000e+14
      523.588   3.3314550e+14
      523.615   3.3192148e+14
      523.642   3.3016544e+14
      523.670   3.3122049e+14
      523.697   3.3366782e+14
      523.725   3.3718104e+14
      523.752   3.4075994e+14
      523.780   3.4463392e+14
      523.807   3.4525531e+14
      523.834   3.4610329e+14
      523.862   3.4683515e+14
      523.889   3.4835586e+14
      523.917   3.5134125e+14
      523.944   3.5493382e+14
      523.972   3.5763694e+14
      523.999   3.6108371e+14
      524.027   3.6369032e+14
      524.054   3.6415787e+14
      524.082   3.6333273e+14
      524.109   3.6291893e+14
      524.136   3.6145394e+14
      524.164   3.6095099e+14
      524.191   3.6060676e+14
      524.219   3.6076398e+14
      524.246   3.6094918e+14
      524.274   3.6165439e+14
      524.301   3.6157590e+14
      524.329   3.6159849e+14
      524.356   3.6292455e+14
      524.384   3.6344566e+14
      524.411   3.6242022e+14
      524.439   3.6196658e+14
      524.466   3.6161833e+14
      524.494   3.6021890e+14
      524.521   3.5853866e+14
      524.549   3.5720315e+14
      524.576   3.5507136e+14
      524.604   3.5226813e+14
      524.631   3.5108135e+14
      524.659   3.5121914e+14
      524.687   3.5250475e+14
      524.714   3.5398131e+14
      524.742   3.5693142e+14
      524.769   3.5879530e+14
      524.797   3.5954975e+14
      524.824   3.5999771e+14
      524.852   3.5945597e+14
      524.879   3.5751774e+14
      524.907   3.5343636e+14
      524.934   3.5182268e+14
      524.962   3.5099272e+14
      524.990   3.5123238e+14
      525.017   3.5105993e+14
      525.045   3.5263575e+14
      525.072   3.5373653e+14
      525.100   3.5401110e+14
      525.127   3.5601642e+14
      525.155   3.5865140e+14
      525.182   3.6012884e+14
      525.210   3.6039733e+14
      525.238   3.6077113e+14
      525.265   3.5980856e+14
      525.293   3.5841438e+14
      525.320   3.5723206e+14
      525.348   3.5419427e+14
      525.376   3.5205565e+14
      525.403   3.4859059e+14
      525.431   3.4742497e+14
      525.458   3.4846588e+14
      525.486   3.5100478e+14
      525.514   3.5221446e+14
      525.541   3.5490702e+14
      525.569   3.5673350e+14
      525.597   3.5745082e+14
      525.624   3.5807283e+14
      525.652   3.5891568e+14
      525.679   3.5920676e+14
      525.707   3.5923093e+14
      525.735   3.5764240e+14
      525.762   3.5557648e+14
      525.790   3.5364301e+14
      525.818   3.5214940e+14
      525.845   3.5091537e+14
      525.873   3.5261678e+14
      525.901   3.5415738e+14
      525.928   3.5709818e+14
      525.956   3.6143152e+14
      525.984   3.6483938e+14
      526.011   3.6508916e+14
      526.039   3.6567388e+14
      526.067   3.6320206e+14
      526.094   3.5940071e+14
      526.122   3.5562114e+14
      526.150   3.5347717e+14
      526.177   3.4917172e+14
      526.205   3.4681256e+14
      526.233   3.4285976e+14
      526.260   3.3831055e+14
      526.288   3.3658166e+14
      526.316   3.3784868e+14
      526.343   3.3914576e+14
      526.371   3.4060600e+14
      526.399   3.3974975e+14
      526.427   3.3679690e+14
      526.454   3.3357982e+14
      526.482   3.2806324e+14
      526.510   3.2113511e+14
      526.537   3.1935586e+14
      526.565   3.1630605e+14
      526.593   3.1540395e+14
      526.621   3.1732933e+14
      526.648   3.2201235e+14
      526.676   3.2094599e+14
      526.704   3.2216478e+14
      526.732   3.2067854e+14
      526.759   3.1689938e+14
      526.787   3.1207167e+14
      526.815   3.0918638e+14
      526.843   3.0437464e+14
      526.870   3.0075060e+14
      526.898   2.9366188e+14
      526.926   2.8836610e+14
      526.954   2.8635821e+14
      526.981   2.8529046e+14
      527.009   2.8813501e+14
      527.037   2.9508690e+14
      527.065   3.0019186e+14
      527.093   3.0438862e+14
      527.120   3.0737964e+14
      527.148   3.0747269e+14
      527.176   3.0456834e+14
      527.204   3.0182869e+14
      527.232   2.9946978e+14
      527.259   2.9797305e+14
      527.287   2.9894073e+14
      527.315   3.0418219e+14
      527.343   3.1002180e+14
      527.370   3.1534088e+14
      527.398   3.2160193e+14
      527.426   3.2638256e+14
      527.454   3.2774248e+14
      527.482   3.2777472e+14
      527.510   3.2754098e+14
      527.537   3.2572113e+14
      527.565   3.2422810e+14
      527.593   3.2357571e+14
      527.621   3.2314851e+14
      527.649   3.2308548e+14
      527.677   3.2469650e+14
      527.704   3.2909759e+14
      527.732   3.3400210e+14
      527.760   3.3874381e+14
      527.788   3.4292269e+14
      527.816   3.4535884e+14
      527.844   3.4565543e+14
      527.872   3.4526868e+14
      527.899   3.4549801e+14
      527.927   3.4667297e+14
      527.955   3.4942171e+14
      527.983   3.5322407e+14
      528.011   3.5582857e+14
      528.039   3.5712125e+14
      528.067   3.5750187e+14
      528.095   3.5680670e+14
      528.123   3.5498707e+14
      528.150   3.5421462e+14
      528.178   3.5330123e+14
      528.206   3.5062041e+14
      528.234   3.4703612e+14
      528.262   3.4322958e+14
      528.290   3.3907969e+14
      528.318   3.3561376e+14
      528.346   3.3385231e+14
      528.374   3.3317734e+14
      528.402   3.3401303e+14
      528.430   3.3580298e+14
      528.457   3.3782367e+14
      528.485   3.3990499e+14
      528.513   3.4192019e+14
      528.541   3.4448127e+14
      528.569   3.4718447e+14
      528.597   3.4996334e+14
      528.625   3.5292755e+14
      528.653   3.5585932e+14
      528.681   3.5690014e+14
      528.709   3.5798954e+14
      528.737   3.6059784e+14
      528.765   3.6365615e+14
      528.793   3.6708637e+14
      528.821   3.7141998e+14
      528.849   3.7499842e+14
      528.877   3.7625094e+14
      528.905   3.7670205e+14
      528.933   3.7654317e+14
      528.961   3.7590478e+14
      528.989   3.7532965e+14
      529.017   3.7535200e+14
      529.045   3.7556274e+14
      529.073   3.7570083e+14
      529.101   3.7569895e+14
      529.129   3.7558309e+14
      529.156   3.7531425e+14
      529.185   3.7512526e+14
      529.213   3.7556031e+14
      529.241   3.7605345e+14
      529.269   3.7664375e+14
      529.297   3.7736130e+14
      529.325   3.7797253e+14
      529.353   3.7763252e+14
      529.381   3.7743060e+14
      529.409   3.7801589e+14
      529.437   3.7863119e+14
      529.465   3.7876047e+14
      529.493   3.7852676e+14
      529.521   3.7741772e+14
      529.549   3.7501757e+14
      529.577   3.7145306e+14
      529.605   3.6793804e+14
      529.633   3.6431747e+14
      529.661   3.5999598e+14
      529.689   3.5510430e+14
      529.717   3.5057083e+14
      529.745   3.4609436e+14
      529.773   3.4280956e+14
      529.801   3.4118333e+14
      529.829   3.4080034e+14
      529.857   3.4086877e+14
      529.886   3.4091062e+14
      529.914   3.3985669e+14
      529.942   3.3829462e+14
      529.970   3.3677519e+14
      529.998   3.3607652e+14
      530.026   3.3600376e+14
      530.054   3.3650097e+14
      530.082   3.3700389e+14
      530.110   3.3820834e+14
      530.138   3.3930245e+14
      530.166   3.4110031e+14
      530.195   3.4460923e+14
      530.223   3.4971055e+14
      530.251   3.5448460e+14
      530.279   3.5882451e+14
      530.307   3.6189660e+14
      530.335   3.6333056e+14
      530.363   3.6358761e+14
      530.391   3.6359883e+14
      530.420   3.6397776e+14
      530.448   3.6530377e+14
      530.476   3.6705837e+14
      530.504   3.6877388e+14
      530.532   3.7009334e+14
      530.560   3.7066529e+14
      530.588   3.7067916e+14
      530.617   3.7107624e+14
      530.645   3.7163159e+14
      530.673   3.7211738e+14
      530.701   3.7257521e+14
      530.729   3.7248589e+14
      530.757   3.7202791e+14
      530.786   3.7121213e+14
      530.814   3.7042838e+14
      530.842   3.6999243e+14
      530.870   3.6972768e+14
      530.898   3.6943838e+14
      530.926   3.6940502e+14
      530.955   3.6974783e+14
      530.983   3.7006450e+14
      531.011   3.7038580e+14
      531.039   3.7079607e+14
      531.067   3.7126287e+14
      531.096   3.7201662e+14
      531.124   3.7300830e+14
      531.152   3.7391902e+14
      531.180   3.7466390e+14
      531.208   3.7534278e+14
      531.237   3.7570271e+14
      531.265   3.7577178e+14
      531.293   3.7604223e+14
      531.321   3.7652143e+14
      531.350   3.7646915e+14
      531.378   3.7601334e+14
      531.406   3.7562715e+14
      531.434   3.7518833e+14
      531.463   3.7454938e+14
      531.491   3.7323618e+14
      531.519   3.7080054e+14
      531.547   3.6797980e+14
      531.576   3.6475049e+14
      531.604   3.6129495e+14
      531.632   3.5908815e+14
      531.660   3.5837626e+14
      531.689   3.5802813e+14
      531.717   3.5800048e+14
      531.745   3.5837310e+14
      531.773   3.5883785e+14
      531.802   3.5913623e+14
      531.830   3.5903703e+14
      531.858   3.5915779e+14
      531.887   3.5982055e+14
      531.915   3.6042960e+14
      531.943   3.6046191e+14
      531.971   3.6032691e+14
      532.000   3.6006901e+14
      532.028   3.6008433e+14
      532.056   3.6047336e+14
      532.085   3.6163154e+14
      532.113   3.6390387e+14
      532.141   3.6637303e+14
      532.170   3.6805249e+14
      532.198   3.6921806e+14
      532.226   3.6979587e+14
      532.255   3.6817093e+14
      532.283   3.6512599e+14
      532.311   3.6203462e+14
      532.340   3.5923923e+14
      532.368   3.5702510e+14
      532.396   3.5592395e+14
      532.425   3.5540197e+14
      532.453   3.5445116e+14
      532.481   3.5340674e+14
      532.510   3.5236906e+14
      532.538   3.5204706e+14
      532.566   3.5258622e+14
      532.595   3.5338129e+14
      532.623   3.5226778e+14
      532.652   3.4805741e+14
      532.680   3.4061914e+14
      532.708   3.3104237e+14
      532.737   3.2074797e+14
      532.765   3.1289495e+14
      532.793   3.0966806e+14
      532.822   3.0940834e+14
      532.850   3.1050092e+14
      532.879   3.1243985e+14
      532.907   3.1405499e+14
      532.935   3.1440859e+14
      532.964   3.1536861e+14
      532.992   3.1743851e+14
      533.021   3.1970646e+14
      533.049   3.2190149e+14
      533.077   3.2393400e+14
      533.106   3.2487552e+14
      533.134   3.2414325e+14
      533.163   3.2336368e+14
      533.191   3.2456457e+14
      533.220   3.2817583e+14
      533.248   3.3370565e+14
      533.276   3.4111309e+14
      533.305   3.4869483e+14
      533.333   3.5412812e+14
      533.362   3.5746978e+14
      533.390   3.5995653e+14
      533.419   3.6157253e+14
      533.447   3.6283619e+14
      533.476   3.6399104e+14
      533.504   3.6415092e+14
      533.532   3.6356878e+14
      533.561   3.6294880e+14
      533.589   3.6155845e+14
      533.618   3.5860781e+14
      533.646   3.5507587e+14
      533.675   3.5293746e+14
      533.703   3.5263168e+14
      533.732   3.5387854e+14
      533.760   3.5685788e+14
      533.789   3.6014618e+14
      533.817   3.6048062e+14
      533.846   3.5828283e+14
      533.874   3.5557678e+14
      533.903   3.5249903e+14
      533.931   3.4864728e+14
      533.960   3.4527974e+14
      533.988   3.4275868e+14
      534.017   3.4060954e+14
      534.045   3.3930919e+14
      534.074   3.3895359e+14
      534.102   3.3910861e+14
      534.131   3.4000733e+14
      534.159   3.4245523e+14
      534.188   3.4612625e+14
      534.217   3.5074422e+14
      534.245   3.5584806e+14
      534.274   3.6004814e+14
      534.302   3.6214014e+14
      534.331   3.6336705e+14
      534.359   3.6525823e+14
      534.388   3.6702145e+14
      534.416   3.6712367e+14
      534.445   3.6645791e+14
      534.474   3.6559010e+14
      534.502   3.6358064e+14
      534.531   3.6142894e+14
      534.559   3.6077175e+14
      534.588   3.6097481e+14
      534.616   3.6079874e+14
      534.645   3.6023908e+14
      534.674   3.5873694e+14
      534.702   3.5697027e+14
      534.731   3.5514993e+14
      534.759   3.5254533e+14
      534.788   3.4945624e+14
      534.817   3.4700487e+14
      534.845   3.4486688e+14
      534.874   3.4253531e+14
      534.902   3.4051145e+14
      534.931   3.4026598e+14
      534.960   3.4248787e+14
      534.988   3.4632566e+14
      535.017   3.5102166e+14
      535.046   3.5592469e+14
      535.074   3.5979674e+14
      535.103   3.6198249e+14
      535.131   3.6256566e+14
      535.160   3.6181579e+14
      535.189   3.6101857e+14
      535.217   3.6086014e+14
      535.246   3.6094442e+14
      535.275   3.6143554e+14
      535.303   3.6305946e+14
      535.332   3.6555830e+14
      535.361   3.6804225e+14
      535.389   3.7053717e+14
      535.418   3.7307266e+14
      535.447   3.7530176e+14
      535.475   3.7674878e+14
      535.504   3.7751331e+14
      535.533   3.7782743e+14
      535.561   3.7800275e+14
      535.590   3.7820144e+14
      535.619   3.7807073e+14
      535.647   3.7760620e+14
      535.676   3.7768941e+14
      535.705   3.7864162e+14
      535.733   3.7969174e+14
      535.762   3.8014049e+14
      535.791   3.8008176e+14
      535.820   3.7964430e+14
      535.848   3.7863812e+14
      535.877   3.7725561e+14
      535.906   3.7652629e+14
      535.934   3.7650848e+14
      535.963   3.7635298e+14
      535.992   3.7552692e+14
      536.021   3.7430302e+14
      536.049   3.7325082e+14
      536.078   3.7238284e+14
      536.107   3.7112452e+14
      536.136   3.6957435e+14
      536.164   3.6835879e+14
      536.193   3.6736921e+14
      536.222   3.6635296e+14
      536.251   3.6583309e+14
      536.279   3.6657467e+14
      536.308   3.6737562e+14
      536.337   3.6712672e+14
      536.366   3.6619935e+14
      536.394   3.6488086e+14
      536.423   3.6339414e+14
      536.452   3.6209495e+14
      536.481   3.6162019e+14
      536.509   3.6231443e+14
      536.538   3.6392496e+14
      536.567   3.6450617e+14
      536.596   3.6348730e+14
      536.625   3.6244179e+14
      536.653   3.6212374e+14
      536.682   3.6209061e+14
      536.711   3.6288047e+14
      536.740   3.6492955e+14
      536.769   3.6658435e+14
      536.797   3.6638965e+14
      536.826   3.6465738e+14
      536.855   3.6217198e+14
      536.884   3.6121513e+14
      536.913   3.6138493e+14
      536.942   3.6175961e+14
      536.970   3.6078686e+14
      536.999   3.5729148e+14
      537.028   3.5165647e+14
      537.057   3.4527342e+14
      537.086   3.3997128e+14
      537.115   3.3794928e+14
      537.143   3.3927192e+14
      537.172   3.4141682e+14
      537.201   3.4289776e+14
      537.230   3.4304470e+14
      537.259   3.4226737e+14
      537.288   3.4089403e+14
      537.317   3.3945792e+14
      537.346   3.4007735e+14
      537.374   3.4269513e+14
      537.403   3.4522064e+14
      537.432   3.4745785e+14
      537.461   3.4932317e+14
      537.490   3.5123420e+14
      537.519   3.5439285e+14
      537.548   3.5867015e+14
      537.577   3.6341120e+14
      537.606   3.6839764e+14
      537.634   3.7181150e+14
      537.663   3.7269862e+14
      537.692   3.7198291e+14
      537.721   3.7150260e+14
      537.750   3.7165473e+14
      537.779   3.7143082e+14
      537.808   3.7060851e+14
      537.837   3.7022306e+14
      537.866   3.7003513e+14
      537.895   3.6930763e+14
      537.924   3.6862946e+14
      537.953   3.6818490e+14
      537.982   3.6782393e+14
      538.010   3.6744904e+14
      538.039   3.6720389e+14
      538.068   3.6700815e+14
      538.097   3.6630875e+14
      538.126   3.6523488e+14
      538.155   3.6354519e+14
      538.184   3.6053428e+14
      538.213   3.5758582e+14
      538.242   3.5568069e+14
      538.271   3.5376204e+14
      538.300   3.5298957e+14
      538.329   3.5417897e+14
      538.358   3.5570501e+14
      538.387   3.5698405e+14
      538.416   3.5816241e+14
      538.445   3.5906892e+14
      538.474   3.5934995e+14
      538.503   3.5931910e+14
      538.532   3.5916465e+14
      538.561   3.5864312e+14
      538.590   3.5798081e+14
      538.619   3.5782820e+14
      538.648   3.5810919e+14
      538.677   3.5930709e+14
      538.706   3.6243022e+14
      538.735   3.6607487e+14
      538.764   3.6884284e+14
      538.793   3.7064459e+14
      538.822   3.7126303e+14
      538.851   3.7058579e+14
      538.880   3.6890567e+14
      538.909   3.6776583e+14
      538.938   3.6744609e+14
      538.967   3.6684274e+14
      538.996   3.6577499e+14
      539.025   3.6499804e+14
      539.055   3.6448951e+14
      539.084   3.6425261e+14
      539.113   3.6494652e+14
      539.142   3.6531690e+14
      539.171   3.6413966e+14
      539.200   3.6294707e+14
      539.229   3.6161541e+14
      539.258   3.5982482e+14
      539.287   3.5870807e+14
      539.316   3.5890500e+14
      539.345   3.5917046e+14
      539.374   3.5944172e+14
      539.403   3.6001952e+14
      539.432   3.6060882e+14
      539.462   3.6066922e+14
      539.491   3.6064157e+14
      539.520   3.6036246e+14
      539.549   3.5811016e+14
      539.578   3.5412638e+14
      539.607   3.5082223e+14
      539.636   3.4678829e+14
      539.665   3.4345697e+14
      539.695   3.4247467e+14
      539.724   3.4377215e+14
      539.753   3.4487542e+14
      539.782   3.4591780e+14
      539.811   3.4640394e+14
      539.840   3.4685393e+14
      539.869   3.4646741e+14
      539.898   3.4531869e+14
      539.928   3.4427516e+14
      539.957   3.4322342e+14
      539.986   3.4155801e+14
      540.015   3.4031555e+14
      540.044   3.4040705e+14
      540.073   3.4310596e+14
      540.103   3.4760480e+14
      540.132   3.5263534e+14
      540.161   3.5754620e+14
      540.190   3.6292636e+14
      540.219   3.6561330e+14
      540.249   3.6424988e+14
      540.278   3.6062280e+14
      540.307   3.5674568e+14
      540.336   3.5194165e+14
      540.365   3.4680163e+14
      540.394   3.4276718e+14
      540.424   3.3980261e+14
      540.453   3.3677058e+14
      540.482   3.3442104e+14
      540.511   3.3286655e+14
      540.541   3.3210767e+14
      540.570   3.3176217e+14
      540.599   3.3072999e+14
      540.628   3.2947267e+14
      540.657   3.2831632e+14
      540.687   3.2721757e+14
      540.716   3.2599622e+14
      540.745   3.2578962e+14
      540.774   3.2684785e+14
      540.804   3.2823861e+14
      540.833   3.2925505e+14
      540.862   3.3152514e+14
      540.891   3.3383737e+14
      540.921   3.3485844e+14
      540.950   3.3633709e+14
      540.979   3.4017642e+14
      541.008   3.4378431e+14
      541.038   3.4755409e+14
      541.067   3.5070891e+14
      541.096   3.5335265e+14
      541.126   3.5418219e+14
      541.155   3.5391333e+14
      541.184   3.5306017e+14
      541.213   3.5238065e+14
      541.243   3.5100295e+14
      541.272   3.4981521e+14
      541.301   3.4900550e+14
      541.331   3.4953719e+14
      541.360   3.5009100e+14
      541.389   3.5036602e+14
      541.419   3.5060570e+14
      541.448   3.5244545e+14
      541.477   3.5382120e+14
      541.506   3.5527161e+14
      541.536   3.5688562e+14
      541.565   3.5771921e+14
      541.594   3.5723426e+14
      541.624   3.5609080e+14
      541.653   3.5524442e+14
      541.682   3.5542823e+14
      541.712   3.5642533e+14
      541.741   3.5693050e+14
      541.771   3.5769843e+14
      541.800   3.5839298e+14
      541.829   3.5828451e+14
      541.859   3.5803346e+14
      541.888   3.5904949e+14
      541.917   3.6115584e+14
      541.947   3.6261880e+14
      541.976   3.6426660e+14
      542.005   3.6580177e+14
      542.035   3.6612506e+14
      542.064   3.6621608e+14
      542.094   3.6700442e+14
      542.123   3.6773841e+14
      542.152   3.6873661e+14
      542.182   3.7030810e+14
      542.211   3.7076687e+14
      542.241   3.6974891e+14
      542.270   3.6763107e+14
      542.299   3.6564310e+14
      542.329   3.6317520e+14
      542.358   3.6070029e+14
      542.388   3.5937677e+14
      542.417   3.5969516e+14
      542.446   3.6007107e+14
      542.476   3.6090183e+14
      542.505   3.6242900e+14
      542.535   3.6410286e+14
      542.564   3.6556727e+14
      542.594   3.6689482e+14
      542.623   3.6812781e+14
      542.652   3.6902179e+14
      542.682   3.6950105e+14
      542.711   3.6903466e+14
      542.741   3.6780064e+14
      542.770   3.6709256e+14
      542.800   3.6490747e+14
      542.829   3.6101704e+14
      542.859   3.5829829e+14
      542.888   3.5702377e+14
      542.918   3.5547580e+14
      542.947   3.5508290e+14
      542.977   3.5615394e+14
      543.006   3.5608770e+14
      543.036   3.5551315e+14
      543.065   3.5447516e+14
      543.095   3.5310615e+14
      543.124   3.5137920e+14
      543.154   3.4956271e+14
      543.183   3.4762408e+14
      543.213   3.4579932e+14
      543.242   3.4433981e+14
      543.272   3.4219966e+14
      543.301   3.3916781e+14
      543.331   3.3932063e+14
      543.360   3.4177414e+14
      543.390   3.4488368e+14
      543.419   3.4916965e+14
      543.449   3.5428094e+14
      543.478   3.5525410e+14
      543.508   3.5401603e+14
      543.537   3.5226595e+14
      543.567   3.4998264e+14
      543.596   3.4880435e+14
      543.626   3.4860269e+14
      543.656   3.4922715e+14
      543.685   3.5026571e+14
      543.715   3.5221428e+14
      543.744   3.5366638e+14
      543.774   3.5437593e+14
      543.803   3.5601294e+14
      543.833   3.5877951e+14
      543.863   3.6184441e+14
      543.892   3.6512424e+14
      543.922   3.6876691e+14
      543.951   3.7084796e+14
      543.981   3.7139592e+14
      544.010   3.7247947e+14
      544.040   3.7376804e+14
      544.070   3.7605701e+14
      544.099   3.7869345e+14
      544.129   3.8130250e+14
      544.158   3.8294323e+14
      544.188   3.8427936e+14
      544.218   3.8475179e+14
      544.247   3.8482297e+14
      544.277   3.8483742e+14
      544.307   3.8462488e+14
      544.336   3.8346610e+14
      544.366   3.8106087e+14
      544.395   3.7914700e+14
      544.425   3.7725502e+14
      544.455   3.7522605e+14
      544.484   3.7384458e+14
      544.514   3.7173794e+14
      544.544   3.6665743e+14
      544.573   3.6180425e+14
      544.603   3.5752338e+14
      544.633   3.5352686e+14
      544.662   3.5129146e+14
      544.692   3.5122224e+14
      544.722   3.5102390e+14
      544.751   3.5051624e+14
      544.781   3.5000949e+14
      544.811   3.4959897e+14
      544.840   3.4922796e+14
      544.870   3.5020713e+14
      544.900   3.5210984e+14
      544.929   3.5416035e+14
      544.959   3.5641461e+14
      544.989   3.5856128e+14
      545.019   3.5928626e+14
      545.048   3.6184578e+14
      545.078   3.6611322e+14
      545.108   3.7096167e+14
      545.137   3.7633273e+14
      545.167   3.8142549e+14
      545.197   3.8404391e+14
      545.227   3.8506711e+14
      545.256   3.8567875e+14
      545.286   3.8626619e+14
      545.316   3.8695595e+14
      545.345   3.8693868e+14
      545.375   3.8458531e+14
      545.405   3.7855128e+14
      545.435   3.7197413e+14
      545.464   3.6560382e+14
      545.494   3.5918530e+14
      545.524   3.5493762e+14
      545.554   3.5438830e+14
      545.583   3.5442120e+14
      545.613   3.5446642e+14
      545.643   3.5516432e+14
      545.673   3.5588347e+14
      545.703   3.5677852e+14
      545.732   3.5761883e+14
      545.762   3.5839628e+14
      545.792   3.5907138e+14
      545.822   3.5973697e+14
      545.852   3.5985400e+14
      545.881   3.5919177e+14
      545.911   3.6110164e+14
      545.941   3.6560650e+14
      545.971   3.7052156e+14
      546.001   3.7638593e+14
      546.030   3.8352570e+14
      546.060   3.8808138e+14
      546.090   3.8967294e+14
      546.120   3.8974158e+14
      546.150   3.8706560e+14
      546.179   3.8258686e+14
      546.209   3.7859745e+14
      546.239   3.7479703e+14
      546.269   3.7114882e+14
      546.299   3.6953813e+14
      546.329   3.6920336e+14
      546.359   3.6825173e+14
      546.388   3.6740750e+14
      546.418   3.6710933e+14
      546.448   3.6683040e+14
      546.478   3.6557666e+14
      546.508   3.6417956e+14
      546.538   3.6255022e+14
      546.568   3.6071165e+14
      546.597   3.5901725e+14
      546.627   3.5763104e+14
      546.657   3.5715400e+14
      546.687   3.5928738e+14
      546.717   3.6250080e+14
      546.747   3.6556372e+14
      546.777   3.6954237e+14
      546.807   3.7332224e+14
      546.837   3.7473909e+14
      546.866   3.7494555e+14
      546.896   3.7501526e+14
      546.926   3.7431644e+14
      546.956   3.7309282e+14
      546.986   3.7276552e+14
      547.016   3.7330060e+14
      547.046   3.7468658e+14
      547.076   3.7692673e+14
      547.106   3.7901614e+14
      547.136   3.8037169e+14
      547.166   3.8127230e+14
      547.196   3.8138260e+14
      547.226   3.8028217e+14
      547.255   3.7870412e+14
      547.285   3.7789977e+14
      547.315   3.7689189e+14
      547.345   3.7538968e+14
      547.375   3.7501907e+14
      547.405   3.7547014e+14
      547.435   3.7573513e+14
      547.465   3.7493612e+14
      547.495   3.7228572e+14
      547.525   3.6749298e+14
      547.555   3.6151501e+14
      547.585   3.5547426e+14
      547.615   3.5053785e+14
      547.645   3.4839890e+14
      547.675   3.4816387e+14
      547.705   3.4856301e+14
      547.735   3.4914446e+14
      547.765   3.5105658e+14
      547.795   3.5303291e+14
      547.825   3.5486790e+14
      547.855   3.5755283e+14
      547.885   3.5996844e+14
      547.915   3.6046746e+14
      547.945   3.5858574e+14
      547.975   3.5539011e+14
      548.005   3.5220568e+14
      548.035   3.5102945e+14
      548.065   3.5267315e+14
      548.095   3.5706735e+14
      548.125   3.6312764e+14
      548.155   3.6776967e+14
      548.186   3.7042318e+14
      548.216   3.7158915e+14
      548.246   3.7227757e+14
      548.276   3.7266708e+14
      548.306   3.7359262e+14
      548.336   3.7437645e+14
      548.366   3.7440108e+14
      548.396   3.7367786e+14
      548.426   3.7247876e+14
      548.456   3.7227785e+14
      548.486   3.7344849e+14
      548.516   3.7588200e+14
      548.546   3.7878020e+14
      548.576   3.8157385e+14
      548.607   3.8268599e+14
      548.637   3.8072703e+14
      548.667   3.7820229e+14
      548.697   3.7621558e+14
      548.727   3.7404784e+14
      548.757   3.7142497e+14
      548.787   3.7082728e+14
      548.817   3.6962109e+14
      548.847   3.6746006e+14
      548.878   3.6542210e+14
      548.908   3.6455559e+14
      548.938   3.6361110e+14
      548.968   3.6265876e+14
      548.998   3.6210882e+14
      549.028   3.6135415e+14
      549.058   3.6045893e+14
      549.089   3.5961869e+14
      549.119   3.5900534e+14
      549.149   3.6001428e+14
      549.179   3.6250765e+14
      549.209   3.6430671e+14
      549.239   3.6428494e+14
      549.269   3.6504916e+14
      549.300   3.6460770e+14
      549.330   3.6326862e+14
      549.360   3.6290035e+14
      549.390   3.6462407e+14
      549.420   3.6570763e+14
      549.451   3.6682498e+14
      549.481   3.6817932e+14
      549.511   3.6865593e+14
      549.541   3.6922997e+14
      549.571   3.6893972e+14
      549.602   3.6617004e+14
      549.632   3.6405751e+14
      549.662   3.6282473e+14
      549.692   3.6103503e+14
      549.722   3.5981172e+14
      549.753   3.6230394e+14
      549.783   3.6505678e+14
      549.813   3.6840960e+14
      549.843   3.7239373e+14
      549.874   3.7657546e+14
      549.904   3.7939957e+14
      549.934   3.8138061e+14
      549.964   3.8172573e+14
      549.995   3.7884971e+14
      550.025   3.7651051e+14
      550.055   3.7386519e+14
      550.085   3.7003521e+14
      550.116   3.6940830e+14
      550.146   3.7227403e+14
      550.176   3.7408012e+14
      550.206   3.7608901e+14
      550.237   3.7915482e+14
      550.267   3.7986243e+14
      550.297   3.7971458e+14
      550.327   3.7932120e+14
      550.358   3.7829685e+14
      550.388   3.7761683e+14
      550.418   3.7633255e+14
      550.449   3.7403310e+14
      550.479   3.7076020e+14
      550.509   3.6909912e+14
      550.540   3.6671910e+14
      550.570   3.6559384e+14
      550.600   3.6592875e+14
      550.630   3.6784890e+14
      550.661   3.6906589e+14
      550.691   3.7087516e+14
      550.721   3.7166867e+14
      550.752   3.7219955e+14
      550.782   3.7252316e+14
      550.812   3.7199645e+14
      550.843   3.7077008e+14
      550.873   3.7080499e+14
      550.904   3.7023776e+14
      550.934   3.6929536e+14
      550.964   3.6988419e+14
      550.995   3.7122089e+14
      551.025   3.7180513e+14
      551.055   3.7376130e+14
      551.086   3.7474702e+14
      551.116   3.7448492e+14
      551.146   3.7278431e+14
      551.177   3.7058288e+14
      551.207   3.6733762e+14
      551.238   3.6551208e+14
      551.268   3.6324796e+14
      551.298   3.6081353e+14
      551.329   3.5925452e+14
      551.359   3.5857497e+14
      551.390   3.5783186e+14
      551.420   3.5756218e+14
      551.450   3.5906418e+14
      551.481   3.6000281e+14
      551.511   3.5943628e+14
      551.542   3.5828654e+14
      551.572   3.5712192e+14
      551.602   3.5702985e+14
      551.633   3.5746058e+14
      551.663   3.5971390e+14
      551.694   3.6354190e+14
      551.724   3.6810664e+14
      551.755   3.7119123e+14
      551.785   3.7360469e+14
      551.815   3.7613202e+14
      551.846   3.7806046e+14
      551.876   3.7952665e+14
      551.907   3.8095697e+14
      551.937   3.8221049e+14
      551.968   3.8126466e+14
      551.998   3.7957619e+14
      552.029   3.7867108e+14
      552.059   3.7843785e+14
      552.090   3.7779076e+14
      552.120   3.7839877e+14
      552.151   3.7898449e+14
      552.181   3.7901737e+14
      552.212   3.7891417e+14
      552.242   3.7947166e+14
      552.273   3.7921386e+14
      552.303   3.7891386e+14
      552.334   3.7793154e+14
      552.364   3.7668172e+14
      552.395   3.7455539e+14
      552.425   3.7307589e+14
      552.456   3.7160108e+14
      552.486   3.7137869e+14
      552.517   3.7080859e+14
      552.547   3.7105618e+14
      552.578   3.6975318e+14
      552.608   3.6965785e+14
      552.639   3.6873266e+14
      552.669   3.6632671e+14
      552.700   3.6243769e+14
      552.731   3.6018858e+14
      552.761   3.5685602e+14
      552.792   3.5419833e+14
      552.822   3.5321357e+14
      552.853   3.5440209e+14
      552.883   3.5488976e+14
      552.914   3.5599626e+14
      552.944   3.5731569e+14
      552.975   3.5893057e+14
      553.006   3.5937434e+14
      553.036   3.6055949e+14
      553.067   3.6128860e+14
      553.097   3.6210317e+14
      553.128   3.6153156e+14
      553.159   3.6158585e+14
      553.189   3.6180410e+14
      553.220   3.6433126e+14
      553.250   3.6724862e+14
      553.281   3.7185150e+14
      553.312   3.7552270e+14
      553.342   3.7717911e+14
      553.373   3.7594666e+14
      553.403   3.7304010e+14
      553.434   3.7071529e+14
      553.465   3.6931707e+14
      553.495   3.6894480e+14
      553.526   3.6873846e+14
      553.557   3.6950636e+14
      553.587   3.6904366e+14
      553.618   3.6731663e+14
      553.649   3.6763666e+14
      553.679   3.6880269e+14
      553.710   3.6964951e+14
      553.740   3.7068609e+14
      553.771   3.7225257e+14
      553.802   3.7150772e+14
      553.833   3.6967178e+14
      553.863   3.6889813e+14
      553.894   3.6904151e+14
      553.925   3.7100167e+14
      553.955   3.7361795e+14
      553.986   3.7685110e+14
      554.017   3.7907980e+14
      554.047   3.8076694e+14
      554.078   3.8142862e+14
      554.109   3.8175597e+14
      554.139   3.8221613e+14
      554.170   3.8164448e+14
      554.201   3.8111406e+14
      554.232   3.7955245e+14
      554.262   3.7804277e+14
      554.293   3.7654760e+14
      554.324   3.7615036e+14
      554.354   3.7613206e+14
      554.385   3.7746707e+14
      554.416   3.7894997e+14
      554.447   3.7997041e+14
      554.477   3.8051349e+14
      554.508   3.7965366e+14
      554.539   3.7818716e+14
      554.570   3.7703162e+14
      554.600   3.7617030e+14
      554.631   3.7530787e+14
      554.662   3.7501264e+14
      554.693   3.7590334e+14
      554.723   3.7640513e+14
      554.754   3.7778080e+14
      554.785   3.7933200e+14
      554.816   3.8072190e+14
      554.847   3.8106943e+14
      554.877   3.8150872e+14
      554.908   3.8120589e+14
      554.939   3.8093651e+14
      554.970   3.8099431e+14
      555.001   3.8084057e+14
      555.031   3.8054651e+14
      555.062   3.8091923e+14
      555.093   3.8161929e+14
      555.124   3.8229372e+14
      555.155   3.8306286e+14
      555.185   3.8276881e+14
      555.216   3.8107299e+14
      555.247   3.7964336e+14
      555.278   3.7830433e+14
      555.309   3.7671085e+14
      555.340   3.7474451e+14
      555.370   3.7364750e+14
      555.401   3.7285845e+14
      555.432   3.7204174e+14
      555.463   3.7128022e+14
      555.494   3.7224254e+14
      555.525   3.7273155e+14
      555.556   3.7300949e+14
      555.586   3.7356526e+14
      555.617   3.7409379e+14
      555.648   3.7305993e+14
      555.679   3.7244622e+14
      555.710   3.7183054e+14
      555.741   3.7231760e+14
      555.772   3.7365697e+14
      555.803   3.7599280e+14
      555.833   3.7693941e+14
      555.864   3.7779961e+14
      555.895   3.7911361e+14
      555.926   3.8043558e+14
      555.957   3.8204372e+14
      555.988   3.8518322e+14
      556.019   3.8754341e+14
      556.050   3.8667729e+14
      556.081   3.8537498e+14
      556.112   3.8263001e+14
      556.143   3.7962442e+14
      556.174   3.7788567e+14
      556.204   3.7550903e+14
      556.235   3.7314445e+14
      556.266   3.7276529e+14
      556.297   3.7217690e+14
      556.328   3.7062325e+14
      556.359   3.7072170e+14
      556.390   3.7088721e+14
      556.421   3.6936109e+14
      556.452   3.6847640e+14
      556.483   3.6773183e+14
      556.514   3.6727151e+14
      556.545   3.6569771e+14
      556.576   3.6482468e+14
      556.607   3.6352713e+14
      556.638   3.6327592e+14
      556.669   3.6329125e+14
      556.700   3.6322757e+14
      556.731   3.6546222e+14
      556.762   3.6805037e+14
      556.793   3.6759979e+14
      556.824   3.6652912e+14
      556.855   3.6673017e+14
      556.886   3.6493669e+14
      556.917   3.6238679e+14
      556.948   3.6350206e+14
      556.979   3.6560084e+14
      557.010   3.6728281e+14
      557.041   3.6902365e+14
      557.072   3.6980666e+14
      557.103   3.6920319e+14
      557.134   3.6551452e+14
      557.165   3.6251701e+14
      557.196   3.6036671e+14
      557.227   3.5919016e+14
      557.258   3.5673944e+14
      557.289   3.5681706e+14
      557.320   3.5752089e+14
      557.351   3.5823857e+14
      557.383   3.5959073e+14
      557.414   3.6100784e+14
      557.445   3.6063314e+14
      557.476   3.5939907e+14
      557.507   3.5762751e+14
      557.538   3.5502802e+14
      557.569   3.5304288e+14
      557.600   3.5276675e+14
      557.631   3.5158172e+14
      557.662   3.5299491e+14
      557.693   3.5576967e+14
      557.724   3.5807029e+14
      557.756   3.6046816e+14
      557.787   3.6391116e+14
      557.818   3.6418264e+14
      557.849   3.6303520e+14
      557.880   3.6345290e+14
      557.911   3.6391011e+14
      557.942   3.6348989e+14
      557.973   3.6525947e+14
      558.005   3.6734171e+14
      558.036   3.6641352e+14
      558.067   3.6663373e+14
      558.098   3.6806950e+14
      558.129   3.6775803e+14
      558.160   3.6735553e+14
      558.191   3.6878157e+14
      558.223   3.6868382e+14
      558.254   3.6809361e+14
      558.285   3.6729375e+14
      558.316   3.6595419e+14
      558.347   3.6537767e+14
      558.378   3.6579158e+14
      558.410   3.6557909e+14
      558.441   3.6566484e+14
      558.472   3.6566160e+14
      558.503   3.6260165e+14
      558.534   3.5761174e+14
      558.566   3.5607422e+14
      558.597   3.5416264e+14
      558.628   3.5210663e+14
      558.659   3.5266662e+14
      558.690   3.5412448e+14
      558.722   3.4990514e+14
      558.753   3.4652977e+14
      558.784   3.4441597e+14
      558.815   3.4232183e+14
      558.847   3.4015665e+14
      558.878   3.4119509e+14
      558.909   3.4169959e+14
      558.940   3.4264119e+14
      558.971   3.4324065e+14
      559.003   3.4315707e+14
      559.034   3.4436163e+14
      559.065   3.4700672e+14
      559.096   3.4802603e+14
      559.128   3.5153817e+14
      559.159   3.5412563e+14
      559.190   3.5560528e+14
      559.222   3.5684106e+14
      559.253   3.5978440e+14
      559.284   3.6095432e+14
      559.315   3.6052245e+14
      559.347   3.5983830e+14
      559.378   3.6023811e+14
      559.409   3.5947321e+14
      559.441   3.5980697e+14
      559.472   3.6096777e+14
      559.503   3.6239830e+14
      559.534   3.6278867e+14
      559.566   3.6312695e+14
      559.597   3.6473066e+14
      559.628   3.6682045e+14
      559.660   3.6763517e+14
      559.691   3.6658866e+14
      559.722   3.6503815e+14
      559.754   3.6285795e+14
      559.785   3.6051905e+14
      559.816   3.6071314e+14
      559.848   3.6320834e+14
      559.879   3.6586336e+14
      559.910   3.6794343e+14
      559.942   3.6948163e+14
      559.973   3.6853941e+14
      560.004   3.6692387e+14
      560.036   3.6545432e+14
      560.067   3.6395521e+14
      560.099   3.6151972e+14
      560.130   3.5734836e+14
      560.161   3.5290591e+14
      560.193   3.4963973e+14
      560.224   3.4815985e+14
      560.255   3.4782015e+14
      560.287   3.4999173e+14
      560.318   3.5272501e+14
      560.350   3.5446635e+14
      560.381   3.5515503e+14
      560.412   3.5587375e+14
      560.444   3.5657596e+14
      560.475   3.5752766e+14
      560.507   3.5932031e+14
      560.538   3.6051120e+14
      560.570   3.6131973e+14
      560.601   3.6210327e+14
      560.632   3.6351378e+14
      560.664   3.6627921e+14
      560.695   3.6936246e+14
      560.727   3.7234820e+14
      560.758   3.7528550e+14
      560.790   3.7727113e+14
      560.821   3.7689810e+14
      560.852   3.7613466e+14
      560.884   3.7558155e+14
      560.915   3.7510461e+14
      560.947   3.7465485e+14
      560.978   3.7417572e+14
      561.010   3.7363366e+14
      561.041   3.7313068e+14
      561.073   3.7270407e+14
      561.104   3.7326324e+14
      561.136   3.7419195e+14
      561.167   3.7518183e+14
      561.199   3.7610278e+14
      561.230   3.7702313e+14
      561.262   3.7798622e+14
      561.293   3.7887092e+14
      561.325   3.7912837e+14
      561.356   3.7809097e+14
      561.388   3.7501416e+14
      561.419   3.7019322e+14
      561.451   3.6498547e+14
      561.482   3.6028696e+14
      561.514   3.5673947e+14
      561.545   3.5456126e+14
      561.577   3.5373805e+14
      561.608   3.5329305e+14
      561.640   3.5297243e+14
      561.672   3.5266969e+14
      561.703   3.5223452e+14
      561.735   3.5175608e+14
      561.766   3.5076403e+14
      561.798   3.4928153e+14
      561.829   3.4778023e+14
      561.861   3.4747506e+14
      561.892   3.4845070e+14
      561.924   3.5193248e+14
      561.956   3.5738315e+14
      561.987   3.6250041e+14
      562.019   3.6663862e+14
      562.050   3.7000390e+14
      562.082   3.7209626e+14
      562.114   3.7227977e+14
      562.145   3.7265226e+14
      562.177   3.7344494e+14
      562.208   3.7422503e+14
      562.240   3.7442063e+14
      562.272   3.7401899e+14
      562.303   3.7295524e+14
      562.335   3.7178229e+14
      562.366   3.7043055e+14
      562.398   3.6917133e+14
      562.430   3.6864529e+14
      562.461   3.6876594e+14
      562.493   3.6930705e+14
      562.525   3.7077363e+14
      562.556   3.7248952e+14
      562.588   3.7362060e+14
      562.620   3.7457794e+14
      562.651   3.7522280e+14
      562.683   3.7469085e+14
      562.715   3.7333310e+14
      562.746   3.7225035e+14
      562.778   3.7194612e+14
      562.810   3.7250974e+14
      562.841   3.7471663e+14
      562.873   3.7782460e+14
      562.905   3.8113697e+14
      562.936   3.8398685e+14
      562.968   3.8611181e+14
      563.000   3.8676654e+14
      563.031   3.8683355e+14
      563.063   3.8660142e+14
      563.095   3.8633923e+14
      563.127   3.8618508e+14
      563.158   3.8589382e+14
      563.190   3.8559144e+14
      563.222   3.8520095e+14
      563.253   3.8447313e+14
      563.285   3.8344982e+14
      563.317   3.8268471e+14
      563.349   3.8199946e+14
      563.380   3.8135322e+14
      563.412   3.8067579e+14
      563.444   3.7993211e+14
      563.475   3.7901913e+14
      563.507   3.7783054e+14
      563.539   3.7641737e+14
      563.571   3.7518423e+14
      563.603   3.7414329e+14
      563.634   3.7314522e+14
      563.666   3.7171317e+14
      563.698   3.7044717e+14
      563.730   3.6950566e+14
      563.761   3.6887576e+14
      563.793   3.6874593e+14
      563.825   3.6953018e+14
      563.857   3.7043889e+14
      563.889   3.7087854e+14
      563.920   3.7088016e+14
      563.952   3.7036134e+14
      563.984   3.6879137e+14
      564.016   3.6687018e+14
      564.048   3.6561258e+14
      564.079   3.6486750e+14
      564.111   3.6421952e+14
      564.143   3.6420143e+14
      564.175   3.6485556e+14
      564.207   3.6580079e+14
      564.239   3.6588122e+14
      564.270   3.6590448e+14
      564.302   3.6656698e+14
      564.334   3.6692444e+14
      564.366   3.6646488e+14
      564.398   3.6627225e+14
      564.430   3.6629848e+14
      564.462   3.6615400e+14
      564.493   3.6666727e+14
      564.525   3.6825213e+14
      564.557   3.7022285e+14
      564.589   3.7209946e+14
      564.621   3.7383780e+14
      564.653   3.7502996e+14
      564.685   3.7525377e+14
      564.716   3.7518331e+14
      564.748   3.7552173e+14
      564.780   3.7637879e+14
      564.812   3.7674549e+14
      564.844   3.7638057e+14
      564.876   3.7576025e+14
      564.908   3.7455285e+14
      564.940   3.7289081e+14
      564.972   3.7156830e+14
      565.004   3.7087145e+14
      565.036   3.7019773e+14
      565.068   3.6942545e+14
      565.099   3.6863037e+14
      565.131   3.6835066e+14
      565.163   3.6817355e+14
      565.195   3.6819755e+14
      565.227   3.6835632e+14
      565.259   3.6830988e+14
      565.291   3.6811866e+14
      565.323   3.6764772e+14
      565.355   3.6694736e+14
      565.387   3.6587873e+14
      565.419   3.6490452e+14
      565.451   3.6451785e+14
      565.483   3.6481133e+14
      565.515   3.6562004e+14
      565.547   3.6711711e+14
      565.579   3.6894843e+14
      565.611   3.7018826e+14
      565.643   3.7057866e+14
      565.675   3.6948351e+14
      565.707   3.6594637e+14
      565.739   3.6089304e+14
      565.771   3.5600220e+14
      565.803   3.5114311e+14
      565.835   3.4751984e+14
      565.867   3.4693069e+14
      565.899   3.4795845e+14
      565.931   3.4900648e+14
      565.963   3.5045936e+14
      565.995   3.5199095e+14
      566.027   3.5266266e+14
      566.059   3.5247037e+14
      566.091   3.5084792e+14
      566.123   3.4798648e+14
      566.155   3.4471181e+14
      566.187   3.4231109e+14
      566.219   3.4230556e+14
      566.251   3.4569094e+14
      566.283   3.5086582e+14
      566.316   3.5646080e+14
      566.348   3.6178586e+14
      566.380   3.6487659e+14
      566.412   3.6593620e+14
      566.444   3.6718537e+14
      566.476   3.6853751e+14
      566.508   3.6904519e+14
      566.540   3.6925264e+14
      566.572   3.6916379e+14
      566.604   3.6835524e+14
      566.636   3.6794374e+14
      566.669   3.6859527e+14
      566.701   3.6984302e+14
      566.733   3.7113726e+14
      566.765   3.7210300e+14
      566.797   3.7168356e+14
      566.829   3.7013274e+14
      566.861   3.6847897e+14
      566.893   3.6719608e+14
      566.926   3.6632308e+14
      566.958   3.6591530e+14
      566.990   3.6585844e+14
      567.022   3.6602441e+14
      567.054   3.6646500e+14
      567.086   3.6693786e+14
      567.118   3.6781837e+14
      567.151   3.6981762e+14
      567.183   3.7191116e+14
      567.215   3.7357520e+14
      567.247   3.7507594e+14
      567.279   3.7611068e+14
      567.312   3.7679114e+14
      567.344   3.7785238e+14
      567.376   3.7865129e+14
      567.408   3.7882253e+14
      567.440   3.7909068e+14
      567.472   3.7929828e+14
      567.505   3.7885854e+14
      567.537   3.7878950e+14
      567.569   3.7946964e+14
      567.601   3.7981872e+14
      567.633   3.7976182e+14
      567.666   3.7982493e+14
      567.698   3.7969932e+14
      567.730   3.7875956e+14
      567.762   3.7747425e+14
      567.795   3.7653094e+14
      567.827   3.7567164e+14
      567.859   3.7450501e+14
      567.891   3.7409809e+14
      567.924   3.7499143e+14
      567.956   3.7595281e+14
      567.988   3.7668996e+14
      568.020   3.7773448e+14
      568.053   3.7805212e+14
      568.085   3.7645452e+14
      568.117   3.7413480e+14
      568.150   3.7199556e+14
      568.182   3.7002102e+14
      568.214   3.6848704e+14
      568.246   3.6814207e+14
      568.279   3.6811741e+14
      568.311   3.6766110e+14
      568.343   3.6727758e+14
      568.376   3.6730740e+14
      568.408   3.6758537e+14
      568.440   3.6788761e+14
      568.473   3.6782241e+14
      568.505   3.6697940e+14
      568.537   3.6554127e+14
      568.569   3.6406652e+14
      568.602   3.6364278e+14
      568.634   3.6434160e+14
      568.666   3.6502434e+14
      568.699   3.6540423e+14
      568.731   3.6517611e+14
      568.763   3.6378775e+14
      568.796   3.6248910e+14
      568.828   3.6240241e+14
      568.861   3.6281873e+14
      568.893   3.6320394e+14
      568.925   3.6366614e+14
      568.958   3.6346890e+14
      568.990   3.6266717e+14
      569.022   3.6234697e+14
      569.055   3.6297434e+14
      569.087   3.6374119e+14
      569.120   3.6403432e+14
      569.152   3.6426232e+14
      569.184   3.6507386e+14
      569.217   3.6613287e+14
      569.249   3.6771235e+14
      569.282   3.7020192e+14
      569.314   3.7278659e+14
      569.346   3.7398136e+14
      569.379   3.7402561e+14
      569.411   3.7364193e+14
      569.444   3.7294247e+14
      569.476   3.7224265e+14
      569.508   3.7240201e+14
      569.541   3.7331761e+14
      569.573   3.7417414e+14
      569.606   3.7492160e+14
      569.638   3.7584311e+14
      569.671   3.7593803e+14
      569.703   3.7515909e+14
      569.736   3.7444326e+14
      569.768   3.7378588e+14
      569.801   3.7297065e+14
      569.833   3.7260504e+14
      569.866   3.7271209e+14
      569.898   3.7296271e+14
      569.930   3.7338160e+14
      569.963   3.7363663e+14
      569.995   3.7275402e+14
      570.028   3.7091482e+14
      570.060   3.6894142e+14
      570.093   3.6652216e+14
      570.125   3.6421400e+14
      570.158   3.6294814e+14
      570.190   3.6296743e+14
      570.223   3.6340266e+14
      570.255   3.6438717e+14
      570.288   3.6554837e+14
      570.321   3.6667517e+14
      570.353   3.6737188e+14
      570.386   3.6743210e+14
      570.418   3.6651256e+14
      570.451   3.6508017e+14
      570.483   3.6358658e+14
      570.516   3.6310520e+14
      570.548   3.6350981e+14
      570.581   3.6467127e+14
      570.613   3.6667220e+14
      570.646   3.6840780e+14
      570.679   3.6820848e+14
      570.711   3.6710816e+14
      570.744   3.6609332e+14
      570.776   3.6320378e+14
      570.809   3.5921080e+14
      570.841   3.5655626e+14
      570.874   3.5403169e+14
      570.907   3.5124729e+14
      570.939   3.4985831e+14
      570.972   3.4987954e+14
      571.004   3.4956404e+14
      571.037   3.4838563e+14
      571.070   3.4712778e+14
      571.102   3.4642844e+14
      571.135   3.4570997e+14
      571.167   3.4515230e+14
      571.200   3.4648020e+14
      571.233   3.4852925e+14
      571.265   3.4983018e+14
      571.298   3.5262765e+14
      571.331   3.5611665e+14
      571.363   3.5822550e+14
      571.396   3.5978160e+14
      571.429   3.6154740e+14
      571.461   3.6275732e+14
      571.494   3.6362956e+14
      571.527   3.6527847e+14
      571.559   3.6814251e+14
      571.592   3.7177925e+14
      571.625   3.7414383e+14
      571.657   3.7535821e+14
      571.690   3.7627537e+14
      571.723   3.7597202e+14
      571.755   3.7499753e+14
      571.788   3.7441714e+14
      571.821   3.7416622e+14
      571.853   3.7440649e+14
      571.886   3.7527725e+14
      571.919   3.7600578e+14
      571.952   3.7651871e+14
      571.984   3.7726840e+14
      572.017   3.7729065e+14
      572.050   3.7661404e+14
      572.082   3.7604174e+14
      572.115   3.7559104e+14
      572.148   3.7576791e+14
      572.181   3.7689874e+14
      572.213   3.7833201e+14
      572.246   3.7986095e+14
      572.279   3.8150041e+14
      572.312   3.8248569e+14
      572.344   3.8284554e+14
      572.377   3.8298673e+14
      572.410   3.8299317e+14
      572.443   3.8334456e+14
      572.475   3.8398018e+14
      572.508   3.8462564e+14
      572.541   3.8521819e+14
      572.574   3.8570261e+14
      572.607   3.8596264e+14
      572.639   3.8597818e+14
      572.672   3.8597689e+14
      572.705   3.8600831e+14
      572.738   3.8613968e+14
      572.770   3.8613688e+14
      572.803   3.8620294e+14
      572.836   3.8626905e+14
      572.869   3.8635566e+14
      572.902   3.8648709e+14
      572.935   3.8662279e+14
      572.967   3.8655860e+14
      573.000   3.8585184e+14
      573.033   3.8445459e+14
      573.066   3.8341716e+14
      573.099   3.8246754e+14
      573.132   3.8157927e+14
      573.164   3.8128758e+14
      573.197   3.8170202e+14
      573.230   3.8178102e+14
      573.263   3.8184161e+14
      573.296   3.8197997e+14
      573.329   3.8214076e+14
      573.362   3.8226688e+14
      573.394   3.8236588e+14
      573.427   3.8240198e+14
      573.460   3.8232144e+14
      573.493   3.8195238e+14
      573.526   3.8180632e+14
      573.559   3.8202246e+14
      573.592   3.8253118e+14
      573.625   3.8335106e+14
      573.658   3.8464165e+14
      573.691   3.8556395e+14
      573.724   3.8584165e+14
      573.756   3.8577710e+14
      573.789   3.8541828e+14
      573.822   3.8459889e+14
      573.855   3.8372210e+14
      573.888   3.8322393e+14
      573.921   3.8277694e+14
      573.954   3.8235850e+14
      573.987   3.8206090e+14
      574.020   3.8181851e+14
      574.053   3.8153512e+14
      574.086   3.8157524e+14
      574.119   3.8162359e+14
      574.152   3.8161047e+14
      574.185   3.8170998e+14
      574.218   3.8188733e+14
      574.251   3.8204418e+14
      574.284   3.8234446e+14
      574.317   3.8295400e+14
      574.350   3.8408791e+14
      574.383   3.8533663e+14
      574.416   3.8630281e+14
      574.449   3.8716042e+14
      574.482   3.8792394e+14
      574.515   3.8823473e+14
      574.548   3.8864389e+14
      574.581   3.8883795e+14
      574.614   3.8798099e+14
      574.647   3.8651127e+14
      574.680   3.8529552e+14
      574.713   3.8388709e+14
      574.746   3.8274075e+14
      574.779   3.8250430e+14
      574.812   3.8281906e+14
      574.845   3.8300270e+14
      574.878   3.8307157e+14
      574.911   3.8307897e+14
      574.944   3.8319293e+14
      574.977   3.8328435e+14
      575.010   3.8328674e+14
      575.043   3.8290281e+14
      575.076   3.8195704e+14
      575.109   3.8131257e+14
      575.142   3.8094686e+14
      575.175   3.7939379e+14
      575.208   3.7781590e+14
      575.242   3.7656673e+14
      575.275   3.7476692e+14
      575.308   3.7228586e+14
      575.341   3.7043629e+14
      575.374   3.6889418e+14
      575.407   3.6738670e+14
      575.440   3.6625245e+14
      575.473   3.6563307e+14
      575.506   3.6531523e+14
      575.540   3.6496936e+14
      575.573   3.6528766e+14
      575.606   3.6577428e+14
      575.639   3.6594894e+14
      575.672   3.6693858e+14
      575.705   3.6924014e+14
      575.738   3.7192174e+14
      575.771   3.7461401e+14
      575.805   3.7793368e+14
      575.838   3.8122222e+14
      575.871   3.8328929e+14
      575.904   3.8422924e+14
      575.937   3.8466611e+14
      575.971   3.8472382e+14
      576.004   3.8384001e+14
      576.037   3.8284098e+14
      576.070   3.8174733e+14
      576.103   3.8014610e+14
      576.136   3.7772477e+14
      576.170   3.7463816e+14
      576.203   3.7205795e+14
      576.236   3.6993770e+14
      576.269   3.6854674e+14
      576.302   3.6823059e+14
      576.336   3.6894082e+14
      576.369   3.6917555e+14
      576.402   3.6951101e+14
      576.435   3.7045097e+14
      576.469   3.7156249e+14
      576.502   3.7281321e+14
      576.535   3.7433962e+14
      576.568   3.7556395e+14
      576.602   3.7647457e+14
      576.635   3.7722206e+14
      576.668   3.7897750e+14
      576.701   3.8131942e+14
      576.735   3.8373856e+14
      576.768   3.8563271e+14
      576.801   3.8669171e+14
      576.834   3.8613149e+14
      576.868   3.8493409e+14
      576.901   3.8381395e+14
      576.934   3.8295302e+14
      576.967   3.8264550e+14
      577.001   3.8266142e+14
      577.034   3.8230549e+14
      577.067   3.8139789e+14
      577.101   3.8055429e+14
      577.134   3.7985036e+14
      577.167   3.7931935e+14
      577.201   3.7904381e+14
      577.234   3.7921886e+14
      577.267   3.7903981e+14
      577.301   3.7892277e+14
      577.334   3.7892281e+14
      577.367   3.7864493e+14
      577.401   3.7878934e+14
      577.434   3.7923000e+14
      577.467   3.7938444e+14
      577.501   3.7934355e+14
      577.534   3.7953511e+14
      577.567   3.7977403e+14
      577.601   3.8026645e+14
      577.634   3.8091719e+14
      577.667   3.8139296e+14
      577.701   3.8162395e+14
      577.734   3.8143251e+14
      577.768   3.8114866e+14
      577.801   3.8102106e+14
      577.834   3.8086457e+14
      577.868   3.8146628e+14
      577.901   3.8174030e+14
      577.934   3.8127488e+14
      577.968   3.8062641e+14
      578.001   3.8015479e+14
      578.035   3.7862264e+14
      578.068   3.7679769e+14
      578.102   3.7573504e+14
      578.135   3.7445581e+14
      578.168   3.7258737e+14
      578.202   3.7149776e+14
      578.235   3.7082604e+14
      578.269   3.7006801e+14
      578.302   3.6933444e+14
      578.336   3.6829820e+14
      578.369   3.6607917e+14
      578.402   3.6379410e+14
      578.436   3.6170071e+14
      578.469   3.6046417e+14
      578.503   3.6024147e+14
      578.536   3.6107343e+14
      578.570   3.6301009e+14
      578.603   3.6490744e+14
      578.637   3.6570688e+14
      578.670   3.6644216e+14
      578.704   3.6736320e+14
      578.737   3.6796465e+14
      578.771   3.6865082e+14
      578.804   3.6976342e+14
      578.838   3.7092777e+14
      578.871   3.7249171e+14
      578.905   3.7402512e+14
      578.938   3.7528624e+14
      578.972   3.7612109e+14
      579.005   3.7672544e+14
      579.039   3.7675964e+14
      579.072   3.7637618e+14
      579.106   3.7575264e+14
      579.139   3.7541017e+14
      579.173   3.7525446e+14
      579.206   3.7520895e+14
      579.240   3.7469426e+14
      579.274   3.7445795e+14
      579.307   3.7442472e+14
      579.341   3.7426257e+14
      579.374   3.7384340e+14
      579.408   3.7371213e+14
      579.441   3.7333813e+14
      579.475   3.7365675e+14
      579.509   3.7483831e+14
      579.542   3.7641119e+14
      579.576   3.7804138e+14
      579.609   3.7944146e+14
      579.643   3.7936437e+14
      579.677   3.7842591e+14
      579.710   3.7741797e+14
      579.744   3.7701833e+14
      579.777   3.7732187e+14
      579.811   3.7845737e+14
      579.845   3.7956210e+14
      579.878   3.8032903e+14
      579.912   3.8054541e+14
      579.945   3.8039886e+14
      579.979   3.8017081e+14
      580.013   3.8000262e+14
      580.046   3.7993867e+14
      580.080   3.7988419e+14
      580.114   3.7977379e+14
      580.147   3.7999932e+14
      580.181   3.8111578e+14
      580.215   3.8221580e+14
      580.248   3.8301891e+14
      580.282   3.8368065e+14
      580.316   3.8381686e+14
      580.349   3.8301017e+14
      580.383   3.8170351e+14
      580.417   3.8078576e+14
      580.450   3.8004886e+14
      580.484   3.7921357e+14
      580.518   3.7798672e+14
      580.552   3.7737468e+14
      580.585   3.7666402e+14
      580.619   3.7574929e+14
      580.653   3.7463130e+14
      580.686   3.7420390e+14
      580.720   3.7364914e+14
      580.754   3.7291816e+14
      580.788   3.7208126e+14
      580.821   3.7233330e+14
      580.855   3.7252230e+14
      580.889   3.7321517e+14
      580.922   3.7446484e+14
      580.956   3.7620115e+14
      580.990   3.7718497e+14
      581.024   3.7861820e+14
      581.058   3.7980694e+14
      581.091   3.8070862e+14
      581.125   3.8132093e+14
      581.159   3.8253094e+14
      581.193   3.8338423e+14
      581.226   3.8373868e+14
      581.260   3.8355865e+14
      581.294   3.8429394e+14
      581.328   3.8456645e+14
      581.362   3.8459821e+14
      581.395   3.8479508e+14
      581.429   3.8530853e+14
      581.463   3.8426470e+14
      581.497   3.8223009e+14
      581.531   3.8052117e+14
      581.564   3.7919317e+14
      581.598   3.7809236e+14
      581.632   3.7779942e+14
      581.666   3.7854318e+14
      581.700   3.7903979e+14
      581.734   3.7919361e+14
      581.767   3.7961878e+14
      581.801   3.8008237e+14
      581.835   3.8073724e+14
      581.869   3.8159801e+14
      581.903   3.8272087e+14
      581.937   3.8335122e+14
      581.971   3.8387351e+14
      582.004   3.8530366e+14
      582.038   3.8704902e+14
      582.072   3.8852846e+14
      582.106   3.8991457e+14
      582.140   3.9142159e+14
      582.174   3.9164945e+14
      582.208   3.9102222e+14
      582.242   3.9011402e+14
      582.276   3.8955314e+14
      582.309   3.8896208e+14
      582.343   3.8849047e+14
      582.377   3.8832894e+14
      582.411   3.8846086e+14
      582.445   3.8845331e+14
      582.479   3.8842499e+14
      582.513   3.8838622e+14
      582.547   3.8825788e+14
      582.581   3.8807536e+14
      582.615   3.8807818e+14
      582.649   3.8804768e+14
      582.683   3.8800052e+14
      582.717   3.8806582e+14
      582.751   3.8861239e+14
      582.785   3.8919032e+14
      582.818   3.8981736e+14
      582.852   3.9039554e+14
      582.886   3.9085077e+14
      582.920   3.9050363e+14
      582.954   3.8920586e+14
      582.988   3.8806217e+14
      583.022   3.8671948e+14
      583.056   3.8558216e+14
      583.090   3.8486587e+14
      583.124   3.8486680e+14
      583.158   3.8485314e+14
      583.192   3.8515643e+14
      583.226   3.8515531e+14
      583.260   3.8487263e+14
      583.294   3.8476931e+14
      583.328   3.8446154e+14
      583.363   3.8382675e+14
      583.397   3.8310392e+14
      583.431   3.8248115e+14
      583.465   3.8248200e+14
      583.499   3.8282282e+14
      583.533   3.8377485e+14
      583.567   3.8509408e+14
      583.601   3.8648638e+14
      583.635   3.8694630e+14
      583.669   3.8701196e+14
      583.703   3.8637450e+14
      583.737   3.8564107e+14
      583.771   3.8529775e+14
      583.805   3.8520059e+14
      583.839   3.8492190e+14
      583.873   3.8456389e+14
      583.907   3.8469831e+14
      583.942   3.8469335e+14
      583.976   3.8470051e+14
      584.010   3.8499353e+14
      584.044   3.8572069e+14
      584.078   3.8590319e+14
      584.112   3.8580810e+14
      584.146   3.8577145e+14
      584.180   3.8558869e+14
      584.215   3.8579454e+14
      584.249   3.8620668e+14
      584.283   3.8672944e+14
      584.317   3.8697465e+14
      584.351   3.8707161e+14
      584.385   3.8726256e+14
      584.419   3.8757249e+14
      584.454   3.8786610e+14
      584.488   3.8820115e+14
      584.522   3.8870325e+14
      584.556   3.8841820e+14
      584.590   3.8772381e+14
      584.624   3.8676207e+14
      584.659   3.8498203e+14
      584.693   3.8375074e+14
      584.727   3.8293074e+14
      584.761   3.8215458e+14
      584.795   3.8156425e+14
      584.830   3.8182019e+14
      584.864   3.8181464e+14
      584.898   3.8188013e+14
      584.932   3.8203964e+14
      584.966   3.8220955e+14
      585.001   3.8246378e+14
      585.035   3.8227493e+14
      585.069   3.8150730e+14
      585.103   3.8111152e+14
      585.138   3.8055340e+14
      585.172   3.8058587e+14
      585.206   3.8054937e+14
      585.240   3.8088491e+14
      585.275   3.8101430e+14
      585.309   3.8136657e+14
      585.343   3.8116918e+14
      585.377   3.8115779e+14
      585.412   3.8113453e+14
      585.446   3.8047080e+14
      585.480   3.7975681e+14
      585.514   3.7909706e+14
      585.549   3.7786293e+14
      585.583   3.7554457e+14
      585.617   3.7293937e+14
      585.651   3.7085258e+14
      585.686   3.6855488e+14
      585.720   3.6732520e+14
      585.754   3.6771670e+14
      585.789   3.6831597e+14
      585.823   3.6725342e+14
      585.857   3.6667826e+14
      585.892   3.6618322e+14
      585.926   3.6512658e+14
      585.960   3.6482321e+14
      585.995   3.6608807e+14
      586.029   3.6688986e+14
      586.063   3.6600046e+14
      586.098   3.6450454e+14
      586.132   3.6519126e+14
      586.167   3.6623044e+14
      586.201   3.6729836e+14
      586.235   3.6990963e+14
      586.270   3.7303916e+14
      586.304   3.7367214e+14
      586.338   3.7488535e+14
      586.373   3.7671304e+14
      586.407   3.7832450e+14
      586.441   3.7988592e+14
      586.476   3.8114244e+14
      586.510   3.8057786e+14
      586.545   3.7946709e+14
      586.579   3.7768080e+14
      586.613   3.7667379e+14
      586.648   3.7700008e+14
      586.682   3.7790197e+14
      586.717   3.7878372e+14
      586.751   3.8027479e+14
      586.786   3.8129306e+14
      586.820   3.8141148e+14
      586.854   3.8141674e+14
      586.889   3.8143942e+14
      586.923   3.8142999e+14
      586.958   3.8107112e+14
      586.992   3.8036133e+14
      587.027   3.8050182e+14
      587.061   3.8078861e+14
      587.096   3.8079461e+14
      587.130   3.8194039e+14
      587.165   3.8351327e+14
      587.199   3.8435439e+14
      587.234   3.8484762e+14
      587.268   3.8566289e+14
      587.302   3.8554631e+14
      587.337   3.8544459e+14
      587.372   3.8529660e+14
      587.406   3.8530769e+14
      587.441   3.8527289e+14
      587.475   3.8513108e+14
      587.510   3.8534925e+14
      587.544   3.8562995e+14
      587.579   3.8572031e+14
      587.613   3.8562241e+14
      587.648   3.8547024e+14
      587.682   3.8524684e+14
      587.717   3.8490056e+14
      587.751   3.8470665e+14
      587.786   3.8472991e+14
      587.820   3.8489101e+14
      587.855   3.8437371e+14
      587.889   3.8361627e+14
      587.924   3.8284027e+14
      587.959   3.8162441e+14
      587.993   3.8040459e+14
      588.028   3.7953561e+14
      588.062   3.7885253e+14
      588.097   3.7805514e+14
      588.131   3.7795832e+14
      588.166   3.7812414e+14
      588.201   3.7779824e+14
      588.235   3.7636158e+14
      588.270   3.7556495e+14
      588.305   3.7470632e+14
      588.339   3.7368947e+14
      588.374   3.7328097e+14
      588.408   3.7437986e+14
      588.443   3.7477287e+14
      588.478   3.7535492e+14
      588.512   3.7622180e+14
      588.547   3.7699074e+14
      588.581   3.7727654e+14
      588.616   3.7784520e+14
      588.651   3.7797087e+14
      588.685   3.7737680e+14
      588.720   3.7588736e+14
      588.755   3.7493452e+14
      588.789   3.7235480e+14
      588.824   3.6625291e+14
      588.859   3.5750271e+14
      588.893   3.4934299e+14
      588.928   3.4059065e+14
      588.963   3.3244962e+14
      588.998   3.2832983e+14
      589.032   3.2743924e+14
      589.067   3.2654534e+14
      589.102   3.2516470e+14
      589.136   3.2320274e+14
      589.171   3.2122994e+14
      589.206   3.1937857e+14
      589.240   3.1779372e+14
      589.275   3.1677235e+14
      589.310   3.1701349e+14
      589.345   3.1834331e+14
      589.379   3.2241366e+14
      589.414   3.2598280e+14
      589.449   3.2678502e+14
      589.484   3.2964475e+14
      589.518   3.3197802e+14
      589.553   3.3151890e+14
      589.588   3.3129944e+14
      589.623   3.3354392e+14
      589.657   3.3536525e+14
      589.692   3.3697752e+14
      589.727   3.3856559e+14
      589.762   3.3998748e+14
      589.797   3.4177568e+14
      589.831   3.4234151e+14
      589.866   3.4208044e+14
      589.901   3.4131501e+14
      589.936   3.4145709e+14
      589.971   3.4581168e+14
      590.005   3.5226945e+14
      590.040   3.5956721e+14
      590.075   3.6733840e+14
      590.110   3.7443516e+14
      590.145   3.7764676e+14
      590.179   3.7893031e+14
      590.214   3.7962842e+14
      590.249   3.7996856e+14
      590.284   3.8082043e+14
      590.319   3.8166438e+14
      590.354   3.8182680e+14
      590.388   3.8177792e+14
      590.423   3.8094017e+14
      590.458   3.8018201e+14
      590.493   3.7927176e+14
      590.528   3.7883841e+14
      590.563   3.7843393e+14
      590.598   3.7903292e+14
      590.633   3.7945510e+14
      590.667   3.7979019e+14
      590.702   3.8007406e+14
      590.737   3.8041888e+14
      590.772   3.8092391e+14
      590.807   3.8097218e+14
      590.842   3.8013906e+14
      590.877   3.7998659e+14
      590.912   3.7967998e+14
      590.947   3.8038376e+14
      590.982   3.8145704e+14
      591.017   3.8345719e+14
      591.051   3.8456948e+14
      591.086   3.8586842e+14
      591.121   3.8599592e+14
      591.156   3.8587426e+14
      591.191   3.8558152e+14
      591.226   3.8491079e+14
      591.261   3.8175637e+14
      591.296   3.7949069e+14
      591.331   3.7724155e+14
      591.366   3.7572931e+14
      591.401   3.7494980e+14
      591.436   3.7631874e+14
      591.471   3.7557512e+14
      591.506   3.7509335e+14
      591.541   3.7388676e+14
      591.576   3.7279406e+14
      591.611   3.7205844e+14
      591.646   3.7260555e+14
      591.681   3.7283787e+14
      591.716   3.7263891e+14
      591.751   3.7141254e+14
      591.786   3.7258137e+14
      591.821   3.7446283e+14
      591.856   3.7636155e+14
      591.891   3.7839797e+14
      591.926   3.8080899e+14
      591.961   3.8049207e+14
      591.996   3.8061928e+14
      592.031   3.8115899e+14
      592.066   3.8178762e+14
      592.101   3.8290715e+14
      592.136   3.8437169e+14
      592.172   3.8478566e+14
      592.207   3.8473758e+14
      592.242   3.8491174e+14
      592.277   3.8485095e+14
      592.312   3.8481140e+14
      592.347   3.8480350e+14
      592.382   3.8484646e+14
      592.417   3.8486819e+14
      592.452   3.8531127e+14
      592.487   3.8583482e+14
      592.522   3.8598793e+14
      592.557   3.8472443e+14
      592.593   3.8395497e+14
      592.628   3.8225267e+14
      592.663   3.8067302e+14
      592.698   3.7941715e+14
      592.733   3.7943426e+14
      592.768   3.7892175e+14
      592.803   3.7863160e+14
      592.839   3.7776166e+14
      592.874   3.7538423e+14
      592.909   3.7376929e+14
      592.944   3.7228126e+14
      592.979   3.7128480e+14
      593.014   3.7047363e+14
      593.049   3.7068476e+14
      593.085   3.7150287e+14
      593.120   3.7233944e+14
      593.155   3.7391822e+14
      593.190   3.7577278e+14
      593.225   3.7811318e+14
      593.261   3.7915472e+14
      593.296   3.7882150e+14
      593.331   3.7752949e+14
      593.366   3.7596592e+14
      593.401   3.7617324e+14
      593.437   3.7697103e+14
      593.472   3.7900498e+14
      593.507   3.8101591e+14
      593.542   3.8285943e+14
      593.578   3.8305741e+14
      593.613   3.8274321e+14
      593.648   3.8243968e+14
      593.683   3.8215938e+14
      593.718   3.8207433e+14
      593.754   3.8185841e+14
      593.789   3.8130208e+14
      593.824   3.8132729e+14
      593.859   3.8212319e+14
      593.895   3.8313223e+14
      593.930   3.8397507e+14
      593.965   3.8511950e+14
      594.001   3.8561714e+14
      594.036   3.8492914e+14
      594.071   3.8410084e+14
      594.106   3.8333190e+14
      594.142   3.8275261e+14
      594.177   3.8235309e+14
      594.212   3.8228064e+14
      594.248   3.8217710e+14
      594.283   3.8218328e+14
      594.318   3.8210658e+14
      594.354   3.8200294e+14
      594.389   3.8206219e+14
      594.424   3.8201525e+14
      594.460   3.8212414e+14
      594.495   3.8216003e+14
      594.530   3.8225551e+14
      594.566   3.8245788e+14
      594.601   3.8271493e+14
      594.636   3.8309744e+14
      594.672   3.8314902e+14
      594.707   3.8187936e+14
      594.742   3.8090091e+14
      594.778   3.7931907e+14
      594.813   3.7777882e+14
      594.849   3.7672613e+14
      594.884   3.7694032e+14
      594.919   3.7666958e+14
      594.955   3.7696538e+14
      594.990   3.7679881e+14
      595.026   3.7683627e+14
      595.061   3.7682739e+14
      595.096   3.7619072e+14
      595.132   3.7478015e+14
      595.167   3.7298108e+14
      595.203   3.7101658e+14
      595.238   3.7051548e+14
      595.274   3.7065804e+14
      595.309   3.7239021e+14
      595.344   3.7478688e+14
      595.380   3.7704638e+14
      595.415   3.7788714e+14
      595.451   3.7867138e+14
      595.486   3.7833245e+14
      595.522   3.7683124e+14
      595.557   3.7571034e+14
      595.593   3.7444095e+14
      595.628   3.7308102e+14
      595.664   3.7266776e+14
      595.699   3.7421609e+14
      595.735   3.7557801e+14
      595.770   3.7710767e+14
      595.806   3.7869383e+14
      595.841   3.7940329e+14
      595.877   3.7922907e+14
      595.912   3.7887059e+14
      595.948   3.7849800e+14
      595.983   3.7779399e+14
      596.019   3.7705875e+14
      596.054   3.7736541e+14
      596.090   3.7799067e+14
      596.125   3.7863862e+14
      596.161   3.7965661e+14
      596.196   3.8117728e+14
      596.232   3.8173904e+14
      596.267   3.8204618e+14
      596.303   3.8227731e+14
      596.339   3.8256830e+14
      596.374   3.8279444e+14
      596.410   3.8242593e+14
      596.445   3.8179836e+14
      596.481   3.8134652e+14
      596.516   3.8120542e+14
      596.552   3.8099046e+14
      596.588   3.8130493e+14
      596.623   3.8178087e+14
      596.659   3.8216593e+14
      596.694   3.8238144e+14
      596.730   3.8258718e+14
      596.766   3.8271398e+14
      596.801   3.8279717e+14
      596.837   3.8295168e+14
      596.872   3.8297510e+14
      596.908   3.8279637e+14
      596.944   3.8286545e+14
      596.979   3.8357695e+14
      597.015   3.8428136e+14
      597.051   3.8508964e+14
      597.086   3.8607261e+14
      597.122   3.8681483e+14
      597.158   3.8713599e+14
      597.193   3.8739458e+14
      597.229   3.8755548e+14
      597.265   3.8769504e+14
      597.300   3.8771207e+14
      597.336   3.8735558e+14
      597.372   3.8498689e+14
      597.407   3.8322247e+14
      597.443   3.8290199e+14
      597.479   3.8095396e+14
      597.514   3.7830143e+14
      597.550   3.7668871e+14
      597.586   3.7535606e+14
      597.621   3.7417873e+14
      597.657   3.7321373e+14
      597.693   3.7153404e+14
      597.729   3.7099882e+14
      597.764   3.7046501e+14
      597.800   3.6992323e+14
      597.836   3.6953117e+14
      597.872   3.6981956e+14
      597.907   3.7149205e+14
      597.943   3.7345425e+14
      597.979   3.7555580e+14
      598.015   3.7797863e+14
      598.050   3.8105616e+14
      598.086   3.8302788e+14
      598.122   3.8458880e+14
      598.158   3.8577308e+14
      598.193   3.8650939e+14
      598.229   3.8664043e+14
      598.265   3.8663658e+14
      598.301   3.8637580e+14
      598.337   3.8532467e+14
      598.372   3.8415510e+14
      598.408   3.8269684e+14
      598.444   3.8119553e+14
      598.480   3.8001539e+14
      598.516   3.7955272e+14
      598.552   3.7842593e+14
      598.587   3.7711841e+14
      598.623   3.7583921e+14
      598.659   3.7458129e+14
      598.695   3.7352463e+14
      598.731   3.7345362e+14
      598.767   3.7369115e+14
      598.802   3.7399668e+14
      598.838   3.7462646e+14
      598.874   3.7610084e+14
      598.910   3.7753886e+14
      598.946   3.7859769e+14
      598.982   3.7910568e+14
      599.018   3.7905273e+14
      599.054   3.7832084e+14
      599.089   3.7825944e+14
      599.125   3.7866596e+14
      599.161   3.7958715e+14
      599.197   3.8063705e+14
      599.233   3.8132679e+14
      599.269   3.8117384e+14
      599.305   3.8090505e+14
      599.341   3.8064690e+14
      599.377   3.8042738e+14
      599.413   3.8032147e+14
      599.448   3.8023008e+14
      599.484   3.8038161e+14
      599.520   3.8068760e+14
      599.556   3.8032857e+14
      599.592   3.7965837e+14
      599.628   3.7881003e+14
      599.664   3.7770841e+14
      599.700   3.7648223e+14
      599.736   3.7601771e+14
      599.772   3.7607675e+14
      599.808   3.7636978e+14
      599.844   3.7670147e+14
      599.880   3.7695158e+14
      599.916   3.7703434e+14
      599.952   3.7691099e+14
      599.988   3.7681338e+14
      600.024   3.7674585e+14
      600.060   3.7714633e+14
      600.096   3.7830256e+14
      600.132   3.7886416e+14
      600.168   3.7929701e+14
      600.204   3.7970834e+14
      600.240   3.7967958e+14
      600.276   3.7902805e+14
      600.312   3.7902069e+14
      600.348   3.7905415e+14
      600.384   3.7860005e+14
      600.420   3.7804497e+14
      600.456   3.7755425e+14
      600.492   3.7705924e+14
      600.529   3.7655173e+14
      600.565   3.7614038e+14
      600.601   3.7554634e+14
      600.637   3.7450109e+14
      600.673   3.7393266e+14
      600.709   3.7279479e+14
      600.745   3.7179006e+14
      600.781   3.7109255e+14
      600.817   3.7056041e+14
      600.853   3.6935338e+14
      600.889   3.6888556e+14
      600.925   3.6912054e+14
      600.962   3.6950008e+14
      600.998   3.7010701e+14
      601.034   3.7088918e+14
      601.070   3.7143786e+14
      601.106   3.7155439e+14
      601.142   3.7151403e+14
      601.178   3.7137465e+14
      601.214   3.7144395e+14
      601.251   3.7255721e+14
      601.287   3.7374080e+14
      601.323   3.7489874e+14
      601.359   3.7623111e+14
      601.395   3.7747554e+14
      601.431   3.7776913e+14
      601.468   3.7766117e+14
      601.504   3.7619224e+14
      601.540   3.7413332e+14
      601.576   3.7208271e+14
      601.612   3.7032020e+14
      601.648   3.6898148e+14
      601.685   3.6924516e+14
      601.721   3.7067722e+14
      601.757   3.7218703e+14
      601.793   3.7336974e+14
      601.830   3.7416150e+14
      601.866   3.7370766e+14
      601.902   3.7227361e+14
      601.938   3.7074028e+14
      601.974   3.6915497e+14
      602.011   3.6744525e+14
      602.047   3.6760692e+14
      602.083   3.6833746e+14
      602.119   3.6923193e+14
      602.156   3.7026744e+14
      602.192   3.7151567e+14
      602.228   3.7108059e+14
      602.265   3.6966970e+14
      602.301   3.6810034e+14
      602.337   3.6656732e+14
      602.373   3.6559907e+14
      602.410   3.6642350e+14
      602.446   3.6807973e+14
      602.482   3.6970175e+14
      602.518   3.7138656e+14
      602.555   3.7264105e+14
      602.591   3.7278386e+14
      602.627   3.7288780e+14
      602.664   3.7307677e+14
      602.700   3.7305132e+14
      602.736   3.7318987e+14
      602.773   3.7413643e+14
      602.809   3.7483628e+14
      602.845   3.7484542e+14
      602.882   3.7472816e+14
      602.918   3.7439617e+14
      602.954   3.7334729e+14
      602.991   3.7246756e+14
      603.027   3.7228494e+14
      603.064   3.7270817e+14
      603.100   3.7383687e+14
      603.136   3.7500892e+14
      603.173   3.7621666e+14
      603.209   3.7745613e+14
      603.245   3.7815996e+14
      603.282   3.7798096e+14
      603.318   3.7798046e+14
      603.355   3.7874156e+14
      603.391   3.8008552e+14
      603.427   3.8172577e+14
      603.464   3.8348828e+14
      603.500   3.8492808e+14
      603.537   3.8554307e+14
      603.573   3.8556260e+14
      603.610   3.8543167e+14
      603.646   3.8522847e+14
      603.682   3.8502307e+14
      603.719   3.8484443e+14
      603.755   3.8474709e+14
      603.792   3.8474583e+14
      603.828   3.8469391e+14
      603.865   3.8464066e+14
      603.901   3.8466661e+14
      603.938   3.8469130e+14
      603.974   3.8461770e+14
      604.011   3.8458387e+14
      604.047   3.8453622e+14
      604.084   3.8450891e+14
      604.120   3.8456081e+14
      604.157   3.8462010e+14
      604.193   3.8465901e+14
      604.230   3.8450392e+14
      604.266   3.8420496e+14
      604.303   3.8390252e+14
      604.339   3.8364890e+14
      604.376   3.8343732e+14
      604.412   3.8341334e+14
      604.449   3.8345952e+14
      604.485   3.8345930e+14
      604.522   3.8340367e+14
      604.558   3.8337095e+14
      604.595   3.8340848e+14
      604.631   3.8342340e+14
      604.668   3.8342417e+14
      604.705   3.8340743e+14
      604.741   3.8341589e+14
      604.778   3.8354667e+14
      604.814   3.8375680e+14
      604.851   3.8400906e+14
      604.888   3.8430255e+14
      604.924   3.8451496e+14
      604.961   3.8455906e+14
      604.997   3.8465872e+14
      605.034   3.8477165e+14
      605.070   3.8485901e+14
      605.107   3.8489047e+14
      605.144   3.8491105e+14
      605.180   3.8488560e+14
      605.217   3.8468701e+14
      605.254   3.8436475e+14
      605.290   3.8412650e+14
      605.327   3.8393658e+14
      605.364   3.8376611e+14
      605.400   3.8361250e+14
      605.437   3.8280378e+14
      605.473   3.8162113e+14
      605.510   3.8050833e+14
      605.547   3.7936935e+14
      605.583   3.7834918e+14
      605.620   3.7815233e+14
      605.657   3.7832243e+14
      605.694   3.7833618e+14
      605.730   3.7842979e+14
      605.767   3.7869986e+14
      605.804   3.7902635e+14
      605.840   3.7937412e+14
      605.877   3.7971589e+14
      605.914   3.7980139e+14
      605.950   3.8013837e+14
      605.987   3.8118405e+14
      606.024   3.8235801e+14
      606.061   3.8363851e+14
      606.097   3.8508815e+14
      606.134   3.8586268e+14
      606.171   3.8577031e+14
      606.208   3.8566487e+14
      606.244   3.8556330e+14
      606.281   3.8546439e+14
      606.318   3.8548716e+14
      606.355   3.8529691e+14
      606.391   3.8364344e+14
      606.428   3.8118390e+14
      606.465   3.7902630e+14
      606.502   3.7704889e+14
      606.538   3.7533382e+14
      606.575   3.7483868e+14
      606.612   3.7504789e+14
      606.649   3.7519192e+14
      606.686   3.7548811e+14
      606.722   3.7582953e+14
      606.759   3.7626063e+14
      606.796   3.7680053e+14
      606.833   3.7724041e+14
      606.870   3.7737583e+14
      606.907   3.7829642e+14
      606.943   3.8054772e+14
      606.980   3.8301722e+14
      607.017   3.8543565e+14
      607.054   3.8793545e+14
      607.091   3.8947392e+14
      607.128   3.8979426e+14
      607.165   3.8991442e+14
      607.201   3.9005165e+14
      607.238   3.9019576e+14
      607.275   3.9030080e+14
      607.312   3.9033616e+14
      607.349   3.9033449e+14
      607.386   3.9030459e+14
      607.423   3.9027468e+14
      607.460   3.9021434e+14
      607.497   3.9008862e+14
      607.533   3.8996252e+14
      607.570   3.8985420e+14
      607.607   3.8972193e+14
      607.644   3.8949607e+14
      607.681   3.8854531e+14
      607.718   3.8677599e+14
      607.755   3.8470391e+14
      607.792   3.8253369e+14
      607.829   3.8046128e+14
      607.866   3.7913983e+14
      607.903   3.7862386e+14
      607.940   3.7836046e+14
      607.977   3.7814488e+14
      608.014   3.7792498e+14
      608.051   3.7776823e+14
      608.088   3.7745246e+14
      608.125   3.7671850e+14
      608.161   3.7575104e+14
      608.199   3.7518944e+14
      608.236   3.7520676e+14
      608.273   3.7579258e+14
      608.310   3.7704935e+14
      608.346   3.7825137e+14
      608.384   3.7874847e+14
      608.421   3.7868751e+14
      608.458   3.7812108e+14
      608.495   3.7719077e+14
      608.532   3.7670265e+14
      608.569   3.7648904e+14
      608.606   3.7622970e+14
      608.643   3.7644750e+14
      608.680   3.7702052e+14
      608.717   3.7748680e+14
      608.754   3.7818418e+14
      608.791   3.7884670e+14
      608.828   3.7895784e+14
      608.865   3.7902323e+14
      608.902   3.7938942e+14
      608.939   3.7952024e+14
      608.976   3.7974481e+14
      609.013   3.8031395e+14
      609.051   3.8061327e+14
      609.088   3.8057392e+14
      609.125   3.8052361e+14
      609.162   3.8040790e+14
      609.199   3.8000650e+14
      609.236   3.7954399e+14
      609.273   3.7900068e+14
      609.310   3.7867756e+14
      609.347   3.7876454e+14
      609.385   3.7929514e+14
      609.422   3.8018288e+14
      609.459   3.8128018e+14
      609.496   3.8190413e+14
      609.533   3.8198919e+14
      609.570   3.8211135e+14
      609.607   3.8210911e+14
      609.645   3.8201598e+14
      609.682   3.8217525e+14
      609.719   3.8277550e+14
      609.756   3.8339550e+14
      609.793   3.8411171e+14
      609.830   3.8493279e+14
      609.868   3.8569578e+14
      609.905   3.8614807e+14
      609.942   3.8632514e+14
      609.979   3.8624235e+14
      610.016   3.8620979e+14
      610.054   3.8571710e+14
      610.091   3.8393017e+14
      610.128   3.8110736e+14
      610.165   3.7791266e+14
      610.203   3.7449763e+14
      610.240   3.7170623e+14
      610.277   3.7032409e+14
      610.314   3.6999093e+14
      610.352   3.6997530e+14
      610.389   3.6992837e+14
      610.426   3.6970437e+14
      610.463   3.6936223e+14
      610.501   3.6876492e+14
      610.538   3.6791760e+14
      610.575   3.6697827e+14
      610.612   3.6667738e+14
      610.650   3.6723237e+14
      610.687   3.6859597e+14
      610.724   3.7106220e+14
      610.762   3.7386432e+14
      610.799   3.7596380e+14
      610.836   3.7720593e+14
      610.874   3.7804419e+14
      610.911   3.7839820e+14
      610.948   3.7849185e+14
      610.986   3.7838273e+14
      611.023   3.7851609e+14
      611.060   3.7869282e+14
      611.098   3.7909296e+14
      611.135   3.7980817e+14
      611.172   3.8096115e+14
      611.210   3.8244695e+14
      611.247   3.8395234e+14
      611.284   3.8502002e+14
      611.322   3.8591270e+14
      611.359   3.8656017e+14
      611.396   3.8663191e+14
      611.434   3.8615658e+14
      611.471   3.8537903e+14
      611.509   3.8457529e+14
      611.546   3.8366203e+14
      611.583   3.8287130e+14
      611.621   3.8252936e+14
      611.658   3.8269525e+14
      611.696   3.8321581e+14
      611.733   3.8399244e+14
      611.770   3.8459833e+14
      611.808   3.8492627e+14
      611.845   3.8493235e+14
      611.883   3.8455980e+14
      611.920   3.8385218e+14
      611.958   3.8341830e+14
      611.995   3.8353597e+14
      612.033   3.8345236e+14
      612.070   3.8221706e+14
      612.108   3.8050019e+14
      612.145   3.7883570e+14
      612.182   3.7690849e+14
      612.220   3.7527687e+14
      612.257   3.7476391e+14
      612.295   3.7490791e+14
      612.332   3.7448251e+14
      612.370   3.7366530e+14
      612.407   3.7309100e+14
      612.445   3.7246859e+14
      612.482   3.7165126e+14
      612.520   3.7103102e+14
      612.557   3.7106970e+14
      612.595   3.7211797e+14
      612.632   3.7342669e+14
      612.670   3.7420781e+14
      612.708   3.7530428e+14
      612.745   3.7609410e+14
      612.783   3.7504689e+14
      612.820   3.7320681e+14
      612.858   3.7280331e+14
      612.895   3.7283986e+14
      612.933   3.7293995e+14
      612.970   3.7364003e+14
      613.008   3.7448761e+14
      613.046   3.7417703e+14
      613.083   3.7345766e+14
      613.121   3.7262321e+14
      613.158   3.7266374e+14
      613.196   3.7420436e+14
      613.234   3.7636126e+14
      613.271   3.7807023e+14
      613.309   3.8037067e+14
      613.346   3.8242698e+14
      613.384   3.8366279e+14
      613.422   3.8479811e+14
      613.459   3.8572620e+14
      613.497   3.8449304e+14
      613.535   3.8121477e+14
      613.572   3.7751320e+14
      613.610   3.7281557e+14
      613.648   3.6756154e+14
      613.685   3.6409600e+14
      613.723   3.6193699e+14
      613.761   3.6018790e+14
      613.798   3.5967120e+14
      613.836   3.6028007e+14
      613.874   3.6066283e+14
      613.911   3.6108398e+14
      613.949   3.6108458e+14
      613.987   3.5959554e+14
      614.024   3.5774221e+14
      614.062   3.5751606e+14
      614.100   3.5800197e+14
      614.137   3.6026535e+14
      614.175   3.6487857e+14
      614.213   3.6989322e+14
      614.251   3.7355001e+14
      614.288   3.7644334e+14
      614.326   3.7714535e+14
      614.364   3.7595559e+14
      614.402   3.7452999e+14
      614.439   3.7291140e+14
      614.477   3.7111091e+14
      614.515   3.7071214e+14
      614.553   3.7200391e+14
      614.590   3.7345998e+14
      614.628   3.7479427e+14
      614.666   3.7655403e+14
      614.704   3.7777010e+14
      614.742   3.7772208e+14
      614.779   3.7682452e+14
      614.817   3.7590375e+14
      614.855   3.7557552e+14
      614.893   3.7572112e+14
      614.930   3.7628426e+14
      614.968   3.7730738e+14
      615.006   3.7867411e+14
      615.044   3.7886837e+14
      615.082   3.7827997e+14
      615.120   3.7791863e+14
      615.157   3.7830282e+14
      615.195   3.7940311e+14
      615.233   3.8070618e+14
      615.271   3.8211712e+14
      615.309   3.8325247e+14
      615.347   3.8290431e+14
      615.385   3.8120715e+14
      615.422   3.7981241e+14
      615.460   3.7829614e+14
      615.498   3.7663012e+14
      615.536   3.7609038e+14
      615.574   3.7694800e+14
      615.612   3.7728319e+14
      615.650   3.7710715e+14
      615.688   3.7720651e+14
      615.726   3.7680787e+14
      615.764   3.7553667e+14
      615.801   3.7433627e+14
      615.839   3.7393558e+14
      615.877   3.7427075e+14
      615.915   3.7505978e+14
      615.953   3.7551170e+14
      615.991   3.7528501e+14
      616.029   3.7401184e+14
      616.067   3.6982409e+14
      616.105   3.6447556e+14
      616.143   3.6086987e+14
      616.181   3.5789878e+14
      616.219   3.5441690e+14
      616.257   3.5239118e+14
      616.295   3.5212995e+14
      616.333   3.5149424e+14
      616.371   3.5050832e+14
      616.409   3.5006657e+14
      616.447   3.5044845e+14
      616.485   3.5036790e+14
      616.523   3.4938212e+14
      616.561   3.5026614e+14
      616.599   3.5406136e+14
      616.637   3.5848401e+14
      616.675   3.6215101e+14
      616.713   3.6637939e+14
      616.751   3.6929954e+14
      616.789   3.6918972e+14
      616.827   3.6707189e+14
      616.865   3.6485735e+14
      616.903   3.6220915e+14
      616.941   3.5977911e+14
      616.979   3.5811087e+14
      617.017   3.5848424e+14
      617.055   3.5981633e+14
      617.094   3.6126929e+14
      617.132   3.6202519e+14
      617.170   3.6219744e+14
      617.208   3.6050359e+14
      617.246   3.5873419e+14
      617.284   3.5783047e+14
      617.322   3.5900078e+14
      617.360   3.6120533e+14
      617.398   3.6461906e+14
      617.436   3.6837998e+14
      617.475   3.7172449e+14
      617.513   3.7303672e+14
      617.551   3.7331016e+14
      617.589   3.7323934e+14
      617.627   3.7251087e+14
      617.665   3.7131852e+14
      617.703   3.7119002e+14
      617.742   3.7238112e+14
      617.780   3.7371912e+14
      617.818   3.7466201e+14
      617.856   3.7505302e+14
      617.894   3.7462216e+14
      617.932   3.7422216e+14
      617.971   3.7423898e+14
      618.009   3.7426970e+14
      618.047   3.7540811e+14
      618.085   3.7715056e+14
      618.123   3.7834056e+14
      618.162   3.7941524e+14
      618.200   3.8075419e+14
      618.238   3.8169080e+14
      618.276   3.8210550e+14
      618.314   3.8238312e+14
      618.353   3.8254721e+14
      618.391   3.8331860e+14
      618.429   3.8448656e+14
      618.467   3.8557956e+14
      618.506   3.8650611e+14
      618.544   3.8728301e+14
      618.582   3.8733556e+14
      618.620   3.8654172e+14
      618.659   3.8521053e+14
      618.697   3.8420777e+14
      618.735   3.8351929e+14
      618.774   3.8271034e+14
      618.812   3.8234975e+14
      618.850   3.8259669e+14
      618.888   3.8263523e+14
      618.927   3.8206072e+14
      618.965   3.7994229e+14
      619.003   3.7618270e+14
      619.042   3.7248197e+14
      619.080   3.6927950e+14
      619.118   3.6653385e+14
      619.157   3.6590184e+14
      619.195   3.6725832e+14
      619.233   3.6828636e+14
      619.272   3.6887774e+14
      619.310   3.6964846e+14
      619.348   3.6977530e+14
      619.387   3.6936756e+14
      619.425   3.6881692e+14
      619.464   3.6833576e+14
      619.502   3.6916667e+14
      619.540   3.7160818e+14
      619.579   3.7480156e+14
      619.617   3.7847242e+14
      619.656   3.8207332e+14
      619.694   3.8417633e+14
      619.732   3.8460419e+14
      619.771   3.8432384e+14
      619.809   3.8390276e+14
      619.848   3.8301329e+14
      619.886   3.8134505e+14
      619.924   3.8006564e+14
      619.963   3.7889561e+14
      620.001   3.7785368e+14
      620.040   3.7729257e+14
      620.078   3.7753121e+14
      620.117   3.7742137e+14
      620.155   3.7729975e+14
      620.193   3.7706689e+14
      620.232   3.7674793e+14
      620.270   3.7654171e+14
      620.309   3.7644289e+14
      620.347   3.7621211e+14
      620.386   3.7694306e+14
      620.424   3.7836318e+14
      620.463   3.7995100e+14
      620.501   3.8147159e+14
      620.540   3.8306876e+14
      620.578   3.8381534e+14
      620.617   3.8405966e+14
      620.655   3.8412532e+14
      620.694   3.8416485e+14
      620.732   3.8417931e+14
      620.771   3.8398518e+14
      620.810   3.8382661e+14
      620.848   3.8373417e+14
      620.887   3.8364683e+14
      620.925   3.8412663e+14
      620.964   3.8477195e+14
      621.002   3.8524461e+14
      621.041   3.8561774e+14
      621.079   3.8597266e+14
      621.118   3.8627677e+14
      621.157   3.8585029e+14
      621.195   3.8418045e+14
      621.234   3.8273587e+14
      621.272   3.8140436e+14
      621.311   3.8001967e+14
      621.350   3.7882429e+14
      621.388   3.7810966e+14
      621.427   3.7744433e+14
      621.465   3.7657586e+14
      621.504   3.7543587e+14
      621.543   3.7498427e+14
      621.581   3.7543031e+14
      621.620   3.7548456e+14
      621.659   3.7519784e+14
      621.697   3.7636381e+14
      621.736   3.7768400e+14
      621.775   3.7799239e+14
      621.813   3.7813777e+14
      621.852   3.7855095e+14
      621.891   3.7815058e+14
      621.929   3.7699862e+14
      621.968   3.7658927e+14
      622.007   3.7621106e+14
      622.045   3.7591496e+14
      622.084   3.7539180e+14
      622.123   3.7487307e+14
      622.161   3.7452781e+14
      622.200   3.7434122e+14
      622.239   3.7383352e+14
      622.278   3.7363349e+14
      622.316   3.7433175e+14
      622.355   3.7537833e+14
      622.394   3.7661675e+14
      622.432   3.7890309e+14
      622.471   3.8079524e+14
      622.510   3.8182878e+14
      622.549   3.8294049e+14
      622.588   3.8436233e+14
      622.626   3.8524853e+14
      622.665   3.8603705e+14
      622.704   3.8671632e+14
      622.743   3.8661483e+14
      622.781   3.8556704e+14
      622.820   3.8464891e+14
      622.859   3.8342957e+14
      622.898   3.8127073e+14
      622.937   3.7758113e+14
      622.975   3.7487265e+14
      623.014   3.7207541e+14
      623.053   3.6985322e+14
      623.092   3.6828019e+14
      623.131   3.6750596e+14
      623.169   3.6656351e+14
      623.208   3.6554349e+14
      623.247   3.6401875e+14
      623.286   3.6359003e+14
      623.325   3.6461923e+14
      623.364   3.6536946e+14
      623.403   3.6545657e+14
      623.441   3.6731616e+14
      623.480   3.6986466e+14
      623.519   3.7231077e+14
      623.558   3.7397765e+14
      623.597   3.7474677e+14
      623.636   3.7529926e+14
      623.675   3.7482632e+14
      623.714   3.7377013e+14
      623.753   3.7360314e+14
      623.791   3.7480754e+14
      623.830   3.7444616e+14
      623.869   3.7298285e+14
      623.908   3.7084649e+14
      623.947   3.6904960e+14
      623.986   3.6779345e+14
      624.025   3.6666904e+14
      624.064   3.6596255e+14
      624.103   3.6735336e+14
      624.142   3.6844697e+14
      624.181   3.6877364e+14
      624.220   3.6913164e+14
      624.259   3.6883886e+14
      624.298   3.6695560e+14
      624.337   3.6511234e+14
      624.376   3.6353950e+14
      624.415   3.6248327e+14
      624.454   3.6255457e+14
      624.493   3.6193444e+14
      624.532   3.6150893e+14
      624.571   3.6089311e+14
      624.610   3.5886713e+14
      624.649   3.5705127e+14
      624.688   3.5686251e+14
      624.727   3.5632452e+14
      624.766   3.5676928e+14
      624.805   3.5959861e+14
      624.844   3.6282920e+14
      624.883   3.6586989e+14
      624.922   3.6914170e+14
      624.961   3.7144647e+14
      625.000   3.7372469e+14
      625.039   3.7584567e+14
      625.078   3.7692302e+14
      625.117   3.7673027e+14
      625.156   3.7789753e+14
      625.195   3.7746954e+14
      625.234   3.7510762e+14
      625.274   3.7217014e+14
      625.313   3.7057173e+14
      625.352   3.6794874e+14
      625.391   3.6556293e+14
      625.430   3.6449492e+14
      625.469   3.6436607e+14
      625.508   3.6264980e+14
      625.547   3.6122031e+14
      625.586   3.5914923e+14
      625.626   3.5862144e+14
      625.665   3.5890698e+14
      625.704   3.5988340e+14
      625.743   3.5976081e+14
      625.782   3.6233912e+14
      625.821   3.6434130e+14
      625.861   3.6651275e+14
      625.900   3.6933452e+14
      625.939   3.7249781e+14
      625.978   3.7261176e+14
      626.017   3.7332943e+14
      626.057   3.7422081e+14
      626.096   3.7497239e+14
      626.135   3.7592390e+14
      626.174   3.7839990e+14
      626.213   3.7943935e+14
      626.253   3.8027763e+14
      626.292   3.8147683e+14
      626.331   3.8238426e+14
      626.370   3.8111334e+14
      626.409   3.8025547e+14
      626.449   3.7884563e+14
      626.488   3.7766395e+14
      626.527   3.7729538e+14
      626.566   3.7844555e+14
      626.606   3.7889787e+14
      626.645   3.7915396e+14
      626.684   3.7896964e+14
      626.723   3.7835377e+14
      626.763   3.7812962e+14
      626.802   3.7787097e+14
      626.841   3.7685699e+14
      626.881   3.7655170e+14
      626.920   3.7751599e+14
      626.959   3.7811389e+14
      626.999   3.7863843e+14
      627.038   3.8020301e+14
      627.077   3.8083449e+14
      627.117   3.8018484e+14
      627.156   3.7986491e+14
      627.195   3.8008040e+14
      627.234   3.8026210e+14
      627.274   3.8035689e+14
      627.313   3.8066016e+14
      627.353   3.8053450e+14
      627.392   3.8105615e+14
      627.431   3.8191322e+14
      627.471   3.8284775e+14
      627.510   3.8407203e+14
      627.549   3.8554862e+14
      627.589   3.8611893e+14
      627.628   3.8634629e+14
      627.668   3.8671190e+14
      627.707   3.8676591e+14
      627.746   3.8648887e+14
      627.786   3.8603467e+14
      627.825   3.8534529e+14
      627.865   3.8433445e+14
      627.904   3.8239224e+14
      627.943   3.8036404e+14
      627.983   3.7885678e+14
      628.022   3.7765724e+14
      628.062   3.7657777e+14
      628.101   3.7636503e+14
      628.141   3.7634912e+14
      628.180   3.7614757e+14
      628.220   3.7591745e+14
      628.259   3.7585787e+14
      628.299   3.7586677e+14
      628.338   3.7620404e+14
      628.378   3.7619712e+14
      628.417   3.7686374e+14
      628.457   3.7839286e+14
      628.496   3.8009741e+14
      628.536   3.8148274e+14
      628.575   3.8310206e+14
      628.615   3.8404557e+14
      628.654   3.8431150e+14
      628.694   3.8443157e+14
      628.733   3.8456892e+14
      628.773   3.8475227e+14
      628.812   3.8506572e+14
      628.852   3.8512270e+14
      628.891   3.8503663e+14
      628.931   3.8454047e+14
      628.970   3.8350593e+14
      629.010   3.8273733e+14
      629.049   3.8211792e+14
      629.089   3.8150789e+14
      629.129   3.8135179e+14
      629.168   3.8175986e+14
      629.208   3.8182958e+14
      629.247   3.8169105e+14
      629.287   3.8169754e+14
      629.327   3.8170856e+14
      629.366   3.8161297e+14
      629.406   3.8148840e+14
      629.445   3.8141987e+14
      629.485   3.8171099e+14
      629.525   3.8221683e+14
      629.564   3.8275616e+14
      629.604   3.8286885e+14
      629.644   3.8187201e+14
      629.683   3.8093567e+14
      629.723   3.7983924e+14
      629.763   3.7880148e+14
      629.802   3.7808862e+14
      629.842   3.7853563e+14
      629.882   3.7836340e+14
      629.921   3.7794653e+14
      629.961   3.7668686e+14
      630.001   3.7398019e+14
      630.040   3.7181317e+14
      630.080   3.6918521e+14
      630.120   3.6522747e+14
      630.159   3.6381047e+14
      630.199   3.6461654e+14
      630.239   3.6480990e+14
      630.279   3.6550754e+14
      630.318   3.6795301e+14
      630.358   3.6862372e+14
      630.398   3.6865895e+14
      630.438   3.6867606e+14
      630.477   3.6817026e+14
      630.517   3.6926414e+14
      630.557   3.7102994e+14
      630.596   3.7279098e+14
      630.636   3.7590777e+14
      630.676   3.8011764e+14
      630.716   3.8253365e+14
      630.756   3.8444075e+14
      630.795   3.8653313e+14
      630.835   3.8706931e+14
      630.875   3.8701936e+14
      630.915   3.8710524e+14
      630.955   3.8709377e+14
      630.994   3.8672199e+14
      631.034   3.8677463e+14
      631.074   3.8689195e+14
      631.114   3.8684407e+14
      631.154   3.8684595e+14
      631.194   3.8726444e+14
      631.233   3.8745812e+14
      631.273   3.8712044e+14
      631.313   3.8514988e+14
      631.353   3.8312243e+14
      631.393   3.7946629e+14
      631.433   3.7573481e+14
      631.473   3.7274816e+14
      631.512   3.7181731e+14
      631.552   3.7092324e+14
      631.592   3.7140206e+14
      631.632   3.7110602e+14
      631.672   3.6924417e+14
      631.712   3.6652994e+14
      631.752   3.6302895e+14
      631.792   3.5823560e+14
      631.832   3.5593710e+14
      631.872   3.5499385e+14
      631.911   3.5580216e+14
      631.951   3.5834547e+14
      631.991   3.6247172e+14
      632.031   3.6496370e+14
      632.071   3.6689143e+14
      632.111   3.6611178e+14
      632.151   3.6436135e+14
      632.191   3.6364718e+14
      632.231   3.6406020e+14
      632.271   3.6544408e+14
      632.311   3.6918741e+14
      632.351   3.7296303e+14
      632.391   3.7539602e+14
      632.431   3.7688322e+14
      632.471   3.7815953e+14
      632.511   3.7847840e+14
      632.551   3.7819594e+14
      632.591   3.7729611e+14
      632.631   3.7729947e+14
      632.671   3.7793842e+14
      632.711   3.7869550e+14
      632.751   3.8035395e+14
      632.791   3.8252119e+14
      632.831   3.8346493e+14
      632.871   3.8342555e+14
      632.911   3.8325679e+14
      632.951   3.8281996e+14
      632.992   3.8240875e+14
      633.032   3.8177607e+14
      633.072   3.8112617e+14
      633.112   3.8055338e+14
      633.152   3.8071656e+14
      633.192   3.8104345e+14
      633.232   3.8179520e+14
      633.272   3.8269709e+14
      633.312   3.8331509e+14
      633.352   3.8276034e+14
      633.392   3.8033940e+14
      633.433   3.7857568e+14
      633.473   3.7705199e+14
      633.513   3.7470265e+14
      633.553   3.7232789e+14
      633.593   3.7246103e+14
      633.633   3.7219156e+14
      633.673   3.7168780e+14
      633.714   3.7151910e+14
      633.754   3.7067858e+14
      633.794   3.6942841e+14
      633.834   3.6782990e+14
      633.874   3.6559637e+14
      633.914   3.6577672e+14
      633.955   3.6775110e+14
      633.995   3.6902632e+14
      634.035   3.7040646e+14
      634.075   3.7365337e+14
      634.115   3.7514338e+14
      634.156   3.7586722e+14
      634.196   3.7658581e+14
      634.236   3.7638235e+14
      634.276   3.7505391e+14
      634.317   3.7424074e+14
      634.357   3.7372500e+14
      634.397   3.7352575e+14
      634.437   3.7413743e+14
      634.477   3.7466951e+14
      634.518   3.7428880e+14
      634.558   3.7320545e+14
      634.598   3.7240685e+14
      634.639   3.7182524e+14
      634.679   3.7153005e+14
      634.719   3.7187292e+14
      634.759   3.7268311e+14
      634.800   3.7442891e+14
      634.840   3.7645011e+14
      634.880   3.7831654e+14
      634.921   3.7991046e+14
      634.961   3.8177063e+14
      635.001   3.8237666e+14
      635.042   3.8238920e+14
      635.082   3.8304199e+14
      635.122   3.8406674e+14
      635.163   3.8472042e+14
      635.203   3.8485104e+14
      635.243   3.8460301e+14
      635.284   3.8395402e+14
      635.324   3.8277032e+14
      635.364   3.8046831e+14
      635.405   3.7905894e+14
      635.445   3.7841330e+14
      635.486   3.7725236e+14
      635.526   3.7658366e+14
      635.566   3.7731875e+14
      635.607   3.7772585e+14
      635.647   3.7765065e+14
      635.688   3.7682719e+14
      635.728   3.7406208e+14
      635.768   3.7253202e+14
      635.809   3.7131293e+14
      635.849   3.6978930e+14
      635.890   3.7007044e+14
      635.930   3.7207777e+14
      635.970   3.7259604e+14
      636.011   3.7290480e+14
      636.051   3.7356029e+14
      636.092   3.7254173e+14
      636.132   3.7091463e+14
      636.173   3.6950730e+14
      636.213   3.6749813e+14
      636.254   3.6727191e+14
      636.294   3.6768496e+14
      636.335   3.6845756e+14
      636.375   3.6949015e+14
      636.416   3.7112022e+14
      636.456   3.7135990e+14
      636.497   3.7143561e+14
      636.537   3.7199310e+14
      636.578   3.7242788e+14
      636.618   3.7319821e+14
      636.659   3.7439007e+14
      636.699   3.7532072e+14
      636.740   3.7608059e+14
      636.780   3.7622009e+14
      636.821   3.7646997e+14
      636.862   3.7678626e+14
      636.902   3.7746797e+14
      636.943   3.7791707e+14
      636.983   3.7826720e+14
      637.024   3.7860577e+14
      637.064   3.7841843e+14
      637.105   3.7827977e+14
      637.146   3.7818459e+14
      637.186   3.7844576e+14
      637.227   3.7884049e+14
      637.267   3.7916588e+14
      637.308   3.7979874e+14
      637.349   3.8053249e+14
      637.389   3.8138699e+14
      637.430   3.8182554e+14
      637.471   3.8207410e+14
      637.511   3.8250290e+14
      637.552   3.8304471e+14
      637.592   3.8370497e+14
      637.633   3.8418738e+14
      637.674   3.8451405e+14
      637.714   3.8438410e+14
      637.755   3.8408299e+14
      637.796   3.8372687e+14
      637.836   3.8339286e+14
      637.877   3.8326119e+14
      637.918   3.8216915e+14
      637.958   3.8141317e+14
      637.999   3.8082746e+14
      638.040   3.8028972e+14
      638.081   3.7992163e+14
      638.121   3.8044238e+14
      638.162   3.8042050e+14
      638.203   3.8050176e+14
      638.244   3.8066106e+14
      638.284   3.8075770e+14
      638.325   3.8045828e+14
      638.366   3.8014271e+14
      638.406   3.7831456e+14
      638.447   3.7758815e+14
      638.488   3.7736403e+14
      638.529   3.7763555e+14
      638.570   3.7811136e+14
      638.610   3.7980286e+14
      638.651   3.8017102e+14
      638.692   3.8003425e+14
      638.733   3.7992499e+14
      638.774   3.7987314e+14
      638.814   3.7973793e+14
      638.855   3.7997299e+14
      638.896   3.8012778e+14
      638.937   3.8110237e+14
      638.978   3.8233201e+14
      639.018   3.8373146e+14
      639.059   3.8452468e+14
      639.100   3.8464730e+14
      639.141   3.8403491e+14
      639.182   3.8214295e+14
      639.223   3.7822466e+14
      639.264   3.7526853e+14
      639.304   3.7335470e+14
      639.345   3.7122285e+14
      639.386   3.7001680e+14
      639.427   3.7078672e+14
      639.468   3.7078457e+14
      639.509   3.7059171e+14
      639.550   3.7038276e+14
      639.591   3.6998531e+14
      639.632   3.7051867e+14
      639.672   3.7092751e+14
      639.713   3.7104948e+14
      639.754   3.7340587e+14
      639.795   3.7601759e+14
      639.836   3.7504328e+14
      639.877   3.7289633e+14
      639.918   3.7200910e+14
      639.959   3.6915587e+14
      640.000   3.6633916e+14
      640.041   3.6640350e+14
      640.082   3.6780618e+14
      640.123   3.6820172e+14
      640.164   3.6839493e+14
      640.205   3.6859734e+14
      640.246   3.6872154e+14
      640.287   3.6865484e+14
      640.328   3.6762665e+14
      640.369   3.6815572e+14
      640.410   3.7143169e+14
      640.451   3.7531998e+14
      640.492   3.7948013e+14
      640.533   3.8451047e+14
      640.574   3.8730466e+14
      640.615   3.8676486e+14
      640.656   3.8379254e+14
      640.697   3.8136076e+14
      640.738   3.7929466e+14
      640.779   3.7779684e+14
      640.820   3.7663494e+14
      640.861   3.7729594e+14
      640.902   3.7725259e+14
      640.943   3.7665681e+14
      640.985   3.7535921e+14
      641.026   3.7201631e+14
      641.067   3.6895994e+14
      641.108   3.6660537e+14
      641.149   3.6409157e+14
      641.190   3.6410612e+14
      641.231   3.6667034e+14
      641.272   3.6893775e+14
      641.313   3.7024960e+14
      641.355   3.7141485e+14
      641.396   3.7093232e+14
      641.437   3.6993359e+14
      641.478   3.6880792e+14
      641.519   3.6697000e+14
      641.560   3.6741571e+14
      641.601   3.6871196e+14
      641.643   3.6992385e+14
      641.684   3.7139802e+14
      641.725   3.7393052e+14
      641.766   3.7481961e+14
      641.807   3.7403025e+14
      641.849   3.7168726e+14
      641.890   3.7057928e+14
      641.931   3.6928430e+14
      641.972   3.6575416e+14
      642.013   3.6316686e+14
      642.055   3.6284750e+14
      642.096   3.6193905e+14
      642.137   3.6133044e+14
      642.178   3.6339133e+14
      642.219   3.6535562e+14
      642.261   3.6665398e+14
      642.302   3.6691099e+14
      642.343   3.6655867e+14
      642.385   3.6776740e+14
      642.426   3.6906101e+14
      642.467   3.6954679e+14
      642.508   3.7242232e+14
      642.550   3.7649500e+14
      642.591   3.7886577e+14
      642.632   3.8110761e+14
      642.673   3.8420425e+14
      642.715   3.8517955e+14
      642.756   3.8537112e+14
      642.797   3.8534565e+14
      642.839   3.8514065e+14
      642.880   3.8457451e+14
      642.921   3.8165376e+14
      642.963   3.7945649e+14
      643.004   3.7756948e+14
      643.045   3.7575388e+14
      643.087   3.7426916e+14
      643.128   3.7437861e+14
      643.169   3.7396567e+14
      643.211   3.7321106e+14
      643.252   3.7252979e+14
      643.294   3.7195534e+14
      643.335   3.7209936e+14
      643.376   3.7191734e+14
      643.418   3.7101211e+14
      643.459   3.7238858e+14
      643.501   3.7405715e+14
      643.542   3.7592194e+14
      643.583   3.7787950e+14
      643.625   3.8031660e+14
      643.666   3.8108337e+14
      643.708   3.8070337e+14
      643.749   3.7694290e+14
      643.791   3.7414263e+14
      643.832   3.7201711e+14
      643.874   3.6931344e+14
      643.915   3.6735168e+14
      643.956   3.6853682e+14
      643.998   3.6875991e+14
      644.039   3.6890613e+14
      644.081   3.6894180e+14
      644.122   3.6868531e+14
      644.164   3.6858437e+14
      644.205   3.6818201e+14
      644.247   3.6656931e+14
      644.288   3.6833141e+14
      644.330   3.7152742e+14
      644.371   3.7483205e+14
      644.413   3.7854753e+14
      644.454   3.8319374e+14
      644.496   3.8452479e+14
      644.538   3.8475823e+14
      644.579   3.8467612e+14
      644.621   3.8450888e+14
      644.662   3.8469780e+14
      644.704   3.8492897e+14
      644.745   3.8510634e+14
      644.787   3.8508967e+14
      644.828   3.8297561e+14
      644.870   3.8053748e+14
      644.912   3.7845128e+14
      644.953   3.7636200e+14
      644.995   3.7418723e+14
      645.036   3.7434547e+14
      645.078   3.7435590e+14
      645.120   3.7410910e+14
      645.161   3.7393587e+14
      645.203   3.7412247e+14
      645.245   3.7406566e+14
      645.286   3.7393878e+14
      645.328   3.7254644e+14
      645.369   3.7225019e+14
      645.411   3.7325524e+14
      645.453   3.7416075e+14
      645.494   3.7433299e+14
      645.536   3.7579753e+14
      645.578   3.7546011e+14
      645.619   3.7417119e+14
      645.661   3.7348569e+14
      645.703   3.7360740e+14
      645.745   3.7365490e+14
      645.786   3.7368100e+14
      645.828   3.7368670e+14
      645.870   3.7391284e+14
      645.911   3.7430092e+14
      645.953   3.7531843e+14
      645.995   3.7667488e+14
      646.037   3.7869295e+14
      646.078   3.7939241e+14
      646.120   3.7781545e+14
      646.162   3.7518677e+14
      646.204   3.7221424e+14
      646.245   3.6853742e+14
      646.287   3.6587524e+14
      646.329   3.6512823e+14
      646.371   3.6472708e+14
      646.412   3.6379826e+14
      646.454   3.6272355e+14
      646.496   3.6176947e+14
      646.538   3.6089427e+14
      646.580   3.6027211e+14
      646.621   3.6158880e+14
      646.663   3.6517100e+14
      646.705   3.6899518e+14
      646.747   3.7246206e+14
      646.789   3.7550652e+14
      646.831   3.7726878e+14
      646.872   3.7708825e+14
      646.914   3.7671765e+14
      646.956   3.7719985e+14
      646.998   3.7691056e+14
      647.040   3.7617806e+14
      647.082   3.7534100e+14
      647.124   3.7443647e+14
      647.165   3.7316620e+14
      647.207   3.7296105e+14
      647.249   3.7320236e+14
      647.291   3.7385513e+14
      647.333   3.7468011e+14
      647.375   3.7525634e+14
      647.417   3.7503501e+14
      647.459   3.7446479e+14
      647.501   3.7361306e+14
      647.543   3.7367772e+14
      647.584   3.7430462e+14
      647.626   3.7573942e+14
      647.668   3.7740017e+14
      647.710   3.7874930e+14
      647.752   3.7889801e+14
      647.794   3.7874192e+14
      647.836   3.7861137e+14
      647.878   3.7852972e+14
      647.920   3.7881808e+14
      647.962   3.7988155e+14
      648.004   3.8079390e+14
      648.046   3.8085666e+14
      648.088   3.8055394e+14
      648.130   3.7935251e+14
      648.172   3.7728709e+14
      648.214   3.7533782e+14
      648.256   3.7417069e+14
      648.298   3.7333647e+14
      648.340   3.7303544e+14
      648.382   3.7283916e+14
      648.424   3.7295730e+14
      648.466   3.7311505e+14
      648.508   3.7325887e+14
      648.551   3.7376905e+14
      648.593   3.7509646e+14
      648.635   3.7676894e+14
      648.677   3.7910104e+14
      648.719   3.8152901e+14
      648.761   3.8364269e+14
      648.803   3.8501549e+14
      648.845   3.8605981e+14
      648.887   3.8649829e+14
      648.929   3.8680853e+14
      648.971   3.8692302e+14
      649.014   3.8648609e+14
      649.056   3.8593548e+14
      649.098   3.8540328e+14
      649.140   3.8481966e+14
      649.182   3.8392570e+14
      649.224   3.8167157e+14
      649.266   3.7883835e+14
      649.309   3.7532420e+14
      649.351   3.6999285e+14
      649.393   3.6406526e+14
      649.435   3.5935936e+14
      649.477   3.5436768e+14
      649.519   3.4894305e+14
      649.562   3.4557506e+14
      649.604   3.4316745e+14
      649.646   3.4122634e+14
      649.688   3.4020501e+14
      649.730   3.4033265e+14
      649.773   3.4166188e+14
      649.815   3.4218453e+14
      649.857   3.4325166e+14
      649.899   3.4634268e+14
      649.942   3.4999613e+14
      649.984   3.5286414e+14
      650.026   3.5758873e+14
      650.068   3.6295488e+14
      650.111   3.6663982e+14
      650.153   3.6972362e+14
      650.195   3.7215562e+14
      650.237   3.7301879e+14
      650.280   3.7260370e+14
      650.322   3.7236998e+14
      650.364   3.7327557e+14
      650.406   3.7448318e+14
      650.449   3.7610618e+14
      650.491   3.7783157e+14
      650.533   3.7915707e+14
      650.576   3.7928528e+14
      650.618   3.7923470e+14
      650.660   3.7914660e+14
      650.703   3.7889325e+14
      650.745   3.7855921e+14
      650.787   3.7862085e+14
      650.830   3.7908645e+14
      650.872   3.7963305e+14
      650.915   3.8033541e+14
      650.957   3.8110020e+14
      650.999   3.8145980e+14
      651.042   3.8136244e+14
      651.084   3.8118440e+14
      651.126   3.8096415e+14
      651.169   3.8070711e+14
      651.211   3.8049616e+14
      651.254   3.8035863e+14
      651.296   3.8043598e+14
      651.339   3.8089635e+14
      651.381   3.8154129e+14
      651.423   3.8190487e+14
      651.466   3.8165248e+14
      651.508   3.8098166e+14
      651.551   3.8004171e+14
      651.593   3.7907033e+14
      651.636   3.7825437e+14
      651.678   3.7731548e+14
      651.721   3.7613549e+14
      651.763   3.7488645e+14
      651.806   3.7364268e+14
      651.848   3.7243077e+14
      651.890   3.7179847e+14
      651.933   3.7146031e+14
      651.976   3.7138040e+14
      652.018   3.7164722e+14
      652.060   3.7198923e+14
      652.103   3.7242837e+14
      652.146   3.7294979e+14
      652.188   3.7351281e+14
      652.231   3.7442208e+14
      652.273   3.7560555e+14
      652.316   3.7682523e+14
      652.358   3.7808196e+14
      652.401   3.7915175e+14
      652.443   3.7953224e+14
      652.486   3.7952578e+14
      652.529   3.7931945e+14
      652.571   3.7895244e+14
      652.614   3.7852509e+14
      652.656   3.7812266e+14
      652.699   3.7782440e+14
      652.742   3.7762729e+14
      652.784   3.7754455e+14
      652.827   3.7747201e+14
      652.869   3.7729985e+14
      652.912   3.7708370e+14
      652.955   3.7683230e+14
      652.997   3.7666942e+14
      653.040   3.7680055e+14
      653.083   3.7721993e+14
      653.125   3.7776536e+14
      653.168   3.7821789e+14
      653.211   3.7812895e+14
      653.253   3.7737247e+14
      653.296   3.7639089e+14
      653.339   3.7536422e+14
      653.381   3.7447287e+14
      653.424   3.7407718e+14
      653.467   3.7405122e+14
      653.509   3.7402652e+14
      653.552   3.7394636e+14
      653.595   3.7378837e+14
      653.637   3.7356563e+14
      653.680   3.7326602e+14
      653.723   3.7278724e+14
      653.766   3.7265726e+14
      653.808   3.7289649e+14
      653.851   3.7319819e+14
      653.894   3.7361316e+14
      653.937   3.7419577e+14
      653.979   3.7426299e+14
      654.022   3.7395132e+14
      654.065   3.7361130e+14
      654.108   3.7326639e+14
      654.151   3.7296396e+14
      654.193   3.7287521e+14
      654.236   3.7315596e+14
      654.279   3.7385472e+14
      654.322   3.7463401e+14
      654.365   3.7536619e+14
      654.407   3.7582337e+14
      654.450   3.7471988e+14
      654.493   3.7257619e+14
      654.536   3.7051004e+14
      654.579   3.6817144e+14
      654.622   3.6582521e+14
      654.664   3.6470916e+14
      654.707   3.6424891e+14
      654.750   3.6360651e+14
      654.793   3.6322172e+14
      654.836   3.6302132e+14
      654.879   3.6260796e+14
      654.922   3.6191759e+14
      654.965   3.6177376e+14
      655.008   3.6280321e+14
      655.050   3.6411839e+14
      655.093   3.6576558e+14
      655.136   3.6795590e+14
      655.179   3.6961430e+14
      655.222   3.7002921e+14
      655.265   3.7054168e+14
      655.308   3.7073883e+14
      655.351   3.7044045e+14
      655.394   3.6966488e+14
      655.437   3.6860903e+14
      655.480   3.6753111e+14
      655.523   3.6640758e+14
      655.566   3.6525245e+14
      655.609   3.6425593e+14
      655.652   3.6332533e+14
      655.695   3.6227318e+14
      655.738   3.6098251e+14
      655.781   3.5933932e+14
      655.824   3.5735743e+14
      655.867   3.5494875e+14
      655.910   3.5216266e+14
      655.953   3.4920394e+14
      655.996   3.4583633e+14
      656.039   3.4140966e+14
      656.082   3.3478906e+14
      656.125   3.2499603e+14
      656.168   3.1298621e+14
      656.211   3.0027165e+14
      656.254   2.8742422e+14
      656.297   2.7715801e+14
      656.340   2.7078743e+14
      656.383   2.6728189e+14
      656.426   2.6539298e+14
      656.470   2.6487983e+14
      656.513   2.6552560e+14
      656.556   2.6719893e+14
      656.599   2.7072002e+14
      656.642   2.7744332e+14
      656.685   2.8730648e+14
      656.728   2.9865740e+14
      656.771   3.0988003e+14
      656.814   3.2004615e+14
      656.858   3.2774716e+14
      656.901   3.3252754e+14
      656.944   3.3568918e+14
      656.987   3.3856045e+14
      657.030   3.4101358e+14
      657.073   3.4277611e+14
      657.117   3.4383994e+14
      657.160   3.4443085e+14
      657.203   3.4568910e+14
      657.246   3.4665986e+14
      657.289   3.4760873e+14
      657.333   3.4866352e+14
      657.376   3.4946819e+14
      657.419   3.5034186e+14
      657.462   3.5154760e+14
      657.505   3.5255917e+14
      657.549   3.5334671e+14
      657.592   3.5422382e+14
      657.635   3.5511014e+14
      657.678   3.5615144e+14
      657.722   3.5710254e+14
      657.765   3.5831726e+14
      657.808   3.5986834e+14
      657.851   3.6165753e+14
      657.895   3.6376688e+14
      657.938   3.6580778e+14
      657.981   3.6752572e+14
      658.025   3.6900311e+14
      658.068   3.7006883e+14
      658.111   3.7060456e+14
      658.155   3.7116256e+14
      658.198   3.7168847e+14
      658.241   3.7211876e+14
      658.284   3.7243931e+14
      658.328   3.7259376e+14
      658.371   3.7274253e+14
      658.415   3.7289209e+14
      658.458   3.7279535e+14
      658.501   3.7258914e+14
      658.545   3.7248621e+14
      658.588   3.7237042e+14
      658.631   3.7231660e+14
      658.675   3.7251813e+14
      658.718   3.7286387e+14
      658.761   3.7318809e+14
      658.805   3.7352727e+14
      658.848   3.7391526e+14
      658.892   3.7431832e+14
      658.935   3.7458968e+14
      658.979   3.7484508e+14
      659.022   3.7536067e+14
      659.065   3.7577901e+14
      659.109   3.7514264e+14
      659.152   3.7320546e+14
      659.196   3.7072899e+14
      659.239   3.6729603e+14
      659.283   3.6356841e+14
      659.326   3.6097379e+14
      659.370   3.5932330e+14
      659.413   3.5792892e+14
      659.457   3.5715071e+14
      659.500   3.5693793e+14
      659.544   3.5675177e+14
      659.587   3.5607985e+14
      659.631   3.5585795e+14
      659.674   3.5686769e+14
      659.718   3.5812783e+14
      659.761   3.5992052e+14
      659.805   3.6288214e+14
      659.848   3.6563901e+14
      659.892   3.6735451e+14
      659.935   3.6876273e+14
      659.979   3.6959102e+14
      660.022   3.6979291e+14
      660.066   3.6973829e+14
      660.110   3.7005503e+14
      660.153   3.7089732e+14
      660.197   3.7178552e+14
      660.240   3.7275176e+14
      660.284   3.7373780e+14
      660.328   3.7440012e+14
      660.371   3.7474764e+14
      660.415   3.7495049e+14
      660.458   3.7503139e+14
      660.502   3.7516523e+14
      660.546   3.7521571e+14
      660.589   3.7507986e+14
      660.633   3.7480398e+14
      660.677   3.7441136e+14
      660.720   3.7377748e+14
      660.764   3.7252700e+14
      660.807   3.7088030e+14
      660.851   3.6941974e+14
      660.895   3.6823310e+14
      660.939   3.6735845e+14
      660.982   3.6724105e+14
      661.026   3.6762452e+14
      661.070   3.6805391e+14
      661.113   3.6819447e+14
      661.157   3.6833788e+14
      661.201   3.6842409e+14
      661.244   3.6858852e+14
      661.288   3.6920881e+14
      661.332   3.7051579e+14
      661.376   3.7218063e+14
      661.419   3.7394774e+14
      661.463   3.7565826e+14
      661.507   3.7683950e+14
      661.551   3.7724098e+14
      661.594   3.7713161e+14
      661.638   3.7685336e+14
      661.682   3.7662277e+14
      661.726   3.7654483e+14
      661.770   3.7654085e+14
      661.813   3.7658410e+14
      661.857   3.7674949e+14
      661.901   3.7686719e+14
      661.945   3.7677732e+14
      661.989   3.7656331e+14
      662.032   3.7635123e+14
      662.076   3.7608710e+14
      662.120   3.7577519e+14
      662.164   3.7551096e+14
      662.208   3.7537325e+14
      662.252   3.7526173e+14
      662.296   3.7514546e+14
      662.339   3.7488064e+14
      662.383   3.7444440e+14
      662.427   3.7403201e+14
      662.471   3.7367446e+14
      662.515   3.7340524e+14
      662.559   3.7328881e+14
      662.603   3.7308638e+14
      662.647   3.7276687e+14
      662.690   3.7257355e+14
      662.734   3.7232804e+14
      662.778   3.7211119e+14
      662.822   3.7206631e+14
      662.866   3.7203571e+14
      662.910   3.7178771e+14
      662.954   3.7141306e+14
      662.998   3.7095718e+14
      663.042   3.7060971e+14
      663.086   3.7003303e+14
      663.130   3.6945391e+14
      663.174   3.6889860e+14
      663.218   3.6751628e+14
      663.262   3.6550520e+14
      663.306   3.6380216e+14
      663.350   3.6201277e+14
      663.394   3.6020890e+14
      663.438   3.5947098e+14
      663.482   3.5964629e+14
      663.526   3.5982883e+14
      663.570   3.6006396e+14
      663.614   3.6066741e+14
      663.658   3.6121833e+14
      663.702   3.6158752e+14
      663.746   3.6279873e+14
      663.790   3.6483292e+14
      663.834   3.6633636e+14
      663.878   3.6749791e+14
      663.922   3.6897779e+14
      663.967   3.6980286e+14
      664.011   3.6985934e+14
      664.055   3.7010010e+14
      664.099   3.7051558e+14
      664.143   3.7051468e+14
      664.187   3.6965213e+14
      664.231   3.6816468e+14
      664.275   3.6686133e+14
      664.319   3.6556978e+14
      664.364   3.6471437e+14
      664.408   3.6492615e+14
      664.452   3.6585391e+14
      664.496   3.6648485e+14
      664.540   3.6663212e+14
      664.584   3.6619980e+14
      664.628   3.6537703e+14
      664.673   3.6410438e+14
      664.717   3.6373887e+14
      664.761   3.6464059e+14
      664.805   3.6586353e+14
      664.849   3.6709380e+14
      664.894   3.6871298e+14
      664.938   3.6962491e+14
      664.982   3.6970775e+14
      665.026   3.6955569e+14
      665.070   3.6966073e+14
      665.115   3.6988614e+14
      665.159   3.7025251e+14
      665.203   3.7072437e+14
      665.247   3.7113639e+14
      665.292   3.7132356e+14
      665.336   3.7132084e+14
      665.380   3.7106157e+14
      665.424   3.7073752e+14
      665.469   3.7058656e+14
      665.513   3.7034637e+14
      665.557   3.7013256e+14
      665.602   3.7014221e+14
      665.646   3.7036005e+14
      665.690   3.7058517e+14
      665.735   3.7104343e+14
      665.779   3.7155408e+14
      665.823   3.7165209e+14
      665.868   3.7130672e+14
      665.912   3.7084810e+14
      665.956   3.7037501e+14
      666.001   3.6991675e+14
      666.045   3.6975310e+14
      666.089   3.6978628e+14
      666.134   3.6939985e+14
      666.178   3.6769520e+14
      666.223   3.6511469e+14
      666.267   3.6257425e+14
      666.311   3.6005982e+14
      666.356   3.5804505e+14
      666.400   3.5742925e+14
      666.445   3.5795197e+14
      666.489   3.5829660e+14
      666.533   3.5844912e+14
      666.578   3.5838120e+14
      666.622   3.5780369e+14
      666.667   3.5711367e+14
      666.711   3.5781862e+14
      666.756   3.5967227e+14
      666.800   3.6200129e+14
      666.844   3.6484471e+14
      666.889   3.6784746e+14
      666.933   3.6958150e+14
      666.978   3.7030472e+14
      667.022   3.7092920e+14
      667.067   3.7161503e+14
      667.111   3.7229294e+14
      667.156   3.7302465e+14
      667.200   3.7386627e+14
      667.245   3.7453579e+14
      667.289   3.7504106e+14
      667.334   3.7528761e+14
      667.379   3.7522400e+14
      667.423   3.7505846e+14
      667.468   3.7491063e+14
      667.512   3.7475708e+14
      667.557   3.7452976e+14
      667.601   3.7375058e+14
      667.646   3.7169672e+14
      667.690   3.6890529e+14
      667.735   3.6636440e+14
      667.780   3.6398672e+14
      667.824   3.6217337e+14
      667.869   3.6161720e+14
      667.913   3.6199911e+14
      667.958   3.6218198e+14
      668.003   3.6227578e+14
      668.047   3.6232546e+14
      668.092   3.6216158e+14
      668.137   3.6220487e+14
      668.181   3.6353379e+14
      668.226   3.6573349e+14
      668.271   3.6813364e+14
      668.315   3.7077442e+14
      668.360   3.7315865e+14
      668.405   3.7431417e+14
      668.449   3.7465426e+14
      668.494   3.7490370e+14
      668.539   3.7513864e+14
      668.583   3.7523298e+14
      668.628   3.7505566e+14
      668.673   3.7486379e+14
      668.717   3.7462285e+14
      668.762   3.7447441e+14
      668.807   3.7448987e+14
      668.852   3.7478765e+14
      668.896   3.7517152e+14
      668.941   3.7553455e+14
      668.986   3.7573844e+14
      669.031   3.7582324e+14
      669.075   3.7566567e+14
      669.120   3.7560489e+14
      669.165   3.7572998e+14
      669.210   3.7601439e+14
      669.254   3.7643854e+14
      669.299   3.7706577e+14
      669.344   3.7753609e+14
      669.389   3.7776745e+14
      669.434   3.7736150e+14
      669.478   3.7618271e+14
      669.523   3.7497512e+14
      669.568   3.7390025e+14
      669.613   3.7302083e+14
      669.658   3.7273298e+14
      669.703   3.7292802e+14
      669.748   3.7269322e+14
      669.792   3.7214427e+14
      669.837   3.7137820e+14
      669.882   3.7047684e+14
      669.927   3.6956336e+14
      669.972   3.6962307e+14
      670.017   3.7056912e+14
      670.062   3.7176403e+14
      670.107   3.7304837e+14
      670.151   3.7447018e+14
      670.196   3.7491650e+14
      670.241   3.7447883e+14
      670.286   3.7426086e+14
      670.331   3.7401394e+14
      670.376   3.7358819e+14
      670.421   3.7372295e+14
      670.466   3.7407509e+14
      670.511   3.7387160e+14
      670.556   3.7361734e+14
      670.601   3.7360951e+14
      670.646   3.7339633e+14
      670.691   3.7306713e+14
      670.736   3.7321637e+14
      670.781   3.7365793e+14
      670.826   3.7444273e+14
      670.871   3.7540149e+14
      670.916   3.7640631e+14
      670.961   3.7706313e+14
      671.006   3.7743641e+14
      671.051   3.7788429e+14
      671.096   3.7767220e+14
      671.141   3.7656318e+14
      671.186   3.7505737e+14
      671.231   3.7349566e+14
      671.276   3.7205928e+14
      671.321   3.7113778e+14
      671.366   3.7084017e+14
      671.411   3.7077473e+14
      671.456   3.7084958e+14
      671.501   3.7073082e+14
      671.547   3.7055250e+14
      671.592   3.6964229e+14
      671.637   3.6831070e+14
      671.682   3.6810446e+14
      671.727   3.6869957e+14
      671.772   3.6934803e+14
      671.817   3.7078614e+14
      671.862   3.7263866e+14
      671.908   3.7353580e+14
      671.953   3.7393556e+14
      671.998   3.7423850e+14
      672.043   3.7430408e+14
      672.088   3.7412974e+14
      672.133   3.7481083e+14
      672.179   3.7612807e+14
      672.224   3.7727255e+14
      672.269   3.7840271e+14
      672.314   3.7990897e+14
      672.359   3.8004059e+14
      672.405   3.7892672e+14
      672.450   3.7787227e+14
      672.495   3.7649740e+14
      672.540   3.7455453e+14
      672.585   3.7333672e+14
      672.631   3.7274064e+14
      672.676   3.7214115e+14
      672.721   3.7199289e+14
      672.766   3.7280825e+14
      672.812   3.7320716e+14
      672.857   3.7322889e+14
      672.902   3.7362698e+14
      672.948   3.7436365e+14
      672.993   3.7467934e+14
      673.038   3.7554218e+14
      673.083   3.7691259e+14
      673.129   3.7778331e+14
      673.174   3.7809488e+14
      673.219   3.7873202e+14
      673.265   3.7877456e+14
      673.310   3.7845448e+14
      673.355   3.7827045e+14
      673.401   3.7843445e+14
      673.446   3.7838404e+14
      673.491   3.7829234e+14
      673.537   3.7818655e+14
      673.582   3.7811182e+14
      673.628   3.7783342e+14
      673.673   3.7779996e+14
      673.718   3.7803879e+14
      673.764   3.7801075e+14
      673.809   3.7735730e+14
      673.854   3.7710980e+14
      673.900   3.7671687e+14
      673.945   3.7608748e+14
      673.991   3.7578204e+14
      674.036   3.7591135e+14
      674.082   3.7581988e+14
      674.127   3.7553080e+14
      674.172   3.7513220e+14
      674.218   3.7478037e+14
      674.263   3.7429648e+14
      674.309   3.7422922e+14
      674.354   3.7469918e+14
      674.400   3.7515270e+14
      674.445   3.7537451e+14
      674.491   3.7586467e+14
      674.536   3.7600623e+14
      674.582   3.7568823e+14
      674.627   3.7536242e+14
      674.673   3.7541199e+14
      674.718   3.7553898e+14
      674.764   3.7556909e+14
      674.809   3.7570826e+14
      674.855   3.7534628e+14
      674.900   3.7396087e+14
      674.946   3.7286563e+14
      674.992   3.7178975e+14
      675.037   3.7055398e+14
      675.083   3.6982329e+14
      675.128   3.6956695e+14
      675.174   3.6898960e+14
      675.219   3.6840422e+14
      675.265   3.6814590e+14
      675.311   3.6793379e+14
      675.356   3.6795263e+14
      675.402   3.6885679e+14
      675.447   3.7026753e+14
      675.493   3.7158145e+14
      675.539   3.7302240e+14
      675.584   3.7438248e+14
      675.630   3.7524113e+14
      675.676   3.7589990e+14
      675.721   3.7666059e+14
      675.767   3.7738785e+14
      675.813   3.7823468e+14
      675.858   3.7864936e+14
      675.904   3.7869150e+14
      675.950   3.7829696e+14
      675.995   3.7782856e+14
      676.041   3.7738998e+14
      676.087   3.7698060e+14
      676.133   3.7682741e+14
      676.178   3.7700056e+14
      676.224   3.7719144e+14
      676.270   3.7731640e+14
      676.315   3.7736515e+14
      676.361   3.7706056e+14
      676.407   3.7624323e+14
      676.453   3.7559426e+14
      676.498   3.7522047e+14
      676.544   3.7482527e+14
      676.590   3.7420296e+14
      676.636   3.7318485e+14
      676.682   3.7237421e+14
      676.727   3.7142853e+14
      676.773   3.7044425e+14
      676.819   3.6974802e+14
      676.865   3.6984323e+14
      676.911   3.6974788e+14
      676.956   3.6961282e+14
      677.002   3.6967871e+14
      677.048   3.6948978e+14
      677.094   3.6850661e+14
      677.140   3.6855710e+14
      677.186   3.6918683e+14
      677.232   3.6971403e+14
      677.277   3.7054869e+14
      677.323   3.7234239e+14
      677.369   3.7294814e+14
      677.415   3.7286446e+14
      677.461   3.7304975e+14
      677.507   3.7342337e+14
      677.553   3.7351087e+14
      677.599   3.7395792e+14
      677.644   3.7483736e+14
      677.690   3.7538489e+14
      677.736   3.7569028e+14
      677.782   3.7623543e+14
      677.828   3.7629136e+14
      677.874   3.7604391e+14
      677.920   3.7597745e+14
      677.966   3.7609945e+14
      678.012   3.7614558e+14
      678.058   3.7608401e+14
      678.104   3.7600775e+14
      678.150   3.7557167e+14
      678.196   3.7441580e+14
      678.242   3.7352173e+14
      678.288   3.7278423e+14
      678.334   3.7200008e+14
      678.380   3.7128439e+14
      678.426   3.7110978e+14
      678.472   3.7062411e+14
      678.518   3.6993264e+14
      678.564   3.6887371e+14
      678.610   3.6813300e+14
      678.656   3.6738977e+14
      678.702   3.6730792e+14
      678.748   3.6780173e+14
      678.794   3.6868771e+14
      678.841   3.6938568e+14
      678.887   3.7012731e+14
      678.933   3.7013379e+14
      678.979   3.7006430e+14
      679.025   3.6993441e+14
      679.071   3.7013902e+14
      679.117   3.7045396e+14
      679.163   3.7048458e+14
      679.209   3.6977478e+14
      679.256   3.6907030e+14
      679.302   3.6812736e+14
      679.348   3.6712794e+14
      679.394   3.6635643e+14
      679.440   3.6606058e+14
      679.486   3.6528403e+14
      679.532   3.6479429e+14
      679.579   3.6436631e+14
      679.625   3.6403103e+14
      679.671   3.6361475e+14
      679.717   3.6373567e+14
      679.763   3.6353526e+14
      679.810   3.6353399e+14
      679.856   3.6365985e+14
      679.902   3.6374643e+14
      679.948   3.6355084e+14
      679.995   3.6411651e+14
      680.041   3.6469896e+14
      680.087   3.6537230e+14
      680.133   3.6619300e+14
      680.180   3.6699710e+14
      680.226   3.6693663e+14
      680.272   3.6696945e+14
      680.318   3.6730674e+14
      680.365   3.6770104e+14
      680.411   3.6829379e+14
      680.457   3.6914693e+14
      680.504   3.6925163e+14
      680.550   3.6784279e+14
      680.596   3.6687841e+14
      680.643   3.6598562e+14
      680.689   3.6504061e+14
      680.735   3.6470967e+14
      680.782   3.6575264e+14
      680.828   3.6613183e+14
      680.874   3.6573949e+14
      680.921   3.6558349e+14
      680.967   3.6547612e+14
      681.013   3.6471117e+14
      681.060   3.6539374e+14
      681.106   3.6737114e+14
      681.153   3.6915549e+14
      681.199   3.7075254e+14
      681.245   3.7253432e+14
      681.292   3.7275565e+14
      681.338   3.7147353e+14
      681.385   3.7096917e+14
      681.431   3.7108881e+14
      681.477   3.7100663e+14
      681.524   3.7110243e+14
      681.570   3.7199715e+14
      681.617   3.7194046e+14
      681.663   3.7145228e+14
      681.710   3.7096231e+14
      681.756   3.7069791e+14
      681.803   3.7026437e+14
      681.849   3.7035936e+14
      681.896   3.7028518e+14
      681.942   3.7035063e+14
      681.989   3.7007696e+14
      682.035   3.7014968e+14
      682.082   3.6975279e+14
      682.128   3.6956441e+14
      682.175   3.6915748e+14
      682.221   3.6901335e+14
      682.268   3.6875662e+14
      682.314   3.6857791e+14
      682.361   3.6821508e+14
      682.408   3.6840676e+14
      682.454   3.6862977e+14
      682.501   3.6916669e+14
      682.547   3.6974732e+14
      682.594   3.7042014e+14
      682.640   3.7040174e+14
      682.687   3.7011030e+14
      682.734   3.6886671e+14
      682.780   3.6784656e+14
      682.827   3.6698487e+14
      682.874   3.6637469e+14
      682.920   3.6597580e+14
      682.967   3.6645125e+14
      683.013   3.6671436e+14
      683.060   3.6685929e+14
      683.107   3.6689810e+14
      683.153   3.6696132e+14
      683.200   3.6659535e+14
      683.247   3.6711299e+14
      683.293   3.6804764e+14
      683.340   3.6913561e+14
      683.387   3.7046808e+14
      683.434   3.7219807e+14
      683.480   3.7291572e+14
      683.527   3.7307319e+14
      683.574   3.7289983e+14
      683.620   3.7287193e+14
      683.667   3.7282448e+14
      683.714   3.7303383e+14
      683.761   3.7344813e+14
      683.807   3.7391158e+14
      683.854   3.7370859e+14
      683.901   3.7353279e+14
      683.948   3.7244313e+14
      683.995   3.7016796e+14
      684.041   3.6821598e+14
      684.088   3.6683956e+14
      684.135   3.6501104e+14
      684.182   3.6368632e+14
      684.229   3.6259863e+14
      684.275   3.6169097e+14
      684.322   3.6059820e+14
      684.369   3.6014269e+14
      684.416   3.5991443e+14
      684.463   3.6035568e+14
      684.510   3.6167395e+14
      684.556   3.6370362e+14
      684.603   3.6530380e+14
      684.650   3.6743032e+14
      684.697   3.6967310e+14
      684.744   3.7170600e+14
      684.791   3.7356108e+14
      684.838   3.7543115e+14
      684.885   3.7674281e+14
      684.932   3.7808913e+14
      684.978   3.7834794e+14
      685.025   3.7779353e+14
      685.072   3.7702708e+14
      685.119   3.7634452e+14
      685.166   3.7575086e+14
      685.213   3.7529298e+14
      685.260   3.7522828e+14
      685.307   3.7489889e+14
      685.354   3.7348623e+14
      685.401   3.7159598e+14
      685.448   3.6926760e+14
      685.495   3.6701793e+14
      685.542   3.6556694e+14
      685.589   3.6540719e+14
      685.636   3.6567055e+14
      685.683   3.6559986e+14
      685.730   3.6575437e+14
      685.777   3.6557725e+14
      685.824   3.6498670e+14
      685.871   3.6505703e+14
      685.918   3.6624148e+14
      685.965   3.6786433e+14
      686.012   3.6926960e+14
      686.059   3.6935764e+14
      686.106   3.6918566e+14
      686.153   3.6886748e+14
      686.201   3.6871590e+14
      686.248   3.6918046e+14
      686.295   3.7034875e+14
      686.342   3.7102662e+14
      686.389   3.7134282e+14
      686.436   3.7116340e+14
      686.483   3.7088486e+14
      686.530   3.7036333e+14
      686.577   3.7123984e+14
      686.625   3.7339145e+14
      686.672   3.7538655e+14
      686.719   3.7718115e+14
      686.766   3.7923646e+14
      686.813   3.7999257e+14
      686.860   3.7958065e+14
      686.908   3.7908256e+14
      686.955   3.7865557e+14
      687.002   3.7831019e+14
      687.049   3.7773575e+14
      687.096   3.7687092e+14
      687.144   3.7590229e+14
      687.191   3.7489567e+14
      687.238   3.7425870e+14
      687.285   3.7409569e+14
      687.332   3.7425291e+14
      687.380   3.7430157e+14
      687.427   3.7421300e+14
      687.474   3.7398539e+14
      687.521   3.7373290e+14
      687.569   3.7340397e+14
      687.616   3.7344947e+14
      687.663   3.7375075e+14
      687.711   3.7412472e+14
      687.758   3.7462485e+14
      687.805   3.7524178e+14
      687.852   3.7543146e+14
      687.900   3.7527647e+14
      687.947   3.7518043e+14
      687.995   3.7502282e+14
      688.042   3.7446196e+14
      688.089   3.7355048e+14
      688.137   3.7253763e+14
      688.184   3.7152393e+14
      688.231   3.7052001e+14
      688.279   3.6998895e+14
      688.326   3.6989984e+14
      688.373   3.6980819e+14
      688.421   3.6931925e+14
      688.468   3.6881716e+14
      688.516   3.6800960e+14
      688.563   3.6729337e+14
      688.610   3.6686808e+14
      688.658   3.6748340e+14
      688.705   3.6824747e+14
      688.753   3.6931337e+14
      688.800   3.7030914e+14
      688.848   3.7120868e+14
      688.895   3.7127884e+14
      688.943   3.7151141e+14
      688.990   3.7179320e+14
      689.037   3.7221907e+14
      689.085   3.7266476e+14
      689.132   3.7373244e+14
      689.180   3.7437003e+14
      689.227   3.7484528e+14
      689.275   3.7506961e+14
      689.322   3.7510406e+14
      689.370   3.7444165e+14
      689.417   3.7366391e+14
      689.465   3.7292906e+14
      689.513   3.7229870e+14
      689.560   3.7195420e+14
      689.608   3.7188434e+14
      689.655   3.7153733e+14
      689.703   3.7079200e+14
      689.750   3.7017811e+14
      689.798   3.6947245e+14
      689.846   3.6863462e+14
      689.893   3.6838939e+14
      689.941   3.6870064e+14
      689.988   3.6891167e+14
      690.036   3.6916072e+14
      690.083   3.6950645e+14
      690.131   3.6955602e+14
      690.179   3.6942605e+14
      690.226   3.6960973e+14
      690.274   3.6992373e+14
      690.322   3.7016545e+14
      690.369   3.7040659e+14
      690.417   3.7060595e+14
      690.465   3.7023146e+14
      690.512   3.6961173e+14
      690.560   3.6902246e+14
      690.608   3.6856788e+14
      690.655   3.6834228e+14
      690.703   3.6834432e+14
      690.751   3.6855610e+14
      690.799   3.6886274e+14
      690.846   3.6906149e+14
      690.894   3.6929332e+14
      690.942   3.6958757e+14
      690.990   3.6975203e+14
      691.037   3.6978525e+14
      691.085   3.7016778e+14
      691.133   3.7044041e+14
      691.181   3.7061568e+14
      691.228   3.7085293e+14
      691.276   3.7069848e+14
      691.324   3.6920988e+14
      691.372   3.6794102e+14
      691.419   3.6664903e+14
      691.467   3.6501505e+14
      691.515   3.6298352e+14
      691.563   3.6260105e+14
      691.611   3.6207366e+14
      691.659   3.6158613e+14
      691.706   3.6126307e+14
      691.754   3.6175532e+14
      691.802   3.6141766e+14
      691.850   3.6192243e+14
      691.898   3.6254232e+14
      691.946   3.6282973e+14
      691.994   3.6303967e+14
      692.042   3.6441735e+14
      692.089   3.6514206e+14
      692.137   3.6589237e+14
      692.185   3.6707040e+14
      692.233   3.6838863e+14
      692.281   3.6809620e+14
      692.329   3.6746097e+14
      692.377   3.6612528e+14
      692.425   3.6478936e+14
      692.473   3.6377106e+14
      692.521   3.6370591e+14
      692.569   3.6360572e+14
      692.617   3.6410359e+14
      692.665   3.6462904e+14
      692.713   3.6471411e+14
      692.761   3.6424602e+14
      692.809   3.6443116e+14
      692.857   3.6453370e+14
      692.905   3.6497673e+14
      692.953   3.6574524e+14
      693.001   3.6706470e+14
      693.049   3.6759784e+14
      693.097   3.6812852e+14
      693.145   3.6801070e+14
      693.193   3.6731685e+14
      693.241   3.6612955e+14
      693.289   3.6528520e+14
      693.337   3.6450081e+14
      693.385   3.6389676e+14
      693.433   3.6398399e+14
      693.481   3.6433431e+14
      693.529   3.6438900e+14
      693.577   3.6460407e+14
      693.626   3.6497002e+14
      693.674   3.6510750e+14
      693.722   3.6543040e+14
      693.770   3.6642258e+14
      693.818   3.6737728e+14
      693.866   3.6835466e+14
      693.914   3.6935723e+14
      693.963   3.7021503e+14
      694.011   3.7068884e+14
      694.059   3.7105491e+14
      694.107   3.7131068e+14
      694.155   3.7133830e+14
      694.203   3.7114519e+14
      694.252   3.7110305e+14
      694.300   3.7087729e+14
      694.348   3.6986639e+14
      694.396   3.6814540e+14
      694.444   3.6702626e+14
      694.493   3.6578454e+14
      694.541   3.6457481e+14
      694.589   3.6377135e+14
      694.637   3.6396156e+14
      694.686   3.6377584e+14
      694.734   3.6374018e+14
      694.782   3.6386510e+14
      694.831   3.6420644e+14
      694.879   3.6455236e+14
      694.927   3.6551586e+14
      694.975   3.6606023e+14
      695.024   3.6681852e+14
      695.072   3.6775973e+14
      695.120   3.6889440e+14
      695.169   3.6920616e+14
      695.217   3.6972330e+14
      695.265   3.7007973e+14
      695.314   3.7053738e+14
      695.362   3.7033869e+14
      695.410   3.7014252e+14
      695.459   3.7000474e+14
      695.507   3.7015279e+14
      695.555   3.7052701e+14
      695.604   3.7121355e+14
      695.652   3.7192218e+14
      695.701   3.7271203e+14
      695.749   3.7276478e+14
      695.797   3.7244297e+14
      695.846   3.7203870e+14
      695.894   3.7165139e+14
      695.943   3.7112379e+14
      695.991   3.7086460e+14
      696.040   3.7105864e+14
      696.088   3.7142570e+14
      696.136   3.7177015e+14
      696.185   3.7183858e+14
      696.233   3.7188619e+14
      696.282   3.7195715e+14
      696.330   3.7214828e+14
      696.379   3.7188451e+14
      696.427   3.7203535e+14
      696.476   3.7242847e+14
      696.524   3.7254161e+14
      696.573   3.7240364e+14
      696.621   3.7280129e+14
      696.670   3.7286979e+14
      696.718   3.7301827e+14
      696.767   3.7322529e+14
      696.816   3.7339202e+14
      696.864   3.7321061e+14
      696.913   3.7303738e+14
      696.961   3.7303471e+14
      697.010   3.7281452e+14
      697.058   3.7220743e+14
      697.107   3.7222555e+14
      697.156   3.7225380e+14
      697.204   3.7197159e+14
      697.253   3.7183850e+14
      697.301   3.7204770e+14
      697.350   3.7181879e+14
      697.399   3.7146638e+14
      697.447   3.7124959e+14
      697.496   3.7031979e+14
      697.545   3.6955886e+14
      697.593   3.6950325e+14
      697.642   3.6943043e+14
      697.691   3.6797082e+14
      697.739   3.6661146e+14
      697.788   3.6537340e+14
      697.837   3.6316176e+14
      697.885   3.6128987e+14
      697.934   3.6051279e+14
      697.983   3.6010641e+14
      698.032   3.5994968e+14
      698.080   3.6029707e+14
      698.129   3.6057679e+14
      698.178   3.6062947e+14
      698.227   3.6157783e+14
      698.275   3.6319709e+14
      698.324   3.6480436e+14
      698.373   3.6672219e+14
      698.422   3.6900373e+14
      698.470   3.7079290e+14
      698.519   3.7143683e+14
      698.568   3.7208593e+14
      698.617   3.7244984e+14
      698.666   3.7273297e+14
      698.714   3.7229870e+14
      698.763   3.7211476e+14
      698.812   3.7195607e+14
      698.861   3.7157518e+14
      698.910   3.7127496e+14
      698.959   3.7165160e+14
      699.007   3.7180323e+14
      699.056   3.7196413e+14
      699.105   3.7209723e+14
      699.154   3.7199546e+14
      699.203   3.7165117e+14
      699.252   3.7191567e+14
      699.301   3.7223582e+14
      699.350   3.7264693e+14
      699.398   3.7338864e+14
      699.447   3.7431794e+14
      699.496   3.7460290e+14
      699.545   3.7479691e+14
      699.594   3.7498338e+14
      699.643   3.7498785e+14
      699.692   3.7512380e+14
      699.741   3.7501199e+14
      699.790   3.7474085e+14
      699.839   3.7338503e+14
      699.888   3.7191016e+14
      699.937   3.7035924e+14
      699.986   3.6892948e+14
      700.035   3.6770692e+14
      700.084   3.6763249e+14
      700.133   3.6765670e+14
      700.182   3.6706114e+14
      700.231   3.6614424e+14
      700.280   3.6541444e+14
      700.329   3.6372558e+14
      700.378   3.6292719e+14
      700.427   3.6272587e+14
      700.476   3.6339503e+14
      700.525   3.6398583e+14
      700.574   3.6533848e+14
      700.624   3.6555287e+14
      700.673   3.6549840e+14
      700.722   3.6546930e+14
      700.771   3.6577688e+14
      700.820   3.6603134e+14
      700.869   3.6672385e+14
      700.918   3.6758861e+14
      700.967   3.6858259e+14
      701.016   3.6916919e+14
      701.066   3.6945056e+14
      701.115   3.6864724e+14
      701.164   3.6861136e+14
      701.213   3.6844369e+14
      701.262   3.6824052e+14
      701.311   3.6838947e+14
      701.361   3.6906624e+14
      701.410   3.6920767e+14
      701.459   3.6729879e+14
      701.508   3.6460636e+14
      701.557   3.6220243e+14
      701.607   3.5936012e+14
      701.656   3.5776913e+14
      701.705   3.5813027e+14
      701.754   3.5926487e+14
      701.804   3.6018981e+14
      701.853   3.6189798e+14
      701.902   3.6228994e+14
      701.951   3.6164709e+14
      702.001   3.6185966e+14
      702.050   3.6343917e+14
      702.099   3.6506971e+14
      702.149   3.6622661e+14
      702.198   3.6848198e+14
      702.247   3.6928598e+14
      702.297   3.6815659e+14
      702.346   3.6715834e+14
      702.395   3.6657626e+14
      702.445   3.6546662e+14
      702.494   3.6486906e+14
      702.543   3.6473103e+14
      702.593   3.6441327e+14
      702.642   3.6358431e+14
      702.691   3.6344095e+14
      702.741   3.6321197e+14
      702.790   3.6362747e+14
      702.839   3.6478498e+14
      702.889   3.6681743e+14
      702.938   3.6780263e+14
      702.988   3.6910889e+14
      703.037   3.7000529e+14
      703.087   3.7014243e+14
      703.136   3.7001199e+14
      703.185   3.7011292e+14
      703.235   3.7040770e+14
      703.284   3.7091293e+14
      703.334   3.7064331e+14
      703.383   3.7074940e+14
      703.433   3.7097565e+14
      703.482   3.7134884e+14
      703.532   3.7154718e+14
      703.581   3.7245219e+14
      703.631   3.7254891e+14
      703.680   3.7143886e+14
      703.730   3.6972616e+14
      703.779   3.6808125e+14
      703.829   3.6637297e+14
      703.878   3.6590091e+14
      703.928   3.6691099e+14
      703.977   3.6802240e+14
      704.027   3.6889276e+14
      704.077   3.6988555e+14
      704.126   3.6987696e+14
      704.176   3.6925024e+14
      704.225   3.6963897e+14
      704.275   3.7081807e+14
      704.325   3.7163817e+14
      704.374   3.7268707e+14
      704.424   3.7420819e+14
      704.473   3.7468412e+14
      704.523   3.7440392e+14
      704.573   3.7458501e+14
      704.622   3.7460995e+14
      704.672   3.7457693e+14
      704.722   3.7459236e+14
      704.771   3.7454079e+14
      704.821   3.7422984e+14
      704.871   3.7447724e+14
      704.920   3.7486939e+14
      704.970   3.7529289e+14
      705.020   3.7571118e+14
      705.069   3.7600123e+14
      705.119   3.7517453e+14
      705.169   3.7439104e+14
      705.219   3.7355644e+14
      705.268   3.7268565e+14
      705.318   3.7212898e+14
      705.368   3.7206723e+14
      705.418   3.7131145e+14
      705.467   3.7026679e+14
      705.517   3.6956189e+14
      705.567   3.6871394e+14
      705.617   3.6783017e+14
      705.667   3.6770435e+14
      705.716   3.6814987e+14
      705.766   3.6847078e+14
      705.816   3.6888873e+14
      705.866   3.6877570e+14
      705.916   3.6817245e+14
      705.965   3.6762240e+14
      706.015   3.6763949e+14
      706.065   3.6770767e+14
      706.115   3.6827628e+14
      706.165   3.6891141e+14
      706.215   3.6959515e+14
      706.265   3.6974512e+14
      706.314   3.6987944e+14
      706.364   3.6988897e+14
      706.414   3.7056518e+14
      706.464   3.7108312e+14
      706.514   3.7176970e+14
      706.564   3.7243081e+14
      706.614   3.7291568e+14
      706.664   3.7137955e+14
      706.714   3.6952386e+14
      706.764   3.6781870e+14
      706.814   3.6547710e+14
      706.864   3.6380222e+14
      706.914   3.6411549e+14
      706.964   3.6372598e+14
      707.014   3.6278681e+14
      707.064   3.6258508e+14
      707.114   3.6217619e+14
      707.164   3.6114596e+14
      707.214   3.6164205e+14
      707.264   3.6427584e+14
      707.314   3.6661091e+14
      707.364   3.6969051e+14
      707.414   3.7229995e+14
      707.464   3.7360534e+14
      707.514   3.7419976e+14
      707.564   3.7499131e+14
      707.614   3.7532242e+14
      707.664   3.7578664e+14
      707.714   3.7633535e+14
      707.764   3.7678946e+14
      707.814   3.7681373e+14
      707.864   3.7674581e+14
      707.914   3.7643475e+14
      707.965   3.7604997e+14
      708.015   3.7570036e+14
      708.065   3.7538398e+14
      708.115   3.7499840e+14
      708.165   3.7434904e+14
      708.215   3.7344352e+14
      708.266   3.7211323e+14
      708.316   3.7008298e+14
      708.366   3.6768869e+14
      708.416   3.6552459e+14
      708.466   3.6360091e+14
      708.516   3.6184343e+14
      708.567   3.6071409e+14
      708.617   3.6006822e+14
      708.667   3.5959906e+14
      708.717   3.5940665e+14
      708.767   3.5962685e+14
      708.818   3.5993989e+14
      708.868   3.6011657e+14
      708.918   3.6046252e+14
      708.968   3.6061106e+14
      709.019   3.6045906e+14
      709.069   3.6046681e+14
      709.119   3.6057468e+14
      709.170   3.6042678e+14
      709.220   3.6023189e+14
      709.270   3.6016017e+14
      709.320   3.5993444e+14
      709.371   3.5982231e+14
      709.421   3.6050241e+14
      709.471   3.6135199e+14
      709.522   3.6218196e+14
      709.572   3.6307043e+14
      709.622   3.6394624e+14
      709.673   3.6416567e+14
      709.723   3.6423547e+14
      709.774   3.6432138e+14
      709.824   3.6437831e+14
      709.874   3.6446353e+14
      709.925   3.6486293e+14
      709.975   3.6532331e+14
      710.026   3.6578457e+14
      710.076   3.6634280e+14
      710.126   3.6699878e+14
      710.177   3.6721874e+14
      710.227   3.6736080e+14
      710.278   3.6763997e+14
      710.328   3.6792095e+14
      710.379   3.6805877e+14
      710.429   3.6820099e+14
      710.480   3.6830539e+14
      710.530   3.6832418e+14
      710.581   3.6802214e+14
      710.631   3.6758030e+14
      710.682   3.6718035e+14
      710.732   3.6677434e+14
      710.783   3.6641284e+14
      710.833   3.6632844e+14
      710.884   3.6629107e+14
      710.934   3.6588483e+14
      710.985   3.6529122e+14
      711.035   3.6438051e+14
      711.086   3.6335058e+14
      711.136   3.6245429e+14
      711.187   3.6178993e+14
      711.238   3.6122078e+14
      711.288   3.6079563e+14
      711.339   3.6024191e+14
      711.389   3.5947673e+14
      711.440   3.5890747e+14
      711.491   3.5869619e+14
      711.541   3.5867528e+14
      711.592   3.5908985e+14
      711.642   3.5970778e+14
      711.693   3.6055007e+14
      711.744   3.6124293e+14
      711.794   3.6176052e+14
      711.845   3.6216233e+14
      711.896   3.6274716e+14
      711.946   3.6321071e+14
      711.997   3.6333950e+14
      712.048   3.6249959e+14
      712.099   3.6137366e+14
      712.149   3.6020617e+14
      712.200   3.5918831e+14
      712.251   3.5836880e+14
      712.301   3.5854370e+14
      712.352   3.5874711e+14
      712.403   3.5877531e+14
      712.454   3.5851743e+14
      712.504   3.5813055e+14
      712.555   3.5804019e+14
      712.606   3.5906834e+14
      712.657   3.6029755e+14
      712.708   3.6160162e+14
      712.758   3.6285142e+14
      712.809   3.6363495e+14
      712.860   3.6321219e+14
      712.911   3.6200578e+14
      712.962   3.6036882e+14
      713.012   3.5896088e+14
      713.063   3.5770270e+14
      713.114   3.5648305e+14
      713.165   3.5546692e+14
      713.216   3.5479627e+14
      713.267   3.5411518e+14
      713.318   3.5365317e+14
      713.369   3.5354958e+14
      713.419   3.5391242e+14
      713.470   3.5519125e+14
      713.521   3.5684167e+14
      713.572   3.5831688e+14
      713.623   3.5984642e+14
      713.674   3.6143291e+14
      713.725   3.6241067e+14
      713.776   3.6296801e+14
      713.827   3.6342222e+14
      713.878   3.6364683e+14
      713.929   3.6354887e+14
      713.980   3.6338897e+14
      714.031   3.6322390e+14
      714.082   3.6284713e+14
      714.133   3.6279298e+14
      714.184   3.6265107e+14
      714.235   3.6233620e+14
      714.286   3.6210131e+14
      714.337   3.6228200e+14
      714.388   3.6235171e+14
      714.439   3.6226654e+14
      714.490   3.6215810e+14
      714.541   3.6191536e+14
      714.592   3.6131877e+14
      714.643   3.5950834e+14
      714.694   3.5685054e+14
      714.745   3.5415633e+14
      714.796   3.5149795e+14
      714.847   3.4899421e+14
      714.898   3.4802726e+14
      714.950   3.4830583e+14
      715.001   3.4802377e+14
      715.052   3.4722247e+14
      715.103   3.4627628e+14
      715.154   3.4610261e+14
      715.205   3.4768914e+14
      715.256   3.5058910e+14
      715.308   3.5382406e+14
      715.359   3.5697625e+14
      715.410   3.5871199e+14
      715.461   3.5821370e+14
      715.512   3.5740752e+14
      715.564   3.5731582e+14
      715.615   3.5737600e+14
      715.666   3.5785271e+14
      715.717   3.5855723e+14
      715.768   3.5883492e+14
      715.820   3.5833700e+14
      715.871   3.5763623e+14
      715.922   3.5724597e+14
      715.973   3.5750550e+14
      716.025   3.5860734e+14
      716.076   3.5964393e+14
      716.127   3.6066780e+14
      716.178   3.6146911e+14
      716.230   3.6152532e+14
      716.281   3.6012736e+14
      716.332   3.5792061e+14
      716.384   3.5507413e+14
      716.435   3.5201375e+14
      716.486   3.4914706e+14
      716.538   3.4769839e+14
      716.589   3.4730895e+14
      716.640   3.4781400e+14
      716.692   3.4856619e+14
      716.743   3.4916219e+14
      716.794   3.5030040e+14
      716.846   3.5279885e+14
      716.897   3.5584445e+14
      716.949   3.5937668e+14
      717.000   3.6289335e+14
      717.052   3.6594135e+14
      717.103   3.6759583e+14
      717.154   3.6863539e+14
      717.206   3.6901603e+14
      717.257   3.6922004e+14
      717.309   3.6931781e+14
      717.360   3.6929864e+14
      717.412   3.6881766e+14
      717.463   3.6820674e+14
      717.515   3.6720664e+14
      717.566   3.6594673e+14
      717.617   3.6475425e+14
      717.669   3.6394861e+14
      717.721   3.6325199e+14
      717.772   3.6277835e+14
      717.824   3.6195703e+14
      717.875   3.6080582e+14
      717.927   3.5955607e+14
      717.978   3.5784917e+14
      718.030   3.5568282e+14
      718.081   3.5439372e+14
      718.133   3.5369146e+14
      718.184   3.5325121e+14
      718.236   3.5327852e+14
      718.288   3.5371862e+14
      718.339   3.5385218e+14
      718.391   3.5413389e+14
      718.442   3.5442849e+14
      718.494   3.5499069e+14
      718.546   3.5552439e+14
      718.597   3.5557748e+14
      718.649   3.5505685e+14
      718.701   3.5432582e+14
      718.752   3.5261030e+14
      718.804   3.5059879e+14
      718.856   3.4888327e+14
      718.907   3.4736740e+14
      718.959   3.4594003e+14
      719.011   3.4476017e+14
      719.062   3.4445668e+14
      719.114   3.4561134e+14
      719.166   3.4678957e+14
      719.217   3.4729172e+14
      719.269   3.4846783e+14
      719.321   3.4975333e+14
      719.373   3.4998116e+14
      719.424   3.5050986e+14
      719.476   3.5157499e+14
      719.528   3.5183425e+14
      719.580   3.5159690e+14
      719.632   3.5117479e+14
      719.683   3.5068161e+14
      719.735   3.5116199e+14
      719.787   3.5275860e+14
      719.839   3.5496956e+14
      719.891   3.5741003e+14
      719.942   3.5947031e+14
      719.994   3.6045423e+14
      720.046   3.6057152e+14
      720.098   3.6084762e+14
      720.150   3.6104048e+14
      720.202   3.6128283e+14
      720.254   3.6183254e+14
      720.305   3.6275920e+14
      720.357   3.6328574e+14
      720.409   3.6361958e+14
      720.461   3.6383890e+14
      720.513   3.6337553e+14
      720.565   3.6121568e+14
      720.617   3.5870871e+14
      720.669   3.5644619e+14
      720.721   3.5420664e+14
      720.773   3.5171367e+14
      720.825   3.5037004e+14
      720.877   3.4945110e+14
      720.929   3.4827118e+14
      720.981   3.4708840e+14
      721.032   3.4621619e+14
      721.085   3.4651740e+14
      721.137   3.4856328e+14
      721.189   3.5100626e+14
      721.241   3.5347332e+14
      721.293   3.5618362e+14
      721.345   3.5834113e+14
      721.397   3.5882846e+14
      721.449   3.5876757e+14
      721.501   3.5860744e+14
      721.553   3.5835590e+14
      721.605   3.5798671e+14
      721.657   3.5777680e+14
      721.709   3.5775233e+14
      721.761   3.5842278e+14
      721.813   3.5888174e+14
      721.865   3.5910558e+14
      721.917   3.5906290e+14
      721.970   3.5892687e+14
      722.022   3.5886852e+14
      722.074   3.5882051e+14
      722.126   3.5807439e+14
      722.178   3.5628996e+14
      722.230   3.5413894e+14
      722.282   3.5176775e+14
      722.335   3.4980484e+14
      722.387   3.4897352e+14
      722.439   3.4896882e+14
      722.491   3.4952409e+14
      722.543   3.5047472e+14
      722.596   3.5110951e+14
      722.648   3.5151603e+14
      722.700   3.5229174e+14
      722.752   3.5385574e+14
      722.805   3.5566176e+14
      722.857   3.5786286e+14
      722.909   3.5984184e+14
      722.961   3.6114805e+14
      723.014   3.6193268e+14
      723.066   3.6229980e+14
      723.118   3.6250193e+14
      723.170   3.6288225e+14
      723.223   3.6312949e+14
      723.275   3.6317447e+14
      723.327   3.6326137e+14
      723.380   3.6298968e+14
      723.432   3.6221939e+14
      723.484   3.6133891e+14
      723.537   3.6038274e+14
      723.589   3.5931321e+14
      723.641   3.5872070e+14
      723.694   3.5856392e+14
      723.746   3.5844334e+14
      723.799   3.5789839e+14
      723.851   3.5698301e+14
      723.903   3.5622483e+14
      723.956   3.5583694e+14
      724.008   3.5572920e+14
      724.061   3.5606796e+14
      724.113   3.5681034e+14
      724.165   3.5741112e+14
      724.218   3.5757163e+14
      724.270   3.5730388e+14
      724.323   3.5665075e+14
      724.375   3.5599179e+14
      724.428   3.5548282e+14
      724.480   3.5505994e+14
      724.533   3.5486594e+14
      724.585   3.5503101e+14
      724.638   3.5520456e+14
      724.690   3.5528306e+14
      724.743   3.5535419e+14
      724.795   3.5525675e+14
      724.848   3.5532266e+14
      724.900   3.5543006e+14
      724.953   3.5535671e+14
      725.005   3.5516443e+14
      725.058   3.5493608e+14
      725.111   3.5447390e+14
      725.163   3.5388246e+14
      725.216   3.5339908e+14
      725.268   3.5293885e+14
      725.321   3.5254471e+14
      725.374   3.5204278e+14
      725.426   3.5195299e+14
      725.479   3.5237622e+14
      725.531   3.5336690e+14
      725.584   3.5489184e+14
      725.637   3.5665631e+14
      725.689   3.5811285e+14
      725.742   3.5904151e+14
      725.795   3.5962841e+14
      725.847   3.5991777e+14
      725.900   3.6011818e+14
      725.953   3.5969260e+14
      726.005   3.5809067e+14
      726.058   3.5601811e+14
      726.111   3.5410840e+14
      726.164   3.5222211e+14
      726.216   3.5090079e+14
      726.269   3.5082963e+14
      726.322   3.5127689e+14
      726.375   3.5150838e+14
      726.427   3.5152630e+14
      726.480   3.5159202e+14
      726.533   3.5268431e+14
      726.586   3.5470070e+14
      726.639   3.5684902e+14
      726.691   3.5904193e+14
      726.744   3.6096702e+14
      726.797   3.6176803e+14
      726.850   3.6167378e+14
      726.903   3.6147423e+14
      726.956   3.6141422e+14
      727.008   3.6138420e+14
      727.061   3.6120619e+14
      727.114   3.6091488e+14
      727.167   3.6059193e+14
      727.220   3.6034797e+14
      727.273   3.6020675e+14
      727.326   3.6000225e+14
      727.379   3.5937095e+14
      727.431   3.5851261e+14
      727.484   3.5766249e+14
      727.537   3.5680696e+14
      727.590   3.5616219e+14
      727.643   3.5598906e+14
      727.696   3.5585020e+14
      727.749   3.5538976e+14
      727.802   3.5488447e+14
      727.855   3.5427368e+14
      727.908   3.5408725e+14
      727.961   3.5463622e+14
      728.014   3.5546996e+14
      728.067   3.5593736e+14
      728.120   3.5598556e+14
      728.173   3.5551699e+14
      728.226   3.5484017e+14
      728.279   3.5413418e+14
      728.332   3.5287181e+14
      728.385   3.5151703e+14
      728.438   3.5051017e+14
      728.491   3.4931866e+14
      728.544   3.4806632e+14
      728.597   3.4788733e+14
      728.651   3.4875316e+14
      728.704   3.4883003e+14
      728.757   3.4719498e+14
      728.810   3.4478682e+14
      728.863   3.4312765e+14
      728.916   3.4173218e+14
      728.969   3.4058189e+14
      729.022   3.4084069e+14
      729.076   3.4194553e+14
      729.129   3.4126070e+14
      729.182   3.3903164e+14
      729.235   3.3771802e+14
      729.288   3.3827326e+14
      729.341   3.3950182e+14
      729.395   3.4158417e+14
      729.448   3.4494174e+14
      729.501   3.4845052e+14
      729.554   3.5077154e+14
      729.607   3.5181969e+14
      729.661   3.5315945e+14
      729.714   3.5477876e+14
      729.767   3.5587266e+14
      729.820   3.5644613e+14
      729.874   3.5718160e+14
      729.927   3.5750951e+14
      729.980   3.5727967e+14
      730.034   3.5684692e+14
      730.087   3.5638957e+14
      730.140   3.5585280e+14
      730.193   3.5550632e+14
      730.247   3.5534825e+14
      730.300   3.5577930e+14
      730.353   3.5635597e+14
      730.407   3.5729054e+14
      730.460   3.5801832e+14
      730.514   3.5823877e+14
      730.567   3.5820984e+14
      730.620   3.5725979e+14
      730.674   3.5526462e+14
      730.727   3.5358072e+14
      730.780   3.5226452e+14
      730.834   3.5096720e+14
      730.887   3.5032045e+14
      730.941   3.4967154e+14
      730.994   3.4817956e+14
      731.048   3.4697214e+14
      731.101   3.4577322e+14
      731.154   3.4569745e+14
      731.208   3.4745285e+14
      731.261   3.4965584e+14
      731.315   3.5144618e+14
      731.368   3.5340059e+14
      731.422   3.5433009e+14
      731.475   3.5492798e+14
      731.529   3.5611213e+14
      731.582   3.5736494e+14
      731.636   3.5847520e+14
      731.689   3.5974424e+14
      731.743   3.6030330e+14
      731.797   3.6008563e+14
      731.850   3.5966327e+14
      731.904   3.5858906e+14
      731.957   3.5685654e+14
      732.011   3.5541863e+14
      732.064   3.5399865e+14
      732.118   3.5278844e+14
      732.172   3.5260201e+14
      732.225   3.5335679e+14
      732.279   3.5384418e+14
      732.332   3.5419586e+14
      732.386   3.5403330e+14
      732.440   3.5335066e+14
      732.493   3.5222432e+14
      732.547   3.5133181e+14
      732.601   3.5051881e+14
      732.654   3.5003965e+14
      732.708   3.4997497e+14
      732.762   3.5023937e+14
      732.815   3.5013975e+14
      732.869   3.4979626e+14
      732.923   3.4886865e+14
      732.977   3.4865515e+14
      733.030   3.4973761e+14
      733.084   3.5118171e+14
      733.138   3.5274297e+14
      733.192   3.5469488e+14
      733.245   3.5547787e+14
      733.299   3.5512455e+14
      733.353   3.5459317e+14
      733.407   3.5404310e+14
      733.461   3.5416782e+14
      733.514   3.5507326e+14
      733.568   3.5596876e+14
      733.622   3.5679268e+14
      733.676   3.5743597e+14
      733.730   3.5802085e+14
      733.783   3.5842723e+14
      733.837   3.5862677e+14
      733.891   3.5887424e+14
      733.945   3.5928129e+14
      733.999   3.5935598e+14
      734.053   3.5922854e+14
      734.107   3.5924207e+14
      734.160   3.5921512e+14
      734.214   3.5904777e+14
      734.268   3.5860101e+14
      734.322   3.5813293e+14
      734.376   3.5778713e+14
      734.430   3.5748917e+14
      734.484   3.5726305e+14
      734.538   3.5724179e+14
      734.592   3.5720188e+14
      734.646   3.5697560e+14
      734.700   3.5656301e+14
      734.754   3.5613430e+14
      734.808   3.5590524e+14
      734.862   3.5591578e+14
      734.916   3.5597161e+14
      734.970   3.5571580e+14
      735.024   3.5520631e+14
      735.078   3.5480847e+14
      735.132   3.5428795e+14
      735.186   3.5363680e+14
      735.240   3.5329995e+14
      735.294   3.5328013e+14
      735.348   3.5266598e+14
      735.402   3.5138276e+14
      735.456   3.4963286e+14
      735.510   3.4853571e+14
      735.565   3.4792948e+14
      735.619   3.4768517e+14
      735.673   3.4786736e+14
      735.727   3.4888961e+14
      735.781   3.4951208e+14
      735.835   3.4984121e+14
      735.889   3.5029840e+14
      735.943   3.5162273e+14
      735.998   3.5292126e+14
      736.052   3.5370974e+14
      736.106   3.5416751e+14
      736.160   3.5464667e+14
      736.214   3.5417577e+14
      736.269   3.5296334e+14
      736.323   3.5219324e+14
      736.377   3.5178072e+14
      736.431   3.5125596e+14
      736.485   3.5073639e+14
      736.540   3.5077821e+14
      736.594   3.5135619e+14
      736.648   3.5224682e+14
      736.703   3.5301268e+14
      736.757   3.5441387e+14
      736.811   3.5613053e+14
      736.865   3.5719295e+14
      736.920   3.5752127e+14
      736.974   3.5785441e+14
      737.028   3.5794751e+14
      737.083   3.5780142e+14
      737.137   3.5752936e+14
      737.191   3.5704872e+14
      737.246   3.5671539e+14
      737.300   3.5627211e+14
      737.354   3.5572182e+14
      737.409   3.5530017e+14
      737.463   3.5514279e+14
      737.518   3.5488152e+14
      737.572   3.5452624e+14
      737.626   3.5408265e+14
      737.681   3.5383997e+14
      737.735   3.5340429e+14
      737.790   3.5267740e+14
      737.844   3.5221489e+14
      737.898   3.5242912e+14
      737.953   3.5263301e+14
      738.007   3.5288474e+14
      738.062   3.5317698e+14
      738.116   3.5316116e+14
      738.171   3.5267211e+14
      738.225   3.5204079e+14
      738.280   3.5178978e+14
      738.334   3.5168825e+14
      738.389   3.5142916e+14
      738.443   3.5084849e+14
      738.498   3.4923764e+14
      738.552   3.4737462e+14
      738.607   3.4504057e+14
      738.661   3.4302186e+14
      738.716   3.4198847e+14
      738.771   3.4104867e+14
      738.825   3.3849926e+14
      738.880   3.3712002e+14
      738.934   3.3592508e+14
      738.989   3.3531143e+14
      739.044   3.3636531e+14
      739.098   3.3882416e+14
      739.153   3.4109102e+14
      739.208   3.4289479e+14
      739.262   3.4306951e+14
      739.317   3.4388778e+14
      739.372   3.4547247e+14
      739.426   3.4664965e+14
      739.481   3.4818125e+14
      739.536   3.5025178e+14
      739.590   3.5093107e+14
      739.645   3.5051460e+14
      739.700   3.5013023e+14
      739.754   3.5068366e+14
      739.809   3.5184899e+14
      739.864   3.5246746e+14
      739.919   3.5261141e+14
      739.973   3.5223459e+14
      740.028   3.5068349e+14
      740.083   3.4909723e+14
      740.138   3.4816794e+14
      740.192   3.4792744e+14
      740.247   3.4823469e+14
      740.302   3.4894988e+14
      740.357   3.4917677e+14
      740.412   3.4931514e+14
      740.466   3.4916049e+14
      740.521   3.4987060e+14
      740.576   3.5112297e+14
      740.631   3.5268695e+14
      740.686   3.5406867e+14
      740.741   3.5452162e+14
      740.796   3.5251241e+14
      740.851   3.5025583e+14
      740.905   3.4731088e+14
      740.960   3.4420746e+14
      741.015   3.4228475e+14
      741.070   3.4229588e+14
      741.125   3.4206250e+14
      741.180   3.4206285e+14
      741.235   3.4174075e+14
      741.290   3.4247738e+14
      741.345   3.4311472e+14
      741.400   3.4271468e+14
      741.455   3.4200268e+14
      741.510   3.4326659e+14
      741.565   3.4405480e+14
      741.620   3.4427044e+14
      741.675   3.4454527e+14
      741.730   3.4458344e+14
      741.785   3.4349996e+14
      741.840   3.4216076e+14
      741.895   3.4131353e+14
      741.950   3.4217741e+14
      742.005   3.4433584e+14
      742.060   3.4571155e+14
      742.115   3.4574180e+14
      742.170   3.4476799e+14
      742.225   3.4265520e+14
      742.280   3.4087049e+14
      742.335   3.3959968e+14
      742.391   3.3947100e+14
      742.446   3.4006883e+14
      742.501   3.4100885e+14
      742.556   3.4118406e+14
      742.611   3.4229410e+14
      742.666   3.4363068e+14
      742.721   3.4613696e+14
      742.776   3.4921239e+14
      742.832   3.5267450e+14
      742.887   3.5504503e+14
      742.942   3.5660734e+14
      742.997   3.5700259e+14
      743.052   3.5652348e+14
      743.108   3.5558026e+14
      743.163   3.5473357e+14
      743.218   3.5427777e+14
      743.273   3.5383810e+14
      743.329   3.5340684e+14
      743.384   3.5286995e+14
      743.439   3.5268093e+14
      743.494   3.5290462e+14
      743.550   3.5361437e+14
      743.605   3.5445871e+14
      743.660   3.5544614e+14
      743.716   3.5628575e+14
      743.771   3.5681198e+14
      743.826   3.5718445e+14
      743.882   3.5722276e+14
      743.937   3.5681795e+14
      743.992   3.5596231e+14
      744.048   3.5509078e+14
      744.103   3.5382728e+14
      744.158   3.5231517e+14
      744.214   3.5153499e+14
      744.269   3.5112963e+14
      744.325   3.5042760e+14
      744.380   3.4901205e+14
      744.435   3.4696163e+14
      744.491   3.4536242e+14
      744.546   3.4390302e+14
      744.602   3.4222232e+14
      744.657   3.4225102e+14
      744.713   3.4382557e+14
      744.768   3.4434610e+14
      744.823   3.4422097e+14
      744.879   3.4416917e+14
      744.934   3.4484121e+14
      744.990   3.4615425e+14
      745.045   3.4746687e+14
      745.101   3.4934978e+14
      745.156   3.5166494e+14
      745.212   3.5259150e+14
      745.268   3.5250429e+14
      745.323   3.5283555e+14
      745.379   3.5319995e+14
      745.434   3.5372877e+14
      745.490   3.5443954e+14
      745.545   3.5520937e+14
      745.601   3.5562281e+14
      745.657   3.5581176e+14
      745.712   3.5596762e+14
      745.768   3.5638398e+14
      745.823   3.5695132e+14
      745.879   3.5749506e+14
      745.935   3.5796038e+14
      745.990   3.5779973e+14
      746.046   3.5626697e+14
      746.102   3.5376174e+14
      746.157   3.5161018e+14
      746.213   3.4957528e+14
      746.269   3.4800315e+14
      746.324   3.4747301e+14
      746.380   3.4791600e+14
      746.436   3.4797972e+14
      746.492   3.4793512e+14
      746.547   3.4794945e+14
      746.603   3.4914610e+14
      746.659   3.5092567e+14
      746.714   3.5276736e+14
      746.770   3.5467781e+14
      746.826   3.5661028e+14
      746.882   3.5735820e+14
      746.938   3.5743370e+14
      746.993   3.5733499e+14
      747.049   3.5710715e+14
      747.105   3.5678555e+14
      747.161   3.5609228e+14
      747.217   3.5494316e+14
      747.272   3.5417055e+14
      747.328   3.5363164e+14
      747.384   3.5300580e+14
      747.440   3.5248300e+14
      747.496   3.5206594e+14
      747.552   3.5159998e+14
      747.608   3.5114480e+14
      747.664   3.5063531e+14
      747.719   3.5080395e+14
      747.775   3.5153489e+14
      747.831   3.5206500e+14
      747.887   3.5277169e+14
      747.943   3.5350288e+14
      747.999   3.5395993e+14
      748.055   3.5422150e+14
      748.111   3.5454559e+14
      748.167   3.5458183e+14
      748.223   3.5434105e+14
      748.279   3.5368738e+14
      748.335   3.5325372e+14
      748.391   3.5277375e+14
      748.447   3.5238066e+14
      748.503   3.5235153e+14
      748.559   3.5263762e+14
      748.615   3.5295901e+14
      748.671   3.5325330e+14
      748.727   3.5382754e+14
      748.783   3.5462467e+14
      748.839   3.5516641e+14
      748.895   3.5564027e+14
      748.951   3.5592121e+14
      749.008   3.5530939e+14
      749.064   3.5433159e+14
      749.120   3.5345960e+14
      749.176   3.5239443e+14
      749.232   3.5145137e+14
      749.288   3.5050824e+14
      749.344   3.4852863e+14
      749.401   3.4570881e+14
      749.457   3.4303480e+14
      749.513   3.4102415e+14
      749.569   3.4025100e+14
      749.625   3.4088450e+14
      749.681   3.4209500e+14
      749.738   3.4276189e+14
      749.794   3.4283784e+14
      749.850   3.4285929e+14
      749.906   3.4402951e+14
      749.963   3.4599811e+14
      750.019   3.4842392e+14
      750.075   3.5102169e+14
      750.131   3.5303713e+14
      750.188   3.5358290e+14
      750.244   3.5390490e+14
      750.300   3.5439852e+14
      750.356   3.5465250e+14
      750.413   3.5481452e+14
      750.469   3.5483697e+14
      750.525   3.5467149e+14
      750.582   3.5429118e+14
      750.638   3.5415556e+14
      750.694   3.5416433e+14
      750.751   3.5431815e+14
      750.807   3.5420976e+14
      750.863   3.5398678e+14
      750.920   3.5241206e+14
      750.976   3.4920603e+14
      751.033   3.4667681e+14
      751.089   3.4425063e+14
      751.146   3.4203460e+14
      751.202   3.4104779e+14
      751.258   3.4167837e+14
      751.315   3.4171214e+14
      751.371   3.4117244e+14
      751.428   3.3989374e+14
      751.484   3.4055992e+14
      751.541   3.4246575e+14
      751.597   3.4472070e+14
      751.654   3.4736694e+14
      751.710   3.5065738e+14
      751.767   3.5208158e+14
      751.823   3.5235324e+14
      751.880   3.5230060e+14
      751.936   3.5229104e+14
      751.993   3.5258252e+14
      752.049   3.5324766e+14
      752.106   3.5316231e+14
      752.162   3.5197540e+14
      752.219   3.5093097e+14
      752.276   3.4980437e+14
      752.332   3.4820151e+14
      752.389   3.4637758e+14
      752.445   3.4597122e+14
      752.502   3.4533568e+14
      752.559   3.4450602e+14
      752.615   3.4386148e+14
      752.672   3.4516125e+14
      752.729   3.4684681e+14
      752.785   3.4852664e+14
      752.842   3.4994751e+14
      752.899   3.5232037e+14
      752.955   3.5306026e+14
      753.012   3.5275543e+14
      753.069   3.5259945e+14
      753.125   3.5279590e+14
      753.182   3.5225690e+14
      753.239   3.5190384e+14
      753.296   3.5169850e+14
      753.352   3.5130646e+14
      753.409   3.5073975e+14
      753.466   3.5060267e+14
      753.523   3.5110071e+14
      753.579   3.5178169e+14
      753.636   3.5244414e+14
      753.693   3.5332033e+14
      753.750   3.5401862e+14
      753.807   3.5411728e+14
      753.864   3.5400777e+14
      753.920   3.5408671e+14
      753.977   3.5412781e+14
      754.034   3.5385389e+14
      754.091   3.5360459e+14
      754.148   3.5333330e+14
      754.205   3.5301263e+14
      754.262   3.5271658e+14
      754.318   3.5259258e+14
      754.375   3.5245540e+14
      754.432   3.5236759e+14
      754.489   3.5221939e+14
      754.546   3.5204924e+14
      754.603   3.5169533e+14
      754.660   3.5120421e+14
      754.717   3.5079810e+14
      754.774   3.5054820e+14
      754.831   3.5056705e+14
      754.888   3.5092334e+14
      754.945   3.5137841e+14
      755.002   3.5169349e+14
      755.059   3.5188017e+14
      755.116   3.5196542e+14
      755.173   3.5221797e+14
      755.230   3.5257213e+14
      755.287   3.5297575e+14
      755.344   3.5306926e+14
      755.401   3.5223772e+14
      755.458   3.5128255e+14
      755.515   3.5041507e+14
      755.572   3.4939095e+14
      755.629   3.4867149e+14
      755.687   3.4911663e+14
      755.744   3.4953666e+14
      755.801   3.4937181e+14
      755.858   3.4843790e+14
      755.915   3.4787740e+14
      755.972   3.4792937e+14
      756.029   3.4818188e+14
      756.086   3.4854435e+14
      756.144   3.4983041e+14
      756.201   3.5089915e+14
      756.258   3.5112996e+14
      756.315   3.5086341e+14
      756.372   3.5078093e+14
      756.430   3.5142445e+14
      756.487   3.5245521e+14
      756.544   3.5360430e+14
      756.601   3.5495424e+14
      756.659   3.5627732e+14
      756.716   3.5621990e+14
      756.773   3.5462268e+14
      756.830   3.5324523e+14
      756.888   3.5229700e+14
      756.945   3.5147473e+14
      757.002   3.5113100e+14
      757.060   3.5178284e+14
      757.117   3.5216744e+14
      757.174   3.5201018e+14
      757.232   3.5103623e+14
      757.289   3.5035606e+14
      757.346   3.5049028e+14
      757.404   3.5070480e+14
      757.461   3.5116103e+14
      757.518   3.5230823e+14
      757.576   3.5301283e+14
      757.633   3.5255546e+14
      757.691   3.5187275e+14
      757.748   3.5098016e+14
      757.805   3.5088871e+14
      757.863   3.5125755e+14
      757.920   3.5205561e+14
      757.978   3.5296713e+14
      758.035   3.5387554e+14
      758.093   3.5368010e+14
      758.150   3.5332984e+14
      758.208   3.5227749e+14
      758.265   3.5040624e+14
      758.323   3.4907799e+14
      758.380   3.4780137e+14
      758.438   3.4555778e+14
      758.495   3.4368821e+14
      758.553   3.4278065e+14
      758.610   3.4166309e+14
      758.668   3.4036659e+14
      758.725   3.3982749e+14
      758.783   3.4079417e+14
      758.841   3.4200361e+14
      758.898   3.4279087e+14
      758.956   3.4446667e+14
      759.013   3.4684834e+14
      759.071   3.4822431e+14
      759.129   3.4913985e+14
      759.186   3.5047985e+14
      759.244   3.5132400e+14
      759.301   3.5130698e+14
      759.359   3.5086552e+14
      759.417   3.5061439e+14
      759.474   3.5022200e+14
      759.532   3.4983555e+14
      759.590   3.4969745e+14
      759.648   3.4980498e+14
      759.705   3.4969672e+14
      759.763   3.4964133e+14
      759.821   3.4978749e+14
      759.878   3.5006852e+14
      759.936   3.5018986e+14
      759.994   3.5036376e+14
      760.052   3.5021452e+14
      760.109   3.4942401e+14
      760.167   3.4867799e+14
      760.225   3.4813080e+14
      760.283   3.4756139e+14
      760.341   3.4703058e+14
      760.398   3.4655725e+14
      760.456   3.4610365e+14
      760.514   3.4520779e+14
      760.572   3.4434497e+14
      760.630   3.4439410e+14
      760.688   3.4524482e+14
      760.746   3.4586622e+14
      760.803   3.4649554e+14
      760.861   3.4655315e+14
      760.919   3.4611304e+14
      760.977   3.4554289e+14
      761.035   3.4527662e+14
      761.093   3.4530238e+14
      761.151   3.4593108e+14
      761.209   3.4637734e+14
      761.267   3.4657748e+14
      761.325   3.4623807e+14
      761.383   3.4588485e+14
      761.441   3.4625649e+14
      761.499   3.4622145e+14
      761.557   3.4483017e+14
      761.615   3.4394794e+14
      761.673   3.4271954e+14
      761.731   3.4101476e+14
      761.789   3.3860638e+14
      761.847   3.3757927e+14
      761.905   3.3543049e+14
      761.963   3.3392930e+14
      762.021   3.3247773e+14
      762.079   3.3360467e+14
      762.137   3.3527207e+14
      762.195   3.3805622e+14
      762.253   3.4022300e+14
      762.311   3.4360662e+14
      762.369   3.4469628e+14
      762.428   3.4559822e+14
      762.486   3.4677974e+14
      762.544   3.4828854e+14
      762.602   3.4883286e+14
      762.660   3.4949097e+14
      762.718   3.4984147e+14
      762.776   3.4956804e+14
      762.835   3.4910656e+14
      762.893   3.4848355e+14
      762.951   3.4849843e+14
      763.009   3.4870448e+14
      763.068   3.4895443e+14
      763.126   3.4925386e+14
      763.184   3.4968378e+14
      763.242   3.4939778e+14
      763.301   3.4912896e+14
      763.359   3.4893999e+14
      763.417   3.4876210e+14
      763.475   3.4865079e+14
      763.534   3.4861220e+14
      763.592   3.4850918e+14
      763.650   3.4837844e+14
      763.709   3.4827585e+14
      763.767   3.4821446e+14
      763.825   3.4809748e+14
      763.884   3.4772544e+14
      763.942   3.4744729e+14
      764.000   3.4716074e+14
      764.059   3.4683574e+14
      764.117   3.4658796e+14
      764.175   3.4666529e+14
      764.234   3.4676535e+14
      764.292   3.4687598e+14
      764.351   3.4687882e+14
      764.409   3.4706736e+14
      764.468   3.4728424e+14
      764.526   3.4757570e+14
      764.584   3.4787552e+14
      764.643   3.4826774e+14
      764.701   3.4843140e+14
      764.760   3.4848995e+14
      764.818   3.4851736e+14
      764.877   3.4850357e+14
      764.935   3.4849208e+14
      764.994   3.4855340e+14
      765.052   3.4861945e+14
      765.111   3.4860304e+14
      765.169   3.4852526e+14
      765.228   3.4782154e+14
      765.287   3.4710106e+14
      765.345   3.4586000e+14
      765.404   3.4437415e+14
      765.462   3.4328039e+14
      765.521   3.4280459e+14
      765.580   3.4158844e+14
      765.638   3.3961775e+14
      765.697   3.3770558e+14
      765.755   3.3518634e+14
      765.814   3.3271998e+14
      765.873   3.3085191e+14
      765.931   3.3057864e+14
      765.990   3.2958165e+14
      766.049   3.2923890e+14
      766.107   3.2865928e+14
      766.166   3.2926856e+14
      766.225   3.2896467e+14
      766.284   3.2793968e+14
      766.342   3.2551112e+14
      766.401   3.2460851e+14
      766.460   3.2264765e+14
      766.518   3.2249370e+14
      766.577   3.2441170e+14
      766.636   3.2755790e+14
      766.695   3.2915592e+14
      766.754   3.2956212e+14
      766.812   3.2952532e+14
      766.871   3.3218468e+14
      766.930   3.3587758e+14
      766.989   3.3990769e+14
      767.048   3.4469819e+14
      767.106   3.4855442e+14
      767.165   3.4940320e+14
      767.224   3.4909573e+14
      767.283   3.4874071e+14
      767.342   3.4891247e+14
      767.401   3.4925708e+14
      767.460   3.4949310e+14
      767.519   3.4975423e+14
      767.578   3.4990109e+14
      767.636   3.4962030e+14
      767.695   3.4918128e+14
      767.754   3.4886488e+14
      767.813   3.4821907e+14
      767.872   3.4663528e+14
      767.931   3.4526875e+14
      767.990   3.4421729e+14
      768.049   3.4316554e+14
      768.108   3.4235364e+14
      768.167   3.4247723e+14
      768.226   3.4239968e+14
      768.285   3.4207343e+14
      768.344   3.4139784e+14
      768.403   3.4179519e+14
      768.462   3.4256432e+14
      768.521   3.4330297e+14
      768.580   3.4410894e+14
      768.640   3.4524588e+14
      768.699   3.4525798e+14
      768.758   3.4476389e+14
      768.817   3.4435358e+14
      768.876   3.4403543e+14
      768.935   3.4374519e+14
      768.994   3.4248661e+14
      769.053   3.4156487e+14
      769.112   3.4064878e+14
      769.172   3.3966852e+14
      769.231   3.3916088e+14
      769.290   3.4013406e+14
      769.349   3.4085825e+14
      769.408   3.4111494e+14
      769.468   3.4105563e+14
      769.527   3.4186396e+14
      769.586   3.4296083e+14
      769.645   3.4416713e+14
      769.704   3.4503460e+14
      769.764   3.4432011e+14
      769.823   3.4304765e+14
      769.882   3.4098514e+14
      769.942   3.3902077e+14
      770.001   3.3776455e+14
      770.060   3.3864038e+14
      770.119   3.3897834e+14
      770.179   3.3898042e+14
      770.238   3.3817788e+14
      770.297   3.3934821e+14
      770.357   3.4099832e+14
      770.416   3.4261459e+14
      770.475   3.4441046e+14
      770.535   3.4690216e+14
      770.594   3.4745104e+14
      770.654   3.4733871e+14
      770.713   3.4718956e+14
      770.772   3.4716368e+14
      770.832   3.4665029e+14
      770.891   3.4474556e+14
      770.951   3.4306531e+14
      771.010   3.4077394e+14
      771.069   3.3886244e+14
      771.129   3.3754022e+14
      771.188   3.3752172e+14
      771.248   3.3677706e+14
      771.307   3.3546788e+14
      771.367   3.3388114e+14
      771.426   3.3364349e+14
      771.486   3.3367564e+14
      771.545   3.3503209e+14
      771.605   3.3781793e+14
      771.664   3.4065144e+14
      771.724   3.4175093e+14
      771.784   3.4214592e+14
      771.843   3.4285775e+14
      771.903   3.4336518e+14
      771.962   3.4378800e+14
      772.022   3.4447529e+14
      772.082   3.4516274e+14
      772.141   3.4397068e+14
      772.201   3.4219181e+14
      772.260   3.4067625e+14
      772.320   3.3920865e+14
      772.380   3.3768181e+14
      772.439   3.3716027e+14
      772.499   3.3753272e+14
      772.559   3.3725041e+14
      772.618   3.3569997e+14
      772.678   3.3545681e+14
      772.738   3.3600352e+14
      772.798   3.3632257e+14
      772.857   3.3695614e+14
      772.917   3.3929416e+14
      772.977   3.4103363e+14
      773.036   3.4164637e+14
      773.096   3.4167637e+14
      773.156   3.4291295e+14
      773.216   3.4376720e+14
      773.276   3.4442463e+14
      773.335   3.4521960e+14
      773.395   3.4652147e+14
      773.455   3.4669249e+14
      773.515   3.4675942e+14
      773.575   3.4671379e+14
      773.635   3.4656403e+14
      773.694   3.4633217e+14
      773.754   3.4638506e+14
      773.814   3.4647166e+14
      773.874   3.4656954e+14
      773.934   3.4674905e+14
      773.994   3.4696240e+14
      774.054   3.4661268e+14
      774.114   3.4520412e+14
      774.174   3.4416429e+14
      774.234   3.4319750e+14
      774.293   3.4218227e+14
      774.353   3.4124057e+14
      774.413   3.4073531e+14
      774.473   3.3884118e+14
      774.533   3.3695246e+14
      774.593   3.3458727e+14
      774.653   3.3183013e+14
      774.713   3.2890071e+14
      774.773   3.2716288e+14
      774.833   3.2548396e+14
      774.893   3.2410075e+14
      774.953   3.2266380e+14
      775.014   3.2338456e+14
      775.074   3.2453643e+14
      775.134   3.2501193e+14
      775.194   3.2633644e+14
      775.254   3.2986717e+14
      775.314   3.3289969e+14
      775.374   3.3547038e+14
      775.434   3.3836083e+14
      775.494   3.4132840e+14
      775.555   3.4295406e+14
      775.615   3.4366453e+14
      775.675   3.4429338e+14
      775.735   3.4504103e+14
      775.795   3.4480019e+14
      775.855   3.4435871e+14
      775.916   3.4388127e+14
      775.976   3.4344796e+14
      776.036   3.4315013e+14
      776.096   3.4314905e+14
      776.156   3.4314229e+14
      776.217   3.4314210e+14
      776.277   3.4297124e+14
      776.337   3.4295593e+14
      776.398   3.4291327e+14
      776.458   3.4306772e+14
      776.518   3.4345714e+14
      776.578   3.4402779e+14
      776.639   3.4436458e+14
      776.699   3.4472316e+14
      776.759   3.4482700e+14
      776.820   3.4472216e+14
      776.880   3.4456816e+14
      776.940   3.4447643e+14
      777.001   3.4396827e+14
      777.061   3.4267820e+14
      777.122   3.4162911e+14
      777.182   3.4052875e+14
      777.242   3.3874814e+14
      777.303   3.3712056e+14
      777.363   3.3582438e+14
      777.424   3.3429586e+14
      777.484   3.3280392e+14
      777.544   3.3177109e+14
      777.605   3.3174759e+14
      777.665   3.3236746e+14
      777.726   3.3284578e+14
      777.786   3.3373220e+14
      777.847   3.3495061e+14
      777.907   3.3548273e+14
      777.968   3.3613415e+14
      778.029   3.3695857e+14
      778.089   3.3750215e+14
      778.150   3.3792685e+14
      778.210   3.3827200e+14
      778.271   3.3858611e+14
      778.331   3.3890294e+14
      778.392   3.3902710e+14
      778.452   3.3928721e+14
      778.513   3.3953900e+14
      778.574   3.3979648e+14
      778.634   3.4005379e+14
      778.695   3.4010424e+14
      778.756   3.3896901e+14
      778.816   3.3817961e+14
      778.877   3.3746405e+14
      778.938   3.3674280e+14
      778.998   3.3633054e+14
      779.059   3.3693047e+14
      779.120   3.3725580e+14
      779.180   3.3725443e+14
      779.241   3.3688745e+14
      779.302   3.3750798e+14
      779.362   3.3835242e+14
      779.423   3.3908958e+14
      779.484   3.3996027e+14
      779.545   3.4085099e+14
      779.606   3.3954715e+14
      779.666   3.3842433e+14
      779.727   3.3727623e+14
      779.788   3.3569629e+14
      779.849   3.3420694e+14
      779.910   3.3401541e+14
      779.970   3.3344560e+14
      780.031   3.3285059e+14
      780.092   3.3214464e+14
      780.153   3.3295584e+14
      780.214   3.3392915e+14
      780.275   3.3477187e+14
      780.336   3.3593872e+14
      780.396   3.3812564e+14
      780.457   3.3912518e+14
      780.518   3.3992031e+14
      780.579   3.4051366e+14
      780.640   3.4016317e+14
      780.701   3.3976430e+14
      780.762   3.3934547e+14
      780.823   3.3886113e+14
      780.884   3.3834828e+14
      780.945   3.3739734e+14
      781.006   3.3628663e+14
      781.067   3.3499102e+14
      781.128   3.3344480e+14
      781.189   3.3305925e+14
      781.250   3.3406210e+14
      781.311   3.3479760e+14
      781.372   3.3540522e+14
      781.433   3.3585635e+14
      781.494   3.3650675e+14
      781.555   3.3735082e+14
      781.616   3.3826904e+14
      781.677   3.3933253e+14
      781.739   3.4089199e+14
      781.800   3.4141202e+14
      781.861   3.4151356e+14
      781.922   3.4137022e+14
      781.983   3.4124963e+14
      782.044   3.4092678e+14
      782.105   3.4064950e+14
      782.167   3.4040960e+14
      782.228   3.4030314e+14
      782.289   3.4019952e+14
      782.350   3.4027248e+14
      782.411   3.4019732e+14
      782.473   3.3998580e+14
      782.534   3.3891603e+14
      782.595   3.3839045e+14
      782.656   3.3798738e+14
      782.718   3.3767010e+14
      782.779   3.3749493e+14
      782.840   3.3825476e+14
      782.901   3.3853004e+14
      782.963   3.3846647e+14
      783.024   3.3736206e+14
      783.085   3.3514741e+14
      783.147   3.3380257e+14
      783.208   3.3265952e+14
      783.269   3.3170450e+14
      783.331   3.3155143e+14
      783.392   3.3165172e+14
      783.453   3.3019127e+14
      783.515   3.2855985e+14
      783.576   3.2653658e+14
      783.638   3.2685670e+14
      783.699   3.2854644e+14
      783.760   3.3094161e+14
      783.822   3.3301798e+14
      783.883   3.3511134e+14
      783.945   3.3533246e+14
      784.006   3.3583294e+14
      784.068   3.3647687e+14
      784.129   3.3730606e+14
      784.191   3.3851579e+14
      784.252   3.3936817e+14
      784.314   3.3914982e+14
      784.375   3.3880511e+14
      784.437   3.3844374e+14
      784.498   3.3805890e+14
      784.560   3.3792608e+14
      784.621   3.3808706e+14
      784.683   3.3814003e+14
      784.745   3.3824442e+14
      784.806   3.3812241e+14
      784.868   3.3769779e+14
      784.929   3.3738408e+14
      784.991   3.3709371e+14
      785.053   3.3650362e+14
      785.114   3.3613572e+14
      785.176   3.3593701e+14
      785.238   3.3572109e+14
      785.299   3.3536730e+14
      785.361   3.3485367e+14
      785.423   3.3426265e+14
      785.484   3.3179344e+14
      785.546   3.2976512e+14
      785.608   3.2832611e+14
      785.669   3.2755916e+14
      785.731   3.2691857e+14
      785.793   3.2812192e+14
      785.855   3.2855513e+14
      785.916   3.2844665e+14
      785.978   3.2766264e+14
      786.040   3.2900684e+14
      786.102   3.3088698e+14
      786.164   3.3304533e+14
      786.225   3.3518928e+14
      786.287   3.3785278e+14
      786.349   3.3836738e+14
      786.411   3.3829164e+14
      786.473   3.3829905e+14
      786.535   3.3858735e+14
      786.596   3.3888092e+14
      786.658   3.3924963e+14
      786.720   3.3958393e+14
      786.782   3.3958856e+14
      786.844   3.3924900e+14
      786.906   3.3900695e+14
      786.968   3.3862716e+14
      787.030   3.3838914e+14
      787.092   3.3819229e+14
      787.154   3.3813026e+14
      787.216   3.3788463e+14
      787.278   3.3765328e+14
      787.340   3.3747067e+14
      787.402   3.3758362e+14
      787.464   3.3738090e+14
      787.526   3.3727860e+14
      787.588   3.3701269e+14
      787.650   3.3683570e+14
      787.712   3.3653525e+14
      787.774   3.3663095e+14
      787.836   3.3632760e+14
      787.898   3.3625390e+14
      787.960   3.3587005e+14
      788.022   3.3513009e+14
      788.084   3.3469159e+14
      788.146   3.3495087e+14
      788.208   3.3521308e+14
      788.271   3.3561348e+14
      788.333   3.3614572e+14
      788.395   3.3669239e+14
      788.457   3.3693461e+14
      788.519   3.3678043e+14
      788.581   3.3734736e+14
      788.644   3.3812156e+14
      788.706   3.3845300e+14
      788.768   3.3872124e+14
      788.830   3.3927980e+14
      788.892   3.3916592e+14
      788.955   3.3904948e+14
      789.017   3.3896536e+14
      789.079   3.3896842e+14
      789.141   3.3901751e+14
      789.204   3.3895760e+14
      789.266   3.3881122e+14
      789.328   3.3871367e+14
      789.391   3.3865659e+14
      789.453   3.3851876e+14
      789.515   3.3837516e+14
      789.578   3.3822893e+14
      789.640   3.3810833e+14
      789.702   3.3791290e+14
      789.765   3.3779540e+14
      789.827   3.3781855e+14
      789.889   3.3781288e+14
      789.952   3.3735310e+14
      790.014   3.3719786e+14
      790.077   3.3735350e+14
      790.139   3.3754061e+14
      790.201   3.3783988e+14
      790.264   3.3854216e+14
      790.326   3.3888751e+14
      790.389   3.3872680e+14
      790.451   3.3860323e+14
      790.514   3.3887982e+14
      790.576   3.3937201e+14
      790.639   3.4016659e+14
      790.701   3.4051787e+14
      790.764   3.4067657e+14
      790.826   3.4047817e+14
      790.889   3.4016779e+14
      790.951   3.3982835e+14
      791.014   3.3903351e+14
      791.077   3.3800108e+14
      791.139   3.3625703e+14
      791.202   3.3415907e+14
      791.264   3.3214967e+14
      791.327   3.3082560e+14
      791.390   3.2974902e+14
      791.452   3.2939181e+14
      791.515   3.2937476e+14
      791.578   3.2927998e+14
      791.640   3.2898318e+14
      791.703   3.2883642e+14
      791.766   3.2893166e+14
      791.828   3.2899200e+14
      791.891   3.2892880e+14
      791.954   3.2916813e+14
      792.016   3.2936391e+14
      792.079   3.2942460e+14
      792.142   3.2990900e+14
      792.205   3.3072488e+14
      792.267   3.3182585e+14
      792.330   3.3301672e+14
      792.393   3.3417602e+14
      792.456   3.3487424e+14
      792.519   3.3513428e+14
      792.581   3.3494129e+14
      792.644   3.3453527e+14
      792.707   3.3415225e+14
      792.770   3.3393357e+14
      792.833   3.3381581e+14
      792.896   3.3308364e+14
      792.959   3.3213214e+14
      793.021   3.3102048e+14
      793.084   3.2910226e+14
      793.147   3.2679717e+14
      793.210   3.2505159e+14
      793.273   3.2372995e+14
      793.336   3.2250333e+14
      793.399   3.2230680e+14
      793.462   3.2307708e+14
      793.525   3.2297009e+14
      793.588   3.2200867e+14
      793.651   3.2176876e+14
      793.714   3.2181465e+14
      793.777   3.2154583e+14
      793.840   3.2212866e+14
      793.903   3.2335545e+14
      793.966   3.2321081e+14
      794.029   3.2266480e+14
      794.092   3.2335179e+14
      794.155   3.2487931e+14
      794.218   3.2578891e+14
      794.281   3.2697303e+14
      794.344   3.2790595e+14
      794.407   3.2603699e+14
      794.470   3.2296309e+14
      794.534   3.2120947e+14
      794.597   3.2006780e+14
      794.660   3.1920047e+14
      794.723   3.2000611e+14
      794.786   3.2203716e+14
      794.849   3.2381409e+14
      794.913   3.2573613e+14
      794.976   3.2864936e+14
      795.039   3.3185440e+14
      795.102   3.3435934e+14
      795.165   3.3651223e+14
      795.229   3.3821539e+14
      795.292   3.3843157e+14
      795.355   3.3800852e+14
      795.418   3.3718611e+14
      795.482   3.3636128e+14
      795.545   3.3557022e+14
      795.608   3.3476730e+14
      795.672   3.3403154e+14
      795.735   3.3329762e+14
      795.798   3.3249113e+14
      795.862   3.3184155e+14
      795.925   3.3154438e+14
      795.988   3.3170481e+14
      796.052   3.3227453e+14
      796.115   3.3294799e+14
      796.178   3.3339267e+14
      796.242   3.3367016e+14
      796.305   3.3381064e+14
      796.369   3.3382149e+14
      796.432   3.3380835e+14
      796.495   3.3399240e+14
      796.559   3.3402357e+14
      796.622   3.3390305e+14
      796.686   3.3383838e+14
      796.749   3.3387165e+14
      796.813   3.3402460e+14
      796.876   3.3414201e+14
      796.940   3.3428927e+14
      797.003   3.3439122e+14
      797.067   3.3431941e+14
      797.130   3.3426169e+14
      797.194   3.3421599e+14
      797.257   3.3404496e+14
      797.321   3.3359256e+14
      797.385   3.3321564e+14
      797.448   3.3313452e+14
      797.512   3.3318171e+14
      797.575   3.3330686e+14
      797.639   3.3374341e+14
      797.703   3.3399694e+14
      797.766   3.3383157e+14
      797.830   3.3370145e+14
      797.894   3.3382423e+14
      797.957   3.3393204e+14
      798.021   3.3413044e+14
      798.085   3.3432887e+14
      798.148   3.3437856e+14
      798.212   3.3420772e+14
      798.276   3.3416478e+14
      798.339   3.3423483e+14
      798.403   3.3442754e+14
      798.467   3.3468420e+14
      798.531   3.3487110e+14
      798.594   3.3467354e+14
      798.658   3.3423201e+14
      798.722   3.3376709e+14
      798.786   3.3329341e+14
      798.850   3.3292726e+14
      798.913   3.3284008e+14
      798.977   3.3284062e+14
      799.041   3.3267055e+14
      799.105   3.3256055e+14
      799.169   3.3264853e+14
      799.233   3.3285298e+14
      799.297   3.3301090e+14
      799.361   3.3302031e+14
      799.424   3.3281093e+14
      799.488   3.3227855e+14
      799.552   3.3171995e+14
      799.616   3.3168264e+14
      799.680   3.3155207e+14
      799.744   3.3008141e+14
      799.808   3.2810646e+14
      799.872   3.2623034e+14
      799.936   3.2452579e+14
      800.000   3.2319699e+14
      800.064   3.2313280e+14
      800.128   3.2345040e+14
      800.192   3.2356982e+14
      800.256   3.2407402e+14
      800.320   3.2601258e+14
      800.384   3.2847035e+14
      800.448   3.3121420e+14
      800.512   3.3352105e+14
      800.576   3.3503216e+14
      800.641   3.3527244e+14
      800.705   3.3527899e+14
      800.769   3.3525345e+14
      800.833   3.3526298e+14
      800.897   3.3512949e+14
      800.961   3.3468681e+14
      801.025   3.3409911e+14
      801.089   3.3351724e+14
      801.154   3.3308753e+14
      801.218   3.3291991e+14
      801.282   3.3292732e+14
      801.346   3.3299606e+14
      801.411   3.3318496e+14
      801.475   3.3353108e+14
      801.539   3.3375462e+14
      801.603   3.3374460e+14
      801.667   3.3367615e+14
      801.732   3.3354976e+14
      801.796   3.3325051e+14
      801.860   3.3298328e+14
      801.925   3.3281299e+14
      801.989   3.3260123e+14
      802.053   3.3219649e+14
      802.118   3.3193251e+14
      802.182   3.3198944e+14
      802.246   3.3217501e+14
      802.311   3.3236993e+14
      802.375   3.3306136e+14
      802.439   3.3348979e+14
      802.504   3.3336608e+14
      802.568   3.3303126e+14
      802.633   3.3220554e+14
      802.697   3.3073846e+14
      802.761   3.2921547e+14
      802.826   3.2807309e+14
      802.890   3.2708504e+14
      802.955   3.2668547e+14
      803.019   3.2721202e+14
      803.084   3.2815099e+14
      803.148   3.2931218e+14
      803.213   3.3128467e+14
      803.277   3.3326587e+14
      803.342   3.3448353e+14
      803.406   3.3503934e+14
      803.471   3.3522951e+14
      803.536   3.3459110e+14
      803.600   3.3352180e+14
      803.665   3.3279830e+14
      803.729   3.3247850e+14
      803.794   3.3219409e+14
      803.859   3.3199756e+14
      803.923   3.3227811e+14
      803.988   3.3289882e+14
      804.052   3.3361010e+14
      804.117   3.3433935e+14
      804.182   3.3516830e+14
      804.246   3.3565130e+14
      804.311   3.3571270e+14
      804.376   3.3546057e+14
      804.440   3.3397727e+14
      804.505   3.3181704e+14
      804.570   3.2926091e+14
      804.635   3.2645825e+14
      804.699   3.2376337e+14
      804.764   3.2207401e+14
      804.829   3.2082412e+14
      804.894   3.1989660e+14
      804.958   3.1990104e+14
      805.023   3.2127366e+14
      805.088   3.2335829e+14
      805.153   3.2580993e+14
      805.218   3.2841747e+14
      805.283   3.3029222e+14
      805.347   3.3119867e+14
      805.412   3.3183890e+14
      805.477   3.3196860e+14
      805.542   3.3217171e+14
      805.607   3.3248348e+14
      805.672   3.3246947e+14
      805.737   3.3227641e+14
      805.802   3.3230935e+14
      805.867   3.3248909e+14
      805.932   3.3270410e+14
      805.997   3.3301901e+14
      806.062   3.3346609e+14
      806.127   3.3361957e+14
      806.192   3.3360857e+14
      806.257   3.3357406e+14
      806.322   3.3344845e+14
      806.387   3.3341095e+14
      806.452   3.3346754e+14
      806.517   3.3349761e+14
      806.582   3.3350417e+14
      806.647   3.3352838e+14
      806.712   3.3343205e+14
      806.777   3.3318578e+14
      806.842   3.3291591e+14
      806.907   3.3244015e+14
      806.972   3.3182608e+14
      807.037   3.3102493e+14
      807.102   3.3009820e+14
      807.168   3.2918334e+14
      807.233   3.2857115e+14
      807.298   3.2824132e+14
      807.363   3.2783497e+14
      807.428   3.2753154e+14
      807.494   3.2757254e+14
      807.559   3.2784278e+14
      807.624   3.2839846e+14
      807.689   3.2948086e+14
      807.754   3.3069578e+14
      807.820   3.3151083e+14
      807.885   3.3190783e+14
      807.950   3.3217241e+14
      808.016   3.3228719e+14
      808.081   3.3227516e+14
      808.146   3.3231908e+14
      808.211   3.3246894e+14
      808.277   3.3227168e+14
      808.342   3.3087315e+14
      808.407   3.2908885e+14
      808.473   3.2781392e+14
      808.538   3.2669767e+14
      808.604   3.2587005e+14
      808.669   3.2629344e+14
      808.734   3.2697898e+14
      808.800   3.2677254e+14
      808.865   3.2673671e+14
      808.931   3.2767578e+14
      808.996   3.2872665e+14
      809.061   3.2968423e+14
      809.127   3.3041937e+14
      809.192   3.3034118e+14
      809.258   3.2915568e+14
      809.323   3.2803143e+14
      809.389   3.2751733e+14
      809.454   3.2774234e+14
      809.520   3.2773501e+14
      809.586   3.2738579e+14
      809.651   3.2711860e+14
      809.717   3.2625344e+14
      809.782   3.2504567e+14
      809.848   3.2468729e+14
      809.913   3.2469693e+14
      809.979   3.2432364e+14
      810.045   3.2446045e+14
      810.110   3.2539026e+14
      810.176   3.2623214e+14
      810.241   3.2747490e+14
      810.307   3.2948525e+14
      810.373   3.3120095e+14
      810.438   3.3219066e+14
      810.504   3.3309544e+14
      810.570   3.3356357e+14
      810.636   3.3332940e+14
      810.701   3.3310065e+14
      810.767   3.3302582e+14
      810.833   3.3291846e+14
      810.898   3.3274570e+14
      810.964   3.3272097e+14
      811.030   3.3263842e+14
      811.096   3.3243677e+14
      811.162   3.3238280e+14
      811.227   3.3246412e+14
      811.293   3.3236282e+14
      811.359   3.3226744e+14
      811.425   3.3229608e+14
      811.491   3.3217410e+14
      811.557   3.3205794e+14
      811.622   3.3224857e+14
      811.688   3.3234521e+14
      811.754   3.3224972e+14
      811.820   3.3221921e+14
      811.886   3.3227742e+14
      811.952   3.3228541e+14
      812.018   3.3257135e+14
      812.084   3.3312065e+14
      812.150   3.3365826e+14
      812.216   3.3415749e+14
      812.282   3.3457103e+14
      812.348   3.3478339e+14
      812.414   3.3487447e+14
      812.480   3.3478791e+14
      812.546   3.3452671e+14
      812.612   3.3420915e+14
      812.678   3.3393890e+14
      812.744   3.3362421e+14
      812.810   3.3350188e+14
      812.876   3.3356020e+14
      812.942   3.3363044e+14
      813.008   3.3381509e+14
      813.074   3.3415472e+14
      813.140   3.3452108e+14
      813.206   3.3485782e+14
      813.273   3.3525140e+14
      813.339   3.3552601e+14
      813.405   3.3554277e+14
      813.471   3.3547951e+14
      813.537   3.3537176e+14
      813.603   3.3521060e+14
      813.670   3.3507651e+14
      813.736   3.3491235e+14
      813.802   3.3457312e+14
      813.868   3.3410931e+14
      813.935   3.3367843e+14
      814.001   3.3329749e+14
      814.067   3.3292838e+14
      814.133   3.3263330e+14
      814.200   3.3242176e+14
      814.266   3.3220971e+14
      814.332   3.3220832e+14
      814.399   3.3237955e+14
      814.465   3.3260679e+14
      814.531   3.3280430e+14
      814.598   3.3303204e+14
      814.664   3.3327713e+14
      814.730   3.3344214e+14
      814.797   3.3327793e+14
      814.863   3.3281628e+14
      814.930   3.3224510e+14
      814.996   3.3165554e+14
      815.062   3.3106943e+14
      815.129   3.3077211e+14
      815.195   3.3084567e+14
      815.262   3.3087513e+14
      815.328   3.3093383e+14
      815.395   3.3126348e+14
      815.461   3.3183046e+14
      815.528   3.3232975e+14
      815.594   3.3277209e+14
      815.661   3.3314957e+14
      815.727   3.3317278e+14
      815.794   3.3292887e+14
      815.860   3.3280040e+14
      815.927   3.3287464e+14
      815.993   3.3279668e+14
      816.060   3.3235924e+14
      816.127   3.3182349e+14
      816.193   3.3130205e+14
      816.260   3.3081073e+14
      816.327   3.3050979e+14
      816.393   3.3063096e+14
      816.460   3.3085083e+14
      816.526   3.3086789e+14
      816.593   3.3106401e+14
      816.660   3.3126316e+14
      816.727   3.3119732e+14
      816.793   3.3113990e+14
      816.860   3.3110974e+14
      816.927   3.3078171e+14
      816.993   3.3041439e+14
      817.060   3.3028110e+14
      817.127   3.3010047e+14
      817.194   3.3011648e+14
      817.261   3.3039460e+14
      817.327   3.3070547e+14
      817.394   3.3107308e+14
      817.461   3.3154792e+14
      817.528   3.3179335e+14
      817.595   3.3173190e+14
      817.661   3.3159581e+14
      817.728   3.3112611e+14
      817.795   3.3045968e+14
      817.862   3.2996908e+14
      817.929   3.2943969e+14
      817.996   3.2898474e+14
      818.063   3.2866991e+14
      818.130   3.2705270e+14
      818.197   3.2396315e+14
      818.264   3.2124896e+14
      818.331   3.1900258e+14
      818.398   3.1700351e+14
      818.465   3.1639029e+14
      818.532   3.1664735e+14
      818.599   3.1597443e+14
      818.666   3.1594236e+14
      818.733   3.1743051e+14
      818.800   3.1949098e+14
      818.867   3.2217460e+14
      818.934   3.2552303e+14
      819.001   3.2787938e+14
      819.068   3.2897049e+14
      819.135   3.2983229e+14
      819.202   3.3055705e+14
      819.269   3.3022915e+14
      819.336   3.2804002e+14
      819.403   3.2484793e+14
      819.471   3.2143195e+14
      819.538   3.1783255e+14
      819.605   3.1531554e+14
      819.672   3.1459164e+14
      819.739   3.1370942e+14
      819.807   3.1266328e+14
      819.874   3.1355103e+14
      819.941   3.1538255e+14
      820.008   3.1706515e+14
      820.075   3.1968599e+14
      820.143   3.2233482e+14
      820.210   3.2288969e+14
      820.277   3.2286496e+14
      820.345   3.2330690e+14
      820.412   3.2351241e+14
      820.479   3.2391814e+14
      820.547   3.2495819e+14
      820.614   3.2526857e+14
      820.681   3.2484641e+14
      820.749   3.2459817e+14
      820.816   3.2402332e+14
      820.883   3.2330474e+14
      820.951   3.2305923e+14
      821.018   3.2304411e+14
      821.085   3.2240365e+14
      821.153   3.2137741e+14
      821.220   3.2017100e+14
      821.288   3.1904566e+14
      821.355   3.1819803e+14
      821.423   3.1772477e+14
      821.490   3.1774797e+14
      821.558   3.1779250e+14
      821.625   3.1794744e+14
      821.693   3.1944723e+14
      821.760   3.2159373e+14
      821.828   3.2270486e+14
      821.895   3.2243193e+14
      821.963   3.2182691e+14
      822.030   3.2046941e+14
      822.098   3.1849786e+14
      822.166   3.1743983e+14
      822.233   3.1760082e+14
      822.301   3.1769025e+14
      822.368   3.1846565e+14
      822.436   3.2081528e+14
      822.504   3.2398073e+14
      822.571   3.2716727e+14
      822.639   3.3051372e+14
      822.707   3.3314414e+14
      822.774   3.3428127e+14
      822.842   3.3432132e+14
      822.910   3.3328463e+14
      822.978   3.3134789e+14
      823.045   3.2868463e+14
      823.113   3.2553976e+14
      823.181   3.2294923e+14
      823.249   3.2121332e+14
      823.316   3.2014563e+14
      823.384   3.1976876e+14
      823.452   3.2055074e+14
      823.520   3.2138694e+14
      823.588   3.2286307e+14
      823.655   3.2501178e+14
      823.723   3.2682518e+14
      823.791   3.2760858e+14
      823.859   3.2803460e+14
      823.927   3.2764323e+14
      823.995   3.2646438e+14
      824.063   3.2564285e+14
      824.131   3.2532618e+14
      824.198   3.2468410e+14
      824.266   3.2452658e+14
      824.334   3.2511490e+14
      824.402   3.2594107e+14
      824.470   3.2691480e+14
      824.538   3.2808746e+14
      824.606   3.2834862e+14
      824.674   3.2719819e+14
      824.742   3.2589397e+14
      824.810   3.2471575e+14
      824.878   3.2348916e+14
      824.946   3.2272886e+14
      825.014   3.2273311e+14
      825.082   3.2272761e+14
      825.151   3.2291838e+14
      825.219   3.2389797e+14
      825.287   3.2526943e+14
      825.355   3.2659892e+14
      825.423   3.2782017e+14
      825.491   3.2824907e+14
      825.559   3.2786726e+14
      825.628   3.2721157e+14
      825.696   3.2654630e+14
      825.764   3.2615822e+14
      825.832   3.2628258e+14
      825.900   3.2642816e+14
      825.968   3.2676061e+14
      826.037   3.2750974e+14
      826.105   3.2836715e+14
      826.173   3.2885067e+14
      826.241   3.2913523e+14
      826.310   3.2925122e+14
      826.378   3.2902905e+14
      826.446   3.2859854e+14
      826.515   3.2826499e+14
      826.583   3.2813916e+14
      826.651   3.2786242e+14
      826.720   3.2776707e+14
      826.788   3.2791585e+14
      826.856   3.2817639e+14
      826.925   3.2849464e+14
      826.993   3.2893939e+14
      827.061   3.2913851e+14
      827.130   3.2898466e+14
      827.198   3.2872470e+14
      827.267   3.2835330e+14
      827.335   3.2802676e+14
      827.404   3.2761897e+14
      827.472   3.2698717e+14
      827.541   3.2633755e+14
      827.609   3.2594424e+14
      827.678   3.2554214e+14
      827.746   3.2525754e+14
      827.815   3.2537517e+14
      827.883   3.2550752e+14
      827.952   3.2569171e+14
      828.020   3.2607203e+14
      828.089   3.2657066e+14
      828.157   3.2686344e+14
      828.226   3.2716567e+14
      828.294   3.2731641e+14
      828.363   3.2717716e+14
      828.432   3.2700769e+14
      828.500   3.2688921e+14
      828.569   3.2664706e+14
      828.638   3.2623550e+14
      828.706   3.2597769e+14
      828.775   3.2576873e+14
      828.844   3.2557479e+14
      828.912   3.2552270e+14
      828.981   3.2577669e+14
      829.050   3.2582148e+14
      829.119   3.2589605e+14
      829.187   3.2564957e+14
      829.256   3.2474641e+14
      829.325   3.2380687e+14
      829.394   3.2309724e+14
      829.463   3.2232705e+14
      829.531   3.2185028e+14
      829.600   3.2196099e+14
      829.669   3.2184466e+14
      829.738   3.2195235e+14
      829.807   3.2254757e+14
      829.876   3.2325492e+14
      829.944   3.2409231e+14
      830.013   3.2518743e+14
      830.082   3.2602515e+14
      830.151   3.2629660e+14
      830.220   3.2643480e+14
      830.289   3.2650033e+14
      830.358   3.2648709e+14
      830.427   3.2611032e+14
      830.496   3.2529428e+14
      830.565   3.2378442e+14
      830.634   3.2221074e+14
      830.703   3.2098537e+14
      830.772   3.2005382e+14
      830.841   3.1905248e+14
      830.910   3.1839651e+14
      830.979   3.1777988e+14
      831.048   3.1767637e+14
      831.117   3.1835321e+14
      831.186   3.1976964e+14
      831.255   3.2152597e+14
      831.324   3.2315216e+14
      831.393   3.2438148e+14
      831.463   3.2545681e+14
      831.532   3.2635300e+14
      831.601   3.2686717e+14
      831.670   3.2766659e+14
      831.739   3.2781401e+14
      831.808   3.2731830e+14
      831.878   3.2677139e+14
      831.947   3.2656072e+14
      832.016   3.2602226e+14
      832.085   3.2585403e+14
      832.154   3.2617121e+14
      832.224   3.2662548e+14
      832.293   3.2715535e+14
      832.362   3.2780967e+14
      832.432   3.2777545e+14
      832.501   3.2587955e+14
      832.570   3.2218582e+14
      832.639   3.1873733e+14
      832.709   3.1549210e+14
      832.778   3.1250108e+14
      832.847   3.1088547e+14
      832.917   3.1079499e+14
      832.986   3.0940073e+14
      833.056   3.0883585e+14
      833.125   3.1012999e+14
      833.195   3.1185932e+14
      833.264   3.1365546e+14
      833.333   3.1584396e+14
      833.403   3.1641307e+14
      833.472   3.1515185e+14
      833.542   3.1438940e+14
      833.611   3.1422843e+14
      833.681   3.1460300e+14
      833.750   3.1521140e+14
      833.820   3.1536106e+14
      833.889   3.1558632e+14
      833.959   3.1591552e+14
      834.028   3.1623524e+14
      834.098   3.1646409e+14
      834.167   3.1696948e+14
      834.237   3.1683942e+14
      834.307   3.1666063e+14
      834.376   3.1665481e+14
      834.446   3.1660380e+14
      834.516   3.1603225e+14
      834.585   3.1560024e+14
      834.655   3.1516852e+14
      834.725   3.1470626e+14
      834.794   3.1479473e+14
      834.864   3.1552916e+14
      834.934   3.1598959e+14
      835.003   3.1690990e+14
      835.073   3.1850585e+14
      835.143   3.2027879e+14
      835.213   3.2211916e+14
      835.282   3.2416360e+14
      835.352   3.2535865e+14
      835.422   3.2580119e+14
      835.492   3.2617980e+14
      835.562   3.2654322e+14
      835.631   3.2650683e+14
      835.701   3.2601056e+14
      835.771   3.2560260e+14
      835.841   3.2534398e+14
      835.911   3.2504866e+14
      835.981   3.2475028e+14
      836.051   3.2459208e+14
      836.120   3.2425954e+14
      836.190   3.2390908e+14
      836.260   3.2363476e+14
      836.330   3.2339400e+14
      836.400   3.2268925e+14
      836.470   3.2145925e+14
      836.540   3.2055876e+14
      836.610   3.1985959e+14
      836.680   3.1932820e+14
      836.750   3.1948686e+14
      836.820   3.2030217e+14
      836.890   3.2059537e+14
      836.960   3.2127964e+14
      837.030   3.2231772e+14
      837.100   3.2326533e+14
      837.170   3.2393804e+14
      837.240   3.2443662e+14
      837.311   3.2428148e+14
      837.381   3.2382687e+14
      837.451   3.2332639e+14
      837.521   3.2279841e+14
      837.591   3.2220012e+14
      837.661   3.2144296e+14
      837.731   3.2065219e+14
      837.802   3.1993475e+14
      837.872   3.1930892e+14
      837.942   3.1875637e+14
      838.012   3.1821909e+14
      838.083   3.1774605e+14
      838.153   3.1748681e+14
      838.223   3.1745975e+14
      838.293   3.1757635e+14
      838.364   3.1781215e+14
      838.434   3.1857349e+14
      838.504   3.1906900e+14
      838.574   3.1768520e+14
      838.645   3.1470322e+14
      838.715   3.1262568e+14
      838.785   3.1083534e+14
      838.856   3.0955229e+14
      838.926   3.0980016e+14
      838.997   3.1066539e+14
      839.067   3.0977207e+14
      839.137   3.1072410e+14
      839.208   3.1332226e+14
      839.278   3.1637317e+14
      839.349   3.1965233e+14
      839.419   3.2346113e+14
      839.490   3.2511185e+14
      839.560   3.2495963e+14
      839.631   3.2437061e+14
      839.701   3.2350499e+14
      839.772   3.2281742e+14
      839.842   3.2219616e+14
      839.913   3.2191549e+14
      839.983   3.2135509e+14
      840.054   3.2106186e+14
      840.124   3.2086272e+14
      840.195   3.2102905e+14
      840.266   3.2136717e+14
      840.336   3.2198056e+14
      840.407   3.2241401e+14
      840.477   3.2274548e+14
      840.548   3.2309638e+14
      840.619   3.2347504e+14
      840.689   3.2398498e+14
      840.760   3.2464619e+14
      840.831   3.2501604e+14
      840.901   3.2509038e+14
      840.972   3.2499045e+14
      841.043   3.2452583e+14
      841.114   3.2372729e+14
      841.184   3.2299294e+14
      841.255   3.2209596e+14
      841.326   3.2125416e+14
      841.397   3.2078098e+14
      841.468   3.2059354e+14
      841.538   3.1998798e+14
      841.609   3.1923813e+14
      841.680   3.1806404e+14
      841.751   3.1744924e+14
      841.822   3.1699113e+14
      841.893   3.1673577e+14
      841.963   3.1663086e+14
      842.034   3.1675975e+14
      842.105   3.1615088e+14
      842.176   3.1564028e+14
      842.247   3.1563080e+14
      842.318   3.1546760e+14
      842.389   3.1549804e+14
      842.460   3.1548548e+14
      842.531   3.1475025e+14
      842.602   3.1347059e+14
      842.673   3.1260914e+14
      842.744   3.1201205e+14
      842.815   3.1220229e+14
      842.886   3.1300458e+14
      842.957   3.1389304e+14
      843.028   3.1477724e+14
      843.099   3.1581237e+14
      843.170   3.1654934e+14
      843.241   3.1695105e+14
      843.313   3.1655327e+14
      843.384   3.1448291e+14
      843.455   3.1158357e+14
      843.526   3.0930237e+14
      843.597   3.0804604e+14
      843.668   3.0740890e+14
      843.739   3.0713966e+14
      843.811   3.0637264e+14
      843.882   3.0617012e+14
      843.953   3.0711230e+14
      844.024   3.0872601e+14
      844.096   3.1119380e+14
      844.167   3.1438029e+14
      844.238   3.1629386e+14
      844.309   3.1770515e+14
      844.381   3.1919782e+14
      844.452   3.1970584e+14
      844.523   3.1929107e+14
      844.595   3.1960226e+14
      844.666   3.1918427e+14
      844.737   3.1823492e+14
      844.809   3.1796544e+14
      844.880   3.1837170e+14
      844.951   3.1822813e+14
      845.023   3.1908148e+14
      845.094   3.2052281e+14
      845.166   3.2196462e+14
      845.237   3.2360408e+14
      845.309   3.2541087e+14
      845.380   3.2610183e+14
      845.451   3.2619013e+14
      845.523   3.2607773e+14
      845.594   3.2570537e+14
      845.666   3.2515089e+14
      845.737   3.2437653e+14
      845.809   3.2336738e+14
      845.881   3.2241378e+14
      845.952   3.2183397e+14
      846.024   3.2158214e+14
      846.095   3.2149077e+14
      846.167   3.2151416e+14
      846.238   3.2140115e+14
      846.310   3.2153891e+14
      846.382   3.2169841e+14
      846.453   3.2163798e+14
      846.525   3.2138602e+14
      846.597   3.2094526e+14
      846.668   3.1892338e+14
      846.740   3.1581861e+14
      846.812   3.1361695e+14
      846.883   3.1170261e+14
      846.955   3.0986875e+14
      847.027   3.0906750e+14
      847.099   3.0937929e+14
      847.170   3.0852409e+14
      847.242   3.0892034e+14
      847.314   3.1061986e+14
      847.386   3.1274109e+14
      847.458   3.1464609e+14
      847.529   3.1710534e+14
      847.601   3.1833286e+14
      847.673   3.1854770e+14
      847.745   3.1866966e+14
      847.817   3.1894346e+14
      847.889   3.1870597e+14
      847.961   3.1788896e+14
      848.033   3.1665020e+14
      848.104   3.1523709e+14
      848.176   3.1394503e+14
      848.248   3.1282942e+14
      848.320   3.1198338e+14
      848.392   3.1150302e+14
      848.464   3.1124586e+14
      848.536   3.1096699e+14
      848.608   3.1097648e+14
      848.680   3.1113489e+14
      848.752   3.1138336e+14
      848.824   3.1160392e+14
      848.896   3.1167241e+14
      848.969   3.1185004e+14
      849.041   3.1250477e+14
      849.113   3.1287502e+14
      849.185   3.1322363e+14
      849.257   3.1348534e+14
      849.329   3.1361667e+14
      849.401   3.1349339e+14
      849.473   3.1258749e+14
      849.545   3.0963232e+14
      849.618   3.0283678e+14
      849.690   2.9247441e+14
      849.762   2.8238479e+14
      849.834   2.7335339e+14
      849.906   2.6528102e+14
      849.979   2.6091045e+14
      850.051   2.5985942e+14
      850.123   2.5977655e+14
      850.196   2.6413369e+14
      850.268   2.7200349e+14
      850.340   2.8148856e+14
      850.412   2.9196746e+14
      850.485   3.0179851e+14
      850.557   3.0739635e+14
      850.629   3.1013589e+14
      850.702   3.1177883e+14
      850.774   3.1305138e+14
      850.847   3.1432748e+14
      850.919   3.1535471e+14
      850.991   3.1580974e+14
      851.064   3.1597805e+14
      851.136   3.1593471e+14
      851.209   3.1482473e+14
      851.281   3.1138702e+14
      851.354   3.0721880e+14
      851.426   3.0333930e+14
      851.499   2.9969319e+14
      851.571   2.9697706e+14
      851.644   2.9628140e+14
      851.716   2.9573847e+14
      851.789   2.9604652e+14
      851.861   2.9816344e+14
      851.934   3.0122652e+14
      852.006   3.0459026e+14
      852.079   3.0868917e+14
      852.152   3.1164016e+14
      852.224   3.1273010e+14
      852.297   3.1301385e+14
      852.370   3.1307956e+14
      852.442   3.1255619e+14
      852.515   3.1097412e+14
      852.588   3.0819781e+14
      852.660   3.0452863e+14
      852.733   3.0105369e+14
      852.806   2.9805993e+14
      852.878   2.9593185e+14
      852.951   2.9396953e+14
      853.024   2.9215622e+14
      853.097   2.9118210e+14
      853.169   2.9059311e+14
      853.242   2.9001681e+14
      853.315   2.8943952e+14
      853.388   2.8804304e+14
      853.461   2.8522310e+14
      853.534   2.8691572e+14
      853.606   2.8798561e+14
      853.679   2.8819400e+14
      853.752   2.8745950e+14
      853.825   2.8529304e+14
      853.898   2.8062442e+14
      853.971   2.7264161e+14
      854.044   2.6046556e+14
      854.117   2.4572493e+14
      854.190   2.3131703e+14
      854.263   2.1893741e+14
      854.336   2.1038238e+14
      854.409   2.0588725e+14
      854.482   2.0504006e+14
      854.555   2.0940654e+14
      854.628   2.1952158e+14
      854.701   2.3360313e+14
      854.774   2.4967890e+14
      854.847   2.6613280e+14
      854.920   2.7990349e+14
      854.993   2.8943011e+14
      855.066   2.9557484e+14
      855.139   2.9941078e+14
      855.213   3.0174817e+14
      855.286   3.0363875e+14
      855.359   3.0590843e+14
      855.432   3.0751025e+14
      855.505   3.0835667e+14
      855.578   3.0835330e+14
      855.652   3.0823524e+14
      855.725   3.0811230e+14
      855.798   3.0785728e+14
      855.871   3.0761037e+14
      855.945   3.0781456e+14
      856.018   3.0778008e+14
      856.091   3.0838400e+14
      856.164   3.0940597e+14
      856.238   3.1019943e+14
      856.311   3.1076834e+14
      856.384   3.1141068e+14
      856.458   3.1138517e+14
      856.531   3.1106006e+14
      856.604   3.1072005e+14
      856.678   3.1041458e+14
      856.751   3.0992342e+14
      856.825   3.0930631e+14
      856.898   3.0862342e+14
      856.971   3.0788421e+14
      857.045   3.0702462e+14
      857.118   3.0689753e+14
      857.192   3.0738235e+14
      857.265   3.0791138e+14
      857.339   3.0843712e+14
      857.412   3.0899426e+14
      857.486   3.0930694e+14
      857.559   3.0982501e+14
      857.633   3.1040581e+14
      857.706   3.1108569e+14
      857.780   3.1185001e+14
      857.854   3.1278546e+14
      857.927   3.1336693e+14
      858.001   3.1307343e+14
      858.074   3.1157822e+14
      858.148   3.1036981e+14
      858.222   3.0907226e+14
      858.295   3.0784001e+14
      858.369   3.0696501e+14
      858.443   3.0686034e+14
      858.516   3.0614548e+14
      858.590   3.0599422e+14
      858.664   3.0629314e+14
      858.738   3.0719834e+14
      858.811   3.0817679e+14
      858.885   3.0983637e+14
      858.959   3.1096977e+14
      859.033   3.1142849e+14
      859.107   3.1171969e+14
      859.180   3.1213306e+14
      859.254   3.1257125e+14
      859.328   3.1303217e+14
      859.402   3.1361267e+14
      859.476   3.1357863e+14
      859.550   3.1333130e+14
      859.623   3.1258717e+14
      859.697   3.1192716e+14
      859.771   3.1111711e+14
      859.845   3.1062884e+14
      859.919   3.1007667e+14
      859.993   3.0983340e+14
      860.067   3.0979669e+14
      860.141   3.1014254e+14
      860.215   3.1021008e+14
      860.289   3.1101802e+14
      860.363   3.1192952e+14
      860.437   3.1233493e+14
      860.511   3.1259077e+14
      860.585   3.1276104e+14
      860.659   3.1250768e+14
      860.733   3.1262088e+14
      860.807   3.1304704e+14
      860.882   3.1343215e+14
      860.956   3.1347667e+14
      861.030   3.1212076e+14
      861.104   3.1143044e+14
      861.178   3.1095576e+14
      861.252   3.1032810e+14
      861.326   3.1029447e+14
      861.401   3.1110441e+14
      861.475   3.0977201e+14
      861.549   3.0980647e+14
      861.623   3.1083170e+14
      861.698   3.1168791e+14
      861.772   3.1326158e+14
      861.846   3.1625922e+14
      861.920   3.1691369e+14
      861.995   3.1667867e+14
      862.069   3.1712180e+14
      862.143   3.1737563e+14
      862.218   3.1774335e+14
      862.292   3.1897240e+14
      862.366   3.2031523e+14
      862.441   3.2069892e+14
      862.515   3.2135701e+14
      862.589   3.2187313e+14
      862.664   3.2249684e+14
      862.738   3.2318990e+14
      862.813   3.2419578e+14
      862.887   3.2447536e+14
      862.962   3.2401323e+14
      863.036   3.2319850e+14
      863.111   3.2194060e+14
      863.185   3.2071666e+14
      863.260   3.1927502e+14
      863.334   3.1803166e+14
      863.409   3.1709490e+14
      863.483   3.1683367e+14
      863.558   3.1647480e+14
      863.632   3.1671910e+14
      863.707   3.1703332e+14
      863.782   3.1755632e+14
      863.856   3.1828758e+14
      863.931   3.1923124e+14
      864.005   3.1970036e+14
      864.080   3.1986960e+14
      864.155   3.1974800e+14
      864.230   3.1951557e+14
      864.304   3.1913717e+14
      864.379   3.1844912e+14
      864.454   3.1778617e+14
      864.528   3.1701515e+14
      864.603   3.1597883e+14
      864.678   3.1417765e+14
      864.753   3.1210177e+14
      864.827   3.1019619e+14
      864.902   3.0842963e+14
      864.977   3.0680612e+14
      865.052   3.0572426e+14
      865.127   3.0438128e+14
      865.202   3.0367577e+14
      865.276   3.0531835e+14
      865.351   3.0714163e+14
      865.426   3.0900360e+14
      865.501   3.1101104e+14
      865.576   3.1211931e+14
      865.651   3.1231732e+14
      865.726   3.1159847e+14
      865.801   3.0973589e+14
      865.876   3.0609965e+14
      865.951   2.9923248e+14
      866.026   2.8726054e+14
      866.101   2.7145729e+14
      866.176   2.5530584e+14
      866.251   2.4056984e+14
      866.326   2.2934399e+14
      866.401   2.2379694e+14
      866.476   2.2354052e+14
      866.551   2.2752642e+14
      866.626   2.3782606e+14
      866.701   2.5257826e+14
      866.776   2.6996000e+14
      866.852   2.8842350e+14
      866.927   3.0494445e+14
      867.002   3.1605539e+14
      867.077   3.2101944e+14
      867.152   3.2371560e+14
      867.227   3.2462749e+14
      867.303   3.2338376e+14
      867.378   3.2117475e+14
      867.453   3.1945142e+14
      867.528   3.1746107e+14
      867.604   3.1606635e+14
      867.679   3.1591901e+14
      867.754   3.1545384e+14
      867.830   3.1440892e+14
      867.905   3.1430856e+14
      867.980   3.1501055e+14
      868.056   3.1570879e+14
      868.131   3.1686107e+14
      868.206   3.1790540e+14
      868.282   3.1791243e+14
      868.357   3.1746436e+14
      868.432   3.1774214e+14
      868.508   3.1822548e+14
      868.583   3.1846742e+14
      868.659   3.1730837e+14
      868.734   3.1273799e+14
      868.810   3.0800430e+14
      868.885   3.0367725e+14
      868.961   2.9971157e+14
      869.036   2.9752336e+14
      869.112   2.9817591e+14
      869.187   2.9769569e+14
      869.263   3.0008852e+14
      869.338   3.0393734e+14
      869.414   3.0837451e+14
      869.680   3.1376621e+14
      869.716   3.2644443e+14
      869.792   3.2484322e+14
      869.868   3.2363911e+14
      869.943   3.2256782e+14
      870.019   3.2159213e+14
      870.095   3.2113162e+14
      870.171   3.2118327e+14
      870.246   3.2039111e+14
      870.322   3.2066863e+14
      870.398   3.2129943e+14
      870.474   3.2213411e+14
      870.549   3.2333460e+14
      870.625   3.2455497e+14
      870.701   3.2460061e+14
      870.777   3.2421313e+14
      870.853   3.2315670e+14
      870.928   3.2155469e+14
      871.004   3.2023949e+14
      871.080   3.1837839e+14
      871.156   3.1548514e+14
      871.232   3.1353484e+14
      871.308   3.1213102e+14
      871.384   3.1071541e+14
      871.460   3.1055943e+14
      871.536   3.1214870e+14
      871.612   3.1267454e+14
      871.688   3.1444423e+14
      871.764   3.1655688e+14
      871.840   3.1796825e+14
      871.916   3.1950369e+14
      871.992   3.2199598e+14
      872.068   3.2304972e+14
      872.144   3.2411962e+14
      872.220   3.2546749e+14
      872.296   3.2690504e+14
      872.372   3.2839388e+14
      872.448   3.2914246e+14
      872.524   3.2926851e+14
      872.600   3.2860904e+14
      872.677   3.2702685e+14
      872.753   3.2531614e+14
      872.829   3.2383180e+14
      872.905   3.2244939e+14
      872.981   3.2140853e+14
      873.057   3.2121248e+14
      873.134   3.2095397e+14
      873.210   3.2103004e+14
      873.286   3.2144179e+14
      873.362   3.2106030e+14
      873.439   3.1920861e+14
      873.515   3.1790618e+14
      873.591   3.1617071e+14
      873.668   3.1397423e+14
      873.744   3.1218088e+14
      873.820   3.1178378e+14
      873.897   3.1051977e+14
      873.973   3.1021853e+14
      874.049   3.1026758e+14
      874.126   3.0977518e+14
      874.202   3.0992843e+14
      874.279   3.1105767e+14
      874.355   3.1097583e+14
      874.432   3.1023892e+14
      874.508   3.0999900e+14
      874.585   3.0899656e+14
      874.661   3.0873419e+14
      874.738   3.0871104e+14
      874.814   3.0875438e+14
      874.891   3.0853424e+14
      874.967   3.0823850e+14
      875.044   3.0600451e+14
      875.120   3.0430388e+14
      875.197   3.0305242e+14
      875.273   3.0229723e+14
      875.350   3.0217927e+14
      875.427   3.0294454e+14
      875.503   3.0271997e+14
      875.580   3.0196599e+14
      875.657   3.0222989e+14
      875.733   3.0285073e+14
      875.810   3.0377711e+14
      875.887   3.0517780e+14
      875.964   3.0716588e+14
      876.040   3.0756015e+14
      876.117   3.0919439e+14
      876.194   3.1131114e+14
      876.271   3.1325006e+14
      876.347   3.1505625e+14
      876.424   3.1725509e+14
      876.501   3.1752361e+14
      876.578   3.1731111e+14
      876.655   3.1727614e+14
      876.732   3.1705277e+14
      876.808   3.1707393e+14
      876.885   3.1735259e+14
      876.962   3.1726611e+14
      877.039   3.1722266e+14
      877.116   3.1658935e+14
      877.193   3.1550562e+14
      877.270   3.1360445e+14
      877.347   3.1220740e+14
      877.424   3.1087541e+14
      877.501   3.1030065e+14
      877.578   3.0972100e+14
      877.655   3.1038262e+14
      877.732   3.1055687e+14
      877.809   3.1171049e+14
      877.886   3.1311736e+14
      877.963   3.1478198e+14
      878.040   3.1600777e+14
      878.117   3.1730643e+14
      878.194   3.1735276e+14
      878.272   3.1702687e+14
      878.349   3.1676762e+14
      878.426   3.1642693e+14
      878.503   3.1629791e+14
      878.580   3.1637892e+14
      878.657   3.1654844e+14
      878.735   3.1647465e+14
      878.812   3.1623874e+14
      878.889   3.1463934e+14
      878.966   3.1362418e+14
      879.044   3.1266770e+14
      879.121   3.1123857e+14
      879.198   3.0853131e+14
      879.276   3.0728213e+14
      879.353   3.0516295e+14
      879.430   3.0417235e+14
      879.508   3.0392180e+14
      879.585   3.0511769e+14
      879.662   3.0564228e+14
      879.740   3.0787498e+14
      879.817   3.0957488e+14
      879.894   3.1118937e+14
      879.972   3.1271300e+14
      880.049   3.1495117e+14
      880.127   3.1580221e+14
      880.204   3.1579373e+14
      880.282   3.1496258e+14
      880.359   3.1390569e+14
      880.437   3.1119399e+14
      880.514   3.0475137e+14
      880.592   2.9868047e+14
      880.669   2.9330541e+14
      880.747   2.8816364e+14
      880.824   2.8469931e+14
      880.902   2.8519672e+14
      880.980   2.8472432e+14
      881.057   2.8759035e+14
      881.135   2.9230762e+14
      881.213   2.9739303e+14
      881.290   3.0186801e+14
      881.368   3.0730520e+14
      881.446   3.0966723e+14
      881.523   3.1002527e+14
      881.601   3.0980656e+14
      881.679   3.0982332e+14
      881.756   3.0959823e+14
      881.834   3.0953919e+14
      881.912   3.1026249e+14
      881.990   3.1091224e+14
      882.068   3.1193009e+14
      882.145   3.1276088e+14
      882.223   3.1201932e+14
      882.301   3.0851693e+14
      882.379   3.0592493e+14
      882.457   3.0331281e+14
      882.535   3.0097836e+14
      882.613   2.9979421e+14
      882.690   3.0041247e+14
      882.768   2.9973255e+14
      882.846   3.0123351e+14
      882.924   3.0364572e+14
      883.002   3.0629675e+14
      883.080   3.0936567e+14
      883.158   3.1268261e+14
      883.236   3.1345409e+14
      883.314   3.1335766e+14
      883.392   3.1328565e+14
      883.470   3.1315505e+14
      883.548   3.1310149e+14
      883.626   3.1254737e+14
      883.704   3.1022604e+14
      883.783   3.0848266e+14
      883.861   3.0689783e+14
      883.939   3.0529492e+14
      884.017   3.0436982e+14
      884.095   3.0484294e+14
      884.173   3.0406595e+14
      884.251   3.0498210e+14
      884.330   3.0645065e+14
      884.408   3.0789569e+14
      884.486   3.0919686e+14
      884.564   3.1076495e+14
      884.643   3.1090138e+14
      884.721   3.1065545e+14
      884.799   3.1036230e+14
      884.877   3.1048050e+14
      884.956   3.1066886e+14
      885.034   3.1077366e+14
      885.112   3.1123495e+14
      885.191   3.1171972e+14
      885.269   3.1224889e+14
      885.347   3.1293412e+14
      885.426   3.1335872e+14
      885.504   3.1325527e+14
      885.583   3.1304685e+14
      885.661   3.1268056e+14
      885.740   3.1214019e+14
      885.818   3.1100202e+14
      885.896   3.0833330e+14
      885.975   3.0579357e+14
      886.054   3.0273456e+14
      886.132   2.9891876e+14
      886.211   2.9558780e+14
      886.289   2.9373399e+14
      886.368   2.9132450e+14
      886.446   2.9045701e+14
      886.525   2.8934558e+14
      886.603   2.8900295e+14
      886.682   2.8944800e+14
      886.761   2.9129617e+14
      886.839   2.9269603e+14
      886.918   2.9538735e+14
      886.997   2.9711358e+14
      887.075   2.9976281e+14
      887.154   3.0188620e+14
      887.233   3.0414064e+14
      887.311   3.0646784e+14
      887.390   3.0907299e+14
      887.469   3.0945926e+14
      887.548   3.0952086e+14
      887.626   3.0896906e+14
      887.705   3.0782866e+14
      887.784   3.0700810e+14
      887.863   3.0687385e+14
      887.942   3.0647719e+14
      888.021   3.0660871e+14
      888.099   3.0733224e+14
      888.178   3.0749080e+14
      888.257   3.0787705e+14
      888.336   3.0865816e+14
      888.415   3.0895129e+14
      888.494   3.0910630e+14
      888.573   3.0950015e+14
      888.652   3.0961697e+14
      888.731   3.0966227e+14
      888.810   3.0984881e+14
      888.889   3.0976690e+14
      888.968   3.0973811e+14
      889.047   3.0953401e+14
      889.126   3.0864150e+14
      889.205   3.0782285e+14
      889.284   3.0727978e+14
      889.363   3.0664588e+14
      889.442   3.0636855e+14
      889.521   3.0683485e+14
      889.601   3.0681790e+14
      889.680   3.0743378e+14
      889.759   3.0806547e+14
      889.838   3.0860129e+14
      889.917   3.0905948e+14
      889.996   3.0979527e+14
      890.076   3.0981185e+14
      890.155   3.0994961e+14
      890.234   3.0981201e+14
      890.313   3.0992851e+14
      890.393   3.1015674e+14
      890.472   3.1045198e+14
      890.551   3.1064958e+14
      890.631   3.1095344e+14
      890.710   3.1089529e+14
      890.789   3.1054947e+14
      890.869   3.1030561e+14
      890.948   3.0991036e+14
      891.027   3.0859277e+14
      891.107   3.0748290e+14
      891.186   3.0665113e+14
      891.266   3.0567539e+14
      891.345   3.0514456e+14
      891.424   3.0552011e+14
      891.504   3.0536616e+14
      891.583   3.0594740e+14
      891.663   3.0689094e+14
      891.742   3.0737096e+14
      891.822   3.0694955e+14
      891.902   3.0715343e+14
      891.981   3.0663848e+14
      892.061   3.0577167e+14
      892.140   3.0475935e+14
      892.220   3.0387370e+14
      892.299   3.0220975e+14
      892.379   3.0120706e+14
      892.459   3.0056187e+14
      892.538   2.9977634e+14
      892.618   2.9902400e+14
      892.698   2.9856778e+14
      892.777   2.9724391e+14
      892.857   2.9627921e+14
      892.937   2.9606722e+14
      893.017   2.9636976e+14
      893.096   2.9711581e+14
      893.176   2.9861976e+14
      893.256   2.9942717e+14
      893.336   3.0086956e+14
      893.416   3.0272076e+14
      893.495   3.0444063e+14
      893.575   3.0575913e+14
      893.655   3.0709485e+14
      893.735   3.0753914e+14
      893.815   3.0794095e+14
      893.895   3.0820521e+14
      893.975   3.0817727e+14
      894.055   3.0780014e+14
      894.134   3.0612826e+14
      894.214   3.0485549e+14
      894.294   3.0342465e+14
      894.374   3.0069725e+14
      894.454   2.9810520e+14
      894.534   2.9671626e+14
      894.614   2.9441634e+14
      894.694   2.9353369e+14
      894.774   2.9369395e+14
      894.855   2.9344044e+14
      894.935   2.9437173e+14
      895.015   2.9654372e+14
      895.095   2.9798305e+14
      895.175   2.9984576e+14
      895.255   3.0213883e+14
      895.335   3.0368332e+14
      895.415   3.0490657e+14
      895.496   3.0580713e+14
      895.576   3.0658012e+14
      895.656   3.0752331e+14
      895.736   3.0814141e+14
      895.817   3.0825858e+14
      895.897   3.0827388e+14
      895.977   3.0821859e+14
      896.057   3.0818304e+14
      896.138   3.0816626e+14
      896.218   3.0816315e+14
      896.298   3.0800369e+14
      896.379   3.0774874e+14
      896.459   3.0693344e+14
      896.539   3.0542242e+14
      896.620   3.0358750e+14
      896.700   3.0191208e+14
      896.781   3.0040630e+14
      896.861   2.9941382e+14
      896.941   2.9901223e+14
      897.022   2.9903049e+14
      897.102   2.9960062e+14
      897.183   3.0087688e+14
      897.263   3.0239866e+14
      897.344   3.0348314e+14
      897.424   3.0419435e+14
      897.505   3.0424549e+14
      897.586   3.0356079e+14
      897.666   3.0249553e+14
      897.747   3.0177149e+14
      897.827   3.0121244e+14
      897.908   3.0103530e+14
      897.989   3.0136594e+14
      898.069   3.0221352e+14
      898.150   3.0331915e+14
      898.230   3.0449407e+14
      898.311   3.0507897e+14
      898.392   3.0533588e+14
      898.473   3.0527445e+14
      898.553   3.0507496e+14
      898.634   3.0494818e+14
      898.715   3.0493449e+14
      898.796   3.0446962e+14
      898.876   3.0449285e+14
      898.957   3.0443709e+14
      899.038   3.0429926e+14
      899.119   3.0445043e+14
      899.200   3.0481646e+14
      899.281   3.0446823e+14
      899.361   3.0431502e+14
      899.442   3.0414512e+14
      899.523   3.0383210e+14
      899.604   3.0375409e+14
      899.685   3.0345987e+14
      899.766   3.0076028e+14
      899.847   2.9842007e+14
      899.928   2.9657985e+14
      900.009   2.9449498e+14
      900.090   2.9306236e+14
      900.171   2.9386431e+14
      900.252   2.9353334e+14
      900.333   2.9457319e+14
      900.414   2.9671031e+14
      900.495   2.9850523e+14
      900.576   3.0032282e+14
      900.657   3.0202527e+14
      900.739   3.0165673e+14
      900.820   2.9931164e+14
      900.901   2.9670141e+14
      900.982   2.9391245e+14
      901.063   2.9067766e+14
      901.144   2.8733791e+14
      901.226   2.8474639e+14
      901.307   2.8210500e+14
      901.388   2.8005422e+14
      901.469   2.7976252e+14
      901.551   2.7872652e+14
      901.632   2.7935706e+14
      901.713   2.8065937e+14
      901.795   2.8190761e+14
      901.876   2.8355346e+14
      901.957   2.8650431e+14
      902.039   2.8744570e+14
      902.120   2.8942689e+14
      902.201   2.9144896e+14
      902.283   2.9205458e+14
      902.364   2.9319550e+14
      902.446   2.9497678e+14
      902.527   2.9541844e+14
      902.609   2.9633512e+14
      902.690   2.9814998e+14
      902.772   2.9902822e+14
      902.853   3.0030375e+14
      902.935   3.0140342e+14
      903.016   3.0187441e+14
      903.098   3.0213692e+14
      903.179   3.0273264e+14
      903.261   3.0289259e+14
      903.342   3.0320384e+14
      903.424   3.0308262e+14
      903.506   3.0335450e+14
      903.587   3.0362098e+14
      903.669   3.0377272e+14
      903.751   3.0406225e+14
      903.832   3.0461399e+14
      903.914   3.0467248e+14
      903.996   3.0472993e+14
      904.077   3.0495068e+14
      904.159   3.0515396e+14
      904.241   3.0540843e+14
      904.323   3.0574593e+14
      904.404   3.0594876e+14
      904.486   3.0599134e+14
      904.568   3.0603754e+14
      904.650   3.0602432e+14
      904.732   3.0590042e+14
      904.814   3.0575225e+14
      904.896   3.0556617e+14
      904.977   3.0498617e+14
      905.059   3.0461249e+14
      905.141   3.0428431e+14
      905.223   3.0400094e+14
      905.305   3.0381883e+14
      905.387   3.0401375e+14
      905.469   3.0397789e+14
      905.551   3.0433914e+14
      905.633   3.0463233e+14
      905.715   3.0479149e+14
      905.797   3.0495432e+14
      905.879   3.0486666e+14
      905.961   3.0287097e+14
      906.043   2.9995872e+14
      906.125   2.9685823e+14
      906.208   2.9411635e+14
      906.290   2.9201383e+14
      906.372   2.9133055e+14
      906.454   2.9104908e+14
      906.536   2.9183251e+14
      906.618   2.9348432e+14
      906.701   2.9592677e+14
      906.783   2.9863064e+14
      906.865   3.0150291e+14
      906.947   3.0371823e+14
      907.029   3.0471757e+14
      907.112   3.0460382e+14
      907.194   3.0385402e+14
      907.276   3.0351194e+14
      907.359   3.0287558e+14
      907.441   3.0257440e+14
      907.523   3.0238325e+14
      907.606   3.0223429e+14
      907.688   3.0040776e+14
      907.771   2.9858657e+14
      907.853   2.9640805e+14
      907.935   2.9458016e+14
      908.018   2.9328441e+14
      908.100   2.9343123e+14
      908.183   2.9329868e+14
      908.265   2.9391599e+14
      908.348   2.9516657e+14
      908.430   2.9704745e+14
      908.513   2.9886937e+14
      908.595   3.0057110e+14
      908.678   2.9843497e+14
      908.760   2.9477868e+14
      908.843   2.9123695e+14
      908.926   2.8781737e+14
      909.008   2.8486504e+14
      909.091   2.8496392e+14
      909.174   2.8453831e+14
      909.256   2.8501236e+14
      909.339   2.8575200e+14
      909.422   2.8741965e+14
      909.504   2.8947562e+14
      909.587   2.9254273e+14
      909.670   2.9346644e+14
      909.753   2.9352295e+14
      909.835   2.9239870e+14
      909.918   2.9247553e+14
      910.001   2.9316255e+14
      910.084   2.9425047e+14
      910.167   2.9545072e+14
      910.249   2.9728057e+14
      910.332   2.9811521e+14
      910.415   2.9787989e+14
      910.498   2.9796964e+14
      910.581   2.9869683e+14
      910.664   2.9865695e+14
      910.747   2.9842060e+14
      910.830   2.9879337e+14
      910.913   2.9838426e+14
      910.996   2.9671431e+14
      911.079   2.9544569e+14
      911.162   2.9418444e+14
      911.245   2.9310945e+14
      911.328   2.9270516e+14
      911.411   2.9322690e+14
      911.494   2.9284056e+14
      911.577   2.9194651e+14
      911.660   2.9201613e+14
      911.743   2.9062408e+14
      911.826   2.9004393e+14
      911.910   2.9060787e+14
      911.993   2.9118159e+14
      912.076   2.9024492e+14
      912.159   2.9165572e+14
      912.242   2.9227526e+14
      912.326   2.9429382e+14
      912.409   2.9677109e+14
      912.492   2.9932959e+14
      912.575   3.0083416e+14
      912.659   3.0255547e+14
      912.742   3.0288417e+14
      912.825   3.0272452e+14
      912.909   3.0258973e+14
      912.992   3.0249101e+14
      913.075   3.0239945e+14
      913.159   3.0224097e+14
      913.242   3.0219199e+14
      913.325   3.0219055e+14
      913.409   3.0229304e+14
      913.492   3.0215861e+14
      913.576   3.0201680e+14
      913.659   3.0190516e+14
      913.743   3.0178179e+14
      913.826   3.0139271e+14
      913.910   3.0093157e+14
      913.993   3.0038164e+14
      914.077   2.9990006e+14
      914.160   2.9938226e+14
      914.244   2.9896167e+14
      914.328   2.9864891e+14
      914.411   2.9814216e+14
      914.495   2.9738882e+14
      914.578   2.9629832e+14
      914.662   2.9491267e+14
      914.746   2.9355416e+14
      914.829   2.9256515e+14
      914.913   2.9188309e+14
      914.997   2.9193016e+14
      915.081   2.9273510e+14
      915.164   2.9411260e+14
      915.248   2.9569962e+14
      915.332   2.9719637e+14
      915.416   2.9817680e+14
      915.499   2.9867443e+14
      915.583   2.9873552e+14
      915.667   2.9852174e+14
      915.751   2.9825325e+14
      915.835   2.9825703e+14
      915.919   2.9842072e+14
      916.003   2.9870312e+14
      916.086   2.9896989e+14
      916.170   2.9918330e+14
      916.254   2.9866285e+14
      916.338   2.9794778e+14
      916.422   2.9714744e+14
      916.506   2.9635873e+14
      916.590   2.9551254e+14
      916.674   2.9516583e+14
      916.758   2.9490794e+14
      916.842   2.9503355e+14
      916.926   2.9519478e+14
      917.011   2.9526284e+14
      917.095   2.9522037e+14
      917.179   2.9446364e+14
      917.263   2.9316518e+14
      917.347   2.9202021e+14
      917.431   2.9112210e+14
      917.515   2.9046056e+14
      917.600   2.9071813e+14
      917.684   2.9114264e+14
      917.768   2.9203622e+14
      917.852   2.9313359e+14
      917.937   2.9421180e+14
      918.021   2.9509157e+14
      918.105   2.9589355e+14
      918.189   2.9599058e+14
      918.274   2.9602574e+14
      918.358   2.9624445e+14
      918.442   2.9653044e+14
      918.527   2.9680207e+14
      918.611   2.9727924e+14
      918.695   2.9749647e+14
      918.780   2.9751469e+14
      918.864   2.9748402e+14
      918.949   2.9751735e+14
      919.033   2.9734870e+14
      919.118   2.9710166e+14
      919.202   2.9679261e+14
      919.287   2.9667706e+14
      919.371   2.9660489e+14
      919.456   2.9665592e+14
      919.540   2.9671975e+14
      919.625   2.9689783e+14
      919.709   2.9688824e+14
      919.794   2.9641187e+14
      919.879   2.9572514e+14
      919.963   2.9517771e+14
      920.048   2.9446470e+14
      920.133   2.9345302e+14
      920.217   2.9274807e+14
      920.302   2.9228233e+14
      920.387   2.9217958e+14
      920.471   2.9228404e+14
      920.556   2.9255347e+14
      920.641   2.9273390e+14
      920.726   2.9301419e+14
      920.810   2.9222192e+14
      920.895   2.9108650e+14
      920.980   2.8987557e+14
      921.065   2.8841077e+14
      921.150   2.8603611e+14
      921.234   2.8429839e+14
      921.319   2.8285315e+14
      921.404   2.8241624e+14
      921.489   2.8277550e+14
      921.574   2.8351391e+14
      921.659   2.8423465e+14
      921.744   2.8568072e+14
      921.829   2.8654632e+14
      921.914   2.8729768e+14
      921.999   2.8838668e+14
      922.084   2.8965431e+14
      922.169   2.9075850e+14
      922.254   2.9171329e+14
      922.339   2.9200877e+14
      922.424   2.9212672e+14
      922.509   2.9174540e+14
      922.594   2.8980326e+14
      922.680   2.8648777e+14
      922.765   2.8268191e+14
      922.850   2.7890661e+14
      922.935   2.7554473e+14
      923.020   2.7295452e+14
      923.105   2.7160457e+14
      923.191   2.7204150e+14
      923.276   2.7391343e+14
      923.361   2.7673724e+14
      923.446   2.8024898e+14
      923.532   2.8377922e+14
      923.617   2.8610502e+14
      923.702   2.8734477e+14
      923.788   2.8772772e+14
      923.873   2.8763685e+14
      923.958   2.8743943e+14
      924.044   2.8755108e+14
      924.129   2.8798998e+14
      924.214   2.8900793e+14
      924.300   2.8999382e+14
      924.385   2.9088527e+14
      924.471   2.9112988e+14
      924.556   2.9078820e+14
      924.642   2.9001808e+14
      924.727   2.8904170e+14
      924.813   2.8827290e+14
      924.898   2.8833857e+14
      924.984   2.8888576e+14
      925.069   2.8987136e+14
      925.155   2.9092032e+14
      925.241   2.9178449e+14
      925.326   2.9234245e+14
      925.412   2.9101445e+14
      925.497   2.8859989e+14
      925.583   2.8625888e+14
      925.669   2.8336897e+14
      925.755   2.8001342e+14
      925.840   2.7800791e+14
      925.926   2.7706426e+14
      926.012   2.7764033e+14
      926.097   2.7873909e+14
      926.183   2.8029509e+14
      926.269   2.8274156e+14
      926.355   2.8540278e+14
      926.441   2.8663777e+14
      926.526   2.8801430e+14
      926.612   2.8964819e+14
      926.698   2.9092294e+14
      926.784   2.9166399e+14
      926.870   2.9239365e+14
      926.956   2.9309960e+14
      927.042   2.9393360e+14
      927.128   2.9433260e+14
      927.214   2.9446616e+14
      927.300   2.9463677e+14
      927.386   2.9499707e+14
      927.472   2.9521290e+14
      927.558   2.9549027e+14
      927.644   2.9575203e+14
      927.730   2.9586594e+14
      927.816   2.9566636e+14
      927.902   2.9535424e+14
      927.988   2.9491186e+14
      928.074   2.9454803e+14
      928.160   2.9428305e+14
      928.247   2.9427970e+14
      928.333   2.9452105e+14
      928.419   2.9482330e+14
      928.505   2.9493406e+14
      928.591   2.9499451e+14
      928.678   2.9481292e+14
      928.764   2.9400480e+14
      928.850   2.9261809e+14
      928.936   2.9121123e+14
      929.023   2.8997491e+14
      929.109   2.8908680e+14
      929.195   2.8869827e+14
      929.282   2.8865072e+14
      929.368   2.8909812e+14
      929.454   2.8974859e+14
      929.541   2.9011983e+14
      929.627   2.9035387e+14
      929.714   2.9074876e+14
      929.800   2.9079221e+14
      929.887   2.9085111e+14
      929.973   2.9098618e+14
      930.060   2.9145906e+14
      930.146   2.9227650e+14
      930.233   2.9322077e+14
      930.319   2.9372092e+14
      930.406   2.9428759e+14
      930.492   2.9451798e+14
      930.579   2.9450136e+14
      930.665   2.9426901e+14
      930.752   2.9407979e+14
      930.839   2.9379728e+14
      930.925   2.9362408e+14
      931.012   2.9323859e+14
      931.099   2.9305427e+14
      931.185   2.9312921e+14
      931.272   2.9317185e+14
      931.359   2.9313323e+14
      931.446   2.9341893e+14
      931.532   2.9358826e+14
      931.619   2.9311486e+14
      931.706   2.9237216e+14
      931.793   2.9171309e+14
      931.880   2.9114431e+14
      931.966   2.9056072e+14
      932.053   2.9017448e+14
      932.140   2.9040816e+14
      932.227   2.9113230e+14
      932.314   2.9165194e+14
      932.401   2.9218389e+14
      932.488   2.9285101e+14
      932.575   2.9305770e+14
      932.662   2.9280822e+14
      932.749   2.9262095e+14
      932.836   2.9269395e+14
      932.923   2.9306658e+14
      933.010   2.9363252e+14
      933.097   2.9420591e+14
      933.184   2.9455763e+14
      933.271   2.9442316e+14
      933.358   2.9404466e+14
      933.445   2.9358117e+14
      933.532   2.9296089e+14
      933.620   2.9238729e+14
      933.707   2.9210432e+14
      933.794   2.9229348e+14
      933.881   2.9270822e+14
      933.968   2.9327918e+14
      934.056   2.9403679e+14
      934.143   2.9459455e+14
      934.230   2.9464760e+14
      934.317   2.9434992e+14
      934.405   2.9367225e+14
      934.492   2.9292084e+14
      934.579   2.9233821e+14
      934.667   2.9186986e+14
      934.754   2.9153105e+14
      934.842   2.9078224e+14
      934.929   2.9001765e+14
      935.016   2.8959940e+14
      935.104   2.8913330e+14
      935.191   2.8860656e+14
      935.279   2.8850743e+14
      935.366   2.8876289e+14
      935.454   2.8923636e+14
      935.541   2.8966028e+14
      935.629   2.9003791e+14
      935.716   2.9024485e+14
      935.804   2.8973078e+14
      935.891   2.8868574e+14
      935.979   2.8775981e+14
      936.067   2.8670270e+14
      936.154   2.8593569e+14
      936.242   2.8588600e+14
      936.330   2.8630810e+14
      936.417   2.8706978e+14
      936.505   2.8818121e+14
      936.593   2.8960828e+14
      936.680   2.9103326e+14
      936.768   2.9195440e+14
      936.856   2.9243560e+14
      936.944   2.9285366e+14
      937.031   2.9295581e+14
      937.119   2.9215476e+14
      937.207   2.9124190e+14
      937.295   2.9048729e+14
      937.383   2.8973966e+14
      937.471   2.8923582e+14
      937.559   2.8922455e+14
      937.646   2.8963668e+14
      937.734   2.9049562e+14
      937.822   2.9127536e+14
      937.910   2.9180463e+14
      937.998   2.9231543e+14
      938.086   2.9251251e+14
      938.174   2.9203152e+14
      938.262   2.9141118e+14
      938.350   2.9094577e+14
      938.438   2.9084006e+14
      938.526   2.9085401e+14
      938.615   2.9067741e+14
      938.703   2.9060772e+14
      938.791   2.9061340e+14
      938.879   2.9023710e+14
      938.967   2.8972338e+14
      939.055   2.8933978e+14
      939.143   2.8895380e+14
      939.232   2.8857228e+14
      939.320   2.8823847e+14
      939.408   2.8809363e+14
      939.496   2.8823492e+14
      939.585   2.8842036e+14
      939.673   2.8874561e+14
      939.761   2.8941887e+14
      939.850   2.9004129e+14
      939.938   2.9007913e+14
      940.026   2.8987542e+14
      940.115   2.8960068e+14
      940.203   2.8906530e+14
      940.291   2.8795346e+14
      940.380   2.8600956e+14
      940.468   2.8403209e+14
      940.557   2.8241525e+14
      940.645   2.8079462e+14
      940.734   2.7951748e+14
      940.822   2.7918894e+14
      940.911   2.7965196e+14
      940.999   2.8065396e+14
      941.088   2.8164344e+14
      941.176   2.8111282e+14
      941.265   2.7904606e+14
      941.354   2.7564196e+14
      941.442   2.7133681e+14
      941.531   2.6729071e+14
      941.620   2.6458326e+14
      941.708   2.6450893e+14
      941.797   2.6737619e+14
      941.886   2.7150124e+14
      941.974   2.7588266e+14
      942.063   2.8056116e+14
      942.152   2.8470444e+14
      942.241   2.8690267e+14
      942.329   2.8754639e+14
      942.418   2.8766818e+14
      942.507   2.8817277e+14
      942.596   2.8889657e+14
      942.685   2.8951160e+14
      942.774   2.9000515e+14
      942.862   2.9043862e+14
      942.951   2.9042691e+14
      943.040   2.8951457e+14
      943.129   2.8802669e+14
      943.218   2.8658737e+14
      943.307   2.8530385e+14
      943.396   2.8430478e+14
      943.485   2.8360782e+14
      943.574   2.8305464e+14
      943.663   2.8233751e+14
      943.752   2.8148335e+14
      943.841   2.8059932e+14
      943.930   2.7991583e+14
      944.020   2.7961636e+14
      944.109   2.7998156e+14
      944.198   2.8078026e+14
      944.287   2.8187549e+14
      944.376   2.8310609e+14
      944.465   2.8414584e+14
      944.555   2.8440353e+14
      944.644   2.8399949e+14
      944.733   2.8333663e+14
      944.822   2.8301141e+14
      944.912   2.8308496e+14
      945.001   2.8357088e+14
      945.090   2.8461370e+14
      945.180   2.8576148e+14
      945.269   2.8618787e+14
      945.358   2.8625428e+14
      945.448   2.8629939e+14
      945.537   2.8612156e+14
      945.627   2.8586002e+14
      945.716   2.8579882e+14
      945.805   2.8606753e+14
      945.895   2.8691671e+14
      945.984   2.8791224e+14
      946.074   2.8839893e+14
      946.163   2.8827143e+14
      946.253   2.8776502e+14
      946.342   2.8694397e+14
      946.432   2.8589423e+14
      946.522   2.8494198e+14
      946.611   2.8474479e+14
      946.701   2.8533207e+14
      946.790   2.8605716e+14
      946.880   2.8679726e+14
      946.970   2.8776631e+14
      947.059   2.8873360e+14
      947.149   2.8909501e+14
      947.239   2.8881076e+14
      947.328   2.8851387e+14
      947.418   2.8845011e+14
      947.508   2.8829558e+14
      947.598   2.8804755e+14
      947.688   2.8798052e+14
      947.777   2.8809630e+14
      947.867   2.8822534e+14
      947.957   2.8822989e+14
      948.047   2.8826893e+14
      948.137   2.8858199e+14
      948.227   2.8888774e+14
      948.317   2.8889623e+14
      948.407   2.8874676e+14
      948.497   2.8865392e+14
      948.587   2.8853468e+14
      948.677   2.8816933e+14
      948.767   2.8776771e+14
      948.857   2.8769632e+14
      948.947   2.8790828e+14
      949.037   2.8822762e+14
      949.127   2.8868222e+14
      949.217   2.8922708e+14
      949.307   2.8954921e+14
      949.397   2.8943004e+14
      949.487   2.8905341e+14
      949.577   2.8857423e+14
      949.668   2.8803579e+14
      949.758   2.8771833e+14
      949.848   2.8776406e+14
      949.938   2.8800044e+14
      950.029   2.8816343e+14
      950.119   2.8827581e+14
      950.209   2.8826506e+14
      950.299   2.8765437e+14
      950.390   2.8659740e+14
      950.480   2.8567852e+14
      950.570   2.8497368e+14
      950.661   2.8441321e+14
      950.751   2.8423572e+14
      950.841   2.8445618e+14
      950.932   2.8487929e+14
      951.022   2.8529526e+14
      951.113   2.8551615e+14
      951.203   2.8570698e+14
      951.294   2.8586367e+14
      951.384   2.8599374e+14
      951.475   2.8622770e+14
      951.565   2.8652670e+14
      951.656   2.8684746e+14
      951.746   2.8721540e+14
      951.837   2.8719406e+14
      951.928   2.8673137e+14
      952.018   2.8639727e+14
      952.109   2.8616736e+14
      952.200   2.8600242e+14
      952.290   2.8615357e+14
      952.381   2.8669327e+14
      952.472   2.8722710e+14
      952.562   2.8748665e+14
      952.653   2.8749117e+14
      952.744   2.8703846e+14
      952.835   2.8604403e+14
      952.925   2.8491019e+14
      953.016   2.8414212e+14
      953.107   2.8381434e+14
      953.198   2.8386578e+14
      953.289   2.8418845e+14
      953.380   2.8456905e+14
      953.471   2.8469781e+14
      953.562   2.8444450e+14
      953.653   2.8414935e+14
      953.743   2.8376548e+14
      953.834   2.8336053e+14
      953.925   2.8322111e+14
      954.016   2.8329794e+14
      954.107   2.8330856e+14
      954.198   2.8291844e+14
      954.290   2.8160584e+14
      954.381   2.7882208e+14
      954.472   2.7471981e+14
      954.563   2.7015437e+14
      954.654   2.6587241e+14
      954.745   2.6256091e+14
      954.836   2.6093987e+14
      954.927   2.6139707e+14
      955.019   2.6363832e+14
      955.110   2.6683510e+14
      955.201   2.7053006e+14
      955.292   2.7431804e+14
      955.384   2.7752072e+14
      955.475   2.7957627e+14
      955.566   2.8093131e+14
      955.657   2.8207610e+14
      955.749   2.8304574e+14
      955.840   2.8382714e+14
      955.932   2.8432532e+14
      956.023   2.8473548e+14
      956.114   2.8505328e+14
      956.206   2.8505531e+14
      956.297   2.8488321e+14
      956.389   2.8489142e+14
      956.480   2.8504902e+14
      956.572   2.8516824e+14
      956.663   2.8524290e+14
      956.755   2.8498113e+14
      956.846   2.8426674e+14
      956.938   2.8319760e+14
      957.029   2.8185690e+14
      957.121   2.8049776e+14
      957.213   2.7922703e+14
      957.304   2.7838775e+14
      957.396   2.7830473e+14
      957.488   2.7874839e+14
      957.579   2.7959130e+14
      957.671   2.8077105e+14
      957.763   2.8209989e+14
      957.854   2.8324179e+14
      957.946   2.8415112e+14
      958.038   2.8486698e+14
      958.130   2.8554987e+14
      958.222   2.8607971e+14
      958.313   2.8630158e+14
      958.405   2.8627197e+14
      958.497   2.8613242e+14
      958.589   2.8600449e+14
      958.681   2.8576555e+14
      958.773   2.8549451e+14
      958.865   2.8525830e+14
      958.957   2.8514922e+14
      959.049   2.8518229e+14
      959.141   2.8531791e+14
      959.233   2.8549657e+14
      959.325   2.8577008e+14
      959.417   2.8590825e+14
      959.509   2.8578727e+14
      959.601   2.8554354e+14
      959.693   2.8521088e+14
      959.785   2.8459095e+14
      959.877   2.8380515e+14
      959.969   2.8319794e+14
      960.061   2.8263509e+14
      960.154   2.8183391e+14
      960.246   2.8100390e+14
      960.338   2.8050167e+14
      960.430   2.8003916e+14
      960.523   2.7934535e+14
      960.615   2.7881478e+14
      960.707   2.7881133e+14
      960.799   2.7902129e+14
      960.892   2.7946366e+14
      960.984   2.8042865e+14
      961.076   2.8182494e+14
      961.169   2.8330124e+14
      961.261   2.8466405e+14
      961.354   2.8572280e+14
      961.446   2.8650255e+14
      961.538   2.8684520e+14
      961.631   2.8669963e+14
      961.723   2.8630730e+14
      961.816   2.8574089e+14
      961.908   2.8467228e+14
      962.001   2.8320695e+14
      962.094   2.8200409e+14
      962.186   2.8085980e+14
      962.279   2.7975454e+14
      962.371   2.7891372e+14
      962.464   2.7842297e+14
      962.557   2.7793742e+14
      962.649   2.7772294e+14
      962.742   2.7781941e+14
      962.835   2.7837465e+14
      962.927   2.7906556e+14
      963.020   2.8022976e+14
      963.113   2.8155787e+14
      963.206   2.8221268e+14
      963.298   2.8230170e+14
      963.391   2.8245874e+14
      963.484   2.8187087e+14
      963.577   2.8039842e+14
      963.670   2.7877572e+14
      963.763   2.7785974e+14
      963.855   2.7746766e+14
      963.948   2.7726196e+14
      964.041   2.7746595e+14
      964.134   2.7846966e+14
      964.227   2.7974117e+14
      964.320   2.8076487e+14
      964.413   2.8163985e+14
      964.506   2.8225030e+14
      964.599   2.8247503e+14
      964.692   2.8224496e+14
      964.785   2.8157349e+14
      964.878   2.8088067e+14
      964.972   2.8056277e+14
      965.065   2.8052271e+14
      965.158   2.8018702e+14
      965.251   2.7977965e+14
      965.344   2.7965924e+14
      965.437   2.7945874e+14
      965.531   2.7870615e+14
      965.624   2.7732799e+14
      965.717   2.7589801e+14
      965.810   2.7459811e+14
      965.904   2.7338520e+14
      965.997   2.7251673e+14
      966.090   2.7256575e+14
      966.184   2.7374424e+14
      966.277   2.7542396e+14
      966.370   2.7718615e+14
      966.464   2.7911371e+14
      966.557   2.8113661e+14
      966.651   2.8231832e+14
      966.744   2.8265834e+14
      966.837   2.8261967e+14
      966.931   2.8248193e+14
      967.024   2.8225533e+14
      967.118   2.8188548e+14
      967.212   2.8140531e+14
      967.305   2.8059784e+14
      967.399   2.7950891e+14
      967.492   2.7840005e+14
      967.586   2.7749441e+14
      967.680   2.7682365e+14
      967.773   2.7658537e+14
      967.867   2.7697331e+14
      967.961   2.7783794e+14
      968.054   2.7895897e+14
      968.148   2.8005905e+14
      968.242   2.8118890e+14
      968.335   2.8204628e+14
      968.429   2.8243058e+14
      968.523   2.8249481e+14
      968.617   2.8240760e+14
      968.711   2.8191424e+14
      968.805   2.8109112e+14
      968.898   2.8033083e+14
      968.992   2.7951581e+14
      969.086   2.7877054e+14
      969.180   2.7827401e+14
      969.274   2.7847896e+14
      969.368   2.7903290e+14
      969.462   2.7969103e+14
      969.556   2.8036702e+14
      969.650   2.8119496e+14
      969.744   2.8182362e+14
      969.838   2.8211470e+14
      969.932   2.8227455e+14
      970.026   2.8215699e+14
      970.120   2.8190963e+14
      970.214   2.8156414e+14
      970.309   2.8101406e+14
      970.403   2.7994235e+14
      970.497   2.7869044e+14
      970.591   2.7789532e+14
      970.685   2.7725456e+14
      970.780   2.7663782e+14
      970.874   2.7653100e+14
      970.968   2.7726895e+14
      971.062   2.7815333e+14
      971.157   2.7901803e+14
      971.251   2.7995072e+14
      971.345   2.8083149e+14
      971.440   2.8119386e+14
      971.534   2.8116468e+14
      971.628   2.8104199e+14
      971.723   2.8075068e+14
      971.817   2.8050544e+14
      971.912   2.8048074e+14
      972.006   2.8052968e+14
      972.101   2.8049215e+14
      972.195   2.8052360e+14
      972.290   2.8072321e+14
      972.384   2.8090118e+14
      972.479   2.8090758e+14
      972.573   2.8072072e+14
      972.668   2.8033867e+14
      972.763   2.7971162e+14
      972.857   2.7899806e+14
      972.952   2.7826890e+14
      973.047   2.7775345e+14
      973.141   2.7761164e+14
      973.236   2.7781810e+14
      973.331   2.7801315e+14
      973.426   2.7839857e+14
      973.520   2.7862453e+14
      973.615   2.7799362e+14
      973.710   2.7625467e+14
      973.805   2.7475605e+14
      973.899   2.7339383e+14
      973.994   2.7226714e+14
      974.089   2.7176709e+14
      974.184   2.7254125e+14
      974.279   2.7353049e+14
      974.374   2.7468081e+14
      974.469   2.7557379e+14
      974.564   2.7606048e+14
      974.659   2.7585964e+14
      974.754   2.7568456e+14
      974.849   2.7544597e+14
      974.944   2.7535140e+14
      975.039   2.7602442e+14
      975.134   2.7748669e+14
      975.229   2.7867886e+14
      975.324   2.7954746e+14
      975.419   2.8046824e+14
      975.515   2.8108641e+14
      975.610   2.8106302e+14
      975.705   2.8071790e+14
      975.800   2.8036375e+14
      975.895   2.7999875e+14
      975.991   2.7973908e+14
      976.086   2.7933554e+14
      976.181   2.7836377e+14
      976.276   2.7698298e+14
      976.372   2.7573717e+14
      976.467   2.7449264e+14
      976.563   2.7342372e+14
      976.658   2.7293240e+14
      976.753   2.7333731e+14
      976.849   2.7398533e+14
      976.944   2.7459549e+14
      977.040   2.7531381e+14
      977.135   2.7604449e+14
      977.231   2.7651610e+14
      977.326   2.7679496e+14
      977.422   2.7737549e+14
      977.517   2.7818012e+14
      977.613   2.7916436e+14
      977.708   2.7997927e+14
      977.804   2.8054647e+14
      977.899   2.8064167e+14
      977.995   2.8032622e+14
      978.091   2.7969729e+14
      978.186   2.7857341e+14
      978.282   2.7724186e+14
      978.378   2.7605786e+14
      978.474   2.7497149e+14
      978.569   2.7338716e+14
      978.665   2.7190454e+14
      978.761   2.7108132e+14
      978.857   2.7068092e+14
      978.953   2.7035237e+14
      979.048   2.7078994e+14
      979.144   2.7223504e+14
      979.240   2.7389949e+14
      979.336   2.7537364e+14
      979.432   2.7682057e+14
      979.528   2.7811323e+14
      979.624   2.7871492e+14
      979.720   2.7865308e+14
      979.816   2.7798621e+14
      979.912   2.7680962e+14
      980.008   2.7584956e+14
      980.104   2.7503044e+14
      980.200   2.7436995e+14
      980.296   2.7398861e+14
      980.392   2.7462858e+14
      980.488   2.7554858e+14
      980.584   2.7651973e+14
      980.681   2.7740622e+14
      980.777   2.7842340e+14
      980.873   2.7887045e+14
      980.969   2.7887697e+14
      981.065   2.7868228e+14
      981.162   2.7853344e+14
      981.258   2.7838975e+14
      981.354   2.7834458e+14
      981.451   2.7829066e+14
      981.547   2.7838954e+14
      981.643   2.7847185e+14
      981.740   2.7860357e+14
      981.836   2.7868374e+14
      981.932   2.7864070e+14
      982.029   2.7832478e+14
      982.125   2.7809595e+14
      982.222   2.7783341e+14
      982.318   2.7744327e+14
      982.415   2.7703240e+14
      982.511   2.7696672e+14
      982.608   2.7686484e+14
      982.704   2.7669245e+14
      982.801   2.7667725e+14
      982.898   2.7689825e+14
      982.994   2.7700862e+14
      983.091   2.7692849e+14
      983.188   2.7667473e+14
      983.284   2.7605286e+14
      983.381   2.7545366e+14
      983.478   2.7485174e+14
      983.574   2.7442443e+14
      983.671   2.7419396e+14
      983.768   2.7464124e+14
      983.865   2.7539289e+14
      983.961   2.7621277e+14
      984.058   2.7662283e+14
      984.155   2.7665410e+14
      984.252   2.7652879e+14
      984.349   2.7616315e+14
      984.446   2.7566474e+14
      984.543   2.7538773e+14
      984.640   2.7582552e+14
      984.737   2.7638384e+14
      984.834   2.7671855e+14
      984.931   2.7698737e+14
      985.028   2.7729330e+14
      985.125   2.7727459e+14
      985.222   2.7693842e+14
      985.319   2.7660471e+14
      985.416   2.7645567e+14
      985.513   2.7643287e+14
      985.610   2.7646959e+14
      985.707   2.7651355e+14
      985.804   2.7668535e+14
      985.902   2.7672090e+14
      985.999   2.7621811e+14
      986.096   2.7516689e+14
      986.193   2.7431411e+14
      986.291   2.7350576e+14
      986.388   2.7266938e+14
      986.485   2.7229635e+14
      986.582   2.7294262e+14
      986.680   2.7380659e+14
      986.777   2.7471766e+14
      986.875   2.7571743e+14
      986.972   2.7660339e+14
      987.069   2.7638594e+14
      987.167   2.7540163e+14
      987.264   2.7448651e+14
      987.362   2.7353951e+14
      987.459   2.7271989e+14
      987.557   2.7244127e+14
      987.654   2.7320104e+14
      987.752   2.7422547e+14
      987.849   2.7529631e+14
      987.947   2.7616952e+14
      988.045   2.7686058e+14
      988.142   2.7696690e+14
      988.240   2.7661314e+14
      988.338   2.7614061e+14
      988.435   2.7582630e+14
      988.533   2.7586592e+14
      988.631   2.7578678e+14
      988.729   2.7509170e+14
      988.826   2.7363796e+14
      988.924   2.7189058e+14
      989.022   2.6999140e+14
      989.120   2.6826926e+14
      989.218   2.6721074e+14
      989.315   2.6756493e+14
      989.413   2.6904685e+14
      989.511   2.7106638e+14
      989.609   2.7301267e+14
      989.707   2.7435439e+14
      989.805   2.7436250e+14
      989.903   2.7371743e+14
      990.001   2.7251782e+14
      990.099   2.7122098e+14
      990.197   2.7026501e+14
      990.295   2.7068711e+14
      990.393   2.7141065e+14
      990.491   2.7223472e+14
      990.589   2.7324647e+14
      990.688   2.7451235e+14
      990.786   2.7512265e+14
      990.884   2.7527749e+14
      990.982   2.7546416e+14
      991.080   2.7513209e+14
      991.179   2.7412601e+14
      991.277   2.7323874e+14
      991.375   2.7238273e+14
      991.473   2.7141543e+14
      991.572   2.7069958e+14
      991.670   2.7127151e+14
      991.768   2.7224112e+14
      991.867   2.7336151e+14
      991.965   2.7455020e+14
      992.063   2.7579177e+14
      992.162   2.7625236e+14
      992.260   2.7610024e+14
      992.359   2.7571003e+14
      992.457   2.7523706e+14
      992.556   2.7480715e+14
      992.654   2.7456625e+14
      992.753   2.7454297e+14
      992.852   2.7466928e+14
      992.950   2.7461821e+14
      993.049   2.7441022e+14
      993.147   2.7422978e+14
      993.246   2.7390499e+14
      993.345   2.7343915e+14
      993.443   2.7323117e+14
      993.542   2.7347847e+14
      993.641   2.7379756e+14
      993.739   2.7418278e+14
      993.838   2.7474477e+14
      993.937   2.7517579e+14
      994.036   2.7526581e+14
      994.135   2.7517380e+14
      994.233   2.7495807e+14
      994.332   2.7458969e+14
      994.431   2.7430669e+14
      994.530   2.7419695e+14
      994.629   2.7409268e+14
      994.728   2.7398397e+14
      994.827   2.7399768e+14
      994.926   2.7394794e+14
      995.025   2.7366959e+14
      995.124   2.7336534e+14
      995.223   2.7315418e+14
      995.322   2.7300825e+14
      995.421   2.7287473e+14
      995.520   2.7298989e+14
      995.619   2.7321884e+14
      995.718   2.7349588e+14
      995.818   2.7363756e+14
      995.917   2.7374368e+14
      996.016   2.7364793e+14
      996.115   2.7358923e+14
      996.214   2.7348789e+14
      996.314   2.7340823e+14
      996.413   2.7337879e+14
      996.512   2.7356537e+14
      996.612   2.7368657e+14
      996.711   2.7378541e+14
      996.810   2.7384196e+14
      996.910   2.7396502e+14
      997.009   2.7396078e+14
      997.108   2.7395991e+14
      997.208   2.7392288e+14
      997.307   2.7396096e+14
      997.407   2.7397430e+14
      997.506   2.7392228e+14
      997.606   2.7377674e+14
      997.705   2.7364266e+14
      997.805   2.7354559e+14
      997.904   2.7338461e+14
      998.004   2.7337102e+14
      998.104   2.7332724e+14
      998.203   2.7330674e+14
      998.303   2.7328058e+14
      998.403   2.7322905e+14
      998.502   2.7287470e+14
      998.602   2.7262502e+14
      998.702   2.7251156e+14
      998.801   2.7240146e+14
      998.901   2.7228606e+14
      999.001   2.7255822e+14
      999.101   2.7275879e+14
      999.201   2.7257039e+14
      999.300   2.7243786e+14
      999.400   2.7236653e+14
      999.500   2.7200216e+14
      999.600   2.7139988e+14
      999.700   2.7139395e+14
      999.800   2.7144734e+14
      999.900   2.7143216e+14
      1000.00   2.7140883e+14
      1000.10   2.7184623e+14
      1000.20   2.7206944e+14
      1000.30   2.7214358e+14
      1000.40   2.7232667e+14
      1000.50   2.7277776e+14
      1000.60   2.7308244e+14
      1000.70   2.7323436e+14
      1000.80   2.7335158e+14
      1000.90   2.7341856e+14
      1001.00   2.7332448e+14
      1001.10   2.7316863e+14
      1001.20   2.7311662e+14
      1001.30   2.7316070e+14
      1001.40   2.7325168e+14
      1001.50   2.7340669e+14
      1001.60   2.7358582e+14
      1001.70   2.7369573e+14
      1001.80   2.7365914e+14
      1001.90   2.7354463e+14
      1002.00   2.7333819e+14
      1002.10   2.7316718e+14
      1002.20   2.7299617e+14
      1002.30   2.7277468e+14
      1002.41   2.7236439e+14
      1002.51   2.7206664e+14
      1002.61   2.7176716e+14
      1002.71   2.7139748e+14
      1002.81   2.7101075e+14
      1002.91   2.7085176e+14
      1003.01   2.7053556e+14
      1003.11   2.7023337e+14
      1003.21   2.7004828e+14
      1003.31   2.6991901e+14
      1003.41   2.6942268e+14
      1003.51   2.6887579e+14
      1003.61   2.6856569e+14
      1003.71   2.6821544e+14
      1003.81   2.6782104e+14
      1003.91   2.6760483e+14
      1004.02   2.6783139e+14
      1004.12   2.6790547e+14
      1004.22   2.6784699e+14
      1004.32   2.6766153e+14
      1004.42   2.6733238e+14
      1004.52   2.6628413e+14
      1004.62   2.6421605e+14
      1004.72   2.6084216e+14
      1004.82   2.5642861e+14
      1004.92   2.5212531e+14
      1005.03   2.4826492e+14
      1005.13   2.4536308e+14
      1005.23   2.4443605e+14
      1005.33   2.4621227e+14
      1005.43   2.4940029e+14
      1005.53   2.5310865e+14
      1005.63   2.5671569e+14
      1005.73   2.5989970e+14
      1005.83   2.6195590e+14
      1005.93   2.6304412e+14
      1006.04   2.6362444e+14
      1006.14   2.6446496e+14
      1006.24   2.6560238e+14
      1006.34   2.6667159e+14
      1006.44   2.6762718e+14
      1006.54   2.6856624e+14
      1006.64   2.6913942e+14
      1006.74   2.6926736e+14
      1006.85   2.6938671e+14
      1006.95   2.6946516e+14
      1007.05   2.6955847e+14
      1007.15   2.6978447e+14
      1007.25   2.7029198e+14
      1007.35   2.7069777e+14
      1007.45   2.7109176e+14
      1007.56   2.7141980e+14
      1007.66   2.7170688e+14
      1007.76   2.7167118e+14
      1007.86   2.7146048e+14
      1007.96   2.7111711e+14
      1008.07   2.7081137e+14
      1008.17   2.7045660e+14
      1008.27   2.7007992e+14
      1008.37   2.6968033e+14
      1008.47   2.6943934e+14
      1008.57   2.6927854e+14
      1008.67   2.6923857e+14
      1008.78   2.6935739e+14
      1008.88   2.6967076e+14
      1008.98   2.7002736e+14
      1009.08   2.7030677e+14
      1009.18   2.7053510e+14
      1009.28   2.7066820e+14
      1009.39   2.7073536e+14
      1009.49   2.7069169e+14
      1009.59   2.7062822e+14
      1009.69   2.7052110e+14
      1009.80   2.7056697e+14
      1009.90   2.7059864e+14
      1010.00   2.7061243e+14
      1010.10   2.7062094e+14
      1010.20   2.7067169e+14
      1010.30   2.7044204e+14
      1010.41   2.6993874e+14
      1010.51   2.6956004e+14
      1010.61   2.6918433e+14
      1010.71   2.6880121e+14
      1010.82   2.6863564e+14
      1010.92   2.6900594e+14
      1011.02   2.6934183e+14
      1011.12   2.6961617e+14
      1011.22   2.6972709e+14
      1011.33   2.6978971e+14
      1011.43   2.6956399e+14
      1011.53   2.6930385e+14
      1011.63   2.6909573e+14
      1011.74   2.6920315e+14
      1011.84   2.6944255e+14
      1011.94   2.6964637e+14
      1012.04   2.6977138e+14
      1012.15   2.6963831e+14
      1012.25   2.6889868e+14
      1012.35   2.6812882e+14
      1012.45   2.6749855e+14
      1012.56   2.6688238e+14
      1012.66   2.6638302e+14
      1012.76   2.6682650e+14
      1012.86   2.6746720e+14
      1012.97   2.6798714e+14
      1013.07   2.6854792e+14
      1013.17   2.6934825e+14
      1013.27   2.6966619e+14
      1013.38   2.6963002e+14
      1013.48   2.6959427e+14
      1013.58   2.6950081e+14
      1013.68   2.6936509e+14
      1013.79   2.6922259e+14
      1013.89   2.6916700e+14
      1013.99   2.6903267e+14
      1014.10   2.6887474e+14
      1014.20   2.6861499e+14
      1014.30   2.6798194e+14
      1014.41   2.6650582e+14
      1014.51   2.6530876e+14
      1014.61   2.6432139e+14
      1014.71   2.6351211e+14
      1014.82   2.6280340e+14
      1014.92   2.6373047e+14
      1015.02   2.6489852e+14
      1015.12   2.6588363e+14
      1015.23   2.6654899e+14
      1015.33   2.6743212e+14
      1015.43   2.6735233e+14
      1015.54   2.6664499e+14
      1015.64   2.6605554e+14
      1015.74   2.6585092e+14
      1015.85   2.6582389e+14
      1015.95   2.6600870e+14
      1016.05   2.6655404e+14
      1016.16   2.6671681e+14
      1016.26   2.6592524e+14
      1016.36   2.6518594e+14
      1016.47   2.6430555e+14
      1016.57   2.6301955e+14
      1016.67   2.6190210e+14
      1016.78   2.6241323e+14
      1016.88   2.6320676e+14
      1016.98   2.6405509e+14
      1017.09   2.6527295e+14
      1017.19   2.6671910e+14
      1017.29   2.6739134e+14
      1017.40   2.6761950e+14
      1017.50   2.6782527e+14
      1017.60   2.6793566e+14
      1017.71   2.6803827e+14
      1017.81   2.6804693e+14
      1017.91   2.6806462e+14
      1018.02   2.6802859e+14
      1018.12   2.6748050e+14
      1018.23   2.6586392e+14
      1018.33   2.6430510e+14
      1018.43   2.6281363e+14
      1018.54   2.6114300e+14
      1018.64   2.5976021e+14
      1018.74   2.6008667e+14
      1018.85   2.6110569e+14
      1018.95   2.6190722e+14
      1019.06   2.6241910e+14
      1019.16   2.6282305e+14
      1019.26   2.6268102e+14
      1019.37   2.6163394e+14
      1019.47   2.6051251e+14
      1019.58   2.6020500e+14
      1019.68   2.6094452e+14
      1019.78   2.6164358e+14
      1019.89   2.6279025e+14
      1019.99   2.6420588e+14
      1020.10   2.6515054e+14
      1020.20   2.6516027e+14
      1020.30   2.6525658e+14
      1020.41   2.6516877e+14
      1020.51   2.6492280e+14
      1020.62   2.6484699e+14
      1020.72   2.6502529e+14
      1020.83   2.6519056e+14
      1020.93   2.6526542e+14
      1021.03   2.6535161e+14
      1021.14   2.6543243e+14
      1021.24   2.6560419e+14
      1021.35   2.6526074e+14
      1021.45   2.6408716e+14
      1021.55   2.6285293e+14
      1021.66   2.6145034e+14
      1021.76   2.5987503e+14
      1021.87   2.5848730e+14
      1021.97   2.5856036e+14
      1022.08   2.5931261e+14
      1022.18   2.6077663e+14
      1022.29   2.6255921e+14
      1022.39   2.6446497e+14
      1022.49   2.6569627e+14
      1022.60   2.6639198e+14
      1022.70   2.6659111e+14
      1022.81   2.6644072e+14
      1022.91   2.6629718e+14
      1023.02   2.6635741e+14
      1023.12   2.6642555e+14
      1023.23   2.6641715e+14
      1023.33   2.6645436e+14
      1023.44   2.6654976e+14
      1023.54   2.6645069e+14
      1023.65   2.6616292e+14
      1023.75   2.6591252e+14
      1023.86   2.6578566e+14
      1023.96   2.6557221e+14
      1024.07   2.6540214e+14
      1024.17   2.6545782e+14
      1024.28   2.6562381e+14
      1024.38   2.6548392e+14
      1024.48   2.6549490e+14
      1024.59   2.6556220e+14
      1024.69   2.6550434e+14
      1024.80   2.6525583e+14
      1024.91   2.6539878e+14
      1025.01   2.6547063e+14
      1025.11   2.6547097e+14
      1025.22   2.6556101e+14
      1025.33   2.6580355e+14
      1025.43   2.6586182e+14
      1025.54   2.6588756e+14
      1025.64   2.6597653e+14
      1025.75   2.6605187e+14
      1025.85   2.6611246e+14
      1025.96   2.6611616e+14
      1026.06   2.6601463e+14
      1026.17   2.6583160e+14
      1026.27   2.6559346e+14
      1026.38   2.6522470e+14
      1026.48   2.6489519e+14
      1026.59   2.6471070e+14
      1026.69   2.6463014e+14
      1026.80   2.6458251e+14
      1026.91   2.6475548e+14
      1027.01   2.6500819e+14
      1027.12   2.6516563e+14
      1027.22   2.6515405e+14
      1027.33   2.6523043e+14
      1027.43   2.6524956e+14
      1027.54   2.6520932e+14
      1027.64   2.6518549e+14
      1027.75   2.6537577e+14
      1027.85   2.6557052e+14
      1027.96   2.6571676e+14
      1028.07   2.6581907e+14
      1028.17   2.6588368e+14
      1028.28   2.6586172e+14
      1028.38   2.6579246e+14
      1028.49   2.6569758e+14
      1028.59   2.6530641e+14
      1028.70   2.6420487e+14
      1028.81   2.6295757e+14
      1028.91   2.6184162e+14
      1029.02   2.6073895e+14
      1029.12   2.5970870e+14
      1029.23   2.5990230e+14
      1029.34   2.6088081e+14
      1029.44   2.6192068e+14
      1029.55   2.6296116e+14
      1029.65   2.6418094e+14
      1029.76   2.6480550e+14
      1029.87   2.6476774e+14
      1029.97   2.6433332e+14
      1030.08   2.6381017e+14
      1030.18   2.6338579e+14
      1030.29   2.6318037e+14
      1030.40   2.6294376e+14
      1030.50   2.6288560e+14
      1030.61   2.6302455e+14
      1030.71   2.6324416e+14
      1030.82   2.6337048e+14
      1030.93   2.6358828e+14
      1031.03   2.6362608e+14
      1031.14   2.6340482e+14
      1031.25   2.6320723e+14
      1031.35   2.6303210e+14
      1031.46   2.6276614e+14
      1031.57   2.6252198e+14
      1031.67   2.6274972e+14
      1031.78   2.6299606e+14
      1031.89   2.6320711e+14
      1031.99   2.6337041e+14
      1032.10   2.6373780e+14
      1032.20   2.6383262e+14
      1032.31   2.6375416e+14
      1032.42   2.6350436e+14
      1032.52   2.6294287e+14
      1032.63   2.6161788e+14
      1032.74   2.6032509e+14
      1032.84   2.5853750e+14
      1032.95   2.5690580e+14
      1033.06   2.5547400e+14
      1033.17   2.5555370e+14
      1033.27   2.5578116e+14
      1033.38   2.5704792e+14
      1033.48   2.5854732e+14
      1033.59   2.6042178e+14
      1033.70   2.6159203e+14
      1033.81   2.6238277e+14
      1033.91   2.6211936e+14
      1034.02   2.6174809e+14
      1034.13   2.6084906e+14
      1034.23   2.5898832e+14
      1034.34   2.5740975e+14
      1034.45   2.5684880e+14
      1034.55   2.5619830e+14
      1034.66   2.5534597e+14
      1034.77   2.5633920e+14
      1034.88   2.5763528e+14
      1034.98   2.5847303e+14
      1035.09   2.5915233e+14
      1035.20   2.6050171e+14
      1035.30   2.6105478e+14
      1035.41   2.6122497e+14
      1035.52   2.6132328e+14
      1035.63   2.6151057e+14
      1035.73   2.6176345e+14
      1035.84   2.6196393e+14
      1035.95   2.6215911e+14
      1036.06   2.6240241e+14
      1036.16   2.6265158e+14
      1036.27   2.6258289e+14
      1036.38   2.6235100e+14
      1036.48   2.6210430e+14
      1036.59   2.6181798e+14
      1036.70   2.6156197e+14
      1036.81   2.6139494e+14
      1036.91   2.6064492e+14
      1037.02   2.5898641e+14
      1037.13   2.5769951e+14
      1037.24   2.5654128e+14
      1037.34   2.5524386e+14
      1037.45   2.5444519e+14
      1037.56   2.5550977e+14
      1037.67   2.5627728e+14
      1037.78   2.5682113e+14
      1037.88   2.5768626e+14
      1037.99   2.5867352e+14
      1038.10   2.5859340e+14
      1038.21   2.5868308e+14
      1038.31   2.5935593e+14
      1038.42   2.6002093e+14
      1038.53   2.6071149e+14
      1038.64   2.6144119e+14
      1038.74   2.6183124e+14
      1038.85   2.6173757e+14
      1038.96   2.6138565e+14
      1039.07   2.6102093e+14
      1039.18   2.6070874e+14
      1039.29   2.6034846e+14
      1039.39   2.5928248e+14
      1039.50   2.5838791e+14
      1039.61   2.5768469e+14
      1039.72   2.5697397e+14
      1039.82   2.5620777e+14
      1039.93   2.5666215e+14
      1040.04   2.5755488e+14
      1040.15   2.5837607e+14
      1040.26   2.5925740e+14
      1040.37   2.6022577e+14
      1040.47   2.6054984e+14
      1040.58   2.6020691e+14
      1040.69   2.5988436e+14
      1040.80   2.5955207e+14
      1040.91   2.5941501e+14
      1041.02   2.5946376e+14
      1041.12   2.5997400e+14
      1041.23   2.6043326e+14
      1041.34   2.6083952e+14
      1041.45   2.6107922e+14
      1041.56   2.6123823e+14
      1041.67   2.6113931e+14
      1041.78   2.6094420e+14
      1041.88   2.6077359e+14
      1041.99   2.6070040e+14
      1042.10   2.6045386e+14
      1042.21   2.5982298e+14
      1042.32   2.5925501e+14
      1042.43   2.5841184e+14
      1042.54   2.5713346e+14
      1042.64   2.5619078e+14
      1042.75   2.5612496e+14
      1042.86   2.5609380e+14
      1042.97   2.5641537e+14
      1043.08   2.5758817e+14
      1043.19   2.5878438e+14
      1043.30   2.5939710e+14
      1043.41   2.5973573e+14
      1043.52   2.6005673e+14
      1043.62   2.5997863e+14
      1043.73   2.5974955e+14
      1043.84   2.5953660e+14
      1043.95   2.5966900e+14
      1044.06   2.5983344e+14
      1044.17   2.6001066e+14
      1044.28   2.6022034e+14
      1044.39   2.6048723e+14
      1044.49   2.6056494e+14
      1044.60   2.6040817e+14
      1044.71   2.5985712e+14
      1044.82   2.5936498e+14
      1044.93   2.5892605e+14
      1045.04   2.5844293e+14
      1045.15   2.5797545e+14
      1045.26   2.5795744e+14
      1045.37   2.5716012e+14
      1045.48   2.5619872e+14
      1045.59   2.5532936e+14
      1045.70   2.5435199e+14
      1045.81   2.5225053e+14
      1045.92   2.5140933e+14
      1046.03   2.5144803e+14
      1046.14   2.5168975e+14
      1046.24   2.5203688e+14
      1046.35   2.5399805e+14
      1046.46   2.5598341e+14
      1046.57   2.5733217e+14
      1046.68   2.5815544e+14
      1046.79   2.5823477e+14
      1046.90   2.5789097e+14
      1047.01   2.5705942e+14
      1047.12   2.5604104e+14
      1047.23   2.5501303e+14
      1047.34   2.5564366e+14
      1047.45   2.5652950e+14
      1047.56   2.5738851e+14
      1047.67   2.5829185e+14
      1047.78   2.5950312e+14
      1047.89   2.5994051e+14
      1048.00   2.5991993e+14
      1048.11   2.5976892e+14
      1048.22   2.5968767e+14
      1048.33   2.5954471e+14
      1048.44   2.5911008e+14
      1048.55   2.5880879e+14
      1048.66   2.5869325e+14
      1048.77   2.5852840e+14
      1048.88   2.5831232e+14
      1048.99   2.5864986e+14
      1049.10   2.5897778e+14
      1049.21   2.5914431e+14
      1049.32   2.5917929e+14
      1049.43   2.5900038e+14
      1049.54   2.5865801e+14
      1049.65   2.5823866e+14
      1049.76   2.5788164e+14
      1049.87   2.5747222e+14
      1049.98   2.5751207e+14
      1050.09   2.5752163e+14
      1050.20   2.5762011e+14
      1050.31   2.5769016e+14
      1050.42   2.5779102e+14
      1050.53   2.5790338e+14
      1050.64   2.5809755e+14
      1050.75   2.5823305e+14
      1050.86   2.5820987e+14
      1050.97   2.5833958e+14
      1051.08   2.5838400e+14
      1051.19   2.5828821e+14
      1051.30   2.5812967e+14
      1051.41   2.5821234e+14
      1051.53   2.5817665e+14
      1051.64   2.5770740e+14
      1051.75   2.5742344e+14
      1051.86   2.5719858e+14
      1051.97   2.5677149e+14
      1052.08   2.5636010e+14
      1052.19   2.5679791e+14
      1052.30   2.5715312e+14
      1052.41   2.5746213e+14
      1052.52   2.5798566e+14
      1052.63   2.5858343e+14
      1052.74   2.5857174e+14
      1052.85   2.5823631e+14
      1052.96   2.5780344e+14
      1053.07   2.5665891e+14
      1053.19   2.5568558e+14
      1053.30   2.5481754e+14
      1053.41   2.5417844e+14
      1053.52   2.5357505e+14
      1053.63   2.5427495e+14
      1053.74   2.5502291e+14
      1053.85   2.5574376e+14
      1053.96   2.5651657e+14
      1054.07   2.5744977e+14
      1054.19   2.5769933e+14
      1054.30   2.5768455e+14
      1054.41   2.5768225e+14
      1054.52   2.5763731e+14
      1054.63   2.5761356e+14
      1054.74   2.5759485e+14
      1054.85   2.5756991e+14
      1054.96   2.5765443e+14
      1055.07   2.5781715e+14
      1055.19   2.5789015e+14
      1055.30   2.5791693e+14
      1055.41   2.5799778e+14
      1055.52   2.5806375e+14
      1055.63   2.5794300e+14
      1055.74   2.5781848e+14
      1055.85   2.5770079e+14
      1055.97   2.5754572e+14
      1056.08   2.5740221e+14
      1056.19   2.5739394e+14
      1056.30   2.5739489e+14
      1056.41   2.5733620e+14
      1056.52   2.5741529e+14
      1056.64   2.5748381e+14
      1056.75   2.5748566e+14
      1056.86   2.5748426e+14
      1056.97   2.5760281e+14
      1057.08   2.5760080e+14
      1057.19   2.5760755e+14
      1057.31   2.5761747e+14
      1057.42   2.5751593e+14
      1057.53   2.5720784e+14
      1057.64   2.5702644e+14
      1057.75   2.5682613e+14
      1057.86   2.5653107e+14
      1057.98   2.5604585e+14
      1058.09   2.5559606e+14
      1058.20   2.5458193e+14
      1058.31   2.5172732e+14
      1058.43   2.4889950e+14
      1058.54   2.4673842e+14
      1058.65   2.4493158e+14
      1058.76   2.4313292e+14
      1058.87   2.4470975e+14
      1058.98   2.4748643e+14
      1059.10   2.5009286e+14
      1059.21   2.5251115e+14
      1059.32   2.5544247e+14
      1059.43   2.5682599e+14
      1059.55   2.5702240e+14
      1059.66   2.5705047e+14
      1059.77   2.5713455e+14
      1059.88   2.5714812e+14
      1060.00   2.5700900e+14
      1060.11   2.5618354e+14
      1060.22   2.5391249e+14
      1060.33   2.5163027e+14
      1060.44   2.4957348e+14
      1060.56   2.4748203e+14
      1060.67   2.4591474e+14
      1060.78   2.4709483e+14
      1060.90   2.4896512e+14
      1061.01   2.5051941e+14
      1061.12   2.5239169e+14
      1061.23   2.5452014e+14
      1061.35   2.5524332e+14
      1061.46   2.5486560e+14
      1061.57   2.5485555e+14
      1061.68   2.5490866e+14
      1061.80   2.5491979e+14
      1061.91   2.5494324e+14
      1062.02   2.5546344e+14
      1062.14   2.5589225e+14
      1062.25   2.5615887e+14
      1062.36   2.5640207e+14
      1062.47   2.5627224e+14
      1062.59   2.5476493e+14
      1062.70   2.5345880e+14
      1062.81   2.5223099e+14
      1062.93   2.5087229e+14
      1063.04   2.4947312e+14
      1063.15   2.5032997e+14
      1063.26   2.5132788e+14
      1063.38   2.5227485e+14
      1063.49   2.5336022e+14
      1063.60   2.5490579e+14
      1063.72   2.5559346e+14
      1063.83   2.5580147e+14
      1063.94   2.5594068e+14
      1064.06   2.5613031e+14
      1064.17   2.5635420e+14
      1064.28   2.5638353e+14
      1064.40   2.5639525e+14
      1064.51   2.5641834e+14
      1064.62   2.5632950e+14
      1064.74   2.5623552e+14
      1064.85   2.5611122e+14
      1064.96   2.5598639e+14
      1065.08   2.5581984e+14
      1065.19   2.5580645e+14
      1065.30   2.5579398e+14
      1065.42   2.5583068e+14
      1065.53   2.5583753e+14
      1065.64   2.5579733e+14
      1065.76   2.5536345e+14
      1065.87   2.5393866e+14
      1065.98   2.5142960e+14
      1066.10   2.4943085e+14
      1066.21   2.4757682e+14
      1066.32   2.4584633e+14
      1066.44   2.4519864e+14
      1066.55   2.4698200e+14
      1066.67   2.4878912e+14
      1066.78   2.5059802e+14
      1066.89   2.5252539e+14
      1067.01   2.5418895e+14
      1067.12   2.5472204e+14
      1067.24   2.5480600e+14
      1067.35   2.5480026e+14
      1067.46   2.5482054e+14
      1067.58   2.5510321e+14
      1067.69   2.5522685e+14
      1067.81   2.5526198e+14
      1067.92   2.5520098e+14
      1068.03   2.5465391e+14
      1068.15   2.5273218e+14
      1068.26   2.5080015e+14
      1068.38   2.4795421e+14
      1068.49   2.4546058e+14
      1068.60   2.4317302e+14
      1068.72   2.4297949e+14
      1068.83   2.4129352e+14
      1068.95   2.4045432e+14
      1069.06   2.4015806e+14
      1069.18   2.3994549e+14
      1069.29   2.3743527e+14
      1069.40   2.3725263e+14
      1069.52   2.3906229e+14
      1069.63   2.4063565e+14
      1069.75   2.4226185e+14
      1069.86   2.4644945e+14
      1069.98   2.5004358e+14
      1070.09   2.5180243e+14
      1070.20   2.5302568e+14
      1070.32   2.5444395e+14
      1070.44   2.5449702e+14
      1070.55   2.5327806e+14
      1070.66   2.5232793e+14
      1070.78   2.5154148e+14
      1070.89   2.5071742e+14
      1071.01   2.4978812e+14
      1071.12   2.5074025e+14
      1071.24   2.5171217e+14
      1071.35   2.5251593e+14
      1071.47   2.5321036e+14
      1071.58   2.5379895e+14
      1071.70   2.5364596e+14
      1071.81   2.5314382e+14
      1071.93   2.5266245e+14
      1072.04   2.5218573e+14
      1072.16   2.5271259e+14
      1072.27   2.5310533e+14
      1072.39   2.5316102e+14
      1072.50   2.5258797e+14
      1072.62   2.5105732e+14
      1072.73   2.4871173e+14
      1072.85   2.4600177e+14
      1072.96   2.4379192e+14
      1073.08   2.4210196e+14
      1073.19   2.4257716e+14
      1073.31   2.4411630e+14
      1073.42   2.4656268e+14
      1073.54   2.4898048e+14
      1073.65   2.5165411e+14
      1073.77   2.5334291e+14
      1073.88   2.5416054e+14
      1074.00   2.5418778e+14
      1074.11   2.5406612e+14
      1074.23   2.5368571e+14
      1074.34   2.5275737e+14
      1074.46   2.5188989e+14
      1074.58   2.5135585e+14
      1074.69   2.5020639e+14
      1074.81   2.4760426e+14
      1074.92   2.4639416e+14
      1075.04   2.4545740e+14
      1075.15   2.4361050e+14
      1075.27   2.4201224e+14
      1075.39   2.4376094e+14
      1075.50   2.4505954e+14
      1075.62   2.4598554e+14
      1075.73   2.4809624e+14
      1075.85   2.5105453e+14
      1075.96   2.5230904e+14
      1076.08   2.5309143e+14
      1076.19   2.5403926e+14
      1076.31   2.5447399e+14
      1076.43   2.5410342e+14
      1076.54   2.5354831e+14
      1076.66   2.5283727e+14
      1076.77   2.5210464e+14
      1076.89   2.5136462e+14
      1077.01   2.5119486e+14
      1077.12   2.5122038e+14
      1077.24   2.5166489e+14
      1077.35   2.5221589e+14
      1077.47   2.5290858e+14
      1077.59   2.5340382e+14
      1077.70   2.5378911e+14
      1077.82   2.5388057e+14
      1077.94   2.5370778e+14
      1078.05   2.5322320e+14
      1078.17   2.5203357e+14
      1078.28   2.5045911e+14
      1078.40   2.4858448e+14
      1078.52   2.4533613e+14
      1078.63   2.4285782e+14
      1078.75   2.4165969e+14
      1078.86   2.4139316e+14
      1078.98   2.4114855e+14
      1079.10   2.4408806e+14
      1079.21   2.4701356e+14
      1079.33   2.4929331e+14
      1079.45   2.5081888e+14
      1079.56   2.5271233e+14
      1079.68   2.5282133e+14
      1079.80   2.5241241e+14
      1079.91   2.5194465e+14
      1080.03   2.5183583e+14
      1080.15   2.5155216e+14
      1080.26   2.5156097e+14
      1080.38   2.5166784e+14
      1080.50   2.5189645e+14
      1080.61   2.5186848e+14
      1080.73   2.5170258e+14
      1080.85   2.5065768e+14
      1080.96   2.4761355e+14
      1081.08   2.4511711e+14
      1081.20   2.4277133e+14
      1081.31   2.4076668e+14
      1081.43   2.3909285e+14
      1081.55   2.4116737e+14
      1081.67   2.4294105e+14
      1081.78   2.4468782e+14
      1081.90   2.4536054e+14
      1082.02   2.4635353e+14
      1082.13   2.4562337e+14
      1082.25   2.4500272e+14
      1082.37   2.4357778e+14
      1082.48   2.4211773e+14
      1082.60   2.4054816e+14
      1082.72   2.3938451e+14
      1082.84   2.3761906e+14
      1082.95   2.3610268e+14
      1083.07   2.3686745e+14
      1083.19   2.3922302e+14
      1083.31   2.4110399e+14
      1083.42   2.4366567e+14
      1083.54   2.4689905e+14
      1083.66   2.4880366e+14
      1083.78   2.4909950e+14
      1083.89   2.4988028e+14
      1084.01   2.5030423e+14
      1084.13   2.5024803e+14
      1084.25   2.4932771e+14
      1084.36   2.4908561e+14
      1084.48   2.4842808e+14
      1084.60   2.4755012e+14
      1084.72   2.4670538e+14
      1084.83   2.4781431e+14
      1084.95   2.4866786e+14
      1085.07   2.4947914e+14
      1085.19   2.5043424e+14
      1085.31   2.5166503e+14
      1085.42   2.5194277e+14
      1085.54   2.5202378e+14
      1085.66   2.5205635e+14
      1085.78   2.5202530e+14
      1085.89   2.5198421e+14
      1086.01   2.5164493e+14
      1086.13   2.5047333e+14
      1086.25   2.4947948e+14
      1086.37   2.4860070e+14
      1086.48   2.4758263e+14
      1086.60   2.4590975e+14
      1086.72   2.4323594e+14
      1086.84   2.4009782e+14
      1086.96   2.3738752e+14
      1087.07   2.3465493e+14
      1087.19   2.3211682e+14
      1087.31   2.3317721e+14
      1087.43   2.3640561e+14
      1087.55   2.3960247e+14
      1087.67   2.4317676e+14
      1087.78   2.4751291e+14
      1087.90   2.5001932e+14
      1088.02   2.5026402e+14
      1088.14   2.4944296e+14
      1088.26   2.4791624e+14
      1088.38   2.4550011e+14
      1088.49   2.4334790e+14
      1088.61   2.4166484e+14
      1088.73   2.4090653e+14
      1088.85   2.4083329e+14
      1088.97   2.4251306e+14
      1089.09   2.4438855e+14
      1089.21   2.4612403e+14
      1089.32   2.4722252e+14
      1089.44   2.4760796e+14
      1089.56   2.4759686e+14
      1089.68   2.4723808e+14
      1089.80   2.4690823e+14
      1089.92   2.4691940e+14
      1090.04   2.4807373e+14
      1090.16   2.4894540e+14
      1090.28   2.4970131e+14
      1090.39   2.5022158e+14
      1090.51   2.5080476e+14
      1090.63   2.5082205e+14
      1090.75   2.5054086e+14
      1090.87   2.5019918e+14
      1090.99   2.5035698e+14
      1091.11   2.5035436e+14
      1091.23   2.4976378e+14
      1091.35   2.4849719e+14
      1091.46   2.4767381e+14
      1091.58   2.4661837e+14
      1091.70   2.4531239e+14
      1091.82   2.4453837e+14
      1091.94   2.4550865e+14
      1092.06   2.4631733e+14
      1092.18   2.4701380e+14
      1092.30   2.4797667e+14
      1092.42   2.4859426e+14
      1092.54   2.4815537e+14
      1092.66   2.4726835e+14
      1092.78   2.4627036e+14
      1092.90   2.4501938e+14
      1093.02   2.4411588e+14
      1093.14   2.4310452e+14
      1093.26   2.4192570e+14
      1093.37   2.4042291e+14
      1093.49   2.3794593e+14
      1093.61   2.3374113e+14
      1093.73   2.2922351e+14
      1093.85   2.2505779e+14
      1093.97   2.2142839e+14
      1094.09   2.1935006e+14
      1094.21   2.2064281e+14
      1094.33   2.2378901e+14
      1094.45   2.2777490e+14
      1094.57   2.3215214e+14
      1094.69   2.3641809e+14
      1094.81   2.3933425e+14
      1094.93   2.4100857e+14
      1095.05   2.4150187e+14
      1095.17   2.4118147e+14
      1095.29   2.4114966e+14
      1095.41   2.4079032e+14
      1095.53   2.3909813e+14
      1095.65   2.3827629e+14
      1095.77   2.3885213e+14
      1095.89   2.3908057e+14
      1096.01   2.3874566e+14
      1096.13   2.4061610e+14
      1096.25   2.4166878e+14
      1096.37   2.4042019e+14
      1096.49   2.3912916e+14
      1096.61   2.3859644e+14
      1096.73   2.3703456e+14
      1096.85   2.3525518e+14
      1096.97   2.3631015e+14
      1097.09   2.3770478e+14
      1097.21   2.3903036e+14
      1097.33   2.4044175e+14
      1097.45   2.4273718e+14
      1097.57   2.4324349e+14
      1097.69   2.4211197e+14
      1097.81   2.4065488e+14
      1097.94   2.3917419e+14
      1098.06   2.3636544e+14
      1098.18   2.3363508e+14
      1098.30   2.3228202e+14
      1098.42   2.3238389e+14
      1098.54   2.3229604e+14
      1098.66   2.3425989e+14
      1098.78   2.3649416e+14
      1098.90   2.3902603e+14
      1099.02   2.4063612e+14
      1099.14   2.4270195e+14
      1099.26   2.4359975e+14
      1099.38   2.4418046e+14
      1099.51   2.4444755e+14
      1099.63   2.4435898e+14
      1099.75   2.4400396e+14
      1099.87   2.4369765e+14
      1099.99   2.4360573e+14
      1100.11   2.4330906e+14
      1100.23   2.4344457e+14
      1100.35   2.4328109e+14
      1100.47   2.4314763e+14
      1100.59   2.4303447e+14
      1100.72   2.4331318e+14
      1100.84   2.4306753e+14
      1100.96   2.4328191e+14
      1101.08   2.4320773e+14
      1101.20   2.4264082e+14
      1101.32   2.4172116e+14
      1101.44   2.4087880e+14
      1101.56   2.3841479e+14
      1101.69   2.3611847e+14
      1101.81   2.3491552e+14
      1101.93   2.3387749e+14
      1102.05   2.3257674e+14
      1102.17   2.3372551e+14
      1102.29   2.3576758e+14
      1102.41   2.3758037e+14
      1102.54   2.3943689e+14
      1102.66   2.4149054e+14
      1102.78   2.4247835e+14
      1102.90   2.4287739e+14
      1103.02   2.4281951e+14
      1103.14   2.4243089e+14
      1103.27   2.4225712e+14
      1103.39   2.4266134e+14
      1103.51   2.4281707e+14
      1103.63   2.4263757e+14
      1103.75   2.4256927e+14
      1103.88   2.4274987e+14
      1104.00   2.4223747e+14
      1104.12   2.4173903e+14
      1104.24   2.4178994e+14
      1104.36   2.4181722e+14
      1104.48   2.4158843e+14
      1104.61   2.4135384e+14
      1104.73   2.4118612e+14
      1104.85   2.4099873e+14
      1104.97   2.4120744e+14
      1105.09   2.4144678e+14
      1105.22   2.4213419e+14
      1105.34   2.4273737e+14
      1105.46   2.4301663e+14
      1105.58   2.4282401e+14
      1105.70   2.4237159e+14
      1105.83   2.4171884e+14
      1105.95   2.4123631e+14
      1106.07   2.4116259e+14
      1106.19   2.4118793e+14
      1106.32   2.4162616e+14
      1106.44   2.4193368e+14
      1106.56   2.4208586e+14
      1106.68   2.4155102e+14
      1106.81   2.4129109e+14
      1106.93   2.4095471e+14
      1107.05   2.4057560e+14
      1107.18   2.4013666e+14
      1107.30   2.4038001e+14
      1107.42   2.4079510e+14
      1107.54   2.4111482e+14
      1107.67   2.4138820e+14
      1107.79   2.4152370e+14
      1107.91   2.4178939e+14
      1108.03   2.4160505e+14
      1108.16   2.4120635e+14
      1108.28   2.4101434e+14
      1108.40   2.4120674e+14
      1108.53   2.4120798e+14
      1108.65   2.4132894e+14
      1108.77   2.4175005e+14
      1108.89   2.4154238e+14
      1109.02   2.4136865e+14
      1109.14   2.4110557e+14
      1109.26   2.4108090e+14
      1109.39   2.4075865e+14
      1109.51   2.4106541e+14
      1109.63   2.4140149e+14
      1109.76   2.4197221e+14
      1109.88   2.4196691e+14
      1110.00   2.4177494e+14
      1110.12   2.4195746e+14
      1110.25   2.4200734e+14
      1110.37   2.4151373e+14
      1110.49   2.4142710e+14
      1110.62   2.4183187e+14
      1110.74   2.4166722e+14
      1110.86   2.4110975e+14
      1110.99   2.4082697e+14
      1111.11   2.4036734e+14
      1111.23   2.3973846e+14
      1111.36   2.3937779e+14
      1111.48   2.3957109e+14
      1111.60   2.3973872e+14
      1111.73   2.3947978e+14
      1111.85   2.3913551e+14
      1111.98   2.3894545e+14
      1112.10   2.3814263e+14
      1112.22   2.3746923e+14
      1112.35   2.3748361e+14
      1112.47   2.3820959e+14
      1112.59   2.3872780e+14
      1112.72   2.3974994e+14
      1112.84   2.3973460e+14
      1112.97   2.3934652e+14
      1113.09   2.3859469e+14
      1113.21   2.3754434e+14
      1113.34   2.3612291e+14
      1113.46   2.3637288e+14
      1113.59   2.3734156e+14
      1113.71   2.3833931e+14
      1113.83   2.3959512e+14
      1113.96   2.4130878e+14
      1114.08   2.4236148e+14
      1114.21   2.4266765e+14
      1114.33   2.4227271e+14
      1114.45   2.4166920e+14
      1114.58   2.4101508e+14
      1114.70   2.3990469e+14
      1114.83   2.3911012e+14
      1114.95   2.3887007e+14
      1115.08   2.3906511e+14
      1115.20   2.3888860e+14
      1115.32   2.3937880e+14
      1115.45   2.3964945e+14
      1115.57   2.3924648e+14
      1115.70   2.3847395e+14
      1115.82   2.3793450e+14
      1115.95   2.3744468e+14
      1116.07   2.3706589e+14
      1116.20   2.3775031e+14
      1116.32   2.3881066e+14
      1116.44   2.4024882e+14
      1116.57   2.4117600e+14
      1116.69   2.4218806e+14
      1116.82   2.4249002e+14
      1116.94   2.4214444e+14
      1117.07   2.4139953e+14
      1117.19   2.4087430e+14
      1117.32   2.4023413e+14
      1117.44   2.3980533e+14
      1117.57   2.4003588e+14
      1117.69   2.4006355e+14
      1117.82   2.4023390e+14
      1117.94   2.4050519e+14
      1118.07   2.4076456e+14
      1118.19   2.4065161e+14
      1118.32   2.4043769e+14
      1118.44   2.3968038e+14
      1118.57   2.3815766e+14
      1118.69   2.3640402e+14
      1118.82   2.3458454e+14
      1118.94   2.3321281e+14
      1119.07   2.3265043e+14
      1119.19   2.3406277e+14
      1119.32   2.3588091e+14
      1119.44   2.3714879e+14
      1119.57   2.3799546e+14
      1119.69   2.3807213e+14
      1119.82   2.3686499e+14
      1119.95   2.3515670e+14
      1120.07   2.3473093e+14
      1120.20   2.3456185e+14
      1120.32   2.3487422e+14
      1120.45   2.3543893e+14
      1120.57   2.3650446e+14
      1120.70   2.3684185e+14
      1120.82   2.3723340e+14
      1120.95   2.3752928e+14
      1121.08   2.3767437e+14
      1121.20   2.3754173e+14
      1121.33   2.3771655e+14
      1121.45   2.3781605e+14
      1121.58   2.3799420e+14
      1121.70   2.3832561e+14
      1121.83   2.3897468e+14
      1121.96   2.3933324e+14
      1122.08   2.3955149e+14
      1122.21   2.3953291e+14
      1122.33   2.3947753e+14
      1122.46   2.3928759e+14
      1122.59   2.3908102e+14
      1122.71   2.3865700e+14
      1122.84   2.3841530e+14
      1122.96   2.3824918e+14
      1123.09   2.3804395e+14
      1123.22   2.3815337e+14
      1123.34   2.3881776e+14
      1123.47   2.3943240e+14
      1123.59   2.3982889e+14
      1123.72   2.3991128e+14
      1123.85   2.3963537e+14
      1123.97   2.3908734e+14
      1124.10   2.3843662e+14
      1124.23   2.3749099e+14
      1124.35   2.3678291e+14
      1124.48   2.3637535e+14
      1124.61   2.3611295e+14
      1124.73   2.3594351e+14
      1124.86   2.3599654e+14
      1124.99   2.3567256e+14
      1125.11   2.3417927e+14
      1125.24   2.3155101e+14
      1125.37   2.2857329e+14
      1125.49   2.2643236e+14
      1125.62   2.2532095e+14
      1125.75   2.2607376e+14
      1125.87   2.2838867e+14
      1126.00   2.3110151e+14
      1126.13   2.3315142e+14
      1126.25   2.3457741e+14
      1126.38   2.3534087e+14
      1126.51   2.3593563e+14
      1126.63   2.3662393e+14
      1126.76   2.3721983e+14
      1126.89   2.3770194e+14
      1127.02   2.3773830e+14
      1127.14   2.3720812e+14
      1127.27   2.3639997e+14
      1127.40   2.3563166e+14
      1127.52   2.3468380e+14
      1127.65   2.3380461e+14
      1127.78   2.3325069e+14
      1127.90   2.3308370e+14
      1128.03   2.3318248e+14
      1128.16   2.3402569e+14
      1128.29   2.3546353e+14
      1128.41   2.3666663e+14
      1128.54   2.3744044e+14
      1128.67   2.3780499e+14
      1128.80   2.3679192e+14
      1128.92   2.3511601e+14
      1129.05   2.3361758e+14
      1129.18   2.3218106e+14
      1129.31   2.3090838e+14
      1129.43   2.3108398e+14
      1129.56   2.3146660e+14
      1129.69   2.3130509e+14
      1129.82   2.3137647e+14
      1129.94   2.3177157e+14
      1130.07   2.3185896e+14
      1130.20   2.3219337e+14
      1130.33   2.3360710e+14
      1130.45   2.3489110e+14
      1130.58   2.3559020e+14
      1130.71   2.3605987e+14
      1130.84   2.3620916e+14
      1130.97   2.3552900e+14
      1131.09   2.3488934e+14
      1131.22   2.3464608e+14
      1131.35   2.3431466e+14
      1131.48   2.3425782e+14
      1131.61   2.3460020e+14
      1131.73   2.3500355e+14
      1131.86   2.3554175e+14
      1131.99   2.3620049e+14
      1132.12   2.3643177e+14
      1132.25   2.3641080e+14
      1132.38   2.3628350e+14
      1132.50   2.3589593e+14
      1132.63   2.3538751e+14
      1132.76   2.3489205e+14
      1132.89   2.3403164e+14
      1133.02   2.3291853e+14
      1133.15   2.3145086e+14
      1133.27   2.3015292e+14
      1133.40   2.2959716e+14
      1133.53   2.2982383e+14
      1133.66   2.3023186e+14
      1133.79   2.3129738e+14
      1133.92   2.3245537e+14
      1134.04   2.3321775e+14
      1134.17   2.3375581e+14
      1134.30   2.3470869e+14
      1134.43   2.3548866e+14
      1134.56   2.3609381e+14
      1134.69   2.3647780e+14
      1134.82   2.3660630e+14
      1134.94   2.3632479e+14
      1135.07   2.3566728e+14
      1135.20   2.3478503e+14
      1135.33   2.3400402e+14
      1135.46   2.3331273e+14
      1135.59   2.3274772e+14
      1135.72   2.3262858e+14
      1135.85   2.3292512e+14
      1135.98   2.3344178e+14
      1136.10   2.3416390e+14
      1136.23   2.3492022e+14
      1136.36   2.3565363e+14
      1136.49   2.3614414e+14
      1136.62   2.3640867e+14
      1136.75   2.3649473e+14
      1136.88   2.3628565e+14
      1137.01   2.3564298e+14
      1137.14   2.3446990e+14
      1137.27   2.3290327e+14
      1137.40   2.3132477e+14
      1137.53   2.3011239e+14
      1137.66   2.2940719e+14
      1137.79   2.2960283e+14
      1137.92   2.2973419e+14
      1138.05   2.2964460e+14
      1138.17   2.2944844e+14
      1138.30   2.2908726e+14
      1138.43   2.2886655e+14
      1138.56   2.2989591e+14
      1138.69   2.3104446e+14
      1138.82   2.3154983e+14
      1138.95   2.3179912e+14
      1139.08   2.3148729e+14
      1139.21   2.3045837e+14
      1139.34   2.2991765e+14
      1139.47   2.3034491e+14
      1139.60   2.3089261e+14
      1139.73   2.3151015e+14
      1139.86   2.3213757e+14
      1139.99   2.3229972e+14
      1140.12   2.3126774e+14
      1140.25   2.3005504e+14
      1140.38   2.2878538e+14
      1140.51   2.2732857e+14
      1140.64   2.2621286e+14
      1140.77   2.2651880e+14
      1140.90   2.2732373e+14
      1141.03   2.2836564e+14
      1141.16   2.2944406e+14
      1141.29   2.3024676e+14
      1141.42   2.3089613e+14
      1141.55   2.3136103e+14
      1141.68   2.3179327e+14
      1141.81   2.3260221e+14
      1141.94   2.3338332e+14
      1142.07   2.3296761e+14
      1142.20   2.3224695e+14
      1142.33   2.3121424e+14
      1142.46   2.2977823e+14
      1142.60   2.2860562e+14
      1142.73   2.2890685e+14
      1142.86   2.2977561e+14
      1142.99   2.3105327e+14
      1143.12   2.3258232e+14
      1143.25   2.3393986e+14
      1143.38   2.3440124e+14
      1143.51   2.3433154e+14
      1143.64   2.3327247e+14
      1143.77   2.3151327e+14
      1143.90   2.2982532e+14
      1144.03   2.2846780e+14
      1144.17   2.2757353e+14
      1144.30   2.2806079e+14
      1144.43   2.2933349e+14
      1144.56   2.3042999e+14
      1144.69   2.3122460e+14
      1144.82   2.3155801e+14
      1144.95   2.3142627e+14
      1145.08   2.3143543e+14
      1145.21   2.3160124e+14
      1145.34   2.3205588e+14
      1145.47   2.3288433e+14
      1145.61   2.3336536e+14
      1145.74   2.3344056e+14
      1145.87   2.3352640e+14
      1146.00   2.3353832e+14
      1146.13   2.3347780e+14
      1146.26   2.3377274e+14
      1146.40   2.3419979e+14
      1146.53   2.3453401e+14
      1146.66   2.3481347e+14
      1146.79   2.3504429e+14
      1146.92   2.3492945e+14
      1147.05   2.3443746e+14
      1147.18   2.3386054e+14
      1147.31   2.3328322e+14
      1147.45   2.3278557e+14
      1147.58   2.3268606e+14
      1147.71   2.3300878e+14
      1147.84   2.3337525e+14
      1147.97   2.3354339e+14
      1148.11   2.3346506e+14
      1148.24   2.3288105e+14
      1148.37   2.3211694e+14
      1148.50   2.3144417e+14
      1148.63   2.3110225e+14
      1148.77   2.3104267e+14
      1148.90   2.3164824e+14
      1149.03   2.3245515e+14
      1149.16   2.3309600e+14
      1149.29   2.3314192e+14
      1149.43   2.3287579e+14
      1149.56   2.3223175e+14
      1149.69   2.3151189e+14
      1149.82   2.3117634e+14
      1149.95   2.3162979e+14
      1150.09   2.3205139e+14
      1150.22   2.3225571e+14
      1150.35   2.3227973e+14
      1150.48   2.3194911e+14
      1150.62   2.3138810e+14
      1150.75   2.3130021e+14
      1150.88   2.3152736e+14
      1151.01   2.3196870e+14
      1151.15   2.3251078e+14
      1151.28   2.3286779e+14
      1151.41   2.3278981e+14
      1151.54   2.3242616e+14
      1151.68   2.3173080e+14
      1151.81   2.3098246e+14
      1151.94   2.3023030e+14
      1152.07   2.2959208e+14
      1152.21   2.2932328e+14
      1152.34   2.2947452e+14
      1152.47   2.2970449e+14
      1152.60   2.3006091e+14
      1152.74   2.3055270e+14
      1152.87   2.3090980e+14
      1153.00   2.3113437e+14
      1153.14   2.3137759e+14
      1153.27   2.3170857e+14
      1153.40   2.3205524e+14
      1153.54   2.3241270e+14
      1153.67   2.3277620e+14
      1153.80   2.3298010e+14
      1153.94   2.3288562e+14
      1154.07   2.3263517e+14
      1154.20   2.3232644e+14
      1154.33   2.3200839e+14
      1154.47   2.3195485e+14
      1154.60   2.3224441e+14
      1154.73   2.3259062e+14
      1154.87   2.3283812e+14
      1155.00   2.3299202e+14
      1155.14   2.3280324e+14
      1155.27   2.3196908e+14
      1155.40   2.3102887e+14
      1155.54   2.3024253e+14
      1155.67   2.2944680e+14
      1155.80   2.2904566e+14
      1155.94   2.2948936e+14
      1156.07   2.3010926e+14
      1156.20   2.3071448e+14
      1156.34   2.3134123e+14
      1156.47   2.3174399e+14
      1156.60   2.3175392e+14
      1156.74   2.3165096e+14
      1156.87   2.3139684e+14
      1157.01   2.3123673e+14
      1157.14   2.3112851e+14
      1157.27   2.3094234e+14
      1157.41   2.3077049e+14
      1157.54   2.3078600e+14
      1157.68   2.3079616e+14
      1157.81   2.3078349e+14
      1157.94   2.3092941e+14
      1158.08   2.3121349e+14
      1158.21   2.3147810e+14
      1158.35   2.3142382e+14
      1158.48   2.3123411e+14
      1158.61   2.3085691e+14
      1158.75   2.3013711e+14
      1158.88   2.2904708e+14
      1159.02   2.2795800e+14
      1159.15   2.2612297e+14
      1159.29   2.2405146e+14
      1159.42   2.2250136e+14
      1159.56   2.2175531e+14
      1159.69   2.2199442e+14
      1159.82   2.2384843e+14
      1159.96   2.2614136e+14
      1160.09   2.2800627e+14
      1160.23   2.2928883e+14
      1160.36   2.2977048e+14
      1160.50   2.2867145e+14
      1160.63   2.2704808e+14
      1160.77   2.2523019e+14
      1160.90   2.2248237e+14
      1161.04   2.1984414e+14
      1161.17   2.1894995e+14
      1161.31   2.1867002e+14
      1161.44   2.1940331e+14
      1161.57   2.2196289e+14
      1161.71   2.2452701e+14
      1161.84   2.2619685e+14
      1161.98   2.2784255e+14
      1162.11   2.2885534e+14
      1162.25   2.2921262e+14
      1162.39   2.2974861e+14
      1162.52   2.3028919e+14
      1162.66   2.3035416e+14
      1162.79   2.3008343e+14
      1162.93   2.2963691e+14
      1163.06   2.2900063e+14
      1163.20   2.2849765e+14
      1163.33   2.2871137e+14
      1163.47   2.2922904e+14
      1163.60   2.2882350e+14
      1163.74   2.2788388e+14
      1163.87   2.2658152e+14
      1164.01   2.2457048e+14
      1164.14   2.2294817e+14
      1164.28   2.2320965e+14
      1164.42   2.2423629e+14
      1164.55   2.2563495e+14
      1164.69   2.2740808e+14
      1164.82   2.2876697e+14
      1164.96   2.2912901e+14
      1165.09   2.2899644e+14
      1165.23   2.2855434e+14
      1165.36   2.2797588e+14
      1165.50   2.2725894e+14
      1165.64   2.2625723e+14
      1165.77   2.2524785e+14
      1165.91   2.2441929e+14
      1166.05   2.2385340e+14
      1166.18   2.2373586e+14
      1166.32   2.2457436e+14
      1166.45   2.2608193e+14
      1166.59   2.2744645e+14
      1166.72   2.2809290e+14
      1166.86   2.2816363e+14
      1167.00   2.2763757e+14
      1167.13   2.2663748e+14
      1167.27   2.2604463e+14
      1167.41   2.2651342e+14
      1167.54   2.2738346e+14
      1167.68   2.2832559e+14
      1167.81   2.2933418e+14
      1167.95   2.2990454e+14
      1168.09   2.2986039e+14
      1168.22   2.2953204e+14
      1168.36   2.2904355e+14
      1168.50   2.2855432e+14
      1168.63   2.2801258e+14
      1168.77   2.2638924e+14
      1168.91   2.2436074e+14
      1169.04   2.2257688e+14
      1169.18   2.2071332e+14
      1169.32   2.1960966e+14
      1169.45   2.2094259e+14
      1169.59   2.2305443e+14
      1169.73   2.2488832e+14
      1169.86   2.2675630e+14
      1170.00   2.2811107e+14
      1170.14   2.2817962e+14
      1170.28   2.2808117e+14
      1170.41   2.2827457e+14
      1170.55   2.2852241e+14
      1170.69   2.2869810e+14
      1170.82   2.2890900e+14
      1170.96   2.2890282e+14
      1171.10   2.2869550e+14
      1171.23   2.2857479e+14
      1171.37   2.2844027e+14
      1171.51   2.2835954e+14
      1171.65   2.2856312e+14
      1171.78   2.2879292e+14
      1171.92   2.2894584e+14
      1172.06   2.2907374e+14
      1172.20   2.2892570e+14
      1172.33   2.2848715e+14
      1172.47   2.2801453e+14
      1172.61   2.2751932e+14
      1172.74   2.2718095e+14
      1172.88   2.2730225e+14
      1173.02   2.2771832e+14
      1173.16   2.2813600e+14
      1173.30   2.2858459e+14
      1173.43   2.2888169e+14
      1173.57   2.2889115e+14
      1173.71   2.2878147e+14
      1173.85   2.2856485e+14
      1173.98   2.2829685e+14
      1174.12   2.2814248e+14
      1174.26   2.2796279e+14
      1174.40   2.2773713e+14
      1174.54   2.2732587e+14
      1174.67   2.2660127e+14
      1174.81   2.2574892e+14
      1174.95   2.2469710e+14
      1175.09   2.2305160e+14
      1175.23   2.2120897e+14
      1175.36   2.1948995e+14
      1175.50   2.1785111e+14
      1175.64   2.1699675e+14
      1175.78   2.1785493e+14
      1175.92   2.2007511e+14
      1176.06   2.2283589e+14
      1176.19   2.2565580e+14
      1176.33   2.2791128e+14
      1176.47   2.2901240e+14
      1176.61   2.2920250e+14
      1176.75   2.2876978e+14
      1176.89   2.2803073e+14
      1177.03   2.2690404e+14
      1177.16   2.2553898e+14
      1177.30   2.2445013e+14
      1177.44   2.2376148e+14
      1177.58   2.2338731e+14
      1177.72   2.2386937e+14
      1177.86   2.2461287e+14
      1177.99   2.2481642e+14
      1178.13   2.2413665e+14
      1178.27   2.2304659e+14
      1178.41   2.2173497e+14
      1178.55   2.2054601e+14
      1178.69   2.2037498e+14
      1178.83   2.2197082e+14
      1178.97   2.2403593e+14
      1179.11   2.2590139e+14
      1179.24   2.2770181e+14
      1179.38   2.2874615e+14
      1179.52   2.2874838e+14
      1179.66   2.2856087e+14
      1179.80   2.2816400e+14
      1179.94   2.2753858e+14
      1180.08   2.2697929e+14
      1180.22   2.2651381e+14
      1180.36   2.2618960e+14
      1180.50   2.2632805e+14
      1180.64   2.2683121e+14
      1180.78   2.2723122e+14
      1180.92   2.2706479e+14
      1181.06   2.2641094e+14
      1181.19   2.2552778e+14
      1181.33   2.2449145e+14
      1181.47   2.2386128e+14
      1181.61   2.2427450e+14
      1181.75   2.2517021e+14
      1181.89   2.2586265e+14
      1182.03   2.2642405e+14
      1182.17   2.2664482e+14
      1182.31   2.2615161e+14
      1182.45   2.2491566e+14
      1182.59   2.2206221e+14
      1182.73   2.1817599e+14
      1182.87   2.1435970e+14
      1183.01   2.1086473e+14
      1183.15   2.0945352e+14
      1183.29   2.1173301e+14
      1183.43   2.1570830e+14
      1183.57   2.1963777e+14
      1183.71   2.2289127e+14
      1183.85   2.2431882e+14
      1183.99   2.2386457e+14
      1184.13   2.2282225e+14
      1184.27   2.2216872e+14
      1184.41   2.2268693e+14
      1184.55   2.2368374e+14
      1184.69   2.2458952e+14
      1184.83   2.2555433e+14
      1184.97   2.2606173e+14
      1185.11   2.2586611e+14
      1185.26   2.2569769e+14
      1185.40   2.2574802e+14
      1185.54   2.2583026e+14
      1185.68   2.2604630e+14
      1185.82   2.2626283e+14
      1185.96   2.2614767e+14
      1186.10   2.2570248e+14
      1186.24   2.2515086e+14
      1186.38   2.2466717e+14
      1186.52   2.2448440e+14
      1186.66   2.2473792e+14
      1186.80   2.2532859e+14
      1186.94   2.2594946e+14
      1187.08   2.2632420e+14
      1187.22   2.2639025e+14
      1187.37   2.2621153e+14
      1187.51   2.2593708e+14
      1187.65   2.2569281e+14
      1187.79   2.2543150e+14
      1187.93   2.2498253e+14
      1188.07   2.2319426e+14
      1188.21   2.1968742e+14
      1188.35   2.1587692e+14
      1188.49   2.1233235e+14
      1188.64   2.0971710e+14
      1188.78   2.0985279e+14
      1188.92   2.1254213e+14
      1189.06   2.1540311e+14
      1189.20   2.1778473e+14
      1189.34   2.1949479e+14
      1189.48   2.1988580e+14
      1189.63   2.1977953e+14
      1189.77   2.2017531e+14
      1189.91   2.2123419e+14
      1190.05   2.2271326e+14
      1190.19   2.2405873e+14
      1190.33   2.2498594e+14
      1190.48   2.2561514e+14
      1190.62   2.2585077e+14
      1190.76   2.2572985e+14
      1190.90   2.2573273e+14
      1191.04   2.2575840e+14
      1191.19   2.2569725e+14
      1191.33   2.2568923e+14
      1191.47   2.2570024e+14
      1191.61   2.2561728e+14
      1191.75   2.2552857e+14
      1191.90   2.2539808e+14
      1192.04   2.2518598e+14
      1192.18   2.2492633e+14
      1192.32   2.2460852e+14
      1192.46   2.2429878e+14
      1192.61   2.2413086e+14
      1192.75   2.2406876e+14
      1192.89   2.2404835e+14
      1193.03   2.2426325e+14
      1193.18   2.2465209e+14
      1193.32   2.2495173e+14
      1193.46   2.2510591e+14
      1193.60   2.2517479e+14
      1193.74   2.2506662e+14
      1193.89   2.2473146e+14
      1194.03   2.2447228e+14
      1194.17   2.2443322e+14
      1194.31   2.2443641e+14
      1194.46   2.2449467e+14
      1194.60   2.2461900e+14
      1194.74   2.2420073e+14
      1194.89   2.2331734e+14
      1195.03   2.2250625e+14
      1195.17   2.2148452e+14
      1195.31   2.2047587e+14
      1195.46   2.2027575e+14
      1195.60   2.2054479e+14
      1195.74   2.2063389e+14
      1195.89   2.2108962e+14
      1196.03   2.2185777e+14
      1196.17   2.2231669e+14
      1196.31   2.2264767e+14
      1196.46   2.2307339e+14
      1196.60   2.2323434e+14
      1196.74   2.2292265e+14
      1196.89   2.2228642e+14
      1197.03   2.2045199e+14
      1197.18   2.1758909e+14
      1197.32   2.1488846e+14
      1197.46   2.1234581e+14
      1197.60   2.1115930e+14
      1197.75   2.1261440e+14
      1197.89   2.1548476e+14
      1198.04   2.1793849e+14
      1198.18   2.1881701e+14
      1198.32   2.1751752e+14
      1198.47   2.1489308e+14
      1198.61   2.1173181e+14
      1198.75   2.0974260e+14
      1198.90   2.0958420e+14
      1199.04   2.0987474e+14
      1199.19   2.1015778e+14
      1199.33   2.1059793e+14
      1199.47   2.1115208e+14
      1199.62   2.1283977e+14
      1199.76   2.1573381e+14
      1199.90   2.1864077e+14
      1200.05   2.2153436e+14
      1200.19   2.2330456e+14
      1200.34   2.2356415e+14
      1200.48   2.2336072e+14
      1200.62   2.2305281e+14
      1200.77   2.2275193e+14
      1200.91   2.2262349e+14
      1201.06   2.2261974e+14
      1201.20   2.2254677e+14
      1201.35   2.2256375e+14
      1201.49   2.2268815e+14
      1201.63   2.2280632e+14
      1201.78   2.2294531e+14
      1201.92   2.2313456e+14
      1202.07   2.2314179e+14
      1202.21   2.2295838e+14
      1202.36   2.2272104e+14
      1202.50   2.2229283e+14
      1202.65   2.2173548e+14
      1202.79   2.2072589e+14
      1202.94   2.1798315e+14
      1203.08   2.1411762e+14
      1203.22   2.1059833e+14
      1203.37   2.0734201e+14
      1203.51   2.0617387e+14
      1203.66   2.0834983e+14
      1203.80   2.1178261e+14
      1203.95   2.1496514e+14
      1204.09   2.1800245e+14
      1204.24   2.1950294e+14
      1204.38   2.1973565e+14
      1204.53   2.2011349e+14
      1204.67   2.2060608e+14
      1204.82   2.2111759e+14
      1204.96   2.2158937e+14
      1205.11   2.2162230e+14
      1205.26   2.2120831e+14
      1205.40   2.2069471e+14
      1205.55   2.2011078e+14
      1205.69   2.1975561e+14
      1205.84   2.1979846e+14
      1205.98   2.2018225e+14
      1206.13   2.2072201e+14
      1206.27   2.2133831e+14
      1206.42   2.2176307e+14
      1206.56   2.2194316e+14
      1206.71   2.2199389e+14
      1206.85   2.2195731e+14
      1207.00   2.2192025e+14
      1207.15   2.2182064e+14
      1207.29   2.2172385e+14
      1207.44   2.2156642e+14
      1207.58   2.2109132e+14
      1207.73   2.2039080e+14
      1207.88   2.1935834e+14
      1208.02   2.1678834e+14
      1208.17   2.1245712e+14
      1208.31   2.0787553e+14
      1208.46   2.0366227e+14
      1208.60   2.0080647e+14
      1208.75   2.0157476e+14
      1208.90   2.0546487e+14
      1209.04   2.1010535e+14
      1209.19   2.1461399e+14
      1209.34   2.1821538e+14
      1209.48   2.1979713e+14
      1209.63   2.2008172e+14
      1209.78   2.2012353e+14
      1209.92   2.1991280e+14
      1210.07   2.1862381e+14
      1210.21   2.1648346e+14
      1210.36   2.1453762e+14
      1210.51   2.1262919e+14
      1210.65   2.1179229e+14
      1210.80   2.1273714e+14
      1210.95   2.1443797e+14
      1211.09   2.1591620e+14
      1211.24   2.1735546e+14
      1211.39   2.1814696e+14
      1211.53   2.1846471e+14
      1211.68   2.1881503e+14
      1211.83   2.1909347e+14
      1211.97   2.1946382e+14
      1212.12   2.1966685e+14
      1212.27   2.1969616e+14
      1212.42   2.1989976e+14
      1212.56   2.2019255e+14
      1212.71   2.2034998e+14
      1212.86   2.2044101e+14
      1213.00   2.2028863e+14
      1213.15   2.1992717e+14
      1213.30   2.1954375e+14
      1213.44   2.1922391e+14
      1213.59   2.1905856e+14
      1213.74   2.1912978e+14
      1213.89   2.1932741e+14
      1214.03   2.1962684e+14
      1214.18   2.1999164e+14
      1214.33   2.2025230e+14
      1214.48   2.2034543e+14
      1214.62   2.2037366e+14
      1214.77   2.2033512e+14
      1214.92   2.2026513e+14
      1215.07   2.2021753e+14
      1215.21   2.2018551e+14
      1215.36   2.2013923e+14
      1215.51   2.2003266e+14
      1215.66   2.1991022e+14
      1215.81   2.1985980e+14
      1215.95   2.1988655e+14
      1216.10   2.1996969e+14
      1216.25   2.2009909e+14
      1216.40   2.2021671e+14
      1216.55   2.2018211e+14
      1216.69   2.2003822e+14
      1216.84   2.1988520e+14
      1216.99   2.1973760e+14
      1217.14   2.1960990e+14
      1217.29   2.1956063e+14
      1217.43   2.1957139e+14
      1217.58   2.1950364e+14
      1217.73   2.1941446e+14
      1217.88   2.1938109e+14
      1218.03   2.1928342e+14
      1218.18   2.1911928e+14
      1218.32   2.1903608e+14
      1218.47   2.1897355e+14
      1218.62   2.1883741e+14
      1218.77   2.1865287e+14
      1218.92   2.1843144e+14
      1219.07   2.1817164e+14
      1219.21   2.1786379e+14
      1219.36   2.1774423e+14
      1219.51   2.1788019e+14
      1219.66   2.1819978e+14
      1219.81   2.1857309e+14
      1219.96   2.1902857e+14
      1220.11   2.1935568e+14
      1220.26   2.1949508e+14
      1220.41   2.1945944e+14
      1220.55   2.1934779e+14
      1220.70   2.1916065e+14
      1220.85   2.1896023e+14
      1221.00   2.1873564e+14
      1221.15   2.1852420e+14
      1221.30   2.1835362e+14
      1221.45   2.1814270e+14
      1221.60   2.1795658e+14
      1221.75   2.1789512e+14
      1221.90   2.1797709e+14
      1222.05   2.1802921e+14
      1222.19   2.1814987e+14
      1222.34   2.1823601e+14
      1222.49   2.1800068e+14
      1222.64   2.1749694e+14
      1222.79   2.1708801e+14
      1222.94   2.1661819e+14
      1223.09   2.1629610e+14
      1223.24   2.1647124e+14
      1223.39   2.1692756e+14
      1223.54   2.1737732e+14
      1223.69   2.1794209e+14
      1223.84   2.1836179e+14
      1223.99   2.1850125e+14
      1224.14   2.1851938e+14
      1224.29   2.1838969e+14
      1224.44   2.1815544e+14
      1224.59   2.1786457e+14
      1224.74   2.1751976e+14
      1224.89   2.1726979e+14
      1225.04   2.1712019e+14
      1225.19   2.1711482e+14
      1225.34   2.1722820e+14
      1225.49   2.1745896e+14
      1225.64   2.1768064e+14
      1225.79   2.1789524e+14
      1225.94   2.1788401e+14
      1226.09   2.1768312e+14
      1226.24   2.1736767e+14
      1226.39   2.1691210e+14
      1226.54   2.1656656e+14
      1226.69   2.1623345e+14
      1226.84   2.1520923e+14
      1226.99   2.1348665e+14
      1227.15   2.1198361e+14
      1227.30   2.1030391e+14
      1227.45   2.0961158e+14
      1227.60   2.1064143e+14
      1227.75   2.1261147e+14
      1227.90   2.1445662e+14
      1228.05   2.1636910e+14
      1228.20   2.1737236e+14
      1228.35   2.1742973e+14
      1228.50   2.1732046e+14
      1228.65   2.1720425e+14
      1228.80   2.1710865e+14
      1228.95   2.1704553e+14
      1229.10   2.1705568e+14
      1229.26   2.1703649e+14
      1229.41   2.1700218e+14
      1229.56   2.1694972e+14
      1229.71   2.1684708e+14
      1229.86   2.1659034e+14
      1230.01   2.1627487e+14
      1230.16   2.1600993e+14
      1230.31   2.1571721e+14
      1230.47   2.1560969e+14
      1230.62   2.1574640e+14
      1230.77   2.1600179e+14
      1230.92   2.1622117e+14
      1231.07   2.1632705e+14
      1231.22   2.1613294e+14
      1231.38   2.1579355e+14
      1231.53   2.1537664e+14
      1231.68   2.1492747e+14
      1231.83   2.1459507e+14
      1231.98   2.1444929e+14
      1232.13   2.1429011e+14
      1232.29   2.1423563e+14
      1232.44   2.1439710e+14
      1232.59   2.1467197e+14
      1232.74   2.1494557e+14
      1232.89   2.1528225e+14
      1233.05   2.1552613e+14
      1233.20   2.1560957e+14
      1233.35   2.1555049e+14
      1233.50   2.1547021e+14
      1233.65   2.1544376e+14
      1233.81   2.1535839e+14
      1233.96   2.1508295e+14
      1234.11   2.1473263e+14
      1234.26   2.1442019e+14
      1234.42   2.1397855e+14
      1234.57   2.1370323e+14
      1234.72   2.1375104e+14
      1234.87   2.1394317e+14
      1235.03   2.1402233e+14
      1235.18   2.1424813e+14
      1235.33   2.1438675e+14
      1235.48   2.1445466e+14
      1235.64   2.1459166e+14
      1235.79   2.1485848e+14
      1235.94   2.1508636e+14
      1236.09   2.1527696e+14
      1236.25   2.1538552e+14
      1236.40   2.1538442e+14
      1236.55   2.1529869e+14
      1236.70   2.1517992e+14
      1236.86   2.1508744e+14
      1237.01   2.1503595e+14
      1237.16   2.1504949e+14
      1237.32   2.1510642e+14
      1237.47   2.1513906e+14
      1237.62   2.1516559e+14
      1237.78   2.1519754e+14
      1237.93   2.1521657e+14
      1238.08   2.1518898e+14
      1238.24   2.1512460e+14
      1238.39   2.1503229e+14
      1238.54   2.1483514e+14
      1238.70   2.1443899e+14
      1238.85   2.1383699e+14
      1239.00   2.1330848e+14
      1239.16   2.1270295e+14
      1239.31   2.1204893e+14
      1239.46   2.1145420e+14
      1239.62   2.1126444e+14
      1239.77   2.1097474e+14
      1239.93   2.1116863e+14
      1240.08   2.1185440e+14
      1240.23   2.1274910e+14
      1240.39   2.1344325e+14
      1240.54   2.1413712e+14
      1240.69   2.1443508e+14
      1240.85   2.1435880e+14
      1241.00   2.1424224e+14
      1241.16   2.1422467e+14
      1241.31   2.1425293e+14
      1241.46   2.1412008e+14
      1241.62   2.1385803e+14
      1241.77   2.1359173e+14
      1241.93   2.1320914e+14
      1242.08   2.1268489e+14
      1242.24   2.1212883e+14
      1242.39   2.1167457e+14
      1242.55   2.1105740e+14
      1242.70   2.1087048e+14
      1242.85   2.1107581e+14
      1243.01   2.1109234e+14
      1243.16   2.1060883e+14
      1243.32   2.1032250e+14
      1243.47   2.0955214e+14
      1243.63   2.0910458e+14
      1243.78   2.0958533e+14
      1243.94   2.1071575e+14
      1244.09   2.1181490e+14
      1244.24   2.1302283e+14
      1244.40   2.1374671e+14
      1244.56   2.1396479e+14
      1244.71   2.1403480e+14
      1244.86   2.1403009e+14
      1245.02   2.1390971e+14
      1245.18   2.1373544e+14
      1245.33   2.1349368e+14
      1245.48   2.1327232e+14
      1245.64   2.1301835e+14
      1245.80   2.1275335e+14
      1245.95   2.1249178e+14
      1246.11   2.1221103e+14
      1246.26   2.1209110e+14
      1246.42   2.1221363e+14
      1246.57   2.1244298e+14
      1246.73   2.1250118e+14
      1246.88   2.1240000e+14
      1247.04   2.1220038e+14
      1247.19   2.1181147e+14
      1247.35   2.1168431e+14
      1247.51   2.1194778e+14
      1247.66   2.1247035e+14
      1247.82   2.1292535e+14
      1247.97   2.1341930e+14
      1248.13   2.1361852e+14
      1248.28   2.1356898e+14
      1248.44   2.1345124e+14
      1248.59   2.1335877e+14
      1248.75   2.1332550e+14
      1248.91   2.1336586e+14
      1249.06   2.1344257e+14
      1249.22   2.1347687e+14
      1249.38   2.1342910e+14
      1249.53   2.1331369e+14
      1249.69   2.1310139e+14
      1249.84   2.1291081e+14
      1250.00   2.1280739e+14
      1250.16   2.1273522e+14
      1250.31   2.1272478e+14
      1250.47   2.1280143e+14
      1250.62   2.1283235e+14
      1250.78   2.1266319e+14
      1250.94   2.1231915e+14
      1251.09   2.1190843e+14
      1251.25   2.1136479e+14
      1251.41   2.1094402e+14
      1251.56   2.1075279e+14
      1251.72   2.1069250e+14
      1251.88   2.1044764e+14
      1252.04   2.1002089e+14
      1252.19   2.0973174e+14
      1252.35   2.0936693e+14
      1252.51   2.0938223e+14
      1252.66   2.0989995e+14
      1252.82   2.1070964e+14
      1252.98   2.1121318e+14
      1253.13   2.1167107e+14
      1253.29   2.1181932e+14
      1253.45   2.1168733e+14
      1253.60   2.1155808e+14
      1253.76   2.1151494e+14
      1253.92   2.1150753e+14
      1254.08   2.1152384e+14
      1254.23   2.1156162e+14
      1254.39   2.1166359e+14
      1254.55   2.1177704e+14
      1254.70   2.1177973e+14
      1254.86   2.1164162e+14
      1255.02   2.1153229e+14
      1255.18   2.1135092e+14
      1255.33   2.1122603e+14
      1255.49   2.1117678e+14
      1255.65   2.1120794e+14
      1255.81   2.1114834e+14
      1255.97   2.1103241e+14
      1256.12   2.1083766e+14
      1256.28   2.1074818e+14
      1256.44   2.1059459e+14
      1256.60   2.1050243e+14
      1256.76   2.1039428e+14
      1256.91   2.1035741e+14
      1257.07   2.1023230e+14
      1257.23   2.1035881e+14
      1257.39   2.1061920e+14
      1257.55   2.1105042e+14
      1257.70   2.1144208e+14
      1257.86   2.1174570e+14
      1258.02   2.1168499e+14
      1258.18   2.1135308e+14
      1258.34   2.1070668e+14
      1258.49   2.1010961e+14
      1258.65   2.0985869e+14
      1258.81   2.0995352e+14
      1258.97   2.1037123e+14
      1259.13   2.1107709e+14
      1259.29   2.1168886e+14
      1259.45   2.1208738e+14
      1259.60   2.1234087e+14
      1259.76   2.1236732e+14
      1259.92   2.1218907e+14
      1260.08   2.1186670e+14
      1260.24   2.1155414e+14
      1260.40   2.1128368e+14
      1260.56   2.1121816e+14
      1260.72   2.1142576e+14
      1260.88   2.1180675e+14
      1261.03   2.1203048e+14
      1261.19   2.1190658e+14
      1261.35   2.1123561e+14
      1261.51   2.1020627e+14
      1261.67   2.0926059e+14
      1261.83   2.0863579e+14
      1261.99   2.0871595e+14
      1262.15   2.0933217e+14
      1262.31   2.1021312e+14
      1262.47   2.1103785e+14
      1262.63   2.1168149e+14
      1262.79   2.1193036e+14
      1262.94   2.1194794e+14
      1263.10   2.1192322e+14
      1263.26   2.1187193e+14
      1263.42   2.1180374e+14
      1263.58   2.1140597e+14
      1263.74   2.1058907e+14
      1263.90   2.0983760e+14
      1264.06   2.0897218e+14
      1264.22   2.0859480e+14
      1264.38   2.0892886e+14
      1264.54   2.0951488e+14
      1264.70   2.0963290e+14
      1264.86   2.0989978e+14
      1265.02   2.0959404e+14
      1265.18   2.0924624e+14
      1265.34   2.0940727e+14
      1265.50   2.1000172e+14
      1265.66   2.1056241e+14
      1265.82   2.1124317e+14
      1265.98   2.1159172e+14
      1266.14   2.1158757e+14
      1266.30   2.1136228e+14
      1266.46   2.1078680e+14
      1266.62   2.0990201e+14
      1266.79   2.0907929e+14
      1266.94   2.0832072e+14
      1267.11   2.0813273e+14
      1267.27   2.0849112e+14
      1267.43   2.0912945e+14
      1267.59   2.0933443e+14
      1267.75   2.0891488e+14
      1267.91   2.0804664e+14
      1268.07   2.0678197e+14
      1268.23   2.0589626e+14
      1268.39   2.0588897e+14
      1268.55   2.0667073e+14
      1268.71   2.0760189e+14
      1268.88   2.0880419e+14
      1269.04   2.0964333e+14
      1269.20   2.0999682e+14
      1269.36   2.1023235e+14
      1269.52   2.1034087e+14
      1269.68   2.1034034e+14
      1269.84   2.1039431e+14
      1270.00   2.1042651e+14
      1270.16   2.1051913e+14
      1270.32   2.1068373e+14
      1270.49   2.1085001e+14
      1270.65   2.1094394e+14
      1270.81   2.1099587e+14
      1270.97   2.1089753e+14
      1271.13   2.1065882e+14
      1271.29   2.1043738e+14
      1271.46   2.1020279e+14
      1271.62   2.1004886e+14
      1271.78   2.1002679e+14
      1271.94   2.1007807e+14
      1272.10   2.1014269e+14
      1272.27   2.1025580e+14
      1272.43   2.1030047e+14
      1272.59   2.1023690e+14
      1272.75   2.1013621e+14
      1272.91   2.0995100e+14
      1273.07   2.0972670e+14
      1273.24   2.0946354e+14
      1273.40   2.0923288e+14
      1273.56   2.0900260e+14
      1273.72   2.0874414e+14
      1273.89   2.0851368e+14
      1274.05   2.0840050e+14
      1274.21   2.0833043e+14
      1274.37   2.0844660e+14
      1274.54   2.0872269e+14
      1274.70   2.0903388e+14
      1274.86   2.0931775e+14
      1275.02   2.0960959e+14
      1275.19   2.0977445e+14
      1275.35   2.0989257e+14
      1275.51   2.0997332e+14
      1275.67   2.1000037e+14
      1275.84   2.0999454e+14
      1276.00   2.0997316e+14
      1276.16   2.0994579e+14
      1276.32   2.0992556e+14
      1276.49   2.0993016e+14
      1276.65   2.0991801e+14
      1276.81   2.0991398e+14
      1276.98   2.0988412e+14
      1277.14   2.0982990e+14
      1277.30   2.0975078e+14
      1277.46   2.0964054e+14
      1277.63   2.0954490e+14
      1277.79   2.0944013e+14
      1277.95   2.0936398e+14
      1278.12   2.0930732e+14
      1278.28   2.0926310e+14
      1278.44   2.0918432e+14
      1278.61   2.0902400e+14
      1278.77   2.0869158e+14
      1278.94   2.0837086e+14
      1279.10   2.0799868e+14
      1279.26   2.0771866e+14
      1279.43   2.0755319e+14
      1279.59   2.0750379e+14
      1279.75   2.0736833e+14
      1279.92   2.0728074e+14
      1280.08   2.0708842e+14
      1280.25   2.0678536e+14
      1280.41   2.0620532e+14
      1280.57   2.0518253e+14
      1280.74   2.0389129e+14
      1280.90   2.0228019e+14
      1281.07   2.0050890e+14
      1281.23   1.9861805e+14
      1281.39   1.9595664e+14
      1281.56   1.9177878e+14
      1281.72   1.8666213e+14
      1281.89   1.8175594e+14
      1282.05   1.7798070e+14
      1282.22   1.7728631e+14
      1282.38   1.7982792e+14
      1282.55   1.8443744e+14
      1282.71   1.8962565e+14
      1282.87   1.9439351e+14
      1283.04   1.9754442e+14
      1283.20   1.9956470e+14
      1283.37   2.0101609e+14
      1283.53   2.0218232e+14
      1283.70   2.0321427e+14
      1283.86   2.0401414e+14
      1284.03   2.0465044e+14
      1284.19   2.0509328e+14
      1284.36   2.0537743e+14
      1284.52   2.0551067e+14
      1284.69   2.0571124e+14
      1284.85   2.0571613e+14
      1285.02   2.0570462e+14
      1285.18   2.0574515e+14
      1285.35   2.0573698e+14
      1285.51   2.0568351e+14
      1285.68   2.0579046e+14
      1285.84   2.0590660e+14
      1286.01   2.0599959e+14
      1286.17   2.0627755e+14
      1286.34   2.0664948e+14
      1286.51   2.0696687e+14
      1286.67   2.0725487e+14
      1286.84   2.0737317e+14
      1287.00   2.0739276e+14
      1287.17   2.0733182e+14
      1287.33   2.0730505e+14
      1287.50   2.0733519e+14
      1287.66   2.0723848e+14
      1287.83   2.0680340e+14
      1288.00   2.0646172e+14
      1288.16   2.0595516e+14
      1288.33   2.0567404e+14
      1288.49   2.0576831e+14
      1288.66   2.0621692e+14
      1288.83   2.0660485e+14
      1288.99   2.0713218e+14
      1289.16   2.0742384e+14
      1289.32   2.0735388e+14
      1289.49   2.0701058e+14
      1289.66   2.0628891e+14
      1289.82   2.0489223e+14
      1289.99   2.0376409e+14
      1290.16   2.0283052e+14
      1290.32   2.0268244e+14
      1290.49   2.0321660e+14
      1290.66   2.0433253e+14
      1290.82   2.0491472e+14
      1290.99   2.0556136e+14
      1291.16   2.0565581e+14
      1291.32   2.0560386e+14
      1291.49   2.0574518e+14
      1291.66   2.0610383e+14
      1291.82   2.0635193e+14
      1291.99   2.0663923e+14
      1292.16   2.0679519e+14
      1292.32   2.0687966e+14
      1292.49   2.0703322e+14
      1292.66   2.0717291e+14
      1292.82   2.0722962e+14
      1292.99   2.0711181e+14
      1293.16   2.0663767e+14
      1293.33   2.0588047e+14
      1293.49   2.0515852e+14
      1293.66   2.0453192e+14
      1293.83   2.0424812e+14
      1294.00   2.0444922e+14
      1294.16   2.0495796e+14
      1294.33   2.0548208e+14
      1294.50   2.0604388e+14
      1294.67   2.0639352e+14
      1294.83   2.0647014e+14
      1295.00   2.0651221e+14
      1295.17   2.0653605e+14
      1295.34   2.0655943e+14
      1295.51   2.0665694e+14
      1295.67   2.0685117e+14
      1295.84   2.0697976e+14
      1296.01   2.0703663e+14
      1296.18   2.0699702e+14
      1296.34   2.0687787e+14
      1296.51   2.0679600e+14
      1296.68   2.0667631e+14
      1296.85   2.0643108e+14
      1297.02   2.0620739e+14
      1297.19   2.0578907e+14
      1297.35   2.0520119e+14
      1297.52   2.0453795e+14
      1297.69   2.0411972e+14
      1297.86   2.0372439e+14
      1298.03   2.0388481e+14
      1298.19   2.0437794e+14
      1298.36   2.0505112e+14
      1298.53   2.0569966e+14
      1298.70   2.0630837e+14
      1298.87   2.0654081e+14
      1299.04   2.0655165e+14
      1299.21   2.0652153e+14
      1299.38   2.0646139e+14
      1299.55   2.0638181e+14
      1299.71   2.0627881e+14
      1299.88   2.0613838e+14
      1300.05   2.0597842e+14
      1300.22   2.0579407e+14
      1300.39   2.0566712e+14
      1300.56   2.0558536e+14
      1300.73   2.0559751e+14
      1300.90   2.0558886e+14
      1301.07   2.0545301e+14
      1301.24   2.0504835e+14
      1301.41   2.0462478e+14
      1301.57   2.0411620e+14
      1301.74   2.0373652e+14
      1301.91   2.0370224e+14
      1302.08   2.0388266e+14
      1302.25   2.0405013e+14
      1302.42   2.0416238e+14
      1302.59   2.0414858e+14
      1302.76   2.0362318e+14
      1302.93   2.0312399e+14
      1303.10   2.0263517e+14
      1303.27   2.0212444e+14
      1303.44   2.0190522e+14
      1303.61   2.0207174e+14
      1303.78   2.0221052e+14
      1303.95   2.0244594e+14
      1304.12   2.0292102e+14
      1304.29   2.0323028e+14
      1304.46   2.0365144e+14
      1304.63   2.0407707e+14
      1304.80   2.0441269e+14
      1304.97   2.0452797e+14
      1305.14   2.0464081e+14
      1305.31   2.0467180e+14
      1305.48   2.0464300e+14
      1305.65   2.0457314e+14
      1305.82   2.0466030e+14
      1305.99   2.0467809e+14
      1306.17   2.0469569e+14
      1306.34   2.0481761e+14
      1306.51   2.0491394e+14
      1306.68   2.0482170e+14
      1306.85   2.0457143e+14
      1307.02   2.0422762e+14
      1307.19   2.0382009e+14
      1307.36   2.0348226e+14
      1307.53   2.0333670e+14
      1307.70   2.0336981e+14
      1307.87   2.0344944e+14
      1308.04   2.0365685e+14
      1308.22   2.0384092e+14
      1308.39   2.0390542e+14
      1308.56   2.0391606e+14
      1308.73   2.0387871e+14
      1308.90   2.0381597e+14
      1309.07   2.0378592e+14
      1309.24   2.0383966e+14
      1309.42   2.0388958e+14
      1309.59   2.0386687e+14
      1309.76   2.0358404e+14
      1309.93   2.0322943e+14
      1310.10   2.0264843e+14
      1310.27   2.0214868e+14
      1310.44   2.0186884e+14
      1310.62   2.0185430e+14
      1310.79   2.0204280e+14
      1310.96   2.0250891e+14
      1311.13   2.0290879e+14
      1311.30   2.0314698e+14
      1311.47   2.0317868e+14
      1311.65   2.0289293e+14
      1311.82   2.0239662e+14
      1311.99   2.0103710e+14
      1312.16   1.9842420e+14
      1312.34   1.9624614e+14
      1312.51   1.9395125e+14
      1312.68   1.9318041e+14
      1312.85   1.9417595e+14
      1313.03   1.9659405e+14
      1313.20   1.9861667e+14
      1313.37   2.0063286e+14
      1313.54   2.0142637e+14
      1313.71   2.0129558e+14
      1313.89   2.0130845e+14
      1314.06   2.0157432e+14
      1314.23   2.0205476e+14
      1314.41   2.0215328e+14
      1314.58   2.0187068e+14
      1314.75   2.0062766e+14
      1314.92   1.9781954e+14
      1315.10   1.9523690e+14
      1315.27   1.9277892e+14
      1315.44   1.9170220e+14
      1315.62   1.9242927e+14
      1315.79   1.9487526e+14
      1315.96   1.9733451e+14
      1316.14   1.9991151e+14
      1316.31   2.0140175e+14
      1316.48   2.0178746e+14
      1316.66   2.0183645e+14
      1316.83   2.0180739e+14
      1317.00   2.0183667e+14
      1317.18   2.0197470e+14
      1317.35   2.0178789e+14
      1317.52   2.0103678e+14
      1317.70   2.0029176e+14
      1317.87   1.9928683e+14
      1318.04   1.9891467e+14
      1318.22   1.9920901e+14
      1318.39   2.0018099e+14
      1318.56   2.0102377e+14
      1318.74   2.0203288e+14
      1318.91   2.0240688e+14
      1319.09   2.0240372e+14
      1319.26   2.0232990e+14
      1319.44   2.0221952e+14
      1319.61   2.0211896e+14
      1319.78   2.0197014e+14
      1319.96   2.0176421e+14
      1320.13   2.0155080e+14
      1320.31   2.0128098e+14
      1320.48   2.0105373e+14
      1320.66   2.0078125e+14
      1320.83   2.0062932e+14
      1321.00   2.0034598e+14
      1321.18   2.0026070e+14
      1321.35   2.0012019e+14
      1321.53   2.0014885e+14
      1321.70   2.0023280e+14
      1321.88   2.0051696e+14
      1322.05   2.0066850e+14
      1322.23   2.0088695e+14
      1322.40   2.0101263e+14
      1322.58   2.0102777e+14
      1322.75   2.0099586e+14
      1322.93   2.0094414e+14
      1323.10   2.0077542e+14
      1323.28   2.0067804e+14
      1323.45   2.0065017e+14
      1323.63   2.0071634e+14
      1323.80   2.0087922e+14
      1323.98   2.0114724e+14
      1324.15   2.0136585e+14
      1324.33   2.0149760e+14
      1324.50   2.0150385e+14
      1324.68   2.0131029e+14
      1324.85   2.0099003e+14
      1325.03   2.0066685e+14
      1325.20   2.0033351e+14
      1325.38   2.0021762e+14
      1325.56   2.0025164e+14
      1325.73   2.0035799e+14
      1325.91   2.0024801e+14
      1326.08   2.0013055e+14
      1326.26   1.9954669e+14
      1326.44   1.9899696e+14
      1326.61   1.9854743e+14
      1326.79   1.9836608e+14
      1326.96   1.9846792e+14
      1327.14   1.9895889e+14
      1327.32   1.9949223e+14
      1327.49   1.9995758e+14
      1327.67   2.0027952e+14
      1327.84   2.0018797e+14
      1328.02   1.9971844e+14
      1328.20   1.9918974e+14
      1328.37   1.9817270e+14
      1328.55   1.9655547e+14
      1328.73   1.9541630e+14
      1328.90   1.9434312e+14
      1329.08   1.9388864e+14
      1329.26   1.9411572e+14
      1329.43   1.9521370e+14
      1329.61   1.9585321e+14
      1329.79   1.9705139e+14
      1329.96   1.9778217e+14
      1330.14   1.9835623e+14
      1330.32   1.9880438e+14
      1330.49   1.9935882e+14
      1330.67   1.9945684e+14
      1330.85   1.9936547e+14
      1331.03   1.9926209e+14
      1331.20   1.9922748e+14
      1331.38   1.9901398e+14
      1331.56   1.9821214e+14
      1331.73   1.9688771e+14
      1331.91   1.9558647e+14
      1332.09   1.9447081e+14
      1332.27   1.9434024e+14
      1332.44   1.9524576e+14
      1332.62   1.9673513e+14
      1332.80   1.9818852e+14
      1332.98   1.9940122e+14
      1333.16   1.9983158e+14
      1333.33   1.9995120e+14
      1333.51   1.9992709e+14
      1333.69   1.9995596e+14
      1333.87   1.9991734e+14
      1334.05   1.9990023e+14
      1334.22   1.9988457e+14
      1334.40   1.9993840e+14
      1334.58   1.9994524e+14
      1334.76   1.9998158e+14
      1334.94   1.9976535e+14
      1335.11   1.9915051e+14
      1335.29   1.9859937e+14
      1335.47   1.9797351e+14
      1335.65   1.9775182e+14
      1335.83   1.9796369e+14
      1336.01   1.9861597e+14
      1336.18   1.9914940e+14
      1336.36   1.9975646e+14
      1336.54   1.9986101e+14
      1336.72   1.9962849e+14
      1336.90   1.9921742e+14
      1337.08   1.9884497e+14
      1337.26   1.9848391e+14
      1337.44   1.9831824e+14
      1337.61   1.9823324e+14
      1337.79   1.9826230e+14
      1337.97   1.9825076e+14
      1338.15   1.9816695e+14
      1338.33   1.9804350e+14
      1338.51   1.9784729e+14
      1338.69   1.9739863e+14
      1338.87   1.9671142e+14
      1339.05   1.9550977e+14
      1339.23   1.9441545e+14
      1339.41   1.9349297e+14
      1339.58   1.9337422e+14
      1339.76   1.9395086e+14
      1339.94   1.9523558e+14
      1340.12   1.9651101e+14
      1340.30   1.9770055e+14
      1340.48   1.9832265e+14
      1340.66   1.9837075e+14
      1340.84   1.9825868e+14
      1341.02   1.9800275e+14
      1341.20   1.9773468e+14
      1341.38   1.9746295e+14
      1341.56   1.9740796e+14
      1341.74   1.9735244e+14
      1341.92   1.9742673e+14
      1342.10   1.9761981e+14
      1342.28   1.9781897e+14
      1342.46   1.9787371e+14
      1342.64   1.9800909e+14
      1342.82   1.9789030e+14
      1343.00   1.9762575e+14
      1343.18   1.9748202e+14
      1343.36   1.9740792e+14
      1343.54   1.9743894e+14
      1343.72   1.9767725e+14
      1343.91   1.9796135e+14
      1344.09   1.9818163e+14
      1344.27   1.9841911e+14
      1344.45   1.9853346e+14
      1344.63   1.9852192e+14
      1344.81   1.9838426e+14
      1344.99   1.9817898e+14
      1345.17   1.9781219e+14
      1345.35   1.9750986e+14
      1345.53   1.9714789e+14
      1345.71   1.9681359e+14
      1345.90   1.9650341e+14
      1346.08   1.9636379e+14
      1346.26   1.9627358e+14
      1346.44   1.9648246e+14
      1346.62   1.9682358e+14
      1346.80   1.9720218e+14
      1346.98   1.9751332e+14
      1347.16   1.9760811e+14
      1347.35   1.9751559e+14
      1347.53   1.9734445e+14
      1347.71   1.9726357e+14
      1347.89   1.9727873e+14
      1348.07   1.9742114e+14
      1348.25   1.9755010e+14
      1348.44   1.9757539e+14
      1348.62   1.9737557e+14
      1348.80   1.9713924e+14
      1348.98   1.9687026e+14
      1349.16   1.9659394e+14
      1349.35   1.9614069e+14
      1349.53   1.9581539e+14
      1349.71   1.9529049e+14
      1349.89   1.9482263e+14
      1350.07   1.9430497e+14
      1350.26   1.9421895e+14
      1350.44   1.9419656e+14
      1350.62   1.9464393e+14
      1350.80   1.9499528e+14
      1350.99   1.9550017e+14
      1351.17   1.9584160e+14
      1351.35   1.9632394e+14
      1351.53   1.9660883e+14
      1351.72   1.9691353e+14
      1351.90   1.9711925e+14
      1352.08   1.9732010e+14
      1352.27   1.9730941e+14
      1352.45   1.9719465e+14
      1352.63   1.9703810e+14
      1352.81   1.9691022e+14
      1353.00   1.9676808e+14
      1353.18   1.9661219e+14
      1353.36   1.9641463e+14
      1353.55   1.9626422e+14
      1353.73   1.9613310e+14
      1353.91   1.9613717e+14
      1354.10   1.9620668e+14
      1354.28   1.9614777e+14
      1354.46   1.9562321e+14
      1354.65   1.9513104e+14
      1354.83   1.9429325e+14
      1355.01   1.9343189e+14
      1355.20   1.9305980e+14
      1355.38   1.9305687e+14
      1355.56   1.9322532e+14
      1355.75   1.9374359e+14
      1355.93   1.9418425e+14
      1356.12   1.9394794e+14
      1356.30   1.9329034e+14
      1356.48   1.9257404e+14
      1356.67   1.9166726e+14
      1356.85   1.9143207e+14
      1357.04   1.9192414e+14
      1357.22   1.9286530e+14
      1357.41   1.9353698e+14
      1357.59   1.9443421e+14
      1357.77   1.9465919e+14
      1357.96   1.9470662e+14
      1358.14   1.9488686e+14
      1358.33   1.9516870e+14
      1358.51   1.9529909e+14
      1358.70   1.9530585e+14
      1358.88   1.9496024e+14
      1359.06   1.9400500e+14
      1359.25   1.9329115e+14
      1359.43   1.9243719e+14
      1359.62   1.9214058e+14
      1359.80   1.9198767e+14
      1359.99   1.9252445e+14
      1360.17   1.9280676e+14
      1360.36   1.9351424e+14
      1360.54   1.9397386e+14
      1360.73   1.9457500e+14
      1360.92   1.9499527e+14
      1361.10   1.9537204e+14
      1361.29   1.9545738e+14
      1361.47   1.9541141e+14
      1361.66   1.9531507e+14
      1361.84   1.9514595e+14
      1362.03   1.9488547e+14
      1362.21   1.9418785e+14
      1362.40   1.9318193e+14
      1362.58   1.9212393e+14
      1362.77   1.9129615e+14
      1362.95   1.9100807e+14
      1363.14   1.9149986e+14
      1363.33   1.9228184e+14
      1363.51   1.9308741e+14
      1363.70   1.9374707e+14
      1363.88   1.9391719e+14
      1364.07   1.9352477e+14
      1364.26   1.9334112e+14
      1364.44   1.9308741e+14
      1364.63   1.9315455e+14
      1364.81   1.9345064e+14
      1365.00   1.9394099e+14
      1365.19   1.9423235e+14
      1365.37   1.9455436e+14
      1365.56   1.9449430e+14
      1365.75   1.9415362e+14
      1365.93   1.9387502e+14
      1366.12   1.9356542e+14
      1366.31   1.9339330e+14
      1366.49   1.9298619e+14
      1366.68   1.9256696e+14
      1366.87   1.9217338e+14
      1367.05   1.9199113e+14
      1367.24   1.9206750e+14
      1367.43   1.9242679e+14
      1367.61   1.9301627e+14
      1367.80   1.9343118e+14
      1367.99   1.9361356e+14
      1368.18   1.9299042e+14
      1368.36   1.9233104e+14
      1368.55   1.9122494e+14
      1368.74   1.9078702e+14
      1368.93   1.9048210e+14
      1369.11   1.9075116e+14
      1369.30   1.9114049e+14
      1369.49   1.9157029e+14
      1369.68   1.9135013e+14
      1369.86   1.9117847e+14
      1370.05   1.9090685e+14
      1370.24   1.9082027e+14
      1370.43   1.9107423e+14
      1370.61   1.9140040e+14
      1370.80   1.9127024e+14
      1370.99   1.9128378e+14
      1371.18   1.9106333e+14
      1371.37   1.9115621e+14
      1371.55   1.9157698e+14
      1371.74   1.9240217e+14
      1371.93   1.9305904e+14
      1372.12   1.9364876e+14
      1372.31   1.9396608e+14
      1372.49   1.9393361e+14
      1372.68   1.9375190e+14
      1372.87   1.9362073e+14
      1373.06   1.9344783e+14
      1373.25   1.9344152e+14
      1373.44   1.9348801e+14
      1373.63   1.9367431e+14
      1373.81   1.9370842e+14
      1374.00   1.9342589e+14
      1374.19   1.9262619e+14
      1374.38   1.9180561e+14
      1374.57   1.9104001e+14
      1374.76   1.9078647e+14
      1374.95   1.9094943e+14
      1375.14   1.9133273e+14
      1375.33   1.9111324e+14
      1375.52   1.9089781e+14
      1375.70   1.8986741e+14
      1375.89   1.8929343e+14
      1376.08   1.8882023e+14
      1376.27   1.8908495e+14
      1376.46   1.8941234e+14
      1376.65   1.9025883e+14
      1376.84   1.9087112e+14
      1377.03   1.9156105e+14
      1377.22   1.9203957e+14
      1377.41   1.9202945e+14
      1377.60   1.9181445e+14
      1377.79   1.9136252e+14
      1377.98   1.9103159e+14
      1378.17   1.9108537e+14
      1378.36   1.9154787e+14
      1378.55   1.9214677e+14
      1378.74   1.9272976e+14
      1378.93   1.9311599e+14
      1379.12   1.9311515e+14
      1379.31   1.9292043e+14
      1379.50   1.9243751e+14
      1379.69   1.9206529e+14
      1379.88   1.9169085e+14
      1380.07   1.9158980e+14
      1380.26   1.9159697e+14
      1380.45   1.9191613e+14
      1380.64   1.9208059e+14
      1380.83   1.9229714e+14
      1381.03   1.9234245e+14
      1381.21   1.9219968e+14
      1381.41   1.9164991e+14
      1381.60   1.9111558e+14
      1381.79   1.9033017e+14
      1381.98   1.8977883e+14
      1382.17   1.8942112e+14
      1382.36   1.8953507e+14
      1382.55   1.8975111e+14
      1382.74   1.9024984e+14
      1382.94   1.9040935e+14
      1383.13   1.9063842e+14
      1383.32   1.9073965e+14
      1383.51   1.9101834e+14
      1383.70   1.9133493e+14
      1383.89   1.9171090e+14
      1384.08   1.9190239e+14
      1384.28   1.9203982e+14
      1384.47   1.9165890e+14
      1384.66   1.9118850e+14
      1384.85   1.9048584e+14
      1385.04   1.9004433e+14
      1385.23   1.8980143e+14
      1385.43   1.9001156e+14
      1385.62   1.9040031e+14
      1385.81   1.9109695e+14
      1386.00   1.9143699e+14
      1386.19   1.9123066e+14
      1386.39   1.9093532e+14
      1386.58   1.9032038e+14
      1386.77   1.9001168e+14
      1386.96   1.8989639e+14
      1387.16   1.9014475e+14
      1387.35   1.9029830e+14
      1387.54   1.9060380e+14
      1387.73   1.9070277e+14
      1387.93   1.9076909e+14
      1388.12   1.9095854e+14
      1388.31   1.9118958e+14
      1388.50   1.9140052e+14
      1388.70   1.9150768e+14
      1388.89   1.9161224e+14
      1389.08   1.9161817e+14
      1389.28   1.9125020e+14
      1389.47   1.9030286e+14
      1389.66   1.8939489e+14
      1389.85   1.8845104e+14
      1390.05   1.8814282e+14
      1390.24   1.8842523e+14
      1390.43   1.8926798e+14
      1390.63   1.9002526e+14
      1390.82   1.9082483e+14
      1391.01   1.9107530e+14
      1391.21   1.9113353e+14
      1391.40   1.9119157e+14
      1391.59   1.9118543e+14
      1391.79   1.9111840e+14
      1391.98   1.9089185e+14
      1392.18   1.9054478e+14
      1392.37   1.9022636e+14
      1392.56   1.9005733e+14
      1392.76   1.8997509e+14
      1392.95   1.9004734e+14
      1393.15   1.9016676e+14
      1393.34   1.9018926e+14
      1393.53   1.8996228e+14
      1393.73   1.8955437e+14
      1393.92   1.8909181e+14
      1394.12   1.8879390e+14
      1394.31   1.8886496e+14
      1394.51   1.8915017e+14
      1394.70   1.8915100e+14
      1394.90   1.8904807e+14
      1395.09   1.8871985e+14
      1395.28   1.8839223e+14
      1395.48   1.8840039e+14
      1395.67   1.8887298e+14
      1395.87   1.8937843e+14
      1396.06   1.8992810e+14
      1396.26   1.9009507e+14
      1396.45   1.9000731e+14
      1396.65   1.8985177e+14
      1396.84   1.8989428e+14
      1397.04   1.8995672e+14
      1397.23   1.9013494e+14
      1397.43   1.9024580e+14
      1397.62   1.9029691e+14
      1397.82   1.9025570e+14
      1398.02   1.9016251e+14
      1398.21   1.9008336e+14
      1398.41   1.8995699e+14
      1398.60   1.8993618e+14
      1398.80   1.8991707e+14
      1398.99   1.8990057e+14
      1399.19   1.8961347e+14
      1399.38   1.8854652e+14
      1399.58   1.8720822e+14
      1399.78   1.8578382e+14
      1399.97   1.8473126e+14
      1400.17   1.8461298e+14
      1400.36   1.8514552e+14
      1400.56   1.8543647e+14
      1400.76   1.8607245e+14
      1400.95   1.8615402e+14
      1401.15   1.8626605e+14
      1401.34   1.8673320e+14
      1401.54   1.8749411e+14
      1401.74   1.8802056e+14
      1401.94   1.8868586e+14
      1402.13   1.8874182e+14
      1402.33   1.8855696e+14
      1402.53   1.8812124e+14
      1402.72   1.8765522e+14
      1402.92   1.8692813e+14
      1403.11   1.8657428e+14
      1403.31   1.8631897e+14
      1403.51   1.8669470e+14
      1403.71   1.8688580e+14
      1403.90   1.8742212e+14
      1404.10   1.8745712e+14
      1404.30   1.8752961e+14
      1404.49   1.8706876e+14
      1404.69   1.8701246e+14
      1404.89   1.8680016e+14
      1405.09   1.8713776e+14
      1405.28   1.8757705e+14
      1405.48   1.8817643e+14
      1405.68   1.8825500e+14
      1405.88   1.8830648e+14
      1406.07   1.8777020e+14
      1406.27   1.8720359e+14
      1406.47   1.8694938e+14
      1406.67   1.8707167e+14
      1406.86   1.8731713e+14
      1407.06   1.8752152e+14
      1407.26   1.8767410e+14
      1407.46   1.8755310e+14
      1407.66   1.8753837e+14
      1407.86   1.8739160e+14
      1408.05   1.8746079e+14
      1408.25   1.8739605e+14
      1408.45   1.8753423e+14
      1408.65   1.8762463e+14
      1408.85   1.8782690e+14
      1409.05   1.8798939e+14
      1409.24   1.8821718e+14
      1409.44   1.8827746e+14
      1409.64   1.8813279e+14
      1409.84   1.8795048e+14
      1410.04   1.8767152e+14
      1410.24   1.8738416e+14
      1410.44   1.8729975e+14
      1410.64   1.8722591e+14
      1410.83   1.8683498e+14
      1411.03   1.8535422e+14
      1411.23   1.8400363e+14
      1411.43   1.8204179e+14
      1411.63   1.8118596e+14
      1411.83   1.8113209e+14
      1412.03   1.8236173e+14
      1412.23   1.8348010e+14
      1412.43   1.8454032e+14
      1412.63   1.8450221e+14
      1412.83   1.8401201e+14
      1413.03   1.8379311e+14
      1413.23   1.8391615e+14
      1413.43   1.8464414e+14
      1413.63   1.8529840e+14
      1413.83   1.8597430e+14
      1414.03   1.8589632e+14
      1414.23   1.8568600e+14
      1414.43   1.8534690e+14
      1414.63   1.8550005e+14
      1414.83   1.8580535e+14
      1415.03   1.8650502e+14
      1415.23   1.8698403e+14
      1415.43   1.8725831e+14
      1415.63   1.8677023e+14
      1415.83   1.8611788e+14
      1416.03   1.8535935e+14
      1416.23   1.8499149e+14
      1416.43   1.8504373e+14
      1416.63   1.8552511e+14
      1416.83   1.8607982e+14
      1417.03   1.8667890e+14
      1417.23   1.8698138e+14
      1417.43   1.8710201e+14
      1417.64   1.8721392e+14
      1417.84   1.8712765e+14
      1418.04   1.8677794e+14
      1418.24   1.8635945e+14
      1418.44   1.8587144e+14
      1418.64   1.8538757e+14
      1418.84   1.8516767e+14
      1419.04   1.8514625e+14
      1419.24   1.8511888e+14
      1419.45   1.8480172e+14
      1419.65   1.8465802e+14
      1419.85   1.8416139e+14
      1420.05   1.8436245e+14
      1420.25   1.8460463e+14
      1420.45   1.8532305e+14
      1420.66   1.8580303e+14
      1420.86   1.8605133e+14
      1421.06   1.8479452e+14
      1421.26   1.8363998e+14
      1421.46   1.8230087e+14
      1421.67   1.8184519e+14
      1421.87   1.8178911e+14
      1422.07   1.8244120e+14
      1422.27   1.8200245e+14
      1422.47   1.8222753e+14
      1422.68   1.8157171e+14
      1422.88   1.8180798e+14
      1423.08   1.8239816e+14
      1423.29   1.8347786e+14
      1423.49   1.8316244e+14
      1423.69   1.8299233e+14
      1423.89   1.8196588e+14
      1424.10   1.8159669e+14
      1424.30   1.8196951e+14
      1424.50   1.8309626e+14
      1424.70   1.8400069e+14
      1424.91   1.8423363e+14
      1425.11   1.8341539e+14
      1425.31   1.8215277e+14
      1425.52   1.8117029e+14
      1425.72   1.8005058e+14
      1425.92   1.7979324e+14
      1426.13   1.7971535e+14
      1426.33   1.8037858e+14
      1426.53   1.8117275e+14
      1426.74   1.8151484e+14
      1426.94   1.8164012e+14
      1427.14   1.8131257e+14
      1427.35   1.8112061e+14
      1427.55   1.8097522e+14
      1427.76   1.8195438e+14
      1427.96   1.8293488e+14
      1428.16   1.8391547e+14
      1428.37   1.8337789e+14
      1428.57   1.8264422e+14
      1428.78   1.8132272e+14
      1428.98   1.7985817e+14
      1429.18   1.7879238e+14
      1429.39   1.7838933e+14
      1429.59   1.7834942e+14
      1429.80   1.7928120e+14
      1430.00   1.8060571e+14
      1430.21   1.8201007e+14
      1430.41   1.8316018e+14
      1430.61   1.8309199e+14
      1430.82   1.8225796e+14
      1431.03   1.8124010e+14
      1431.23   1.8105945e+14
      1431.43   1.8151514e+14
      1431.64   1.8273772e+14
      1431.84   1.8399961e+14
      1432.05   1.8521682e+14
      1432.25   1.8566360e+14
      1432.46   1.8577537e+14
      1432.67   1.8577602e+14
      1432.87   1.8546325e+14
      1433.07   1.8464296e+14
      1433.28   1.8370500e+14
      1433.49   1.8271477e+14
      1433.69   1.8230102e+14
      1433.90   1.8232939e+14
      1434.10   1.8276320e+14
      1434.31   1.8329376e+14
      1434.51   1.8376874e+14
      1434.72   1.8391140e+14
      1434.93   1.8387703e+14
      1435.13   1.8391443e+14
      1435.34   1.8398535e+14
      1435.54   1.8415190e+14
      1435.75   1.8393160e+14
      1435.96   1.8369770e+14
      1436.16   1.8353791e+14
      1436.37   1.8350228e+14
      1436.57   1.8376239e+14
      1436.78   1.8405844e+14
      1436.99   1.8435281e+14
      1437.19   1.8458898e+14
      1437.40   1.8461242e+14
      1437.61   1.8413979e+14
      1437.81   1.8391006e+14
      1438.02   1.8363166e+14
      1438.23   1.8377446e+14
      1438.44   1.8395355e+14
      1438.64   1.8443654e+14
      1438.85   1.8465154e+14
      1439.06   1.8493270e+14
      1439.26   1.8467094e+14
      1439.47   1.8357878e+14
      1439.68   1.8154518e+14
      1439.89   1.7821039e+14
      1440.09   1.7513791e+14
      1440.30   1.7268666e+14
      1440.51   1.7253923e+14
      1440.71   1.7412309e+14
      1440.92   1.7738940e+14
      1441.13   1.8040183e+14
      1441.34   1.8272914e+14
      1441.55   1.8269611e+14
      1441.75   1.8110708e+14
      1441.96   1.7919279e+14
      1442.17   1.7739735e+14
      1442.38   1.7666550e+14
      1442.58   1.7684504e+14
      1442.79   1.7793693e+14
      1443.00   1.7923403e+14
      1443.21   1.8060945e+14
      1443.42   1.8121694e+14
      1443.63   1.8129175e+14
      1443.83   1.8104749e+14
      1444.04   1.7980002e+14
      1444.25   1.7899781e+14
      1444.46   1.7822417e+14
      1444.67   1.7879809e+14
      1444.88   1.7982570e+14
      1445.09   1.8164624e+14
      1445.30   1.8266263e+14
      1445.50   1.8336176e+14
      1445.71   1.8310704e+14
      1445.92   1.8232333e+14
      1446.13   1.8155420e+14
      1446.34   1.8056508e+14
      1446.55   1.8010593e+14
      1446.76   1.7980192e+14
      1446.97   1.8010963e+14
      1447.18   1.8055140e+14
      1447.39   1.8123055e+14
      1447.60   1.8165899e+14
      1447.81   1.8212472e+14
      1448.02   1.8228604e+14
      1448.23   1.8225762e+14
      1448.44   1.8228323e+14
      1448.65   1.8213472e+14
      1448.85   1.8204827e+14
      1449.06   1.8205908e+14
      1449.28   1.8222170e+14
      1449.48   1.8197967e+14
      1449.70   1.8181693e+14
      1449.91   1.8090943e+14
      1450.12   1.7996289e+14
      1450.33   1.7919639e+14
      1450.54   1.7897353e+14
      1450.75   1.7883848e+14
      1450.96   1.7817165e+14
      1451.17   1.7769474e+14
      1451.38   1.7677819e+14
      1451.59   1.7701023e+14
      1451.80   1.7748311e+14
      1452.01   1.7886852e+14
      1452.22   1.7961806e+14
      1452.43   1.8058996e+14
      1452.64   1.8034135e+14
      1452.85   1.7995247e+14
      1453.07   1.7974741e+14
      1453.28   1.7961015e+14
      1453.49   1.7943892e+14
      1453.70   1.7926501e+14
      1453.91   1.7848636e+14
      1454.12   1.7762206e+14
      1454.33   1.7706113e+14
      1454.55   1.7680794e+14
      1454.76   1.7721040e+14
      1454.97   1.7796377e+14
      1455.18   1.7789408e+14
      1455.39   1.7777565e+14
      1455.60   1.7719621e+14
      1455.82   1.7678602e+14
      1456.03   1.7705999e+14
      1456.24   1.7796133e+14
      1456.45   1.7841431e+14
      1456.66   1.7898912e+14
      1456.88   1.7877361e+14
      1457.09   1.7856182e+14
      1457.30   1.7874982e+14
      1457.51   1.7926387e+14
      1457.73   1.7991610e+14
      1457.94   1.8052118e+14
      1458.15   1.8085537e+14
      1458.36   1.8108147e+14
      1458.58   1.8146130e+14
      1458.79   1.8156556e+14
      1459.00   1.8135495e+14
      1459.21   1.8088697e+14
      1459.43   1.8028132e+14
      1459.64   1.7994159e+14
      1459.85   1.7971449e+14
      1460.07   1.7953843e+14
      1460.28   1.7946522e+14
      1460.49   1.7942790e+14
      1460.71   1.7941515e+14
      1460.92   1.7950922e+14
      1461.13   1.7974774e+14
      1461.35   1.7952187e+14
      1461.56   1.7924867e+14
      1461.78   1.7864361e+14
      1461.99   1.7815937e+14
      1462.20   1.7767732e+14
      1462.42   1.7771766e+14
      1462.63   1.7740125e+14
      1462.84   1.7740294e+14
      1463.06   1.7722814e+14
      1463.27   1.7712665e+14
      1463.49   1.7677520e+14
      1463.70   1.7707749e+14
      1463.92   1.7715978e+14
      1464.13   1.7777345e+14
      1464.34   1.7853408e+14
      1464.56   1.7932427e+14
      1464.77   1.7943269e+14
      1464.99   1.7874007e+14
      1465.20   1.7758501e+14
      1465.42   1.7615338e+14
      1465.63   1.7568430e+14
      1465.85   1.7596256e+14
      1466.06   1.7718683e+14
      1466.28   1.7834952e+14
      1466.49   1.7961088e+14
      1466.71   1.7998375e+14
      1466.92   1.7992715e+14
      1467.14   1.7951282e+14
      1467.35   1.7856751e+14
      1467.57   1.7778765e+14
      1467.78   1.7705942e+14
      1468.00   1.7688097e+14
      1468.21   1.7709793e+14
      1468.43   1.7771788e+14
      1468.65   1.7836844e+14
      1468.86   1.7898197e+14
      1469.08   1.7934501e+14
      1469.29   1.7953650e+14
      1469.51   1.7966105e+14
      1469.72   1.7915706e+14
      1469.94   1.7827075e+14
      1470.16   1.7673611e+14
      1470.37   1.7550518e+14
      1470.59   1.7460861e+14
      1470.81   1.7462015e+14
      1471.02   1.7521907e+14
      1471.24   1.7630319e+14
      1471.45   1.7693199e+14
      1471.67   1.7688717e+14
      1471.89   1.7655627e+14
      1472.10   1.7566681e+14
      1472.32   1.7543040e+14
      1472.54   1.7502665e+14
      1472.75   1.7539729e+14
      1472.97   1.7538513e+14
      1473.19   1.7496106e+14
      1473.41   1.7377899e+14
      1473.62   1.7244591e+14
      1473.84   1.7162441e+14
      1474.06   1.7172883e+14
      1474.27   1.7301219e+14
      1474.49   1.7428102e+14
      1474.71   1.7509916e+14
      1474.93   1.7508628e+14
      1475.14   1.7414877e+14
      1475.36   1.7367178e+14
      1475.58   1.7355970e+14
      1475.80   1.7404069e+14
      1476.02   1.7472167e+14
      1476.23   1.7552592e+14
      1476.45   1.7565238e+14
      1476.67   1.7534114e+14
      1476.89   1.7471400e+14
      1477.10   1.7425372e+14
      1477.32   1.7407632e+14
      1477.54   1.7425462e+14
      1477.76   1.7421793e+14
      1477.98   1.7432603e+14
      1478.20   1.7413988e+14
      1478.42   1.7420841e+14
      1478.63   1.7444883e+14
      1478.85   1.7526485e+14
      1479.07   1.7649518e+14
      1479.29   1.7758417e+14
      1479.51   1.7803617e+14
      1479.73   1.7793407e+14
      1479.95   1.7732675e+14
      1480.17   1.7668963e+14
      1480.39   1.7581499e+14
      1480.60   1.7536674e+14
      1480.82   1.7485469e+14
      1481.04   1.7502022e+14
      1481.26   1.7503818e+14
      1481.48   1.7559263e+14
      1481.70   1.7598248e+14
      1481.92   1.7651777e+14
      1482.14   1.7649904e+14
      1482.36   1.7565900e+14
      1482.58   1.7493460e+14
      1482.80   1.7384389e+14
      1483.02   1.7310820e+14
      1483.24   1.7267050e+14
      1483.46   1.7326651e+14
      1483.68   1.7377313e+14
      1483.90   1.7499474e+14
      1484.12   1.7563628e+14
      1484.34   1.7635568e+14
      1484.56   1.7710151e+14
      1484.78   1.7761011e+14
      1485.00   1.7749425e+14
      1485.22   1.7733310e+14
      1485.44   1.7687190e+14
      1485.66   1.7642740e+14
      1485.88   1.7553848e+14
      1486.10   1.7500486e+14
      1486.33   1.7435700e+14
      1486.55   1.7431926e+14
      1486.77   1.7418410e+14
      1486.99   1.7398006e+14
      1487.21   1.7261803e+14
      1487.43   1.6868441e+14
      1487.65   1.6341927e+14
      1487.87   1.5824866e+14
      1488.09   1.5577065e+14
      1488.32   1.5660279e+14
      1488.54   1.6112714e+14
      1488.76   1.6667627e+14
      1488.98   1.7228222e+14
      1489.20   1.7561414e+14
      1489.43   1.7654070e+14
      1489.65   1.7625648e+14
      1489.87   1.7588166e+14
      1490.09   1.7543240e+14
      1490.31   1.7539656e+14
      1490.54   1.7552933e+14
      1490.76   1.7580891e+14
      1490.98   1.7577645e+14
      1491.20   1.7577288e+14
      1491.42   1.7521178e+14
      1491.65   1.7463203e+14
      1491.87   1.7437495e+14
      1492.09   1.7444241e+14
      1492.31   1.7484234e+14
      1492.54   1.7548712e+14
      1492.76   1.7599850e+14
      1492.98   1.7619654e+14
      1493.21   1.7639574e+14
      1493.43   1.7624533e+14
      1493.65   1.7621727e+14
      1493.88   1.7639002e+14
      1494.10   1.7671236e+14
      1494.32   1.7695247e+14
      1494.55   1.7697414e+14
      1494.77   1.7649851e+14
      1494.99   1.7594098e+14
      1495.21   1.7499982e+14
      1495.44   1.7350848e+14
      1495.66   1.7231263e+14
      1495.89   1.7087798e+14
      1496.11   1.7044238e+14
      1496.33   1.7050953e+14
      1496.56   1.7148931e+14
      1496.78   1.7207432e+14
      1497.01   1.7331349e+14
      1497.23   1.7341159e+14
      1497.45   1.7380088e+14
      1497.68   1.7397979e+14
      1497.90   1.7444764e+14
      1498.13   1.7457621e+14
      1498.35   1.7413828e+14
      1498.58   1.7346241e+14
      1498.80   1.7266842e+14
      1499.03   1.7258275e+14
      1499.25   1.7294646e+14
      1499.47   1.7383686e+14
      1499.70   1.7446776e+14
      1499.93   1.7506864e+14
      1500.15   1.7491388e+14
      1500.38   1.7468227e+14
      1500.60   1.7452186e+14
      1500.82   1.7437163e+14
      1501.05   1.7435811e+14
      1501.28   1.7429095e+14
      1501.50   1.7402994e+14
      1501.73   1.7366166e+14
      1501.95   1.7232286e+14
      1502.18   1.6839034e+14
      1502.40   1.6414691e+14
      1502.63   1.5985773e+14
      1502.85   1.5798454e+14
      1503.08   1.5869988e+14
      1503.31   1.6204530e+14
      1503.53   1.6506797e+14
      1503.76   1.6596803e+14
      1503.98   1.6497907e+14
      1504.21   1.6171535e+14
      1504.44   1.5897102e+14
      1504.66   1.5764953e+14
      1504.89   1.5738633e+14
      1505.12   1.5798925e+14
      1505.34   1.5970145e+14
      1505.57   1.6114984e+14
      1505.80   1.6284834e+14
      1506.02   1.6574968e+14
      1506.25   1.6776788e+14
      1506.48   1.6947898e+14
      1506.70   1.7072030e+14
      1506.93   1.7128527e+14
      1507.16   1.7197215e+14
      1507.39   1.7189780e+14
      1507.61   1.7163986e+14
      1507.84   1.7067745e+14
      1508.07   1.6921157e+14
      1508.30   1.6795616e+14
      1508.52   1.6740266e+14
      1508.75   1.6779624e+14
      1508.98   1.6909395e+14
      1509.21   1.7063281e+14
      1509.43   1.7185971e+14
      1509.66   1.7281773e+14
      1509.89   1.7298001e+14
      1510.12   1.7301011e+14
      1510.35   1.7304874e+14
      1510.57   1.7324767e+14
      1510.80   1.7339646e+14
      1511.03   1.7357635e+14
      1511.26   1.7350608e+14
      1511.49   1.7305664e+14
      1511.72   1.7210621e+14
      1511.94   1.7065639e+14
      1512.17   1.6956142e+14
      1512.40   1.6879164e+14
      1512.63   1.6896310e+14
      1512.86   1.6920606e+14
      1513.09   1.6973217e+14
      1513.32   1.6961095e+14
      1513.55   1.6948681e+14
      1513.78   1.6904792e+14
      1514.01   1.6908343e+14
      1514.23   1.6923272e+14
      1514.46   1.6981945e+14
      1514.69   1.7028400e+14
      1514.92   1.7065004e+14
      1515.15   1.7094804e+14
      1515.38   1.7107497e+14
      1515.61   1.7081801e+14
      1515.84   1.7053284e+14
      1516.07   1.6975676e+14
      1516.30   1.6928612e+14
      1516.53   1.6879062e+14
      1516.76   1.6891897e+14
      1516.99   1.6908349e+14
      1517.22   1.6995835e+14
      1517.45   1.7047100e+14
      1517.68   1.7126594e+14
      1517.91   1.7157176e+14
      1518.14   1.7152182e+14
      1518.37   1.7084304e+14
      1518.60   1.7017623e+14
      1518.83   1.6959813e+14
      1519.06   1.6948582e+14
      1519.30   1.6980034e+14
      1519.53   1.7036430e+14
      1519.76   1.7070084e+14
      1519.99   1.7104150e+14
      1520.22   1.7069303e+14
      1520.45   1.6947576e+14
      1520.68   1.6859741e+14
      1520.91   1.6762563e+14
      1521.14   1.6742092e+14
      1521.38   1.6735350e+14
      1521.61   1.6721716e+14
      1521.84   1.6690745e+14
      1522.07   1.6685959e+14
      1522.30   1.6685145e+14
      1522.53   1.6712425e+14
      1522.77   1.6805575e+14
      1523.00   1.6866241e+14
      1523.23   1.6928021e+14
      1523.46   1.6923922e+14
      1523.69   1.6929613e+14
      1523.93   1.6929675e+14
      1524.16   1.6855422e+14
      1524.39   1.6792439e+14
      1524.62   1.6695541e+14
      1524.85   1.6669411e+14
      1525.09   1.6691798e+14
      1525.32   1.6814683e+14
      1525.55   1.6928280e+14
      1525.79   1.7050810e+14
      1526.02   1.7048169e+14
      1526.25   1.7008574e+14
      1526.48   1.6957920e+14
      1526.72   1.6933670e+14
      1526.95   1.6927479e+14
      1527.18   1.6964331e+14
      1527.42   1.7002066e+14
      1527.65   1.7033758e+14
      1527.88   1.7035665e+14
      1528.12   1.7016351e+14
      1528.35   1.6990910e+14
      1528.58   1.6962499e+14
      1528.82   1.6930039e+14
      1529.05   1.6812507e+14
      1529.29   1.6618369e+14
      1529.52   1.6375022e+14
      1529.75   1.6168642e+14
      1529.99   1.6082049e+14
      1530.22   1.6149648e+14
      1530.46   1.6337572e+14
      1530.69   1.6574108e+14
      1530.93   1.6786576e+14
      1531.16   1.6894730e+14
      1531.39   1.6930420e+14
      1531.63   1.6927443e+14
      1531.86   1.6889225e+14
      1532.10   1.6839497e+14
      1532.33   1.6794866e+14
      1532.57   1.6759532e+14
      1532.80   1.6752573e+14
      1533.04   1.6756810e+14
      1533.27   1.6693313e+14
      1533.51   1.6647383e+14
      1533.74   1.6565726e+14
      1533.98   1.6498222e+14
      1534.21   1.6464427e+14
      1534.45   1.6489934e+14
      1534.68   1.6527545e+14
      1534.92   1.6611066e+14
      1535.16   1.6672660e+14
      1535.39   1.6722239e+14
      1535.63   1.6779859e+14
      1535.86   1.6797592e+14
      1536.10   1.6792890e+14
      1536.33   1.6788593e+14
      1536.57   1.6790984e+14
      1536.81   1.6811664e+14
      1537.04   1.6816793e+14
      1537.28   1.6755384e+14
      1537.52   1.6652831e+14
      1537.75   1.6534999e+14
      1537.99   1.6461374e+14
      1538.22   1.6445412e+14
      1538.46   1.6503459e+14
      1538.70   1.6579350e+14
      1538.94   1.6636052e+14
      1539.17   1.6545343e+14
      1539.41   1.6432023e+14
      1539.65   1.6281015e+14
      1539.88   1.6211642e+14
      1540.12   1.6177432e+14
      1540.36   1.6241293e+14
      1540.59   1.6302681e+14
      1540.83   1.6394164e+14
      1541.07   1.6436201e+14
      1541.31   1.6464716e+14
      1541.55   1.6520361e+14
      1541.78   1.6546491e+14
      1542.02   1.6543819e+14
      1542.26   1.6527401e+14
      1542.50   1.6522146e+14
      1542.73   1.6532905e+14
      1542.97   1.6567577e+14
      1543.21   1.6633572e+14
      1543.45   1.6682082e+14
      1543.69   1.6719894e+14
      1543.93   1.6707019e+14
      1544.16   1.6699514e+14
      1544.40   1.6693650e+14
      1544.64   1.6709643e+14
      1544.88   1.6724877e+14
      1545.12   1.6746550e+14
      1545.36   1.6750541e+14
      1545.59   1.6750723e+14
      1545.83   1.6730738e+14
      1546.07   1.6707991e+14
      1546.31   1.6685939e+14
      1546.55   1.6653500e+14
      1546.79   1.6558463e+14
      1547.03   1.6470567e+14
      1547.27   1.6321671e+14
      1547.51   1.6218779e+14
      1547.75   1.6136781e+14
      1547.99   1.6168984e+14
      1548.23   1.6227252e+14
      1548.47   1.6348181e+14
      1548.71   1.6401263e+14
      1548.95   1.6444256e+14
      1549.19   1.6435576e+14
      1549.43   1.6390124e+14
      1549.67   1.6347716e+14
      1549.91   1.6282739e+14
      1550.15   1.6270743e+14
      1550.39   1.6248645e+14
      1550.63   1.6279075e+14
      1550.87   1.6321803e+14
      1551.11   1.6413616e+14
      1551.35   1.6471946e+14
      1551.59   1.6543158e+14
      1551.83   1.6555003e+14
      1552.07   1.6554794e+14
      1552.31   1.6546876e+14
      1552.55   1.6523014e+14
      1552.80   1.6449381e+14
      1553.04   1.6352413e+14
      1553.28   1.6242457e+14
      1553.52   1.6148542e+14
      1553.76   1.6105629e+14
      1554.00   1.6064476e+14
      1554.24   1.6082318e+14
      1554.48   1.6118441e+14
      1554.73   1.6185916e+14
      1554.97   1.6194549e+14
      1555.21   1.6221102e+14
      1555.45   1.6154331e+14
      1555.69   1.6117193e+14
      1555.94   1.6056390e+14
      1556.18   1.6072667e+14
      1556.42   1.6134035e+14
      1556.66   1.6261952e+14
      1556.91   1.6349413e+14
      1557.15   1.6415175e+14
      1557.39   1.6399600e+14
      1557.63   1.6374091e+14
      1557.88   1.6316494e+14
      1558.12   1.6294741e+14
      1558.36   1.6279481e+14
      1558.60   1.6296899e+14
      1558.85   1.6267018e+14
      1559.09   1.6240284e+14
      1559.33   1.6181122e+14
      1559.58   1.6158138e+14
      1559.82   1.6166435e+14
      1560.06   1.6225559e+14
      1560.31   1.6318798e+14
      1560.55   1.6416968e+14
      1560.79   1.6475700e+14
      1561.04   1.6486258e+14
      1561.28   1.6490707e+14
      1561.52   1.6485456e+14
      1561.77   1.6443830e+14
      1562.01   1.6403849e+14
      1562.26   1.6352418e+14
      1562.50   1.6342453e+14
      1562.74   1.6322672e+14
      1562.99   1.6264291e+14
      1563.23   1.6210704e+14
      1563.48   1.6142328e+14
      1563.72   1.6128563e+14
      1563.97   1.6144857e+14
      1564.21   1.6248487e+14
      1564.46   1.6301299e+14
      1564.70   1.6386456e+14
      1564.94   1.6356925e+14
      1565.19   1.6341513e+14
      1565.44   1.6254916e+14
      1565.68   1.6204453e+14
      1565.93   1.6117346e+14
      1566.17   1.6079796e+14
      1566.42   1.6050608e+14
      1566.66   1.6067036e+14
      1566.91   1.6115798e+14
      1567.15   1.6175500e+14
      1567.40   1.6178825e+14
      1567.64   1.6110900e+14
      1567.89   1.6021501e+14
      1568.14   1.5940971e+14
      1568.38   1.5922871e+14
      1568.63   1.5970441e+14
      1568.87   1.6000551e+14
      1569.12   1.6032082e+14
      1569.37   1.6021781e+14
      1569.61   1.6002367e+14
      1569.86   1.6004749e+14
      1570.10   1.6065015e+14
      1570.35   1.6166008e+14
      1570.60   1.6266610e+14
      1570.84   1.6334304e+14
      1571.09   1.6345934e+14
      1571.34   1.6348802e+14
      1571.59   1.6356561e+14
      1571.83   1.6352032e+14
      1572.08   1.6297326e+14
      1572.33   1.6247134e+14
      1572.57   1.6183187e+14
      1572.82   1.6163020e+14
      1573.07   1.6174304e+14
      1573.32   1.6230158e+14
      1573.56   1.6241913e+14
      1573.81   1.6098775e+14
      1574.06   1.5941038e+14
      1574.31   1.5686906e+14
      1574.56   1.5420753e+14
      1574.80   1.5261523e+14
      1575.05   1.5225659e+14
      1575.30   1.5318511e+14
      1575.55   1.5495085e+14
      1575.80   1.5684814e+14
      1576.04   1.5715839e+14
      1576.29   1.5611439e+14
      1576.54   1.5254882e+14
      1576.79   1.4861576e+14
      1577.04   1.4621662e+14
      1577.29   1.4635023e+14
      1577.54   1.4878015e+14
      1577.79   1.5211671e+14
      1578.03   1.5596729e+14
      1578.28   1.5809814e+14
      1578.53   1.5890992e+14
      1578.78   1.5938063e+14
      1579.03   1.5988409e+14
      1579.28   1.6020299e+14
      1579.53   1.6076600e+14
      1579.78   1.6084161e+14
      1580.03   1.6109584e+14
      1580.28   1.6142465e+14
      1580.53   1.6173871e+14
      1580.78   1.6150449e+14
      1581.03   1.6157255e+14
      1581.28   1.6064127e+14
      1581.53   1.5908541e+14
      1581.78   1.5712740e+14
      1582.03   1.5534557e+14
      1582.28   1.5461844e+14
      1582.53   1.5465515e+14
      1582.78   1.5590313e+14
      1583.03   1.5705507e+14
      1583.28   1.5777030e+14
      1583.53   1.5744902e+14
      1583.78   1.5707122e+14
      1584.03   1.5678221e+14
      1584.28   1.5714035e+14
      1584.54   1.5838168e+14
      1584.79   1.5972392e+14
      1585.04   1.6015020e+14
      1585.29   1.5984233e+14
      1585.54   1.5934892e+14
      1585.79   1.5905266e+14
      1586.04   1.5866611e+14
      1586.29   1.5870668e+14
      1586.55   1.5828316e+14
      1586.80   1.5776308e+14
      1587.05   1.5667294e+14
      1587.30   1.5615109e+14
      1587.55   1.5518916e+14
      1587.81   1.5468999e+14
      1588.06   1.5345766e+14
      1588.31   1.5203504e+14
      1588.56   1.4848282e+14
      1588.81   1.4569126e+14
      1589.07   1.4360146e+14
      1589.32   1.4377152e+14
      1589.57   1.4447612e+14
      1589.82   1.4666972e+14
      1590.08   1.4859181e+14
      1590.33   1.4967302e+14
      1590.58   1.4949514e+14
      1590.84   1.4943437e+14
      1591.09   1.5021300e+14
      1591.34   1.5161885e+14
      1591.60   1.5351021e+14
      1591.85   1.5538532e+14
      1592.10   1.5712437e+14
      1592.36   1.5849535e+14
      1592.61   1.5934226e+14
      1592.86   1.5967100e+14
      1593.12   1.5973803e+14
      1593.37   1.5972462e+14
      1593.62   1.5969115e+14
      1593.88   1.5968386e+14
      1594.13   1.5995662e+14
      1594.39   1.6037768e+14
      1594.64   1.6074802e+14
      1594.90   1.6066512e+14
      1595.15   1.5984792e+14
      1595.41   1.5859685e+14
      1595.66   1.5629361e+14
      1595.91   1.5421063e+14
      1596.17   1.5234215e+14
      1596.42   1.5221310e+14
      1596.68   1.5283658e+14
      1596.93   1.5498624e+14
      1597.19   1.5710988e+14
      1597.44   1.5924930e+14
      1597.70   1.6018150e+14
      1597.95   1.6061364e+14
      1598.21   1.6041738e+14
      1598.46   1.5939772e+14
      1598.72   1.5828367e+14
      1598.98   1.5732877e+14
      1599.23   1.5712433e+14
      1599.49   1.5716584e+14
      1599.74   1.5778195e+14
      1600.00   1.5789163e+14
      1600.26   1.5746055e+14
      1600.51   1.5611399e+14
      1600.77   1.5505804e+14
      1601.03   1.5414281e+14
      1601.28   1.5412224e+14
      1601.54   1.5459436e+14
      1601.79   1.5540326e+14
      1602.05   1.5577070e+14
      1602.31   1.5611562e+14
      1602.56   1.5612718e+14
      1602.82   1.5620635e+14
      1603.08   1.5636895e+14
      1603.33   1.5683134e+14
      1603.59   1.5690275e+14
      1603.85   1.5669075e+14
      1604.11   1.5619047e+14
      1604.36   1.5567885e+14
      1604.62   1.5512551e+14
      1604.88   1.5501859e+14
      1605.14   1.5543506e+14
      1605.39   1.5610105e+14
      1605.65   1.5601471e+14
      1605.91   1.5525927e+14
      1606.17   1.5410536e+14
      1606.43   1.5344265e+14
      1606.68   1.5315592e+14
      1606.94   1.5379163e+14
      1607.20   1.5485597e+14
      1607.46   1.5609138e+14
      1607.72   1.5666875e+14
      1607.98   1.5682085e+14
      1608.23   1.5669650e+14
      1608.49   1.5655932e+14
      1608.75   1.5634682e+14
      1609.01   1.5518375e+14
      1609.27   1.5305078e+14
      1609.53   1.5062614e+14
      1609.79   1.4862424e+14
      1610.05   1.4730024e+14
      1610.31   1.4715294e+14
      1610.56   1.4837984e+14
      1610.82   1.5009028e+14
      1611.08   1.5135381e+14
      1611.34   1.5177561e+14
      1611.60   1.5194555e+14
      1611.86   1.5194616e+14
      1612.12   1.5218119e+14
      1612.38   1.5258873e+14
      1612.64   1.5335235e+14
      1612.90   1.5415312e+14
      1613.16   1.5462389e+14
      1613.42   1.5437589e+14
      1613.68   1.5399685e+14
      1613.94   1.5381557e+14
      1614.20   1.5394868e+14
      1614.47   1.5417290e+14
      1614.73   1.5404980e+14
      1614.99   1.5329656e+14
      1615.25   1.5162780e+14
      1615.51   1.4962837e+14
      1615.77   1.4811002e+14
      1616.03   1.4732638e+14
      1616.29   1.4723460e+14
      1616.55   1.4777534e+14
      1616.81   1.4887113e+14
      1617.08   1.5001766e+14
      1617.34   1.5134730e+14
      1617.60   1.5258729e+14
      1617.86   1.5367744e+14
      1618.12   1.5411338e+14
      1618.39   1.5404018e+14
      1618.65   1.5373173e+14
      1618.91   1.5356977e+14
      1619.17   1.5362150e+14
      1619.43   1.5270792e+14
      1619.70   1.5104625e+14
      1619.96   1.4889055e+14
      1620.22   1.4748309e+14
      1620.48   1.4641680e+14
      1620.74   1.4697807e+14
      1621.01   1.4822382e+14
      1621.27   1.4976454e+14
      1621.53   1.5039367e+14
      1621.80   1.5101489e+14
      1622.06   1.5137910e+14
      1622.32   1.5187845e+14
      1622.59   1.5259506e+14
      1622.85   1.5360619e+14
      1623.11   1.5435957e+14
      1623.38   1.5473674e+14
      1623.64   1.5494051e+14
      1623.90   1.5463762e+14
      1624.17   1.5387350e+14
      1624.43   1.5299005e+14
      1624.69   1.5242555e+14
      1624.96   1.5212405e+14
      1625.22   1.5236395e+14
      1625.49   1.5285860e+14
      1625.75   1.5313408e+14
      1626.02   1.5314021e+14
      1626.28   1.5316808e+14
      1626.55   1.5335783e+14
      1626.81   1.5354592e+14
      1627.07   1.5394610e+14
      1627.34   1.5437564e+14
      1627.60   1.5464074e+14
      1627.87   1.5468374e+14
      1628.13   1.5470323e+14
      1628.40   1.5475738e+14
      1628.67   1.5470143e+14
      1628.93   1.5422349e+14
      1629.19   1.5349936e+14
      1629.46   1.5273541e+14
      1629.73   1.5219536e+14
      1629.99   1.5186723e+14
      1630.26   1.5212369e+14
      1630.52   1.5265984e+14
      1630.79   1.5294818e+14
      1631.06   1.5288857e+14
      1631.32   1.5277739e+14
      1631.59   1.5278360e+14
      1631.85   1.5272013e+14
      1632.12   1.5252748e+14
      1632.39   1.5228950e+14
      1632.65   1.5196744e+14
      1632.92   1.5104637e+14
      1633.19   1.4976928e+14
      1633.45   1.4898720e+14
      1633.72   1.4901865e+14
      1633.99   1.4931194e+14
      1634.25   1.4990761e+14
      1634.52   1.5085813e+14
      1634.79   1.5171943e+14
      1635.06   1.5195908e+14
      1635.32   1.5190884e+14
      1635.59   1.5181808e+14
      1635.86   1.5141786e+14
      1636.13   1.5005368e+14
      1636.39   1.4834974e+14
      1636.66   1.4703902e+14
      1636.93   1.4656991e+14
      1637.20   1.4633255e+14
      1637.46   1.4666324e+14
      1637.73   1.4604333e+14
      1638.00   1.4454151e+14
      1638.27   1.4254139e+14
      1638.54   1.4168527e+14
      1638.81   1.4134969e+14
      1639.08   1.4222938e+14
      1639.34   1.4350606e+14
      1639.61   1.4453664e+14
      1639.88   1.4443448e+14
      1640.15   1.4420285e+14
      1640.42   1.4387919e+14
      1640.69   1.4362538e+14
      1640.96   1.4325509e+14
      1641.23   1.4300679e+14
      1641.50   1.4287209e+14
      1641.77   1.4317700e+14
      1642.04   1.4377184e+14
      1642.31   1.4457440e+14
      1642.58   1.4539988e+14
      1642.84   1.4619741e+14
      1643.11   1.4647079e+14
      1643.39   1.4608912e+14
      1643.66   1.4561395e+14
      1643.93   1.4538929e+14
      1644.20   1.4485962e+14
      1644.47   1.4438177e+14
      1644.74   1.4456540e+14
      1645.01   1.4523435e+14
      1645.28   1.4560820e+14
      1645.55   1.4613219e+14
      1645.82   1.4692189e+14
      1646.09   1.4745671e+14
      1646.36   1.4755012e+14
      1646.63   1.4754237e+14
      1646.90   1.4770799e+14
      1647.18   1.4778318e+14
      1647.45   1.4783703e+14
      1647.72   1.4782928e+14
      1647.99   1.4784544e+14
      1648.26   1.4712247e+14
      1648.53   1.4614421e+14
      1648.81   1.4550210e+14
      1649.08   1.4547211e+14
      1649.35   1.4553902e+14
      1649.62   1.4628048e+14
      1649.89   1.4731391e+14
      1650.17   1.4738849e+14
      1650.44   1.4655808e+14
      1650.71   1.4586529e+14
      1650.98   1.4565920e+14
      1651.26   1.4549905e+14
      1651.53   1.4611390e+14
      1651.80   1.4709442e+14
      1652.07   1.4744580e+14
      1652.35   1.4712587e+14
      1652.62   1.4691413e+14
      1652.89   1.4694784e+14
      1653.17   1.4685374e+14
      1653.44   1.4714927e+14
      1653.71   1.4747383e+14
      1653.99   1.4741435e+14
      1654.26   1.4690535e+14
      1654.53   1.4652466e+14
      1654.81   1.4637884e+14
      1655.08   1.4651837e+14
      1655.36   1.4690938e+14
      1655.63   1.4731119e+14
      1655.90   1.4761293e+14
      1656.18   1.4781584e+14
      1656.45   1.4787264e+14
      1656.73   1.4775350e+14
      1657.00   1.4768609e+14
      1657.28   1.4772641e+14
      1657.55   1.4776303e+14
      1657.82   1.4772396e+14
      1658.10   1.4763250e+14
      1658.38   1.4732773e+14
      1658.65   1.4683100e+14
      1658.93   1.4636944e+14
      1659.20   1.4618867e+14
      1659.48   1.4630467e+14
      1659.75   1.4674205e+14
      1660.03   1.4735839e+14
      1660.30   1.4787756e+14
      1660.58   1.4817329e+14
      1660.85   1.4832569e+14
      1661.13   1.4832140e+14
      1661.41   1.4818369e+14
      1661.68   1.4790308e+14
      1661.96   1.4755028e+14
      1662.23   1.4719420e+14
      1662.51   1.4691707e+14
      1662.79   1.4658930e+14
      1663.06   1.4636321e+14
      1663.34   1.4629408e+14
      1663.62   1.4632489e+14
      1663.89   1.4624486e+14
      1664.17   1.4610032e+14
      1664.45   1.4598038e+14
      1664.72   1.4577174e+14
      1665.00   1.4537884e+14
      1665.28   1.4488190e+14
      1665.56   1.4457671e+14
      1665.83   1.4449586e+14
      1666.11   1.4450045e+14
      1666.39   1.4463511e+14
      1666.67   1.4486114e+14
      1666.94   1.4490827e+14
      1667.22   1.4464844e+14
      1667.50   1.4408963e+14
      1667.78   1.4304503e+14
      1668.06   1.4200582e+14
      1668.33   1.4169562e+14
      1668.61   1.4208326e+14
      1668.89   1.4280080e+14
      1669.17   1.4396902e+14
      1669.45   1.4517207e+14
      1669.73   1.4578263e+14
      1670.01   1.4573034e+14
      1670.29   1.4551140e+14
      1670.56   1.4527266e+14
      1670.84   1.4502113e+14
      1671.12   1.4441825e+14
      1671.40   1.4299100e+14
      1671.68   1.4128448e+14
      1671.96   1.3984455e+14
      1672.24   1.3900711e+14
      1672.52   1.3886675e+14
      1672.80   1.3992701e+14
      1673.08   1.4146499e+14
      1673.36   1.4262381e+14
      1673.64   1.4310296e+14
      1673.92   1.4327054e+14
      1674.20   1.4322401e+14
      1674.48   1.4286990e+14
      1674.76   1.4180949e+14
      1675.04   1.4055148e+14
      1675.32   1.3973506e+14
      1675.60   1.3945499e+14
      1675.88   1.3906886e+14
      1676.17   1.3937810e+14
      1676.45   1.4021908e+14
      1676.73   1.4098187e+14
      1677.01   1.4111476e+14
      1677.29   1.4142991e+14
      1677.57   1.4167824e+14
      1677.85   1.4152025e+14
      1678.13   1.4096558e+14
      1678.42   1.4041699e+14
      1678.70   1.3990896e+14
      1678.98   1.3941163e+14
      1679.26   1.3884423e+14
      1679.54   1.3781195e+14
      1679.82   1.3635611e+14
      1680.11   1.3475845e+14
      1680.39   1.3311387e+14
      1680.67   1.3162290e+14
      1680.95   1.3097876e+14
      1681.24   1.3116147e+14
      1681.52   1.3171537e+14
      1681.80   1.3276013e+14
      1682.09   1.3429425e+14
      1682.37   1.3558303e+14
      1682.65   1.3652743e+14
      1682.94   1.3747749e+14
      1683.22   1.3839582e+14
      1683.50   1.3900414e+14
      1683.78   1.3955667e+14
      1684.07   1.4012056e+14
      1684.35   1.4059062e+14
      1684.64   1.4091169e+14
      1684.92   1.4109318e+14
      1685.20   1.4091370e+14
      1685.49   1.4051501e+14
      1685.77   1.4024572e+14
      1686.06   1.4023601e+14
      1686.34   1.4019410e+14
      1686.62   1.4030161e+14
      1686.91   1.4037695e+14
      1687.19   1.4035368e+14
      1687.48   1.4023119e+14
      1687.76   1.4043542e+14
      1688.05   1.4077112e+14
      1688.33   1.4103597e+14
      1688.62   1.4051643e+14
      1688.90   1.3952112e+14
      1689.19   1.3864879e+14
      1689.47   1.3846938e+14
      1689.76   1.3863230e+14
      1690.05   1.3946642e+14
      1690.33   1.4056562e+14
      1690.62   1.4131549e+14
      1690.90   1.4138576e+14
      1691.19   1.4133929e+14
      1691.47   1.4140309e+14
      1691.76   1.4154237e+14
      1692.05   1.4163458e+14
      1692.33   1.4162617e+14
      1692.62   1.4154483e+14
      1692.91   1.4141061e+14
      1693.19   1.4125503e+14
      1693.48   1.4109368e+14
      1693.77   1.4100003e+14
      1694.05   1.4101027e+14
      1694.34   1.4102824e+14
      1694.63   1.4099522e+14
      1694.92   1.4097317e+14
      1695.20   1.4097545e+14
      1695.49   1.4088557e+14
      1695.78   1.4073759e+14
      1696.06   1.4052878e+14
      1696.35   1.4034067e+14
      1696.64   1.4014472e+14
      1696.93   1.4006947e+14
      1697.22   1.4002663e+14
      1697.51   1.4008777e+14
      1697.79   1.4014760e+14
      1698.08   1.4025142e+14
      1698.37   1.4024151e+14
      1698.66   1.4012227e+14
      1698.95   1.3987887e+14
      1699.23   1.3946067e+14
      1699.52   1.3896154e+14
      1699.81   1.3847325e+14
      1700.10   1.3816990e+14
      1700.39   1.3794931e+14
      1700.68   1.3777395e+14
      1700.97   1.3758630e+14
      1701.26   1.3765365e+14
      1701.55   1.3785052e+14
      1701.84   1.3770553e+14
      1702.13   1.3739465e+14
      1702.42   1.3713542e+14
      1702.71   1.3685287e+14
      1703.00   1.3640366e+14
      1703.29   1.3646507e+14
      1703.58   1.3704585e+14
      1703.87   1.3775054e+14
      1704.16   1.3821422e+14
      1704.45   1.3859507e+14
      1704.74   1.3880990e+14
      1705.03   1.3864801e+14
      1705.32   1.3822896e+14
      1705.61   1.3789928e+14
      1705.90   1.3772469e+14
      1706.19   1.3742800e+14
      1706.48   1.3718516e+14
      1706.78   1.3702658e+14
      1707.07   1.3640167e+14
      1707.36   1.3526935e+14
      1707.65   1.3452249e+14
      1707.94   1.3456356e+14
      1708.23   1.3473591e+14
      1708.53   1.3503374e+14
      1708.82   1.3560532e+14
      1709.11   1.3614448e+14
      1709.40   1.3633672e+14
      1709.69   1.3653545e+14
      1709.99   1.3685455e+14
      1710.28   1.3650185e+14
      1710.57   1.3447561e+14
      1710.86   1.3181309e+14
      1711.16   1.3019169e+14
      1711.45   1.3002453e+14
      1711.74   1.3080844e+14
      1712.04   1.3299437e+14
      1712.33   1.3561400e+14
      1712.62   1.3720146e+14
      1712.92   1.3749251e+14
      1713.21   1.3754067e+14
      1713.50   1.3760312e+14
      1713.80   1.3765198e+14
      1714.09   1.3765062e+14
      1714.38   1.3766948e+14
      1714.68   1.3768900e+14
      1714.97   1.3765505e+14
      1715.27   1.3752646e+14
      1715.56   1.3718657e+14
      1715.85   1.3669446e+14
      1716.15   1.3633344e+14
      1716.44   1.3626003e+14
      1716.74   1.3629179e+14
      1717.03   1.3621513e+14
      1717.33   1.3611558e+14
      1717.62   1.3605323e+14
      1717.92   1.3601434e+14
      1718.21   1.3597937e+14
      1718.51   1.3617774e+14
      1718.80   1.3627493e+14
      1719.10   1.3606600e+14
      1719.39   1.3573866e+14
      1719.69   1.3556351e+14
      1719.99   1.3514169e+14
      1720.28   1.3461757e+14
      1720.58   1.3433936e+14
      1720.87   1.3427321e+14
      1721.17   1.3419195e+14
      1721.47   1.3450050e+14
      1721.76   1.3516747e+14
      1722.06   1.3504907e+14
      1722.36   1.3394001e+14
      1722.65   1.3248247e+14
      1722.95   1.3114890e+14
      1723.25   1.3013286e+14
      1723.54   1.3042521e+14
      1723.84   1.3166979e+14
      1724.14   1.3304876e+14
      1724.44   1.3398323e+14
      1724.73   1.3445526e+14
      1725.03   1.3435131e+14
      1725.33   1.3416701e+14
      1725.62   1.3402977e+14
      1725.92   1.3412463e+14
      1726.22   1.3444310e+14
      1726.52   1.3484801e+14
      1726.82   1.3495711e+14
      1727.12   1.3467971e+14
      1727.41   1.3405434e+14
      1727.71   1.3342677e+14
      1728.01   1.3305620e+14
      1728.31   1.3293737e+14
      1728.61   1.3322330e+14
      1728.91   1.3390244e+14
      1729.21   1.3458285e+14
      1729.51   1.3483858e+14
      1729.81   1.3489186e+14
      1730.10   1.3483863e+14
      1730.40   1.3465385e+14
      1730.70   1.3439108e+14
      1731.00   1.3421590e+14
      1731.30   1.3391305e+14
      1731.60   1.3350210e+14
      1731.90   1.3281878e+14
      1732.20   1.3122443e+14
      1732.50   1.2898110e+14
      1732.80   1.2737565e+14
      1733.10   1.2676939e+14
      1733.40   1.2635710e+14
      1733.70   1.2656261e+14
      1734.00   1.2753219e+14
      1734.31   1.2834771e+14
      1734.61   1.2818552e+14
      1734.91   1.2773901e+14
      1735.21   1.2715534e+14
      1735.51   1.2614634e+14
      1735.81   1.2455462e+14
      1736.11   1.2299201e+14
      1736.41   1.2213893e+14
      1736.71   1.2217418e+14
      1737.02   1.2284794e+14
      1737.32   1.2407393e+14
      1737.62   1.2569336e+14
      1737.92   1.2722383e+14
      1738.22   1.2833239e+14
      1738.53   1.2907683e+14
      1738.83   1.2956545e+14
      1739.13   1.2988927e+14
      1739.43   1.3017922e+14
      1739.74   1.3053032e+14
      1740.04   1.3080631e+14
      1740.34   1.3050543e+14
      1740.64   1.2985355e+14
      1740.95   1.2946351e+14
      1741.25   1.2947428e+14
      1741.55   1.2954620e+14
      1741.86   1.3009208e+14
      1742.16   1.3086399e+14
      1742.46   1.3119255e+14
      1742.77   1.3108965e+14
      1743.07   1.3114829e+14
      1743.38   1.3135585e+14
      1743.68   1.3160730e+14
      1743.98   1.3187006e+14
      1744.29   1.3176780e+14
      1744.59   1.3103655e+14
      1744.90   1.3014034e+14
      1745.20   1.2944309e+14
      1745.51   1.2896307e+14
      1745.81   1.2889204e+14
      1746.11   1.2900326e+14
      1746.42   1.2860880e+14
      1746.72   1.2815497e+14
      1747.03   1.2813633e+14
      1747.33   1.2828143e+14
      1747.64   1.2879420e+14
      1747.95   1.3002163e+14
      1748.25   1.3109633e+14
      1748.56   1.3124864e+14
      1748.86   1.3088337e+14
      1749.17   1.3051862e+14
      1749.47   1.3007311e+14
      1749.78   1.2944013e+14
      1750.09   1.2884703e+14
      1750.39   1.2849104e+14
      1750.70   1.2838766e+14
      1751.01   1.2857584e+14
      1751.31   1.2875264e+14
      1751.62   1.2888887e+14
      1751.93   1.2910723e+14
      1752.23   1.2927025e+14
      1752.54   1.2919632e+14
      1752.85   1.2942816e+14
      1753.16   1.2998935e+14
      1753.46   1.3034628e+14
      1753.77   1.3037338e+14
      1754.08   1.3020465e+14
      1754.39   1.2976597e+14
      1754.69   1.2933517e+14
      1755.00   1.2917629e+14
      1755.31   1.2915298e+14
      1755.62   1.2931417e+14
      1755.93   1.2974295e+14
      1756.23   1.3010839e+14
      1756.54   1.3028253e+14
      1756.85   1.3033101e+14
      1757.16   1.3009767e+14
      1757.47   1.2969562e+14
      1757.78   1.2948356e+14
      1758.09   1.2941875e+14
      1758.40   1.2928960e+14
      1758.71   1.2931319e+14
      1759.02   1.2944457e+14
      1759.32   1.2940981e+14
      1759.63   1.2921493e+14
      1759.94   1.2894891e+14
      1760.25   1.2856407e+14
      1760.56   1.2820929e+14
      1760.87   1.2791410e+14
      1761.18   1.2715728e+14
      1761.49   1.2616273e+14
      1761.80   1.2547108e+14
      1762.11   1.2509335e+14
      1762.43   1.2496580e+14
      1762.74   1.2562512e+14
      1763.05   1.2663121e+14
      1763.36   1.2710292e+14
      1763.67   1.2695282e+14
      1763.98   1.2675101e+14
      1764.29   1.2663909e+14
      1764.60   1.2663802e+14
      1764.91   1.2700538e+14
      1765.22   1.2762618e+14
      1765.54   1.2795748e+14
      1765.85   1.2782416e+14
      1766.16   1.2761605e+14
      1766.47   1.2743957e+14
      1766.78   1.2707863e+14
      1767.10   1.2663352e+14
      1767.41   1.2641031e+14
      1767.72   1.2636274e+14
      1768.03   1.2629703e+14
      1768.35   1.2643939e+14
      1768.66   1.2672786e+14
      1768.97   1.2676657e+14
      1769.28   1.2641450e+14
      1769.60   1.2599628e+14
      1769.91   1.2564058e+14
      1770.22   1.2531383e+14
      1770.54   1.2513048e+14
      1770.85   1.2526273e+14
      1771.17   1.2551431e+14
      1771.48   1.2573365e+14
      1771.79   1.2596385e+14
      1772.11   1.2619075e+14
      1772.42   1.2632661e+14
      1772.73   1.2639703e+14
      1773.05   1.2638517e+14
      1773.36   1.2631922e+14
      1773.68   1.2623373e+14
      1773.99   1.2605559e+14
      1774.31   1.2575318e+14
      1774.62   1.2544592e+14
      1774.94   1.2510612e+14
      1775.25   1.2474207e+14
      1775.57   1.2448890e+14
      1775.88   1.2425667e+14
      1776.20   1.2397354e+14
      1776.52   1.2349286e+14
      1776.83   1.2272505e+14
      1777.15   1.2209778e+14
      1777.46   1.2209492e+14
      1777.78   1.2245688e+14
      1778.09   1.2304718e+14
      1778.41   1.2365802e+14
      1778.73   1.2385727e+14
      1779.04   1.2362648e+14
      1779.36   1.2340770e+14
      1779.68   1.2336377e+14
      1779.99   1.2363501e+14
      1780.31   1.2412403e+14
      1780.63   1.2449246e+14
      1780.94   1.2442086e+14
      1781.26   1.2401884e+14
      1781.58   1.2365464e+14
      1781.90   1.2336843e+14
      1782.21   1.2298163e+14
      1782.53   1.2278807e+14
      1782.85   1.2296325e+14
      1783.17   1.2306922e+14
      1783.48   1.2294899e+14
      1783.80   1.2292656e+14
      1784.12   1.2281370e+14
      1784.44   1.2239227e+14
      1784.76   1.2206239e+14
      1785.08   1.2209807e+14
      1785.40   1.2228880e+14
      1785.71   1.2267067e+14
      1786.03   1.2323096e+14
      1786.35   1.2371456e+14
      1786.67   1.2399959e+14
      1786.99   1.2416087e+14
      1787.31   1.2418189e+14
      1787.63   1.2412123e+14
      1787.95   1.2403802e+14
      1788.27   1.2393578e+14
      1788.59   1.2375242e+14
      1788.91   1.2348788e+14
      1789.23   1.2326347e+14
      1789.55   1.2316441e+14
      1789.87   1.2311846e+14
      1790.19   1.2312712e+14
      1790.51   1.2319436e+14
      1790.83   1.2320097e+14
      1791.15   1.2304452e+14
      1791.47   1.2284026e+14
      1791.79   1.2268912e+14
      1792.11   1.2256117e+14
      1792.44   1.2243451e+14
      1792.76   1.2239112e+14
      1793.08   1.2239692e+14
      1793.40   1.2226196e+14
      1793.72   1.2203000e+14
      1794.04   1.2195237e+14
      1794.37   1.2200113e+14
      1794.69   1.2208408e+14
      1795.01   1.2230179e+14
      1795.33   1.2257181e+14
      1795.66   1.2258895e+14
      1795.98   1.2238644e+14
      1796.30   1.2218257e+14
      1796.62   1.2198194e+14
      1796.94   1.2182444e+14
      1797.27   1.2185236e+14
      1797.59   1.2202133e+14
      1797.91   1.2219034e+14
      1798.24   1.2238485e+14
      1798.56   1.2259987e+14
      1798.89   1.2275682e+14
      1799.21   1.2279998e+14
      1799.53   1.2270203e+14
      1799.86   1.2236543e+14
      1800.18   1.2180657e+14
      1800.50   1.2135240e+14
      1800.83   1.2118545e+14
      1801.15   1.2089502e+14
      1801.48   1.2039646e+14
      1801.80   1.2004469e+14
      1802.13   1.1973118e+14
      1802.45   1.1930419e+14
      1802.78   1.1927886e+14
      1803.10   1.1982497e+14
      1803.43   1.2046685e+14
      1803.75   1.2100100e+14
      1804.08   1.2146114e+14
      1804.40   1.2167749e+14
      1804.73   1.2165804e+14
      1805.05   1.2157891e+14
      1805.38   1.2147503e+14
      1805.71   1.2121345e+14
      1806.03   1.2087040e+14
      1806.36   1.2070753e+14
      1806.69   1.2065076e+14
      1807.01   1.2053172e+14
      1807.34   1.2052237e+14
      1807.67   1.2065296e+14
      1807.99   1.2073727e+14
      1808.32   1.2082867e+14
      1808.64   1.2094011e+14
      1808.97   1.2095162e+14
      1809.30   1.2093049e+14
      1809.63   1.2091691e+14
      1809.95   1.2088061e+14
      1810.28   1.2086630e+14
      1810.61   1.2083476e+14
      1810.94   1.2070486e+14
      1811.27   1.2044122e+14
      1811.59   1.2013508e+14
      1811.92   1.1993751e+14
      1812.25   1.1986744e+14
      1812.58   1.1987068e+14
      1812.91   1.1993371e+14
      1813.24   1.1994473e+14
      1813.57   1.1967520e+14
      1813.89   1.1917475e+14
      1814.22   1.1872000e+14
      1814.55   1.1830578e+14
      1814.88   1.1783631e+14
      1815.21   1.1740226e+14
      1815.54   1.1696297e+14
      1815.87   1.1627118e+14
      1816.20   1.1525802e+14
      1816.53   1.1387829e+14
      1816.86   1.1198651e+14
      1817.19   1.0985815e+14
      1817.52   1.0820054e+14
      1817.85   1.0748259e+14
      1818.18   1.0778923e+14
      1818.51   1.0905795e+14
      1818.84   1.1095008e+14
      1819.17   1.1282561e+14
      1819.51   1.1422609e+14
      1819.84   1.1511182e+14
      1820.17   1.1572276e+14
      1820.50   1.1621338e+14
      1820.83   1.1629001e+14
      1821.16   1.1598813e+14
      1821.49   1.1568275e+14
      1821.83   1.1518041e+14
      1822.16   1.1460288e+14
      1822.49   1.1465719e+14
      1822.82   1.1525779e+14
      1823.15   1.1595377e+14
      1823.49   1.1689059e+14
      1823.82   1.1781564e+14
      1824.15   1.1820759e+14
      1824.48   1.1822162e+14
      1824.82   1.1810896e+14
      1825.15   1.1799602e+14
      1825.48   1.1797230e+14
      1825.82   1.1800916e+14
      1826.15   1.1811773e+14
      1826.48   1.1826468e+14
      1826.82   1.1829046e+14
      1827.15   1.1822215e+14
      1827.48   1.1814898e+14
      1827.82   1.1767511e+14
      1828.15   1.1681926e+14
      1828.49   1.1633255e+14
      1828.82   1.1630229e+14
      1829.16   1.1634875e+14
      1829.49   1.1667967e+14
      1829.83   1.1732103e+14
      1830.16   1.1769055e+14
      1830.50   1.1771975e+14
      1830.83   1.1774898e+14
      1831.17   1.1782846e+14
      1831.50   1.1765602e+14
      1831.84   1.1709060e+14
      1832.17   1.1636801e+14
      1832.51   1.1567037e+14
      1832.84   1.1528672e+14
      1833.18   1.1547275e+14
      1833.52   1.1601917e+14
      1833.85   1.1655387e+14
      1834.19   1.1694619e+14
      1834.53   1.1699423e+14
      1834.86   1.1674177e+14
      1835.20   1.1648584e+14
      1835.54   1.1633567e+14
      1835.87   1.1632457e+14
      1836.21   1.1645745e+14
      1836.55   1.1657921e+14
      1836.89   1.1627653e+14
      1837.22   1.1556451e+14
      1837.56   1.1509719e+14
      1837.90   1.1494519e+14
      1838.23   1.1487998e+14
      1838.57   1.1513459e+14
      1838.91   1.1561325e+14
      1839.25   1.1566506e+14
      1839.59   1.1536743e+14
      1839.93   1.1523007e+14
      1840.27   1.1533365e+14
      1840.60   1.1555143e+14
      1840.94   1.1577909e+14
      1841.28   1.1573346e+14
      1841.62   1.1491422e+14
      1841.96   1.1362435e+14
      1842.30   1.1271193e+14
      1842.64   1.1229639e+14
      1842.98   1.1231757e+14
      1843.32   1.1290267e+14
      1843.66   1.1367592e+14
      1844.00   1.1410144e+14
      1844.34   1.1431869e+14
      1844.68   1.1445458e+14
      1845.02   1.1453842e+14
      1845.36   1.1472188e+14
      1845.70   1.1484160e+14
      1846.04   1.1406295e+14
      1846.38   1.1236791e+14
      1846.72   1.1095245e+14
      1847.06   1.1004517e+14
      1847.40   1.0970415e+14
      1847.75   1.1040371e+14
      1848.09   1.1192013e+14
      1848.43   1.1314461e+14
      1848.77   1.1395170e+14
      1849.11   1.1446978e+14
      1849.45   1.1472345e+14
      1849.80   1.1491818e+14
      1850.14   1.1512488e+14
      1850.48   1.1529360e+14
      1850.82   1.1536314e+14
      1851.17   1.1530365e+14
      1851.51   1.1510672e+14
      1851.85   1.1471084e+14
      1852.19   1.1412293e+14
      1852.54   1.1357212e+14
      1852.88   1.1325394e+14
      1853.22   1.1323770e+14
      1853.57   1.1353976e+14
      1853.91   1.1407786e+14
      1854.26   1.1451946e+14
      1854.60   1.1453306e+14
      1854.94   1.1385287e+14
      1855.29   1.1279490e+14
      1855.63   1.1218787e+14
      1855.98   1.1210447e+14
      1856.32   1.1234566e+14
      1856.67   1.1305928e+14
      1857.01   1.1402077e+14
      1857.36   1.1451850e+14
      1857.70   1.1447791e+14
      1858.05   1.1411459e+14
      1858.39   1.1363369e+14
      1858.74   1.1316457e+14
      1859.08   1.1253462e+14
      1859.43   1.1194262e+14
      1859.77   1.1177759e+14
      1860.12   1.1188241e+14
      1860.47   1.1190013e+14
      1860.81   1.1182073e+14
      1861.16   1.1186825e+14
      1861.50   1.1196889e+14
      1861.85   1.1185546e+14
      1862.20   1.1163342e+14
      1862.54   1.1184050e+14
      1862.89   1.1215906e+14
      1863.24   1.1207535e+14
      1863.59   1.1191220e+14
      1863.93   1.1202219e+14
      1864.28   1.1201153e+14
      1864.63   1.1191714e+14
      1864.98   1.1190791e+14
      1865.32   1.1176554e+14
      1865.67   1.1121712e+14
      1866.02   1.1046282e+14
      1866.37   1.0993202e+14
      1866.72   1.0967841e+14
      1867.06   1.0954263e+14
      1867.41   1.0961330e+14
      1867.76   1.1015610e+14
      1868.11   1.1062597e+14
      1868.46   1.1091941e+14
      1868.81   1.1138283e+14
      1869.16   1.1192770e+14
      1869.51   1.1208414e+14
      1869.86   1.1190393e+14
      1870.21   1.1165217e+14
      1870.56   1.1141724e+14
      1870.91   1.1113581e+14
      1871.26   1.1072707e+14
      1871.61   1.1006339e+14
      1871.96   1.0904668e+14
      1872.31   1.0820246e+14
      1872.66   1.0771107e+14
      1873.01   1.0721800e+14
      1873.36   1.0672169e+14
      1873.71   1.0629311e+14
      1874.06   1.0505720e+14
      1874.41   1.0221389e+14
      1874.77   9.8161008e+13
      1875.12   9.4680046e+13
      1875.47   9.2966752e+13
      1875.82   9.3038187e+13
      1876.17   9.5140007e+13
      1876.53   9.9023602e+13
      1876.88   1.0283302e+14
      1877.23   1.0529455e+14
      1877.58   1.0671512e+14
      1877.93   1.0763561e+14
      1878.29   1.0826340e+14
      1878.64   1.0861851e+14
      1878.99   1.0864636e+14
      1879.35   1.0854714e+14
      1879.70   1.0848594e+14
      1880.05   1.0860496e+14
      1880.41   1.0896088e+14
      1880.76   1.0954591e+14
      1881.11   1.1007641e+14
      1881.47   1.1031328e+14
      1881.82   1.1023635e+14
      1882.18   1.1008903e+14
      1882.53   1.1001997e+14
      1882.89   1.0999975e+14
      1883.24   1.1000896e+14
      1883.59   1.1003470e+14
      1883.95   1.0988443e+14
      1884.30   1.0952366e+14
      1884.66   1.0924688e+14
      1885.01   1.0868442e+14
      1885.37   1.0768366e+14
      1885.72   1.0728846e+14
      1886.08   1.0758034e+14
      1886.44   1.0791613e+14
      1886.79   1.0853162e+14
      1887.15   1.0943210e+14
      1887.51   1.0980995e+14
      1887.86   1.0972829e+14
      1888.22   1.0953373e+14
      1888.57   1.0928870e+14
      1888.93   1.0897602e+14
      1889.29   1.0836460e+14
      1889.64   1.0744285e+14
      1890.00   1.0700310e+14
      1890.36   1.0711539e+14
      1890.72   1.0727309e+14
      1891.07   1.0731701e+14
      1891.43   1.0751654e+14
      1891.79   1.0721050e+14
      1892.15   1.0623519e+14
      1892.51   1.0525097e+14
      1892.86   1.0492216e+14
      1893.22   1.0514238e+14
      1893.58   1.0551042e+14
      1893.94   1.0582373e+14
      1894.30   1.0617825e+14
      1894.66   1.0640306e+14
      1895.02   1.0591022e+14
      1895.38   1.0496549e+14
      1895.73   1.0418120e+14
      1896.09   1.0368017e+14
      1896.45   1.0353183e+14
      1896.81   1.0377317e+14
      1897.17   1.0446958e+14
      1897.53   1.0545733e+14
      1897.89   1.0632056e+14
      1898.25   1.0634247e+14
      1898.61   1.0591190e+14
      1898.97   1.0571172e+14
      1899.33   1.0555345e+14
      1899.70   1.0554262e+14
      1900.06   1.0604971e+14
      1900.42   1.0685582e+14
      1900.78   1.0733519e+14
      1901.14   1.0762446e+14
      1901.50   1.0771468e+14
      1901.86   1.0760876e+14
      1902.23   1.0730720e+14
      1902.59   1.0657442e+14
      1902.95   1.0571302e+14
      1903.31   1.0529846e+14
      1903.67   1.0519036e+14
      1904.04   1.0517502e+14
      1904.40   1.0540925e+14
      1904.76   1.0583728e+14
      1905.12   1.0601067e+14
      1905.49   1.0593073e+14
      1905.85   1.0589648e+14
      1906.21   1.0605318e+14
      1906.58   1.0608722e+14
      1906.94   1.0581619e+14
      1907.31   1.0542597e+14
      1907.67   1.0509952e+14
      1908.03   1.0489578e+14
      1908.40   1.0490272e+14
      1908.76   1.0514594e+14
      1909.13   1.0547873e+14
      1909.49   1.0573740e+14
      1909.86   1.0575327e+14
      1910.22   1.0553631e+14
      1910.58   1.0512791e+14
      1910.95   1.0436492e+14
      1911.31   1.0356596e+14
      1911.68   1.0331422e+14
      1912.05   1.0337991e+14
      1912.41   1.0353009e+14
      1912.78   1.0413120e+14
      1913.14   1.0488337e+14
      1913.51   1.0514758e+14
      1913.88   1.0512404e+14
      1914.24   1.0515801e+14
      1914.61   1.0509433e+14
      1914.97   1.0484681e+14
      1915.34   1.0456487e+14
      1915.71   1.0442370e+14
      1916.08   1.0433865e+14
      1916.44   1.0432582e+14
      1916.81   1.0444877e+14
      1917.18   1.0456157e+14
      1917.55   1.0444877e+14
      1917.91   1.0420436e+14
      1918.28   1.0406513e+14
      1918.65   1.0381110e+14
      1919.02   1.0315646e+14
      1919.39   1.0254619e+14
      1919.75   1.0246425e+14
      1920.12   1.0254026e+14
      1920.49   1.0276332e+14
      1920.86   1.0347218e+14
      1921.23   1.0425243e+14
      1921.60   1.0451107e+14
      1921.97   1.0447114e+14
      1922.34   1.0420575e+14
      1922.71   1.0374830e+14
      1923.08   1.0353096e+14
      1923.45   1.0344542e+14
      1923.82   1.0327483e+14
      1924.19   1.0340173e+14
      1924.56   1.0380428e+14
      1924.93   1.0397683e+14
      1925.30   1.0396117e+14
      1925.67   1.0396007e+14
      1926.04   1.0390911e+14
      1926.41   1.0376711e+14
      1926.78   1.0345627e+14
      1927.15   1.0305580e+14
      1927.53   1.0282469e+14
      1927.90   1.0234241e+14
      1928.27   1.0144270e+14
      1928.64   1.0080714e+14
      1929.01   1.0089287e+14
      1929.39   1.0099852e+14
      1929.76   1.0103506e+14
      1930.13   1.0140833e+14
      1930.50   1.0159793e+14
      1930.88   1.0119409e+14
      1931.25   1.0094456e+14
      1931.62   1.0085310e+14
      1931.99   1.0053715e+14
      1932.37   1.0038816e+14
      1932.74   1.0053659e+14
      1933.11   1.0062022e+14
      1933.49   1.0095799e+14
      1933.86   1.0159940e+14
      1934.24   1.0193970e+14
      1934.61   1.0187630e+14
      1934.98   1.0184239e+14
      1935.36   1.0184600e+14
      1935.73   1.0184012e+14
      1936.11   1.0202092e+14
      1936.48   1.0239956e+14
      1936.86   1.0258510e+14
      1937.23   1.0257360e+14
      1937.61   1.0248363e+14
      1937.98   1.0205645e+14
      1938.36   1.0098408e+14
      1938.74   9.9907910e+13
      1939.11   9.9325330e+13
      1939.49   9.9161371e+13
      1939.86   9.9424671e+13
      1940.24   1.0024031e+14
      1940.62   1.0100234e+14
      1940.99   1.0121551e+14
      1941.37   1.0100818e+14
      1941.75   1.0058992e+14
      1942.12   9.9959680e+13
      1942.50   9.8971675e+13
      1942.88   9.7573511e+13
      1943.26   9.6064309e+13
      1943.64   9.4556896e+13
      1944.01   9.2746185e+13
      1944.39   9.0908869e+13
      1944.77   8.9772230e+13
      1945.15   8.9241256e+13
      1945.53   8.9711151e+13
      1945.90   9.1366632e+13
      1946.28   9.3538305e+13
      1946.66   9.5451691e+13
      1947.04   9.7158162e+13
      1947.42   9.8216772e+13
      1947.80   9.8795770e+13
      1948.18   9.9248177e+13
      1948.56   9.9430987e+13
      1948.94   9.9130355e+13
      1949.32   9.8907907e+13
      1949.70   9.8850089e+13
      1950.08   9.8275244e+13
      1950.46   9.7117021e+13
      1950.84   9.6636700e+13
      1951.22   9.6572810e+13
      1951.60   9.6613953e+13
      1951.98   9.7287687e+13
      1952.36   9.8813127e+13
      1952.74   9.9989932e+13
      1953.12   1.0051479e+14
      1953.51   1.0067752e+14
      1953.89   1.0073592e+14
      1954.27   1.0078687e+14
      1954.65   1.0067088e+14
      1955.03   1.0037564e+14
      1955.42   1.0020899e+14
      1955.80   1.0014289e+14
      1956.18   1.0002385e+14
      1956.56   9.9915180e+13
      1956.95   1.0002056e+14
      1957.33   1.0007524e+14
      1957.71   9.9983712e+13
      1958.10   9.9877987e+13
      1958.48   9.9843102e+13
      1958.86   9.9664903e+13
      1959.25   9.9494857e+13
      1959.63   9.9421087e+13
      1960.02   9.9401045e+13
      1960.40   9.9411622e+13
      1960.78   9.9289968e+13
      1961.17   9.8857467e+13
      1961.55   9.8603447e+13
      1961.94   9.8280520e+13
      1962.32   9.7536660e+13
      1962.71   9.7042330e+13
      1963.09   9.6871565e+13
      1963.48   9.6391120e+13
      1963.86   9.6279332e+13
      1964.25   9.6768998e+13
      1964.64   9.7169772e+13
      1965.02   9.7341766e+13
      1965.41   9.7571197e+13
      1965.80   9.7493032e+13
      1966.18   9.7389397e+13
      1966.57   9.7475906e+13
      1966.95   9.7778197e+13
      1967.34   9.8115062e+13
      1967.73   9.8375607e+13
      1968.12   9.8303527e+13
      1968.50   9.8137695e+13
      1968.89   9.8032503e+13
      1969.28   9.7958060e+13
      1969.67   9.7975825e+13
      1970.06   9.8084351e+13
      1970.44   9.8057117e+13
      1970.83   9.7895615e+13
      1971.22   9.7610907e+13
      1971.61   9.6766216e+13
      1972.00   9.5397217e+13
      1972.39   9.4680973e+13
      1972.78   9.4289653e+13
      1973.17   9.3846364e+13
      1973.55   9.4190960e+13
      1973.94   9.5300618e+13
      1974.33   9.5844022e+13
      1974.72   9.6098222e+13
      1975.11   9.6518139e+13
      1975.50   9.6659423e+13
      1975.89   9.6535249e+13
      1976.28   9.6443395e+13
      1976.68   9.6311601e+13
      1977.07   9.5628894e+13
      1977.46   9.4360289e+13
      1977.85   9.3835741e+13
      1978.24   9.3764282e+13
      1978.63   9.3565557e+13
      1979.02   9.3591932e+13
      1979.41   9.4442703e+13
      1979.81   9.4662264e+13
      1980.20   9.4299192e+13
      1980.59   9.4254900e+13
      1980.98   9.4655571e+13
      1981.38   9.4839113e+13
      1981.77   9.5028050e+13
      1982.16   9.5290257e+13
      1982.55   9.5440061e+13
      1982.95   9.5357502e+13
      1983.34   9.5097412e+13
      1983.73   9.4880989e+13
      1984.13   9.4684923e+13
      1984.52   9.4253037e+13
      1984.92   9.3712121e+13
      1985.31   9.3582897e+13
      1985.70   9.3294085e+13
      1986.10   9.2816098e+13
      1986.49   9.2934717e+13
      1986.89   9.3513300e+13
      1987.28   9.3903750e+13
      1987.68   9.4385936e+13
      1988.07   9.5009926e+13
      1988.47   9.5234337e+13
      1988.86   9.5197571e+13
      1989.26   9.5145668e+13
      1989.65   9.5102070e+13
      1990.05   9.5058454e+13
      1990.45   9.5010252e+13
      1990.84   9.4908968e+13
      1991.24   9.4652982e+13
      1991.64   9.4257281e+13
      1992.03   9.3782562e+13
      1992.43   9.3194578e+13
      1992.83   9.2527414e+13
      1993.22   9.2023922e+13
      1993.62   9.2030407e+13
      1994.02   9.2314135e+13
      1994.42   9.2743046e+13
      1994.81   9.3292106e+13
      1995.21   9.3842435e+13
      1995.61   9.3905167e+13
      1996.01   9.3595364e+13
      1996.41   9.3295287e+13
      1996.81   9.2817145e+13
      1997.20   9.2297677e+13
      1997.60   9.2198793e+13
      1998.00   9.2415683e+13
      1998.40   9.2612888e+13
      1998.80   9.3013546e+13
      1999.20   9.3470675e+13
      1999.60   9.3625632e+13
      2000.00   9.3604621e+13
      2000.40   9.3542433e+13
      2000.80   9.3518330e+13
      2001.20   9.3475950e+13
      2001.60   9.3294689e+13
      2002.00   9.2918087e+13
      2002.40   9.2606155e+13
      2002.80   9.2298659e+13
      2003.20   9.1949012e+13
      2003.61   9.1864235e+13
      2004.01   9.2127617e+13
      2004.41   9.2262061e+13
      2004.81   9.2100848e+13
      2005.21   9.2024938e+13
      2005.62   9.2029924e+13
      2006.02   9.2004325e+13
      2006.42   9.2108781e+13
      2006.82   9.2488582e+13
      2007.23   9.2807377e+13
      2007.63   9.2874546e+13
      2008.03   9.2800874e+13
      2008.44   9.2690476e+13
      2008.84   9.2609847e+13
      2009.24   9.2542224e+13
      2009.65   9.2489860e+13
      2010.05   9.2442096e+13
      2010.45   9.2401204e+13
      2010.86   9.2341943e+13
      2011.26   9.2277994e+13
      2011.67   9.2198726e+13
      2012.07   9.2175365e+13
      2012.48   9.2164300e+13
      2012.88   9.2069588e+13
      2013.29   9.1866646e+13
      2013.69   9.1747250e+13
      2014.10   9.1689259e+13
      2014.50   9.1655010e+13
      2014.91   9.1692217e+13
      2015.32   9.1811181e+13
      2015.72   9.1811757e+13
      2016.13   9.1724713e+13
      2016.54   9.1634580e+13
      2016.94   9.1571294e+13
      2017.35   9.1535700e+13
      2017.76   9.1527783e+13
      2018.16   9.1528304e+13
      2018.57   9.1516555e+13
      2018.98   9.1417034e+13
      2019.39   9.1088136e+13
      2019.79   9.0473521e+13
      2020.20   8.9693920e+13
      2020.61   8.9038026e+13
      2021.02   8.8762426e+13
      2021.43   8.8746276e+13
      2021.84   8.9046054e+13
      2022.24   8.9644158e+13
      2022.65   9.0186208e+13
      2023.06   9.0384612e+13
      2023.47   9.0388798e+13
      2023.88   9.0230299e+13
      2024.29   9.0086384e+13
      2024.70   8.9997147e+13
      2025.11   8.9929214e+13
      2025.52   9.0008379e+13
      2025.93   9.0180212e+13
      2026.34   9.0204618e+13
      2026.75   9.0176567e+13
      2027.16   9.0150022e+13
      2027.57   8.9967446e+13
      2027.99   8.9644940e+13
      2028.40   8.9449083e+13
      2028.81   8.9081503e+13
      2029.22   8.8480363e+13
      2029.63   8.8069193e+13
      2030.05   8.7828769e+13
      2030.46   8.7764585e+13
      2030.87   8.7952591e+13
      2031.28   8.8427028e+13
      2031.69   8.8912424e+13
      2032.11   8.9398822e+13
      2032.52   8.9580336e+13
      2032.93   8.9631824e+13
      2033.35   8.9604358e+13
      2033.76   8.9230537e+13
      2034.17   8.8415708e+13
      2034.59   8.7887306e+13
      2035.00   8.7726129e+13
      2035.42   8.7705949e+13
      2035.83   8.8005315e+13
      2036.24   8.8717443e+13
      2036.66   8.8969072e+13
      2037.07   8.8462576e+13
      2037.49   8.7441927e+13
      2037.91   8.6793492e+13
      2038.32   8.6588251e+13
      2038.74   8.6608901e+13
      2039.15   8.7115248e+13
      2039.57   8.8112240e+13
      2039.98   8.8693024e+13
      2040.40   8.8707993e+13
      2040.82   8.8554973e+13
      2041.23   8.8444709e+13
      2041.65   8.8370168e+13
      2042.07   8.8334508e+13
      2042.48   8.8421823e+13
      2042.90   8.8616624e+13
      2043.32   8.8697019e+13
      2043.74   8.8676217e+13
      2044.15   8.8628131e+13
      2044.57   8.8607277e+13
      2044.99   8.8590314e+13
      2045.41   8.8548573e+13
      2045.83   8.8511387e+13
      2046.24   8.8440674e+13
      2046.66   8.8260705e+13
      2047.08   8.8050230e+13
      2047.50   8.7941902e+13
      2047.92   8.7899898e+13
      2048.34   8.7896939e+13
      2048.76   8.7948596e+13
      2049.18   8.8016713e+13
      2049.60   8.7916109e+13
      2050.02   8.7760013e+13
      2050.44   8.7645227e+13
      2050.86   8.7518676e+13
      2051.28   8.7306106e+13
      2051.70   8.6999604e+13
      2052.12   8.6764165e+13
      2052.54   8.6645180e+13
      2052.97   8.6593483e+13
      2053.39   8.6601962e+13
      2053.81   8.6842170e+13
      2054.23   8.7063668e+13
      2054.65   8.7140398e+13
      2055.08   8.7151260e+13
      2055.50   8.7169599e+13
      2055.92   8.7133122e+13
      2056.34   8.7077038e+13
      2056.77   8.7029549e+13
      2057.19   8.6927161e+13
      2057.61   8.6736922e+13
      2058.04   8.6665058e+13
      2058.46   8.6608015e+13
      2058.88   8.6523530e+13
      2059.31   8.6431950e+13
      2059.73   8.6136286e+13
      2060.16   8.5518717e+13
      2060.58   8.5222807e+13
      2061.01   8.5185891e+13
      2061.43   8.5270673e+13
      2061.85   8.5630362e+13
      2062.28   8.5824487e+13
      2062.71   8.5007373e+13
      2063.13   8.4193925e+13
      2063.56   8.3897383e+13
      2063.98   8.3813736e+13
      2064.41   8.4118539e+13
      2064.84   8.5081772e+13
      2065.26   8.5832526e+13
      2065.69   8.6019651e+13
      2066.12   8.6028992e+13
      2066.54   8.5976137e+13
      2066.97   8.5822465e+13
      2067.40   8.5667917e+13
      2067.82   8.5607870e+13
      2068.25   8.5581619e+13
      2068.68   8.5553037e+13
      2069.11   8.5334437e+13
      2069.54   8.4725417e+13
      2069.97   8.4393775e+13
      2070.39   8.4265445e+13
      2070.82   8.4127624e+13
      2071.25   8.4182310e+13
      2071.68   8.4731989e+13
      2072.11   8.5009502e+13
      2072.54   8.5077104e+13
      2072.97   8.5187374e+13
      2073.40   8.5374290e+13
      2073.83   8.5453847e+13
      2074.26   8.5437038e+13
      2074.69   8.5400385e+13
      2075.12   8.5360636e+13
      2075.55   8.5302485e+13
      2075.98   8.5229248e+13
      2076.41   8.5156781e+13
      2076.84   8.5099310e+13
      2077.27   8.5041842e+13
      2077.71   8.4984318e+13
      2078.14   8.4825395e+13
      2078.57   8.4457263e+13
      2079.00   8.4197518e+13
      2079.43   8.3978882e+13
      2079.87   8.3723714e+13
      2080.30   8.3625432e+13
      2080.73   8.3812570e+13
      2081.17   8.3903882e+13
      2081.60   8.3918224e+13
      2082.03   8.3876211e+13
      2082.47   8.3592922e+13
      2082.90   8.3244358e+13
      2083.33   8.3034655e+13
      2083.77   8.2925720e+13
      2084.20   8.3001873e+13
      2084.64   8.3314791e+13
      2085.07   8.3599597e+13
      2085.51   8.3777199e+13
      2085.94   8.3884080e+13
      2086.38   8.3860594e+13
      2086.81   8.3838690e+13
      2087.25   8.3838281e+13
      2087.68   8.3770237e+13
      2088.12   8.3703756e+13
      2088.55   8.3673856e+13
      2088.99   8.3621652e+13
      2089.43   8.3590919e+13
      2089.86   8.3523568e+13
      2090.30   8.3327969e+13
      2090.74   8.3072555e+13
      2091.18   8.2472875e+13
      2091.61   8.1716035e+13
      2092.05   8.1361355e+13
      2092.49   8.1241728e+13
      2092.93   8.1314992e+13
      2093.36   8.1652207e+13
      2093.80   8.1952856e+13
      2094.24   8.1970454e+13
      2094.68   8.1770246e+13
      2095.12   8.1629879e+13
      2095.56   8.1644121e+13
      2096.00   8.1795735e+13
      2096.44   8.1926597e+13
      2096.88   8.2127859e+13
      2097.31   8.2231685e+13
      2097.75   8.2248495e+13
      2098.20   8.2207803e+13
      2098.64   8.2171823e+13
      2099.08   8.2255791e+13
      2099.52   8.2236643e+13
      2099.96   8.2123841e+13
      2100.40   8.2174255e+13
      2100.84   8.2227903e+13
      2101.28   8.2208728e+13
      2101.72   8.2128616e+13
      2102.17   8.2012456e+13
      2102.61   8.1932280e+13
      2103.05   8.1885776e+13
      2103.49   8.1852014e+13
      2103.93   8.1920892e+13
      2104.38   8.2130223e+13
      2104.82   8.2253799e+13
      2105.26   8.2259964e+13
      2105.71   8.2235997e+13
      2106.15   8.2193481e+13
      2106.59   8.2126901e+13
      2107.04   8.2059476e+13
      2107.48   8.1968672e+13
      2107.93   8.1836919e+13
      2108.37   8.1559564e+13
      2108.81   8.1082731e+13
      2109.26   8.0780998e+13
      2109.71   8.0685039e+13
      2110.15   8.0672695e+13
      2110.59   8.0825311e+13
      2111.04   8.1175220e+13
      2111.49   8.1344893e+13
      2111.93   8.1278791e+13
      2112.38   8.1198904e+13
      2112.82   8.1156050e+13
      2113.27   8.1129283e+13
      2113.72   8.1111388e+13
      2114.17   8.1145083e+13
      2114.61   8.1148950e+13
      2115.06   8.1027816e+13
      2115.51   8.0733271e+13
      2115.95   8.0173924e+13
      2116.40   7.9885515e+13
      2116.85   7.9806013e+13
      2117.30   7.9793477e+13
      2117.75   7.9995762e+13
      2118.20   8.0371736e+13
      2118.64   8.0269659e+13
      2119.09   7.9993809e+13
      2119.54   7.9888365e+13
      2119.99   7.9807920e+13
      2120.44   7.9733940e+13
      2120.89   7.9761828e+13
      2121.34   7.9900538e+13
      2121.79   7.9887186e+13
      2122.24   7.9733830e+13
      2122.69   7.9556956e+13
      2123.14   7.9325733e+13
      2123.59   7.9020730e+13
      2124.04   7.8891356e+13
      2124.50   7.8927226e+13
      2124.95   7.9031935e+13
      2125.40   7.9140533e+13
      2125.85   7.9127590e+13
      2126.30   7.9101648e+13
      2126.75   7.9091136e+13
      2127.21   7.9091131e+13
      2127.66   7.9233130e+13
      2128.11   7.9489587e+13
      2128.56   7.9540807e+13
      2129.02   7.9413485e+13
      2129.47   7.9356691e+13
      2129.93   7.9347024e+13
      2130.38   7.9356801e+13
      2130.83   7.9401554e+13
      2131.29   7.9491033e+13
      2131.74   7.9487036e+13
      2132.20   7.9431047e+13
      2132.65   7.9373380e+13
      2133.11   7.9293731e+13
      2133.56   7.9214047e+13
      2134.02   7.9128615e+13
      2134.47   7.8841303e+13
      2134.93   7.8193150e+13
      2135.38   7.7874338e+13
      2135.84   7.7794003e+13
      2136.30   7.7764155e+13
      2136.75   7.7961606e+13
      2137.21   7.8555275e+13
      2137.67   7.8842667e+13
      2138.12   7.8848065e+13
      2138.58   7.8771897e+13
      2139.04   7.8720976e+13
      2139.50   7.8696176e+13
      2139.95   7.8689298e+13
      2140.41   7.8711807e+13
      2140.87   7.8772688e+13
      2141.33   7.8780542e+13
      2141.79   7.8748339e+13
      2142.25   7.8698184e+13
      2142.70   7.8622661e+13
      2143.16   7.8569173e+13
      2143.62   7.8496881e+13
      2144.08   7.8374634e+13
      2144.54   7.8250735e+13
      2145.00   7.8060524e+13
      2145.46   7.7877031e+13
      2145.92   7.7855527e+13
      2146.38   7.7968202e+13
      2146.84   7.8061311e+13
      2147.30   7.8234723e+13
      2147.77   7.8389368e+13
      2148.23   7.8394996e+13
      2148.69   7.8340743e+13
      2149.15   7.8283221e+13
      2149.61   7.8225666e+13
      2150.07   7.8172178e+13
      2150.54   7.8122799e+13
      2151.00   7.8053644e+13
      2151.46   7.7950839e+13
      2151.93   7.7777387e+13
      2152.39   7.7667064e+13
      2152.85   7.7586294e+13
      2153.32   7.7491470e+13
      2153.78   7.7447573e+13
      2154.24   7.7507211e+13
      2154.71   7.7516727e+13
      2155.17   7.7514257e+13
      2155.64   7.7537256e+13
      2156.10   7.7535571e+13
      2156.57   7.7511624e+13
      2157.03   7.7483527e+13
      2157.50   7.7449626e+13
      2157.96   7.7384389e+13
      2158.43   7.7292698e+13
      2158.90   7.7205038e+13
      2159.36   7.7118939e+13
      2159.83   7.7024465e+13
      2160.29   7.6916752e+13
      2160.76   7.6753552e+13
      2161.23   7.6563732e+13
      2161.70   7.6392760e+13
      2162.16   7.6185195e+13
      2162.63   7.5935267e+13
      2163.10   7.5665239e+13
      2163.57   7.5259892e+13
      2164.03   7.4524225e+13
      2164.50   7.3251305e+13
      2164.97   7.1388241e+13
      2165.44   6.9689634e+13
      2165.91   6.8840453e+13
      2166.38   6.8778688e+13
      2166.85   6.9504339e+13
      2167.32   7.1052246e+13
      2167.79   7.2717934e+13
      2168.26   7.3805297e+13
      2168.73   7.4419691e+13
      2169.20   7.4890534e+13
      2169.67   7.5216161e+13
      2170.14   7.5389119e+13
      2170.61   7.5469963e+13
      2171.08   7.5492729e+13
      2171.55   7.5538717e+13
      2172.02   7.5584699e+13
      2172.50   7.5580884e+13
      2172.97   7.5551344e+13
      2173.44   7.5600627e+13
      2173.91   7.5580191e+13
      2174.39   7.5548142e+13
      2174.86   7.5485387e+13
      2175.33   7.5330056e+13
      2175.80   7.5082772e+13
      2176.28   7.4994799e+13
      2176.75   7.4945768e+13
      2177.23   7.4683345e+13
      2177.70   7.4118489e+13
      2178.18   7.4047712e+13
      2178.65   7.4089033e+13
      2179.12   7.4112120e+13
      2179.60   7.4415308e+13
      2180.07   7.5119292e+13
      2180.55   7.5360413e+13
      2181.02   7.5140078e+13
      2181.50   7.4598599e+13
      2181.98   7.4343098e+13
      2182.45   7.4258062e+13
      2182.93   7.4203798e+13
      2183.41   7.4373451e+13
      2183.88   7.4842048e+13
      2184.36   7.5027692e+13
      2184.84   7.5053483e+13
      2185.31   7.5091842e+13
      2185.79   7.5090659e+13
      2186.27   7.5020336e+13
      2186.75   7.4811575e+13
      2187.23   7.4248350e+13
      2187.71   7.3469621e+13
      2188.18   7.3127702e+13
      2188.66   7.2945829e+13
      2189.14   7.2778055e+13
      2189.62   7.3098584e+13
      2190.10   7.3719923e+13
      2190.58   7.3906381e+13
      2191.06   7.3942524e+13
      2191.54   7.4086488e+13
      2192.02   7.4093429e+13
      2192.50   7.4008397e+13
      2192.98   7.3906626e+13
      2193.46   7.3814884e+13
      2193.95   7.3738108e+13
      2194.43   7.3674669e+13
      2194.91   7.3601185e+13
      2195.39   7.3517735e+13
      2195.87   7.3428281e+13
      2196.35   7.3365579e+13
      2196.84   7.3327143e+13
      2197.32   7.3288716e+13
      2197.80   7.3262000e+13
      2198.28   7.3247008e+13
      2198.77   7.3181729e+13
      2199.25   7.3112208e+13
      2199.74   7.3036807e+13
      2200.22   7.2929513e+13
      2200.70   7.2834754e+13
      2201.19   7.2776030e+13
      2201.67   7.2708921e+13
      2202.16   7.2669468e+13
      2202.64   7.2671972e+13
      2203.13   7.2680347e+13
      2203.61   7.2673630e+13
      2204.10   7.2624082e+13
      2204.58   7.2362800e+13
      2205.07   7.1719576e+13
      2205.56   7.1046831e+13
      2206.04   7.0243416e+13
      2206.53   6.9888532e+13
      2207.02   6.9864028e+13
      2207.50   7.0160895e+13
      2207.99   7.0304809e+13
      2208.48   7.0838561e+13
      2208.97   7.1113243e+13
      2209.46   7.1272686e+13
      2209.95   7.1476862e+13
      2210.43   7.1853076e+13
      2210.92   7.1963139e+13
      2211.41   7.1939159e+13
      2211.90   7.1890702e+13
      2212.39   7.1832081e+13
      2212.88   7.1768399e+13
      2213.37   7.1724928e+13
      2213.86   7.1684804e+13
      2214.35   7.1626912e+13
      2214.84   7.1529256e+13
      2215.33   7.1348959e+13
      2215.82   7.1069849e+13
      2216.31   7.0827830e+13
      2216.80   7.0717641e+13
      2217.29   7.0653100e+13
      2217.79   7.0750119e+13
      2218.28   7.0969855e+13
      2218.77   7.1144813e+13
      2219.26   7.1191174e+13
      2219.76   7.1226561e+13
      2220.25   7.1181509e+13
      2220.74   7.1088160e+13
      2221.24   7.1024429e+13
      2221.73   7.0975940e+13
      2222.22   7.0906209e+13
      2222.72   7.0843262e+13
      2223.21   7.0813334e+13
      2223.71   7.0745268e+13
      2224.20   7.0680540e+13
      2224.69   7.0536924e+13
      2225.19   7.0156731e+13
      2225.68   6.9804350e+13
      2226.18   6.9705608e+13
      2226.68   6.9640781e+13
      2227.17   6.9582675e+13
      2227.67   6.9820993e+13
      2228.16   7.0095972e+13
      2228.66   7.0149282e+13
      2229.16   7.0125246e+13
      2229.65   7.0140321e+13
      2230.15   7.0148632e+13
      2230.65   7.0083748e+13
      2231.15   7.0006967e+13
      2231.65   6.9987150e+13
      2232.14   7.0020087e+13
      2232.64   7.0012167e+13
      2233.14   6.9992339e+13
      2233.64   6.9935844e+13
      2234.14   6.9856353e+13
      2234.64   6.9782823e+13
      2235.14   6.9699707e+13
      2235.64   6.9643519e+13
      2236.14   6.9575369e+13
      2236.64   6.9456862e+13
      2237.14   6.9235087e+13
      2237.64   6.8855394e+13
      2238.14   6.8619751e+13
      2238.64   6.8480437e+13
      2239.14   6.8364970e+13
      2239.64   6.8465530e+13
      2240.14   6.8792433e+13
      2240.65   6.8940123e+13
      2241.15   6.8928880e+13
      2241.65   6.8845032e+13
      2242.15   6.8742307e+13
      2242.66   6.8614761e+13
      2243.16   6.8541024e+13
      2243.66   6.8570797e+13
      2244.17   6.8712638e+13
      2244.67   6.8756989e+13
      2245.17   6.8763806e+13
      2245.68   6.8741597e+13
      2246.18   6.8635445e+13
      2246.69   6.8365637e+13
      2247.19   6.8105088e+13
      2247.70   6.7995269e+13
      2248.20   6.7941967e+13
      2248.71   6.7926405e+13
      2249.21   6.8085819e+13
      2249.72   6.8242732e+13
      2250.23   6.8235795e+13
      2250.73   6.8200511e+13
      2251.24   6.8161798e+13
      2251.75   6.8097293e+13
      2252.25   6.8011252e+13
      2252.76   6.7826373e+13
      2253.27   6.7371429e+13
      2253.77   6.7171632e+13
      2254.28   6.7107640e+13
      2254.79   6.6992005e+13
      2255.30   6.7053194e+13
      2255.81   6.7344775e+13
      2256.32   6.7435016e+13
      2256.83   6.7468456e+13
      2257.34   6.7545826e+13
      2257.85   6.7569843e+13
      2258.36   6.7620569e+13
      2258.87   6.7629950e+13
      2259.38   6.7597964e+13
      2259.89   6.7554779e+13
      2260.40   6.7416727e+13
      2260.91   6.7201012e+13
      2261.42   6.6739400e+13
      2261.93   6.6427738e+13
      2262.44   6.6323894e+13
      2262.96   6.6379614e+13
      2263.47   6.6506187e+13
      2263.98   6.6783846e+13
      2264.49   6.6839720e+13
      2265.01   6.6775622e+13
      2265.52   6.6704323e+13
      2266.03   6.6628656e+13
      2266.55   6.6677433e+13
      2267.06   6.6791068e+13
      2267.57   6.6814783e+13
      2268.09   6.6789271e+13
      2268.60   6.6766333e+13
      2269.12   6.6737287e+13
      2269.63   6.6662376e+13
      2270.15   6.6509493e+13
      2270.66   6.6439704e+13
      2271.18   6.6437429e+13
      2271.70   6.6438617e+13
      2272.21   6.6477929e+13
      2272.73   6.6583142e+13
      2273.24   6.6529740e+13
      2273.76   6.6309786e+13
      2274.28   6.6192076e+13
      2274.79   6.6115088e+13
      2275.31   6.6070263e+13
      2275.83   6.6101878e+13
      2276.35   6.6254193e+13
      2276.87   6.6294523e+13
      2277.39   6.6277539e+13
      2277.90   6.6213645e+13
      2278.42   6.6147127e+13
      2278.94   6.6069290e+13
      2279.46   6.5947933e+13
      2279.98   6.5569200e+13
      2280.50   6.4782464e+13
      2281.02   6.4365948e+13
      2281.54   6.4140658e+13
      2282.06   6.4075395e+13
      2282.58   6.4255518e+13
      2283.10   6.4890948e+13
      2283.63   6.5138320e+13
      2284.15   6.5151564e+13
      2284.67   6.5123881e+13
      2285.19   6.5091577e+13
      2285.71   6.5058713e+13
      2286.24   6.5061559e+13
      2286.76   6.5100997e+13
      2287.28   6.5082922e+13
      2287.81   6.5081405e+13
      2288.33   6.5041543e+13
      2288.85   6.4983358e+13
      2289.38   6.4944342e+13
      2289.90   6.4881797e+13
      2290.43   6.4766929e+13
      2290.95   6.4714805e+13
      2291.48   6.4679239e+13
      2292.00   6.4533800e+13
      2292.53   6.4117185e+13
      2293.05   6.3739740e+13
      2293.58   6.3428514e+13
      2294.10   6.3132942e+13
      2294.63   6.2964664e+13
      2295.16   6.3065676e+13
      2295.68   6.3129762e+13
      2296.21   6.2957321e+13
      2296.74   6.2933239e+13
      2297.27   6.3014780e+13
      2297.79   6.3153196e+13
      2298.32   6.3333654e+13
      2298.85   6.3599077e+13
      2299.38   6.3671316e+13
      2299.91   6.3720903e+13
      2300.44   6.3715362e+13
      2300.97   6.3730865e+13
      2301.50   6.3798878e+13
      2302.03   6.3815253e+13
      2302.56   6.3771173e+13
      2303.09   6.3730561e+13
      2303.62   6.3669773e+13
      2304.15   6.3604501e+13
      2304.68   6.3596262e+13
      2305.21   6.3593821e+13
      2305.74   6.3576650e+13
      2306.27   6.3598135e+13
      2306.80   6.3572187e+13
      2307.34   6.3553240e+13
      2307.87   6.3441141e+13
      2308.40   6.3321935e+13
      2308.94   6.3244005e+13
      2309.47   6.3222319e+13
      2310.00   6.3173336e+13
      2310.54   6.3199166e+13
      2311.07   6.3251417e+13
      2311.60   6.3238520e+13
      2312.14   6.3208901e+13
      2312.67   6.3172216e+13
      2313.21   6.3089637e+13
      2313.74   6.2909228e+13
      2314.28   6.2726937e+13
      2314.81   6.2630113e+13
      2315.35   6.2522048e+13
      2315.89   6.2325594e+13
      2316.42   6.2307291e+13
      2316.96   6.2299553e+13
      2317.50   6.2108390e+13
      2318.03   6.2025696e+13
      2318.57   6.2077027e+13
      2319.11   6.2101019e+13
      2319.65   6.2162031e+13
      2320.19   6.2312953e+13
      2320.72   6.2344827e+13
      2321.26   6.2124565e+13
      2321.80   6.1427369e+13
      2322.34   6.0835124e+13
      2322.88   6.0405117e+13
      2323.42   6.0029779e+13
      2323.96   5.9835165e+13
      2324.50   6.0048642e+13
      2325.04   6.0128350e+13
      2325.58   6.0198737e+13
      2326.12   6.0326540e+13
      2326.66   6.0535661e+13
      2327.21   6.0737829e+13
      2327.75   6.0952544e+13
      2328.29   6.1049915e+13
      2328.83   6.1094317e+13
      2329.37   6.1038834e+13
      2329.92   6.0985983e+13
      2330.46   6.0945466e+13
      2331.00   6.0881006e+13
      2331.55   6.0822716e+13
      2332.09   6.0846769e+13
      2332.63   6.0864616e+13
      2333.18   6.0948063e+13
      2333.72   6.0923356e+13
      2334.27   6.0692817e+13
      2334.81   6.0566813e+13
      2335.36   6.0637893e+13
      2335.90   6.0617077e+13
      2336.45   6.0705527e+13
      2337.00   6.0802028e+13
      2337.54   6.0528684e+13
      2338.09   6.0323676e+13
      2338.63   6.0306233e+13
      2339.18   6.0258533e+13
      2339.73   6.0405816e+13
      2340.28   6.0728593e+13
      2340.82   6.0885019e+13
      2341.37   6.0876664e+13
      2341.92   6.0845993e+13
      2342.47   6.0801965e+13
      2343.02   6.0763242e+13
      2343.57   6.0686099e+13
      2344.12   6.0591060e+13
      2344.67   6.0544199e+13
      2345.22   6.0483052e+13
      2345.77   6.0429115e+13
      2346.32   6.0398390e+13
      2346.87   6.0343548e+13
      2347.42   6.0307452e+13
      2347.97   6.0282966e+13
      2348.52   6.0237919e+13
      2349.07   6.0191997e+13
      2349.62   6.0159453e+13
      2350.18   6.0047468e+13
      2350.73   5.9752535e+13
      2351.28   5.9214034e+13
      2351.83   5.8583699e+13
      2352.39   5.8114050e+13
      2352.94   5.7813977e+13
      2353.50   5.7687890e+13
      2354.05   5.7855283e+13
      2354.60   5.8156419e+13
      2355.16   5.8313095e+13
      2355.71   5.8356818e+13
      2356.27   5.8260406e+13
      2356.82   5.8212110e+13
      2357.38   5.8233457e+13
      2357.94   5.8297820e+13
      2358.49   5.8406843e+13
      2359.05   5.8626114e+13
      2359.60   5.8767666e+13
      2360.16   5.8833209e+13
      2360.72   5.8886249e+13
      2361.27   5.8850565e+13
      2361.83   5.8838200e+13
      2362.39   5.8844656e+13
      2362.95   5.8839411e+13
      2363.51   5.8771331e+13
      2364.07   5.8727379e+13
      2364.62   5.8726567e+13
      2365.19   5.8734772e+13
      2365.74   5.8725717e+13
      2366.30   5.8757174e+13
      2366.86   5.8803049e+13
      2367.42   5.8740898e+13
      2367.99   5.8702144e+13
      2368.55   5.8594895e+13
      2369.11   5.8390276e+13
      2369.67   5.8290079e+13
      2370.23   5.8267388e+13
      2370.79   5.8262712e+13
      2371.35   5.8230062e+13
      2371.92   5.8300276e+13
      2372.48   5.8073555e+13
      2373.04   5.7528935e+13
      2373.60   5.7179067e+13
      2374.17   5.7065694e+13
      2374.73   5.7074230e+13
      2375.30   5.7289100e+13
      2375.86   5.7803337e+13
      2376.43   5.8107010e+13
      2376.99   5.8146795e+13
      2377.56   5.8107968e+13
      2378.12   5.8007682e+13
      2378.69   5.7906488e+13
      2379.25   5.7809814e+13
      2379.82   5.7739331e+13
      2380.39   5.7704088e+13
      2380.95   5.7688714e+13
      2381.52   5.7401370e+13
      2382.09   5.6753536e+13
      2382.65   5.6216842e+13
      2383.22   5.5593429e+13
      2383.79   5.4994413e+13
      2384.36   5.4726981e+13
      2384.93   5.4842606e+13
      2385.50   5.4782651e+13
      2386.06   5.4970935e+13
      2386.64   5.5238125e+13
      2387.21   5.5482011e+13
      2387.77   5.5673577e+13
      2388.34   5.5985774e+13
      2388.92   5.6107073e+13
      2389.49   5.6174023e+13
      2390.06   5.6157597e+13
      2390.63   5.6152088e+13
      2391.20   5.6131077e+13
      2391.77   5.5988362e+13
      2392.34   5.5907294e+13
      2392.92   5.5926180e+13
      2393.49   5.5880489e+13
      2394.06   5.5863854e+13
      2394.64   5.5920928e+13
      2395.21   5.5951166e+13
      2395.78   5.5887525e+13
      2396.36   5.5911308e+13
      2396.93   5.5868588e+13
      2397.51   5.5917933e+13