     0.500000       2060195.2
      1.50000       4120138.2
      2.50000       95501648.
      3.50000       87212491.
      4.50000   1.5514577e+08
      5.50000   3.2592252e+08
      6.50000   3.4260160e+08
      7.50000   4.1496166e+08
      8.50000   2.8658556e+08
      9.50000   3.5945958e+08
      10.5000   1.3798797e+08
      11.5000   1.0830574e+08
      12.5000       73758364.
      13.5000       76869947.
      14.5000   2.6230515e+08
      15.5000   3.3819248e+08
      16.5000   4.8954894e+08
      17.5000   2.3015633e+09
      18.5000   1.2146761e+09
      19.5000   1.3186560e+09
      20.5000   6.7206652e+08
      21.5000   5.4472599e+08
      22.5000   8.0055855e+08
      23.5000   4.1954965e+08
      24.5000   1.0991243e+09
      25.5000   1.8901541e+09
      26.5000   6.5551597e+08
      27.5000   1.1960192e+09
      28.5000   1.5165374e+09
      29.5000   4.4907315e+08
      30.5000   9.8514965e+09
      31.5000   1.9761698e+09
      32.5000   2.8315402e+09
      33.5000   2.8663343e+09
      34.5000   1.2621183e+09
      35.5000   1.1173126e+09
      36.5000   1.5569125e+09
      37.5000   2.6379165e+08
      38.5000   1.1612930e+08
      39.5000   1.1842910e+08
      40.5000   2.0365094e+08
      41.5000   4.0945401e+08
      42.5000   1.0371647e+08
      43.5000   2.4747284e+08
      44.5000       99336331.
      45.5000   1.1365136e+08
      46.5000   4.1988980e+08
      47.5000   1.7032324e+08
      48.5000   2.8960394e+08
      49.5000   1.0523473e+09
      50.5000   4.3743307e+08
      51.5000   1.5287646e+08
      52.5000   2.7460030e+08
      53.5000   2.0623367e+08
      54.5000   1.3541784e+08
      55.5000   6.1749923e+08
      56.5000   1.9166240e+08
      57.5000   1.9433030e+08
      58.5000   1.1198749e+09
      59.5000   2.3769769e+08
      60.5000   9.9414680e+08
      61.5000   3.0729535e+08
      62.5000   1.3561209e+09
      63.5000   3.4877439e+08
      64.5000       80831357.
      65.5000       64822706.
      66.5000       58339778.
      67.5000       60747664.
      68.5000   2.1266017e+08
      69.5000   1.6004619e+08
      70.5000   4.2416789e+08
      71.5000   1.8846691e+08
      72.5000   1.4426783e+08
      73.5000   1.9055356e+08
      74.5000   2.3800708e+08
      75.5000   3.6724308e+08
      76.5000   9.3788133e+08
      77.5000   8.7555146e+08
      78.5000   1.2357341e+09
      79.5000   5.8487674e+08
      80.5000   6.1332691e+08
      81.5000   7.0554564e+08
      82.5000   1.0555067e+09
      83.5000   1.8117775e+09
      84.5000   1.3425332e+09
      85.5000   1.5126600e+09
      86.5000   1.6223212e+09
      87.5000   1.9532424e+09
      88.5000   2.2578524e+09
      89.5000   2.7771994e+09
      90.5000   3.3071261e+09
      91.5000   2.5557026e+09
      92.5000   9.2242671e+08
      93.5000   8.1602572e+08
      94.5000   5.8808911e+08
      95.5000   3.4200625e+08
      96.5000   3.5934872e+08
      97.5000   6.5195840e+09
      98.5000   7.4699394e+08
      99.5000   1.1642056e+09
      100.500   4.7633820e+08
      101.500   5.5595541e+08
      102.500   5.1701401e+09
      103.500   5.3874719e+09
      104.500   7.8986323e+08
      105.500   6.7515041e+08
      106.500   6.4881410e+08
      107.500   6.9499150e+08
      108.500   1.1765662e+09
      109.500   7.9896370e+08
      110.500   8.5971388e+08
      111.500   7.8714975e+08
      112.500   8.7697496e+08
      113.500   6.8173641e+08
      114.500   4.6532269e+08
      115.500   7.7115595e+08
      116.500   8.7939119e+08
      117.500   3.8236688e+09
      118.500   1.0067469e+09
      119.500   3.4034112e+09
      119.750   3.2940712e+09
      119.800   3.4433462e+09
      119.850   3.6253565e+09
      119.900   3.7948299e+09
      119.950   3.9003741e+09
      120.000   3.9013954e+09
      120.050   3.7977629e+09
      120.100   3.6159736e+09
      120.150   3.4140527e+09
      120.200   3.2519378e+09
      120.250   3.2120867e+09
      120.300   3.6025973e+09
      120.350   5.0189275e+09
      120.400   7.9841146e+09
      120.450   1.2569884e+10
      120.500   1.8209913e+10
      120.550   2.3587340e+10
      120.600   2.7127879e+10
      120.650   2.7643730e+10
      120.700   2.4930417e+10
      120.750   2.0012225e+10
      120.800   1.4578634e+10
      120.850   1.0005264e+10
      120.900   6.9998816e+09
      120.950   5.7356941e+09
      121.000   5.8154999e+09
      121.050   6.7035808e+09
      121.100   8.4637911e+09
      121.150   1.3485390e+10
      121.200   3.3736547e+10
      121.250   1.0136138e+11
      121.300   2.5916181e+11
      121.350   5.2593621e+11
      121.400   8.7783919e+11
      121.450   1.2521244e+12
      121.500   1.5514124e+12
      121.550   1.6745489e+12
      121.600   1.5802627e+12
      121.650   1.3050650e+12
      121.700   9.4133307e+11
      121.750   5.8509326e+11
      121.800   3.0785710e+11
      121.850   1.3686108e+11
      121.900   5.5712848e+10
      121.950   2.5753947e+10
      122.000   1.5215261e+10
      122.050   1.0485920e+10
      122.100   7.7523000e+09
      122.150   6.1323645e+09
      122.200   5.1348707e+09
      122.250   4.4581205e+09
      122.300   3.9650795e+09
      122.350   3.5918552e+09
      122.400   3.2997388e+09
      122.450   3.0690851e+09
      122.500   2.8894760e+09
      122.550   2.7585042e+09
      122.600   2.6725223e+09
      122.650   2.6179893e+09
      122.700   2.5801046e+09
      122.750   2.5477548e+09
      122.800   2.5030023e+09
      122.850   2.4371650e+09
      122.900   2.3576489e+09
      122.950   2.2656763e+09
      123.000   2.1674301e+09
      123.050   2.0765439e+09
      123.100   2.0048125e+09
      123.150   1.9528799e+09
      123.200   1.9195284e+09
      123.250   1.9010548e+09
      123.300   1.8887785e+09
      123.350   1.8783563e+09
      123.400   1.8641942e+09
      123.450   1.8425551e+09
      123.500   1.8383230e+09
      123.550   1.9137755e+09
      123.600   2.1393881e+09
      123.650   2.5427583e+09
      123.700   3.1166215e+09
      123.750   3.7645297e+09
      123.800   4.2994241e+09
      123.850   4.5433036e+09
      123.900   4.4502394e+09
      123.950   4.0747864e+09
      124.000   3.5796854e+09
      124.050   3.1791973e+09
      124.100   3.0022568e+09
      124.150   3.0278646e+09
      124.200   3.1367290e+09
      124.250   3.1843229e+09
      124.300   3.0622139e+09
      124.350   2.7576649e+09
      124.400   2.3575890e+09
      124.450   1.9785117e+09
      124.500   1.6969966e+09
      124.550   1.5332450e+09
      124.600   1.4710745e+09
      124.650   1.4641276e+09
      124.700   1.4647148e+09
      124.750   1.4571302e+09
      124.800   1.4482812e+09
      124.850   1.4457158e+09
      124.900   1.4557353e+09
      124.950   1.4739475e+09
      125.000   1.4839855e+09
      125.050   1.4870997e+09
      125.100   1.4996714e+09
      125.150   1.5299104e+09
      125.200   1.5955025e+09
      125.250   1.7034327e+09
      125.300   1.8215507e+09
      125.350   1.9144967e+09
      125.400   1.9683393e+09
      125.450   1.9760775e+09
      125.500   1.9503046e+09
      125.550   1.9238779e+09
      125.600   1.9202137e+09
      125.650   1.9608666e+09
      125.700   2.0756593e+09
      125.750   2.2862245e+09
      125.800   2.6053545e+09
      125.850   3.0078121e+09
      125.900   3.4137608e+09
      125.950   3.7070609e+09
      126.000   3.7974207e+09
      126.050   3.6350548e+09
      126.100   3.2380896e+09
      126.150   2.7505434e+09
      126.200   2.4177746e+09
      126.250   2.4530859e+09
      126.300   2.9205576e+09
      126.350   3.7290210e+09
      126.400   4.6451277e+09
      126.450   5.3376697e+09
      126.500   5.5118875e+09
      126.550   5.1097739e+09
      126.600   4.3054392e+09
      126.650   3.3466649e+09
      126.700   2.4586373e+09
      126.750   1.8030311e+09
      126.800   1.4152637e+09
      126.850   1.2285369e+09
      126.900   1.1497295e+09
      126.950   1.1239547e+09
      127.000   1.1237574e+09
      127.050   1.1280411e+09
      127.100   1.1227209e+09
      127.150   1.1109892e+09
      127.200   1.1139898e+09
      127.250   1.1516181e+09
      127.300   1.2393098e+09
      127.350   1.3771239e+09
      127.400   1.5465023e+09
      127.450   1.7128021e+09
      127.500   1.8567455e+09
      127.550   1.9648087e+09
      127.600   2.0253757e+09
      127.650   2.0480391e+09
      127.700   2.0475542e+09
      127.750   2.0232504e+09
      127.800   1.9854033e+09
      127.850   1.9481700e+09
      127.900   1.9051068e+09
      127.950   1.8426671e+09
      128.000   1.7530882e+09
      128.050   1.6279505e+09
      128.100   1.4710852e+09
      128.150   1.3076393e+09
      128.200   1.1634456e+09
      128.250   1.0546828e+09
      128.300   9.9044371e+08
      128.350   9.5978545e+08
      128.400   9.4398403e+08
      128.450   9.3723183e+08
      128.500   9.4601430e+08
      128.550   9.8848703e+08
      128.600   1.0782977e+09
      128.650   1.2219839e+09
      128.700   1.4059898e+09
      128.750   1.5972748e+09
      128.800   1.7471705e+09
      128.850   1.8205676e+09
      128.900   1.8082833e+09
      128.950   1.7154166e+09
      129.000   1.5711249e+09
      129.050   1.4143654e+09
      129.100   1.2724463e+09
      129.150   1.1636068e+09
      129.200   1.1028597e+09
      129.250   1.1006813e+09
      129.300   1.1558368e+09
      129.350   1.2657853e+09
      129.400   1.4142890e+09
      129.450   1.5694303e+09
      129.500   1.6946737e+09
      129.550   1.7710531e+09
      129.600   1.8011242e+09
      129.650   1.8037788e+09
      129.700   1.8155849e+09
      129.750   1.8692435e+09
      129.800   1.9739598e+09
      129.850   2.1664343e+09
      129.900   2.6077913e+09
      129.950   3.5746518e+09
      130.000   5.2241833e+09
      130.050   7.3658191e+09
      130.100   9.6500485e+09
      130.150   1.1713049e+10
      130.200   1.3233089e+10
      130.250   1.4222666e+10
      130.300   1.5219564e+10
      130.350   1.6768963e+10
      130.400   1.8858356e+10
      130.450   2.0903333e+10
      130.500   2.2062128e+10
      130.550   2.1649563e+10
      130.600   1.9420337e+10
      130.650   1.5800287e+10
      130.700   1.1775720e+10
      130.750   8.3278541e+09
      130.800   5.9193879e+09
      130.850   4.5488776e+09
      130.900   3.9398211e+09
      130.950   3.6787030e+09
      131.000   3.4391678e+09
      131.050   3.1294506e+09
      131.100   2.7772169e+09
      131.150   2.4405737e+09
      131.200   2.1605297e+09
      131.250   1.9477309e+09
      131.300   1.7810830e+09
      131.350   1.6593148e+09
      131.400   1.6016793e+09
      131.450   1.6161987e+09
      131.500   1.6910280e+09
      131.550   1.8109894e+09
      131.600   1.9423149e+09
      131.650   2.0452138e+09
      131.700   2.1096997e+09
      131.750   2.1430314e+09
      131.800   2.1318901e+09
      131.850   2.0649309e+09
      131.900   1.9447486e+09
      131.950   1.7792618e+09
      132.000   1.5883734e+09
      132.050   1.4166366e+09
      132.100   1.3066747e+09
      132.150   1.2758718e+09
      132.200   1.3143254e+09
      132.250   1.3921257e+09
      132.300   1.4719847e+09
      132.350   1.5212256e+09
      132.400   1.5298061e+09
      132.450   1.5070243e+09
      132.500   1.4735422e+09
      132.550   1.4467136e+09
      132.600   1.4506001e+09
      132.650   1.5119735e+09
      132.700   1.6389231e+09
      132.750   1.8208199e+09
      132.800   2.0242671e+09
      132.850   2.1990815e+09
      132.900   2.2876373e+09
      132.950   2.2623705e+09
      133.000   2.1305244e+09
      133.050   1.9523183e+09
      133.100   1.9517107e+09
      133.150   2.7730066e+09
      133.200   5.2192109e+09
      133.250   9.9172683e+09
      133.300   1.7269373e+10
      133.350   2.6676443e+10
      133.400   3.6036778e+10
      133.450   4.2862250e+10
      133.500   4.5434598e+10
      133.550   4.2719405e+10
      133.600   3.5390671e+10
      133.650   2.5820545e+10
      133.700   1.6593583e+10
      133.750   9.3007340e+09
      133.800   4.6231145e+09
      133.850   2.3329922e+09
      133.900   1.5586080e+09
      133.950   1.4025961e+09
      134.000   1.3889399e+09
      134.050   1.4029678e+09
      134.100   1.4278173e+09
      134.150   1.4459251e+09
      134.200   1.4579601e+09
      134.250   1.4605327e+09
      134.300   1.4543094e+09
      134.350   1.4501119e+09
      134.400   1.4547149e+09
      134.450   1.4579661e+09
      134.500   1.4632525e+09
      134.550   1.4780345e+09
      134.600   1.4962182e+09
      134.650   1.5130579e+09
      134.700   1.5353399e+09
      134.750   1.5637491e+09
      134.800   1.6057640e+09
      134.850   1.7001319e+09
      134.900   1.8747811e+09
      134.950   2.1345609e+09
      135.000   2.4598382e+09
      135.050   2.7805924e+09
      135.100   2.9974256e+09
      135.150   3.0523353e+09
      135.200   2.9574051e+09
      135.250   2.8140157e+09
      135.300   2.7632410e+09
      135.350   2.9040782e+09
      135.400   3.2558429e+09
      135.450   3.7204849e+09
      135.500   4.1240185e+09
      135.550   4.3345494e+09
      135.600   4.3142830e+09
      135.650   4.1039761e+09
      135.700   3.8278693e+09
      135.750   3.5830237e+09
      135.800   3.3947935e+09
      135.850   3.2516038e+09
      135.900   3.1096771e+09
      135.950   2.9265424e+09
      136.000   2.7357335e+09
      136.050   2.5413559e+09
      136.100   2.3660373e+09
      136.150   2.2598811e+09
      136.200   2.2099240e+09
      136.250   2.2114218e+09
      136.300   2.2239093e+09
      136.350   2.2377795e+09
      136.400   2.2111072e+09
      136.450   2.1596623e+09
      136.500   2.0916712e+09
      136.550   2.0387676e+09
      136.600   1.9989028e+09
      136.650   1.9955029e+09
      136.700   2.0203422e+09
      136.750   2.0844768e+09
      136.800   2.1686485e+09
      136.850   2.2666730e+09
      136.900   2.3675277e+09
      136.950   2.4774268e+09
      137.000   2.5694567e+09
      137.050   2.6346199e+09
      137.100   2.6604514e+09
      137.150   2.6545106e+09
      137.200   2.6098491e+09
      137.250   2.5347240e+09
      137.300   2.4339448e+09
      137.350   2.3303232e+09
      137.400   2.2356259e+09
      137.450   2.1609448e+09
      137.500   2.1007591e+09
      137.550   2.0661742e+09
      137.600   2.0509780e+09
      137.650   2.0607401e+09
      137.700   2.0906312e+09
      137.750   2.1392848e+09
      137.800   2.2018606e+09
      137.850   2.2853203e+09
      137.900   2.3605007e+09
      137.950   2.4273940e+09
      138.000   2.4804277e+09
      138.050   2.5091517e+09
      138.100   2.4982305e+09
      138.150   2.4643278e+09
      138.200   2.4115979e+09
      138.250   2.3532559e+09
      138.300   2.3004460e+09
      138.350   2.2664207e+09
      138.400   2.2484097e+09
      138.450   2.2561987e+09
      138.500   2.2849296e+09
      138.550   2.3311345e+09
      138.600   2.3829594e+09
      138.650   2.4390128e+09
      138.700   2.4825257e+09
      138.750   2.5148829e+09
      138.800   2.5220842e+09
      138.850   2.5187945e+09
      138.900   2.5057030e+09
      138.950   2.4996035e+09
      139.000   2.6370851e+09
      139.050   3.2237962e+09
      139.100   4.5567127e+09
      139.150   6.7397116e+09
      139.200   9.5534598e+09
      139.250   1.2405715e+10
      139.300   1.4635297e+10
      139.350   1.5707871e+10
      139.400   1.5341215e+10
      139.450   1.3604050e+10
      139.500   1.1078342e+10
      139.550   8.4172138e+09
      139.600   6.1037872e+09
      139.650   4.3896577e+09
      139.700   3.4176688e+09
      139.750   3.0900307e+09
      139.800   3.1517191e+09
      139.850   3.3607343e+09
      139.900   3.7059541e+09
      139.950   4.3102315e+09
      140.000   5.2486224e+09
      140.050   6.4996073e+09
      140.100   7.9632733e+09
      140.150   9.3361733e+09
      140.200   1.0286171e+10
      140.250   1.0636132e+10
      140.300   1.0307647e+10
      140.350   9.3565696e+09
      140.400   8.0652215e+09
      140.450   6.7269502e+09
      140.500   5.5562230e+09
      140.550   4.6566221e+09
      140.600   4.0610269e+09
      140.650   3.7314915e+09
      140.700   3.5796768e+09
      140.750   3.4901664e+09
      140.800   3.4247140e+09
      140.850   3.3982504e+09
      140.900   3.4143663e+09
      140.950   3.4652953e+09
      141.000   3.5397059e+09
      141.050   3.6184331e+09
      141.100   3.6965041e+09
      141.150   3.7404892e+09
      141.200   3.7425257e+09
      141.250   3.7111102e+09
      141.300   3.6682793e+09
      141.350   3.6061859e+09
      141.400   3.5618602e+09
      141.450   3.5360348e+09
      141.500   3.5365719e+09
      141.550   3.5499472e+09
      141.600   3.5733204e+09
      141.650   3.5902847e+09
      141.700   3.6051187e+09
      141.750   3.6042480e+09
      141.800   3.5919433e+09
      141.850   3.5753406e+09
      141.900   3.5572945e+09
      141.950   3.5385200e+09
      142.000   3.5247403e+09
      142.050   3.5195392e+09
      142.100   3.5179140e+09
      142.150   3.5521010e+09
      142.200   3.6386194e+09
      142.250   3.8033288e+09
      142.300   4.0355557e+09
      142.350   4.2987890e+09
      142.400   4.5284807e+09
      142.450   4.6736317e+09
      142.500   4.6874792e+09
      142.550   4.5684485e+09
      142.600   4.3595122e+09
      142.650   4.1166440e+09
      142.700   3.9023672e+09
      142.750   3.7462044e+09
      142.800   3.6518137e+09
      142.850   3.6358168e+09
      142.900   3.7011755e+09
      142.950   3.8184431e+09
      143.000   3.9855114e+09
      143.050   4.2190119e+09
      143.100   4.4750281e+09
      143.150   4.7218444e+09
      143.200   4.9118278e+09
      143.250   5.0138779e+09
      143.300   5.0098515e+09
      143.350   4.9256412e+09
      143.400   4.7828400e+09
      143.450   4.6377703e+09
      143.500   4.5157376e+09
      143.550   4.4261694e+09
      143.600   4.3712702e+09
      143.650   4.3394948e+09
      143.700   4.3105929e+09
      143.750   4.2671827e+09
      143.800   4.2266397e+09
      143.850   4.1860677e+09
      143.900   4.1519917e+09
      143.950   4.1273212e+09
      144.000   4.1331089e+09
      144.050   4.1381732e+09
      144.100   4.1657500e+09
      144.150   4.1955236e+09
      144.200   4.2289506e+09
      144.250   4.2689412e+09
      144.300   4.3307727e+09
      144.350   4.3766434e+09
      144.400   4.4327315e+09
      144.450   4.4837625e+09
      144.500   4.5202652e+09
      144.550   4.5407674e+09
      144.600   4.5416096e+09
      144.650   4.5125661e+09
      144.700   4.4776688e+09
      144.750   4.4310762e+09
      144.800   4.3793426e+09
      144.850   4.3436300e+09
      144.900   4.3203039e+09
      144.950   4.3122994e+09
      145.000   4.3262082e+09
      145.050   4.3518201e+09
      145.100   4.3818355e+09
      145.150   4.4243041e+09
      145.200   4.4785078e+09
      145.250   4.5547054e+09
      145.300   4.6368120e+09
      145.350   4.7189734e+09
      145.400   4.7975270e+09
      145.450   4.8578106e+09
      145.500   4.8763436e+09
      145.550   4.8728855e+09
      145.600   4.8459461e+09
      145.650   4.8255921e+09
      145.700   4.8169699e+09
      145.750   4.8244988e+09
      145.800   4.8555414e+09
      145.850   4.9079172e+09
      145.900   4.9441531e+09
      145.950   4.9612920e+09
      146.000   4.9762341e+09
      146.050   5.0066404e+09
      146.100   5.0738762e+09
      146.150   5.1779784e+09
      146.200   5.3138301e+09
      146.250   5.4482993e+09
      146.300   5.5548452e+09
      146.350   5.5980414e+09
      146.400   5.5999535e+09
      146.450   5.5841547e+09
      146.500   5.6163284e+09
      146.550   5.7349229e+09
      146.600   5.9496303e+09
      146.650   6.2139931e+09
      146.700   6.4800138e+09
      146.750   6.6818803e+09
      146.800   6.7625681e+09
      146.850   6.7204727e+09
      146.900   6.5961814e+09
      146.950   6.4718040e+09
      147.000   6.4436363e+09
      147.050   6.6362615e+09
      147.100   7.0869663e+09
      147.150   7.7633879e+09
      147.200   8.5448537e+09
      147.250   9.2452297e+09
      147.300   9.6937164e+09
      147.350   9.7861059e+09
      147.400   9.4848993e+09
      147.450   8.8937164e+09
      147.500   8.1311821e+09
      147.550   7.3599508e+09
      147.600   6.6833953e+09
      147.650   6.1864291e+09
      147.700   5.8744463e+09
      147.750   5.7066865e+09
      147.800   5.6281833e+09
      147.850   5.6755335e+09
      147.900   5.8570616e+09
      147.950   6.1758882e+09
      148.000   6.6388623e+09
      148.050   7.2050994e+09
      148.100   7.7463441e+09
      148.150   8.1595492e+09
      148.200   8.3639338e+09
      148.250   8.3144633e+09
      148.300   8.0856097e+09
      148.350   7.7668958e+09
      148.400   7.4524510e+09
      148.450   7.2604719e+09
      148.500   7.2045506e+09
      148.550   7.2429064e+09
      148.600   7.2992578e+09
      148.650   7.3219376e+09
      148.700   7.2517186e+09
      148.750   7.0915042e+09
      148.800   6.8681975e+09
      148.850   6.6447391e+09
      148.900   6.4496396e+09
      148.950   6.3422238e+09
      149.000   6.3225795e+09
      149.050   6.3877907e+09
      149.100   6.5071384e+09
      149.150   6.6415962e+09
      149.200   6.7588510e+09
      149.250   6.8400833e+09
      149.300   6.8611833e+09
      149.350   6.8439140e+09
      149.400   6.7987767e+09
      149.450   6.7340281e+09
      149.500   6.6677282e+09
      149.550   6.6232362e+09
      149.600   6.5937900e+09
      149.650   6.5884522e+09
      149.700   6.5929164e+09
      149.750   6.6396397e+09
      149.800   6.7301734e+09
      149.850   6.8524798e+09
      149.900   6.9922385e+09
      149.950   7.1608025e+09
      150.000   7.3173837e+09
      150.050   7.4468102e+09
      150.100   7.5316952e+09
      150.150   7.5614027e+09
      150.200   7.5532860e+09
      150.250   7.5186649e+09
      150.300   7.4582693e+09
      150.350   7.3963176e+09
      150.400   7.3517531e+09
      150.450   7.3101910e+09
      150.500   7.2875582e+09
      150.550   7.2785636e+09
      150.600   7.3021915e+09
      150.650   7.3463272e+09
      150.700   7.3958066e+09
      150.750   7.4605079e+09
      150.800   7.5655206e+09
      150.850   7.6994832e+09
      150.900   7.8692655e+09
      150.950   8.0619745e+09
      151.000   8.2395918e+09
      151.050   8.3792701e+09
      151.100   8.4352937e+09
      151.150   8.3999646e+09
      151.200   8.2960498e+09
      151.250   8.1539610e+09
      151.300   8.0041547e+09
      151.350   7.8923774e+09
      151.400   7.8110359e+09
      151.450   7.7983152e+09
      151.500   7.8084833e+09
      151.550   7.8339267e+09
      151.600   7.8593849e+09
      151.650   7.8848578e+09
      151.700   7.8874172e+09
      151.750   7.8976239e+09
      151.800   7.8925404e+09
      151.850   7.8951028e+09
      151.900   7.9206217e+09
      151.950   7.9538126e+09
      152.000   8.0099957e+09
      152.050   8.0815347e+09
      152.100   8.1914321e+09
      152.150   8.3167284e+09
      152.200   8.4651085e+09
      152.250   8.5905726e+09
      152.300   8.7544791e+09
      152.350   9.0259418e+09
      152.400   9.5509380e+09
      152.450   1.0352757e+10
      152.500   1.1354838e+10
      152.550   1.2396008e+10
      152.600   1.3245663e+10
      152.650   1.3688294e+10
      152.700   1.3577347e+10
      152.750   1.2958454e+10
      152.800   1.2054348e+10
      152.850   1.1095753e+10
      152.900   1.0244370e+10
      152.950   9.6775196e+09
      153.000   9.5110926e+09
      153.050   9.7917367e+09
      153.100   1.0481327e+10
      153.150   1.1518535e+10
      153.200   1.2733922e+10
      153.250   1.3857451e+10
      153.300   1.4657361e+10
      153.350   1.4909312e+10
      153.400   1.4543218e+10
      153.450   1.3736274e+10
      153.500   1.2774155e+10
      153.550   1.1857795e+10
      153.600   1.1142017e+10
      153.650   1.0696677e+10
      153.700   1.0460096e+10
      153.750   1.0347280e+10
      153.800   1.0288622e+10
      153.850   1.0284173e+10
      153.900   1.0403759e+10
      153.950   1.0631987e+10
      154.000   1.0899147e+10
      154.050   1.1135437e+10
      154.100   1.1263202e+10
      154.150   1.1196925e+10
      154.200   1.0983024e+10
      154.250   1.0722366e+10
      154.300   1.0500400e+10
      154.350   1.0363812e+10
      154.400   1.0367125e+10
      154.450   1.0642731e+10
      154.500   1.1766776e+10
      154.550   1.4502989e+10
      154.600   1.8775038e+10
      154.650   2.4124798e+10
      154.700   2.9914338e+10
      154.750   3.5052822e+10
      154.800   3.8596158e+10
      154.850   4.0223024e+10
      154.900   3.9690512e+10
      154.950   3.7579568e+10
      155.000   3.4678398e+10
      155.050   3.1244065e+10
      155.100   2.7510522e+10
      155.150   2.3912803e+10
      155.200   2.0512158e+10
      155.250   1.7312650e+10
      155.300   1.4517849e+10
      155.350   1.2362883e+10
      155.400   1.1106656e+10
      155.450   1.0656075e+10
      155.500   1.0643804e+10
      155.550   1.0811707e+10
      155.600   1.1199155e+10
      155.650   1.1869066e+10
      155.700   1.2868767e+10
      155.750   1.4316236e+10
      155.800   1.6258982e+10
      155.850   1.8611127e+10
      155.900   2.1066833e+10
      155.950   2.3194205e+10
      156.000   2.4607937e+10
      156.050   2.5000834e+10
      156.100   2.4285444e+10
      156.150   2.2657325e+10
      156.200   2.0532561e+10
      156.250   1.8343494e+10
      156.300   1.6444299e+10
      156.350   1.4953367e+10
      156.400   1.3965606e+10
      156.450   1.3418461e+10
      156.500   1.3186240e+10
      156.550   1.3174643e+10
      156.600   1.3297113e+10
      156.650   1.3537997e+10
      156.700   1.3905299e+10
      156.750   1.4359668e+10
      156.800   1.4861701e+10
      156.850   1.5356152e+10
      156.900   1.5748186e+10
      156.950   1.6006095e+10
      157.000   1.6034869e+10
      157.050   1.5897564e+10
      157.100   1.5673139e+10
      157.150   1.5543541e+10
      157.200   1.5675109e+10
      157.250   1.6123528e+10
      157.300   1.6786111e+10
      157.350   1.7488731e+10
      157.400   1.8009476e+10
      157.450   1.8102369e+10
      157.500   1.7727347e+10
      157.550   1.6971223e+10
      157.600   1.6008269e+10
      157.650   1.5020888e+10
      157.700   1.4191721e+10
      157.750   1.3616243e+10
      157.800   1.3342373e+10
      157.850   1.3338600e+10
      157.900   1.3557465e+10
      157.950   1.3848051e+10
      158.000   1.4106992e+10
      158.050   1.4262621e+10
      158.100   1.4235233e+10
      158.150   1.4064468e+10
      158.200   1.3853764e+10
      158.250   1.3754491e+10
      158.300   1.3830528e+10
      158.350   1.4042164e+10
      158.400   1.4357625e+10
      158.450   1.4665300e+10
      158.500   1.4901332e+10
      158.550   1.5089604e+10
      158.600   1.5262017e+10
      158.650   1.5450512e+10
      158.700   1.5695062e+10
      158.750   1.5923774e+10
      158.800   1.6072661e+10
      158.850   1.6093655e+10
      158.900   1.5962633e+10
      158.950   1.5695464e+10
      159.000   1.5412113e+10
      159.050   1.5160618e+10
      159.100   1.5005098e+10
      159.150   1.4977700e+10
      159.200   1.5118622e+10
      159.250   1.5339817e+10
      159.300   1.5609272e+10
      159.350   1.5854822e+10
      159.400   1.6012228e+10
      159.450   1.6017189e+10
      159.500   1.5829400e+10
      159.550   1.5472789e+10
      159.600   1.5051663e+10
      159.650   1.4638313e+10
      159.700   1.4280991e+10
      159.750   1.4060187e+10
      159.800   1.4008211e+10
      159.850   1.4117173e+10
      159.900   1.4363064e+10
      159.950   1.4810445e+10
      160.000   1.5395052e+10
      160.050   1.6068660e+10
      160.100   1.6734619e+10
      160.150   1.7280034e+10
      160.200   1.7608001e+10
      160.250   1.7645703e+10
      160.300   1.7425157e+10
      160.350   1.7034926e+10
      160.400   1.6587921e+10
      160.450   1.6172952e+10
      160.500   1.5919342e+10
      160.550   1.5867654e+10
      160.600   1.6058508e+10
      160.650   1.6427419e+10
      160.700   1.6893645e+10
      160.750   1.7368246e+10
      160.800   1.7859327e+10
      160.850   1.8302118e+10
      160.900   1.8712773e+10
      160.950   1.9123675e+10
      161.000   1.9615885e+10
      161.050   2.0173259e+10
      161.100   2.0836412e+10
      161.150   2.1499960e+10
      161.200   2.2042184e+10
      161.250   2.2333069e+10
      161.300   2.2291184e+10
      161.350   2.1843110e+10
      161.400   2.1077857e+10
      161.450   2.0206468e+10
      161.500   1.9367064e+10
      161.550   1.8722336e+10
      161.600   1.8402634e+10
      161.650   1.8400115e+10
      161.700   1.8617386e+10
      161.750   1.8956933e+10
      161.800   1.9264098e+10
      161.850   1.9530711e+10
      161.900   1.9805628e+10
      161.950   2.0129631e+10
      162.000   2.0576157e+10
      162.050   2.1202428e+10
      162.100   2.1869877e+10
      162.150   2.2456098e+10
      162.200   2.2936524e+10
      162.250   2.3253882e+10
      162.300   2.3448871e+10
      162.350   2.3594939e+10
      162.400   2.3741089e+10
      162.450   2.3960926e+10
      162.500   2.4164529e+10
      162.550   2.4261896e+10
      162.600   2.4220168e+10
      162.650   2.4055591e+10
      162.700   2.3833582e+10
      162.750   2.3636010e+10
      162.800   2.3495681e+10
      162.850   2.3404446e+10
      162.900   2.3354152e+10
      162.950   2.3303827e+10
      163.000   2.3310902e+10
      163.050   2.3391845e+10
      163.100   2.3702721e+10
      163.150   2.4268367e+10
      163.200   2.4891861e+10
      163.250   2.5449989e+10
      163.300   2.5819386e+10
      163.350   2.5802541e+10
      163.400   2.5464898e+10
      163.450   2.5044776e+10
      163.500   2.4616164e+10
      163.550   2.4409565e+10
      163.600   2.4491065e+10
      163.650   2.4852684e+10
      163.700   2.5642999e+10
      163.750   2.7051983e+10
      163.800   2.8948264e+10
      163.850   3.1175588e+10
      163.900   3.3489923e+10
      163.950   3.5367225e+10
      164.000   3.6344896e+10
      164.050   3.6231981e+10
      164.100   3.5151516e+10
      164.150   3.3355520e+10
      164.200   3.1456375e+10
      164.250   2.9861972e+10
      164.300   2.8704908e+10
      164.350   2.8002126e+10
      164.400   2.7613361e+10
      164.450   2.7141581e+10
      164.500   2.6537037e+10
      164.550   2.5932146e+10
      164.600   2.5451157e+10
      164.650   2.5201917e+10
      164.700   2.5234380e+10
      164.750   2.5374658e+10
      164.800   2.5531608e+10
      164.850   2.5613972e+10
      164.900   2.5538683e+10
      164.950   2.5305599e+10
      165.000   2.4972713e+10
      165.050   2.4598082e+10
      165.100   2.4372804e+10
      165.150   2.4438316e+10
      165.200   2.4803198e+10
      165.250   2.5550895e+10
      165.300   2.6898062e+10
      165.350   2.9244717e+10
      165.400   3.2983024e+10
      165.450   3.8455658e+10
      165.500   4.5730816e+10
      165.550   5.4201719e+10
      165.600   6.2692860e+10
      165.650   6.9606491e+10
      165.700   7.3543479e+10
      165.750   7.3690955e+10
      165.800   7.0120678e+10
      165.850   6.3580475e+10
      165.900   5.5600368e+10
      165.950   4.7782561e+10
      166.000   4.1263428e+10
      166.050   3.6562265e+10
      166.100   3.3680691e+10
      166.150   3.2252396e+10
      166.200   3.1642976e+10
      166.250   3.1401335e+10
      166.300   3.1310197e+10
      166.350   3.1260858e+10
      166.400   3.1169610e+10
      166.450   3.1153695e+10
      166.500   3.1204802e+10
      166.550   3.1222443e+10
      166.600   3.1206555e+10
      166.650   3.1115161e+10
      166.700   3.0964987e+10
      166.750   3.1142001e+10
      166.800   3.2074597e+10
      166.850   3.3855821e+10
      166.900   3.6335224e+10
      166.950   3.9110157e+10
      167.000   4.1458106e+10
      167.050   4.2773417e+10
      167.100   4.2735608e+10
      167.150   4.1494897e+10
      167.200   3.9613970e+10
      167.250   3.7723584e+10
      167.300   3.6261450e+10
      167.350   3.5430063e+10
      167.400   3.5179442e+10
      167.450   3.5248887e+10
      167.500   3.5301505e+10
      167.550   3.5151790e+10
      167.600   3.4867033e+10
      167.650   3.4632718e+10
      167.700   3.4516411e+10
      167.750   3.4526573e+10
      167.800   3.4680285e+10
      167.850   3.5003017e+10
      167.900   3.5410418e+10
      167.950   3.5843415e+10
      168.000   3.6234387e+10
      168.050   3.6481818e+10
      168.100   3.6577127e+10
      168.150   3.6486327e+10
      168.200   3.6260047e+10
      168.250   3.6101358e+10
      168.300   3.6238986e+10
      168.350   3.6876509e+10
      168.400   3.8082153e+10
      168.450   3.9771661e+10
      168.500   4.1699567e+10
      168.550   4.3552244e+10
      168.600   4.5015743e+10
      168.650   4.5911496e+10
      168.700   4.6213541e+10
      168.750   4.6108173e+10
      168.800   4.5849848e+10
      168.850   4.5769784e+10
      168.900   4.6021111e+10
      168.950   4.6621143e+10
      169.000   4.7510645e+10
      169.050   4.8477210e+10
      169.100   4.9265647e+10
      169.150   4.9884306e+10
      169.200   5.0452245e+10
      169.250   5.0986437e+10
      169.300   5.1537970e+10
      169.350   5.2183546e+10
      169.400   5.2991438e+10
      169.450   5.3953259e+10
      169.500   5.4975335e+10
      169.550   5.5963883e+10
      169.600   5.6893257e+10
      169.650   5.7643901e+10
      169.700   5.8181514e+10
      169.750   5.8394874e+10
      169.800   5.8386210e+10
      169.850   5.8445906e+10
      169.900   5.8839013e+10
      169.950   5.9634230e+10
      170.000   6.0960217e+10
      170.050   6.2680764e+10
      170.100   6.4376642e+10
      170.150   6.5542720e+10
      170.200   6.5990143e+10
      170.250   6.5666878e+10
      170.300   6.4675070e+10
      170.350   6.3279831e+10
      170.400   6.1883756e+10
      170.450   6.0701253e+10
      170.500   5.9938404e+10
      170.550   5.9715595e+10
      170.600   6.0067743e+10
      170.650   6.0909486e+10
      170.700   6.2138201e+10
      170.750   6.3608169e+10
      170.800   6.5139136e+10
      170.850   6.6430294e+10
      170.900   6.7111685e+10
      170.950   6.7113993e+10
      171.000   6.6557051e+10
      171.050   6.5621111e+10
      171.100   6.4434969e+10
      171.150   6.3282565e+10
      171.200   6.2275917e+10
      171.250   6.1423762e+10
      171.300   6.0709002e+10
      171.350   6.0209343e+10
      171.400   6.0080185e+10
      171.450   6.0494396e+10
      171.500   6.1564601e+10
      171.550   6.3196652e+10
      171.600   6.5131823e+10
      171.650   6.7024925e+10
      171.700   6.8625422e+10
      171.750   6.9587400e+10
      171.800   6.9996733e+10
      171.850   7.0181485e+10
      171.900   7.0236596e+10
      171.950   7.0222526e+10
      172.000   7.0147859e+10
      172.050   6.9804792e+10
      172.100   6.9080520e+10
      172.150   6.8061314e+10
      172.200   6.7032850e+10
      172.250   6.6428429e+10
      172.300   6.6491159e+10
      172.350   6.7264973e+10
      172.400   6.8629057e+10
      172.450   7.0236878e+10
      172.500   7.1732798e+10
      172.550   7.2795292e+10
      172.600   7.3250497e+10
      172.650   7.3184745e+10
      172.700   7.2623675e+10
      172.750   7.1488621e+10
      172.800   6.9952971e+10
      172.850   6.8233800e+10
      172.900   6.6487516e+10
      172.950   6.4957767e+10
      173.000   6.3940668e+10
      173.050   6.3610798e+10
      173.100   6.3907787e+10
      173.150   6.4692787e+10
      173.200   6.5757081e+10
      173.250   6.6882998e+10
      173.300   6.7913639e+10
      173.350   6.8822753e+10
      173.400   6.9584062e+10
      173.450   7.0206183e+10
      173.500   7.0750085e+10
      173.550   7.1224547e+10
      173.600   7.1638141e+10
      173.650   7.2086894e+10
      173.700   7.2570861e+10
      173.750   7.3125027e+10
      173.800   7.3749460e+10
      173.850   7.4540422e+10
      173.900   7.5541814e+10
      173.950   7.6745066e+10
      174.000   7.8167857e+10
      174.050   7.9827889e+10
      174.100   8.1576461e+10
      174.150   8.3255922e+10
      174.200   8.4839932e+10
      174.250   8.6214429e+10
      174.300   8.7282776e+10
      174.350   8.8158732e+10
      174.400   8.8710520e+10
      174.450   8.8823751e+10
      174.500   8.8585859e+10
      174.550   8.7908549e+10
      174.600   8.6853086e+10
      174.650   8.5630055e+10
      174.700   8.4502996e+10
      174.750   8.3797314e+10
      174.800   8.3777186e+10
      174.850   8.4566369e+10
      174.900   8.6139141e+10
      174.950   8.8284938e+10
      175.000   9.0775313e+10
      175.050   9.3179020e+10
      175.100   9.5231698e+10
      175.150   9.6933040e+10
      175.200   9.8282751e+10
      175.250   9.9721387e+10
      175.300   1.0107262e+11
      175.350   1.0260105e+11
      175.400   1.0413031e+11
      175.450   1.0557218e+11
      175.500   1.0666165e+11
      175.550   1.0739891e+11
      175.600   1.0795989e+11
      175.650   1.0825605e+11
      175.700   1.0864075e+11
      175.750   1.0911409e+11
      175.800   1.0976458e+11
      175.850   1.1050389e+11
      175.900   1.1142061e+11
      175.950   1.1242637e+11
      176.000   1.1334414e+11
      176.050   1.1408526e+11
      176.100   1.1429518e+11
      176.150   1.1397344e+11
      176.200   1.1303094e+11
      176.250   1.1155583e+11
      176.300   1.0954763e+11
      176.350   1.0736081e+11
      176.400   1.0535022e+11
      176.450   1.0422625e+11
      176.500   1.0443368e+11
      176.550   1.0606196e+11
      176.600   1.0929051e+11
      176.650   1.1332076e+11
      176.700   1.1726435e+11
      176.750   1.2040979e+11
      176.800   1.2257848e+11
      176.850   1.2394756e+11
      176.900   1.2513936e+11
      176.950   1.2677697e+11
      177.000   1.2948412e+11
      177.050   1.3352894e+11
      177.100   1.3855616e+11
      177.150   1.4376442e+11
      177.200   1.4808405e+11
      177.250   1.5035497e+11
      177.300   1.4986182e+11
      177.350   1.4678076e+11
      177.400   1.4155585e+11
      177.450   1.3525667e+11
      177.500   1.2957907e+11
      177.550   1.2523852e+11
      177.600   1.2312935e+11
      177.650   1.2343219e+11
      177.700   1.2579148e+11
      177.750   1.2967238e+11
      177.800   1.3462890e+11
      177.850   1.3985662e+11
      177.900   1.4463973e+11
      177.950   1.4861975e+11
      178.000   1.5090044e+11
      178.050   1.5165953e+11
      178.100   1.5116455e+11
      178.150   1.4977294e+11
      178.200   1.4829088e+11
      178.250   1.4734605e+11
      178.300   1.4729772e+11
      178.350   1.4814667e+11
      178.400   1.4953459e+11
      178.450   1.5101307e+11
      178.500   1.5240254e+11
      178.550   1.5316319e+11
      178.600   1.5356481e+11
      178.650   1.5369698e+11
      178.700   1.5436863e+11
      178.750   1.5540037e+11
      178.800   1.5715227e+11
      178.850   1.5953500e+11
      178.900   1.6209899e+11
      178.950   1.6439431e+11
      179.000   1.6579030e+11
      179.050   1.6592595e+11
      179.100   1.6434965e+11
      179.150   1.6106001e+11
      179.200   1.5659655e+11
      179.250   1.5167974e+11
      179.300   1.4721121e+11
      179.350   1.4391317e+11
      179.400   1.4232808e+11
      179.450   1.4227682e+11
      179.500   1.4348974e+11
      179.550   1.4524671e+11
      179.600   1.4727570e+11
      179.650   1.4912506e+11
      179.700   1.5061384e+11
      179.750   1.5237473e+11
      179.800   1.5431751e+11
      179.850   1.5671377e+11
      179.900   1.5938287e+11
      179.950   1.6205347e+11
      180.000   1.6517835e+11
      180.050   1.6758031e+11
      180.100   1.6943994e+11
      180.150   1.7066614e+11
      180.200   1.7134904e+11
      180.250   1.7166957e+11
      180.300   1.7189954e+11
      180.350   1.7276478e+11
      180.400   1.7417504e+11
      180.450   1.7604004e+11
      180.500   1.7826932e+11
      180.550   1.8204342e+11
      180.600   1.8872729e+11
      180.650   1.9959582e+11
      180.700   2.1328877e+11
      180.750   2.2507954e+11
      180.800   2.2959953e+11
      180.850   2.2629669e+11
      180.900   2.1798603e+11
      180.950   2.0775883e+11
      181.000   1.9789020e+11
      181.050   1.8929134e+11
      181.100   1.8305675e+11
      181.150   1.7937068e+11
      181.200   1.7723242e+11
      181.250   1.7518413e+11
      181.300   1.7304347e+11
      181.350   1.7190528e+11
      181.400   1.7551248e+11
      181.450   1.8834250e+11
      181.500   2.1350792e+11
      181.550   2.4900913e+11
      181.600   2.8763653e+11
      181.650   3.1961328e+11
      181.700   3.3762014e+11
      181.750   3.3725605e+11
      181.800   3.1942056e+11
      181.850   2.9022950e+11
      181.900   2.5818509e+11
      181.950   2.3015107e+11
      182.000   2.1043474e+11
      182.050   2.0105808e+11
      182.100   2.0157158e+11
      182.150   2.0776751e+11
      182.200   2.1580033e+11
      182.250   2.2347073e+11
      182.300   2.3004463e+11
      182.350   2.3478714e+11
      182.400   2.3687072e+11
      182.450   2.3574242e+11
      182.500   2.3130778e+11
      182.550   2.2448213e+11
      182.600   2.1756085e+11
      182.650   2.1256565e+11
      182.700   2.0977394e+11
      182.750   2.0900357e+11
      182.800   2.0970436e+11
      182.850   2.1123351e+11
      182.900   2.1313155e+11
      182.950   2.1475445e+11
      183.000   2.1637820e+11
      183.050   2.1837123e+11
      183.100   2.2091805e+11
      183.150   2.2374265e+11
      183.200   2.2647661e+11
      183.250   2.2921202e+11
      183.300   2.3213333e+11
      183.350   2.3560970e+11
      183.400   2.3862653e+11
      183.450   2.4044506e+11
      183.500   2.4014106e+11
      183.550   2.3835992e+11
      183.600   2.3657777e+11
      183.650   2.3618061e+11
      183.700   2.3735451e+11
      183.750   2.3908372e+11
      183.800   2.4072136e+11
      183.850   2.4087983e+11
      183.900   2.3826244e+11
      183.950   2.3212652e+11
      184.000   2.2395046e+11
      184.050   2.1539948e+11
      184.100   2.0804798e+11
      184.150   2.0375003e+11
      184.200   2.0380575e+11
      184.250   2.0747702e+11
      184.300   2.1226305e+11
      184.350   2.1501101e+11
      184.400   2.1534807e+11
      184.450   2.1373632e+11
      184.500   2.1082401e+11
      184.550   2.0623774e+11
      184.600   2.0016287e+11
      184.650   1.9324849e+11
      184.700   1.8725974e+11
      184.750   1.8433534e+11
      184.800   1.8512866e+11
      184.850   1.8880560e+11
      184.900   1.9378694e+11
      184.950   1.9858483e+11
      185.000   2.0105820e+11
      185.050   1.9980855e+11
      185.100   1.9604365e+11
      185.150   1.9283561e+11
      185.200   1.9325995e+11
      185.250   1.9890413e+11
      185.300   2.0949256e+11
      185.350   2.2428321e+11
      185.400   2.4094736e+11
      185.450   2.5594089e+11
      185.500   2.6627578e+11
      185.550   2.7129494e+11
      185.600   2.7127414e+11
      185.650   2.6714336e+11
      185.700   2.6067457e+11
      185.750   2.5364154e+11
      185.800   2.4772650e+11
      185.850   2.4349137e+11
      185.900   2.4103101e+11
      185.950   2.4044048e+11
      186.000   2.4144047e+11
      186.050   2.4384508e+11
      186.100   2.4718723e+11
      186.150   2.5118670e+11
      186.200   2.5556302e+11
      186.250   2.5956682e+11
      186.300   2.6169810e+11
      186.350   2.6139280e+11
      186.400   2.5921163e+11
      186.450   2.5656027e+11
      186.500   2.5456430e+11
      186.550   2.5547735e+11
      186.600   2.6099108e+11
      186.650   2.7148477e+11
      186.700   2.8414452e+11
      186.750   2.9568354e+11
      186.800   3.0422125e+11
      186.850   3.1050732e+11
      186.900   3.1576233e+11
      186.950   3.2017361e+11
      187.000   3.2327005e+11
      187.050   3.2467414e+11
      187.100   3.2457281e+11
      187.150   3.2315312e+11
      187.200   3.2107336e+11
      187.250   3.1870982e+11
      187.300   3.1709885e+11
      187.350   3.1671233e+11
      187.400   3.1698556e+11
      187.450   3.1659874e+11
      187.500   3.1536261e+11
      187.550   3.1355949e+11
      187.600   3.1184976e+11
      187.650   3.1032788e+11
      187.700   3.0889957e+11
      187.750   3.0718712e+11
      187.800   3.0547369e+11
      187.850   3.0385380e+11
      187.900   3.0232754e+11
      187.950   3.0070589e+11
      188.000   2.9870496e+11
      188.050   2.9670294e+11
      188.100   2.9630864e+11
      188.150   2.9941658e+11
      188.200   3.0669239e+11
      188.250   3.1700279e+11
      188.300   3.2760288e+11
      188.350   3.3621855e+11
      188.400   3.4256377e+11
      188.450   3.4635240e+11
      188.500   3.4815138e+11
      188.550   3.4852860e+11
      188.600   3.4805196e+11
      188.650   3.4748009e+11
      188.700   3.4728764e+11
      188.750   3.4728500e+11
      188.800   3.4794721e+11
      188.850   3.5022498e+11
      188.900   3.5497490e+11
      188.950   3.6229415e+11
      189.000   3.7151900e+11
      189.050   3.8112915e+11
      189.100   3.8950752e+11
      189.150   3.9513046e+11
      189.200   3.9723424e+11
      189.250   3.9676823e+11
      189.300   3.9544475e+11
      189.350   3.9412054e+11
      189.400   3.9279552e+11
      189.450   3.9108848e+11
      189.500   3.8861776e+11
      189.550   3.8566888e+11
      189.600   3.8224142e+11
      189.650   3.7738079e+11
      189.700   3.6994058e+11
      189.750   3.6001416e+11
      189.800   3.5036895e+11
      189.850   3.4387073e+11
      189.900   3.4252844e+11
      189.950   3.4491263e+11
      190.000   3.4844520e+11
      190.050   3.5150146e+11
      190.100   3.5494187e+11
      190.150   3.6010611e+11
      190.200   3.6756979e+11
      190.250   3.7656887e+11
      190.300   3.8605141e+11
      190.350   3.9486846e+11
      190.400   4.0119937e+11
      190.450   4.0370064e+11
      190.500   4.0246516e+11
      190.550   3.9979067e+11
      190.600   3.9845726e+11
      190.650   3.9961705e+11
      190.700   4.0346403e+11
      190.750   4.0961634e+11
      190.800   4.1634780e+11
      190.850   4.2145035e+11
      190.900   4.2338583e+11
      190.950   4.2176755e+11
      191.000   4.1688098e+11
      191.050   4.1045378e+11
      191.100   4.0517699e+11
      191.150   4.0364815e+11
      191.200   4.0654368e+11
      191.250   4.1175013e+11
      191.300   4.1676677e+11
      191.350   4.2091948e+11
      191.400   4.2671140e+11
      191.450   4.3587774e+11
      191.500   4.4678314e+11
      191.550   4.5480402e+11
      191.600   4.5675573e+11
      191.650   4.5311553e+11
      191.700   4.4725495e+11
      191.750   4.4158419e+11
      191.800   4.3870899e+11
      191.850   4.4007951e+11
      191.900   4.4637501e+11
      191.950   4.5624726e+11
      192.000   4.6728391e+11
      192.050   4.7726342e+11
      192.100   4.8386509e+11
      192.150   4.8495918e+11
      192.200   4.8083169e+11
      192.250   4.7399339e+11
      192.300   4.6753840e+11
      192.350   4.6243500e+11
      192.400   4.5868415e+11
      192.450   4.5599647e+11
      192.500   4.5408222e+11
      192.550   4.5274739e+11
      192.600   4.5179952e+11
      192.650   4.5172339e+11
      192.700   4.5339258e+11
      192.750   4.5642036e+11
      192.800   4.5663631e+11
      192.850   4.5015673e+11
      192.900   4.3542336e+11
      192.950   4.1427450e+11
      193.000   3.8961845e+11
      193.050   3.6465808e+11
      193.100   3.4357126e+11
      193.150   3.2947102e+11
      193.200   3.2304333e+11
      193.250   3.2264112e+11
      193.300   3.2632378e+11
      193.350   3.3059206e+11
      193.400   3.3174839e+11
      193.450   3.2735688e+11
      193.500   3.1965259e+11
      193.550   3.1223508e+11
      193.600   3.0900257e+11
      193.650   3.1327128e+11
      193.700   3.2875069e+11
      193.750   3.5564430e+11
      193.800   3.8889002e+11
      193.850   4.2195762e+11
      193.900   4.5123688e+11
      193.950   4.7623711e+11
      194.000   4.9861442e+11
      194.050   5.1924554e+11
      194.100   5.4027778e+11
      194.150   5.6268827e+11
      194.200   5.8413293e+11
      194.250   6.0060375e+11
      194.300   6.0916407e+11
      194.350   6.0941662e+11
      194.400   6.0311570e+11
      194.450   5.9309373e+11
      194.500   5.8267513e+11
      194.550   5.7558154e+11
      194.600   5.7396730e+11
      194.650   5.7891401e+11
      194.700   5.9052476e+11
      194.750   6.0635498e+11
      194.800   6.2033092e+11
      194.850   6.2676501e+11
      194.900   6.2388612e+11
      194.950   6.1335469e+11
      195.000   5.9722528e+11
      195.050   5.7902653e+11
      195.100   5.6170186e+11
      195.150   5.4868853e+11
      195.200   5.4244535e+11
      195.250   5.4454946e+11
      195.300   5.5471230e+11
      195.350   5.6881201e+11
      195.400   5.8026425e+11
      195.450   5.8582180e+11
      195.500   5.8715240e+11
      195.550   5.8789272e+11
      195.600   5.8971595e+11
      195.650   5.9193369e+11
      195.700   5.9247865e+11
      195.750   5.9223583e+11
      195.800   5.9337205e+11
      195.850   5.9776074e+11
      195.900   6.0333431e+11
      195.950   6.0605152e+11
      196.000   6.0324744e+11
      196.050   5.9570690e+11
      196.100   5.8618911e+11
      196.150   5.7775200e+11
      196.200   5.7345673e+11
      196.250   5.7528134e+11
      196.300   5.8441564e+11
      196.350   5.9977861e+11
      196.400   6.1989252e+11
      196.450   6.4229012e+11
      196.500   6.6440231e+11
      196.550   6.8395448e+11
      196.600   6.9965862e+11
      196.650   7.1161069e+11
      196.700   7.2000590e+11
      196.750   7.2543761e+11
      196.800   7.2770331e+11
      196.850   7.2689972e+11
      196.900   7.2233080e+11
      196.950   7.1379566e+11
      197.000   7.0139022e+11
      197.050   6.8868091e+11
      197.100   6.7913853e+11
      197.150   6.7504703e+11
      197.200   6.7383088e+11
      197.250   6.7251482e+11
      197.300   6.6951031e+11
      197.350   6.6610700e+11
      197.400   6.6349631e+11
      197.450   6.6138111e+11
      197.500   6.5926469e+11
      197.550   6.5674952e+11
      197.600   6.5363637e+11
      197.650   6.5101734e+11
      197.700   6.4969015e+11
      197.750   6.4915823e+11
      197.800   6.4832734e+11
      197.850   6.4659998e+11
      197.900   6.4656448e+11
      197.950   6.5130989e+11
      198.000   6.6183612e+11
      198.050   6.7535720e+11
      198.100   6.8848634e+11
      198.150   6.9853112e+11
      198.200   7.0419282e+11
      198.250   7.0397178e+11
      198.300   6.9886127e+11
      198.350   6.9245063e+11
      198.400   6.8773370e+11
      198.450   6.8421153e+11
      198.500   6.7868985e+11
      198.550   6.6817006e+11
      198.600   6.5374751e+11
      198.650   6.3961759e+11
      198.700   6.2897982e+11
      198.750   6.2333697e+11
      198.800   6.2209258e+11
      198.850   6.2424939e+11
      198.900   6.2920942e+11
      198.950   6.3587371e+11
      199.000   6.4374279e+11
      199.050   6.5492093e+11
      199.100   6.7071290e+11
      199.150   6.9092168e+11
      199.200   7.1254375e+11
      199.250   7.3217141e+11
      199.300   7.4739644e+11
      199.350   7.5691150e+11
      199.400   7.5910697e+11
      199.450   7.5488068e+11
      199.500   7.4633582e+11
      199.550   7.3628091e+11
      199.600   7.2732559e+11
      199.650   7.2107803e+11
      199.700   7.1904752e+11
      199.750   7.2153868e+11
      199.800   7.2754969e+11
      199.850   7.3537361e+11
      199.900   7.4259774e+11
      199.950   7.4650544e+11
      200.000   7.4689289e+11
      200.050   7.4778368e+11
      200.100   7.5350763e+11
      200.150   7.6437036e+11
      200.225   7.7835733e+11
      200.275   7.8389196e+11
      200.325   7.8892533e+11
      200.375   7.9123890e+11
      200.425   7.8841045e+11
      200.475   7.8618572e+11
      200.525   7.9263712e+11
      200.575   8.0666119e+11
      200.625   8.1625062e+11
      200.675   8.1726201e+11
      200.725   8.1059820e+11
      200.775   8.0524413e+11
      200.825   8.0756689e+11
      200.875   8.1443896e+11
      200.925   8.2323522e+11
      200.975   8.3254142e+11
      201.025   8.3740159e+11
      201.075   8.3366439e+11
      201.125   8.2597850e+11
      201.175   8.2679154e+11
      201.225   8.4289325e+11
      201.275   8.6376276e+11
      201.325   8.7714651e+11
      201.375   8.8121486e+11
      201.425   8.7606253e+11
      201.475   8.6827165e+11
      201.525   8.6585094e+11
      201.575   8.6596467e+11
      201.625   8.6820869e+11
      201.675   8.7857182e+11
      201.725   8.9543592e+11
      201.775   9.0966865e+11
      201.825   9.1822149e+11
      201.875   9.1753509e+11
      201.925   9.0973619e+11
      201.975   9.0518522e+11
      202.025   9.0439308e+11
      202.075   9.0146520e+11
      202.125   8.9263710e+11
      202.175   8.7943023e+11
      202.225   8.7211830e+11
      202.275   8.7925498e+11
      202.325   8.9738982e+11
      202.375   9.1135870e+11
      202.425   9.1046380e+11
      202.475   8.9693540e+11
      202.525   8.7249580e+11
      202.575   8.4121428e+11
      202.625   8.2174389e+11
      202.675   8.2888016e+11
      202.725   8.6141859e+11
      202.775   9.0652247e+11
      202.825   9.3725883e+11
      202.875   9.4861530e+11
      202.925   9.5262566e+11
      202.975   9.5592303e+11
      203.025   9.6667914e+11
      203.075   9.8520596e+11
      203.125   1.0046615e+12
      203.175   1.0189129e+12
      203.225   1.0201849e+12
      203.275   1.0061155e+12
      203.325   9.8354803e+11
      203.375   9.6332285e+11
      203.425   9.5342547e+11
      203.475   9.5765146e+11
      203.525   9.7590897e+11
      203.575   1.0011411e+12
      203.625   1.0235167e+12
      203.675   1.0348354e+12
      203.725   1.0344741e+12
      203.775   1.0298061e+12
      203.825   1.0211362e+12
      203.875   1.0152316e+12
      203.925   1.0064509e+12
      203.975   1.0063894e+12
      204.025   1.0185437e+12
      204.075   1.0452845e+12
      204.125   1.0763517e+12
      204.175   1.1036332e+12
      204.225   1.1252762e+12
      204.275   1.1395293e+12
      204.325   1.1403219e+12
      204.375   1.1295976e+12
      204.425   1.1172224e+12
      204.475   1.1128656e+12
      204.525   1.1233262e+12
      204.575   1.1458363e+12
      204.625   1.1660923e+12
      204.675   1.1704988e+12
      204.725   1.1584262e+12
      204.775   1.1414016e+12
      204.825   1.1349837e+12
      204.875   1.1422728e+12
      204.925   1.1508025e+12
      204.975   1.1545921e+12
      205.025   1.1614782e+12
      205.075   1.1696058e+12
      205.125   1.1724735e+12
      205.175   1.1730713e+12
      205.225   1.1781096e+12
      205.275   1.1869716e+12
      205.325   1.1938750e+12
      205.375   1.1943748e+12
      205.425   1.1856753e+12
      205.475   1.1710783e+12
      205.525   1.1547151e+12
      205.575   1.1390669e+12
      205.625   1.1384133e+12
      205.675   1.1532826e+12
      205.725   1.1669167e+12
      205.775   1.1668902e+12
      205.825   1.1514324e+12
      205.875   1.1434254e+12
      205.925   1.1564483e+12
      205.975   1.1767321e+12
      206.025   1.1930863e+12
      206.075   1.1965908e+12
      206.125   1.1816355e+12
      206.175   1.1566098e+12
      206.225   1.1413258e+12
      206.275   1.1510480e+12
      206.325   1.1775932e+12
      206.375   1.1994781e+12
      206.425   1.2126488e+12
      206.475   1.2262413e+12
      206.525   1.2327739e+12
      206.575   1.2267327e+12
      206.625   1.2245351e+12
      206.675   1.2388713e+12
      206.725   1.2613278e+12
      206.775   1.2765119e+12
      206.825   1.2795272e+12
      206.875   1.2780678e+12
      206.925   1.2791063e+12
      206.975   1.2891017e+12
      207.025   1.3059768e+12
      207.075   1.3214014e+12
      207.125   1.3353742e+12
      207.175   1.3439329e+12
      207.225   1.3456136e+12
      207.275   1.3537613e+12
      207.325   1.3700500e+12
      207.375   1.3878070e+12
      207.425   1.4044154e+12
      207.475   1.4167421e+12
      207.525   1.4264636e+12
      207.575   1.4402628e+12
      207.625   1.4564709e+12
      207.675   1.4696558e+12
      207.725   1.4755308e+12
      207.775   1.4722089e+12
      207.825   1.4675347e+12
      207.875   1.4661093e+12
      207.925   1.4747258e+12
      207.975   1.4925543e+12
      208.025   1.5040067e+12
      208.075   1.5000755e+12
      208.125   1.4884981e+12
      208.175   1.4840370e+12
      208.225   1.4866977e+12
      208.275   1.4969042e+12
      208.325   1.5229423e+12
      208.375   1.5412347e+12
      208.425   1.5364656e+12
      208.475   1.5423927e+12
      208.525   1.5903891e+12
      208.575   1.6643242e+12
      208.625   1.7281125e+12
      208.675   1.7682030e+12
      208.725   1.7948707e+12
      208.775   1.8467597e+12
      208.825   1.9086535e+12
      208.875   1.9367384e+12
      208.925   1.9204794e+12
      208.975   1.8914913e+12
      209.025   1.8966663e+12
      209.075   1.9308747e+12
      209.125   1.9802489e+12
      209.175   2.0318560e+12
      209.225   2.1220114e+12
      209.275   2.2625340e+12
      209.325   2.3616311e+12
      209.375   2.3390101e+12
      209.425   2.2473693e+12
      209.475   2.2365132e+12
      209.525   2.3320147e+12
      209.575   2.4504484e+12
      209.625   2.5211667e+12
      209.675   2.5346416e+12
      209.725   2.5765045e+12
      209.775   2.6656660e+12
      209.825   2.7412529e+12
      209.875   2.7352595e+12
      209.925   2.6547027e+12
      209.975   2.5721000e+12
      210.025   2.5546490e+12
      210.075   2.6722559e+12
      210.125   2.9303026e+12
      210.175   3.1644707e+12
      210.225   3.2484638e+12
      210.275   3.1098153e+12
      210.325   2.8537544e+12
      210.375   2.7640529e+12
      210.425   2.8715309e+12
      210.475   3.1209501e+12
      210.525   3.4167738e+12
      210.575   3.5928180e+12
      210.625   3.5903959e+12
      210.675   3.5149453e+12
      210.725   3.4518620e+12
      210.775   3.3846119e+12
      210.825   3.2442500e+12
      210.875   3.0520472e+12
      210.925   2.9114313e+12
      210.975   2.8716891e+12
      211.025   2.9441469e+12
      211.075   3.0919305e+12
      211.125   3.3473844e+12
      211.175   3.6761631e+12
      211.225   3.8782123e+12
      211.275   3.8656411e+12
      211.325   3.7245219e+12
      211.375   3.5804636e+12
      211.425   3.4888834e+12
      211.475   3.4209856e+12
      211.525   3.4287156e+12
      211.575   3.6241112e+12
      211.625   3.9454488e+12
      211.675   4.2314742e+12
      211.725   4.3786211e+12
      211.775   4.3652696e+12
      211.825   4.1964210e+12
      211.875   4.0481729e+12
      211.925   4.1218439e+12
      211.975   4.3500828e+12
      212.025   4.5752279e+12
      212.075   4.5568862e+12
      212.125   4.2885877e+12
      212.175   3.9896330e+12
      212.225   3.7300430e+12
      212.275   3.5013023e+12
      212.325   3.2381631e+12
      212.375   2.9513929e+12
      212.425   2.7558652e+12
      212.475   2.7097979e+12
      212.525   2.8459138e+12
      212.575   3.0955752e+12
      212.625   3.3625786e+12
      212.675   3.5923659e+12
      212.725   3.7154491e+12
      212.775   3.7538047e+12
      212.825   3.7586633e+12
      212.875   3.7437091e+12
      212.925   3.6795754e+12
      212.975   3.5192923e+12
      213.025   3.3276357e+12
      213.075   3.2278699e+12
      213.125   3.2618817e+12
      213.175   3.3651974e+12
      213.225   3.4136332e+12
      213.275   3.4188462e+12
      213.325   3.4691417e+12
      213.375   3.5384635e+12
      213.425   3.5239504e+12
      213.475   3.4251122e+12
      213.525   3.3706983e+12
      213.575   3.4409063e+12
      213.625   3.6381957e+12
      213.675   3.8934184e+12
      213.725   4.1146707e+12
      213.775   4.1548916e+12
      213.825   3.8907687e+12
      213.875   3.5957444e+12
      213.925   3.5472862e+12
      213.975   3.6533000e+12
      214.025   3.9056024e+12
      214.075   4.3483498e+12
      214.125   4.8068180e+12
      214.175   5.0232482e+12
      214.225   4.9842149e+12
      214.275   4.9163763e+12
      214.325   4.9376874e+12
      214.375   4.9747564e+12
      214.425   4.9491593e+12
      214.475   4.8236213e+12
      214.525   4.6215989e+12
      214.575   4.4121363e+12
      214.625   4.2795723e+12
      214.675   4.2382175e+12
      214.725   4.2651236e+12
      214.775   4.3367789e+12
      214.825   4.4411100e+12
      214.875   4.5668947e+12
      214.925   4.6856001e+12
      214.975   4.7284292e+12
      215.025   4.5910375e+12
      215.075   4.3144208e+12
      215.125   4.0739365e+12
      215.175   4.0617739e+12
      215.225   4.1976331e+12
      215.275   4.3553248e+12
      215.325   4.5526316e+12
      215.375   4.7023499e+12
      215.425   4.6814278e+12
      215.475   4.5255231e+12
      215.525   4.3583839e+12
      215.575   4.2020196e+12
      215.625   4.0256201e+12
      215.675   3.8249407e+12
      215.725   3.6073440e+12
      215.775   3.4153748e+12
      215.825   3.3028027e+12
      215.875   3.2710945e+12
      215.925   3.3330171e+12
      215.975   3.5372083e+12
      216.025   3.8635511e+12
      216.075   4.1422111e+12
      216.125   4.2715926e+12
      216.175   4.2511564e+12
      216.225   4.1616295e+12
      216.275   4.1246173e+12
      216.325   4.1317773e+12
      216.375   4.1128120e+12
      216.425   4.0285033e+12
      216.475   3.9351157e+12
      216.525   3.8368857e+12
      216.575   3.6520865e+12
      216.625   3.3764140e+12
      216.675   3.1269963e+12
      216.725   3.0508383e+12
      216.775   3.1660542e+12
      216.825   3.3505954e+12
      216.875   3.4873185e+12
      216.925   3.4699986e+12
      216.975   3.4080215e+12
      217.025   3.4673256e+12
      217.075   3.6367453e+12
      217.125   3.8096286e+12
      217.175   3.8976915e+12
      217.225   3.9762858e+12
      217.275   4.0539318e+12
      217.325   4.0390022e+12
      217.375   3.8943597e+12
      217.425   3.7276629e+12
      217.475   3.6105643e+12
      217.525   3.5711238e+12
      217.575   3.6916041e+12
      217.625   3.8959014e+12
      217.675   4.0240698e+12
      217.725   4.0193140e+12
      217.775   3.9038921e+12
      217.825   3.8687475e+12
      217.875   4.0838461e+12
      217.925   4.4921281e+12
      217.975   4.9426041e+12
      218.025   5.2818387e+12
      218.075   5.4494079e+12
      218.125   5.5338672e+12
      218.175   5.6593101e+12
      218.225   5.8155541e+12
      218.275   5.8757745e+12
      218.325   5.7496094e+12
      218.375   5.4863706e+12
      218.425   5.1801476e+12
      218.475   5.0747264e+12
      218.525   5.2242194e+12
      218.575   5.3715687e+12
      218.625   5.3229625e+12
      218.675   4.9692310e+12
      218.725   4.5680149e+12
      218.775   4.4769212e+12
      218.825   4.6662146e+12
      218.875   4.8939174e+12
      218.925   4.9497769e+12
      218.975   4.9420893e+12
      219.025   5.0260854e+12
      219.075   5.1409826e+12
      219.125   5.1338830e+12
      219.175   5.0577460e+12
      219.225   5.0805152e+12
      219.275   5.3523019e+12
      219.325   5.8334400e+12
      219.375   6.1454771e+12
      219.425   6.0938796e+12
      219.475   5.8014162e+12
      219.525   5.4152692e+12
      219.575   5.0830838e+12
      219.625   4.9633543e+12
      219.675   5.0789948e+12
      219.725   5.3706887e+12
      219.775   5.7471070e+12
      219.825   6.0669578e+12
      219.875   6.2279795e+12
      219.925   6.2066046e+12
      219.975   5.9952931e+12
      220.025   5.6117390e+12
      220.075   5.1994409e+12
      220.125   5.0054744e+12
      220.175   5.1572760e+12
      220.225   5.5938065e+12
      220.275   6.0439448e+12
      220.325   6.3512833e+12
      220.375   6.5405617e+12
      220.425   6.5269670e+12
      220.475   6.3297725e+12
      220.525   6.1693254e+12
      220.575   6.0957048e+12
      220.625   5.8795162e+12
      220.675   5.5393160e+12
      220.725   5.2541569e+12
      220.775   5.0133000e+12
      220.825   4.7691114e+12
      220.875   4.6059392e+12
      220.925   4.6042061e+12
      220.975   4.5642248e+12
      221.025   4.3187093e+12
      221.075   3.9682988e+12
      221.125   3.7068487e+12
      221.175   3.6585014e+12
      221.225   3.8103792e+12
      221.275   4.1540460e+12
      221.325   4.5917454e+12
      221.375   4.8763750e+12
      221.425   4.9149147e+12
      221.475   4.8704505e+12
      221.525   4.8647584e+12
      221.575   4.8018747e+12
      221.625   4.5680127e+12
      221.675   4.2343284e+12
      221.725   3.9858374e+12
      221.775   3.9428913e+12
      221.825   4.0855405e+12
      221.875   4.3899092e+12
      221.925   4.8316531e+12
      221.975   5.2523766e+12
      222.025   5.4995719e+12
      222.075   5.6286567e+12
      222.125   5.7400285e+12
      222.175   5.8684430e+12
      222.225   5.8933724e+12
      222.275   5.7681056e+12
      222.325   5.6268964e+12
      222.375   5.6233644e+12
      222.425   5.7419349e+12
      222.475   5.7913767e+12
      222.525   5.7987358e+12
      222.575   5.8404787e+12
      222.625   5.8610676e+12
      222.675   5.8083872e+12
      222.725   5.7223969e+12
      222.775   5.7124804e+12
      222.825   5.8672677e+12
      222.875   6.1579359e+12
      222.925   6.3772803e+12
      222.975   6.4377369e+12
      223.025   6.3943012e+12
      223.075   6.2591377e+12
      223.125   6.1718537e+12
      223.175   6.3124986e+12
      223.225   6.6751616e+12
      223.275   7.2524647e+12
      223.325   7.8957678e+12
      223.375   8.2744300e+12
      223.425   8.2994557e+12
      223.475   8.1847134e+12
      223.525   8.1791286e+12
      223.575   8.2828864e+12
      223.625   8.2900288e+12
      223.675   8.1393748e+12
      223.725   7.9001663e+12
      223.775   7.6135550e+12
      223.825   7.3387547e+12
      223.875   7.1715277e+12
      223.925   7.2269913e+12
      223.975   7.4871491e+12
      224.025   7.6388636e+12
      224.075   7.4953423e+12
      224.125   7.2176613e+12
      224.175   6.9449320e+12
      224.225   6.7736265e+12
      224.275   6.6924148e+12
      224.325   6.6095865e+12
      224.375   6.5176883e+12
      224.425   6.4143418e+12
      224.475   6.4041376e+12
      224.525   6.5515339e+12
      224.575   6.8566373e+12
      224.625   7.1312438e+12
      224.675   7.2562855e+12
      224.725   7.3630626e+12
      224.775   7.4726012e+12
      224.825   7.5370480e+12
      224.875   7.2940762e+12
      224.925   6.8728477e+12
      224.975   6.6040347e+12
      225.025   6.4880775e+12
      225.075   6.4482911e+12
      225.125   6.3615871e+12
      225.175   6.3320642e+12
      225.225   6.4480466e+12
      225.275   6.5685003e+12
      225.325   6.4755074e+12
      225.375   6.2028352e+12
      225.425   6.0029788e+12
      225.475   6.0262049e+12
      225.525   6.1346595e+12
      225.575   6.0725525e+12
      225.625   5.8813311e+12
      225.675   5.7743981e+12
      225.725   5.8567599e+12
      225.775   5.9543800e+12
      225.825   5.9442061e+12
      225.875   5.9278896e+12
      225.925   5.9328239e+12
      225.975   5.7347936e+12
      226.025   5.3694903e+12
      226.075   5.1257460e+12
      226.125   5.0989896e+12
      226.175   5.2499865e+12
      226.225   5.3882990e+12
      226.275   5.3718277e+12
      226.325   5.2111759e+12
      226.375   4.9555706e+12
      226.425   4.7333486e+12
      226.475   4.5395175e+12
      226.525   4.3502745e+12
      226.575   4.2316310e+12
      226.625   4.1886513e+12
      226.675   4.1708582e+12
      226.725   4.1100491e+12
      226.775   4.0424809e+12
      226.825   3.9998773e+12
      226.875   3.9525746e+12
      226.925   3.9033098e+12
      226.975   3.8622458e+12
      227.025   3.8469790e+12
      227.075   3.8756928e+12
      227.125   3.9181319e+12
      227.175   3.9721340e+12
      227.225   4.0481101e+12
      227.275   4.1549932e+12
      227.325   4.2504851e+12
      227.375   4.2945375e+12
      227.425   4.3048520e+12
      227.475   4.3851010e+12
      227.525   4.5224119e+12
      227.575   4.5755275e+12
      227.625   4.5928196e+12
      227.675   4.7247873e+12
      227.725   4.9539780e+12
      227.775   5.1454508e+12
      227.825   5.2721280e+12
      227.875   5.4004672e+12
      227.925   5.5075318e+12
      227.975   5.5434106e+12
      228.025   5.6029396e+12
      228.075   5.7924036e+12
      228.125   6.1306000e+12
      228.175   6.4765250e+12
      228.225   6.6710191e+12
      228.275   6.7050209e+12
      228.325   6.5323526e+12
      228.375   6.2954833e+12
      228.425   6.2744807e+12
      228.475   6.4477606e+12
      228.525   6.6421364e+12
      228.575   6.7365069e+12
      228.625   6.5640225e+12
      228.675   6.1613309e+12
      228.725   5.7711241e+12
      228.775   5.5987772e+12
      228.825   5.7676326e+12
      228.875   6.0311115e+12
      228.925   6.0957698e+12
      228.975   5.9451179e+12
      229.025   5.7063563e+12
      229.075   5.5780311e+12
      229.125   5.5914563e+12
      229.175   5.6423640e+12
      229.225   5.7108251e+12
      229.275   5.7947736e+12
      229.325   5.8725275e+12
      229.375   5.9179980e+12
      229.425   5.9130402e+12
      229.475   5.9136223e+12
      229.525   6.0519933e+12
      229.575   6.2684070e+12
      229.625   6.3309004e+12
      229.675   5.9576237e+12
      229.725   5.4111441e+12
      229.775   5.0738044e+12
      229.825   4.9230774e+12
      229.875   4.9206846e+12
      229.925   5.0384937e+12
      229.975   5.1760261e+12
      230.025   5.2600288e+12
      230.075   5.3446468e+12
      230.125   5.4999354e+12
      230.175   5.7248978e+12
      230.225   5.9279479e+12
      230.275   5.9857860e+12
      230.325   5.8446590e+12
      230.375   5.7688479e+12
      230.425   5.9204874e+12
      230.475   6.1650844e+12
      230.525   6.5627866e+12
      230.575   7.1537226e+12
      230.625   7.6147119e+12
      230.675   7.7411529e+12
      230.725   7.6481082e+12
      230.775   7.4029024e+12
      230.825   7.1151953e+12
      230.875   6.8856809e+12
      230.925   6.5697304e+12
      230.975   6.1820475e+12
      231.025   5.9136979e+12
      231.075   5.7230193e+12
      231.125   5.5034141e+12
      231.175   5.3053495e+12
      231.225   5.1791022e+12
      231.275   5.1324002e+12
      231.325   5.1386399e+12
      231.375   5.1849325e+12
      231.425   5.3943940e+12
      231.475   5.8731245e+12
      231.525   6.3934154e+12
      231.575   6.6857652e+12
      231.625   6.6974656e+12
      231.675   6.5408312e+12
      231.725   6.4376501e+12
      231.775   6.4382221e+12
      231.825   6.5076199e+12
      231.875   6.5922151e+12
      231.925   6.5343509e+12
      231.975   6.2580618e+12
      232.025   5.8910516e+12
      232.075   5.6180072e+12
      232.125   5.5915344e+12
      232.175   5.7045443e+12
      232.225   5.9316530e+12
      232.275   6.4143568e+12
      232.325   7.1564465e+12
      232.375   7.7678932e+12
      232.425   7.9347057e+12
      232.475   7.7097040e+12
      232.525   7.1079916e+12
      232.575   6.3617403e+12
      232.625   5.8406093e+12
      232.675   5.6146490e+12
      232.725   5.5559384e+12
      232.775   5.6095336e+12
      232.825   5.8043335e+12
      232.875   6.1233213e+12
      232.925   6.3968549e+12
      232.975   6.4879654e+12
      233.025   6.3833983e+12
      233.075   6.1613740e+12
      233.125   5.8791840e+12
      233.175   5.5528635e+12
      233.225   5.2835573e+12
      233.275   5.1183787e+12
      233.325   5.0363796e+12
      233.375   5.0706179e+12
      233.425   5.2940053e+12
      233.475   5.5617896e+12
      233.525   5.7432939e+12
      233.575   5.9260374e+12
      233.625   6.0677075e+12
      233.675   5.9580034e+12
      233.725   5.5468868e+12
      233.775   5.0691172e+12
      233.825   4.6815187e+12
      233.875   4.4353508e+12
      233.925   4.3856854e+12
      233.975   4.4689444e+12
      234.025   4.6476411e+12
      234.075   4.8577517e+12
      234.125   5.0456823e+12
      234.175   5.1997506e+12
      234.225   5.2641760e+12
      234.275   5.1542424e+12
      234.325   4.8234894e+12
      234.375   4.4181606e+12
      234.425   4.1017347e+12
      234.475   3.9615971e+12
      234.525   4.0372704e+12
      234.575   4.1722261e+12
      234.625   4.2676790e+12
      234.675   4.3725022e+12
      234.725   4.5073741e+12
      234.775   4.5742432e+12
      234.825   4.5114932e+12
      234.875   4.4846518e+12
      234.925   4.6720342e+12
      234.975   5.1088961e+12
      235.025   5.5831972e+12
      235.075   5.8725474e+12
      235.125   6.0341027e+12
      235.175   6.2005771e+12
      235.225   6.4529449e+12
      235.275   6.7275577e+12
      235.325   6.8883566e+12
      235.375   6.8406266e+12
      235.425   6.6469129e+12
      235.475   6.4169756e+12
      235.525   6.2416152e+12
      235.575   6.2792512e+12
      235.625   6.5885660e+12
      235.675   6.9442704e+12
      235.725   7.1105584e+12
      235.775   7.1056974e+12
      235.825   6.9854761e+12
      235.875   6.6638742e+12
      235.925   6.1939523e+12
      235.975   5.7224007e+12
      236.025   5.3504221e+12
      236.075   5.2470312e+12
      236.125   5.3935084e+12
      236.175   5.5809366e+12
      236.225   5.7573893e+12
      236.275   6.0385620e+12
      236.325   6.3589885e+12
      236.375   6.4657716e+12
      236.425   6.2823814e+12
      236.475   5.9487109e+12
      236.525   5.6710604e+12
      236.575   5.5863961e+12
      236.625   5.6160252e+12
      236.675   5.6230335e+12
      236.725   5.5711881e+12
      236.775   5.5765203e+12
      236.825   5.6803069e+12
      236.875   5.7973689e+12
      236.925   5.9683764e+12
      236.975   6.2287846e+12
      237.025   6.4482645e+12
      237.075   6.5851503e+12
      237.125   6.7584906e+12
      237.175   6.9886016e+12
      237.225   7.0870011e+12
      237.275   6.9043371e+12
      237.325   6.4460497e+12
      237.375   5.8575929e+12
      237.425   5.5128888e+12
      237.475   5.5151105e+12
      237.525   5.6209967e+12
      237.575   5.7680831e+12
      237.625   6.0797900e+12
      237.675   6.4706985e+12
      237.725   6.7195194e+12
      237.775   6.7402387e+12
      237.825   6.4739382e+12
      237.875   6.0462572e+12
      237.925   5.6537172e+12
      237.975   5.3351457e+12
      238.025   5.1326407e+12
      238.075   4.9761798e+12
      238.125   4.7548122e+12
      238.175   4.4940291e+12
      238.225   4.2832525e+12
      238.275   4.1505770e+12
      238.325   4.1327591e+12
      238.375   4.2352729e+12
      238.425   4.4472753e+12
      238.475   4.7553939e+12
      238.525   5.1079264e+12
      238.575   5.4368115e+12
      238.625   5.6958105e+12
      238.675   5.8610946e+12
      238.725   5.8588278e+12
      238.775   5.6592223e+12
      238.825   5.3464193e+12
      238.875   5.0536843e+12
      238.925   4.9373637e+12
      238.975   5.1120749e+12
      239.025   5.5083420e+12
      239.075   5.9607276e+12
      239.125   6.2998041e+12
      239.175   6.3809242e+12
      239.225   6.3148200e+12
      239.275   6.2909593e+12
      239.325   6.2663653e+12
      239.375   6.1464605e+12
      239.425   5.8706912e+12
      239.475   5.4511342e+12
      239.525   4.9934344e+12
      239.575   4.6479329e+12
      239.625   4.5132271e+12
      239.675   4.5495202e+12
      239.725   4.7354436e+12
      239.775   5.0137661e+12
      239.825   5.2272651e+12
      239.875   5.2427297e+12
      239.925   5.0733185e+12
      239.975   4.8930859e+12
      240.025   4.9449724e+12
      240.075   5.2270711e+12
      240.125   5.4974437e+12
      240.175   5.6206901e+12
      240.225   5.6019181e+12
      240.275   5.5085193e+12
      240.325   5.4183472e+12
      240.375   5.3260806e+12
      240.425   5.1310353e+12
      240.475   4.7934467e+12
      240.525   4.4640531e+12
      240.575   4.3280057e+12
      240.625   4.3684831e+12
      240.675   4.4611861e+12
      240.725   4.5158818e+12
      240.775   4.6105902e+12
      240.825   4.8505448e+12
      240.875   5.1604266e+12
      240.925   5.3864009e+12
      240.975   5.4410939e+12
      241.025   5.3277979e+12
      241.075   5.0698299e+12
      241.125   4.7840879e+12
      241.175   4.6673130e+12
      241.225   4.8049547e+12
      241.275   5.0962594e+12
      241.325   5.3273185e+12
      241.375   5.4118463e+12
      241.425   5.5176708e+12
      241.475   5.7799427e+12
      241.525   6.1567098e+12
      241.575   6.5055558e+12
      241.625   6.8012834e+12
      241.675   7.0675762e+12
      241.725   7.2737598e+12
      241.775   7.4266109e+12
      241.825   7.5847579e+12
      241.875   7.8078474e+12
      241.925   8.0338289e+12
      241.975   8.1973095e+12
      242.025   8.3681634e+12
      242.075   8.6014614e+12
      242.125   8.8068281e+12
      242.175   8.9720589e+12
      242.225   9.1328462e+12
      242.275   9.2017675e+12
      242.325   9.0025493e+12
      242.375   8.6870081e+12
      242.425   8.4612509e+12
      242.475   8.3677959e+12
      242.525   8.4185727e+12
      242.575   8.5709450e+12
      242.625   8.8180064e+12
      242.675   9.1723937e+12
      242.725   9.4886928e+12
      242.775   9.5601609e+12
      242.825   9.4085211e+12
      242.875   9.0696930e+12
      242.925   8.7456386e+12
      242.975   8.6768825e+12
      243.025   8.8004758e+12
      243.075   8.9715819e+12
      243.125   9.0645747e+12
      243.175   8.9603365e+12
      243.225   8.7429562e+12
      243.275   8.5028364e+12
      243.325   8.3160065e+12
      243.375   8.2917469e+12
      243.425   8.3521260e+12
      243.475   8.3049505e+12
      243.525   8.0635144e+12
      243.575   7.8184285e+12
      243.625   7.7870582e+12
      243.675   7.8872534e+12
      243.725   8.0472209e+12
      243.775   8.2792644e+12
      243.825   8.4963107e+12
      243.875   8.5221137e+12
      243.925   8.3258643e+12
      243.975   8.0704780e+12
      244.025   7.9035267e+12
      244.075   7.9566161e+12
      244.125   8.1924108e+12
      244.175   8.4746281e+12
      244.225   8.7044792e+12
      244.275   8.7976034e+12
      244.325   8.7144473e+12
      244.375   8.4915504e+12
      244.425   8.1825815e+12
      244.475   7.9699400e+12
      244.525   7.9029069e+12
      244.575   7.8598451e+12
      244.625   7.7915279e+12
      244.675   7.6331731e+12
      244.725   7.4327565e+12
      244.775   7.2481471e+12
      244.825   7.0488005e+12
      244.875   6.8868346e+12
      244.925   6.8756694e+12
      244.975   6.9127019e+12
      245.025   6.8649133e+12
      245.075   6.7291685e+12
      245.125   6.5754807e+12
      245.175   6.4696024e+12
      245.225   6.3712079e+12
      245.275   6.2819075e+12
      245.325   6.2455335e+12
      245.375   6.2369279e+12
      245.425   6.2217727e+12
      245.475   6.2372473e+12
      245.525   6.3268598e+12
      245.575   6.3953728e+12
      245.625   6.3469782e+12
      245.675   6.2743316e+12
      245.725   6.2575491e+12
      245.775   6.3462616e+12
      245.825   6.4857309e+12
      245.875   6.5380238e+12
      245.925   6.4675670e+12
      245.975   6.3375408e+12
      246.025   6.2698609e+12
      246.075   6.2183764e+12
      246.125   6.1041969e+12
      246.175   5.9805558e+12
      246.225   5.8630595e+12
      246.275   5.7678230e+12
      246.325   5.7184133e+12
      246.375   5.7928447e+12
      246.425   6.0032208e+12
      246.475   6.2131855e+12
      246.525   6.3623199e+12
      246.575   6.4258948e+12
      246.625   6.4399745e+12
      246.675   6.4675906e+12
      246.725   6.5333337e+12
      246.775   6.6536203e+12
      246.825   6.7902273e+12
      246.875   6.8935930e+12
      246.925   6.9333791e+12
      246.975   6.9536672e+12
      247.025   6.9932309e+12
      247.075   7.0306965e+12
      247.125   7.0741459e+12
      247.175   7.1479624e+12
      247.225   7.1944374e+12
      247.275   7.0743111e+12
      247.325   6.7767786e+12
      247.375   6.6608758e+12
      247.425   6.9089959e+12
      247.475   7.2827483e+12
      247.525   7.5067874e+12
      247.575   7.5298191e+12
      247.625   7.4916761e+12
      247.675   7.4254744e+12
      247.725   7.3147435e+12
      247.775   7.2078324e+12
      247.825   7.0813002e+12
      247.875   6.8795038e+12
      247.925   6.6397013e+12
      247.975   6.4157761e+12
      248.025   6.3699850e+12
      248.075   6.5226567e+12
      248.125   6.6746392e+12
      248.175   6.7146633e+12
      248.225   6.5524825e+12
      248.275   6.1377559e+12
      248.325   5.6633886e+12
      248.375   5.2975649e+12
      248.425   5.1608520e+12
      248.475   5.2828910e+12
      248.525   5.5275472e+12
      248.575   5.8217274e+12
      248.625   6.0699894e+12
      248.675   6.1187721e+12
      248.725   6.0047489e+12
      248.775   5.8274633e+12
      248.825   5.5832459e+12
      248.875   5.3478205e+12
      248.925   5.2533370e+12
      248.975   5.2481391e+12
      249.025   5.2218875e+12
      249.075   5.1715613e+12
      249.125   5.1712315e+12
      249.175   5.3138377e+12
      249.225   5.5871758e+12
      249.275   5.9998557e+12
      249.325   6.4537278e+12
      249.375   6.8122892e+12
      249.425   7.1571903e+12
      249.475   7.5225666e+12
      249.525   7.8899628e+12
      249.575   8.1643100e+12
      249.625   8.2485917e+12
      249.675   8.1595297e+12
      249.725   8.1353973e+12
      249.775   8.2472467e+12
      249.825   8.3471983e+12
      249.875   8.3742617e+12
      249.925   8.4064924e+12
      249.975   8.5560930e+12
      250.025   8.6921637e+12
      250.075   8.6639475e+12
      250.125   8.3592018e+12
      250.175   7.8368023e+12
      250.225   7.5067125e+12
      250.275   7.5616043e+12
      250.325   7.7958870e+12
      250.375   8.0385772e+12
      250.425   8.2082769e+12
      250.475   8.3054463e+12
      250.525   8.2409487e+12
      250.575   7.9343678e+12
      250.625   7.4788442e+12
      250.675   7.0182123e+12
      250.725   6.6732097e+12
      250.775   6.5340106e+12
      250.825   6.7214083e+12
      250.875   7.1404163e+12
      250.925   7.4758790e+12
      250.975   7.6283487e+12
      251.025   7.6665575e+12
      251.075   7.4927684e+12
      251.125   7.1499428e+12
      251.175   6.8740940e+12
      251.225   6.7503499e+12
      251.275   6.6877570e+12
      251.325   6.5876826e+12
      251.375   6.4143029e+12
      251.425   6.1392499e+12
      251.475   5.8220690e+12
      251.525   5.6052654e+12
      251.575   5.5077639e+12
      251.625   5.4156686e+12
      251.675   5.2793324e+12
      251.725   5.2142634e+12
      251.775   5.2594038e+12
      251.825   5.2951786e+12
      251.875   5.2947078e+12
      251.925   5.2818120e+12
      251.975   5.3047977e+12
      252.025   5.4056674e+12
      252.075   5.6074306e+12
      252.125   5.7712082e+12
      252.175   5.7421473e+12
      252.225   5.5955332e+12
      252.275   5.4191514e+12
      252.325   5.2103188e+12
      252.375   5.0541120e+12
      252.425   5.0148430e+12
      252.475   5.0572570e+12
      252.525   5.1734011e+12
      252.575   5.3936985e+12
      252.625   5.6152275e+12
      252.675   5.7196016e+12
      252.725   5.7183243e+12
      252.775   5.5824553e+12
      252.825   5.3720982e+12
      252.875   5.2250335e+12
      252.925   5.1915785e+12
      252.975   5.2968812e+12
      253.025   5.5662382e+12
      253.075   5.9438338e+12
      253.125   6.3223441e+12
      253.175   6.6402275e+12
      253.225   6.8285023e+12
      253.275   6.8668244e+12
      253.325   6.8456226e+12
      253.375   6.8365264e+12
      253.425   6.8468124e+12
      253.475   6.8712619e+12
      253.525   6.8826954e+12
      253.575   6.8626006e+12
      253.625   6.7918232e+12
      253.675   6.7512751e+12
      253.725   6.8044364e+12
      253.775   6.9264570e+12
      253.825   7.0643643e+12
      253.875   7.1312876e+12
      253.925   7.1096764e+12
      253.975   7.1648742e+12
      254.025   7.3433320e+12
      254.075   7.4621450e+12
      254.125   7.3869927e+12
      254.175   7.2603886e+12
      254.225   7.2955803e+12
      254.275   7.4395556e+12
      254.325   7.6573092e+12
      254.375   7.8906378e+12
      254.425   8.0067707e+12
      254.475   7.9952667e+12
      254.525   7.9511028e+12
      254.575   7.8947589e+12
      254.625   7.7958488e+12
      254.675   7.7088184e+12
      254.725   7.7044378e+12
      254.775   7.8259620e+12
      254.825   7.9456113e+12
      254.875   7.9465308e+12
      254.925   7.8979300e+12
      254.975   7.8455875e+12
      255.025   7.9359413e+12
      255.075   8.2871731e+12
      255.125   8.8304908e+12
      255.175   9.4423388e+12
      255.225   1.0060593e+13
      255.275   1.0452211e+13
      255.325   1.0485356e+13
      255.375   1.0426109e+13
      255.425   1.0597703e+13
      255.475   1.0957332e+13
      255.525   1.1114064e+13
      255.575   1.0988807e+13
      255.625   1.0821046e+13
      255.675   1.0816760e+13
      255.725   1.0882096e+13
      255.775   1.0912444e+13
      255.825   1.1012327e+13
      255.875   1.1352155e+13
      255.925   1.1843455e+13
      255.975   1.2231244e+13
      256.025   1.2388287e+13
      256.075   1.2287127e+13
      256.125   1.2142870e+13
      256.175   1.2033881e+13
      256.225   1.1816273e+13
      256.275   1.1442512e+13
      256.325   1.1129493e+13
      256.375   1.1126533e+13
      256.425   1.1456274e+13
      256.475   1.1975763e+13
      256.525   1.2674524e+13
      256.575   1.3580945e+13
      256.625   1.4376389e+13
      256.675   1.4866374e+13
      256.725   1.5125918e+13
      256.775   1.5175686e+13
      256.825   1.5223407e+13
      256.875   1.5395257e+13
      256.925   1.5652257e+13
      256.975   1.6034558e+13
      257.025   1.6507428e+13
      257.075   1.6828846e+13
      257.125   1.6882246e+13
      257.175   1.6808430e+13
      257.225   1.6905865e+13
      257.275   1.7133859e+13
      257.325   1.7348213e+13
      257.375   1.7663172e+13
      257.425   1.7843895e+13
      257.475   1.7418595e+13
      257.525   1.6464940e+13
      257.575   1.5328371e+13
      257.625   1.4394281e+13
      257.675   1.4067947e+13
      257.725   1.4313800e+13
      257.775   1.4850501e+13
      257.825   1.5540410e+13
      257.875   1.6358694e+13
      257.925   1.7152111e+13
      257.975   1.7864817e+13
      258.025   1.8531437e+13
      258.075   1.9134019e+13
      258.125   1.9737875e+13
      258.175   2.0233459e+13
      258.225   2.0200773e+13
      258.275   1.9190878e+13
      258.325   1.7700154e+13
      258.375   1.6906553e+13
      258.425   1.6754425e+13
      258.475   1.6448329e+13
      258.525   1.5506701e+13
      258.575   1.4421012e+13
      258.625   1.3837113e+13
      258.675   1.3677181e+13
      258.725   1.4107372e+13
      258.775   1.5041277e+13
      258.825   1.5924217e+13
      258.875   1.6558751e+13
      258.925   1.7360479e+13
      258.975   1.8609236e+13
      259.025   1.9424578e+13
      259.075   1.9227658e+13
      259.125   1.8280695e+13
      259.175   1.6943699e+13
      259.225   1.5891673e+13
      259.275   1.5468267e+13
      259.325   1.5188278e+13
      259.375   1.4464292e+13
      259.425   1.3554993e+13
      259.475   1.3287135e+13
      259.525   1.3720398e+13
      259.575   1.4249210e+13
      259.625   1.4412839e+13
      259.675   1.4121149e+13
      259.725   1.3647890e+13
      259.775   1.3006291e+13
      259.825   1.1997468e+13
      259.875   1.0904013e+13
      259.925   1.0107386e+13
      259.975   9.6678255e+12
      260.025   9.6123688e+12
      260.075   1.0106315e+13
      260.125   1.0968771e+13
      260.175   1.1833523e+13
      260.225   1.2721532e+13
      260.275   1.3413629e+13
      260.325   1.3684190e+13
      260.375   1.3653675e+13
      260.425   1.3454700e+13
      260.475   1.3094645e+13
      260.525   1.2581274e+13
      260.575   1.1961719e+13
      260.625   1.1272133e+13
      260.675   1.0616528e+13
      260.725   1.0165009e+13
      260.775   1.0062736e+13
      260.825   1.0312406e+13
      260.875   1.0848696e+13
      260.925   1.1488555e+13
      260.975   1.1951055e+13
      261.025   1.2131639e+13
      261.075   1.2060505e+13
      261.125   1.1682298e+13
      261.175   1.0965427e+13
      261.225   1.0297063e+13
      261.275   9.9789276e+12
      261.325   1.0038716e+13
      261.375   1.0299293e+13
      261.425   1.0514308e+13
      261.475   1.0854176e+13
      261.525   1.1484170e+13
      261.575   1.2389185e+13
      261.625   1.3279658e+13
      261.675   1.3732518e+13
      261.725   1.3758314e+13
      261.775   1.3416625e+13
      261.825   1.2844567e+13
      261.875   1.2676437e+13
      261.925   1.3136199e+13
      261.975   1.3889668e+13
      262.025   1.4653709e+13
      262.075   1.4961216e+13
      262.125   1.4768517e+13
      262.175   1.4566772e+13
      262.225   1.4522151e+13
      262.275   1.4858112e+13
      262.325   1.5410748e+13
      262.375   1.5679385e+13
      262.425   1.5707982e+13
      262.475   1.5694048e+13
      262.525   1.5344355e+13
      262.575   1.4552844e+13
      262.625   1.3759705e+13
      262.675   1.3364237e+13
      262.725   1.3442043e+13
      262.775   1.3591037e+13
      262.825   1.3483176e+13
      262.875   1.3225221e+13
      262.925   1.3237547e+13
      262.975   1.3511305e+13
      263.025   1.3655287e+13
      263.075   1.3493303e+13
      263.125   1.3227285e+13
      263.175   1.3172984e+13
      263.225   1.3610619e+13
      263.275   1.4475137e+13
      263.325   1.5709392e+13
      263.375   1.7264676e+13
      263.425   1.8983646e+13
      263.475   2.0564683e+13
      263.525   2.1890802e+13
      263.575   2.2911174e+13
      263.625   2.3844077e+13
      263.675   2.5108604e+13
      263.725   2.6646663e+13
      263.775   2.8340901e+13
      263.825   3.0278130e+13
      263.875   3.2109689e+13
      263.925   3.3319944e+13
      263.975   3.3636563e+13
      264.025   3.3100372e+13
      264.075   3.2589366e+13
      264.125   3.2552780e+13
      264.175   3.2934372e+13
      264.225   3.3781988e+13
      264.275   3.5504652e+13
      264.325   3.7734067e+13
      264.375   3.9225637e+13
      264.425   3.9167745e+13
      264.475   3.7746953e+13
      264.525   3.6279659e+13
      264.575   3.5371895e+13
      264.625   3.4577917e+13
      264.675   3.3704904e+13
      264.725   3.3005977e+13
      264.775   3.2446175e+13
      264.825   3.1727536e+13
      264.875   3.0693037e+13
      264.925   2.9916036e+13
      264.975   3.0085835e+13
      265.025   3.0754746e+13
      265.075   3.1218038e+13
      265.125   3.1471314e+13
      265.175   3.1742974e+13
      265.225   3.2123410e+13
      265.275   3.2799616e+13
      265.325   3.3663197e+13
      265.375   3.4377757e+13
      265.425   3.5012830e+13
      265.475   3.6010687e+13
      265.525   3.7424492e+13
      265.575   3.8363091e+13
      265.625   3.8110576e+13
      265.675   3.7397258e+13
      265.725   3.7301899e+13
      265.775   3.7565296e+13
      265.825   3.7254770e+13
      265.875   3.6573805e+13
      265.925   3.6252664e+13
      265.975   3.6671087e+13
      266.025   3.7265347e+13
      266.075   3.7284868e+13
      266.125   3.6799510e+13
      266.175   3.5833247e+13
      266.225   3.4691353e+13
      266.275   3.4242225e+13
      266.325   3.4239473e+13
      266.375   3.3838628e+13
      266.425   3.2968938e+13
      266.475   3.2886400e+13
      266.525   3.4058339e+13
      266.575   3.4974204e+13
      266.625   3.4800259e+13
      266.675   3.3677913e+13
      266.725   3.3027992e+13
      266.775   3.3665838e+13
      266.825   3.4747002e+13
      266.875   3.5146430e+13
      266.925   3.4606190e+13
      266.975   3.3837834e+13
      267.025   3.3365417e+13
      267.075   3.3651555e+13
      267.125   3.4817548e+13
      267.175   3.5735717e+13
      267.225   3.5573873e+13
      267.275   3.4190544e+13
      267.325   3.2349337e+13
      267.375   3.2001437e+13
      267.425   3.3254295e+13
      267.475   3.5424876e+13
      267.525   3.7743077e+13
      267.575   3.8726674e+13
      267.625   3.8595382e+13
      267.675   3.8140669e+13
      267.725   3.7245257e+13
      267.775   3.5829095e+13
      267.825   3.4622028e+13
      267.875   3.3812536e+13
      267.925   3.3078124e+13
      267.975   3.2635197e+13
      268.025   3.2848988e+13
      268.075   3.3545401e+13
      268.125   3.4253812e+13
      268.175   3.4854631e+13
      268.225   3.5258828e+13
      268.275   3.5353792e+13
      268.325   3.5229176e+13
      268.375   3.4885123e+13
      268.425   3.4393660e+13
      268.475   3.4007151e+13
      268.525   3.3830037e+13
      268.575   3.4059147e+13
      268.625   3.4783768e+13
      268.675   3.5537730e+13
      268.725   3.5727233e+13
      268.775   3.5431781e+13
      268.825   3.4769922e+13
      268.875   3.3899395e+13
      268.925   3.3145099e+13
      268.975   3.2450910e+13
      269.025   3.1698099e+13
      269.075   3.1262213e+13
      269.125   3.1520005e+13
      269.175   3.2196410e+13
      269.225   3.3104658e+13
      269.275   3.3890429e+13
      269.325   3.4160407e+13
      269.375   3.4278210e+13
      269.425   3.4477424e+13
      269.475   3.4580407e+13
      269.525   3.3770781e+13
      269.575   3.2309102e+13
      269.625   3.1223337e+13
      269.675   3.0938146e+13
      269.725   3.1722794e+13
      269.775   3.3046536e+13
      269.825   3.3995252e+13
      269.875   3.4370124e+13
      269.925   3.4463894e+13
      269.975   3.5184289e+13
      270.025   3.7265040e+13
      270.075   3.9551571e+13
      270.125   4.0571338e+13
      270.175   3.9531638e+13
      270.225   3.7630298e+13
      270.275   3.6982542e+13
      270.325   3.7859716e+13
      270.375   3.8985717e+13
      270.425   3.9349058e+13
      270.475   3.9706820e+13
      270.525   4.0529393e+13
      270.575   4.0827048e+13
      270.625   3.9710600e+13
      270.675   3.7884181e+13
      270.725   3.6749476e+13
      270.775   3.6483077e+13
      270.825   3.6686740e+13
      270.875   3.6557659e+13
      270.925   3.6055151e+13
      270.975   3.5889216e+13
      271.025   3.6149790e+13
      271.075   3.6301036e+13
      271.125   3.5978793e+13
      271.175   3.5486625e+13
      271.225   3.5230461e+13
      271.275   3.5893938e+13
      271.325   3.7039201e+13
      271.375   3.7036680e+13
      271.425   3.5317427e+13
      271.475   3.2522994e+13
      271.525   3.0477085e+13
      271.575   3.0142709e+13
      271.625   3.0541004e+13
      271.675   3.1159178e+13
      271.725   3.1570517e+13
      271.775   3.1230749e+13
      271.825   2.9952874e+13
      271.875   2.7964216e+13
      271.925   2.5309700e+13
      271.975   2.3218619e+13
      272.025   2.2701945e+13
      272.075   2.2812115e+13
      272.125   2.3084065e+13
      272.175   2.4063221e+13
      272.225   2.5527463e+13
      272.275   2.6639910e+13
      272.325   2.7135449e+13
      272.375   2.7027593e+13
      272.425   2.6674003e+13
      272.475   2.6680119e+13
      272.525   2.7208634e+13
      272.575   2.7919234e+13
      272.625   2.8547905e+13
      272.675   2.8900290e+13
      272.725   2.9021391e+13
      272.775   2.8949098e+13
      272.825   2.9045810e+13
      272.875   3.0155937e+13
      272.925   3.2230468e+13
      272.975   3.4366633e+13
      273.025   3.5961778e+13
      273.075   3.6060154e+13
      273.125   3.4730599e+13
      273.175   3.3388034e+13
      273.225   3.2812436e+13
      273.275   3.2614298e+13
      273.325   3.1916590e+13
      273.375   3.0580750e+13
      273.425   2.9031384e+13
      273.475   2.8144459e+13
      273.525   2.7963174e+13
      273.575   2.7796991e+13
      273.625   2.7450331e+13
      273.675   2.6847056e+13
      273.725   2.5539690e+13
      273.775   2.3750095e+13
      273.825   2.2578788e+13
      273.875   2.2599007e+13
      273.925   2.2656593e+13
      273.975   2.1770008e+13
      274.025   2.0594409e+13
      274.075   2.0021906e+13
      274.125   2.0262557e+13
      274.175   2.0517925e+13
      274.225   2.0120241e+13
      274.275   1.9174468e+13
      274.325   1.7980347e+13
      274.375   1.7238629e+13
      274.425   1.7375561e+13
      274.475   1.7972473e+13
      274.525   1.8721560e+13
      274.575   1.9636869e+13
      274.625   2.0076020e+13
      274.675   1.9546413e+13
      274.725   1.8577563e+13
      274.775   1.7843899e+13
      274.825   1.8263396e+13
      274.875   1.9105452e+13
      274.925   1.9142279e+13
      274.975   1.8466865e+13
      275.025   1.7846992e+13
      275.075   1.8213695e+13
      275.125   1.9738819e+13
      275.175   2.1822414e+13
      275.225   2.4095176e+13
      275.275   2.6095382e+13
      275.325   2.7171392e+13
      275.375   2.7141538e+13
      275.425   2.6217744e+13
      275.475   2.5223592e+13
      275.525   2.4449030e+13
      275.575   2.3635630e+13
      275.625   2.2810135e+13
      275.675   2.2613765e+13
      275.725   2.3590630e+13
      275.775   2.5387949e+13
      275.825   2.7917318e+13
      275.875   3.1304244e+13
      275.925   3.4493511e+13
      275.975   3.5843613e+13
      276.025   3.5558618e+13
      276.075   3.4996288e+13
      276.125   3.4734384e+13
      276.175   3.4219930e+13
      276.225   3.3002865e+13
      276.275   3.1940831e+13
      276.325   3.1938133e+13
      276.375   3.3234064e+13
      276.425   3.4913930e+13
      276.475   3.6384548e+13
      276.525   3.7730789e+13
      276.575   3.8738757e+13
      276.625   3.8722833e+13
      276.675   3.7807254e+13
      276.725   3.6852348e+13
      276.775   3.6176554e+13
      276.825   3.5804563e+13
      276.875   3.5370695e+13
      276.925   3.4859310e+13
      276.975   3.4689724e+13
      277.025   3.5234973e+13
      277.075   3.6317769e+13
      277.125   3.7223792e+13
      277.175   3.7656494e+13
      277.225   3.7231750e+13
      277.275   3.6376021e+13
      277.325   3.6250587e+13
      277.375   3.6839638e+13
      277.425   3.7499973e+13
      277.475   3.7480111e+13
      277.525   3.6699850e+13
      277.575   3.5736494e+13
      277.625   3.4676085e+13
      277.675   3.3387054e+13
      277.725   3.2260971e+13
      277.775   3.1620327e+13
      277.825   3.0823809e+13
      277.875   2.9452433e+13
      277.925   2.8160293e+13
      277.975   2.7383138e+13
      278.025   2.6756129e+13
      278.075   2.6242967e+13
      278.125   2.5888226e+13
      278.175   2.5586842e+13
      278.225   2.5378197e+13
      278.275   2.5282225e+13
      278.325   2.4993312e+13
      278.375   2.4391965e+13
      278.425   2.3942736e+13
      278.475   2.3800596e+13
      278.525   2.3869288e+13
      278.575   2.3840867e+13
      278.625   2.3574432e+13
      278.675   2.3226963e+13
      278.725   2.2729385e+13
      278.775   2.1922912e+13
      278.825   2.0868004e+13
      278.875   1.9872644e+13
      278.925   1.9115600e+13
      278.975   1.8470058e+13
      279.025   1.7706015e+13
      279.075   1.6911068e+13
      279.125   1.6174275e+13
      279.175   1.5475156e+13
      279.225   1.4721243e+13
      279.275   1.4023144e+13
      279.325   1.3403951e+13
      279.375   1.2788044e+13
      279.425   1.2193995e+13
      279.475   1.1678652e+13
      279.525   1.1657828e+13
      279.575   1.2123631e+13
      279.625   1.2560462e+13
      279.675   1.2175964e+13
      279.725   1.1234001e+13
      279.775   1.0594498e+13
      279.825   1.0346360e+13
      279.875   1.0364124e+13
      279.925   1.0550986e+13
      279.975   1.0796686e+13
      280.025   1.1012165e+13
      280.075   1.1095195e+13
      280.125   1.1022152e+13
      280.175   1.0934556e+13
      280.225   1.0994480e+13
      280.275   1.1506746e+13
      280.325   1.2196997e+13
      280.375   1.2460128e+13
      280.425   1.2363249e+13
      280.475   1.2392416e+13
      280.525   1.2842095e+13
      280.575   1.3614772e+13
      280.625   1.4457781e+13
      280.675   1.5297269e+13
      280.725   1.6159516e+13
      280.775   1.7097250e+13
      280.825   1.8115460e+13
      280.875   1.9188032e+13
      280.925   2.0341718e+13
      280.975   2.1543467e+13
      281.025   2.2609834e+13
      281.075   2.3374928e+13
      281.125   2.3931847e+13
      281.175   2.4477070e+13
      281.225   2.5101045e+13
      281.275   2.5877432e+13
      281.325   2.6700818e+13
      281.375   2.7626457e+13
      281.425   2.9160818e+13
      281.475   3.1146532e+13
      281.525   3.2791736e+13
      281.575   3.3838880e+13
      281.625   3.4270757e+13
      281.675   3.4402211e+13
      281.725   3.4600082e+13
      281.775   3.4974870e+13
      281.825   3.5565972e+13
      281.875   3.6643344e+13
      281.925   3.7835881e+13
      281.975   3.8745559e+13
      282.025   3.9611401e+13
      282.075   4.0483225e+13
      282.125   4.1027186e+13
      282.175   4.1166844e+13
      282.225   4.1271324e+13
      282.275   4.1497737e+13
      282.325   4.1829665e+13
      282.375   4.2595041e+13
      282.425   4.3848957e+13
      282.475   4.5034357e+13
      282.525   4.5191619e+13
      282.575   4.4316933e+13
      282.625   4.3308511e+13
      282.675   4.2889031e+13
      282.725   4.3647762e+13
      282.775   4.4616525e+13
      282.825   4.5011404e+13
      282.875   4.5375799e+13
      282.925   4.6173344e+13
      282.975   4.7304278e+13
      283.025   4.8254554e+13
      283.075   4.8614483e+13
      283.125   4.8519556e+13
      283.175   4.8516087e+13
      283.225   4.8365228e+13
      283.275   4.7823536e+13
      283.325   4.7459471e+13
      283.375   4.7776831e+13
      283.425   4.7967632e+13
      283.475   4.7222906e+13
      283.525   4.5982162e+13
      283.575   4.4373306e+13
      283.625   4.2977578e+13
      283.675   4.3179725e+13
      283.725   4.4866204e+13
      283.775   4.6912691e+13
      283.825   4.8108736e+13
      283.875   4.7984306e+13
      283.925   4.7470619e+13
      283.975   4.6844585e+13
      284.025   4.5913738e+13
      284.075   4.4606474e+13
      284.125   4.3373388e+13
      284.175   4.2800412e+13
      284.225   4.2923794e+13
      284.275   4.2839494e+13
      284.325   4.1448464e+13
      284.375   3.9133526e+13
      284.425   3.7153004e+13
      284.475   3.6683029e+13
      284.525   3.7215133e+13
      284.575   3.7186125e+13
      284.625   3.5953155e+13
      284.675   3.3846351e+13
      284.725   3.1813012e+13
      284.775   3.0141351e+13
      284.825   2.8486581e+13
      284.875   2.6636828e+13
      284.925   2.4707126e+13
      284.975   2.3090646e+13
      285.025   2.1654739e+13
      285.075   2.0258770e+13
      285.125   1.8942510e+13
      285.175   1.7681601e+13
      285.225   1.6712904e+13
      285.275   1.6107056e+13
      285.325   1.6022629e+13
      285.375   1.6599770e+13
      285.425   1.7692326e+13
      285.475   1.9080637e+13
      285.525   2.0500854e+13
      285.575   2.2117539e+13
      285.625   2.3766401e+13
      285.675   2.5358327e+13
      285.725   2.7036787e+13
      285.775   2.8903639e+13
      285.825   3.0861324e+13
      285.875   3.2695241e+13
      285.925   3.4397705e+13
      285.975   3.6487440e+13
      286.025   3.9220408e+13
      286.075   4.1695630e+13
      286.125   4.3140355e+13
      286.175   4.3966486e+13
      286.225   4.4967328e+13
      286.275   4.6007402e+13
      286.325   4.6754489e+13
      286.375   4.7628498e+13
      286.425   4.8733847e+13
      286.475   5.0193486e+13
      286.525   5.1220351e+13
      286.575   5.1381184e+13
      286.625   5.1624425e+13
      286.675   5.2123673e+13
      286.725   5.1774982e+13
      286.775   5.0674417e+13
      286.825   4.9917849e+13
      286.875   4.9836346e+13
      286.925   4.9696042e+13
      286.975   4.9482756e+13
      287.025   5.0132167e+13
      287.075   5.2138860e+13
      287.125   5.4995795e+13
      287.175   5.7435955e+13
      287.225   5.8558101e+13
      287.275   5.8553939e+13
      287.325   5.7670286e+13
      287.375   5.6081212e+13
      287.425   5.4193702e+13
      287.475   5.2817980e+13
      287.525   5.2385362e+13
      287.575   5.2110901e+13
      287.625   5.1278564e+13
      287.675   4.9958714e+13
      287.725   4.9084719e+13
      287.775   4.9057286e+13
      287.825   4.9302478e+13
      287.875   4.8673771e+13
      287.925   4.6821465e+13
      287.975   4.4341350e+13
      288.025   4.1933565e+13
      288.075   3.9964693e+13
      288.125   3.8163491e+13
      288.175   3.6246922e+13
      288.225   3.4887760e+13
      288.275   3.5189294e+13
      288.325   3.7183172e+13
      288.375   4.0202317e+13
      288.425   4.3686340e+13
      288.475   4.7320410e+13
      288.525   5.0931568e+13
      288.575   5.3955381e+13
      288.625   5.5669182e+13
      288.675   5.6179199e+13
      288.725   5.6253287e+13
      288.775   5.6580444e+13
      288.825   5.6957293e+13
      288.875   5.7313620e+13
      288.925   5.8027244e+13
      288.975   5.8764248e+13
      289.025   5.9190325e+13
      289.075   5.9825646e+13
      289.125   6.0841453e+13
      289.175   6.1695619e+13
      289.225   6.2549065e+13
      289.275   6.3564729e+13
      289.325   6.4170644e+13
      289.375   6.4687912e+13
      289.425   6.5627993e+13
      289.475   6.6943772e+13
      289.525   6.8414052e+13
      289.575   7.0759285e+13
      289.625   7.4095806e+13
      289.675   7.6708494e+13
      289.725   7.7858157e+13
      289.775   7.8477987e+13
      289.825   7.9111462e+13
      289.875   8.0170331e+13
      289.925   8.1740066e+13
      289.975   8.4013020e+13
      290.025   8.6941956e+13
      290.075   8.9883887e+13
      290.125   9.1974660e+13
      290.175   9.1520807e+13
      290.225   8.9291797e+13
      290.275   8.8067418e+13
      290.325   8.9484145e+13
      290.375   9.2385527e+13
      290.425   9.4474925e+13
      290.475   9.5155517e+13
      290.525   9.5284250e+13
      290.575   9.4928893e+13
      290.625   9.3617956e+13
      290.675   9.2165510e+13
      290.725   9.1246580e+13
      290.775   9.0957725e+13
      290.825   9.0471288e+13
      290.875   8.9378490e+13
      290.925   8.8759351e+13
      290.975   8.8719295e+13
      291.025   8.8638155e+13
      291.075   8.8379386e+13
      291.125   8.8200826e+13
      291.175   8.8335269e+13
      291.225   8.8756649e+13
      291.275   9.0070934e+13
      291.325   9.2848475e+13
      291.375   9.4989520e+13
      291.425   9.4458477e+13
      291.475   9.1726727e+13
      291.525   8.8694961e+13
      291.575   8.6578158e+13
      291.625   8.5337586e+13
      291.675   8.5089978e+13
      291.725   8.5564192e+13
      291.775   8.5286856e+13
      291.825   8.3929150e+13
      291.875   8.2900215e+13
      291.925   8.2979061e+13
      291.975   8.3856000e+13
      292.025   8.4474068e+13
      292.075   8.4136116e+13
      292.125   8.3684656e+13
      292.175   8.3910609e+13
      292.225   8.4050147e+13
      292.275   8.3707148e+13
      292.325   8.2648308e+13
      292.375   8.0459081e+13
      292.425   7.7582266e+13
      292.475   7.5860335e+13
      292.525   7.5935431e+13
      292.575   7.6116899e+13
      292.625   7.4971965e+13
      292.675   7.3463335e+13
      292.725   7.3112955e+13
      292.775   7.4350123e+13
      292.825   7.5892688e+13
      292.875   7.5132976e+13
      292.925   7.3140900e+13
      292.975   7.3023453e+13
      293.025   7.7007660e+13
      293.075   8.2964606e+13
      293.125   8.6699675e+13
      293.175   8.7638984e+13
      293.225   8.8245923e+13
      293.275   8.8836078e+13
      293.325   8.7694478e+13
      293.375   8.6082572e+13
      293.425   8.5671960e+13
      293.475   8.7051814e+13
      293.525   8.9203399e+13
      293.575   8.9594053e+13
      293.625   8.6979712e+13
      293.675   8.1079453e+13
      293.725   7.4122704e+13
      293.775   7.0962559e+13
      293.825   7.1932577e+13
      293.875   7.3731306e+13
      293.925   7.4755662e+13
      293.975   7.5546859e+13
      294.025   7.7069300e+13
      294.075   7.8211975e+13
      294.125   7.7741244e+13
      294.175   7.6172354e+13
      294.225   7.6019683e+13
      294.275   7.8099842e+13
      294.325   8.0797626e+13
      294.375   8.2251017e+13
      294.425   8.0685532e+13
      294.475   7.8605609e+13
      294.525   7.8628109e+13
      294.575   8.1120057e+13
      294.625   8.4370530e+13
      294.675   8.4933028e+13
      294.725   8.1883583e+13
      294.775   7.6169083e+13
      294.825   6.9854735e+13
      294.875   6.6850296e+13
      294.925   6.7491194e+13
      294.975   6.9655275e+13
      295.025   7.3287294e+13
      295.075   7.8001541e+13
      295.125   8.2267987e+13
      295.175   8.5135496e+13
      295.225   8.7602155e+13
      295.275   8.9188096e+13
      295.325   8.8004392e+13
      295.375   8.4320495e+13
      295.425   8.0356234e+13
      295.475   7.9377006e+13
      295.525   8.2752859e+13
      295.575   8.6584529e+13
      295.625   8.7900868e+13
      295.675   8.6513228e+13
      295.725   8.3973140e+13
      295.775   8.2893147e+13
      295.825   8.4316207e+13
      295.875   8.7963872e+13
      295.925   9.1016337e+13
      295.975   9.0927673e+13
      296.025   8.8672708e+13
      296.075   8.6781968e+13
      296.125   8.6286477e+13
      296.175   8.7052509e+13
      296.225   8.8615769e+13
      296.275   9.0538813e+13
      296.325   9.1932987e+13
      296.375   9.1360658e+13
      296.425   8.8412298e+13
      296.475   8.3438778e+13
      296.525   7.7300558e+13
      296.575   7.1189992e+13
      296.625   6.6684799e+13
      296.675   6.3924979e+13
      296.725   6.2297414e+13
      296.775   6.3142315e+13
      296.825   6.6781724e+13
      296.875   6.9853003e+13
      296.925   7.0211612e+13
      296.975   6.8299548e+13
      297.025   6.5578317e+13
      297.075   6.5047161e+13
      297.125   6.7743275e+13
      297.175   7.1728956e+13
      297.225   7.3887469e+13
      297.275   7.2469699e+13
      297.325   6.9872444e+13
      297.375   6.9053003e+13
      297.425   7.2064935e+13
      297.475   7.8207780e+13
      297.525   8.3355732e+13
      297.575   8.5906958e+13
      297.625   8.6537413e+13
      297.675   8.7625371e+13
      297.725   9.1113559e+13
      297.775   9.5114019e+13
      297.825   9.6906594e+13
      297.875   9.5280462e+13
      297.925   9.0517201e+13
      297.975   8.6016322e+13
      298.025   8.3331450e+13
      298.075   8.1095946e+13
      298.125   7.7761528e+13
      298.175   7.3232038e+13
      298.225   6.9472606e+13
      298.275   6.8133474e+13
      298.325   6.7638252e+13
      298.375   6.5188467e+13
      298.425   6.2040867e+13
      298.475   6.0361093e+13
      298.525   6.0154978e+13
      298.575   6.0748179e+13
      298.625   6.1879691e+13
      298.675   6.3963976e+13
      298.725   6.6051519e+13
      298.775   6.7056342e+13
      298.825   6.8340226e+13
      298.875   7.1073113e+13
      298.925   7.4734371e+13
      298.975   7.8846062e+13
      299.025   8.3207420e+13
      299.075   8.6410438e+13
      299.125   8.7515918e+13
      299.175   8.6574506e+13
      299.225   8.4096954e+13
      299.275   8.2037956e+13
      299.325   8.0650394e+13
      299.375   7.8836658e+13
      299.425   7.4990680e+13
      299.475   6.9959219e+13
      299.525   6.7544259e+13
      299.575   6.9074067e+13
      299.625   7.3538167e+13
      299.675   7.8320212e+13
      299.725   8.1371153e+13
      299.775   8.3171170e+13
      299.825   8.3248187e+13
      299.875   8.0306422e+13
      299.925   7.4670161e+13
      299.975   6.8755280e+13
      300.025   6.5025722e+13
      300.075   6.1330273e+13
      300.125   5.8869004e+13
      300.175   5.7745722e+13
      300.225   5.7660528e+13
      300.275   5.7498066e+13
      300.325   5.6832629e+13
      300.375   5.7146069e+13
      300.425   5.9301551e+13
      300.475   6.3901025e+13
      300.525   6.8858239e+13
      300.575   7.1228527e+13
      300.625   7.1593010e+13
      300.675   7.0647303e+13
      300.725   6.8475848e+13
      300.775   6.6071881e+13
      300.825   6.4323657e+13
      300.875   6.3729877e+13
      300.925   6.4485448e+13
      300.975   6.6189899e+13
      301.025   6.8801953e+13
      301.075   7.2626074e+13
      301.125   7.6532251e+13
      301.175   7.7602704e+13
      301.225   7.5514596e+13
      301.275   7.4346696e+13
      301.325   7.5605687e+13
      301.375   7.7432420e+13
      301.425   7.8148884e+13
      301.475   7.7679713e+13
      301.525   7.7126755e+13
      301.575   7.6657095e+13
      301.625   7.6113484e+13
      301.675   7.5367888e+13
      301.725   7.4136974e+13
      301.775   7.1891580e+13
      301.825   6.8750783e+13
      301.875   6.5984992e+13
      301.925   6.3997127e+13
      301.975   6.2062405e+13
      302.025   5.9888964e+13
      302.075   5.7322970e+13
      302.125   5.5339011e+13
      302.175   5.5632356e+13
      302.225   5.8481634e+13
      302.275   6.4033868e+13
      302.325   7.1064048e+13
      302.375   7.6558885e+13
      302.425   7.8686654e+13
      302.475   7.8450850e+13
      302.525   7.8110330e+13
      302.575   7.7990539e+13
      302.625   7.7228031e+13
      302.675   7.6994080e+13
      302.725   8.0424121e+13
      302.775   8.7890303e+13
      302.825   9.4809469e+13
      302.875   9.8624380e+13
      302.925   9.9309864e+13
      302.975   9.8060460e+13
      303.025   9.6882396e+13
      303.075   9.6598608e+13
      303.125   9.6712347e+13
      303.175   9.5799993e+13
      303.225   9.5945217e+13
      303.275   9.9718643e+13
      303.325   1.0418342e+14
      303.375   1.0628624e+14
      303.425   1.0577468e+14
      303.475   1.0500068e+14
      303.525   1.0522744e+14
      303.575   1.0602990e+14
      303.625   1.0586946e+14
      303.675   1.0331385e+14
      303.725   9.9093280e+13
      303.775   9.2807078e+13
      303.825   8.7082048e+13
      303.875   8.6485616e+13
      303.925   8.9578447e+13
      303.975   9.3162242e+13
      304.025   9.4948901e+13
      304.075   9.4156835e+13
      304.125   9.2326586e+13
      304.175   9.0601690e+13
      304.225   8.8803949e+13
      304.275   8.7934191e+13
      304.325   8.9453830e+13
      304.375   9.3231324e+13
      304.425   9.7158685e+13
      304.475   9.9525790e+13
      304.525   1.0069589e+14
      304.575   1.0159043e+14
      304.625   1.0264931e+14
      304.675   1.0288515e+14
      304.725   9.9494440e+13
      304.775   9.3468703e+13
      304.825   8.8979802e+13
      304.875   8.8092650e+13
      304.925   9.1517071e+13
      304.975   9.6847692e+13
      305.025   1.0101724e+14
      305.075   1.0280296e+14
      305.125   1.0187830e+14
      305.175   1.0260481e+14
      305.225   1.0667273e+14
      305.275   1.1042234e+14
      305.325   1.1069463e+14
      305.375   1.0677830e+14
      305.425   1.0114571e+14
      305.475   9.6930970e+13
      305.525   9.4698087e+13
      305.575   9.4540528e+13
      305.625   9.5353930e+13
      305.675   9.4750957e+13
      305.725   9.1577197e+13
      305.775   8.5644502e+13
      305.825   7.9764965e+13
      305.875   7.6884907e+13
      305.925   7.6197675e+13
      305.975   7.6263685e+13
      306.025   7.8183917e+13
      306.075   8.2238022e+13
      306.125   8.6930631e+13
      306.175   9.1081811e+13
      306.225   9.4397667e+13
      306.275   9.5942265e+13
      306.325   9.5812039e+13
      306.375   9.4544831e+13
      306.425   9.1952231e+13
      306.475   8.9085416e+13
      306.525   8.7958116e+13
      306.575   8.9070898e+13
      306.625   9.0336835e+13
      306.675   8.8884679e+13
      306.725   8.5698143e+13
      306.775   8.3985151e+13
      306.825   8.4624010e+13
      306.875   8.7575714e+13
      306.925   9.2117094e+13
      306.975   9.6477019e+13
      307.025   9.9391955e+13
      307.075   1.0115844e+14
      307.125   1.0213903e+14
      307.175   1.0238035e+14
      307.225   1.0190774e+14
      307.275   1.0051650e+14
      307.325   9.9493771e+13
      307.375   1.0028532e+14
      307.425   1.0163561e+14
      307.475   1.0201296e+14
      307.525   1.0120511e+14
      307.575   9.8424992e+13
      307.625   9.5775741e+13
      307.675   9.6190917e+13
      307.725   9.9852015e+13
      307.775   1.0308065e+14
      307.825   1.0236235e+14
      307.875   1.0022005e+14
      307.925   9.9809946e+13
      307.975   1.0196957e+14
      308.025   1.0479024e+14
      308.075   1.0535253e+14
      308.125   1.0403579e+14
      308.175   1.0147995e+14
      308.225   9.7826679e+13
      308.275   9.5251777e+13
      308.325   9.5017249e+13
      308.375   9.5630147e+13
      308.425   9.6730893e+13
      308.475   9.9975871e+13
      308.525   1.0428911e+14
      308.575   1.0698323e+14
      308.625   1.0734856e+14
      308.675   1.0568218e+14
      308.725   1.0270385e+14
      308.775   9.9473678e+13
      308.825   9.6345854e+13
      308.875   9.4336273e+13
      308.925   9.4522161e+13
      308.975   9.4527404e+13
      309.025   9.2814247e+13
      309.075   9.0538418e+13
      309.125   8.7564120e+13
      309.175   8.3922451e+13
      309.225   8.1092416e+13
      309.275   7.9039355e+13
      309.325   7.6373099e+13
      309.375   7.3892517e+13
      309.425   7.4048341e+13
      309.475   7.7148440e+13
      309.525   8.1638695e+13
      309.575   8.4789345e+13
      309.625   8.5291938e+13
      309.675   8.3104517e+13
      309.725   7.8984378e+13
      309.775   7.6192050e+13
      309.825   7.6813025e+13
      309.875   7.9153430e+13
      309.925   8.0891777e+13
      309.975   8.0351365e+13
      310.025   7.7017939e+13
      310.075   7.3521563e+13
      310.125   7.2083437e+13
      310.175   7.3333016e+13
      310.225   7.6202860e+13
      310.275   8.0053378e+13
      310.325   8.5890446e+13
      310.375   9.3824218e+13
      310.425   1.0088363e+14
      310.475   1.0510201e+14
      310.525   1.0766779e+14
      310.575   1.0918132e+14
      310.625   1.1046609e+14
      310.675   1.1264441e+14
      310.725   1.1569515e+14
      310.775   1.1862422e+14
      310.825   1.2124006e+14
      310.875   1.2433528e+14
      310.925   1.2635373e+14
      310.975   1.2671084e+14
      311.025   1.2598899e+14
      311.075   1.2404068e+14
      311.125   1.2274137e+14
      311.175   1.2338838e+14
      311.225   1.2450374e+14
      311.275   1.2538486e+14
      311.325   1.2672640e+14
      311.375   1.2743416e+14
      311.425   1.2581869e+14
      311.475   1.2238265e+14
      311.525   1.2020035e+14
      311.575   1.2090846e+14
      311.625   1.2165645e+14
      311.675   1.1994679e+14
      311.725   1.1538443e+14
      311.775   1.1122739e+14
      311.825   1.0939468e+14
      311.875   1.0814193e+14
      311.925   1.0666927e+14
      311.975   1.0516818e+14
      312.025   1.0362293e+14
      312.075   1.0267745e+14
      312.125   1.0262754e+14
      312.175   1.0285624e+14
      312.225   1.0287094e+14
      312.275   1.0307191e+14
      312.325   1.0448087e+14
      312.375   1.0743016e+14
      312.425   1.1075532e+14
      312.475   1.1259888e+14
      312.525   1.1214253e+14
      312.575   1.0890070e+14
      312.625   1.0570237e+14
      312.675   1.0544849e+14
      312.725   1.0680654e+14
      312.775   1.0871008e+14
      312.825   1.1061738e+14
      312.875   1.1142752e+14
      312.925   1.1101367e+14
      312.975   1.1106318e+14
      313.025   1.1244390e+14
      313.075   1.1289495e+14
      313.125   1.1174801e+14
      313.175   1.1121252e+14
      313.225   1.1172995e+14
      313.275   1.1184809e+14
      313.325   1.1147734e+14
      313.375   1.1159862e+14
      313.425   1.1146750e+14
      313.475   1.1041891e+14
      313.525   1.1076526e+14
      313.575   1.1309006e+14
      313.625   1.1499595e+14
      313.675   1.1553804e+14
      313.725   1.1580205e+14
      313.775   1.1762793e+14
      313.825   1.2034220e+14
      313.875   1.2270056e+14
      313.925   1.2411848e+14
      313.975   1.2411393e+14
      314.025   1.2284872e+14
      314.075   1.2097836e+14
      314.125   1.2003006e+14
      314.175   1.2026932e+14
      314.225   1.1949381e+14
      314.275   1.1666047e+14
      314.325   1.1161202e+14
      314.375   1.0459283e+14
      314.425   9.7364049e+13
      314.475   9.2342550e+13
      314.525   9.1020014e+13
      314.575   9.3624498e+13
      314.625   9.8191463e+13
      314.675   1.0204089e+14
      314.725   1.0452321e+14
      314.775   1.0549228e+14
      314.825   1.0662712e+14
      314.875   1.0947952e+14
      314.925   1.1307553e+14
      314.975   1.1583742e+14
      315.025   1.1594622e+14
      315.075   1.1427568e+14
      315.125   1.1340250e+14
      315.175   1.1362440e+14
      315.225   1.1387238e+14
      315.275   1.1330833e+14
      315.325   1.1291603e+14
      315.375   1.1311191e+14
      315.425   1.1281041e+14
      315.475   1.1091900e+14
      315.525   1.0865103e+14
      315.575   1.0737043e+14
      315.625   1.0628530e+14
      315.675   1.0393271e+14
      315.725   9.9634528e+13
      315.775   9.4470561e+13
      315.825   9.0162031e+13
      315.875   8.7577510e+13
      315.925   8.5740095e+13
      315.975   8.4686575e+13
      316.025   8.5065726e+13
      316.075   8.6339499e+13
      316.125   8.7103171e+13
      316.175   8.7602562e+13
      316.225   8.9143809e+13
      316.275   9.1987387e+13
      316.325   9.6002869e+13
      316.375   1.0044627e+14
      316.425   1.0339205e+14
      316.475   1.0407688e+14
      316.525   1.0403454e+14
      316.575   1.0533689e+14
      316.625   1.0726824e+14
      316.675   1.0843025e+14
      316.725   1.1046793e+14
      316.775   1.1460762e+14
      316.825   1.1716189e+14
      316.875   1.1667810e+14
      316.925   1.1656061e+14
      316.975   1.1887449e+14
      317.025   1.2312804e+14
      317.075   1.2773358e+14
      317.125   1.3178996e+14
      317.175   1.3503045e+14
      317.225   1.3677873e+14
      317.275   1.3766799e+14
      317.325   1.3806216e+14
      317.375   1.3744995e+14
      317.425   1.3626804e+14
      317.475   1.3504295e+14
      317.525   1.3332657e+14
      317.575   1.3176266e+14
      317.625   1.3191864e+14
      317.675   1.3382236e+14
      317.725   1.3449148e+14
      317.775   1.3261655e+14
      317.825   1.2800124e+14
      317.875   1.2090551e+14
      317.925   1.1473785e+14
      317.975   1.1002981e+14
      318.025   1.0534557e+14
      318.075   1.0268244e+14
      318.125   1.0211020e+14
      318.175   1.0120864e+14
      318.225   1.0010592e+14
      318.275   1.0022816e+14
      318.325   1.0162020e+14
      318.375   1.0291554e+14
      318.425   1.0413290e+14
      318.475   1.0561516e+14
      318.525   1.0687965e+14
      318.575   1.0832960e+14
      318.625   1.1056863e+14
      318.675   1.1251962e+14
      318.725   1.1319347e+14
      318.775   1.1390121e+14
      318.825   1.1561625e+14
      318.875   1.1725686e+14
      318.925   1.1945297e+14
      318.975   1.2378404e+14
      319.025   1.2632214e+14
      319.075   1.2396445e+14
      319.125   1.1928182e+14
      319.175   1.1415927e+14
      319.225   1.0965876e+14
      319.275   1.0635949e+14
      319.325   1.0404069e+14
      319.375   1.0406916e+14
      319.425   1.0692247e+14
      319.475   1.1051980e+14
      319.525   1.1304285e+14
      319.575   1.1484342e+14
      319.625   1.1645469e+14
      319.675   1.1749857e+14
      319.725   1.1815893e+14
      319.775   1.1923397e+14
      319.825   1.2236123e+14
      319.875   1.2845929e+14
      319.925   1.3344579e+14
      319.975   1.3491656e+14
      320.025   1.3294567e+14
      320.075   1.2938423e+14
      320.125   1.2864009e+14
      320.175   1.3180248e+14
      320.225   1.3567254e+14
      320.275   1.3641498e+14
      320.325   1.3550909e+14
      320.375   1.3609997e+14
      320.425   1.3864110e+14
      320.475   1.4194187e+14
      320.525   1.4315778e+14
      320.575   1.4174629e+14
      320.625   1.3970555e+14
      320.675   1.3930356e+14
      320.725   1.3990179e+14
      320.775   1.3879146e+14
      320.825   1.3612770e+14
      320.875   1.3227639e+14
      320.925   1.2729950e+14
      320.975   1.2291338e+14
      321.025   1.1997544e+14
      321.075   1.1721727e+14
      321.125   1.1391785e+14
      321.175   1.1086508e+14
      321.225   1.0866513e+14
      321.275   1.0765088e+14
      321.325   1.0786998e+14
      321.375   1.0739398e+14
      321.425   1.0611207e+14
      321.475   1.0608019e+14
      321.525   1.0805764e+14
      321.575   1.1143008e+14
      321.625   1.1469995e+14
      321.675   1.1616617e+14
      321.725   1.1594891e+14
      321.775   1.1614573e+14
      321.825   1.1885816e+14
      321.875   1.2340893e+14
      321.925   1.2728147e+14
      321.975   1.2872004e+14
      322.025   1.2741760e+14
      322.075   1.2728886e+14
      322.125   1.2901573e+14
      322.175   1.2840860e+14
      322.225   1.2375291e+14
      322.275   1.1842949e+14
      322.325   1.1633957e+14
      322.375   1.1648044e+14
      322.425   1.1793161e+14
      322.475   1.2022913e+14
      322.525   1.2000926e+14
      322.575   1.1634676e+14
      322.625   1.1166811e+14
      322.675   1.0856062e+14
      322.725   1.0773236e+14
      322.775   1.0688612e+14
      322.825   1.0508897e+14
      322.875   1.0279733e+14
      322.925   1.0124833e+14
      322.975   1.0072441e+14
      323.025   1.0062135e+14
      323.075   1.0199906e+14
      323.125   1.0551509e+14
      323.175   1.0905794e+14
      323.225   1.1160743e+14
      323.275   1.1313495e+14
      323.325   1.1293090e+14
      323.375   1.1161025e+14
      323.425   1.1003490e+14
      323.475   1.0829719e+14
      323.525   1.0685549e+14
      323.575   1.0846951e+14
      323.625   1.1127781e+14
      323.675   1.1147173e+14
      323.725   1.1086739e+14
      323.775   1.1236501e+14
      323.825   1.1678275e+14
      323.875   1.2063286e+14
      323.925   1.2114845e+14
      323.975   1.1934580e+14
      324.025   1.1987389e+14
      324.075   1.2454091e+14
      324.125   1.2902891e+14
      324.175   1.3085950e+14
      324.225   1.2971663e+14
      324.275   1.2839560e+14
      324.325   1.2914826e+14
      324.375   1.2973099e+14
      324.425   1.2907011e+14
      324.475   1.2928583e+14
      324.525   1.3138631e+14
      324.575   1.3350054e+14
      324.625   1.3509738e+14
      324.675   1.3631847e+14
      324.725   1.3558194e+14
      324.775   1.3226808e+14
      324.825   1.2865838e+14
      324.875   1.2724062e+14
      324.925   1.2757324e+14
      324.975   1.2853333e+14
      325.025   1.3004181e+14
      325.075   1.3127725e+14
      325.125   1.3182780e+14
      325.175   1.3291558e+14
      325.225   1.3502808e+14
      325.275   1.3729204e+14
      325.325   1.3921310e+14
      325.375   1.4093442e+14
      325.425   1.4224950e+14
      325.475   1.4333758e+14
      325.525   1.4722241e+14
      325.575   1.5426015e+14
      325.625   1.5930561e+14
      325.675   1.6114109e+14
      325.725   1.6218845e+14
      325.775   1.6316296e+14
      325.825   1.6345776e+14
      325.875   1.6338466e+14
      325.925   1.6501689e+14
      325.975   1.6814703e+14
      326.025   1.7023099e+14
      326.075   1.7035896e+14
      326.125   1.6994520e+14
      326.175   1.6907316e+14
      326.225   1.6776898e+14
      326.275   1.6784733e+14
      326.325   1.6901815e+14
      326.375   1.6908027e+14
      326.425   1.6690924e+14
      326.475   1.6301698e+14
      326.525   1.6008278e+14
      326.575   1.5889658e+14
      326.625   1.6040378e+14
      326.675   1.6491282e+14
      326.725   1.6850070e+14
      326.775   1.6955306e+14
      326.825   1.6953305e+14
      326.875   1.6959033e+14
      326.925   1.6968219e+14
      326.975   1.6868442e+14
      327.025   1.6690099e+14
      327.075   1.6509395e+14
      327.125   1.6307142e+14
      327.175   1.6030909e+14
      327.225   1.5801308e+14
      327.275   1.5882837e+14
      327.325   1.6260400e+14
      327.375   1.6510372e+14
      327.425   1.6460561e+14
      327.475   1.6334853e+14
      327.525   1.6411691e+14
      327.575   1.6580489e+14
      327.625   1.6523316e+14
      327.675   1.6232235e+14
      327.725   1.5901009e+14
      327.775   1.5772735e+14
      327.825   1.5846452e+14
      327.875   1.5898964e+14
      327.925   1.5755491e+14
      327.975   1.5546048e+14
      328.025   1.5483572e+14
      328.075   1.5561740e+14
      328.125   1.5727626e+14
      328.175   1.5838133e+14
      328.225   1.5778670e+14
      328.275   1.5626542e+14
      328.325   1.5507425e+14
      328.375   1.5613418e+14
      328.425   1.5895358e+14
      328.475   1.6050901e+14
      328.525   1.5971562e+14
      328.575   1.5791253e+14
      328.625   1.5629431e+14
      328.675   1.5396312e+14
      328.725   1.5058471e+14
      328.775   1.4875855e+14
      328.825   1.5091510e+14
      328.875   1.5530617e+14
      328.925   1.5896602e+14
      328.975   1.6339923e+14
      329.025   1.7012177e+14
      329.075   1.7508253e+14
      329.125   1.7625886e+14
      329.175   1.7648106e+14
      329.225   1.7703645e+14
      329.275   1.7779754e+14
      329.325   1.7927835e+14
      329.375   1.8195509e+14
      329.425   1.8524291e+14
      329.475   1.8735079e+14
      329.525   1.8702412e+14
      329.575   1.8573504e+14
      329.625   1.8580956e+14
      329.675   1.8730801e+14
      329.725   1.8917708e+14
      329.775   1.9014194e+14
      329.825   1.8982032e+14
      329.875   1.8844244e+14
      329.925   1.8749428e+14
      329.975   1.8844118e+14
      330.025   1.9065260e+14
      330.075   1.9387334e+14
      330.125   1.9621754e+14
      330.175   1.9412296e+14
      330.225   1.8852015e+14
      330.275   1.8279758e+14
      330.325   1.7753224e+14
      330.375   1.7502274e+14
      330.425   1.7548824e+14
      330.475   1.7519360e+14
      330.525   1.7326828e+14
      330.575   1.6890445e+14
      330.625   1.6316052e+14
      330.675   1.5856110e+14
      330.725   1.5645295e+14
      330.775   1.5798159e+14
      330.825   1.6175313e+14
      330.875   1.6508439e+14
      330.925   1.6687187e+14
      330.975   1.6846479e+14
      331.025   1.6950002e+14
      331.075   1.6937898e+14
      331.125   1.6961294e+14
      331.175   1.7060217e+14
      331.225   1.7052124e+14
      331.275   1.6828570e+14
      331.325   1.6630366e+14
      331.375   1.6604019e+14
      331.425   1.6485751e+14
      331.475   1.6256383e+14
      331.525   1.6101327e+14
      331.575   1.6140429e+14
      331.625   1.6366931e+14
      331.675   1.6704649e+14
      331.725   1.6970680e+14
      331.775   1.7072947e+14
      331.825   1.7161549e+14
      331.875   1.7270557e+14
      331.925   1.7299060e+14
      331.975   1.7224460e+14
      332.025   1.7093009e+14
      332.075   1.6917722e+14
      332.125   1.6768963e+14
      332.175   1.6724333e+14
      332.225   1.6631910e+14
      332.275   1.6292956e+14
      332.325   1.5818127e+14
      332.375   1.5570436e+14
      332.425   1.5666457e+14
      332.475   1.5932270e+14
      332.525   1.6290211e+14
      332.575   1.6755206e+14
      332.625   1.7167796e+14
      332.675   1.7293467e+14
      332.725   1.7014344e+14
      332.775   1.6634992e+14
      332.825   1.6512172e+14
      332.875   1.6519866e+14
      332.925   1.6423100e+14
      332.975   1.6059890e+14
      333.025   1.5763592e+14
      333.075   1.5846187e+14
      333.125   1.6214660e+14
      333.175   1.6616886e+14
      333.225   1.6604349e+14
      333.275   1.6416100e+14
      333.325   1.6441953e+14
      333.375   1.6612472e+14
      333.425   1.6607275e+14
      333.475   1.6271605e+14
      333.525   1.5916557e+14
      333.575   1.5618195e+14
      333.625   1.5202229e+14
      333.675   1.4832565e+14
      333.725   1.4741398e+14
      333.775   1.4929286e+14
      333.825   1.5348816e+14
      333.875   1.5789144e+14
      333.925   1.6065051e+14
      333.975   1.6213268e+14
      334.025   1.6228423e+14
      334.075   1.6185528e+14
      334.125   1.6336081e+14
      334.175   1.6498370e+14
      334.225   1.6428003e+14
      334.275   1.6203675e+14
      334.325   1.6230166e+14
      334.375   1.6666276e+14
      334.425   1.7099050e+14
      334.475   1.7300288e+14
      334.525   1.7367705e+14
      334.575   1.7423185e+14
      334.625   1.7520624e+14
      334.675   1.7580015e+14
      334.725   1.7501256e+14
      334.775   1.7374946e+14
      334.825   1.7271184e+14
      334.875   1.7100465e+14
      334.925   1.6611024e+14
      334.975   1.5873792e+14
      335.025   1.5496989e+14
      335.075   1.5725913e+14
      335.125   1.6419607e+14
      335.175   1.7090054e+14
      335.225   1.7336594e+14
      335.275   1.7418817e+14
      335.325   1.7532125e+14
      335.375   1.7535392e+14
      335.425   1.7366936e+14
      335.475   1.7254497e+14
      335.525   1.7311937e+14
      335.575   1.7514165e+14
      335.625   1.7685193e+14
      335.675   1.7589289e+14
      335.725   1.7341260e+14
      335.775   1.7104142e+14
      335.825   1.6779182e+14
      335.875   1.6165633e+14
      335.925   1.5279736e+14
      335.975   1.4337092e+14
      336.025   1.3538281e+14
      336.075   1.2982610e+14
      336.125   1.2642486e+14
      336.175   1.2458221e+14
      336.225   1.2499001e+14
      336.275   1.2946305e+14
      336.325   1.3727159e+14
      336.375   1.4461238e+14
      336.425   1.4929330e+14
      336.475   1.5252460e+14
      336.525   1.5549205e+14
      336.575   1.5714888e+14
      336.625   1.5588504e+14
      336.675   1.5218683e+14
      336.725   1.4789075e+14
      336.775   1.4398109e+14
      336.825   1.4091954e+14
      336.875   1.3878599e+14
      336.925   1.3706683e+14
      336.975   1.3463560e+14
      337.025   1.3305588e+14
      337.075   1.3363458e+14
      337.125   1.3541506e+14
      337.175   1.3657250e+14
      337.225   1.3627572e+14
      337.275   1.3527952e+14
      337.325   1.3500860e+14
      337.375   1.3871521e+14
      337.425   1.4425459e+14
      337.475   1.4743264e+14
      337.525   1.5054894e+14
      337.575   1.5660571e+14
      337.625   1.6297238e+14
      337.675   1.6655264e+14
      337.725   1.6800112e+14
      337.775   1.6855602e+14
      337.825   1.6789776e+14
      337.875   1.6526537e+14
      337.925   1.6077689e+14
      337.975   1.5611065e+14
      338.025   1.5167425e+14
      338.075   1.4673436e+14
      338.125   1.4405497e+14
      338.175   1.4701803e+14
      338.225   1.5491219e+14
      338.275   1.6101921e+14
      338.325   1.6223861e+14
      338.375   1.6171111e+14
      338.425   1.6076488e+14
      338.475   1.6169426e+14
      338.525   1.6492966e+14
      338.575   1.6774998e+14
      338.625   1.6927107e+14
      338.675   1.7119527e+14
      338.725   1.7361622e+14
      338.775   1.7284381e+14
      338.825   1.6854031e+14
      338.875   1.6448390e+14
      338.925   1.6516727e+14
      338.975   1.7011581e+14
      339.025   1.7439659e+14
      339.075   1.7555224e+14
      339.125   1.7250876e+14
      339.175   1.6739324e+14
      339.225   1.6409358e+14
      339.275   1.6142620e+14
      339.325   1.5693397e+14
      339.375   1.5380263e+14
      339.425   1.5514771e+14
      339.475   1.5847597e+14
      339.525   1.6174621e+14
      339.575   1.6587090e+14
      339.625   1.6950134e+14
      339.675   1.7182910e+14
      339.725   1.7440584e+14
      339.775   1.7772904e+14
      339.825   1.8096769e+14
      339.875   1.8366492e+14
      339.925   1.8533799e+14
      339.975   1.8594025e+14
      340.025   1.8795817e+14
      340.075   1.9219182e+14
      340.125   1.9542682e+14
      340.175   1.9464729e+14
      340.225   1.9032073e+14
      340.275   1.8644849e+14
      340.325   1.8487924e+14
      340.375   1.8412509e+14
      340.425   1.8345125e+14
      340.475   1.8144894e+14
      340.525   1.7821702e+14
      340.575   1.7561677e+14
      340.625   1.7570596e+14
      340.675   1.7668349e+14
      340.725   1.7418302e+14
      340.775   1.6910599e+14
      340.825   1.6595053e+14
      340.875   1.6696390e+14
      340.925   1.6806867e+14
      340.975   1.6654924e+14
      341.025   1.6489757e+14
      341.075   1.6548171e+14
      341.125   1.6808552e+14
      341.175   1.7057709e+14
      341.225   1.7169048e+14
      341.275   1.7036235e+14
      341.325   1.6525666e+14
      341.375   1.5948426e+14
      341.425   1.5585676e+14
      341.475   1.5292554e+14
      341.525   1.5077034e+14
      341.575   1.5168641e+14
      341.625   1.5615728e+14
      341.675   1.6142406e+14
      341.725   1.6557394e+14
      341.775   1.6718602e+14
      341.825   1.6800397e+14
      341.875   1.6994883e+14
      341.925   1.7304916e+14
      341.975   1.7764324e+14
      342.025   1.8210606e+14
      342.075   1.8425594e+14
      342.125   1.8370773e+14
      342.175   1.8165223e+14
      342.225   1.8012672e+14
      342.275   1.7823893e+14
      342.325   1.7468770e+14
      342.375   1.7122571e+14
      342.425   1.6944883e+14
      342.475   1.7050699e+14
      342.525   1.7377451e+14
      342.575   1.7749032e+14
      342.625   1.8051386e+14
      342.675   1.8033329e+14
      342.725   1.7665909e+14
      342.775   1.7438661e+14
      342.825   1.7584795e+14
      342.875   1.7831248e+14
      342.925   1.8077081e+14
      342.975   1.8437798e+14
      343.025   1.8955054e+14
      343.075   1.9318580e+14
      343.125   1.9305323e+14
      343.175   1.9065937e+14
      343.225   1.8644376e+14
      343.275   1.8185367e+14
      343.325   1.7778416e+14
      343.375   1.7354752e+14
      343.425   1.6948167e+14
      343.475   1.6919939e+14
      343.525   1.7453101e+14
      343.575   1.7966011e+14
      343.625   1.7948901e+14
      343.675   1.7603775e+14
      343.725   1.7131896e+14
      343.775   1.6626532e+14
      343.825   1.6190910e+14
      343.875   1.5882664e+14
      343.925   1.5730071e+14
      343.975   1.5501076e+14
      344.025   1.4975970e+14
      344.075   1.4272540e+14
      344.125   1.3275787e+14
      344.175   1.2489558e+14
      344.225   1.2412841e+14
      344.275   1.2546694e+14
      344.325   1.2688092e+14
      344.375   1.3095486e+14
      344.425   1.3120129e+14
      344.475   1.3240671e+14
      344.525   1.3692839e+14
      344.575   1.4271724e+14
      344.625   1.4576228e+14
      344.675   1.4550907e+14
      344.725   1.4600230e+14
      344.775   1.4977128e+14
      344.825   1.5574962e+14
      344.875   1.6075801e+14
      344.925   1.6362058e+14
      344.975   1.6524325e+14
      345.025   1.6770876e+14
      345.075   1.7224284e+14
      345.125   1.7644897e+14
      345.175   1.7847627e+14
      345.225   1.7666709e+14
      345.275   1.7133317e+14
      345.325   1.6697685e+14
      345.375   1.6502369e+14
      345.425   1.6600154e+14
      345.475   1.7201182e+14
      345.525   1.7825601e+14
      345.575   1.8007710e+14
      345.625   1.7850262e+14
      345.675   1.7537031e+14
      345.725   1.7276145e+14
      345.775   1.7128614e+14
      345.825   1.6953118e+14
      345.875   1.6558211e+14
      345.925   1.6074539e+14
      345.975   1.5868926e+14
      346.025   1.5831931e+14
      346.075   1.5662021e+14
      346.125   1.5476780e+14
      346.175   1.5384209e+14
      346.225   1.5349524e+14
      346.275   1.5476396e+14
      346.325   1.5954780e+14
      346.375   1.6588447e+14
      346.425   1.7037744e+14
      346.475   1.7324692e+14
      346.525   1.7529526e+14
      346.575   1.7444869e+14
      346.625   1.6924267e+14
      346.675   1.6430493e+14
      346.725   1.6387055e+14
      346.775   1.6807395e+14
      346.825   1.7337393e+14
      346.875   1.7674578e+14
      346.925   1.7807238e+14
      346.975   1.7679689e+14
      347.025   1.7614469e+14
      347.075   1.7867383e+14
      347.125   1.8153919e+14
      347.175   1.8149905e+14
      347.225   1.7711538e+14
      347.275   1.7089874e+14
      347.325   1.6695094e+14
      347.375   1.6537559e+14
      347.425   1.6392535e+14
      347.475   1.6122458e+14
      347.525   1.5805102e+14
      347.575   1.5447763e+14
      347.625   1.5019656e+14
      347.675   1.4782491e+14
      347.725   1.4803812e+14
      347.775   1.4912391e+14
      347.825   1.5246067e+14
      347.875   1.5945008e+14
      347.925   1.6551834e+14
      347.975   1.6845197e+14
      348.025   1.7024065e+14
      348.075   1.7072572e+14
      348.125   1.7048468e+14
      348.175   1.7034592e+14
      348.225   1.7045220e+14
      348.275   1.7008074e+14
      348.325   1.6808039e+14
      348.375   1.6467788e+14
      348.425   1.6202947e+14
      348.475   1.6193969e+14
      348.525   1.6325239e+14
      348.575   1.6366898e+14
      348.625   1.6394055e+14
      348.675   1.6637847e+14
      348.725   1.7198627e+14
      348.775   1.7747610e+14
      348.825   1.7853593e+14
      348.875   1.7589218e+14
      348.925   1.7008736e+14
      348.975   1.6324494e+14
      349.025   1.5846706e+14
      349.075   1.5497442e+14
      349.125   1.5181206e+14
      349.175   1.5141759e+14
      349.225   1.5549871e+14
      349.275   1.5961949e+14
      349.325   1.5892245e+14
      349.375   1.5572704e+14
      349.425   1.5749692e+14
      349.475   1.6371403e+14
      349.525   1.6808137e+14
      349.575   1.6827563e+14
      349.625   1.6468605e+14
      349.675   1.6066753e+14
      349.725   1.5898793e+14
      349.775   1.5894342e+14
      349.825   1.5985552e+14
      349.875   1.6433635e+14
      349.925   1.7203537e+14
      349.975   1.8092088e+14
      350.025   1.8836138e+14
      350.075   1.9072866e+14
      350.125   1.9024832e+14
      350.175   1.9139842e+14
      350.225   1.9380413e+14
      350.275   1.9447896e+14
      350.325   1.9463021e+14
      350.375   1.9743600e+14
      350.425   2.0187081e+14
      350.475   2.0291766e+14
      350.525   1.9803236e+14
      350.575   1.9306271e+14
      350.625   1.9121755e+14
      350.675   1.9037809e+14
      350.725   1.8944128e+14
      350.775   1.8979148e+14
      350.825   1.9195374e+14
      350.875   1.9345777e+14
      350.925   1.9368852e+14
      350.975   1.9266844e+14
      351.025   1.8967417e+14
      351.075   1.8356142e+14
      351.125   1.7822112e+14
      351.175   1.7849568e+14
      351.225   1.8131105e+14
      351.275   1.8114579e+14
      351.325   1.7792440e+14
      351.375   1.7409147e+14
      351.425   1.7089166e+14
      351.475   1.6898980e+14
      351.525   1.6787769e+14
      351.575   1.6811389e+14
      351.625   1.7272101e+14
      351.675   1.7905531e+14
      351.725   1.8347175e+14
      351.775   1.8769817e+14
      351.825   1.9180715e+14
      351.875   1.9302466e+14
      351.925   1.9150362e+14
      351.975   1.8975537e+14
      352.025   1.8661906e+14
      352.075   1.8253367e+14
      352.125   1.7907989e+14
      352.175   1.7526755e+14
      352.225   1.7129351e+14
      352.275   1.7053305e+14
      352.325   1.7145853e+14
      352.375   1.7016924e+14
      352.425   1.6578361e+14
      352.475   1.5883653e+14
      352.525   1.5433854e+14
      352.575   1.5478598e+14
      352.625   1.5640332e+14
      352.675   1.5438839e+14
      352.725   1.5271203e+14
      352.775   1.5712849e+14
      352.825   1.6427022e+14
      352.875   1.7191437e+14
      352.925   1.7865050e+14
      352.975   1.8232185e+14
      353.025   1.8337661e+14
      353.075   1.8375990e+14
      353.125   1.8563825e+14
      353.175   1.8809136e+14
      353.225   1.8819452e+14
      353.275   1.8554831e+14
      353.325   1.8244960e+14
      353.375   1.8259998e+14
      353.425   1.8684952e+14
      353.475   1.9304514e+14
      353.525   1.9844164e+14
      353.575   2.0007346e+14
      353.625   1.9894649e+14
      353.675   1.9838003e+14
      353.725   1.9849540e+14
      353.775   1.9850749e+14
      353.825   1.9817760e+14
      353.875   1.9834461e+14
      353.925   2.0083314e+14
      353.975   2.0628749e+14
      354.025   2.1101266e+14
      354.075   2.1026719e+14
      354.125   2.0597042e+14
      354.175   2.0153157e+14
      354.225   1.9883364e+14
      354.275   1.9876723e+14
      354.325   2.0035785e+14
      354.375   2.0294789e+14
      354.425   2.0584552e+14
      354.475   2.0840674e+14
      354.525   2.0991568e+14
      354.575   2.0950806e+14
      354.625   2.0749363e+14
      354.675   2.0735867e+14
      354.725   2.0926653e+14
      354.775   2.0950681e+14
      354.825   2.0658740e+14
      354.875   2.0247560e+14
      354.925   2.0201105e+14
      354.975   2.0539190e+14
      355.025   2.0848214e+14
      355.075   2.0899911e+14
      355.125   2.0745139e+14
      355.175   2.0536330e+14
      355.225   2.0358042e+14
      355.275   2.0144111e+14
      355.325   1.9867876e+14
      355.375   1.9549878e+14
      355.425   1.9207639e+14
      355.475   1.8874072e+14
      355.525   1.8562602e+14
      355.575   1.8545491e+14
      355.625   1.8925437e+14
      355.675   1.9350246e+14
      355.725   1.9382300e+14
      355.775   1.9185299e+14
      355.825   1.9161453e+14
      355.875   1.9085466e+14
      355.925   1.8736946e+14
      355.975   1.8454809e+14
      356.025   1.8538195e+14
      356.075   1.8716421e+14
      356.125   1.8762040e+14
      356.175   1.8732725e+14
      356.225   1.8759532e+14
      356.275   1.8893408e+14
      356.325   1.9087051e+14
      356.375   1.9259218e+14
      356.425   1.9178457e+14
      356.475   1.8596497e+14
      356.525   1.7630085e+14
      356.575   1.6524964e+14
      356.625   1.5484394e+14
      356.675   1.4963681e+14
      356.725   1.5065950e+14
      356.775   1.5499623e+14
      356.825   1.5985165e+14
      356.875   1.6146590e+14
      356.925   1.5911091e+14
      356.975   1.5407109e+14
      357.025   1.4706680e+14
      357.075   1.4034218e+14
      357.125   1.3888365e+14
      357.175   1.4208523e+14
      357.225   1.4658848e+14
      357.275   1.4943235e+14
      357.325   1.5181869e+14
      357.375   1.5577562e+14
      357.425   1.5815901e+14
      357.475   1.5815060e+14
      357.525   1.5813909e+14
      357.575   1.5902719e+14
      357.625   1.5984638e+14
      357.675   1.6091697e+14
      357.725   1.6234979e+14
      357.775   1.6318816e+14
      357.825   1.6211373e+14
      357.875   1.5751631e+14
      357.925   1.5052026e+14
      357.975   1.4561900e+14
      358.025   1.4349622e+14
      358.075   1.4045234e+14
      358.125   1.3231500e+14
      358.175   1.2302746e+14
      358.225   1.1926842e+14
      358.275   1.2039998e+14
      358.325   1.2437827e+14
      358.375   1.2962547e+14
      358.425   1.3305912e+14
      358.475   1.3339186e+14
      358.525   1.3092271e+14
      358.575   1.2602576e+14
      358.625   1.2316910e+14
      358.675   1.2480129e+14
      358.725   1.2770515e+14
      358.775   1.2994105e+14
      358.825   1.3374665e+14
      358.875   1.4003249e+14
      358.925   1.4565087e+14
      358.975   1.4962197e+14
      359.025   1.5322520e+14
      359.075   1.5880492e+14
      359.125   1.6664675e+14
      359.175   1.7476380e+14
      359.225   1.8207539e+14
      359.275   1.8603083e+14
      359.325   1.8640604e+14
      359.375   1.8474441e+14
      359.425   1.8340979e+14
      359.475   1.8563229e+14
      359.525   1.8993301e+14
      359.575   1.9369736e+14
      359.625   1.9710975e+14
      359.675   2.0105175e+14
      359.725   2.0471784e+14
      359.775   2.0649237e+14
      359.825   2.0632391e+14
      359.875   2.0545614e+14
      359.925   2.0496314e+14
      359.975   2.0503356e+14
      360.025   2.0576184e+14
      360.075   2.0775189e+14
      360.125   2.0973520e+14
      360.175   2.0897408e+14
      360.225   2.0460244e+14
      360.275   1.9725893e+14
      360.325   1.8942541e+14
      360.375   1.8497478e+14
      360.425   1.8305389e+14
      360.475   1.8162968e+14
      360.525   1.7929634e+14
      360.575   1.7533840e+14
      360.625   1.7274392e+14
      360.675   1.7325648e+14
      360.725   1.7477445e+14
      360.775   1.7615625e+14
      360.825   1.7482717e+14
      360.875   1.6914360e+14
      360.925   1.6166445e+14
      360.975   1.5655331e+14
      361.025   1.5652511e+14
      361.075   1.5864983e+14
      361.125   1.6140191e+14
      361.175   1.6576036e+14
      361.225   1.7158473e+14
      361.275   1.7550784e+14
      361.325   1.7563202e+14
      361.375   1.7325052e+14
      361.425   1.7067786e+14
      361.475   1.7168666e+14
      361.525   1.7535332e+14
      361.575   1.7902083e+14
      361.625   1.8208805e+14
      361.675   1.8300354e+14
      361.725   1.8159636e+14
      361.775   1.7867611e+14
      361.825   1.7363985e+14
      361.875   1.6562558e+14
      361.925   1.5630715e+14
      361.975   1.5092712e+14
      362.025   1.5143949e+14
      362.075   1.5922411e+14
      362.125   1.6887043e+14
      362.175   1.7340686e+14
      362.225   1.7607170e+14
      362.275   1.8050824e+14
      362.325   1.8831755e+14
      362.375   1.9327798e+14
      362.425   1.9271538e+14
      362.475   1.9093920e+14
      362.525   1.9134697e+14
      362.575   1.9639450e+14
      362.625   2.0327613e+14
      362.675   2.0909531e+14
      362.725   2.1331654e+14
      362.775   2.1483067e+14
      362.825   2.1410782e+14
      362.875   2.1275272e+14
      362.925   2.1116518e+14
      362.975   2.0991343e+14
      363.025   2.0640993e+14
      363.075   1.9962290e+14
      363.125   1.9022001e+14
      363.175   1.7684983e+14
      363.225   1.6759826e+14
      363.275   1.6812265e+14
      363.325   1.7271906e+14
      363.375   1.7795145e+14
      363.425   1.8198148e+14
      363.475   1.8296082e+14
      363.525   1.8156234e+14
      363.575   1.8129162e+14
      363.625   1.8549657e+14
      363.675   1.9069401e+14
      363.725   1.9238103e+14
      363.775   1.9287271e+14
      363.825   1.9450372e+14
      363.875   1.9727633e+14
      363.925   2.0072756e+14
      363.975   2.0464696e+14
      364.025   2.0773910e+14
      364.075   2.0915511e+14
      364.125   2.0971180e+14
      364.175   2.0931719e+14
      364.225   2.0770499e+14
      364.275   2.0548171e+14
      364.325   2.0292219e+14
      364.375   1.9988683e+14
      364.425   1.9731114e+14
      364.475   1.9540808e+14
      364.525   1.9200342e+14
      364.575   1.8804910e+14
      364.625   1.8680659e+14
      364.675   1.8894525e+14
      364.725   1.9128465e+14
      364.775   1.8877317e+14
      364.825   1.8272216e+14
      364.875   1.7866515e+14
      364.925   1.8094393e+14
      364.975   1.8671626e+14
      365.025   1.9009178e+14
      365.075   1.9224061e+14
      365.125   1.9723714e+14
      365.175   2.0220749e+14
      365.225   2.0518989e+14
      365.275   2.0954665e+14
      365.325   2.1725728e+14
      365.375   2.2376157e+14
      365.425   2.2555277e+14
      365.475   2.2579535e+14
      365.525   2.2719353e+14
      365.575   2.2853508e+14
      365.625   2.2881493e+14
      365.675   2.3014412e+14
      365.725   2.3350812e+14
      365.775   2.3735359e+14
      365.825   2.3875632e+14
      365.875   2.3869513e+14
      365.925   2.4128288e+14
      365.975   2.4516652e+14
      366.025   2.4595194e+14
      366.075   2.4376687e+14
      366.125   2.4220414e+14
      366.175   2.4274242e+14
      366.225   2.4371780e+14
      366.275   2.4264302e+14
      366.325   2.3985294e+14
      366.375   2.3713766e+14
      366.425   2.3443641e+14
      366.475   2.3180820e+14
      366.525   2.3099488e+14
      366.575   2.3307677e+14
      366.625   2.3682765e+14
      366.675   2.3727907e+14
      366.725   2.3321866e+14
      366.775   2.3094812e+14
      366.825   2.3252906e+14
      366.875   2.3408275e+14
      366.925   2.3194251e+14
      366.975   2.2672944e+14
      367.025   2.2327008e+14
      367.075   2.2265548e+14
      367.125   2.2496263e+14
      367.175   2.2917058e+14
      367.225   2.3371245e+14
      367.275   2.3807988e+14
      367.325   2.4021100e+14
      367.375   2.3851805e+14
      367.425   2.3555948e+14
      367.475   2.3341407e+14
      367.525   2.3254283e+14
      367.575   2.3401215e+14
      367.625   2.3558361e+14
      367.675   2.3480855e+14
      367.725   2.3177669e+14
      367.775   2.2723690e+14
      367.825   2.2047575e+14
      367.875   2.1458497e+14
      367.925   2.1449365e+14
      367.975   2.1581756e+14
      368.025   2.1300845e+14
      368.075   2.0822895e+14
      368.125   2.0594991e+14
      368.175   2.0671175e+14
      368.225   2.1160937e+14
      368.275   2.1602069e+14
      368.325   2.1626130e+14
      368.375   2.1684133e+14
      368.425   2.1951173e+14
      368.475   2.2209566e+14
      368.525   2.2174167e+14
      368.575   2.1866008e+14
      368.625   2.1423784e+14
      368.675   2.1135111e+14
      368.725   2.1103999e+14
      368.775   2.0982840e+14
      368.825   2.0597627e+14
      368.875   2.0483236e+14
      368.925   2.0916871e+14
      368.975   2.1423809e+14
      369.025   2.1823137e+14
      369.075   2.2339446e+14
      369.125   2.2991540e+14
      369.175   2.3592886e+14
      369.225   2.4124325e+14
      369.275   2.4521872e+14
      369.325   2.4551964e+14
      369.375   2.4248475e+14
      369.425   2.3844662e+14
      369.475   2.3422701e+14
      369.525   2.3344760e+14
      369.575   2.3656383e+14
      369.625   2.3879144e+14
      369.675   2.3904705e+14
      369.725   2.3891744e+14
      369.775   2.3930339e+14
      369.825   2.4023680e+14
      369.875   2.4174951e+14
      369.925   2.4407644e+14
      369.975   2.4713035e+14
      370.025   2.5038622e+14
      370.075   2.5235381e+14
      370.125   2.5177301e+14
      370.175   2.4811168e+14
      370.225   2.4390892e+14
      370.275   2.4094828e+14
      370.325   2.3865980e+14
      370.375   2.3579086e+14
      370.425   2.2949744e+14
      370.475   2.2143062e+14
      370.525   2.1534434e+14
      370.575   2.1083464e+14
      370.625   2.0531246e+14
      370.675   2.0048479e+14
      370.725   2.0075068e+14
      370.775   2.0413558e+14
      370.825   2.0569197e+14
      370.875   2.0538921e+14
      370.925   2.0653535e+14
      370.975   2.0766314e+14
      371.025   2.0774126e+14
      371.075   2.1239014e+14
      371.125   2.2085145e+14
      371.175   2.2736613e+14
      371.225   2.3144947e+14
      371.275   2.3490585e+14
      371.325   2.3924545e+14
      371.375   2.4337487e+14
      371.425   2.4718009e+14
      371.475   2.5134908e+14
      371.525   2.5416698e+14
      371.575   2.5347289e+14
      371.625   2.4935703e+14
      371.675   2.4408946e+14
      371.725   2.4044846e+14
      371.775   2.3888752e+14
      371.825   2.3710534e+14
      371.875   2.3220211e+14
      371.925   2.2333787e+14
      371.975   2.1177125e+14
      372.025   1.9902178e+14
      372.075   1.8759500e+14
      372.125   1.8155789e+14
      372.175   1.8149822e+14
      372.225   1.8268642e+14
      372.275   1.8255416e+14
      372.325   1.8394483e+14
      372.375   1.9012179e+14
      372.425   1.9965507e+14
      372.475   2.0753532e+14
      372.525   2.1213046e+14
      372.575   2.1607232e+14
      372.625   2.2081797e+14
      372.675   2.2461941e+14
      372.725   2.2339567e+14
      372.775   2.1429454e+14
      372.825   2.0285270e+14
      372.875   1.9965488e+14
      372.925   2.0444149e+14
      372.975   2.1192526e+14
      373.025   2.1662681e+14
      373.075   2.1389547e+14
      373.125   2.0775832e+14
      373.175   2.0276156e+14
      373.225   2.0015123e+14
      373.275   1.9734287e+14
      373.325   1.9123589e+14
      373.375   1.8236098e+14
      373.425   1.7328745e+14
      373.475   1.6549092e+14
      373.525   1.5842744e+14
      373.575   1.5295437e+14
      373.625   1.5151251e+14
      373.675   1.5446329e+14
      373.725   1.5717294e+14
      373.775   1.5682302e+14
      373.825   1.5789233e+14
      373.875   1.6484215e+14
      373.925   1.7561102e+14
      373.975   1.8451036e+14
      374.025   1.9000840e+14
      374.075   1.9505939e+14
      374.125   2.0134145e+14
      374.175   2.0567582e+14
      374.225   2.0548488e+14
      374.275   2.0301809e+14
      374.325   1.9824251e+14
      374.375   1.9047880e+14
      374.425   1.8268247e+14
      374.475   1.7869862e+14
      374.525   1.7895518e+14
      374.575   1.7671302e+14
      374.625   1.7045994e+14
      374.675   1.6513401e+14
      374.725   1.6444672e+14
      374.775   1.6892980e+14
      374.825   1.7246149e+14
      374.875   1.7070404e+14
      374.925   1.6513863e+14
      374.975   1.5943623e+14
      375.025   1.5777056e+14
      375.075   1.6128398e+14
      375.125   1.6931911e+14
      375.175   1.8160547e+14
      375.225   1.9400508e+14
      375.275   2.0322107e+14
      375.325   2.0941299e+14
      375.375   2.1315211e+14
      375.425   2.1684308e+14
      375.475   2.2261974e+14
      375.525   2.2928633e+14
      375.575   2.3430053e+14
      375.625   2.3736857e+14
      375.675   2.3800178e+14
      375.725   2.3539354e+14
      375.775   2.2972407e+14
      375.825   2.1818103e+14
      375.875   2.0335784e+14
      375.925   1.9433429e+14
      375.975   1.9326839e+14
      376.025   1.9842757e+14
      376.075   2.0551719e+14
      376.125   2.1035754e+14
      376.175   2.1302536e+14
      376.225   2.1326415e+14
      376.275   2.1314123e+14
      376.325   2.1469473e+14
      376.375   2.1541692e+14
      376.425   2.1133779e+14
      376.475   2.0579458e+14
      376.525   2.0758672e+14
      376.575   2.1499596e+14
      376.625   2.1933593e+14
      376.675   2.1952077e+14
      376.725   2.1535736e+14
      376.775   2.0976845e+14
      376.825   2.0803626e+14
      376.875   2.1135749e+14
      376.925   2.1823337e+14
      376.975   2.2478851e+14
      377.025   2.2754757e+14
      377.075   2.2664574e+14
      377.125   2.2462548e+14
      377.175   2.2519439e+14
      377.225   2.3003786e+14
      377.275   2.3659372e+14
      377.325   2.4327855e+14
      377.375   2.4888426e+14
      377.425   2.5265803e+14
      377.475   2.5473410e+14
      377.525   2.5583198e+14
      377.575   2.5670400e+14
      377.625   2.5723215e+14
      377.675   2.5775283e+14
      377.725   2.5942781e+14
      377.775   2.6225368e+14
      377.825   2.6429104e+14
      377.875   2.6410529e+14
      377.925   2.6345149e+14
      377.975   2.6387254e+14
      378.025   2.6694630e+14
      378.075   2.7219810e+14
      378.125   2.7589236e+14
      378.175   2.7665405e+14
      378.225   2.7554442e+14
      378.275   2.7394702e+14
      378.325   2.7320807e+14
      378.375   2.7321743e+14
      378.425   2.7285916e+14
      378.475   2.7289897e+14
      378.525   2.7421920e+14
      378.575   2.7373701e+14
      378.625   2.6787811e+14
      378.675   2.5599223e+14
      378.725   2.4342458e+14
      378.775   2.3745828e+14
      378.825   2.3595068e+14
      378.875   2.3354821e+14
      378.925   2.3071022e+14
      378.975   2.2841325e+14
      379.025   2.2526082e+14
      379.075   2.2153311e+14
      379.125   2.2067467e+14
      379.175   2.2418306e+14
      379.225   2.2799206e+14
      379.275   2.2859844e+14
      379.325   2.2606210e+14
      379.375   2.2144732e+14
      379.425   2.1692303e+14
      379.475   2.1412815e+14
      379.525   2.1166495e+14
      379.575   2.0738025e+14
      379.625   2.0494417e+14
      379.675   2.0651326e+14
      379.725   2.0867147e+14
      379.775   2.0775245e+14
      379.825   2.0293288e+14
      379.875   1.9849256e+14
      379.925   1.9686422e+14
      379.975   1.9800693e+14
      380.025   2.0113743e+14
      380.075   2.0617238e+14
      380.125   2.1428154e+14
      380.175   2.2378406e+14
      380.225   2.2912438e+14
      380.275   2.3041378e+14
      380.325   2.3375770e+14
      380.375   2.3990937e+14
      380.425   2.4663134e+14
      380.475   2.5069303e+14
      380.525   2.5148802e+14
      380.575   2.5039441e+14
      380.625   2.4898245e+14
      380.675   2.4769273e+14
      380.725   2.4436746e+14
      380.775   2.3952904e+14
      380.825   2.3605233e+14
      380.875   2.3693043e+14
      380.925   2.4150556e+14
      380.975   2.4541068e+14
      381.025   2.4713021e+14
      381.075   2.4863323e+14
      381.125   2.4947668e+14
      381.175   2.4802181e+14
      381.225   2.4463042e+14
      381.275   2.4052037e+14
      381.325   2.3522308e+14
      381.375   2.2649401e+14
      381.425   2.1678546e+14
      381.475   2.0997768e+14
      381.525   2.0593537e+14
      381.575   2.0173839e+14
      381.625   1.9544848e+14
      381.675   1.8913236e+14
      381.725   1.8662277e+14
      381.775   1.9109199e+14
      381.825   1.9694610e+14
      381.875   1.9843410e+14
      381.925   1.9732152e+14
      381.975   1.9361127e+14
      382.025   1.8530903e+14
      382.075   1.7493237e+14
      382.125   1.6706200e+14
      382.175   1.6306947e+14
      382.225   1.6479800e+14
      382.275   1.6969897e+14
      382.325   1.7469185e+14
      382.375   1.7829798e+14
      382.425   1.7707431e+14
      382.475   1.7004185e+14
      382.525   1.6159517e+14
      382.575   1.5482540e+14
      382.625   1.4922439e+14
      382.675   1.4450753e+14
      382.725   1.4160425e+14
      382.775   1.4175569e+14
      382.825   1.4268619e+14
      382.875   1.4189394e+14
      382.925   1.4140908e+14
      382.975   1.4258929e+14
      383.025   1.4316261e+14
      383.075   1.4401974e+14
      383.125   1.4649415e+14
      383.175   1.4827821e+14
      383.225   1.4737073e+14
      383.275   1.4262514e+14
      383.325   1.3630479e+14
      383.375   1.3343202e+14
      383.425   1.3408696e+14
      383.475   1.3547781e+14
      383.525   1.3618106e+14
      383.575   1.3790421e+14
      383.625   1.4149529e+14
      383.675   1.4545578e+14
      383.725   1.4840007e+14
      383.775   1.4958196e+14
      383.825   1.4887311e+14
      383.875   1.4640023e+14
      383.925   1.4312769e+14
      383.975   1.4266719e+14
      384.025   1.4611535e+14
      384.075   1.5007824e+14
      384.125   1.5252312e+14
      384.175   1.5482767e+14
      384.225   1.6106303e+14
      384.275   1.7090189e+14
      384.325   1.8142890e+14
      384.375   1.8994529e+14
      384.425   1.9358451e+14
      384.475   1.9653387e+14
      384.525   2.0143485e+14
      384.575   2.0514088e+14
      384.625   2.0655964e+14
      384.675   2.0721592e+14
      384.725   2.0841265e+14
      384.775   2.1035334e+14
      384.825   2.1409585e+14
      384.875   2.1764757e+14
      384.925   2.1860599e+14
      384.975   2.1707672e+14
      385.025   2.1239004e+14
      385.075   2.0612053e+14
      385.125   2.0243135e+14
      385.175   2.0269803e+14
      385.225   2.0758135e+14
      385.275   2.1339672e+14
      385.325   2.1489066e+14
      385.375   2.1301958e+14
      385.425   2.0961549e+14
      385.475   2.0550815e+14
      385.525   2.0243206e+14
      385.575   2.0117553e+14
      385.625   2.0002349e+14
      385.675   1.9603697e+14
      385.725   1.9153358e+14
      385.775   1.9098426e+14
      385.825   1.9310651e+14
      385.875   1.9320089e+14
      385.925   1.8808736e+14
      385.975   1.8133833e+14
      386.025   1.7714385e+14
      386.075   1.7499858e+14
      386.125   1.7585149e+14
      386.175   1.8007092e+14
      386.225   1.8616699e+14
      386.275   1.9442073e+14
      386.325   2.0477724e+14
      386.375   2.1284513e+14
      386.425   2.1575899e+14
      386.475   2.1612153e+14
      386.525   2.1627592e+14
      386.575   2.1553732e+14
      386.625   2.1289921e+14
      386.675   2.1026820e+14
      386.725   2.1042775e+14
      386.775   2.1182741e+14
      386.825   2.1119673e+14
      386.875   2.0940531e+14
      386.925   2.0808666e+14
      386.975   2.0678717e+14
      387.025   2.0409861e+14
      387.075   1.9990749e+14
      387.125   1.9553599e+14
      387.175   1.9097041e+14
      387.225   1.8722397e+14
      387.275   1.8604703e+14
      387.325   1.8645065e+14
      387.375   1.8824007e+14
      387.425   1.9305213e+14
      387.475   2.0068128e+14
      387.525   2.0775105e+14
      387.575   2.1299673e+14
      387.625   2.1638443e+14
      387.675   2.1633280e+14
      387.725   2.1423594e+14
      387.775   2.1154708e+14
      387.825   2.0740519e+14
      387.875   1.9877960e+14
      387.925   1.9085959e+14
      387.975   1.8965275e+14
      388.025   1.9344126e+14
      388.075   1.9855182e+14
      388.125   2.0025014e+14
      388.175   1.9918220e+14
      388.225   1.9774662e+14
      388.275   1.9490251e+14
      388.325   1.9085612e+14
      388.375   1.9050950e+14
      388.425   1.9544893e+14
      388.475   2.0227977e+14
      388.525   2.0723846e+14
      388.575   2.0689006e+14
      388.625   2.0337449e+14
      388.675   1.9848066e+14
      388.725   1.9301303e+14
      388.775   1.9251363e+14
      388.825   1.9639589e+14
      388.875   1.9952807e+14
      388.925   1.9903341e+14
      388.975   1.9697029e+14
      389.025   1.9836859e+14
      389.075   2.0412274e+14
      389.125   2.1207212e+14
      389.175   2.1992365e+14
      389.225   2.2630581e+14
      389.275   2.3150607e+14
      389.325   2.3539858e+14
      389.375   2.3687146e+14
      389.425   2.3695880e+14
      389.475   2.3818330e+14
      389.525   2.4030411e+14
      389.575   2.4090573e+14
      389.625   2.3840281e+14
      389.675   2.3779991e+14
      389.725   2.4309593e+14
      389.775   2.5001193e+14
      389.825   2.5196909e+14
      389.875   2.4918137e+14
      389.925   2.4741357e+14
      389.975   2.4755140e+14
      390.025   2.4559052e+14
      390.075   2.4352506e+14
      390.125   2.4470714e+14
      390.175   2.4805389e+14
      390.225   2.5134064e+14
      390.275   2.5037690e+14
      390.325   2.4539691e+14
      390.375   2.4065926e+14
      390.425   2.3845173e+14
      390.475   2.3998403e+14
      390.525   2.4151673e+14
      390.575   2.3939298e+14
      390.625   2.3589614e+14
      390.675   2.3395006e+14
      390.725   2.3721945e+14
      390.775   2.4387499e+14
      390.825   2.5010925e+14
      390.875   2.5554234e+14
      390.925   2.5959147e+14
      390.975   2.6278945e+14
      391.025   2.6480516e+14
      391.075   2.6540394e+14
      391.125   2.6554016e+14
      391.175   2.6702918e+14
      391.225   2.7008224e+14
      391.275   2.7282290e+14
      391.325   2.7452022e+14
      391.375   2.7413558e+14
      391.425   2.7198344e+14
      391.475   2.6938541e+14
      391.525   2.6834170e+14
      391.575   2.6896525e+14
      391.625   2.6787780e+14
      391.675   2.6426052e+14
      391.725   2.6055163e+14
      391.775   2.5835043e+14
      391.825   2.5752341e+14
      391.875   2.5534686e+14
      391.925   2.5043344e+14
      391.975   2.4517741e+14
      392.025   2.4108232e+14
      392.075   2.3625007e+14
      392.125   2.3005458e+14
      392.175   2.2406678e+14
      392.225   2.2129367e+14
      392.275   2.2130997e+14
      392.325   2.1965159e+14
      392.375   2.1648380e+14
      392.425   2.1509497e+14
      392.475   2.1540090e+14
      392.525   2.1388907e+14
      392.575   2.0937911e+14
      392.625   2.0287975e+14
      392.675   1.9589526e+14
      392.725   1.9033392e+14
      392.775   1.8449297e+14
      392.825   1.7659665e+14
      392.875   1.6741325e+14
      392.925   1.5896190e+14
      392.975   1.5297018e+14
      393.025   1.4733229e+14
      393.075   1.4089921e+14
      393.125   1.3456519e+14
      393.175   1.2907602e+14
      393.225   1.2456248e+14
      393.275   1.1982427e+14
      393.325   1.1501240e+14
      393.375   1.1058047e+14
      393.425   1.0702689e+14
      393.475   1.0587414e+14
      393.525   1.0636662e+14
      393.575   1.0858541e+14
      393.625   1.1244417e+14
      393.675   1.1660512e+14
      393.725   1.2208115e+14
      393.775   1.2877601e+14
      393.825   1.3575625e+14
      393.875   1.4241726e+14
      393.925   1.4884957e+14
      393.975   1.5635065e+14
      394.025   1.6402540e+14
      394.075   1.7066683e+14
      394.125   1.7642272e+14
      394.175   1.8095841e+14
      394.225   1.8485407e+14
      394.275   1.8895118e+14
      394.325   1.9312179e+14
      394.375   1.9657499e+14
      394.425   1.9833507e+14
      394.475   1.9959067e+14
      394.525   2.0327418e+14
      394.575   2.0956056e+14
      394.625   2.1818856e+14
      394.675   2.2682670e+14
      394.725   2.3297541e+14
      394.775   2.3635348e+14
      394.825   2.3704735e+14
      394.875   2.3760224e+14
      394.925   2.4013727e+14
      394.975   2.4349806e+14
      395.025   2.4736078e+14
      395.075   2.5171170e+14
      395.125   2.5480865e+14
      395.175   2.5658354e+14
      395.225   2.5788935e+14
      395.275   2.5748232e+14
      395.325   2.5500956e+14
      395.375   2.5281282e+14
      395.425   2.5333451e+14
      395.475   2.5733221e+14
      395.525   2.6115766e+14
      395.575   2.6142176e+14
      395.625   2.5951714e+14
      395.675   2.5658029e+14
      395.725   2.5248734e+14
      395.775   2.4971620e+14
      395.825   2.4910423e+14
      395.875   2.4849809e+14
      395.925   2.4712049e+14
      395.975   2.4493128e+14
      396.025   2.4092139e+14
      396.075   2.3507624e+14
      396.125   2.2710394e+14
      396.175   2.1588691e+14
      396.225   2.0416442e+14
      396.275   1.9532022e+14
      396.325   1.8945079e+14
      396.375   1.8508372e+14
      396.425   1.8050478e+14
      396.475   1.7535392e+14
      396.525   1.7034025e+14
      396.575   1.6484142e+14
      396.625   1.5836228e+14
      396.675   1.5124510e+14
      396.725   1.4426853e+14
      396.775   1.3962883e+14
      396.825   1.3542802e+14
      396.875   1.3214574e+14
      396.925   1.3064409e+14
      396.975   1.3061922e+14
      397.025   1.3342434e+14
      397.075   1.3800535e+14
      397.125   1.4320221e+14
      397.175   1.4853296e+14
      397.225   1.5457910e+14
      397.275   1.6161368e+14
      397.325   1.6904985e+14
      397.375   1.7617805e+14
      397.425   1.8294173e+14
      397.475   1.8960849e+14
      397.525   1.9700532e+14
      397.575   2.0535486e+14
      397.625   2.1393568e+14
      397.675   2.2196015e+14
      397.725   2.2858517e+14
      397.775   2.3537203e+14
      397.825   2.4314191e+14
      397.875   2.5101587e+14
      397.925   2.5881968e+14
      397.975   2.6618875e+14
      398.025   2.7267206e+14
      398.075   2.7866805e+14
      398.125   2.8415447e+14
      398.175   2.8762386e+14
      398.225   2.8954254e+14
      398.275   2.9111884e+14
      398.325   2.9298431e+14
      398.375   2.9521517e+14
      398.425   2.9645178e+14
      398.475   2.9740189e+14
      398.525   2.9953381e+14
      398.575   3.0285610e+14
      398.625   3.0597454e+14
      398.675   3.0808625e+14
      398.725   3.0872123e+14
      398.775   3.0936638e+14
      398.825   3.1343280e+14
      398.875   3.1932941e+14
      398.925   3.2315308e+14
      398.975   3.2452339e+14
      399.025   3.2374463e+14
      399.075   3.2333121e+14
      399.125   3.2468375e+14
      399.175   3.2720011e+14
      399.225   3.2943168e+14
      399.275   3.3071915e+14
      399.325   3.3198080e+14
      399.375   3.3335129e+14
      399.425   3.3446477e+14
      399.475   3.3454087e+14
      399.525   3.3362742e+14
      399.575   3.3267961e+14
      399.625   3.3221028e+14
      399.675   3.3222570e+14
      399.725   3.3192525e+14
      399.775   3.3099678e+14
      399.825   3.2925496e+14
      399.875   3.2869024e+14
      399.925   3.3083117e+14
      399.975   3.3465993e+14
      400.025   3.3904338e+14
      400.075   3.4237867e+14
      400.125   3.4319898e+14
      400.175   3.4267380e+14
      400.225   3.4283150e+14
      400.275   3.4431307e+14
      400.325   3.4680665e+14
      400.375   3.4809757e+14
      400.425   3.4774600e+14
      400.475   3.4608996e+14
      400.525   3.4150593e+14
      400.575   3.3419647e+14
      400.625   3.2889178e+14
      400.675   3.2851129e+14
      400.725   3.3180213e+14
      400.775   3.3584831e+14
      400.825   3.3987534e+14
      400.875   3.4419392e+14
      400.925   3.4792423e+14
      400.975   3.4988324e+14
      401.025   3.5077673e+14
      401.075   3.5199753e+14
      401.125   3.5338817e+14
      401.175   3.5498921e+14
      401.225   3.5678049e+14
      401.275   3.5769956e+14
      401.325   3.5842492e+14
      401.375   3.5992224e+14
      401.425   3.6123404e+14
      401.475   3.6088084e+14
      401.525   3.5978369e+14
      401.575   3.6001848e+14
      401.625   3.6158763e+14
      401.675   3.6250611e+14
      401.725   3.6219728e+14
      401.775   3.6032290e+14
      401.825   3.5766120e+14
      401.875   3.5746083e+14
      401.925   3.6025490e+14
      401.975   3.6380443e+14
      402.025   3.6665458e+14
      402.075   3.6679929e+14
      402.125   3.6555535e+14
      402.175   3.6565944e+14
      402.225   3.6611387e+14
      402.275   3.6608843e+14
      402.325   3.6619057e+14
      402.375   3.6653581e+14
      402.425   3.6647593e+14
      402.475   3.6531387e+14
      402.525   3.6305933e+14
      402.575   3.6147301e+14
      402.625   3.6145905e+14
      402.675   3.6298360e+14
      402.725   3.6462817e+14
      402.775   3.6513566e+14
      402.825   3.6516066e+14
      402.875   3.6469686e+14
      402.925   3.6370964e+14
      402.975   3.6212578e+14
      403.025   3.5932621e+14
      403.075   3.5437921e+14
      403.125   3.4717432e+14
      403.175   3.4201143e+14
      403.225   3.4155445e+14
      403.275   3.4172460e+14
      403.325   3.3992537e+14
      403.375   3.3795307e+14
      403.425   3.3811674e+14
      403.475   3.4067304e+14
      403.525   3.4346761e+14
      403.575   3.4605568e+14
      403.625   3.4890642e+14
      403.675   3.5245489e+14
      403.725   3.5668104e+14
      403.775   3.6084518e+14
      403.825   3.6435575e+14
      403.875   3.6606587e+14
      403.925   3.6603179e+14
      403.975   3.6521273e+14
      404.025   3.6386669e+14
      404.075   3.6203416e+14
      404.125   3.6018284e+14
      404.175   3.5847145e+14
      404.225   3.5805585e+14
      404.275   3.5953684e+14
      404.325   3.6052358e+14
      404.375   3.5862202e+14
      404.425   3.5356441e+14
      404.475   3.4574460e+14
      404.525   3.3790249e+14
      404.575   3.3109916e+14
      404.625   3.2394376e+14
      404.675   3.2011116e+14
      404.725   3.2323318e+14
      404.775   3.3027017e+14
      404.825   3.3783264e+14
      404.875   3.4468359e+14
      404.925   3.4897199e+14
      404.975   3.5094148e+14
      405.025   3.5297261e+14
      405.075   3.5564864e+14
      405.125   3.5787660e+14
      405.175   3.5861823e+14
      405.225   3.5780570e+14
      405.275   3.5557297e+14
      405.325   3.5253987e+14
      405.375   3.5049982e+14
      405.425   3.5012255e+14
      405.475   3.5000031e+14
      405.525   3.4818371e+14
      405.575   3.4551119e+14
      405.625   3.4411623e+14
      405.675   3.4369294e+14
      405.725   3.4366988e+14
      405.775   3.4234768e+14
      405.825   3.3911300e+14
      405.875   3.3643122e+14
      405.925   3.3585546e+14
      405.975   3.3723741e+14
      406.025   3.3926757e+14
      406.075   3.4128391e+14
      406.125   3.4321895e+14
      406.175   3.4404220e+14
      406.225   3.4212546e+14
      406.275   3.3851075e+14
      406.325   3.3480930e+14
      406.375   3.2912259e+14
      406.425   3.2202280e+14
      406.475   3.1640064e+14
      406.525   3.1893203e+14
      406.575   3.2431910e+14
      406.625   3.2960512e+14
      406.675   3.3213288e+14
      406.725   3.3220437e+14
      406.775   3.3264850e+14
      406.825   3.3515706e+14
      406.875   3.3980858e+14
      406.925   3.4465789e+14
      406.975   3.4844104e+14
      407.025   3.5023990e+14
      407.075   3.4939799e+14
      407.125   3.4610684e+14
      407.175   3.4146203e+14
      407.225   3.3523149e+14
      407.275   3.3100447e+14
      407.325   3.3442248e+14
      407.375   3.4064053e+14
      407.425   3.4461430e+14
      407.475   3.4601689e+14
      407.525   3.4546677e+14
      407.575   3.4436055e+14
      407.625   3.4300981e+14
      407.675   3.4059365e+14
      407.725   3.3613672e+14
      407.775   3.3170334e+14
      407.825   3.2927870e+14
      407.875   3.2908119e+14
      407.925   3.3225543e+14
      407.975   3.3666479e+14
      408.025   3.4060481e+14
      408.075   3.4477180e+14
      408.125   3.5011701e+14
      408.175   3.5568134e+14
      408.225   3.5920641e+14
      408.275   3.6053733e+14
      408.325   3.6002273e+14
      408.375   3.5796204e+14
      408.425   3.5522027e+14
      408.475   3.5355948e+14
      408.525   3.5262621e+14
      408.575   3.5213085e+14
      408.625   3.5319864e+14
      408.675   3.5578087e+14
      408.725   3.5911062e+14
      408.775   3.6299267e+14
      408.825   3.6784295e+14
      408.875   3.7192666e+14
      408.925   3.7359872e+14
      408.975   3.7412447e+14
      409.025   3.7395218e+14
      409.075   3.7284687e+14
      409.125   3.7117487e+14
      409.175   3.7029960e+14
      409.225   3.6938087e+14
      409.275   3.6641391e+14
      409.325   3.6319692e+14
      409.375   3.6246035e+14
      409.425   3.6404021e+14
      409.475   3.6576274e+14
      409.525   3.6131530e+14
      409.575   3.5577609e+14
      409.625   3.5099846e+14
      409.675   3.4680329e+14
      409.725   3.4320526e+14
      409.775   3.4098430e+14
      409.825   3.3907227e+14
      409.836   3.3861100e+14
      409.853   3.3655766e+14
      409.870   3.3426906e+14
      409.886   3.3223727e+14
      409.903   3.2949843e+14
      409.920   3.2595450e+14
      409.937   3.2298192e+14
      409.954   3.2023199e+14
      409.970   3.1745220e+14
      409.987   3.1478435e+14
      410.004   3.1120812e+14
      410.021   3.0618468e+14
      410.038   3.0089866e+14
      410.055   2.9641934e+14
      410.071   2.9294221e+14
      410.088   2.9102206e+14
      410.105   2.8956220e+14
      410.122   2.8742499e+14
      410.139   2.8481271e+14
      410.155   2.8263930e+14
      410.172   2.8089179e+14
      410.189   2.7986691e+14
      410.206   2.8089038e+14
      410.223   2.8206883e+14
      410.240   2.8205784e+14
      410.256   2.8170333e+14
      410.273   2.8143828e+14
      410.290   2.8033873e+14
      410.307   2.7929700e+14
      410.324   2.7888101e+14
      410.341   2.7790105e+14
      410.357   2.7734176e+14
      410.374   2.7834278e+14
      410.391   2.8051332e+14
      410.408   2.8431822e+14
      410.425   2.9053663e+14
      410.442   2.9726594e+14
      410.458   3.0288344e+14
      410.475   3.0778507e+14
      410.492   3.1237508e+14
      410.509   3.1678566e+14
      410.526   3.2215136e+14
      410.543   3.2886925e+14
      410.560   3.3613944e+14
      410.576   3.4204941e+14
      410.593   3.4617685e+14
      410.610   3.4891559e+14
      410.627   3.5125360e+14
      410.644   3.5371371e+14
      410.661   3.5678392e+14
      410.678   3.5977371e+14
      410.694   3.6251890e+14
      410.711   3.6490751e+14
      410.728   3.6596885e+14
      410.745   3.6681324e+14
      410.762   3.6879497e+14
      410.779   3.7066309e+14
      410.796   3.7147674e+14
      410.813   3.7148388e+14
      410.829   3.7134327e+14
      410.846   3.7173509e+14
      410.863   3.7305769e+14
      410.880   3.7452521e+14
      410.897   3.7700850e+14
      410.914   3.7939471e+14
      410.931   3.7910015e+14
      410.948   3.7669129e+14
      410.965   3.7433188e+14
      410.981   3.7323548e+14
      410.998   3.7315576e+14
      411.015   3.7379399e+14
      411.032   3.7488116e+14
      411.049   3.7562908e+14
      411.066   3.7472779e+14
      411.083   3.7363397e+14
      411.100   3.7376524e+14
      411.117   3.7339149e+14
      411.133   3.7200474e+14
      411.150   3.7032901e+14
      411.167   3.6814811e+14
      411.184   3.6573934e+14
      411.201   3.6511677e+14
      411.218   3.6599085e+14
      411.235   3.6809887e+14
      411.252   3.7108079e+14
      411.269   3.7288482e+14
      411.286   3.7295605e+14
      411.303   3.7305628e+14
      411.320   3.7308402e+14
      411.336   3.7263459e+14
      411.353   3.7231234e+14
      411.370   3.7212677e+14
      411.387   3.7191840e+14
      411.404   3.7161058e+14
      411.421   3.7048877e+14
      411.438   3.7018919e+14
      411.455   3.7127937e+14
      411.472   3.7216874e+14
      411.489   3.7266672e+14
      411.506   3.7357278e+14
      411.523   3.7394859e+14
      411.540   3.7363035e+14
      411.557   3.7417615e+14
      411.573   3.7623553e+14
      411.590   3.7882231e+14
      411.607   3.8131190e+14
      411.624   3.8423474e+14
      411.641   3.8775678e+14
      411.658   3.9157955e+14
      411.675   3.9465240e+14
      411.692   3.9609862e+14
      411.709   3.9490246e+14
      411.726   3.9131428e+14
      411.743   3.8667704e+14
      411.760   3.8204354e+14
      411.777   3.7923174e+14
      411.794   3.7920378e+14
      411.811   3.8058547e+14
      411.828   3.8208969e+14
      411.845   3.8357530e+14
      411.862   3.8459448e+14
      411.879   3.8573822e+14
      411.896   3.8733199e+14
      411.913   3.8871645e+14
      411.929   3.9044433e+14
      411.946   3.9229145e+14
      411.963   3.9205036e+14
      411.980   3.9049862e+14
      411.997   3.8893421e+14
      412.014   3.8617502e+14
      412.031   3.8353379e+14
      412.048   3.8295005e+14
      412.065   3.8258408e+14
      412.082   3.8050041e+14
      412.099   3.7791256e+14
      412.116   3.7551526e+14
      412.133   3.7303476e+14
      412.150   3.7074705e+14
      412.167   3.6889695e+14
      412.184   3.6769198e+14
      412.201   3.6594740e+14
      412.218   3.6483353e+14
      412.235   3.6591930e+14
      412.252   3.6848074e+14
      412.269   3.7137847e+14
      412.286   3.7443223e+14
      412.303   3.7647540e+14
      412.320   3.7663816e+14
      412.337   3.7633601e+14
      412.354   3.7736235e+14
      412.371   3.7982527e+14
      412.388   3.8163033e+14
      412.405   3.8222101e+14
      412.422   3.8207473e+14
      412.439   3.7977960e+14
      412.456   3.7537050e+14
      412.473   3.7195982e+14
      412.490   3.7059209e+14
      412.507   3.7024388e+14
      412.524   3.7201591e+14
      412.541   3.7568202e+14
      412.558   3.7857594e+14
      412.575   3.7998297e+14
      412.592   3.8092068e+14
      412.609   3.8077219e+14
      412.626   3.7905965e+14
      412.643   3.7647648e+14
      412.660   3.7393677e+14
      412.677   3.7209904e+14
      412.694   3.7106929e+14
      412.711   3.7171816e+14
      412.729   3.7438952e+14
      412.746   3.7719322e+14
      412.763   3.7850940e+14
      412.780   3.7905473e+14
      412.797   3.7837825e+14
      412.814   3.7684978e+14
      412.831   3.7570137e+14
      412.848   3.7529488e+14
      412.865   3.7483635e+14
      412.882   3.7302057e+14
      412.899   3.7062475e+14
      412.916   3.6912874e+14
      412.933   3.6852029e+14
      412.950   3.6894489e+14
      412.967   3.7159387e+14
      412.984   3.7502897e+14
      413.001   3.7746230e+14
      413.018   3.7810772e+14
      413.035   3.7561778e+14
      413.052   3.7017712e+14
      413.070   3.6334162e+14
      413.087   3.5589122e+14
      413.104   3.5007058e+14
      413.121   3.4738349e+14
      413.138   3.4706082e+14
      413.155   3.4899886e+14
      413.172   3.5258641e+14
      413.189   3.5588731e+14
      413.206   3.5778849e+14
      413.223   3.5874132e+14
      413.240   3.5804251e+14
      413.257   3.5607880e+14
      413.274   3.5298734e+14
      413.291   3.4932349e+14
      413.309   3.4567890e+14
      413.326   3.4238897e+14
      413.343   3.3964598e+14
      413.360   3.3770808e+14
      413.377   3.3619250e+14
      413.394   3.3572971e+14
      413.411   3.3600988e+14
      413.428   3.3643159e+14
      413.445   3.3760878e+14
      413.462   3.4013270e+14
      413.479   3.4190547e+14
      413.497   3.4220340e+14
      413.514   3.4196139e+14
      413.531   3.4110940e+14
      413.548   3.4107967e+14
      413.565   3.4290278e+14
      413.582   3.4647072e+14
      413.599   3.5185870e+14
      413.616   3.5765309e+14
      413.633   3.6274206e+14
      413.650   3.6736505e+14
      413.668   3.7130216e+14
      413.685   3.7337274e+14
      413.702   3.7468964e+14
      413.719   3.7577338e+14
      413.736   3.7719876e+14
      413.753   3.7876382e+14
      413.770   3.8140793e+14
      413.787   3.8610406e+14
      413.805   3.9217005e+14
      413.822   3.9732105e+14
      413.839   4.0200169e+14
      413.856   4.0587654e+14
      413.873   4.0781198e+14
      413.890   4.0767660e+14
      413.907   4.0755997e+14
      413.924   4.0793292e+14
      413.942   4.0818814e+14
      413.959   4.0837158e+14
      413.976   4.0802984e+14
      413.993   4.0754223e+14
      414.010   4.0605626e+14
      414.027   4.0365732e+14
      414.044   4.0211479e+14
      414.062   4.0093789e+14
      414.079   3.9977449e+14
      414.096   3.9897371e+14
      414.113   3.9860851e+14
      414.130   3.9775341e+14
      414.147   3.9747581e+14
      414.164   3.9564900e+14
      414.182   3.9172559e+14
      414.199   3.8627668e+14
      414.216   3.7886938e+14
      414.233   3.6950973e+14
      414.250   3.6037032e+14
      414.267   3.5329890e+14
      414.285   3.4827777e+14
      414.302   3.4507398e+14
      414.319   3.4387632e+14
      414.336   3.4457452e+14
      414.353   3.4553553e+14
      414.370   3.4607746e+14
      414.388   3.4715626e+14
      414.405   3.4884975e+14
      414.422   3.4937720e+14
      414.439   3.4919962e+14
      414.456   3.4937866e+14
      414.473   3.4977061e+14
      414.491   3.4934553e+14
      414.508   3.4915113e+14
      414.525   3.5082220e+14
      414.542   3.5294627e+14
      414.559   3.5475957e+14
      414.577   3.5623580e+14
      414.594   3.5727717e+14
      414.611   3.5648407e+14
      414.628   3.5619807e+14
      414.645   3.5662382e+14
      414.662   3.5731891e+14
      414.680   3.5972868e+14
      414.697   3.6461360e+14
      414.714   3.7038828e+14
      414.731   3.7772092e+14
      414.748   3.8668257e+14
      414.766   3.9366247e+14
      414.783   3.9794014e+14
      414.800   3.9990035e+14
      414.817   3.9857399e+14
      414.834   3.9589651e+14
      414.852   3.9315073e+14
      414.869   3.8952250e+14
      414.886   3.8661660e+14
      414.903   3.8526021e+14
      414.921   3.8364561e+14
      414.938   3.8302000e+14
      414.955   3.8558405e+14
      414.972   3.8865591e+14
      414.989   3.9099270e+14
      415.007   3.9320317e+14
      415.024   3.9410723e+14
      415.041   3.9177920e+14
      415.058   3.8748084e+14
      415.076   3.8360710e+14
      415.093   3.8048225e+14
      415.110   3.8064623e+14
      415.127   3.8452161e+14
      415.144   3.9017982e+14
      415.162   3.9470266e+14
      415.179   3.9765945e+14
      415.196   3.9788894e+14
      415.213   3.9482022e+14
      415.231   3.8896176e+14
      415.248   3.8215070e+14
      415.265   3.7590987e+14
      415.282   3.7005101e+14
      415.300   3.6546567e+14
      415.317   3.6357816e+14
      415.334   3.6389838e+14
      415.351   3.6447363e+14
      415.369   3.6616012e+14
      415.386   3.6990552e+14
      415.403   3.7413431e+14
      415.420   3.7779460e+14
      415.438   3.8184720e+14
      415.455   3.8424284e+14
      415.472   3.8359142e+14
      415.489   3.8058911e+14
      415.507   3.7539955e+14
      415.524   3.6833241e+14
      415.541   3.6305732e+14
      415.559   3.6115694e+14
      415.576   3.6174079e+14
      415.593   3.6399201e+14
      415.610   3.6653215e+14
      415.628   3.6682848e+14
      415.645   3.6389333e+14
      415.662   3.5884046e+14
      415.679   3.5450905e+14
      415.697   3.5126418e+14
      415.714   3.4757875e+14
      415.731   3.4604021e+14
      415.749   3.4735694e+14
      415.766   3.4826911e+14
      415.783   3.5143131e+14
      415.800   3.5760989e+14
      415.818   3.6439270e+14
      415.835   3.7084664e+14
      415.852   3.7786626e+14
      415.870   3.8264113e+14
      415.887   3.8551033e+14
      415.904   3.8670272e+14
      415.921   3.8616373e+14
      415.939   3.8390036e+14
      415.956   3.8093436e+14
      415.973   3.7810218e+14
      415.991   3.7481207e+14
      416.008   3.7304108e+14
      416.025   3.7457260e+14
      416.043   3.7880269e+14
      416.060   3.8339032e+14
      416.077   3.8766835e+14
      416.095   3.8984265e+14
      416.112   3.8967426e+14
      416.129   3.8865539e+14
      416.146   3.8893317e+14
      416.164   3.9101776e+14
      416.181   3.9387885e+14
      416.198   3.9535108e+14
      416.216   3.9674689e+14
      416.233   3.9833252e+14
      416.250   3.9841380e+14
      416.268   3.9878940e+14
      416.285   4.0110038e+14
      416.302   4.0236581e+14
      416.320   4.0184883e+14
      416.337   4.0166620e+14
      416.354   4.0038109e+14
      416.372   3.9781408e+14
      416.389   3.9564626e+14
      416.406   3.9421820e+14
      416.424   3.9299849e+14
      416.441   3.9282590e+14
      416.458   3.9444156e+14
      416.476   3.9649023e+14
      416.493   3.9976038e+14
      416.510   4.0283164e+14
      416.528   4.0533588e+14
      416.545   4.0576975e+14
      416.563   4.0342823e+14
      416.580   3.9847474e+14
      416.597   3.9288749e+14
      416.615   3.8692533e+14
      416.632   3.8224948e+14
      416.649   3.8020759e+14
      416.667   3.7832373e+14
      416.684   3.7662971e+14
      416.701   3.7585642e+14
      416.719   3.7602583e+14
      416.736   3.7531955e+14
      416.754   3.7574702e+14
      416.771   3.7731910e+14
      416.788   3.7827868e+14
      416.806   3.7633956e+14
      416.823   3.7516732e+14
      416.840   3.7430557e+14
      416.858   3.7327883e+14
      416.875   3.7377047e+14
      416.892   3.7651607e+14
      416.910   3.7832258e+14
      416.927   3.7799597e+14
      416.945   3.7710143e+14
      416.962   3.7546285e+14
      416.979   3.7347989e+14
      416.997   3.7127724e+14
      417.014   3.6884254e+14
      417.032   3.6516363e+14
      417.049   3.5987112e+14
      417.066   3.5653703e+14
      417.084   3.5483493e+14
      417.101   3.5381627e+14
      417.119   3.5432912e+14
      417.136   3.5796154e+14
      417.153   3.5968966e+14
      417.171   3.5906881e+14
      417.188   3.5795982e+14
      417.206   3.5801932e+14
      417.223   3.5515228e+14
      417.240   3.5175990e+14
      417.258   3.5035931e+14
      417.275   3.5015718e+14
      417.293   3.4825859e+14
      417.310   3.4849746e+14
      417.327   3.4832466e+14
      417.345   3.4732703e+14
      417.362   3.4658474e+14
      417.380   3.4538309e+14
      417.397   3.4096583e+14
      417.415   3.3659512e+14
      417.432   3.3417967e+14
      417.449   3.3394529e+14
      417.467   3.3461948e+14
      417.484   3.3597176e+14
      417.502   3.3607870e+14
      417.519   3.3553327e+14
      417.537   3.3396289e+14
      417.554   3.3504212e+14
      417.571   3.3680039e+14
      417.589   3.3816442e+14
      417.606   3.3844303e+14
      417.624   3.3918495e+14
      417.641   3.3821273e+14
      417.659   3.3774578e+14
      417.676   3.3988725e+14
      417.693   3.4502097e+14
      417.711   3.4900578e+14
      417.728   3.5050870e+14
      417.746   3.5448149e+14
      417.763   3.5847683e+14
      417.781   3.5977930e+14
      417.798   3.6133764e+14
      417.816   3.6363942e+14
      417.833   3.6537467e+14
      417.851   3.6831205e+14
      417.868   3.7212805e+14
      417.885   3.7480208e+14
      417.903   3.7895828e+14
      417.920   3.8138036e+14
      417.938   3.8368572e+14
      417.955   3.8438717e+14
      417.973   3.8458884e+14
      417.990   3.8185855e+14
      418.008   3.7928251e+14
      418.025   3.7562166e+14
      418.043   3.7409739e+14
      418.060   3.7238473e+14
      418.078   3.7092755e+14
      418.095   3.7120988e+14
      418.113   3.7197084e+14
      418.130   3.7294571e+14
      418.148   3.7611914e+14
      418.165   3.7971499e+14
      418.183   3.8120277e+14
      418.200   3.8286449e+14
      418.218   3.8296087e+14
      418.235   3.8394905e+14
      418.253   3.8622681e+14
      418.270   3.8766368e+14
      418.288   3.8912057e+14
      418.305   3.9018287e+14
      418.323   3.8719884e+14
      418.340   3.8386824e+14
      418.358   3.8170503e+14
      418.375   3.7892785e+14
      418.393   3.7676844e+14
      418.410   3.7545254e+14
      418.428   3.7579095e+14
      418.445   3.7577665e+14
      418.463   3.7545991e+14
      418.480   3.7358345e+14
      418.498   3.7206997e+14
      418.515   3.7072411e+14
      418.533   3.6995832e+14
      418.550   3.6798223e+14
      418.568   3.6695496e+14
      418.585   3.6746296e+14
      418.603   3.6359085e+14
      418.620   3.5875460e+14
      418.638   3.5655932e+14
      418.655   3.5530083e+14
      418.673   3.5428125e+14
      418.690   3.5779639e+14
      418.708   3.6260473e+14
      418.725   3.6463028e+14
      418.743   3.6406622e+14
      418.760   3.6184437e+14
      418.778   3.5697543e+14
      418.796   3.5126487e+14
      418.813   3.4683276e+14
      418.831   3.4608019e+14
      418.848   3.4688272e+14
      418.866   3.4878688e+14
      418.883   3.5173403e+14
      418.901   3.5392315e+14
      418.918   3.5527238e+14
      418.936   3.5665411e+14
      418.953   3.5839796e+14
      418.971   3.5759918e+14
      418.989   3.5638274e+14
      419.006   3.5485112e+14
      419.024   3.5340461e+14
      419.041   3.5241697e+14
      419.059   3.5610483e+14
      419.076   3.6144600e+14
      419.094   3.6475689e+14
      419.111   3.7005458e+14
      419.129   3.7848883e+14
      419.147   3.8611994e+14
      419.164   3.9346798e+14
      419.182   4.0121431e+14
      419.199   4.0495303e+14
      419.217   4.0410309e+14
      419.234   4.0053184e+14
      419.252   3.9768520e+14
      419.270   3.9559170e+14
      419.287   3.9587165e+14
      419.305   3.9815560e+14
      419.322   4.0039870e+14
      419.340   4.0139541e+14
      419.358   4.0214098e+14
      419.375   4.0028902e+14
      419.393   3.9587273e+14
      419.410   3.9307240e+14
      419.428   3.9038468e+14
      419.445   3.8658301e+14
      419.463   3.8101038e+14
      419.481   3.7713504e+14
      419.498   3.7245177e+14
      419.516   3.6940782e+14
      419.533   3.6816413e+14
      419.551   3.7127607e+14
      419.569   3.7460171e+14
      419.586   3.7754436e+14
      419.604   3.8027484e+14
      419.621   3.8313351e+14
      419.639   3.8353654e+14
      419.657   3.8015404e+14
      419.674   3.7438726e+14
      419.692   3.6592718e+14
      419.710   3.5733547e+14
      419.727   3.5011969e+14
      419.745   3.4408957e+14
      419.762   3.4198206e+14
      419.780   3.4280393e+14
      419.798   3.4413099e+14
      419.815   3.4564121e+14
      419.833   3.4866345e+14
      419.851   3.5091238e+14
      419.868   3.5157974e+14
      419.886   3.5225430e+14
      419.903   3.5342059e+14
      419.921   3.5449904e+14
      419.939   3.5510617e+14
      419.956   3.5690270e+14
      419.974   3.6040637e+14
      419.992   3.6312801e+14
      420.009   3.6458254e+14
      420.027   3.6522409e+14
      420.045   3.6281447e+14
      420.062   3.5811163e+14
      420.080   3.5425717e+14
      420.097   3.5136164e+14
      420.115   3.4891508e+14
      420.133   3.4764845e+14
      420.150   3.4469941e+14
      420.168   3.4338596e+14
      420.186   3.4280628e+14
      420.203   3.4327078e+14
      420.221   3.4521262e+14
      420.239   3.4729635e+14
      420.256   3.5134477e+14
      420.274   3.5705089e+14
      420.292   3.6244862e+14
      420.309   3.6451986e+14
      420.327   3.6716559e+14
      420.345   3.6599432e+14
      420.362   3.6396922e+14
      420.380   3.5926152e+14
      420.398   3.5709937e+14
      420.415   3.5849366e+14
      420.433   3.6227209e+14
      420.451   3.6682758e+14
      420.468   3.7394997e+14
      420.486   3.7839209e+14
      420.504   3.7733511e+14
      420.521   3.7532666e+14
      420.539   3.7107072e+14
      420.557   3.6761470e+14
      420.575   3.6911455e+14
      420.592   3.7632809e+14
      420.610   3.8246542e+14
      420.628   3.8937193e+14
      420.645   3.9538020e+14
      420.663   4.0042434e+14
      420.681   4.0229450e+14
      420.698   4.0264967e+14
      420.716   4.0356490e+14
      420.734   4.0463693e+14
      420.751   4.0748520e+14
      420.769   4.1100811e+14
      420.787   4.1394255e+14
      420.805   4.1400902e+14
      420.822   4.1549165e+14
      420.840   4.1366220e+14
      420.858   4.1059107e+14
      420.875   4.0617542e+14
      420.893   4.0562501e+14
      420.911   4.0505976e+14
      420.929   4.0321667e+14
      420.946   4.0243410e+14
      420.964   4.0352147e+14
      420.982   4.0138357e+14
      420.999   3.9735195e+14
      421.017   3.9676491e+14
      421.035   3.9567974e+14
      421.053   3.9607183e+14
      421.070   3.9965515e+14
      421.088   4.0444372e+14
      421.106   4.0616112e+14
      421.124   4.0788070e+14
      421.141   4.0907591e+14
      421.159   4.0717680e+14
      421.177   4.0367041e+14
      421.194   3.9887155e+14
      421.212   3.9490442e+14
      421.230   3.9070799e+14
      421.248   3.8796581e+14
      421.265   3.8353664e+14
      421.283   3.8157224e+14
      421.301   3.7999150e+14
      421.319   3.7903214e+14
      421.336   3.7762845e+14
      421.354   3.7721401e+14
      421.372   3.7476531e+14
      421.390   3.7157822e+14
      421.408   3.6918000e+14
      421.425   3.6494136e+14
      421.443   3.6203981e+14
      421.461   3.6026888e+14
      421.479   3.5958835e+14
      421.496   3.5693573e+14
      421.514   3.5626984e+14
      421.532   3.5594765e+14
      421.550   3.5528161e+14
      421.567   3.5353032e+14
      421.585   3.5110061e+14
      421.603   3.4800844e+14
      421.621   3.4672014e+14
      421.638   3.4751306e+14
      421.656   3.4784202e+14
      421.674   3.4985006e+14
      421.692   3.5204504e+14
      421.710   3.5194119e+14
      421.727   3.5285121e+14
      421.745   3.5458173e+14
      421.763   3.5453949e+14
      421.781   3.5593895e+14
      421.799   3.5839381e+14
      421.816   3.5920875e+14
      421.834   3.5956384e+14
      421.852   3.6174303e+14
      421.870   3.5895737e+14
      421.888   3.5729062e+14
      421.905   3.5914635e+14
      421.923   3.6267257e+14
      421.941   3.6789189e+14
      421.959   3.7816068e+14
      421.977   3.8732146e+14
      421.994   3.9245232e+14
      422.012   3.9814967e+14
      422.030   4.0246864e+14
      422.048   4.0213741e+14
      422.066   4.0094985e+14
      422.083   4.0120820e+14
      422.101   4.0113181e+14
      422.119   4.0311654e+14
      422.137   4.0762176e+14
      422.155   4.1110087e+14
      422.172   4.1246901e+14
      422.190   4.1127946e+14
      422.208   4.0869551e+14
      422.226   4.0900412e+14
      422.244   4.0785246e+14
      422.262   4.0619485e+14
      422.279   4.0537362e+14
      422.297   4.0551627e+14
      422.315   4.0285280e+14
      422.333   4.0260208e+14
      422.351   4.0388425e+14
      422.369   4.0221322e+14
      422.387   4.0034863e+14
      422.404   3.9812989e+14
      422.422   3.9440214e+14
      422.440   3.8872409e+14
      422.458   3.8339858e+14
      422.476   3.7884885e+14
      422.494   3.6794167e+14
      422.511   3.5669455e+14
      422.529   3.4474545e+14
      422.547   3.3193174e+14
      422.565   3.2195035e+14
      422.583   3.1417831e+14
      422.601   3.0770115e+14
      422.619   3.0321895e+14
      422.636   3.0057174e+14
      422.654   2.9886967e+14
      422.672   2.9728658e+14
      422.690   2.9619707e+14
      422.708   2.9709698e+14
      422.726   2.9551151e+14
      422.744   2.9569431e+14
      422.761   2.9539974e+14
      422.779   2.9432688e+14
      422.797   2.9313263e+14
      422.815   2.9105501e+14
      422.833   2.9065021e+14
      422.851   2.9067109e+14
      422.869   2.9164771e+14
      422.887   2.9333548e+14
      422.905   2.9768232e+14
      422.922   3.0298259e+14
      422.940   3.0840328e+14
      422.958   3.1467390e+14
      422.976   3.2232272e+14
      422.994   3.3017015e+14
      423.012   3.3902767e+14
      423.030   3.4998984e+14
      423.048   3.6150669e+14
      423.066   3.7265395e+14
      423.083   3.8399928e+14
      423.101   3.9398337e+14
      423.119   4.0129308e+14
      423.137   4.0655008e+14
      423.155   4.0864206e+14
      423.173   4.0769237e+14
      423.191   4.0332768e+14
      423.209   3.9828092e+14
      423.227   3.9427117e+14
      423.245   3.9169718e+14
      423.263   3.9139424e+14
      423.280   3.9451019e+14
      423.298   3.9994579e+14
      423.316   4.0607433e+14
      423.334   4.1357795e+14
      423.352   4.1909168e+14
      423.370   4.2221896e+14
      423.388   4.2318320e+14
      423.406   4.2174333e+14
      423.424   4.1588050e+14
      423.442   4.0884481e+14
      423.460   4.0228814e+14
      423.478   3.9493358e+14
      423.496   3.8732053e+14
      423.513   3.8208726e+14
      423.531   3.7734911e+14
      423.549   3.7183445e+14
      423.567   3.6766684e+14
      423.585   3.6485296e+14
      423.603   3.6179991e+14
      423.621   3.5995793e+14
      423.639   3.5937402e+14
      423.657   3.5987768e+14
      423.675   3.6139868e+14
      423.693   3.6400541e+14
      423.711   3.6720109e+14
      423.729   3.7032454e+14
      423.747   3.7227927e+14
      423.765   3.7187275e+14
      423.783   3.6998136e+14
      423.801   3.6602681e+14
      423.819   3.5998974e+14
      423.837   3.5286186e+14
      423.855   3.4656126e+14
      423.872   3.4072656e+14
      423.890   3.3613839e+14
      423.908   3.3381385e+14
      423.926   3.3386428e+14
      423.944   3.3610651e+14
      423.962   3.4093767e+14
      423.980   3.4828130e+14
      423.998   3.5754218e+14
      424.016   3.6706006e+14
      424.034   3.7583796e+14
      424.052   3.8306907e+14
      424.070   3.8777321e+14
      424.088   3.8920931e+14
      424.106   3.8785099e+14
      424.124   3.8596085e+14
      424.142   3.8438235e+14
      424.160   3.8245778e+14
      424.178   3.8032382e+14
      424.196   3.7956907e+14
      424.214   3.7847469e+14
      424.232   3.7829861e+14
      424.250   3.8008512e+14
      424.268   3.8344154e+14
      424.286   3.8757786e+14
      424.304   3.9239370e+14
      424.322   3.9739360e+14
      424.340   4.0228297e+14
      424.358   4.0551501e+14
      424.376   4.0785224e+14
      424.394   4.1142016e+14
      424.412   4.1415522e+14
      424.430   4.1524748e+14
      424.448   4.1766668e+14
      424.466   4.2104761e+14
      424.484   4.2242020e+14
      424.502   4.2142098e+14
      424.520   4.1871411e+14
      424.538   4.1543865e+14
      424.556   4.1073096e+14
      424.574   4.0512526e+14
      424.592   4.0140199e+14
      424.610   4.0128432e+14
      424.628   4.0316319e+14
      424.646   4.0438592e+14
      424.665   4.0545793e+14
      424.683   4.0655474e+14
      424.701   4.0633250e+14
      424.719   4.0450893e+14
      424.737   4.0395734e+14
      424.755   4.0330304e+14
      424.773   4.0064948e+14
      424.791   3.9700552e+14
      424.809   3.9299782e+14
      424.827   3.8741149e+14
      424.845   3.8021641e+14
      424.863   3.7385480e+14
      424.881   3.6974059e+14
      424.899   3.6520464e+14
      424.917   3.5893789e+14
      424.935   3.5395189e+14
      424.953   3.5041161e+14
      424.971   3.4591467e+14
      424.989   3.4250420e+14
      425.007   3.4253368e+14
      425.025   3.4547289e+14
      425.044   3.4895455e+14
      425.062   3.5220458e+14
      425.080   3.5719453e+14
      425.098   3.6353519e+14
      425.116   3.6877650e+14
      425.134   3.7228253e+14
      425.152   3.7538869e+14
      425.170   3.7788943e+14
      425.188   3.7947638e+14
      425.206   3.8094364e+14
      425.224   3.8269145e+14
      425.242   3.8458709e+14
      425.260   3.8375132e+14
      425.279   3.8099391e+14
      425.297   3.7898467e+14
      425.315   3.7744206e+14
      425.333   3.7518629e+14
      425.351   3.7494089e+14
      425.369   3.7735281e+14
      425.387   3.7828528e+14
      425.405   3.7831403e+14
      425.423   3.8108193e+14
      425.441   3.8490370e+14
      425.460   3.8716325e+14
      425.478   3.8997676e+14
      425.496   3.9365379e+14
      425.514   3.9564106e+14
      425.532   3.9635823e+14
      425.550   3.9718253e+14
      425.568   3.9781838e+14
      425.586   3.9788232e+14
      425.604   3.9781986e+14
      425.622   3.9814518e+14
      425.641   3.9809005e+14
      425.659   3.9696475e+14
      425.677   3.9483226e+14
      425.695   3.9149313e+14
      425.713   3.8713359e+14
      425.731   3.8287877e+14
      425.749   3.7927716e+14
      425.767   3.7708563e+14
      425.786   3.7805409e+14
      425.804   3.8016634e+14
      425.822   3.8109547e+14
      425.840   3.8103011e+14
      425.858   3.7972136e+14
      425.876   3.7478732e+14
      425.894   3.6786322e+14
      425.913   3.6284547e+14
      425.931   3.5967895e+14
      425.949   3.5732480e+14
      425.967   3.5673084e+14
      425.985   3.5685522e+14
      426.003   3.5488454e+14
      426.021   3.5081841e+14
      426.040   3.4586484e+14
      426.058   3.4065918e+14
      426.076   3.3605784e+14
      426.094   3.3258010e+14
      426.112   3.3069791e+14
      426.130   3.2997394e+14
      426.148   3.2903324e+14
      426.167   3.2882691e+14
      426.185   3.3019880e+14
      426.203   3.3271006e+14
      426.221   3.3589304e+14
      426.239   3.3988949e+14
      426.257   3.4316963e+14
      426.276   3.4499380e+14
      426.294   3.4548689e+14
      426.312   3.4523750e+14
      426.330   3.4566408e+14
      426.348   3.4769391e+14
      426.367   3.5118206e+14
      426.385   3.5676029e+14
      426.403   3.6577329e+14
      426.421   3.7556411e+14
      426.439   3.8435977e+14
      426.457   3.9326770e+14
      426.476   4.0106320e+14
      426.494   4.0644522e+14
      426.512   4.1085947e+14
      426.530   4.1520743e+14
      426.548   4.1921442e+14
      426.567   4.2220487e+14
      426.585   4.2356051e+14
      426.603   4.2310154e+14
      426.621   4.2035762e+14
      426.639   4.1506204e+14
      426.658   4.0968104e+14
      426.676   4.0577197e+14
      426.694   4.0248340e+14
      426.712   4.0050487e+14
      426.730   4.0054753e+14
      426.749   4.0143740e+14
      426.767   4.0254999e+14
      426.785   4.0463152e+14
      426.803   4.0663376e+14
      426.821   4.0742859e+14
      426.840   4.0670114e+14
      426.858   4.0488750e+14
      426.876   4.0290182e+14
      426.894   4.0192163e+14
      426.913   4.0144307e+14
      426.931   4.0082595e+14
      426.949   3.9850664e+14
      426.967   3.9295455e+14
      426.985   3.8429823e+14
      427.004   3.7314444e+14
      427.022   3.6085818e+14
      427.040   3.5050980e+14
      427.058   3.4274892e+14
      427.077   3.3712722e+14
      427.095   3.3434007e+14
      427.113   3.3464867e+14
      427.131   3.3711393e+14
      427.150   3.4166803e+14
      427.168   3.4595297e+14
      427.186   3.4821467e+14
      427.204   3.4854334e+14
      427.223   3.4609641e+14
      427.241   3.4098592e+14
      427.259   3.3579323e+14
      427.277   3.3197241e+14
      427.296   3.2810039e+14
      427.314   3.2396484e+14
      427.332   3.2126156e+14
      427.350   3.2015864e+14
      427.369   3.1798278e+14
      427.387   3.1570710e+14
      427.405   3.1377541e+14
      427.423   3.1140252e+14
      427.442   3.0915707e+14
      427.460   3.0964565e+14
      427.478   3.1341795e+14
      427.497   3.1915183e+14
      427.515   3.2670611e+14
      427.533   3.3620651e+14
      427.551   3.4524495e+14
      427.570   3.5264500e+14
      427.588   3.5881791e+14
      427.606   3.6340066e+14
      427.625   3.6609678e+14
      427.643   3.6684197e+14
      427.661   3.6574013e+14
      427.679   3.6607197e+14
      427.698   3.6834023e+14
      427.716   3.7079515e+14
      427.734   3.7475962e+14
      427.753   3.8159994e+14
      427.771   3.8745374e+14
      427.789   3.9001322e+14
      427.807   3.9074463e+14
      427.826   3.9084378e+14
      427.844   3.8980706e+14
      427.862   3.8774288e+14
      427.881   3.8663578e+14
      427.899   3.8692554e+14
      427.917   3.8731449e+14
      427.936   3.8634289e+14
      427.954   3.8510106e+14
      427.972   3.8393019e+14
      427.991   3.8157737e+14
      428.009   3.7952717e+14
      428.027   3.7897000e+14
      428.046   3.7881657e+14
      428.064   3.7813222e+14
      428.082   3.7679047e+14
      428.101   3.7516943e+14
      428.119   3.7228009e+14
      428.137   3.6801987e+14
      428.156   3.6458989e+14
      428.174   3.6405130e+14
      428.192   3.6360745e+14
      428.211   3.6386933e+14
      428.229   3.6588721e+14
      428.247   3.6719388e+14
      428.266   3.6542731e+14
      428.284   3.6294822e+14
      428.302   3.6048190e+14
      428.321   3.5779408e+14
      428.339   3.5642267e+14
      428.357   3.5739722e+14
      428.376   3.5824977e+14
      428.394   3.5958886e+14
      428.412   3.6247872e+14
      428.431   3.6388796e+14
      428.449   3.6428935e+14
      428.467   3.6496890e+14
      428.486   3.6451055e+14
      428.504   3.6315398e+14
      428.522   3.6147809e+14
      428.541   3.5895499e+14
      428.559   3.5642231e+14
      428.578   3.5544358e+14
      428.596   3.5604101e+14
      428.614   3.5829984e+14
      428.633   3.6090061e+14
      428.651   3.6438543e+14
      428.669   3.6826117e+14
      428.688   3.7058435e+14
      428.706   3.7060637e+14
      428.725   3.6824668e+14
      428.743   3.6255576e+14
      428.761   3.5517652e+14
      428.780   3.4755791e+14
      428.798   3.4035874e+14
      428.816   3.3408073e+14
      428.835   3.3083588e+14
      428.853   3.2777991e+14
      428.872   3.2370771e+14
      428.890   3.2242594e+14
      428.908   3.2273090e+14
      428.927   3.2064000e+14
      428.945   3.1818758e+14
      428.964   3.1728606e+14
      428.982   3.1570789e+14
      429.000   3.1576219e+14
      429.019   3.1756213e+14
      429.037   3.1945229e+14
      429.056   3.2041024e+14
      429.074   3.2078440e+14
      429.092   3.2095117e+14
      429.111   3.2004084e+14
      429.129   3.1875382e+14
      429.148   3.1878741e+14
      429.166   3.2007101e+14
      429.185   3.1998798e+14
      429.203   3.1997115e+14
      429.221   3.2078183e+14
      429.240   3.2054969e+14
      429.258   3.1823590e+14
      429.277   3.1825646e+14
      429.295   3.2011963e+14
      429.314   3.2275305e+14
      429.332   3.2664374e+14
      429.350   3.3000528e+14
      429.369   3.3242331e+14
      429.387   3.3583078e+14
      429.406   3.3809798e+14
      429.424   3.3917785e+14
      429.443   3.4359631e+14
      429.461   3.4974389e+14
      429.479   3.5606275e+14
      429.498   3.6232675e+14
      429.516   3.6728672e+14
      429.535   3.6869111e+14
      429.553   3.6757568e+14
      429.572   3.6537969e+14
      429.590   3.6368668e+14
      429.609   3.6295878e+14
      429.627   3.6214786e+14
      429.646   3.6070832e+14
      429.664   3.5945381e+14
      429.682   3.5805215e+14
      429.701   3.5627257e+14
      429.719   3.5291081e+14
      429.738   3.4764378e+14
      429.756   3.4162698e+14
      429.775   3.3627240e+14
      429.793   3.3107028e+14
      429.812   3.2716008e+14
      429.830   3.2413808e+14
      429.849   3.2032034e+14
      429.867   3.1698401e+14
      429.886   3.1389919e+14
      429.904   3.0961444e+14
      429.923   3.0607890e+14
      429.941   3.0160951e+14
      429.960   2.9527044e+14
      429.978   2.8975257e+14
      429.997   2.8733462e+14
      430.015   2.8486166e+14
      430.034   2.8333726e+14
      430.052   2.8249401e+14
      430.071   2.8108193e+14
      430.089   2.7887238e+14
      430.108   2.7630176e+14
      430.126   2.7279706e+14
      430.145   2.6966939e+14
      430.163   2.6736371e+14
      430.182   2.6491774e+14
      430.200   2.6158731e+14
      430.219   2.5891127e+14
      430.237   2.5717433e+14
      430.256   2.5763836e+14
      430.274   2.5880138e+14
      430.293   2.6169366e+14
      430.311   2.6567939e+14
      430.330   2.6858085e+14
      430.348   2.6994386e+14
      430.367   2.7153292e+14
      430.385   2.7306950e+14
      430.404   2.7537594e+14
      430.422   2.7751509e+14
      430.441   2.7903764e+14
      430.459   2.8325735e+14
      430.478   2.9071981e+14
      430.496   2.9461536e+14
      430.515   2.9418410e+14
      430.533   2.9419421e+14
      430.552   2.9225873e+14
      430.571   2.8756828e+14
      430.589   2.8520684e+14
      430.608   2.8449763e+14
      430.626   2.8212938e+14
      430.645   2.7821806e+14
      430.663   2.7423643e+14
      430.682   2.6999711e+14
      430.700   2.6679096e+14
      430.719   2.6516138e+14
      430.737   2.6435936e+14
      430.756   2.6192944e+14
      430.775   2.5895933e+14
      430.793   2.5624649e+14
      430.812   2.5244745e+14
      430.830   2.4897499e+14
      430.849   2.4700585e+14
      430.867   2.4560200e+14
      430.886   2.4413572e+14
      430.904   2.4278155e+14
      430.923   2.4129332e+14
      430.942   2.4041454e+14
      430.960   2.4063067e+14
      430.979   2.3894256e+14
      430.997   2.3499959e+14
      431.016   2.3175987e+14
      431.034   2.2979295e+14
      431.053   2.2538537e+14
      431.072   2.2198636e+14
      431.090   2.2091940e+14
      431.109   2.1884154e+14
      431.127   2.1638605e+14
      431.146   2.1827236e+14
      431.165   2.2412485e+14
      431.183   2.3146634e+14
      431.202   2.4024157e+14
      431.220   2.4890633e+14
      431.239   2.5511719e+14
      431.258   2.5809833e+14
      431.276   2.6135265e+14
      431.295   2.6560878e+14
      431.313   2.7002095e+14
      431.332   2.7383485e+14
      431.351   2.7701943e+14
      431.369   2.7991045e+14
      431.388   2.8239846e+14
      431.406   2.8596320e+14
      431.425   2.9174190e+14
      431.444   2.9914784e+14
      431.462   3.0620836e+14
      431.481   3.1322681e+14
      431.499   3.1973896e+14
      431.518   3.2585061e+14
      431.537   3.3084624e+14
      431.555   3.3641935e+14
      431.574   3.4399685e+14
      431.593   3.5162268e+14
      431.611   3.5960480e+14
      431.630   3.6996977e+14
      431.648   3.8189279e+14
      431.667   3.9230091e+14
      431.686   3.9964376e+14
      431.704   4.0434816e+14
      431.723   4.0730654e+14
      431.742   4.0807009e+14
      431.760   4.1022162e+14
      431.779   4.1542374e+14
      431.798   4.2166317e+14
      431.816   4.2720440e+14
      431.835   4.3291012e+14
      431.854   4.3910329e+14
      431.872   4.4427205e+14
      431.891   4.4878133e+14
      431.909   4.5238982e+14
      431.928   4.5451902e+14
      431.947   4.5357587e+14
      431.965   4.5279263e+14
      431.984   4.5218205e+14
      432.003   4.5192600e+14
      432.021   4.5339123e+14
      432.040   4.5636702e+14
      432.059   4.5901244e+14
      432.077   4.6236615e+14
      432.096   4.6571034e+14
      432.115   4.6646403e+14
      432.133   4.6384278e+14
      432.152   4.5781784e+14
      432.171   4.4860298e+14
      432.189   4.3699092e+14
      432.208   4.2699546e+14
      432.227   4.1868533e+14
      432.246   4.1213698e+14
      432.264   4.0698626e+14
      432.283   4.0311565e+14
      432.302   3.9850257e+14
      432.320   3.9307639e+14
      432.339   3.8574848e+14
      432.358   3.7775831e+14
      432.376   3.6931165e+14
      432.395   3.5873188e+14
      432.414   3.4774209e+14
      432.432   3.3877496e+14
      432.451   3.3161686e+14
      432.470   3.2540957e+14
      432.489   3.2081278e+14
      432.507   3.1775196e+14
      432.526   3.1412116e+14
      432.545   3.0877428e+14
      432.563   3.0411422e+14
      432.582   3.0090482e+14
      432.601   2.9762764e+14
      432.620   2.9359664e+14
      432.638   2.9057728e+14
      432.657   2.8990634e+14
      432.676   2.9103433e+14
      432.694   2.9431601e+14
      432.713   3.0067442e+14
      432.732   3.0994594e+14
      432.751   3.1861269e+14
      432.769   3.2586979e+14
      432.788   3.3333969e+14
      432.807   3.4063812e+14
      432.825   3.4577926e+14
      432.844   3.5076043e+14
      432.863   3.5585535e+14
      432.882   3.5990693e+14
      432.900   3.6351126e+14
      432.919   3.6794273e+14
      432.938   3.7388492e+14
      432.957   3.8197881e+14
      432.975   3.9058478e+14
      432.994   3.9898748e+14
      433.013   4.0713799e+14
      433.032   4.1406188e+14
      433.050   4.1996508e+14
      433.069   4.2567581e+14
      433.088   4.2995676e+14
      433.107   4.3255279e+14
      433.125   4.3257513e+14
      433.144   4.3207082e+14
      433.163   4.3066807e+14
      433.182   4.3016367e+14
      433.200   4.3057193e+14
      433.219   4.3067806e+14
      433.238   4.2905688e+14
      433.257   4.2733960e+14
      433.276   4.2615438e+14
      433.294   4.2547631e+14
      433.313   4.2472278e+14
      433.332   4.2393866e+14
      433.351   4.2284474e+14
      433.369   4.2060650e+14
      433.388   4.1889492e+14
      433.407   4.1862315e+14
      433.426   4.2018407e+14
      433.445   4.2381812e+14
      433.463   4.2819553e+14
      433.482   4.3176912e+14
      433.501   4.3492623e+14
      433.520   4.3584657e+14
      433.539   4.3207697e+14
      433.557   4.2717547e+14
      433.576   4.2121370e+14
      433.595   4.1388073e+14
      433.614   4.0689193e+14
      433.633   4.0146548e+14
      433.651   3.9668603e+14
      433.670   3.9287206e+14
      433.689   3.9027818e+14
      433.708   3.8595921e+14
      433.727   3.8297829e+14
      433.745   3.8016876e+14
      433.764   3.7657812e+14
      433.783   3.7129702e+14
      433.802   3.6633640e+14
      433.821   3.6034456e+14
      433.839   3.5346466e+14
      433.858   3.4540566e+14
      433.877   3.3762114e+14
      433.896   3.3014168e+14
      433.915   3.2222253e+14
      433.934   3.1388986e+14
      433.952   3.0671135e+14
      433.971   2.9948925e+14
      433.990   2.9228833e+14
      434.009   2.8496882e+14
      434.028   2.7751103e+14
      434.047   2.7328638e+14
      434.065   2.7246523e+14
      434.084   2.7299510e+14
      434.103   2.7600745e+14
      434.122   2.8020684e+14
      434.141   2.8382740e+14
      434.160   2.8439277e+14
      434.179   2.8626089e+14
      434.197   2.8657438e+14
      434.216   2.8721432e+14
      434.235   2.8724875e+14
      434.254   2.8921133e+14
      434.273   2.8859220e+14
      434.292   2.8870542e+14
      434.311   2.9133733e+14
      434.329   2.9528725e+14
      434.348   2.9960767e+14
      434.367   3.0631850e+14
      434.386   3.1502420e+14
      434.405   3.2321239e+14
      434.424   3.3077149e+14
      434.443   3.3920820e+14
      434.461   3.4687722e+14
      434.480   3.5309100e+14
      434.499   3.5720325e+14
      434.518   3.6142969e+14
      434.537   3.6580742e+14
      434.556   3.6997986e+14
      434.575   3.7350295e+14
      434.594   3.7621682e+14
      434.613   3.7681964e+14
      434.631   3.7484641e+14
      434.650   3.7235966e+14
      434.669   3.7014624e+14
      434.688   3.6948188e+14
      434.707   3.7058348e+14
      434.726   3.7218198e+14
      434.745   3.7526006e+14
      434.764   3.7790504e+14
      434.783   3.8011471e+14
      434.802   3.8426167e+14
      434.820   3.8939749e+14
      434.839   3.9267178e+14
      434.858   3.9505107e+14
      434.877   3.9687009e+14
      434.896   3.9534398e+14
      434.915   3.9191294e+14
      434.934   3.8896988e+14
      434.953   3.8594558e+14
      434.972   3.8236254e+14
      434.991   3.7743915e+14
      435.010   3.7263129e+14
      435.029   3.6689661e+14
      435.047   3.6092626e+14
      435.066   3.5560458e+14
      435.085   3.5170169e+14
      435.104   3.4693106e+14
      435.123   3.4269228e+14
      435.142   3.4188357e+14
      435.161   3.4047676e+14
      435.180   3.4009065e+14
      435.199   3.4290320e+14
      435.218   3.4633372e+14
      435.237   3.4851795e+14
      435.256   3.5190747e+14
      435.275   3.5477136e+14
      435.294   3.5467067e+14
      435.313   3.5445598e+14
      435.331   3.5299353e+14
      435.350   3.4941907e+14
      435.369   3.4706506e+14
      435.388   3.4738045e+14
      435.407   3.4699447e+14
      435.426   3.4664783e+14
      435.445   3.4827634e+14
      435.464   3.4899732e+14
      435.483   3.4896432e+14
      435.502   3.4990029e+14
      435.521   3.5323488e+14
      435.540   3.6019185e+14
      435.559   3.6986830e+14
      435.578   3.8083499e+14
      435.597   3.9192093e+14
      435.616   4.0254742e+14
      435.635   4.1109795e+14
      435.654   4.1735526e+14
      435.673   4.2239807e+14
      435.692   4.2596518e+14
      435.711   4.2718570e+14
      435.730   4.2721530e+14
      435.749   4.2683019e+14
      435.768   4.2506531e+14
      435.787   4.2163079e+14
      435.806   4.1845260e+14
      435.825   4.1699646e+14
      435.844   4.1432244e+14
      435.863   4.1312925e+14
      435.882   4.1523177e+14
      435.901   4.1752535e+14
      435.920   4.1676453e+14
      435.939   4.1805328e+14
      435.958   4.1962307e+14
      435.977   4.2241105e+14
      435.996   4.2584018e+14
      436.015   4.3103000e+14
      436.034   4.3574166e+14
      436.053   4.3920477e+14
      436.072   4.4043335e+14
      436.091   4.3915948e+14
      436.110   4.3599300e+14
      436.129   4.3155950e+14
      436.148   4.2668645e+14
      436.167   4.2165267e+14
      436.186   4.1665360e+14
      436.205   4.1404763e+14
      436.224   4.1465197e+14
      436.243   4.1530683e+14
      436.262   4.1639222e+14
      436.281   4.1964538e+14
      436.300   4.2258257e+14
      436.319   4.2615919e+14
      436.338   4.3081243e+14
      436.357   4.3547264e+14
      436.376   4.4103181e+14
      436.395   4.4694059e+14
      436.414   4.4895048e+14
      436.433   4.5090778e+14
      436.453   4.5418892e+14
      436.472   4.5520174e+14
      436.491   4.5240022e+14
      436.510   4.4974554e+14
      436.529   4.4690171e+14
      436.548   4.4283574e+14
      436.567   4.3903533e+14
      436.586   4.3468080e+14
      436.605   4.2924232e+14
      436.624   4.2334827e+14
      436.643   4.1862543e+14
      436.662   4.1458134e+14
      436.681   4.1409590e+14
      436.700   4.1633203e+14
      436.719   4.2038429e+14
      436.738   4.2314411e+14
      436.758   4.2695175e+14
      436.777   4.3018047e+14
      436.796   4.3101928e+14
      436.815   4.2688199e+14
      436.834   4.2299065e+14
      436.853   4.1741649e+14
      436.872   4.1196954e+14
      436.891   4.0811220e+14
      436.910   4.0701699e+14
      436.929   4.0426324e+14
      436.948   4.0135528e+14
      436.967   3.9579640e+14
      436.987   3.8956261e+14
      437.006   3.8598925e+14
      437.025   3.8511058e+14
      437.044   3.8525488e+14
      437.063   3.8642885e+14
      437.082   3.8779436e+14
      437.101   3.8725451e+14
      437.120   3.8602806e+14
      437.139   3.8730350e+14
      437.158   3.9021196e+14
      437.178   3.9415154e+14
      437.197   3.9665334e+14
      437.216   3.9908061e+14
      437.235   3.9849918e+14
      437.254   3.9491098e+14
      437.273   3.8890770e+14
      437.292   3.8413881e+14
      437.311   3.7816972e+14
      437.331   3.7346910e+14
      437.350   3.7308235e+14
      437.369   3.7397040e+14
      437.388   3.7443359e+14
      437.407   3.7457535e+14
      437.426   3.7044292e+14
      437.445   3.6546019e+14
      437.464   3.6208455e+14
      437.484   3.6109243e+14
      437.503   3.6220488e+14
      437.522   3.6624016e+14
      437.541   3.6994750e+14
      437.560   3.6947675e+14
      437.579   3.6803452e+14
      437.598   3.6644894e+14
      437.618   3.6420320e+14
      437.637   3.6375190e+14
      437.656   3.6574829e+14
      437.675   3.6678201e+14
      437.694   3.6736418e+14
      437.713   3.6988981e+14
      437.733   3.7025702e+14
      437.752   3.6946872e+14
      437.771   3.7050944e+14
      437.790   3.7368797e+14
      437.809   3.7667947e+14
      437.828   3.7882712e+14
      437.848   3.8369342e+14
      437.867   3.8845572e+14
      437.886   3.9108466e+14
      437.905   3.9196127e+14
      437.924   3.9365810e+14
      437.943   3.9784620e+14
      437.963   4.0341582e+14
      437.982   4.0923411e+14
      438.001   4.1629433e+14
      438.020   4.2322492e+14
      438.039   4.2741088e+14
      438.059   4.2816685e+14
      438.078   4.2935202e+14
      438.097   4.2960651e+14
      438.116   4.2737332e+14
      438.135   4.2371950e+14
      438.154   4.1801849e+14
      438.174   4.0907550e+14
      438.193   3.9917558e+14
      438.212   3.8959030e+14
      438.231   3.7917253e+14
      438.251   3.7078435e+14
      438.270   3.6500007e+14
      438.289   3.6011778e+14
      438.308   3.5406783e+14
      438.327   3.4788055e+14
      438.347   3.4087707e+14
      438.366   3.3338452e+14
      438.385   3.2669015e+14
      438.404   3.2358807e+14
      438.423   3.2165548e+14
      438.443   3.2240063e+14
      438.462   3.2449380e+14
      438.481   3.2739940e+14
      438.500   3.3022354e+14
      438.520   3.2998687e+14
      438.539   3.2843819e+14
      438.558   3.2574354e+14
      438.577   3.2179683e+14
      438.596   3.1765105e+14
      438.616   3.1488124e+14
      438.635   3.1444658e+14
      438.654   3.1771721e+14
      438.673   3.2326932e+14
      438.693   3.3240454e+14
      438.712   3.4432922e+14
      438.731   3.5693514e+14
      438.750   3.6876024e+14
      438.770   3.8050325e+14
      438.789   3.8994713e+14
      438.808   3.9631693e+14
      438.827   4.0131762e+14
      438.847   4.0656713e+14
      438.866   4.1255408e+14
      438.885   4.1784556e+14
      438.904   4.2130809e+14
      438.924   4.2288056e+14
      438.943   4.2238172e+14
      438.962   4.2120229e+14
      438.982   4.1932098e+14
      439.001   4.1662091e+14
      439.020   4.1475819e+14
      439.039   4.1331756e+14
      439.059   4.1099803e+14
      439.078   4.0915700e+14
      439.097   4.0943773e+14
      439.117   4.1134423e+14
      439.136   4.1415184e+14
      439.155   4.1753225e+14
      439.174   4.2044655e+14
      439.194   4.2236046e+14
      439.213   4.2168672e+14
      439.232   4.1906057e+14
      439.252   4.1625382e+14
      439.271   4.1463772e+14
      439.290   4.1415367e+14
      439.309   4.1560470e+14
      439.329   4.1770034e+14
      439.348   4.1882427e+14
      439.367   4.1803296e+14
      439.387   4.1569417e+14
      439.406   4.1427440e+14
      439.425   4.1407557e+14
      439.445   4.1511429e+14
      439.464   4.1688654e+14
      439.483   4.1845109e+14
      439.502   4.1854003e+14
      439.522   4.1789760e+14
      439.541   4.1664780e+14
      439.560   4.1605961e+14
      439.580   4.1648795e+14
      439.599   4.1698842e+14
      439.618   4.1798022e+14
      439.638   4.1847289e+14
      439.657   4.1826974e+14
      439.676   4.1701513e+14
      439.696   4.1539398e+14
      439.715   4.1433179e+14
      439.734   4.1505367e+14
      439.754   4.1738154e+14
      439.773   4.1999422e+14
      439.792   4.2142266e+14
      439.812   4.1957766e+14
      439.831   4.1600232e+14
      439.850   4.1241119e+14
      439.870   4.0956028e+14
      439.889   4.0839552e+14
      439.909   4.0983803e+14
      439.928   4.1131302e+14
      439.947   4.1195086e+14
      439.967   4.1077147e+14
      439.986   4.0757768e+14
      440.005   4.0350421e+14
      440.025   4.0052560e+14
      440.044   3.9946194e+14
      440.063   4.0088592e+14
      440.083   4.0464820e+14
      440.102   4.0901468e+14
      440.121   4.1215411e+14
      440.141   4.1317662e+14
      440.160   4.1306152e+14
      440.180   4.1234689e+14
      440.199   4.1189499e+14
      440.218   4.1206564e+14
      440.238   4.1203787e+14
      440.257   4.1066390e+14
      440.276   4.0726183e+14
      440.296   4.0114080e+14
      440.315   3.9305891e+14
      440.335   3.8509022e+14
      440.354   3.7806867e+14
      440.373   3.7331879e+14
      440.393   3.7206550e+14
      440.412   3.7312139e+14
      440.432   3.7470593e+14
      440.451   3.7648479e+14
      440.470   3.7871621e+14
      440.490   3.8143870e+14
      440.509   3.8512518e+14
      440.529   3.8926530e+14
      440.548   3.9335611e+14
      440.567   3.9592358e+14
      440.587   3.9563113e+14
      440.606   3.9203730e+14
      440.626   3.8780301e+14
      440.645   3.8355853e+14
      440.665   3.7898187e+14
      440.684   3.7440167e+14
      440.703   3.7166696e+14
      440.723   3.6963163e+14
      440.742   3.6746217e+14
      440.762   3.6613876e+14
      440.781   3.6683576e+14
      440.800   3.6945224e+14
      440.820   3.7445982e+14
      440.839   3.8245177e+14
      440.859   3.9246713e+14
      440.878   4.0245137e+14
      440.898   4.1126555e+14
      440.917   4.1787989e+14
      440.937   4.2175010e+14
      440.956   4.2361516e+14
      440.975   4.2521625e+14
      440.995   4.2675185e+14
      441.014   4.2846866e+14
      441.034   4.3038642e+14
      441.053   4.3220128e+14
      441.073   4.3289591e+14
      441.092   4.3309891e+14
      441.112   4.3402246e+14
      441.131   4.3645734e+14
      441.151   4.3941524e+14
      441.170   4.4323641e+14
      441.189   4.4793293e+14
      441.209   4.5227779e+14
      441.228   4.5465392e+14
      441.248   4.5604294e+14
      441.267   4.5752651e+14
      441.287   4.5815158e+14
      441.306   4.5714062e+14
      441.326   4.5459760e+14
      441.345   4.5008714e+14
      441.365   4.4356645e+14
      441.384   4.3566658e+14
      441.404   4.2783817e+14
      441.423   4.2186575e+14
      441.443   4.1880486e+14
      441.462   4.1809187e+14
      441.482   4.1837981e+14
      441.501   4.1801566e+14
      441.521   4.1666993e+14
      441.540   4.1505198e+14
      441.560   4.1247904e+14
      441.579   4.0983380e+14
      441.599   4.0779839e+14
      441.618   4.0651766e+14
      441.638   4.0550455e+14
      441.657   4.0414588e+14
      441.677   4.0281018e+14
      441.696   4.0298765e+14
      441.716   4.0452917e+14
      441.735   4.0631447e+14
      441.755   4.0930844e+14
      441.774   4.1361831e+14
      441.794   4.1764927e+14
      441.813   4.2048081e+14
      441.833   4.2345145e+14
      441.852   4.2855453e+14
      441.872   4.3545416e+14
      441.891   4.4368811e+14
      441.911   4.5395040e+14
      441.930   4.6451285e+14
      441.950   4.7246104e+14
      441.969   4.7702689e+14
      441.989   4.7906445e+14
      442.008   4.7932093e+14
      442.028   4.7897559e+14
      442.048   4.7871252e+14
      442.067   4.7912929e+14
      442.087   4.7917335e+14
      442.106   4.7878005e+14
      442.126   4.7851692e+14
      442.145   4.7682589e+14
      442.165   4.7449701e+14
      442.184   4.7353139e+14
      442.204   4.7305204e+14
      442.223   4.7110669e+14
      442.243   4.6887069e+14
      442.263   4.6640065e+14
      442.282   4.6338162e+14
      442.302   4.5994694e+14
      442.321   4.5792048e+14
      442.341   4.5798358e+14
      442.360   4.5822151e+14
      442.380   4.5692398e+14
      442.400   4.5505397e+14
      442.419   4.5267270e+14
      442.439   4.4864184e+14
      442.458   4.4462516e+14
      442.478   4.4241336e+14
      442.497   4.4177089e+14
      442.517   4.4187338e+14
      442.537   4.4252167e+14
      442.556   4.4203723e+14
      442.576   4.3971346e+14
      442.595   4.3705877e+14
      442.615   4.3497741e+14
      442.635   4.3390530e+14
      442.654   4.3559749e+14
      442.674   4.3979568e+14
      442.693   4.4369230e+14
      442.713   4.4646262e+14
      442.733   4.4920421e+14
      442.752   4.5092646e+14
      442.772   4.5162901e+14
      442.791   4.5224130e+14
      442.811   4.5238221e+14
      442.831   4.5099166e+14
      442.850   4.4726353e+14
      442.870   4.4167895e+14
      442.889   4.3564027e+14
      442.909   4.3041361e+14
      442.929   4.2669162e+14
      442.948   4.2597192e+14
      442.968   4.2767032e+14
      442.987   4.2972260e+14
      443.007   4.3143251e+14
      443.027   4.3211885e+14
      443.046   4.3138351e+14
      443.066   4.3136731e+14
      443.086   4.3332731e+14
      443.105   4.3588665e+14
      443.125   4.3959818e+14
      443.145   4.4327881e+14
      443.164   4.4458510e+14
      443.184   4.4354317e+14
      443.203   4.4098525e+14
      443.223   4.3675681e+14
      443.243   4.3270210e+14
      443.262   4.3063201e+14
      443.282   4.3020516e+14
      443.302   4.3055036e+14
      443.321   4.3022957e+14
      443.341   4.2813096e+14
      443.361   4.2581564e+14
      443.380   4.2440983e+14
      443.400   4.2400715e+14
      443.420   4.2594824e+14
      443.439   4.3066552e+14
      443.459   4.3399344e+14
      443.479   4.3486579e+14
      443.498   4.3451601e+14
      443.518   4.3206175e+14
      443.538   4.2801301e+14
      443.557   4.2572032e+14
      443.577   4.2482615e+14
      443.597   4.2459518e+14
      443.616   4.2576350e+14
      443.636   4.2760505e+14
      443.656   4.2885049e+14
      443.675   4.2938701e+14
      443.695   4.3008988e+14
      443.715   4.3252610e+14
      443.734   4.3698767e+14
      443.754   4.4155787e+14
      443.774   4.4577101e+14
      443.794   4.4900822e+14
      443.813   4.4950108e+14
      443.833   4.4913927e+14
      443.853   4.5100957e+14
      443.872   4.5379524e+14
      443.892   4.5636982e+14
      443.912   4.6089780e+14
      443.931   4.6552123e+14
      443.951   4.6791116e+14
      443.971   4.7007786e+14
      443.991   4.7224254e+14
      444.010   4.7263152e+14
      444.030   4.7338819e+14
      444.050   4.7406449e+14
      444.069   4.7222928e+14
      444.089   4.6931743e+14
      444.109   4.6647240e+14
      444.129   4.6158809e+14
      444.148   4.5513043e+14
      444.168   4.4964813e+14
      444.188   4.4720639e+14
      444.208   4.4486737e+14
      444.227   4.4137985e+14
      444.247   4.3855727e+14
      444.267   4.3633379e+14
      444.286   4.3223047e+14
      444.306   4.2828199e+14
      444.326   4.2750716e+14
      444.346   4.2797828e+14
      444.365   4.2877727e+14
      444.385   4.3076524e+14
      444.405   4.3381820e+14
      444.425   4.3634348e+14
      444.444   4.3886579e+14
      444.464   4.4144072e+14
      444.484   4.4319695e+14
      444.504   4.4471839e+14
      444.523   4.4524540e+14
      444.543   4.4391376e+14
      444.563   4.4230891e+14
      444.583   4.4281450e+14
      444.603   4.4260381e+14
      444.622   4.4219749e+14
      444.642   4.4432370e+14
      444.662   4.4878933e+14
      444.682   4.5278300e+14
      444.701   4.5696623e+14
      444.721   4.6267777e+14
      444.741   4.6748312e+14
      444.761   4.7034311e+14
      444.780   4.7227310e+14
      444.800   4.7509781e+14
      444.820   4.7668669e+14
      444.840   4.7669914e+14
      444.860   4.7560525e+14
      444.879   4.7218341e+14
      444.899   4.6724370e+14
      444.919   4.6203040e+14
      444.939   4.5758037e+14
      444.959   4.5446944e+14
      444.978   4.5256007e+14
      444.998   4.5024167e+14
      445.018   4.4855486e+14
      445.038   4.4819870e+14
      445.058   4.4866249e+14
      445.077   4.4963614e+14
      445.097   4.5112177e+14
      445.117   4.5349939e+14
      445.137   4.5583914e+14
      445.157   4.5613979e+14
      445.177   4.5579054e+14
      445.196   4.5613721e+14
      445.216   4.5449922e+14
      445.236   4.5158795e+14
      445.256   4.5005046e+14
      445.276   4.4843882e+14
      445.295   4.4502376e+14
      445.315   4.3984513e+14
      445.335   4.3362353e+14
      445.355   4.2590826e+14
      445.375   4.1918770e+14
      445.395   4.1595313e+14
      445.414   4.1477806e+14
      445.434   4.1433927e+14
      445.454   4.1545225e+14
      445.474   4.1541939e+14
      445.494   4.1355418e+14
      445.514   4.1210827e+14
      445.534   4.1148757e+14
      445.553   4.0980948e+14
      445.573   4.0858300e+14
      445.593   4.0639402e+14
      445.613   4.0502375e+14
      445.633   4.0321810e+14
      445.653   4.0064503e+14
      445.673   3.9895342e+14
      445.692   3.9866083e+14
      445.712   3.9781716e+14
      445.732   3.9597936e+14
      445.752   3.9256165e+14
      445.772   3.8856015e+14
      445.792   3.8520009e+14
      445.812   3.8284297e+14
      445.831   3.8343614e+14
      445.851   3.8811738e+14
      445.871   3.9381587e+14
      445.891   3.9954178e+14
      445.911   4.0383384e+14
      445.931   4.0749987e+14
      445.951   4.0975867e+14
      445.971   4.1063698e+14
      445.991   4.0911749e+14
      446.010   4.0680432e+14
      446.030   4.0296500e+14
      446.050   3.9844950e+14
      446.070   3.9395154e+14
      446.090   3.9134854e+14
      446.110   3.9159512e+14
      446.130   3.9205296e+14
      446.150   3.9399087e+14
      446.170   3.9768769e+14
      446.190   4.0172846e+14
      446.209   4.0455124e+14
      446.229   4.0744926e+14
      446.249   4.1178075e+14
      446.269   4.1689454e+14
      446.289   4.2063377e+14
      446.309   4.2254896e+14
      446.329   4.2420141e+14
      446.349   4.2436430e+14
      446.369   4.2370245e+14
      446.389   4.2458442e+14
      446.409   4.2668895e+14
      446.429   4.2844312e+14
      446.449   4.3050982e+14
      446.468   4.3193733e+14
      446.488   4.3114534e+14
      446.508   4.3050158e+14
      446.528   4.3150776e+14
      446.548   4.3376610e+14
      446.568   4.3696885e+14
      446.588   4.4303836e+14
      446.608   4.4979867e+14
      446.628   4.5577032e+14
      446.648   4.5976391e+14
      446.668   4.6157443e+14
      446.688   4.6068212e+14
      446.708   4.5907917e+14
      446.728   4.5763122e+14
      446.748   4.5490345e+14
      446.768   4.5023224e+14
      446.788   4.4515351e+14
      446.808   4.4106625e+14
      446.828   4.3892664e+14
      446.848   4.3819041e+14
      446.867   4.3878052e+14
      446.887   4.4019726e+14
      446.907   4.4014730e+14
      446.927   4.3801158e+14
      446.947   4.3585093e+14
      446.967   4.3395113e+14
      446.987   4.3271276e+14
      447.007   4.3321145e+14
      447.027   4.3598986e+14
      447.047   4.4023581e+14
      447.067   4.4593835e+14
      447.087   4.5092337e+14
      447.107   4.5300080e+14
      447.127   4.5145674e+14
      447.147   4.4820172e+14
      447.167   4.4439485e+14
      447.187   4.4228739e+14
      447.207   4.4300956e+14
      447.227   4.4509393e+14
      447.247   4.4731362e+14
      447.267   4.5055346e+14
      447.287   4.5474607e+14
      447.307   4.5859004e+14
      447.327   4.6256041e+14
      447.347   4.6662344e+14
      447.367   4.7034909e+14
      447.387   4.7359311e+14
      447.407   4.7638692e+14
      447.427   4.7799386e+14
      447.447   4.7700383e+14
      447.467   4.7632464e+14
      447.487   4.7366074e+14
      447.507   4.7010667e+14
      447.527   4.6851688e+14
      447.547   4.6954038e+14
      447.567   4.6956818e+14
      447.587   4.6991364e+14
      447.608   4.7109841e+14
      447.628   4.7245129e+14
      447.648   4.7430904e+14
      447.668   4.7711354e+14
      447.688   4.8011428e+14
      447.708   4.8264653e+14
      447.728   4.8442162e+14
      447.748   4.8569657e+14
      447.768   4.8601588e+14
      447.788   4.8501640e+14
      447.808   4.8249520e+14
      447.828   4.7929519e+14
      447.848   4.7387410e+14
      447.868   4.6804897e+14
      447.888   4.6425487e+14
      447.908   4.6147735e+14
      447.928   4.5810432e+14
      447.948   4.5782031e+14
      447.968   4.5844961e+14
      447.989   4.5818928e+14
      448.009   4.5884346e+14
      448.029   4.6100665e+14
      448.049   4.6022431e+14
      448.069   4.5682303e+14
      448.089   4.5407781e+14
      448.109   4.4971274e+14
      448.129   4.4363951e+14
      448.149   4.4042862e+14
      448.169   4.4009183e+14
      448.189   4.3922479e+14
      448.209   4.3894435e+14
      448.229   4.3891426e+14
      448.250   4.3694906e+14
      448.270   4.3270568e+14
      448.290   4.2843487e+14
      448.310   4.2623328e+14
      448.330   4.2554361e+14
      448.350   4.2760754e+14
      448.370   4.3365557e+14
      448.390   4.3974252e+14
      448.410   4.4341454e+14
      448.430   4.4626972e+14
      448.451   4.4747813e+14
      448.471   4.4864726e+14
      448.491   4.5091383e+14
      448.511   4.5570936e+14
      448.531   4.6012147e+14
      448.551   4.6417721e+14
      448.571   4.6866686e+14
      448.591   4.7270305e+14
      448.612   4.7552788e+14
      448.632   4.7990343e+14
      448.652   4.8365382e+14
      448.672   4.8447945e+14
      448.692   4.8469537e+14
      448.712   4.8459504e+14
      448.732   4.8221528e+14
      448.752   4.7910348e+14
      448.773   4.7765744e+14
      448.793   4.7605432e+14
      448.813   4.7358564e+14
      448.833   4.7195734e+14
      448.853   4.7018874e+14
      448.873   4.6733760e+14
      448.893   4.6328634e+14
      448.914   4.6047180e+14
      448.934   4.5897810e+14
      448.954   4.5976025e+14
      448.974   4.5897842e+14
      448.994   4.5857838e+14
      449.014   4.5755907e+14
      449.035   4.5648643e+14
      449.055   4.5528830e+14
      449.075   4.5524308e+14
      449.095   4.5636895e+14
      449.115   4.5824553e+14
      449.135   4.5956834e+14
      449.156   4.6108898e+14
      449.176   4.6237808e+14
      449.196   4.6372612e+14
      449.216   4.6478484e+14
      449.236   4.6518776e+14
      449.256   4.6519720e+14
      449.277   4.6514892e+14
      449.297   4.6238979e+14
      449.317   4.6172055e+14
      449.337   4.6229307e+14
      449.357   4.6342897e+14
      449.378   4.6404787e+14
      449.398   4.6643954e+14
      449.418   4.6808705e+14
      449.438   4.6849478e+14
      449.458   4.6635941e+14
      449.479   4.6578611e+14
      449.499   4.6665087e+14
      449.519   4.6536823e+14
      449.539   4.6394744e+14
      449.559   4.6367164e+14
      449.580   4.6270880e+14
      449.600   4.6027143e+14
      449.620   4.5919868e+14
      449.640   4.5883665e+14
      449.661   4.5743877e+14
      449.681   4.5613255e+14
      449.701   4.5510240e+14
      449.721   4.5310323e+14
      449.741   4.5035672e+14
      449.762   4.4946079e+14
      449.782   4.4839398e+14
      449.802   4.5038167e+14
      449.822   4.5472236e+14
      449.843   4.6010167e+14
      449.863   4.6342867e+14
      449.883   4.6712739e+14
      449.903   4.7016507e+14
      449.924   4.7116325e+14
      449.944   4.7108229e+14
      449.964   4.7151779e+14
      449.984   4.7243132e+14
      450.004   4.7112484e+14
      450.025   4.7054197e+14
      450.045   4.7167315e+14
      450.065   4.7224014e+14
      450.086   4.7181814e+14
      450.106   4.7155821e+14
      450.126   4.7162679e+14
      450.146   4.7097696e+14
      450.167   4.7151569e+14
      450.187   4.7182449e+14
      450.207   4.7343421e+14
      450.227   4.7519604e+14
      450.248   4.7794277e+14
      450.268   4.8108987e+14
      450.288   4.8451834e+14
      450.308   4.8619482e+14
      450.329   4.8571651e+14
      450.349   4.8404687e+14
      450.369   4.8206862e+14
      450.390   4.8146315e+14
      450.410   4.8175433e+14
      450.430   4.8205694e+14
      450.450   4.8195145e+14
      450.471   4.8359767e+14
      450.491   4.8574876e+14
      450.511   4.8813128e+14
      450.532   4.9158797e+14
      450.552   4.9491456e+14
      450.572   4.9754049e+14
      450.593   4.9966199e+14
      450.613   5.0272403e+14
      450.633   5.0585211e+14
      450.653   5.0838152e+14
      450.674   5.0763385e+14
      450.694   5.0669892e+14
      450.714   5.0479959e+14
      450.735   5.0299877e+14
      450.755   5.0200684e+14
      450.775   5.0256248e+14
      450.796   5.0236127e+14
      450.816   5.0143265e+14
      450.836   5.0117805e+14
      450.857   5.0181197e+14
      450.877   5.0307368e+14
      450.897   5.0336615e+14
      450.918   5.0276085e+14
      450.938   5.0201353e+14
      450.958   5.0099160e+14
      450.979   4.9953470e+14
      450.999   4.9858056e+14
      451.019   4.9909990e+14
      451.040   4.9879615e+14
      451.060   4.9825739e+14
      451.080   4.9798877e+14
      451.101   4.9764860e+14
      451.121   4.9606498e+14
      451.141   4.9475604e+14
      451.162   4.9286212e+14
      451.182   4.9294756e+14
      451.202   4.9416412e+14
      451.223   4.9670622e+14
      451.243   4.9854783e+14
      451.264   4.9878003e+14
      451.284   4.9732766e+14
      451.304   4.9545485e+14
      451.325   4.9377379e+14
      451.345   4.9249371e+14
      451.365   4.9145887e+14
      451.386   4.8899340e+14
      451.406   4.8695169e+14
      451.427   4.8646297e+14
      451.447   4.8697078e+14
      451.467   4.8881968e+14
      451.488   4.9135394e+14
      451.508   4.9392599e+14
      451.528   4.9506390e+14
      451.549   4.9567339e+14
      451.569   4.9650234e+14
      451.590   4.9550009e+14
      451.610   4.9336213e+14
      451.630   4.9197434e+14
      451.651   4.8936648e+14
      451.671   4.8585691e+14
      451.692   4.8306438e+14
      451.712   4.7957691e+14
      451.732   4.7611189e+14
      451.753   4.7320248e+14
      451.773   4.7291642e+14
      451.794   4.7501035e+14
      451.814   4.7854551e+14
      451.834   4.7930139e+14
      451.855   4.7843423e+14
      451.875   4.7704722e+14
      451.896   4.7702615e+14
      451.916   4.7746804e+14
      451.937   4.7965162e+14
      451.957   4.8325174e+14
      451.977   4.8556669e+14
      451.998   4.8593737e+14
      452.018   4.8523519e+14
      452.039   4.8422688e+14
      452.059   4.8374077e+14
      452.080   4.8090470e+14
      452.100   4.7651739e+14
      452.120   4.7267142e+14
      452.141   4.7029878e+14
      452.161   4.6870117e+14
      452.182   4.6961751e+14
      452.202   4.7293683e+14
      452.223   4.7852728e+14
      452.243   4.8374158e+14
      452.264   4.8816963e+14
      452.284   4.9235101e+14
      452.304   4.9386421e+14
      452.325   4.9206771e+14
      452.345   4.8814083e+14
      452.366   4.8503441e+14
      452.386   4.8420854e+14
      452.407   4.8518765e+14
      452.427   4.8647989e+14
      452.448   4.8885306e+14
      452.468   4.8925725e+14
      452.489   4.8454646e+14
      452.509   4.7876340e+14
      452.530   4.7251845e+14
      452.550   4.6755455e+14
      452.571   4.6110801e+14
      452.591   4.5740770e+14
      452.612   4.5577239e+14
      452.632   4.5725993e+14
      452.653   4.5867345e+14
      452.673   4.6068314e+14
      452.694   4.5976327e+14
      452.714   4.5554445e+14
      452.735   4.4974687e+14
      452.755   4.4312265e+14
      452.776   4.3786643e+14
      452.796   4.3429332e+14
      452.817   4.3342668e+14
      452.837   4.3239261e+14
      452.858   4.3278195e+14
      452.878   4.3535451e+14
      452.899   4.3837055e+14
      452.919   4.3805017e+14
      452.940   4.3547784e+14
      452.960   4.2993317e+14
      452.981   4.2214271e+14
      453.001   4.1578734e+14
      453.022   4.1384763e+14
      453.042   4.1672361e+14
      453.063   4.2101262e+14
      453.083   4.2705969e+14
      453.104   4.3262239e+14
      453.124   4.3688434e+14
      453.145   4.3784678e+14
      453.165   4.3637190e+14
      453.186   4.3387344e+14
      453.206   4.3317851e+14
      453.227   4.3324651e+14
      453.248   4.3390325e+14
      453.268   4.3854089e+14
      453.289   4.4312970e+14
      453.309   4.4474442e+14
      453.330   4.4542002e+14
      453.350   4.4566797e+14
      453.371   4.4422792e+14
      453.391   4.3944527e+14
      453.412   4.3325247e+14
      453.432   4.2487824e+14
      453.453   4.1882121e+14
      453.474   4.1666506e+14
      453.494   4.1800982e+14
      453.515   4.2427579e+14
      453.535   4.3328112e+14
      453.556   4.4047993e+14
      453.576   4.4381258e+14
      453.597   4.4636327e+14
      453.618   4.4741847e+14
      453.638   4.4748387e+14
      453.659   4.4765995e+14
      453.679   4.5118554e+14
      453.700   4.5453200e+14
      453.721   4.5609939e+14
      453.741   4.5887433e+14
      453.762   4.6420899e+14
      453.782   4.6711474e+14
      453.803   4.6913307e+14
      453.823   4.7345345e+14
      453.844   4.7798090e+14
      453.865   4.8017825e+14
      453.885   4.7929692e+14
      453.906   4.7987208e+14
      453.926   4.8018343e+14
      453.947   4.8262345e+14
      453.968   4.8567849e+14
      453.988   4.9013382e+14
      454.009   4.9533105e+14
      454.030   4.9897454e+14
      454.050   4.9934401e+14
      454.071   4.9760472e+14
      454.091   4.9613624e+14
      454.112   4.9379308e+14
      454.133   4.9261568e+14
      454.153   4.9164286e+14
      454.174   4.9175711e+14
      454.194   4.9192054e+14
      454.215   4.9254014e+14
      454.236   4.9201186e+14
      454.256   4.9196038e+14
      454.277   4.9151889e+14
      454.298   4.8869890e+14
      454.318   4.8603301e+14
      454.339   4.8386659e+14
      454.360   4.7893918e+14
      454.380   4.7395763e+14
      454.401   4.7229821e+14
      454.422   4.7067524e+14
      454.442   4.6898247e+14
      454.463   4.7001768e+14
      454.483   4.7214797e+14
      454.504   4.7552185e+14
      454.525   4.7736981e+14
      454.545   4.7851439e+14
      454.566   4.7873106e+14
      454.587   4.7935052e+14
      454.607   4.7818841e+14
      454.628   4.7683043e+14
      454.649   4.7710886e+14
      454.669   4.7757393e+14
      454.690   4.7635080e+14
      454.711   4.7297807e+14
      454.732   4.7134254e+14
      454.752   4.6921596e+14
      454.773   4.6494493e+14
      454.794   4.5613110e+14
      454.814   4.5141169e+14
      454.835   4.4831622e+14
      454.856   4.4515175e+14
      454.876   4.4595681e+14
      454.897   4.5278805e+14
      454.918   4.5841535e+14
      454.938   4.6233349e+14
      454.959   4.6726778e+14
      454.980   4.7076175e+14
      455.000   4.7224379e+14
      455.021   4.7321166e+14
      455.042   4.7455531e+14
      455.063   4.7556001e+14
      455.083   4.7493715e+14
      455.104   4.7594425e+14
      455.125   4.7681623e+14
      455.145   4.7924072e+14
      455.166   4.8110284e+14
      455.187   4.8372823e+14
      455.208   4.8483448e+14
      455.228   4.8616201e+14
      455.249   4.8335406e+14
      455.270   4.8032347e+14
      455.290   4.7672316e+14
      455.311   4.7765059e+14
      455.332   4.8008860e+14
      455.353   4.8485137e+14
      455.373   4.8887301e+14
      455.394   4.9247191e+14
      455.415   4.9068572e+14
      455.436   4.8488243e+14
      455.456   4.7719278e+14
      455.477   4.7108106e+14
      455.498   4.6551453e+14
      455.519   4.6236225e+14
      455.539   4.6164643e+14
      455.560   4.6237407e+14
      455.581   4.6145505e+14
      455.602   4.6370340e+14
      455.622   4.6557711e+14
      455.643   4.6642892e+14
      455.664   4.6707895e+14
      455.685   4.6742620e+14
      455.705   4.6355358e+14
      455.726   4.5954861e+14
      455.747   4.5753011e+14
      455.768   4.5812021e+14
      455.789   4.5990351e+14
      455.809   4.6409077e+14
      455.830   4.6659509e+14
      455.851   4.6794073e+14
      455.872   4.6751707e+14
      455.892   4.6717496e+14
      455.913   4.6674890e+14
      455.934   4.6868465e+14
      455.955   4.7199094e+14
      455.976   4.7737270e+14
      455.996   4.8313031e+14
      456.017   4.8923619e+14
      456.038   4.9517040e+14
      456.059   5.0041869e+14
      456.080   5.0258388e+14
      456.100   5.0344635e+14
      456.121   5.0340982e+14
      456.142   5.0274869e+14
      456.163   5.0168787e+14
      456.184   5.0081533e+14
      456.204   4.9800784e+14
      456.225   4.9740145e+14
      456.246   4.9792964e+14
      456.267   4.9807890e+14
      456.288   4.9814091e+14
      456.308   5.0034277e+14
      456.329   4.9913213e+14
      456.350   4.9793977e+14
      456.371   4.9765946e+14
      456.392   4.9634744e+14
      456.413   4.9457577e+14
      456.433   4.9354505e+14
      456.454   4.9193628e+14
      456.475   4.8973670e+14
      456.496   4.8869756e+14
      456.517   4.8805582e+14
      456.538   4.8637753e+14
      456.558   4.8265932e+14
      456.579   4.8054158e+14
      456.600   4.7903051e+14
      456.621   4.7836521e+14
      456.642   4.7895042e+14
      456.663   4.7934950e+14
      456.684   4.7990718e+14
      456.704   4.7974663e+14
      456.725   4.8002387e+14
      456.746   4.8097719e+14
      456.767   4.8261124e+14
      456.788   4.8382919e+14
      456.809   4.8549113e+14
      456.830   4.8668631e+14
      456.850   4.8712163e+14
      456.871   4.8752349e+14
      456.892   4.8951019e+14
      456.913   4.9370300e+14
      456.934   4.9764082e+14
      456.955   5.0035747e+14
      456.976   5.0205989e+14
      456.997   5.0206456e+14
      457.018   4.9940036e+14
      457.038   4.9534506e+14
      457.059   4.9272174e+14
      457.080   4.9092196e+14
      457.101   4.8934755e+14
      457.122   4.8803759e+14
      457.143   4.8810602e+14
      457.164   4.8786379e+14
      457.185   4.8783557e+14
      457.206   4.8813417e+14
      457.226   4.8958724e+14
      457.247   4.9121874e+14
      457.268   4.9268926e+14
      457.289   4.9371102e+14
      457.310   4.9386026e+14
      457.331   4.9307713e+14
      457.352   4.9226629e+14
      457.373   4.9190439e+14
      457.394   4.9176574e+14
      457.415   4.9189198e+14
      457.436   4.9201126e+14
      457.457   4.9249213e+14
      457.477   4.9282000e+14
      457.498   4.9351743e+14
      457.519   4.9540569e+14
      457.540   4.9856794e+14
      457.561   5.0288676e+14
      457.582   5.0778194e+14
      457.603   5.1232273e+14
      457.624   5.1596092e+14
      457.645   5.1827695e+14
      457.666   5.1842516e+14
      457.687   5.1654117e+14
      457.708   5.1409707e+14
      457.729   5.1161583e+14
      457.750   5.0921966e+14
      457.771   5.0725648e+14
      457.792   5.0630489e+14
      457.813   5.0531405e+14
      457.834   5.0412264e+14
      457.854   5.0238597e+14
      457.875   4.9930405e+14
      457.896   4.9523529e+14
      457.917   4.9159496e+14
      457.938   4.8858135e+14
      457.959   4.8552368e+14
      457.980   4.8200229e+14
      458.001   4.7949275e+14
      458.022   4.7627506e+14
      458.043   4.7210245e+14
      458.064   4.6869968e+14
      458.085   4.6733981e+14
      458.106   4.6557160e+14
      458.127   4.6308366e+14
      458.148   4.6088611e+14
      458.169   4.5843463e+14
      458.190   4.5597832e+14
      458.211   4.5369247e+14
      458.232   4.5168553e+14
      458.253   4.4991372e+14
      458.274   4.4849473e+14
      458.295   4.4702488e+14
      458.316   4.4597941e+14
      458.337   4.4693200e+14
      458.358   4.4929455e+14
      458.379   4.5221347e+14
      458.400   4.5609033e+14
      458.421   4.5885289e+14
      458.442   4.5963550e+14
      458.463   4.5856024e+14
      458.484   4.5752876e+14
      458.505   4.5791902e+14
      458.526   4.6023679e+14
      458.547   4.6397906e+14
      458.568   4.6865199e+14
      458.589   4.7196789e+14
      458.610   4.7197104e+14
      458.631   4.7173643e+14
      458.652   4.7163102e+14
      458.673   4.7064355e+14
      458.695   4.7031741e+14
      458.716   4.7158365e+14
      458.737   4.7456123e+14
      458.758   4.7851372e+14
      458.779   4.8317563e+14
      458.800   4.8764624e+14
      458.821   4.9091848e+14
      458.842   4.9169167e+14
      458.863   4.9132373e+14
      458.884   4.9086575e+14
      458.905   4.9010038e+14
      458.926   4.8980169e+14
      458.947   4.9142060e+14
      458.968   4.9274858e+14
      458.989   4.9397271e+14
      459.010   4.9555970e+14
      459.031   4.9646051e+14
      459.052   4.9577371e+14
      459.074   4.9534454e+14
      459.095   4.9285721e+14
      459.116   4.9000451e+14
      459.137   4.8872094e+14
      459.158   4.8804984e+14
      459.179   4.8823633e+14
      459.200   4.9088242e+14
      459.221   4.9366060e+14
      459.242   4.9469577e+14
      459.263   4.9479471e+14
      459.284   4.9398493e+14
      459.306   4.9255187e+14
      459.327   4.9113379e+14
      459.348   4.9062899e+14
      459.369   4.8949513e+14
      459.390   4.8732052e+14
      459.411   4.8483809e+14
      459.432   4.8166150e+14
      459.453   4.7814230e+14
      459.474   4.7520106e+14
      459.495   4.7400145e+14
      459.517   4.7353367e+14
      459.538   4.7360619e+14
      459.559   4.7440752e+14
      459.580   4.7596542e+14
      459.601   4.7825699e+14
      459.622   4.8266356e+14
      459.643   4.8657306e+14
      459.664   4.8829608e+14
      459.686   4.8909701e+14
      459.707   4.8801080e+14
      459.728   4.8434167e+14
      459.749   4.8213265e+14
      459.770   4.8228888e+14
      459.791   4.8299836e+14
      459.812   4.8390475e+14
      459.834   4.8450435e+14
      459.855   4.8391533e+14
      459.876   4.8270577e+14
      459.897   4.8148682e+14
      459.918   4.7945049e+14
      459.939   4.7778441e+14
      459.960   4.7687305e+14
      459.982   4.7622431e+14
      460.003   4.7641973e+14
      460.024   4.7704820e+14
      460.045   4.7767450e+14
      460.066   4.7846526e+14
      460.087   4.7885067e+14
      460.109   4.7770843e+14
      460.130   4.7482551e+14
      460.151   4.7146737e+14
      460.172   4.6911435e+14
      460.193   4.6758818e+14
      460.214   4.6728979e+14
      460.236   4.6972642e+14
      460.257   4.7268355e+14
      460.278   4.7400738e+14
      460.299   4.7411706e+14
      460.320   4.7234041e+14
      460.342   4.6872683e+14
      460.363   4.6547811e+14
      460.384   4.6307970e+14
      460.405   4.6157802e+14
      460.426   4.6218550e+14
      460.448   4.6458125e+14
      460.469   4.6747226e+14
      460.490   4.7067880e+14
      460.511   4.7340343e+14
      460.532   4.7554873e+14
      460.554   4.7802677e+14
      460.575   4.7958121e+14
      460.596   4.7861761e+14
      460.617   4.7681678e+14
      460.638   4.7637704e+14
      460.660   4.7712100e+14
      460.681   4.7883343e+14
      460.702   4.8253599e+14
      460.723   4.8702512e+14
      460.745   4.9014027e+14
      460.766   4.9174227e+14
      460.787   4.9296168e+14
      460.808   4.9410457e+14
      460.829   4.9524298e+14
      460.851   4.9748460e+14
      460.872   5.0079720e+14
      460.893   5.0385956e+14
      460.914   5.0693839e+14
      460.936   5.1002788e+14
      460.957   5.1052452e+14
      460.978   5.0871446e+14
      460.999   5.0665817e+14
      461.021   5.0422460e+14
      461.042   5.0179661e+14
      461.063   5.0073320e+14
      461.084   5.0083034e+14
      461.106   5.0235847e+14
      461.127   5.0540155e+14
      461.148   5.0739089e+14
      461.170   5.0726419e+14
      461.191   5.0609393e+14
      461.212   5.0372781e+14
      461.233   4.9974072e+14
      461.255   4.9558483e+14
      461.276   4.9255143e+14
      461.297   4.9007976e+14
      461.318   4.8753582e+14
      461.340   4.8606346e+14
      461.361   4.8632016e+14
      461.382   4.8730623e+14
      461.404   4.8865346e+14
      461.425   4.9007413e+14
      461.446   4.8940650e+14
      461.467   4.8867843e+14
      461.489   4.9000274e+14
      461.510   4.9186055e+14
      461.531   4.9455025e+14
      461.553   4.9834271e+14
      461.574   5.0084240e+14
      461.595   5.0123936e+14
      461.617   4.9993396e+14
      461.638   4.9654977e+14
      461.659   4.9359284e+14
      461.681   4.9202196e+14
      461.702   4.9022211e+14
      461.723   4.8855922e+14
      461.744   4.8804446e+14
      461.766   4.8747033e+14
      461.787   4.8631848e+14
      461.808   4.8588264e+14
      461.830   4.8639402e+14
      461.851   4.8617438e+14
      461.872   4.8511762e+14
      461.894   4.8321306e+14
      461.915   4.8042826e+14
      461.936   4.7732467e+14
      461.958   4.7584973e+14
      461.979   4.7648305e+14
      462.000   4.7853747e+14
      462.022   4.8097461e+14
      462.043   4.8285503e+14
      462.065   4.8395733e+14
      462.086   4.8420263e+14
      462.107   4.8340112e+14
      462.129   4.8298911e+14
      462.150   4.8379046e+14
      462.171   4.8449885e+14
      462.193   4.8595054e+14
      462.214   4.8960027e+14
      462.235   4.9444408e+14
      462.257   4.9911722e+14
      462.278   5.0361986e+14
      462.299   5.0793896e+14
      462.321   5.1101210e+14
      462.342   5.1158924e+14
      462.364   5.1139020e+14
      462.385   5.1189995e+14
      462.406   5.1234918e+14
      462.428   5.1266692e+14
      462.449   5.1301853e+14
      462.471   5.1283566e+14
      462.492   5.1172978e+14
      462.513   5.0931280e+14
      462.535   5.0661037e+14
      462.556   5.0485666e+14
      462.577   5.0378512e+14
      462.599   5.0284028e+14
      462.620   5.0307277e+14
      462.642   5.0369752e+14
      462.663   5.0452629e+14
      462.684   5.0565559e+14
      462.706   5.0680944e+14
      462.727   5.0737522e+14
      462.749   5.0677037e+14
      462.770   5.0437510e+14
      462.792   5.0161737e+14
      462.813   4.9842716e+14
      462.834   4.9369898e+14
      462.856   4.8967265e+14
      462.877   4.8810329e+14
      462.899   4.8707089e+14
      462.920   4.8613051e+14
      462.942   4.8623754e+14
      462.963   4.8736433e+14
      462.984   4.8887580e+14
      463.006   4.9061929e+14
      463.027   4.9284429e+14
      463.049   4.9544592e+14
      463.070   4.9660366e+14
      463.092   4.9687899e+14
      463.113   4.9617175e+14
      463.134   4.9324488e+14
      463.156   4.9011827e+14
      463.177   4.8826575e+14
      463.199   4.8638617e+14
      463.220   4.8465225e+14
      463.242   4.8403391e+14
      463.263   4.8331421e+14
      463.285   4.8343043e+14
      463.306   4.8433633e+14
      463.328   4.8640028e+14
      463.349   4.9076328e+14
      463.371   4.9653906e+14
      463.392   5.0062533e+14
      463.414   5.0271611e+14
      463.435   5.0272718e+14
      463.456   5.0023715e+14
      463.478   4.9619167e+14
      463.499   4.9255302e+14
      463.521   4.8980429e+14
      463.542   4.8796658e+14
      463.564   4.8685324e+14
      463.585   4.8596046e+14
      463.607   4.8316642e+14
      463.628   4.7997903e+14
      463.650   4.7717518e+14
      463.671   4.7505862e+14
      463.693   4.7340273e+14
      463.714   4.7337278e+14
      463.736   4.7356803e+14
      463.757   4.7375289e+14
      463.779   4.7304221e+14
      463.800   4.7097392e+14
      463.822   4.6794207e+14
      463.843   4.6447925e+14
      463.865   4.6095645e+14
      463.886   4.5831037e+14
      463.908   4.5719245e+14
      463.929   4.5782038e+14
      463.951   4.6050701e+14
      463.973   4.6529613e+14
      463.994   4.7089054e+14
      464.016   4.7645145e+14
      464.037   4.8112415e+14
      464.059   4.8443393e+14
      464.080   4.8587861e+14
      464.102   4.8718901e+14
      464.123   4.8920641e+14
      464.145   4.9284431e+14
      464.166   4.9778776e+14
      464.188   5.0272105e+14
      464.209   5.0676105e+14
      464.231   5.0967362e+14
      464.253   5.1039890e+14
      464.274   5.0932810e+14
      464.296   5.0877254e+14
      464.317   5.0888908e+14
      464.339   5.1039516e+14
      464.360   5.1288918e+14
      464.382   5.1608360e+14
      464.403   5.1879554e+14
      464.425   5.2019248e+14
      464.447   5.1881655e+14
      464.468   5.1532090e+14
      464.490   5.1184250e+14
      464.511   5.0824336e+14
      464.533   5.0484613e+14
      464.554   5.0258874e+14
      464.576   5.0068533e+14
      464.598   4.9736674e+14
      464.619   4.9458944e+14
      464.641   4.9164922e+14
      464.662   4.8846432e+14
      464.684   4.8657149e+14
      464.706   4.8508326e+14
      464.727   4.8221347e+14
      464.749   4.7860278e+14
      464.770   4.7596175e+14
      464.792   4.7314838e+14
      464.814   4.7107182e+14
      464.835   4.6985519e+14
      464.857   4.6983760e+14
      464.878   4.6966456e+14
      464.900   4.6921636e+14
      464.922   4.6775463e+14
      464.943   4.6520339e+14
      464.965   4.6344882e+14
      464.987   4.6222069e+14
      465.008   4.6196066e+14
      465.030   4.6242264e+14
      465.051   4.6261210e+14
      465.073   4.6122690e+14
      465.095   4.6129328e+14
      465.116   4.6207278e+14
      465.138   4.6325838e+14
      465.160   4.6586091e+14
      465.181   4.6833621e+14
      465.203   4.6884084e+14
      465.224   4.6954589e+14
      465.246   4.7169245e+14
      465.268   4.7398441e+14
      465.289   4.7525199e+14
      465.311   4.7512219e+14
      465.333   4.7498072e+14
      465.354   4.7421500e+14
      465.376   4.7355106e+14
      465.398   4.7434659e+14
      465.419   4.7579257e+14
      465.441   4.7656958e+14
      465.463   4.7666942e+14
      465.484   4.7665577e+14
      465.506   4.7679087e+14
      465.528   4.7712278e+14
      465.549   4.7576855e+14
      465.571   4.7480900e+14
      465.593   4.7424077e+14
      465.614   4.7372073e+14
      465.636   4.7360951e+14
      465.658   4.7394607e+14
      465.679   4.7326179e+14
      465.701   4.7290905e+14
      465.723   4.7327371e+14
      465.745   4.7345324e+14
      465.766   4.7366684e+14
      465.788   4.7457090e+14
      465.810   4.7755039e+14
      465.831   4.8234658e+14
      465.853   4.8785480e+14
      465.875   4.9381160e+14
      465.896   4.9915329e+14
      465.918   5.0230590e+14
      465.940   5.0388007e+14
      465.962   5.0432611e+14
      465.983   5.0373428e+14
      466.005   5.0431168e+14
      466.027   5.0408454e+14
      466.048   5.0306787e+14
      466.070   5.0396682e+14
      466.092   5.0601325e+14
      466.114   5.0712829e+14
      466.135   5.0827052e+14
      466.157   5.0881085e+14
      466.179   5.0742201e+14
      466.200   5.0578328e+14
      466.222   5.0378629e+14
      466.244   5.0208492e+14
      466.266   5.0120494e+14
      466.287   5.0079090e+14
      466.309   4.9970413e+14
      466.331   4.9811730e+14
      466.353   4.9653727e+14
      466.374   4.9479639e+14
      466.396   4.9224880e+14
      466.418   4.8965871e+14
      466.440   4.8760130e+14
      466.461   4.8450707e+14
      466.483   4.8196083e+14
      466.505   4.8035603e+14
      466.527   4.7904237e+14
      466.548   4.7906628e+14
      466.570   4.7908890e+14
      466.592   4.7638435e+14
      466.614   4.7312525e+14
      466.636   4.7009129e+14
      466.657   4.6429571e+14
      466.679   4.5996187e+14
      466.701   4.5795123e+14
      466.723   4.5734077e+14
      466.744   4.5638626e+14
      466.766   4.5575928e+14
      466.788   4.5459639e+14
      466.810   4.5364254e+14
      466.832   4.5270037e+14
      466.853   4.5211205e+14
      466.875   4.5154579e+14
      466.897   4.5013802e+14
      466.919   4.4953632e+14
      466.941   4.4814240e+14
      466.962   4.4753961e+14
      466.984   4.4874557e+14
      467.006   4.5064051e+14
      467.028   4.5266491e+14
      467.050   4.5506097e+14
      467.071   4.5693665e+14
      467.093   4.5971876e+14
      467.115   4.6441774e+14
      467.137   4.6735339e+14
      467.159   4.6917448e+14
      467.181   4.7127333e+14
      467.202   4.7406987e+14
      467.224   4.7539296e+14
      467.246   4.7668556e+14
      467.268   4.7964138e+14
      467.290   4.8369372e+14
      467.312   4.8570444e+14
      467.333   4.8680375e+14
      467.355   4.8805956e+14
      467.377   4.8883077e+14
      467.399   4.8957608e+14
      467.421   4.9040393e+14
      467.443   4.9127411e+14
      467.464   4.9333185e+14
      467.486   4.9486600e+14
      467.508   4.9519997e+14
      467.530   4.9556452e+14
      467.552   4.9650818e+14
      467.574   4.9675289e+14
      467.596   4.9644192e+14
      467.617   4.9571327e+14
      467.639   4.9458541e+14
      467.661   4.9446743e+14
      467.683   4.9697225e+14
      467.705   4.9992700e+14
      467.727   5.0130209e+14
      467.749   5.0279265e+14
      467.771   5.0268445e+14
      467.792   5.0026728e+14
      467.814   4.9755184e+14
      467.836   4.9562980e+14
      467.858   4.9314944e+14
      467.880   4.9031308e+14
      467.902   4.8724337e+14
      467.924   4.8441356e+14
      467.946   4.8351995e+14
      467.968   4.8397143e+14
      467.990   4.8524992e+14
      468.011   4.8570052e+14
      468.033   4.8460891e+14
      468.055   4.8268062e+14
      468.077   4.7952922e+14
      468.099   4.7600756e+14
      468.121   4.7368742e+14
      468.143   4.7295553e+14
      468.165   4.7204911e+14
      468.187   4.7090700e+14
      468.209   4.6792388e+14
      468.231   4.6656449e+14
      468.252   4.6539028e+14
      468.274   4.6445502e+14
      468.296   4.6529021e+14
      468.318   4.6804453e+14
      468.340   4.6850744e+14
      468.362   4.6883363e+14
      468.384   4.7054157e+14
      468.406   4.7306091e+14
      468.428   4.7598843e+14
      468.450   4.7801062e+14
      468.472   4.7889148e+14
      468.494   4.7870409e+14
      468.516   4.7663214e+14
      468.538   4.7559069e+14
      468.560   4.7525448e+14
      468.582   4.7471297e+14
      468.604   4.7501368e+14
      468.626   4.7614482e+14
      468.647   4.7572024e+14
      468.669   4.7408624e+14
      468.691   4.7362481e+14
      468.713   4.7387826e+14
      468.735   4.7456118e+14
      468.757   4.7489973e+14
      468.779   4.7665894e+14
      468.801   4.7956291e+14
      468.823   4.8052480e+14
      468.845   4.8021930e+14
      468.867   4.8045897e+14
      468.889   4.8174202e+14
      468.911   4.8223206e+14
      468.933   4.8242229e+14
      468.955   4.8232449e+14
      468.977   4.8182536e+14
      468.999   4.8061307e+14
      469.021   4.7876089e+14
      469.043   4.7720131e+14
      469.065   4.7550695e+14
      469.087   4.7530020e+14
      469.109   4.7619864e+14
      469.131   4.7764983e+14
      469.153   4.7852486e+14
      469.175   4.8186109e+14
      469.197   4.8521179e+14
      469.219   4.8710782e+14
      469.241   4.8806378e+14
      469.263   4.8902213e+14
      469.285   4.8981760e+14
      469.307   4.9019736e+14
      469.329   4.9075192e+14
      469.351   4.9178623e+14
      469.373   4.9426199e+14
      469.395   4.9573135e+14
      469.417   4.9683927e+14
      469.439   4.9721236e+14
      469.462   4.9713272e+14
      469.484   4.9778235e+14
      469.506   4.9932077e+14
      469.528   5.0116896e+14
      469.550   5.0295819e+14
      469.572   5.0507858e+14
      469.594   5.0592023e+14
      469.616   5.0625132e+14
      469.638   5.0590380e+14
      469.660   5.0517094e+14
      469.682   5.0355600e+14
      469.704   5.0063799e+14
      469.726   4.9595567e+14
      469.748   4.9206506e+14
      469.770   4.8955760e+14
      469.792   4.8850918e+14
      469.814   4.8814417e+14
      469.837   4.8824849e+14
      469.859   4.8666048e+14
      469.881   4.8491864e+14
      469.903   4.8296133e+14
      469.925   4.8111028e+14
      469.947   4.7913600e+14
      469.969   4.7833041e+14
      469.991   4.7670607e+14
      470.013   4.7486145e+14
      470.035   4.7284868e+14
      470.057   4.7216567e+14
      470.079   4.7157006e+14
      470.102   4.7220372e+14
      470.124   4.7109685e+14
      470.146   4.6698171e+14
      470.168   4.6296319e+14
      470.190   4.6013254e+14
      470.212   4.5715486e+14
      470.234   4.5696790e+14
      470.256   4.6092868e+14
      470.278   4.6472877e+14
      470.301   4.6675448e+14
      470.323   4.6824432e+14
      470.345   4.6738780e+14
      470.367   4.6707101e+14
      470.389   4.6553705e+14
      470.411   4.6413321e+14
      470.433   4.6262025e+14
      470.455   4.6365317e+14
      470.478   4.6358344e+14
      470.500   4.6485813e+14
      470.522   4.6677726e+14
      470.544   4.6835543e+14
      470.566   4.6654139e+14
      470.588   4.6390035e+14
      470.610   4.6052460e+14
      470.633   4.5609764e+14
      470.655   4.5505979e+14
      470.677   4.5831548e+14
      470.699   4.6191034e+14
      470.721   4.6487510e+14
      470.743   4.6732829e+14
      470.765   4.6766301e+14
      470.788   4.6584663e+14
      470.810   4.6341762e+14
      470.832   4.6127048e+14
      470.854   4.6019694e+14
      470.876   4.5708464e+14
      470.898   4.5561249e+14
      470.921   4.5656641e+14
      470.943   4.5872860e+14
      470.965   4.6125615e+14
      470.987   4.6505958e+14
      471.009   4.6708491e+14
      471.032   4.6756784e+14
      471.054   4.6583242e+14
      471.076   4.6583282e+14
      471.098   4.6834716e+14
      471.120   4.7182943e+14
      471.143   4.7568534e+14
      471.165   4.8172521e+14
      471.187   4.8585854e+14
      471.209   4.8789049e+14
      471.231   4.8811729e+14
      471.254   4.8812684e+14
      471.276   4.8683521e+14
      471.298   4.8505003e+14
      471.320   4.8425408e+14
      471.342   4.8444984e+14
      471.365   4.8490064e+14
      471.387   4.8787069e+14
      471.409   4.9043987e+14
      471.431   4.9090891e+14
      471.453   4.9167952e+14
      471.476   4.9092496e+14
      471.498   4.8812079e+14
      471.520   4.8598580e+14
      471.542   4.8472897e+14
      471.565   4.8388614e+14
      471.587   4.8457582e+14
      471.609   4.8538903e+14
      471.631   4.8632819e+14
      471.654   4.8700723e+14
      471.676   4.8619883e+14
      471.698   4.8519567e+14
      471.720   4.8410459e+14
      471.743   4.8247759e+14
      471.765   4.8174251e+14
      471.787   4.8363415e+14
      471.809   4.8683468e+14
      471.832   4.9066604e+14
      471.854   4.9568213e+14
      471.876   5.0046825e+14
      471.898   5.0306441e+14
      471.921   5.0457615e+14
      471.943   5.0505814e+14
      471.965   5.0438557e+14
      471.988   5.0451466e+14
      472.010   5.0511324e+14
      472.032   5.0565252e+14
      472.054   5.0481814e+14
      472.077   5.0529900e+14
      472.099   5.0440760e+14
      472.121   5.0299549e+14
      472.144   5.0002265e+14
      472.166   4.9822754e+14
      472.188   4.9689822e+14
      472.210   4.9658856e+14
      472.233   4.9700978e+14
      472.255   4.9820973e+14
      472.277   4.9945740e+14
      472.300   4.9974327e+14
      472.322   4.9970470e+14
      472.344   4.9991108e+14
      472.367   5.0064170e+14
      472.389   5.0187313e+14
      472.411   5.0278600e+14
      472.434   5.0205406e+14
      472.456   5.0168740e+14
      472.478   5.0300943e+14
      472.500   5.0454814e+14
      472.523   5.0507936e+14
      472.545   5.0554536e+14
      472.567   5.0585195e+14
      472.590   5.0318576e+14
      472.612   5.0118921e+14
      472.634   4.9985152e+14
      472.657   5.0046841e+14
      472.679   5.0105561e+14
      472.701   5.0144062e+14
      472.724   5.0114620e+14
      472.746   5.0014370e+14
      472.769   4.9834016e+14
      472.791   4.9643776e+14
      472.813   4.9529935e+14
      472.836   4.9339533e+14
      472.858   4.9286362e+14
      472.880   4.9235327e+14
      472.903   4.9060602e+14
      472.925   4.8924315e+14
      472.947   4.8827779e+14
      472.970   4.8696108e+14
      472.992   4.8308335e+14
      473.015   4.7896822e+14
      473.037   4.7628762e+14
      473.059   4.7416640e+14
      473.082   4.7189355e+14
      473.104   4.7498560e+14
      473.126   4.7972137e+14
      473.149   4.8359626e+14
      473.171   4.8652248e+14
      473.194   4.8704406e+14
      473.216   4.8669744e+14
      473.238   4.8588620e+14
      473.261   4.8518320e+14
      473.283   4.8571091e+14
      473.306   4.8896074e+14
      473.328   4.9086596e+14
      473.350   4.9409621e+14
      473.373   4.9718010e+14
      473.395   4.9806825e+14
      473.418   4.9852872e+14
      473.440   4.9906904e+14
      473.462   4.9829140e+14
      473.485   4.9590330e+14
      473.507   4.9452714e+14
      473.530   4.9419118e+14
      473.552   4.9405918e+14
      473.575   4.9262895e+14
      473.597   4.9274715e+14
      473.619   4.9385492e+14
      473.642   4.9471588e+14
      473.664   4.9440505e+14
      473.687   4.9460553e+14
      473.709   4.9652445e+14
      473.732   4.9708511e+14
      473.754   4.9594667e+14
      473.776   4.9601026e+14
      473.799   4.9710777e+14
      473.821   4.9657024e+14
      473.844   4.9653711e+14
      473.866   4.9643856e+14
      473.889   4.9535332e+14
      473.911   4.9451744e+14
      473.934   4.9433143e+14
      473.956   4.9434010e+14
      473.979   4.9517775e+14
      474.001   4.9387162e+14
      474.024   4.9392184e+14
      474.046   4.9498523e+14
      474.068   4.9588409e+14
      474.091   4.9856459e+14
      474.113   5.0381006e+14
      474.136   5.0742685e+14
      474.158   5.0901153e+14
      474.181   5.1053295e+14
      474.203   5.0998136e+14
      474.226   5.0845667e+14
      474.248   5.0750854e+14
      474.271   5.0897528e+14
      474.293   5.1122191e+14
      474.316   5.1431503e+14
      474.338   5.1616328e+14
      474.361   5.1633157e+14
      474.383   5.1529761e+14
      474.406   5.1293432e+14
      474.428   5.0858019e+14
      474.451   5.0635005e+14
      474.473   5.0518882e+14
      474.496   5.0224413e+14
      474.518   5.0210500e+14
      474.541   5.0418857e+14
      474.563   5.0579830e+14
      474.586   5.0683589e+14
      474.608   5.0819976e+14
      474.631   5.0692699e+14
      474.654   5.0616776e+14
      474.676   5.0586139e+14
      474.699   5.0580958e+14
      474.721   5.0678655e+14
      474.744   5.0858443e+14
      474.766   5.0943264e+14
      474.789   5.0926607e+14
      474.811   5.0791047e+14
      474.834   5.0476542e+14
      474.856   5.0287637e+14
      474.879   5.0181533e+14
      474.901   5.0187200e+14
      474.924   5.0353416e+14
      474.947   5.0816837e+14
      474.969   5.1147255e+14
      474.992   5.1388620e+14
      475.014   5.1662655e+14
      475.037   5.1907176e+14
      475.059   5.1912447e+14
      475.082   5.1715495e+14
      475.105   5.1665391e+14
      475.127   5.1549615e+14
      475.150   5.1531061e+14
      475.172   5.1581051e+14
      475.195   5.1823975e+14
      475.217   5.1879484e+14
      475.240   5.1635569e+14
      475.263   5.1367704e+14
      475.285   5.1092295e+14
      475.308   5.0687509e+14
      475.330   5.0464194e+14
      475.353   5.0673160e+14
      475.376   5.0818970e+14
      475.398   5.1002495e+14
      475.421   5.1261771e+14
      475.443   5.1264141e+14
      475.466   5.1078966e+14
      475.489   5.0659904e+14
      475.511   5.0279711e+14
      475.534   4.9989117e+14
      475.556   4.9871492e+14
      475.579   4.9756110e+14
      475.602   4.9871046e+14
      475.624   4.9947342e+14
      475.647   4.9825490e+14
      475.669   4.9728650e+14
      475.692   4.9736089e+14
      475.715   4.9685324e+14
      475.737   4.9400946e+14
      475.760   4.9385611e+14
      475.783   4.9471833e+14
      475.805   4.9501910e+14
      475.828   4.9643238e+14
      475.851   4.9969040e+14
      475.873   5.0209721e+14
      475.896   5.0337928e+14
      475.919   5.0454650e+14
      475.941   5.0446436e+14
      475.964   5.0461092e+14
      475.986   5.0260946e+14
      476.009   5.0356828e+14
      476.032   5.0588856e+14
      476.054   5.0827497e+14
      476.077   5.0724735e+14
      476.100   5.0688122e+14
      476.122   5.0458677e+14
      476.145   5.0140631e+14
      476.168   4.9903105e+14
      476.190   4.9984761e+14
      476.213   5.0112316e+14
      476.236   4.9918864e+14
      476.259   4.9720112e+14
      476.281   4.9587183e+14
      476.304   4.9467049e+14
      476.327   4.9376158e+14
      476.349   4.9499300e+14
      476.372   4.9588988e+14
      476.395   4.9456109e+14
      476.417   4.9130778e+14
      476.440   4.8897857e+14
      476.463   4.8572320e+14
      476.485   4.7989986e+14
      476.508   4.7706120e+14
      476.531   4.7570965e+14
      476.554   4.7357102e+14
      476.576   4.7127284e+14
      476.599   4.7235854e+14
      476.622   4.7392657e+14
      476.644   4.7635281e+14
      476.667   4.7702130e+14
      476.690   4.7854420e+14
      476.713   4.7817131e+14
      476.735   4.7589895e+14
      476.758   4.7475071e+14
      476.781   4.7621858e+14
      476.803   4.7875135e+14
      476.826   4.8169100e+14
      476.849   4.8396363e+14
      476.872   4.8514411e+14
      476.894   4.8568264e+14
      476.917   4.8622949e+14
      476.940   4.8746069e+14
      476.963   4.8876642e+14
      476.985   4.9051066e+14
      477.008   4.9328874e+14
      477.031   4.9622799e+14
      477.054   4.9890333e+14
      477.076   5.0148413e+14
      477.099   5.0359073e+14
      477.122   5.0324033e+14
      477.145   5.0179203e+14
      477.168   4.9991137e+14
      477.190   4.9948516e+14
      477.213   5.0044138e+14
      477.236   5.0312267e+14
      477.259   5.0633763e+14
      477.281   5.0950865e+14
      477.304   5.1095089e+14
      477.327   5.1122301e+14
      477.350   5.1157209e+14
      477.373   5.1190915e+14
      477.395   5.1227157e+14
      477.418   5.1328657e+14
      477.441   5.1385924e+14
      477.464   5.1365560e+14
      477.487   5.1287278e+14
      477.509   5.1182900e+14
      477.532   5.1065893e+14
      477.555   5.0972422e+14
      477.578   5.0951079e+14
      477.601   5.0982623e+14
      477.623   5.1058547e+14
      477.646   5.1270447e+14
      477.669   5.1507136e+14
      477.692   5.1759720e+14
      477.715   5.2048160e+14
      477.737   5.2295631e+14
      477.760   5.2374639e+14
      477.783   5.2371151e+14
      477.806   5.2309682e+14
      477.829   5.2134195e+14
      477.852   5.1930778e+14
      477.874   5.1725793e+14
      477.897   5.1580326e+14
      477.920   5.1457938e+14
      477.943   5.1422150e+14
      477.966   5.1465298e+14
      477.989   5.1541646e+14
      478.011   5.1645325e+14
      478.034   5.1778732e+14
      478.057   5.1949936e+14
      478.080   5.2090100e+14
      478.103   5.2205728e+14
      478.126   5.2285993e+14
      478.149   5.2291153e+14
      478.171   5.2100257e+14
      478.194   5.1834822e+14
      478.217   5.1571767e+14
      478.240   5.1329398e+14
      478.263   5.1139010e+14
      478.286   5.1121728e+14
      478.309   5.1227724e+14
      478.332   5.1367202e+14
      478.354   5.1547053e+14
      478.377   5.1736659e+14
      478.400   5.1888705e+14
      478.423   5.1942264e+14
      478.446   5.1953186e+14
      478.469   5.1861987e+14
      478.492   5.1616608e+14
      478.515   5.1257506e+14
      478.538   5.0910646e+14
      478.560   5.0600514e+14
      478.583   5.0350933e+14
      478.606   5.0210711e+14
      478.629   5.0139870e+14
      478.652   5.0080357e+14
      478.675   5.0065897e+14
      478.698   5.0158916e+14
      478.721   5.0238205e+14
      478.744   5.0322317e+14
      478.767   5.0275325e+14
      478.790   5.0001511e+14
      478.813   4.9509284e+14
      478.835   4.9048972e+14
      478.858   4.8662961e+14
      478.881   4.8447602e+14
      478.904   4.8367475e+14
      478.927   4.8391737e+14
      478.950   4.8395030e+14
      478.973   4.8340446e+14
      478.996   4.8333122e+14
      479.019   4.8558748e+14
      479.042   4.8946217e+14
      479.065   4.9277289e+14
      479.088   4.9498655e+14
      479.111   4.9579422e+14
      479.134   4.9474221e+14
      479.157   4.9251060e+14
      479.180   4.9089865e+14
      479.203   4.9045425e+14
      479.226   4.9094097e+14
      479.249   4.9174379e+14
      479.272   4.9229105e+14
      479.294   4.9421257e+14
      479.317   4.9775446e+14
      479.340   5.0180345e+14
      479.363   5.0535814e+14
      479.386   5.0891071e+14
      479.409   5.1160929e+14
      479.432   5.1306271e+14
      479.455   5.1386209e+14
      479.478   5.1526259e+14
      479.501   5.1662955e+14
      479.524   5.1742676e+14
      479.547   5.1776786e+14
      479.570   5.1828768e+14
      479.593   5.1954385e+14
      479.616   5.2191091e+14
      479.639   5.2502912e+14
      479.662   5.2785780e+14
      479.685   5.2949620e+14
      479.708   5.2922940e+14
      479.731   5.2746767e+14
      479.754   5.2564284e+14
      479.777   5.2412226e+14
      479.800   5.2315701e+14
      479.823   5.2267490e+14
      479.846   5.2196559e+14
      479.869   5.2075373e+14
      479.892   5.1881937e+14
      479.916   5.1638821e+14
      479.939   5.1338318e+14
      479.962   5.1072810e+14
      479.985   5.0857778e+14
      480.008   5.0758005e+14
      480.031   5.0753671e+14
      480.054   5.0827396e+14
      480.077   5.0896776e+14
      480.100   5.0888344e+14
      480.123   5.0746481e+14
      480.146   5.0504774e+14
      480.169   5.0274169e+14
      480.192   5.0135882e+14
      480.215   5.0137801e+14
      480.238   5.0349330e+14
      480.261   5.0667263e+14
      480.284   5.0899871e+14
      480.307   5.1092612e+14
      480.330   5.1203627e+14
      480.354   5.1198931e+14
      480.377   5.1169947e+14
      480.400   5.1244949e+14
      480.423   5.1352614e+14
      480.446   5.1480357e+14
      480.469   5.1712372e+14
      480.492   5.1964484e+14
      480.515   5.2120103e+14
      480.538   5.2118718e+14
      480.561   5.2029043e+14
      480.584   5.1850571e+14
      480.607   5.1594397e+14
      480.631   5.1388890e+14
      480.654   5.1370295e+14
      480.677   5.1403003e+14
      480.700   5.1446844e+14
      480.723   5.1530137e+14
      480.746   5.1522444e+14
      480.769   5.1394690e+14
      480.792   5.1311465e+14
      480.815   5.1224846e+14
      480.839   5.1132512e+14
      480.862   5.1177326e+14
      480.885   5.1232550e+14
      480.908   5.1199416e+14
      480.931   5.1200893e+14
      480.954   5.1250071e+14
      480.977   5.1215714e+14
      481.000   5.1201703e+14
      481.024   5.1153164e+14
      481.047   5.1037667e+14
      481.070   5.0933310e+14
      481.093   5.0835952e+14
      481.116   5.0780266e+14
      481.139   5.0831377e+14
      481.162   5.0913503e+14
      481.186   5.0961819e+14
      481.209   5.0979289e+14
      481.232   5.0949982e+14
      481.255   5.0923100e+14
      481.278   5.0859630e+14
      481.301   5.0723948e+14
      481.325   5.0639011e+14
      481.348   5.0604110e+14
      481.371   5.0516866e+14
      481.394   5.0521457e+14
      481.417   5.0723819e+14
      481.440   5.0931288e+14
      481.464   5.1100099e+14
      481.487   5.1326035e+14
      481.510   5.1480476e+14
      481.533   5.1532633e+14
      481.556   5.1644428e+14
      481.580   5.1782525e+14
      481.603   5.1826460e+14
      481.626   5.1777780e+14
      481.649   5.1665071e+14
      481.672   5.1484214e+14
      481.696   5.1326253e+14
      481.719   5.1306632e+14
      481.742   5.1420160e+14
      481.765   5.1568869e+14
      481.788   5.1759544e+14
      481.812   5.1987947e+14
      481.835   5.2187394e+14
      481.858   5.2381040e+14
      481.881   5.2563303e+14
      481.904   5.2658972e+14
      481.928   5.2594880e+14
      481.951   5.2406919e+14
      481.974   5.2187658e+14
      481.997   5.1992868e+14
      482.021   5.1818310e+14
      482.044   5.1690713e+14
      482.067   5.1628385e+14
      482.090   5.1575999e+14
      482.114   5.1586331e+14
      482.137   5.1731517e+14
      482.160   5.1941281e+14
      482.183   5.2038428e+14
      482.207   5.2023535e+14
      482.230   5.1907793e+14
      482.253   5.1564305e+14
      482.276   5.1134598e+14
      482.300   5.0865685e+14
      482.323   5.0708101e+14
      482.346   5.0567491e+14
      482.369   5.0514292e+14
      482.393   5.0518509e+14
      482.416   5.0516543e+14
      482.439   5.0566561e+14
      482.462   5.0701344e+14
      482.486   5.0827258e+14
      482.509   5.0885793e+14
      482.532   5.0930494e+14
      482.556   5.0936910e+14
      482.579   5.0876657e+14
      482.602   5.0831705e+14
      482.625   5.0844574e+14
      482.649   5.0831313e+14
      482.672   5.0806516e+14
      482.695   5.0942112e+14
      482.719   5.1195917e+14
      482.742   5.1352928e+14
      482.765   5.1480784e+14
      482.789   5.1657360e+14
      482.812   5.1721561e+14
      482.835   5.1669581e+14
      482.859   5.1680655e+14
      482.882   5.1717879e+14
      482.905   5.1702350e+14
      482.928   5.1650852e+14
      482.952   5.1499996e+14
      482.975   5.1239372e+14
      482.998   5.1022971e+14
      483.022   5.0869153e+14
      483.045   5.0733942e+14
      483.068   5.0672880e+14
      483.092   5.0681239e+14
      483.115   5.0599265e+14
      483.138   5.0426313e+14
      483.162   5.0216720e+14
      483.185   5.0023538e+14
      483.208   4.9882648e+14
      483.232   4.9812629e+14
      483.255   4.9850522e+14
      483.279   5.0005063e+14
      483.302   5.0206962e+14
      483.325   5.0423722e+14
      483.349   5.0645229e+14
      483.372   5.0805330e+14
      483.395   5.0862256e+14
      483.419   5.0817334e+14
      483.442   5.0653036e+14
      483.465   5.0525723e+14
      483.489   5.0495868e+14
      483.512   5.0511657e+14
      483.536   5.0606185e+14
      483.559   5.0825257e+14
      483.582   5.0999552e+14
      483.606   5.1129665e+14
      483.629   5.1293277e+14
      483.653   5.1471867e+14
      483.676   5.1586079e+14
      483.699   5.1577099e+14
      483.723   5.1483952e+14
      483.746   5.1343453e+14
      483.770   5.1131922e+14
      483.793   5.0897628e+14
      483.816   5.0729798e+14
      483.840   5.0574965e+14
      483.863   5.0285060e+14
      483.887   4.9928738e+14
      483.910   4.9594678e+14
      483.933   4.9299813e+14
      483.957   4.9117335e+14
      483.980   4.9088738e+14
      484.004   4.9128696e+14
      484.027   4.9208281e+14
      484.051   4.9331345e+14
      484.074   4.9359289e+14
      484.097   4.9302165e+14
      484.121   4.9190066e+14
      484.144   4.8977433e+14
      484.168   4.8621076e+14
      484.191   4.8298216e+14
      484.215   4.8151425e+14
      484.238   4.8115441e+14
      484.262   4.8102718e+14
      484.285   4.8186922e+14
      484.308   4.8315271e+14
      484.332   4.8420558e+14
      484.355   4.8560394e+14
      484.379   4.8908093e+14
      484.402   4.9314746e+14
      484.426   4.9674710e+14
      484.449   5.0029253e+14
      484.473   5.0337336e+14
      484.496   5.0512906e+14
      484.520   5.0723962e+14
      484.543   5.0972756e+14
      484.567   5.1101156e+14
      484.590   5.1110906e+14
      484.613   5.1020867e+14
      484.637   5.0783322e+14
      484.660   5.0516367e+14
      484.684   5.0314885e+14
      484.707   5.0277007e+14
      484.731   5.0291226e+14
      484.754   5.0319721e+14
      484.778   5.0335397e+14
      484.801   5.0336073e+14
      484.825   5.0295618e+14
      484.849   5.0282494e+14
      484.872   5.0226054e+14
      484.896   5.0095010e+14
      484.919   4.9932365e+14
      484.943   4.9797142e+14
      484.966   4.9659615e+14
      484.990   4.9503862e+14
      485.013   4.9315759e+14
      485.037   4.9092334e+14
      485.060   4.8804803e+14
      485.084   4.8507583e+14
      485.107   4.8288621e+14
      485.131   4.8273675e+14
      485.154   4.8354610e+14
      485.178   4.8558519e+14
      485.201   4.8863465e+14
      485.225   4.9140944e+14
      485.248   4.9265661e+14
      485.272   4.9362408e+14
      485.296   4.9354586e+14
      485.319   4.9233543e+14
      485.343   4.9041485e+14
      485.366   4.8819263e+14
      485.390   4.8376698e+14
      485.413   4.7868982e+14
      485.437   4.7397735e+14
      485.460   4.6951518e+14
      485.484   4.6556673e+14
      485.508   4.6417214e+14
      485.531   4.6416973e+14
      485.555   4.6449824e+14
      485.578   4.6499457e+14
      485.602   4.6559448e+14
      485.625   4.6572168e+14
      485.649   4.6479609e+14
      485.673   4.6361861e+14
      485.696   4.6251336e+14
      485.720   4.6075856e+14
      485.743   4.5827142e+14
      485.767   4.5549394e+14
      485.791   4.5224662e+14
      485.814   4.4717119e+14
      485.838   4.4180256e+14
      485.861   4.3609011e+14
      485.885   4.3070335e+14
      485.909   4.2655628e+14
      485.932   4.2326904e+14
      485.956   4.1838724e+14
      485.979   4.1178416e+14
      486.003   4.0345146e+14
      486.027   3.9358138e+14
      486.050   3.8407162e+14
      486.074   3.7596396e+14
      486.098   3.6952195e+14
      486.121   3.6462040e+14
      486.145   3.6065399e+14
      486.169   3.5751452e+14
      486.192   3.5476806e+14
      486.216   3.5166224e+14
      486.239   3.4864351e+14
      486.263   3.4601441e+14
      486.287   3.4303256e+14
      486.310   3.4181244e+14
      486.334   3.4363381e+14
      486.358   3.4778136e+14
      486.381   3.5289583e+14
      486.405   3.5930686e+14
      486.429   3.6557901e+14
      486.452   3.7093261e+14
      486.476   3.7617729e+14
      486.500   3.8444726e+14
      486.523   3.9457625e+14
      486.547   4.0522630e+14
      486.571   4.1650942e+14
      486.594   4.2722446e+14
      486.618   4.3483261e+14
      486.642   4.4024145e+14
      486.665   4.4451310e+14
      486.689   4.4724496e+14
      486.713   4.5002847e+14
      486.736   4.5325488e+14
      486.760   4.5650707e+14
      486.784   4.6046776e+14
      486.808   4.6510285e+14
      486.831   4.6884280e+14
      486.855   4.7119198e+14
      486.879   4.7343101e+14
      486.902   4.7452706e+14
      486.926   4.7413126e+14
      486.950   4.7187973e+14
      486.973   4.6898462e+14
      486.997   4.6619322e+14
      487.021   4.6288409e+14
      487.045   4.5857177e+14
      487.068   4.5438799e+14
      487.092   4.5180364e+14
      487.116   4.4913814e+14
      487.140   4.4764216e+14
      487.163   4.4830083e+14
      487.187   4.5038555e+14
      487.211   4.5200684e+14
      487.234   4.5277622e+14
      487.258   4.5252618e+14
      487.282   4.5263428e+14
      487.306   4.5296066e+14
      487.329   4.5243978e+14
      487.353   4.5282751e+14
      487.377   4.5369626e+14
      487.401   4.5279099e+14
      487.424   4.5168597e+14
      487.448   4.5008850e+14
      487.472   4.4853994e+14
      487.496   4.4863805e+14
      487.520   4.5109716e+14
      487.543   4.5448350e+14
      487.567   4.6200445e+14
      487.591   4.7067746e+14
      487.615   4.7719844e+14
      487.638   4.8133042e+14
      487.662   4.8164618e+14
      487.686   4.7932751e+14
      487.710   4.7628441e+14
      487.734   4.7397508e+14
      487.757   4.7403419e+14
      487.781   4.7770408e+14
      487.805   4.8090280e+14
      487.829   4.8338474e+14
      487.852   4.8623674e+14
      487.876   4.8800938e+14
      487.900   4.8917296e+14
      487.924   4.9107850e+14
      487.948   4.9373593e+14
      487.972   4.9642552e+14
      487.995   4.9899649e+14
      488.019   5.0032300e+14
      488.043   5.0056132e+14
      488.067   4.9877985e+14
      488.091   4.9653140e+14
      488.114   4.9467243e+14
      488.138   4.9356621e+14
      488.162   4.9464471e+14
      488.186   4.9831608e+14
      488.210   5.0195106e+14
      488.234   5.0558134e+14
      488.257   5.0979112e+14
      488.281   5.1195714e+14
      488.305   5.1192813e+14
      488.329   5.1133616e+14
      488.353   5.0944596e+14
      488.377   5.0659190e+14
      488.400   5.0348074e+14
      488.424   5.0175716e+14
      488.448   4.9959320e+14
      488.472   4.9653148e+14
      488.496   4.9384080e+14
      488.520   4.9285660e+14
      488.544   4.9043115e+14
      488.568   4.8930893e+14
      488.591   4.9089875e+14
      488.615   4.9272827e+14
      488.639   4.9338709e+14
      488.663   4.9451579e+14
      488.687   4.9432843e+14
      488.711   4.9253933e+14
      488.735   4.9032440e+14
      488.759   4.8589974e+14
      488.782   4.8164842e+14
      488.806   4.7881250e+14
      488.830   4.7685241e+14
      488.854   4.7621868e+14
      488.878   4.7722149e+14
      488.902   4.7716854e+14
      488.926   4.7411017e+14
      488.950   4.7035499e+14
      488.974   4.6448489e+14
      488.998   4.5672844e+14
      489.021   4.5000195e+14
      489.045   4.4682346e+14
      489.069   4.4585810e+14
      489.093   4.4710119e+14
      489.117   4.5065911e+14
      489.141   4.5309696e+14
      489.165   4.5388255e+14
      489.189   4.5141013e+14
      489.213   4.4796214e+14
      489.237   4.4475521e+14
      489.261   4.4496917e+14
      489.285   4.4697633e+14
      489.309   4.5091985e+14
      489.333   4.5527519e+14
      489.356   4.5901409e+14
      489.380   4.5944801e+14
      489.404   4.5841607e+14
      489.428   4.6017814e+14
      489.452   4.6331767e+14
      489.476   4.6678286e+14
      489.500   4.7386586e+14
      489.524   4.8419771e+14
      489.548   4.9234452e+14
      489.572   4.9942981e+14
      489.596   5.0668597e+14
      489.620   5.1077542e+14
      489.644   5.1276257e+14
      489.668   5.1422001e+14
      489.692   5.1579581e+14
      489.716   5.1848128e+14
      489.740   5.2260429e+14
      489.764   5.2600291e+14
      489.788   5.2932041e+14
      489.812   5.3235469e+14
      489.836   5.3239314e+14
      489.860   5.3033534e+14
      489.884   5.2901974e+14
      489.908   5.2785695e+14
      489.932   5.2634376e+14
      489.956   5.2633006e+14
      489.980   5.2722173e+14
      490.004   5.2780254e+14
      490.028   5.2846240e+14
      490.052   5.2948250e+14
      490.076   5.3019677e+14
      490.100   5.3042018e+14
      490.124   5.2935306e+14
      490.148   5.2685221e+14
      490.172   5.2233999e+14
      490.196   5.1850847e+14
      490.220   5.1571308e+14
      490.244   5.1340107e+14
      490.268   5.1139988e+14
      490.292   5.0986744e+14
      490.316   5.0813001e+14
      490.340   5.0642444e+14
      490.364   5.0584695e+14
      490.388   5.0708383e+14
      490.412   5.1001950e+14
      490.436   5.1337508e+14
      490.461   5.1675189e+14
      490.485   5.1932043e+14
      490.509   5.2091393e+14
      490.533   5.2240138e+14
      490.557   5.2313579e+14
      490.581   5.2336628e+14
      490.605   5.2265102e+14
      490.629   5.2063393e+14
      490.653   5.1725811e+14
      490.677   5.1664115e+14
      490.701   5.1722717e+14
      490.725   5.1919917e+14
      490.749   5.2193729e+14
      490.773   5.2458671e+14
      490.798   5.2544367e+14
      490.822   5.2496029e+14
      490.846   5.2124975e+14
      490.870   5.1749684e+14
      490.894   5.1394861e+14
      490.918   5.0962168e+14
      490.942   5.0518788e+14
      490.966   5.0203899e+14
      490.990   4.9898616e+14
      491.014   4.9622470e+14
      491.039   4.9191651e+14
      491.063   4.8673910e+14
      491.087   4.8143017e+14
      491.111   4.7600456e+14
      491.135   4.7265035e+14
      491.159   4.7289842e+14
      491.183   4.7394032e+14
      491.207   4.7571172e+14
      491.232   4.7788250e+14
      491.256   4.7869973e+14
      491.280   4.7807258e+14
      491.304   4.7861783e+14
      491.328   4.7920519e+14
      491.352   4.8034412e+14
      491.376   4.8349687e+14
      491.400   4.8829990e+14
      491.425   4.9308710e+14
      491.449   4.9870016e+14
      491.473   5.0496198e+14
      491.497   5.1015303e+14
      491.521   5.1327592e+14
      491.545   5.1586212e+14
      491.570   5.1764789e+14
      491.594   5.1966041e+14
      491.618   5.2038619e+14
      491.642   5.2020365e+14
      491.666   5.1800874e+14
      491.690   5.1446462e+14
      491.715   5.0877256e+14
      491.739   5.0146973e+14
      491.763   4.9498812e+14
      491.787   4.9053357e+14
      491.811   4.8738333e+14
      491.836   4.8385499e+14
      491.860   4.8126867e+14
      491.884   4.7502222e+14
      491.908   4.6570937e+14
      491.932   4.5779983e+14
      491.957   4.5165615e+14
      491.981   4.4642496e+14
      492.005   4.4416797e+14
      492.029   4.4345148e+14
      492.053   4.4082506e+14
      492.078   4.3749327e+14
      492.102   4.3432616e+14
      492.126   4.3283854e+14
      492.150   4.3351619e+14
      492.174   4.3610425e+14
      492.199   4.3955823e+14
      492.223   4.4152980e+14
      492.247   4.4288950e+14
      492.271   4.4656396e+14
      492.296   4.4982087e+14
      492.320   4.5052191e+14
      492.344   4.5244989e+14
      492.368   4.5178532e+14
      492.393   4.4956241e+14
      492.417   4.5093038e+14
      492.441   4.5658233e+14
      492.465   4.6312488e+14
      492.490   4.7178385e+14
      492.514   4.7814431e+14
      492.538   4.8073395e+14
      492.562   4.8062345e+14
      492.587   4.8008488e+14
      492.611   4.8063897e+14
      492.635   4.8191482e+14
      492.659   4.8252605e+14
      492.684   4.8271669e+14
      492.708   4.8251698e+14
      492.732   4.8136219e+14
      492.757   4.8236146e+14
      492.781   4.8437457e+14
      492.805   4.8657389e+14
      492.829   4.9021739e+14
      492.854   4.9218005e+14
      492.878   4.9230320e+14
      492.902   4.9490534e+14
      492.927   4.9870237e+14
      492.951   5.0104694e+14
      492.975   5.0486099e+14
      492.999   5.0846936e+14
      493.024   5.0989257e+14
      493.048   5.1058264e+14
      493.072   5.1102445e+14
      493.097   5.1243063e+14
      493.121   5.1391282e+14
      493.145   5.1433503e+14
      493.170   5.1276480e+14
      493.194   5.1191828e+14
      493.218   5.0964389e+14
      493.243   5.0421935e+14
      493.267   4.9968465e+14
      493.291   4.9818913e+14
      493.316   4.9651826e+14
      493.340   4.9458532e+14
      493.364   4.9583140e+14
      493.389   4.9895888e+14
      493.413   5.0052322e+14
      493.437   5.0005576e+14
      493.462   5.0069718e+14
      493.486   5.0038368e+14
      493.510   4.9794343e+14
      493.535   4.9537230e+14
      493.559   4.9391304e+14
      493.583   4.9081114e+14
      493.608   4.8894497e+14
      493.632   4.8695834e+14
      493.657   4.8365786e+14
      493.681   4.8238648e+14
      493.705   4.8247454e+14
      493.730   4.7871851e+14
      493.754   4.7801099e+14
      493.778   4.8046286e+14
      493.803   4.8019142e+14
      493.827   4.7881755e+14
      493.852   4.8122606e+14
      493.876   4.8031467e+14
      493.900   4.7843339e+14
      493.925   4.7688860e+14
      493.949   4.7852818e+14
      493.974   4.8026580e+14
      493.998   4.8352212e+14
      494.022   4.8703499e+14
      494.047   4.9083510e+14
      494.071   4.9184398e+14
      494.096   4.9161019e+14
      494.120   4.9165151e+14
      494.144   4.9102109e+14
      494.169   4.9143410e+14
      494.193   4.9317710e+14
      494.218   4.9510785e+14
      494.242   4.9854325e+14
      494.267   5.0348533e+14
      494.291   5.0741899e+14
      494.315   5.1193297e+14
      494.340   5.1918091e+14
      494.364   5.2393980e+14
      494.389   5.2681858e+14
      494.413   5.2858396e+14
      494.438   5.2865057e+14
      494.462   5.2586836e+14
      494.486   5.2111680e+14
      494.511   5.1791672e+14
      494.535   5.1580582e+14
      494.560   5.1380522e+14
      494.584   5.1139264e+14
      494.609   5.1251157e+14
      494.633   5.1417500e+14
      494.658   5.1540127e+14
      494.682   5.1686078e+14
      494.707   5.1932756e+14
      494.731   5.2026434e+14
      494.756   5.2012629e+14
      494.780   5.1928965e+14
      494.805   5.1693454e+14
      494.829   5.1452585e+14
      494.854   5.1027192e+14
      494.878   5.0572006e+14
      494.902   5.0250821e+14
      494.927   5.0195552e+14
      494.951   5.0272490e+14
      494.976   5.0490827e+14
      495.000   5.0942829e+14
      495.025   5.1398462e+14
      495.049   5.1732924e+14
      495.074   5.1935924e+14
      495.099   5.2077123e+14
      495.123   5.2058709e+14
      495.148   5.1920751e+14
      495.172   5.1658776e+14
      495.197   5.1478398e+14
      495.221   5.1428550e+14
      495.246   5.1299753e+14
      495.270   5.1185043e+14
      495.295   5.1112089e+14
      495.319   5.1030778e+14
      495.344   5.0960536e+14
      495.368   5.1101418e+14
      495.393   5.1333192e+14
      495.417   5.1628980e+14
      495.442   5.1905447e+14
      495.466   5.2150663e+14
      495.491   5.2184977e+14
      495.516   5.2128984e+14
      495.540   5.1936418e+14
      495.565   5.1298377e+14
      495.589   5.0271696e+14
      495.614   4.9090832e+14
      495.638   4.8022527e+14
      495.663   4.7110168e+14
      495.688   4.6801614e+14
      495.712   4.6961849e+14
      495.737   4.7286413e+14
      495.761   4.7520811e+14
      495.786   4.7741357e+14
      495.810   4.7786098e+14
      495.835   4.7871135e+14
      495.860   4.7984126e+14
      495.884   4.8091055e+14
      495.909   4.8204327e+14
      495.933   4.8371441e+14
      495.958   4.8456274e+14
      495.983   4.8519396e+14
      496.007   4.8567187e+14
      496.032   4.8480743e+14
      496.056   4.8298037e+14
      496.081   4.8248026e+14
      496.106   4.8399812e+14
      496.130   4.9100494e+14
      496.155   5.0172524e+14
      496.179   5.1404171e+14
      496.204   5.2518135e+14
      496.229   5.3448853e+14
      496.253   5.3839421e+14
      496.278   5.4020519e+14
      496.303   5.4093456e+14
      496.327   5.3988874e+14
      496.352   5.3805185e+14
      496.376   5.3643863e+14
      496.401   5.3358672e+14
      496.426   5.2960995e+14
      496.450   5.2442716e+14
      496.475   5.2091941e+14
      496.500   5.1746131e+14
      496.524   5.1450425e+14
      496.549   5.1341029e+14
      496.574   5.1313866e+14
      496.598   5.1152593e+14
      496.623   5.0963906e+14
      496.648   5.0859968e+14
      496.672   5.0549622e+14
      496.697   5.0310115e+14
      496.722   4.9994819e+14
      496.746   4.9738411e+14
      496.771   4.9481321e+14
      496.796   4.9347504e+14
      496.820   4.9117289e+14
      496.845   4.8974939e+14
      496.870   4.8919869e+14
      496.894   4.8617549e+14
      496.919   4.8425119e+14
      496.944   4.8492350e+14
      496.968   4.8897242e+14
      496.993   4.9160668e+14
      497.018   4.9585247e+14
      497.043   4.9928050e+14
      497.067   5.0101618e+14
      497.092   5.0150680e+14
      497.117   5.0142442e+14
      497.141   5.0155124e+14
      497.166   5.0161892e+14
      497.191   5.0456769e+14
      497.216   5.0665560e+14
      497.240   5.1112829e+14
      497.265   5.1617828e+14
      497.290   5.2116611e+14
      497.315   5.2406897e+14
      497.339   5.2651529e+14
      497.364   5.2805165e+14
      497.389   5.2780025e+14
      497.413   5.3018954e+14
      497.438   5.3381475e+14
      497.463   5.3539430e+14
      497.488   5.3578932e+14
      497.512   5.3739314e+14
      497.537   5.3620027e+14
      497.562   5.3485952e+14
      497.587   5.3517444e+14
      497.611   5.3467668e+14
      497.636   5.3377651e+14
      497.661   5.3345015e+14
      497.686   5.3235189e+14
      497.711   5.2824435e+14
      497.735   5.2586926e+14
      497.760   5.2456012e+14
      497.785   5.2282220e+14
      497.810   5.2077084e+14
      497.834   5.2064811e+14
      497.859   5.1596475e+14
      497.884   5.0949878e+14
      497.909   5.0522805e+14
      497.934   5.0186928e+14
      497.958   4.9859445e+14
      497.983   4.9953450e+14
      498.008   4.9933892e+14
      498.033   4.9723283e+14
      498.058   4.9559791e+14
      498.082   4.9232189e+14
      498.107   4.8651640e+14
      498.132   4.8304753e+14
      498.157   4.7767487e+14
      498.182   4.7076174e+14
      498.206   4.6540447e+14
      498.231   4.6205174e+14
      498.256   4.5886167e+14
      498.281   4.5820741e+14
      498.306   4.5821031e+14
      498.331   4.5776912e+14
      498.355   4.5431391e+14
      498.380   4.5147640e+14
      498.405   4.4917561e+14
      498.430   4.4735884e+14
      498.455   4.4578281e+14
      498.480   4.4745894e+14
      498.504   4.4756074e+14
      498.529   4.4706616e+14
      498.554   4.4726177e+14
      498.579   4.4804969e+14
      498.604   4.4969371e+14
      498.629   4.5399116e+14
      498.654   4.5859530e+14
      498.678   4.6374882e+14
      498.703   4.7022680e+14
      498.728   4.7338619e+14
      498.753   4.7738211e+14
      498.778   4.8384926e+14
      498.803   4.8948332e+14
      498.828   4.9335502e+14
      498.853   4.9953503e+14
      498.878   5.0333986e+14
      498.902   5.0550895e+14
      498.927   5.0810632e+14
      498.952   5.0819203e+14
      498.977   5.0935036e+14
      499.002   5.1137554e+14
      499.027   5.0980585e+14
      499.052   5.0900733e+14
      499.077   5.1165330e+14
      499.102   5.1304077e+14
      499.127   5.1216691e+14
      499.151   5.1342529e+14
      499.176   5.1124462e+14
      499.201   5.0812128e+14
      499.226   5.0421855e+14
      499.251   5.0001130e+14
      499.276   4.9757556e+14
      499.301   4.9712033e+14
      499.326   4.9740165e+14
      499.351   4.9845723e+14
      499.376   5.0001073e+14
      499.401   5.0023681e+14
      499.426   4.9981430e+14
      499.451   4.9813208e+14
      499.476   4.9933881e+14
      499.501   5.0430758e+14
      499.525   5.0692694e+14
      499.550   5.0997266e+14
      499.575   5.1511874e+14
      499.600   5.1808716e+14
      499.625   5.1771067e+14
      499.650   5.1818428e+14
      499.675   5.1733734e+14
      499.700   5.1662106e+14
      499.725   5.1681297e+14
      499.750   5.1538209e+14
      499.775   5.1574000e+14
      499.800   5.1656590e+14
      499.825   5.1693145e+14
      499.850   5.1205537e+14
      499.875   5.1253389e+14
      499.900   5.0687446e+14
      499.925   5.0161459e+14
      499.950   4.9662357e+14
      499.975   4.9349203e+14
      500.000   4.9177735e+14
      500.025   4.8675485e+14
      500.050   4.8195835e+14
      500.075   4.7877013e+14
      500.100   4.7466006e+14
      500.125   4.6657156e+14
      500.150   4.6379495e+14
      500.175   4.6196992e+14
      500.200   4.6028066e+14
      500.225   4.6017522e+14
      500.250   4.6051301e+14
      500.275   4.6081555e+14
      500.300   4.6149845e+14
      500.325   4.6273557e+14
      500.350   4.6394760e+14
      500.375   4.6823798e+14
      500.400   4.7299735e+14
      500.425   4.7476429e+14
      500.450   4.7292872e+14
      500.475   4.7068476e+14
      500.500   4.6666671e+14
      500.526   4.6325395e+14
      500.551   4.6245808e+14
      500.576   4.6247616e+14
      500.601   4.6210612e+14
      500.626   4.6214937e+14
      500.651   4.6247735e+14
      500.676   4.6208707e+14
      500.701   4.6320664e+14
      500.726   4.6506238e+14
      500.751   4.6697379e+14
      500.776   4.6907182e+14
      500.801   4.7141469e+14
      500.826   4.7348298e+14
      500.851   4.7497159e+14
      500.877   4.7601999e+14
      500.902   4.7603617e+14
      500.927   4.7647602e+14
      500.952   4.7899392e+14
      500.977   4.8474794e+14
      501.002   4.9100693e+14
      501.027   4.9619713e+14
      501.052   4.9811625e+14
      501.077   4.9791157e+14
      501.102   4.9592331e+14
      501.128   4.9417051e+14
      501.153   4.9407662e+14
      501.178   4.9557228e+14
      501.203   4.9619247e+14
      501.228   4.9526841e+14
      501.253   4.9158874e+14
      501.278   4.8566023e+14
      501.303   4.8001122e+14
      501.329   4.7420862e+14
      501.354   4.6871242e+14
      501.379   4.6580786e+14
      501.404   4.6452104e+14
      501.429   4.6371121e+14
      501.454   4.6396156e+14
      501.479   4.6394178e+14
      501.505   4.6308469e+14
      501.530   4.6201202e+14
      501.555   4.6193157e+14
      501.580   4.6429791e+14
      501.605   4.6787659e+14
      501.630   4.7187728e+14
      501.655   4.7464098e+14
      501.681   4.7379428e+14
      501.706   4.7079716e+14
      501.731   4.6804980e+14
      501.756   4.6528951e+14
      501.781   4.6533544e+14
      501.806   4.6798340e+14
      501.832   4.7001606e+14
      501.857   4.7245992e+14
      501.882   4.7485344e+14
      501.907   4.7519807e+14
      501.932   4.7504737e+14
      501.958   4.7577955e+14
      501.983   4.7606104e+14
      502.008   4.7535186e+14
      502.033   4.7353562e+14
      502.058   4.7023809e+14
      502.084   4.6634215e+14
      502.109   4.6225774e+14
      502.134   4.5911078e+14
      502.159   4.5704808e+14
      502.185   4.5788080e+14
      502.210   4.6168591e+14
      502.235   4.6564555e+14
      502.260   4.6972199e+14
      502.285   4.7409720e+14
      502.311   4.7671627e+14
      502.336   4.7687405e+14
      502.361   4.7671063e+14
      502.386   4.7599842e+14
      502.412   4.7537813e+14
      502.437   4.7529053e+14
      502.462   4.7505363e+14
      502.487   4.7431332e+14
      502.513   4.7438341e+14
      502.538   4.7492062e+14
      502.563   4.7533894e+14
      502.588   4.7672384e+14
      502.614   4.7736087e+14
      502.639   4.7684312e+14
      502.664   4.7669984e+14
      502.689   4.7784467e+14
      502.715   4.7880580e+14
      502.740   4.8057599e+14
      502.765   4.8256654e+14
      502.790   4.8290944e+14
      502.816   4.8206371e+14
      502.841   4.8123461e+14
      502.866   4.8124082e+14
      502.892   4.8254422e+14
      502.917   4.8493041e+14
      502.942   4.8642055e+14
      502.968   4.8672168e+14
      502.993   4.8607238e+14
      503.018   4.8426817e+14
      503.043   4.8240813e+14
      503.069   4.8338275e+14
      503.094   4.8664606e+14
      503.119   4.9051003e+14
      503.145   4.9609525e+14
      503.170   5.0296940e+14
      503.195   5.0765805e+14
      503.221   5.1011123e+14
      503.246   5.1190239e+14
      503.271   5.1249788e+14
      503.297   5.1295758e+14
      503.322   5.1494931e+14
      503.347   5.1722256e+14
      503.373   5.1773330e+14
      503.398   5.1711530e+14
      503.423   5.1435570e+14
      503.449   5.1044621e+14
      503.474   5.0744265e+14
      503.499   5.0624601e+14
      503.525   5.0576521e+14
      503.550   5.0700203e+14
      503.575   5.0853057e+14
      503.601   5.0914246e+14
      503.626   5.0976862e+14
      503.651   5.1056466e+14
      503.677   5.0976696e+14
      503.702   5.0784220e+14
      503.728   5.0633164e+14
      503.753   5.0363056e+14
      503.778   4.9973466e+14
      503.804   4.9669914e+14
      503.829   4.9324382e+14
      503.855   4.8869591e+14
      503.880   4.8650302e+14
      503.905   4.8609841e+14
      503.931   4.8369062e+14
      503.956   4.8132974e+14
      503.981   4.7895348e+14
      504.007   4.7329966e+14
      504.032   4.6578953e+14
      504.058   4.6026133e+14
      504.083   4.5571631e+14
      504.108   4.5207171e+14
      504.134   4.5059510e+14
      504.159   4.5051085e+14
      504.185   4.5058227e+14
      504.210   4.5194234e+14
      504.236   4.5391771e+14
      504.261   4.5551410e+14
      504.286   4.5835978e+14
      504.312   4.6135890e+14
      504.337   4.6318189e+14
      504.363   4.6528525e+14
      504.388   4.6785773e+14
      504.414   4.6961111e+14
      504.439   4.7306017e+14
      504.465   4.7982721e+14
      504.490   4.8756923e+14
      504.515   4.9754463e+14
      504.541   5.1042513e+14
      504.566   5.2267349e+14
      504.592   5.3242195e+14
      504.617   5.4024731e+14
      504.643   5.4455844e+14
      504.668   5.4390711e+14
      504.694   5.4059650e+14
      504.719   5.3515269e+14
      504.745   5.2904629e+14
      504.770   5.2471940e+14
      504.796   5.2254825e+14
      504.821   5.1951425e+14
      504.847   5.1664874e+14
      504.872   5.1479606e+14
      504.898   5.1232142e+14
      504.923   5.0934479e+14
      504.948   5.0765918e+14
      504.974   5.0486860e+14
      505.000   4.9869897e+14
      505.025   4.9105315e+14
      505.050   4.8347013e+14
      505.076   4.7657131e+14
      505.102   4.7155341e+14
      505.127   4.6865241e+14
      505.153   4.6712275e+14
      505.178   4.6718913e+14
      505.204   4.6851282e+14
      505.229   4.7168480e+14
      505.255   4.7683442e+14
      505.280   4.8196327e+14
      505.306   4.8483213e+14
      505.331   4.8749170e+14
      505.357   4.9124138e+14
      505.382   4.9437727e+14
      505.408   4.9772062e+14
      505.433   5.0148562e+14
      505.459   5.0376601e+14
      505.485   5.0456293e+14
      505.510   5.0714046e+14
      505.536   5.1177561e+14
      505.561   5.1737728e+14
      505.587   5.2304420e+14
      505.612   5.2752707e+14
      505.638   5.2982736e+14
      505.663   5.3026598e+14
      505.689   5.2998782e+14
      505.715   5.2981391e+14
      505.740   5.3006160e+14
      505.766   5.3020609e+14
      505.791   5.2996230e+14
      505.817   5.2985209e+14
      505.842   5.2949887e+14
      505.868   5.2861694e+14
      505.894   5.2772729e+14
      505.919   5.2687211e+14
      505.945   5.2628030e+14
      505.970   5.2657892e+14
      505.996   5.2746437e+14
      506.022   5.2850797e+14
      506.047   5.2953529e+14
      506.073   5.2997777e+14
      506.099   5.3058853e+14
      506.124   5.3164919e+14
      506.150   5.3264483e+14
      506.175   5.3373630e+14
      506.201   5.3498439e+14
      506.227   5.3588857e+14
      506.252   5.3635345e+14
      506.278   5.3634279e+14
      506.303   5.3446278e+14
      506.329   5.2998610e+14
      506.355   5.2444607e+14
      506.380   5.1948811e+14
      506.406   5.1529046e+14
      506.432   5.1246919e+14
      506.457   5.1186721e+14
      506.483   5.1221224e+14
      506.509   5.1172600e+14
      506.534   5.1018052e+14
      506.560   5.0839351e+14
      506.586   5.0686651e+14
      506.611   5.0464972e+14
      506.637   5.0199757e+14
      506.663   5.0001087e+14
      506.688   4.9845146e+14
      506.714   4.9553072e+14
      506.740   4.9162754e+14
      506.765   4.8777656e+14
      506.791   4.8303311e+14
      506.817   4.7884548e+14
      506.842   4.7809085e+14
      506.868   4.8088408e+14
      506.894   4.8519583e+14
      506.919   4.9038498e+14
      506.945   4.9550674e+14
      506.971   4.9895468e+14
      506.997   5.0017227e+14
      507.022   4.9995193e+14
      507.048   4.9894624e+14
      507.074   4.9752695e+14
      507.099   4.9552450e+14
      507.125   4.9306830e+14
      507.151   4.9129872e+14
      507.177   4.9050428e+14
      507.202   4.8969604e+14
      507.228   4.9070422e+14
      507.254   4.9422021e+14
      507.279   4.9788882e+14
      507.305   5.0052952e+14
      507.331   5.0230725e+14
      507.357   5.0242238e+14
      507.382   5.0050328e+14
      507.408   4.9836789e+14
      507.434   4.9668693e+14
      507.460   4.9452558e+14
      507.485   4.9152238e+14
      507.511   4.8896710e+14
      507.537   4.8616365e+14
      507.563   4.8454807e+14
      507.588   4.8520821e+14
      507.614   4.8791375e+14
      507.640   4.9183863e+14
      507.666   4.9626211e+14
      507.691   4.9962965e+14
      507.717   5.0130126e+14
      507.743   5.0010254e+14
      507.769   4.9577737e+14
      507.795   4.8937092e+14
      507.820   4.8237482e+14
      507.846   4.7657545e+14
      507.872   4.7343710e+14
      507.898   4.7183004e+14
      507.924   4.7083135e+14
      507.949   4.6895971e+14
      507.975   4.6667186e+14
      508.001   4.6481608e+14
      508.027   4.6355080e+14
      508.053   4.6278421e+14
      508.078   4.6282743e+14
      508.104   4.6264644e+14
      508.130   4.6056990e+14
      508.156   4.5587872e+14
      508.182   4.4976974e+14
      508.208   4.4431761e+14
      508.233   4.3882055e+14
      508.259   4.3446501e+14
      508.285   4.3351742e+14
      508.311   4.3524642e+14
      508.337   4.3924043e+14
      508.363   4.4469867e+14
      508.388   4.4980858e+14
      508.414   4.5446424e+14
      508.440   4.5911275e+14
      508.466   4.6285807e+14
      508.492   4.6633756e+14
      508.518   4.6942065e+14
      508.544   4.7119063e+14
      508.569   4.7156198e+14
      508.595   4.7117131e+14
      508.621   4.7048865e+14
      508.647   4.6962416e+14
      508.673   4.7043429e+14
      508.699   4.7355709e+14
      508.725   4.7613204e+14
      508.750   4.7865516e+14
      508.776   4.8260349e+14
      508.802   4.8605028e+14
      508.828   4.8829601e+14
      508.854   4.9068536e+14
      508.880   4.9266765e+14
      508.906   4.9299515e+14
      508.932   4.9185201e+14
      508.958   4.9051658e+14
      508.984   4.8908101e+14
      509.009   4.8804928e+14
      509.035   4.8815883e+14
      509.061   4.8972398e+14
      509.087   4.9208124e+14
      509.113   4.9512045e+14
      509.139   4.9761667e+14
      509.165   5.0004384e+14
      509.191   5.0233545e+14
      509.217   5.0359414e+14
      509.243   5.0488379e+14
      509.269   5.0663240e+14
      509.295   5.0799159e+14
      509.321   5.0938670e+14
      509.346   5.1047330e+14
      509.372   5.1076863e+14
      509.398   5.1042800e+14
      509.424   5.1122343e+14
      509.450   5.1313461e+14
      509.476   5.1548966e+14
      509.502   5.1735250e+14
      509.528   5.1802534e+14
      509.554   5.1626382e+14
      509.580   5.1385817e+14
      509.606   5.1156009e+14
      509.632   5.0992878e+14
      509.658   5.0935441e+14
      509.684   5.0815393e+14
      509.710   5.0408706e+14
      509.736   4.9874948e+14
      509.762   4.9239264e+14
      509.788   4.8633790e+14
      509.814   4.8173525e+14
      509.840   4.7849759e+14
      509.866   4.7649937e+14
      509.892   4.7552253e+14
      509.918   4.7390905e+14
      509.944   4.7220289e+14
      509.970   4.7131558e+14
      509.996   4.6982227e+14
      510.022   4.6751999e+14
      510.048   4.6708674e+14
      510.074   4.6886704e+14
      510.100   4.7064997e+14
      510.126   4.7201454e+14
      510.152   4.7357698e+14
      510.178   4.7398126e+14
      510.204   4.7417492e+14
      510.230   4.7610508e+14
      510.256   4.7966394e+14
      510.282   4.8473631e+14
      510.308   4.8995044e+14
      510.334   4.9450744e+14
      510.360   4.9842507e+14
      510.386   5.0090170e+14
      510.412   5.0162616e+14
      510.438   5.0339911e+14
      510.465   5.0476204e+14
      510.491   5.0506536e+14
      510.517   5.0581069e+14
      510.543   5.0792607e+14
      510.569   5.0793393e+14
      510.595   5.0415553e+14
      510.621   4.9912481e+14
      510.647   4.9589569e+14
      510.673   4.9289502e+14
      510.699   4.9080164e+14
      510.725   4.9164423e+14
      510.751   4.9399887e+14
      510.777   4.9516828e+14
      510.804   4.9545416e+14
      510.830   4.9498564e+14
      510.856   4.9353723e+14
      510.882   4.8958353e+14
      510.908   4.8535693e+14
      510.934   4.8236443e+14
      510.960   4.8032858e+14
      510.986   4.7928030e+14
      511.012   4.8057813e+14
      511.038   4.8205614e+14
      511.065   4.8192980e+14
      511.091   4.8253066e+14
      511.117   4.8651522e+14
      511.143   4.9183826e+14
      511.169   4.9623543e+14
      511.195   5.0079260e+14
      511.221   5.0465536e+14
      511.247   5.0533989e+14
      511.274   5.0448628e+14
      511.300   5.0420306e+14
      511.326   5.0519656e+14
      511.352   5.0635751e+14
      511.378   5.0758295e+14
      511.404   5.0994386e+14
      511.430   5.1360778e+14
      511.457   5.1666287e+14
      511.483   5.1950359e+14
      511.509   5.2249647e+14
      511.535   5.2440037e+14
      511.561   5.2492404e+14
      511.587   5.2511043e+14
      511.614   5.2525401e+14
      511.640   5.2481970e+14
      511.666   5.2474324e+14
      511.692   5.2594200e+14
      511.718   5.2758909e+14
      511.745   5.2905200e+14
      511.771   5.3071224e+14
      511.797   5.3222064e+14
      511.823   5.3255954e+14
      511.849   5.3201195e+14
      511.876   5.3115615e+14
      511.902   5.3093571e+14
      511.928   5.3150653e+14
      511.954   5.3243555e+14
      511.980   5.3317655e+14
      512.007   5.3299585e+14
      512.033   5.3235010e+14
      512.059   5.3084849e+14
      512.085   5.2918685e+14
      512.111   5.2790147e+14
      512.138   5.2761216e+14
      512.164   5.2680353e+14
      512.190   5.2424918e+14
      512.216   5.1962651e+14
      512.243   5.1482383e+14
      512.269   5.1073918e+14
      512.295   5.0742268e+14
      512.321   5.0507303e+14
      512.348   5.0259771e+14
      512.374   4.9796220e+14
      512.400   4.9314304e+14
      512.426   4.8794418e+14
      512.453   4.8258576e+14
      512.479   4.7802565e+14
      512.505   4.7661539e+14
      512.531   4.7451344e+14
      512.558   4.7203545e+14
      512.584   4.6878993e+14
      512.610   4.6690146e+14
      512.636   4.6431859e+14
      512.663   4.6173639e+14
      512.689   4.6002534e+14
      512.715   4.6134439e+14
      512.742   4.6311878e+14
      512.768   4.6413093e+14
      512.794   4.6424482e+14
      512.821   4.6368323e+14
      512.847   4.6169808e+14
      512.873   4.6129029e+14
      512.899   4.6286806e+14
      512.926   4.6622094e+14
      512.952   4.7045635e+14
      512.978   4.7502538e+14
      513.005   4.7652502e+14
      513.031   4.7783017e+14
      513.057   4.7892365e+14
      513.084   4.8109529e+14
      513.110   4.8356328e+14
      513.136   4.8700542e+14
      513.163   4.8959894e+14
      513.189   4.9035743e+14
      513.215   4.8727668e+14
      513.242   4.8378830e+14
      513.268   4.8144330e+14
      513.294   4.8023503e+14
      513.321   4.8181335e+14
      513.347   4.8628796e+14
      513.373   4.9055105e+14
      513.400   4.9452351e+14
      513.426   4.9812578e+14
      513.452   4.9970189e+14
      513.479   5.0041314e+14
      513.505   5.0207486e+14
      513.532   5.0296205e+14
      513.558   5.0123976e+14
      513.584   4.9870285e+14
      513.611   4.9687777e+14
      513.637   4.9503076e+14
      513.663   4.9366971e+14
      513.690   4.9385594e+14
      513.716   4.9653433e+14
      513.743   4.9892169e+14
      513.769   4.9692947e+14
      513.795   4.9225476e+14
      513.822   4.8893344e+14
      513.848   4.8452947e+14
      513.875   4.7979221e+14
      513.901   4.7846340e+14
      513.927   4.7961561e+14
      513.954   4.8051012e+14
      513.980   4.8107000e+14
      514.007   4.8023616e+14
      514.033   4.7701275e+14
      514.060   4.7541772e+14
      514.086   4.7395106e+14
      514.112   4.7027905e+14
      514.139   4.6560591e+14
      514.165   4.6385636e+14
      514.192   4.6051557e+14
      514.218   4.5660136e+14
      514.245   4.5486748e+14
      514.271   4.5692798e+14
      514.297   4.6223798e+14
      514.324   4.6942923e+14
      514.350   4.7673162e+14
      514.377   4.8421445e+14
      514.403   4.8963310e+14
      514.430   4.8941014e+14
      514.456   4.8606276e+14
      514.483   4.8141059e+14
      514.509   4.7517447e+14
      514.536   4.7152116e+14
      514.562   4.6856596e+14
      514.589   4.6617607e+14
      514.615   4.6601307e+14
      514.642   4.6996263e+14
      514.668   4.7245814e+14
      514.695   4.7617776e+14
      514.721   4.8075202e+14
      514.747   4.8478511e+14
      514.774   4.8611143e+14
      514.800   4.8687975e+14
      514.827   4.8656313e+14
      514.854   4.8616352e+14
      514.880   4.8528343e+14
      514.907   4.8387794e+14
      514.933   4.8114930e+14
      514.960   4.7996907e+14
      514.986   4.7932697e+14
      515.013   4.7942195e+14
      515.039   4.7848399e+14
      515.066   4.8002311e+14
      515.092   4.8118289e+14
      515.119   4.8156057e+14
      515.145   4.8039170e+14
      515.172   4.8176783e+14
      515.198   4.8378384e+14
      515.225   4.8508764e+14
      515.251   4.8520786e+14
      515.278   4.8637185e+14
      515.305   4.8686144e+14
      515.331   4.8545372e+14
      515.358   4.8258612e+14
      515.384   4.8117804e+14
      515.411   4.7833331e+14
      515.437   4.7717656e+14
      515.464   4.7882575e+14
      515.490   4.8148888e+14
      515.517   4.8258830e+14
      515.544   4.8695794e+14
      515.570   4.9146727e+14
      515.597   4.9479956e+14
      515.623   4.9770815e+14
      515.650   5.0094248e+14
      515.677   5.0401357e+14
      515.703   5.0659594e+14
      515.730   5.0764255e+14
      515.756   5.0852730e+14
      515.783   5.1116062e+14
      515.810   5.1163893e+14
      515.836   5.0980776e+14
      515.863   5.0997442e+14
      515.889   5.1136594e+14
      515.916   5.1204177e+14
      515.943   5.1419034e+14
      515.969   5.1774076e+14
      515.996   5.2022228e+14
      516.023   5.2184170e+14
      516.049   5.2217431e+14
      516.076   5.1904218e+14
      516.102   5.1576326e+14
      516.129   5.1263831e+14
      516.156   5.1012101e+14
      516.182   5.0858994e+14
      516.209   5.0924517e+14
      516.236   5.0903767e+14
      516.262   5.0961664e+14
      516.289   5.0975741e+14
      516.316   5.0892085e+14
      516.342   5.0831461e+14
      516.369   5.0773266e+14
      516.396   5.0437166e+14
      516.422   5.0144613e+14
      516.449   4.9820924e+14
      516.476   4.9233568e+14
      516.502   4.8637993e+14
      516.529   4.8042710e+14
      516.556   4.6958492e+14
      516.582   4.5732079e+14
      516.609   4.4638792e+14
      516.636   4.3618991e+14
      516.662   4.2782367e+14
      516.689   4.2338500e+14
      516.716   4.1888863e+14
      516.742   4.1081419e+14
      516.769   4.0128029e+14
      516.796   3.9210704e+14
      516.823   3.8465514e+14
      516.849   3.8086518e+14
      516.876   3.8194391e+14
      516.903   3.8650178e+14
      516.929   3.9106720e+14
      516.956   3.9332287e+14
      516.983   3.9461582e+14
      517.010   3.9274162e+14
      517.036   3.8738665e+14
      517.063   3.7965540e+14
      517.090   3.7308956e+14
      517.117   3.6691086e+14
      517.143   3.6393291e+14
      517.170   3.6177025e+14
      517.197   3.5999793e+14
      517.224   3.5645224e+14
      517.250   3.5609007e+14
      517.277   3.5935587e+14
      517.304   3.6484082e+14
      517.331   3.7230552e+14
      517.357   3.8186166e+14
      517.384   3.8780958e+14
      517.411   3.8978341e+14
      517.438   3.9017109e+14
      517.464   3.8972705e+14
      517.491   3.8829386e+14
      517.518   3.8984863e+14
      517.545   3.9373015e+14
      517.572   3.9844327e+14
      517.598   4.0585551e+14
      517.625   4.1924172e+14
      517.652   4.3455243e+14
      517.679   4.5095157e+14
      517.706   4.6796477e+14
      517.732   4.8483549e+14
      517.759   4.9822408e+14
      517.786   5.0797271e+14
      517.813   5.1460728e+14
      517.840   5.1920922e+14
      517.866   5.2100292e+14
      517.893   5.2103274e+14
      517.920   5.2005876e+14
      517.947   5.1877709e+14
      517.974   5.1736742e+14
      518.001   5.1633316e+14
      518.027   5.1568108e+14
      518.054   5.1417202e+14
      518.081   5.1170556e+14
      518.108   5.0827639e+14
      518.135   5.0223862e+14
      518.162   4.9235784e+14
      518.188   4.7859614e+14
      518.215   4.6114777e+14
      518.242   4.4278709e+14
      518.269   4.2536631e+14
      518.296   4.1020590e+14
      518.323   3.9891084e+14
      518.350   3.9187314e+14
      518.376   3.8755056e+14
      518.403   3.8508900e+14
      518.430   3.8357452e+14
      518.457   3.8329960e+14
      518.484   3.8379989e+14
      518.511   3.8374164e+14
      518.538   3.8390786e+14
      518.565   3.8520444e+14
      518.592   3.8699194e+14
      518.618   3.8908700e+14
      518.645   3.9145193e+14
      518.672   3.9587718e+14
      518.699   4.0146488e+14
      518.726   4.0784704e+14
      518.753   4.1891220e+14
      518.780   4.3403432e+14
      518.807   4.4991805e+14
      518.834   4.6646158e+14
      518.861   4.8320800e+14
      518.888   4.9556513e+14
      518.914   5.0360446e+14
      518.941   5.0858126e+14
      518.968   5.1101658e+14
      518.995   5.0888778e+14
      519.022   5.0669351e+14
      519.049   5.0311943e+14
      519.076   4.9619497e+14
      519.103   4.8913392e+14
      519.130   4.8410268e+14
      519.157   4.7906566e+14
      519.184   4.7586555e+14
      519.211   4.7517428e+14
      519.238   4.7835156e+14
      519.265   4.8406744e+14
      519.292   4.8884536e+14
      519.319   4.9117420e+14
      519.346   4.9029794e+14
      519.373   4.8560166e+14
      519.400   4.7705339e+14
      519.427   4.6824270e+14
      519.454   4.5998024e+14
      519.481   4.5493098e+14
      519.508   4.5232643e+14
      519.534   4.5331171e+14
      519.561   4.5379575e+14
      519.589   4.5709264e+14
      519.615   4.6157830e+14
      519.642   4.6453761e+14
      519.669   4.6816168e+14
      519.696   4.7248199e+14
      519.724   4.7288705e+14
      519.751   4.7344031e+14
      519.778   4.7302553e+14
      519.805   4.6964059e+14
      519.832   4.6601715e+14
      519.859   4.6752544e+14
      519.886   4.6838739e+14
      519.913   4.7255256e+14
      519.940   4.7794832e+14
      519.967   4.8585494e+14
      519.994   4.9192737e+14
      520.021   4.9930152e+14
      520.048   5.0251896e+14
      520.075   5.0164991e+14
      520.102   5.0051360e+14
      520.129   5.0060001e+14
      520.156   5.0105564e+14
      520.183   5.0288085e+14
      520.210   5.0781754e+14
      520.237   5.1349846e+14
      520.264   5.1657134e+14
      520.291   5.1425412e+14
      520.318   5.1206762e+14
      520.346   5.1122570e+14
      520.373   5.0812976e+14
      520.400   5.0608148e+14
      520.427   5.0474029e+14
      520.454   4.9930380e+14
      520.481   4.9474978e+14
      520.508   4.9015070e+14
      520.535   4.8414130e+14
      520.562   4.7935253e+14
      520.589   4.8185943e+14
      520.616   4.8435091e+14
      520.644   4.8551202e+14
      520.671   4.8467768e+14
      520.698   4.8058488e+14
      520.725   4.7399605e+14
      520.752   4.6622422e+14
      520.779   4.5850659e+14
      520.806   4.5623117e+14
      520.833   4.6093789e+14
      520.860   4.6453857e+14
      520.888   4.6564410e+14
      520.915   4.6752510e+14
      520.942   4.6680471e+14
      520.969   4.6846564e+14
      520.996   4.7102638e+14
      521.023   4.7639912e+14
      521.050   4.8288452e+14
      521.078   4.8914600e+14
      521.105   4.9074016e+14
      521.132   4.9115392e+14
      521.159   4.9076751e+14
      521.186   4.8908488e+14
      521.213   4.9281527e+14
      521.241   4.9863574e+14
      521.268   5.0476288e+14
      521.295   5.1050223e+14
      521.322   5.1647584e+14
      521.349   5.1564697e+14
      521.376   5.1062107e+14
      521.404   5.0835964e+14
      521.431   5.0684255e+14
      521.458   5.0343773e+14
      521.485   4.9872513e+14
      521.512   4.9805008e+14
      521.540   4.9513358e+14
      521.567   4.9082160e+14
      521.594   4.8740716e+14
      521.621   4.8760312e+14
      521.648   4.8479486e+14
      521.676   4.8046659e+14
      521.703   4.7860839e+14
      521.730   4.7899823e+14
      521.757   4.7885240e+14
      521.784   4.7983072e+14
      521.812   4.8174004e+14
      521.839   4.8189636e+14
      521.866   4.8095193e+14
      521.893   4.8256638e+14
      521.921   4.8471801e+14
      521.948   4.8599648e+14
      521.975   4.8818167e+14
      522.002   4.9450870e+14
      522.030   4.9908969e+14
      522.057   5.0261630e+14
      522.084   5.0615111e+14
      522.111   5.1152628e+14
      522.139   5.1368551e+14
      522.166   5.1489508e+14
      522.193   5.1815526e+14
      522.221   5.2252359e+14
      522.248   5.2430953e+14
      522.275   5.2475481e+14
      522.302   5.2444538e+14
      522.330   5.2178877e+14
      522.357   5.1802378e+14
      522.384   5.1531553e+14
      522.411   5.1355124e+14
      522.439   5.1255573e+14
      522.466   5.1136969e+14
      522.493   5.0819500e+14
      522.521   5.0161704e+14
      522.548   4.9151232e+14
      522.575   4.7888370e+14
      522.603   4.6836195e+14
      522.630   4.6154803e+14
      522.657   4.5701730e+14
      522.685   4.5531038e+14
      522.712   4.5643127e+14
      522.739   4.5631543e+14
      522.766   4.5529950e+14
      522.794   4.5465544e+14
      522.821   4.5219167e+14
      522.849   4.4969958e+14
      522.876   4.4789075e+14
      522.903   4.4723738e+14
      522.930   4.4791342e+14
      522.958   4.5141002e+14
      522.985   4.5344221e+14
      523.013   4.5574674e+14
      523.040   4.5867988e+14
      523.067   4.6376746e+14
      523.095   4.7216919e+14
      523.122   4.8031813e+14
      523.149   4.8483078e+14
      523.177   4.8836238e+14
      523.204   4.9044740e+14
      523.232   4.8973089e+14
      523.259   4.8975880e+14
      523.286   4.9118040e+14
      523.314   4.8877510e+14
      523.341   4.8725115e+14
      523.368   4.8498143e+14
      523.396   4.8252529e+14
      523.423   4.8208645e+14
      523.451   4.8418358e+14
      523.478   4.8235860e+14
      523.505   4.8160078e+14
      523.533   4.8167140e+14
      523.560   4.7982226e+14
      523.588   4.7732013e+14
      523.615   4.7553643e+14
      523.642   4.7299077e+14
      523.670   4.7447133e+14
      523.697   4.7794697e+14
      523.725   4.8294779e+14
      523.752   4.8804319e+14
      523.780   4.9355934e+14
      523.807   4.9441812e+14
      523.834   4.9560132e+14
      523.862   4.9661687e+14
      523.889   4.9876297e+14
      523.917   5.0300449e+14
      523.944   5.0811595e+14
      523.972   5.1195221e+14
      523.999   5.1685366e+14
      524.027   5.2055090e+14
      524.054   5.2118724e+14
      524.082   5.1997243e+14
      524.109   5.1934754e+14
      524.136   5.1721857e+14
      524.164   5.1646516e+14
      524.191   5.1594025e+14
      524.219   5.1613150e+14
      524.246   5.1636399e+14
      524.274   5.1733914e+14
      524.301   5.1719431e+14
      524.329   5.1719288e+14
      524.356   5.1905692e+14
      524.384   5.1976839e+14
      524.411   5.1826926e+14
      524.439   5.1758681e+14
      524.466   5.1705639e+14
      524.494   5.1502182e+14
      524.521   5.1258733e+14
      524.549   5.1064472e+14
      524.576   5.0756536e+14
      524.604   5.0352536e+14
      524.631   5.0179755e+14
      524.659   5.0196176e+14
      524.687   5.0376631e+14
      524.714   5.0584476e+14
      524.742   5.1002726e+14
      524.769   5.1265838e+14
      524.797   5.1370297e+14
      524.824   5.1431070e+14
      524.852   5.1350325e+14
      524.879   5.1070236e+14
      524.907   5.0483938e+14
      524.934   5.0250283e+14
      524.962   5.0128488e+14
      524.990   5.0159448e+14
      525.017   5.0137446e+14
      525.045   5.0368749e+14
      525.072   5.0532050e+14
      525.100   5.0577554e+14
      525.127   5.0870158e+14
      525.155   5.1253042e+14
      525.182   5.1470353e+14
      525.210   5.1515130e+14
      525.238   5.1574975e+14
      525.265   5.1443554e+14
      525.293   5.1250595e+14
      525.320   5.1087664e+14
      525.348   5.0659542e+14
      525.376   5.0359916e+14
      525.403   4.9870256e+14
      525.431   4.9709697e+14
      525.458   4.9864611e+14
      525.486   5.0234184e+14
      525.514   5.0413575e+14
      525.541   5.0805082e+14
      525.569   5.1072893e+14
      525.597   5.1181974e+14
      525.624   5.1277213e+14
      525.652   5.1404306e+14
      525.679   5.1452194e+14
      525.707   5.1462067e+14
      525.735   5.1240886e+14
      525.762   5.0951034e+14
      525.790   5.0680301e+14
      525.818   5.0472544e+14
      525.845   5.0301731e+14
      525.873   5.0551930e+14
      525.901   5.0779125e+14
      525.928   5.1206940e+14
      525.956   5.1834809e+14
      525.984   5.2330078e+14
      526.011   5.2372209e+14
      526.039   5.2462647e+14
      526.067   5.2114522e+14
      526.094   5.1575294e+14
      526.122   5.1039296e+14
      526.150   5.0737923e+14
      526.177   5.0125965e+14
      526.205   4.9793514e+14
      526.233   4.9232132e+14
      526.260   4.8584768e+14
      526.288   4.8342533e+14
      526.316   4.8530566e+14
      526.343   4.8722772e+14
      526.371   4.8938669e+14
      526.399   4.8821748e+14
      526.427   4.8403488e+14
      526.454   4.7946920e+14
      526.482   4.7159893e+14
      526.510   4.6169742e+14
      526.537   4.5919484e+14
      526.565   4.5486644e+14
      526.593   4.5362602e+14
      526.621   4.5645228e+14
      526.648   4.6324439e+14
      526.676   4.6176823e+14
      526.704   4.6357979e+14
      526.732   4.6149892e+14
      526.759   4.5611535e+14
      526.787   4.4922315e+14
      526.815   4.4512551e+14
      526.843   4.3825320e+14
      526.870   4.3308747e+14
      526.898   4.2293257e+14
      526.926   4.1535769e+14
      526.954   4.1251724e+14
      526.981   4.1102878e+14
      527.009   4.1514432e+14
      527.037   4.2510285e+14
      527.065   4.3239849e+14
      527.093   4.3838402e+14
      527.120   4.4263383e+14
      527.148   4.4270787e+14
      527.176   4.3846660e+14
      527.204   4.3446369e+14
      527.232   4.3100982e+14
      527.259   4.2879962e+14
      527.287   4.3013385e+14
      527.315   4.3761634e+14
      527.343   4.4595714e+14
      527.370   4.5354924e+14
      527.398   4.6249184e+14
      527.426   4.6930319e+14
      527.454   4.7119487e+14
      527.482   4.7117751e+14
      527.510   4.7077772e+14
      527.537   4.6810098e+14
      527.565   4.6589232e+14
      527.593   4.6489192e+14
      527.621   4.6421542e+14
      527.649   4.6406216e+14
      527.677   4.6631304e+14
      527.704   4.7257204e+14
      527.732   4.7954995e+14
      527.760   4.8629217e+14
      527.788   4.9222467e+14
      527.816   4.9565469e+14
      527.844   4.9601325e+14
      527.872   4.9539129e+14
      527.899   4.9565589e+14
      527.927   4.9727427e+14
      527.955   5.0114938e+14
      527.983   5.0653460e+14
      528.011   5.1020061e+14
      528.039   5.1198491e+14
      528.067   5.1246149e+14
      528.095   5.1139603e+14
      528.123   5.0871931e+14
      528.150   5.0754632e+14
      528.178   5.0616931e+14
      528.206   5.0226075e+14
      528.234   4.9705930e+14
      528.262   4.9154084e+14
      528.290   4.8553237e+14
      528.318   4.8050474e+14
      528.346   4.7791836e+14
      528.374   4.7688778e+14
      528.402   4.7801972e+14
      528.430   4.8051656e+14
      528.457   4.8334527e+14
      528.485   4.8625772e+14
      528.513   4.8907466e+14
      528.541   4.9267156e+14
      528.569   4.9647097e+14
      528.597   5.0037732e+14
      528.625   5.0454754e+14
      528.653   5.0867029e+14
      528.681   5.1008935e+14
      528.709   5.1157768e+14
      528.737   5.1523566e+14
      528.765   5.1953551e+14
      528.793   5.2436563e+14
      528.821   5.3048470e+14
      528.849   5.3552355e+14
      528.877   5.3724009e+14
      528.905   5.3781185e+14
      528.933   5.3751285e+14
      528.961   5.3652950e+14
      528.989   5.3563659e+14
      529.017   5.3561710e+14
      529.045   5.3587985e+14
      529.073   5.3603877e+14
      529.101   5.3599796e+14
      529.129   5.3579462e+14
      529.156   5.3537444e+14
      529.185   5.3506552e+14
      529.213   5.3564803e+14
      529.241   5.3631324e+14
      529.269   5.3711699e+14
      529.297   5.3810209e+14
      529.325   5.3893541e+14
      529.353   5.3841230e+14
      529.381   5.3808635e+14
      529.409   5.3888245e+14
      529.437   5.3972128e+14
      529.465   5.3986720e+14
      529.493   5.3949589e+14
      529.521   5.3787702e+14
      529.549   5.3441848e+14
      529.577   5.2930128e+14
      529.605   5.2425550e+14
      529.633   5.1905984e+14
      529.661   5.1286643e+14
      529.689   5.0586169e+14
      529.717   4.9936815e+14
      529.745   4.9295666e+14
      529.773   4.8824339e+14
      529.801   4.8589277e+14
      529.829   4.8531298e+14
      529.857   4.8537602e+14
      529.886   4.8539996e+14
      529.914   4.8386501e+14
      529.942   4.8160693e+14
      529.970   4.7940988e+14
      529.998   4.7838132e+14
      530.026   4.7824390e+14
      530.054   4.7891766e+14
      530.082   4.7959945e+14
      530.110   4.8127948e+14
      530.138   4.8280219e+14
      530.166   4.8532598e+14
      530.195   4.9028257e+14
      530.223   4.9750505e+14
      530.251   5.0426108e+14
      530.279   5.1039850e+14
      530.307   5.1473185e+14
      530.335   5.1673483e+14
      530.363   5.1706382e+14
      530.391   5.1704311e+14
      530.420   5.1754409e+14
      530.448   5.1939270e+14
      530.476   5.2185048e+14
      530.504   5.2425234e+14
      530.532   5.2609090e+14
      530.560   5.2686664e+14
      530.588   5.2684907e+14
      530.617   5.2737478e+14
      530.645   5.2812665e+14
      530.673   5.2877968e+14
      530.701   5.2939275e+14
      530.729   5.2922836e+14
      530.757   5.2854028e+14
      530.786   5.2734266e+14
      530.814   5.2619206e+14
      530.842   5.2553567e+14
      530.870   5.2512245e+14
      530.898   5.2467450e+14
      530.926   5.2458998e+14
      530.955   5.2503830e+14
      530.983   5.2545096e+14
      531.011   5.2590908e+14
      531.039   5.2655428e+14
      531.067   5.2727980e+14
      531.096   5.2841536e+14
      531.124   5.2988704e+14
      531.152   5.3124381e+14
      531.180   5.3236549e+14
      531.208   5.3339365e+14
      531.237   5.3397091e+14
      531.265   5.3413270e+14
      531.293   5.3458072e+14
      531.321   5.3532560e+14
      531.350   5.3531729e+14
      531.378   5.3473280e+14
      531.406   5.3424723e+14
      531.434   5.3368672e+14
      531.463   5.3284350e+14
      531.491   5.3103863e+14
      531.519   5.2763600e+14
      531.547   5.2368451e+14
      531.576   5.1915286e+14
      531.604   5.1429591e+14
      531.632   5.1121556e+14
      531.660   5.1026275e+14
      531.689   5.0983010e+14
      531.717   5.0985148e+14
      531.745   5.1044310e+14
      531.773   5.1116595e+14
      531.802   5.1165421e+14
      531.830   5.1157396e+14
      531.858   5.1180694e+14
      531.887   5.1281485e+14
      531.915   5.1374415e+14
      531.943   5.1385146e+14
      531.971   5.1372040e+14
      532.000   5.1341620e+14
      532.028   5.1349942e+14
      532.056   5.1411563e+14
      532.085   5.1583115e+14
      532.113   5.1913437e+14
      532.141   5.2271926e+14
      532.170   5.2518031e+14
      532.198   5.2690651e+14
      532.226   5.2779423e+14
      532.255   5.2553990e+14
      532.283   5.2125583e+14
      532.311   5.1690428e+14
      532.340   5.1297675e+14
      532.368   5.0987589e+14
      532.396   5.0836416e+14
      532.425   5.0768148e+14
      532.453   5.0638389e+14
      532.481   5.0495217e+14
      532.510   5.0353192e+14
      532.538   5.0313206e+14
      532.566   5.0396271e+14
      532.595   5.0516176e+14
      532.623   5.0363034e+14
      532.652   4.9767247e+14
      532.680   4.8709518e+14
      532.708   4.7345685e+14
      532.737   4.5879068e+14
      532.765   4.4761155e+14
      532.793   4.4304837e+14
      532.822   4.4273173e+14
      532.850   4.4434829e+14
      532.879   4.4717854e+14
      532.907   4.4954402e+14
      532.935   4.5010416e+14
      532.964   4.5153451e+14
      532.992   4.5455268e+14
      533.021   4.5778942e+14
      533.049   4.6089691e+14
      533.077   4.6377125e+14
      533.106   4.6508209e+14
      533.134   4.6399805e+14
      533.163   4.6284507e+14
      533.191   4.6452824e+14
      533.220   4.6965928e+14
      533.248   4.7753628e+14
      533.276   4.8809879e+14
      533.305   4.9890765e+14
      533.333   5.0664245e+14
      533.362   5.1138244e+14
      533.390   5.1490016e+14
      533.419   5.1717051e+14
      533.447   5.1893796e+14
      533.476   5.2054810e+14
      533.504   5.2073664e+14
      533.532   5.1986419e+14
      533.561   5.1893626e+14
      533.589   5.1690858e+14
      533.618   5.1264924e+14
      533.646   5.0756102e+14
      533.675   5.0446403e+14
      533.703   5.0398813e+14
      533.732   5.0572987e+14
      533.760   5.0994834e+14
      533.789   5.1460626e+14
      533.817   5.1504451e+14
      533.846   5.1186359e+14
      533.874   5.0795841e+14
      533.903   5.0352155e+14
      533.931   4.9798123e+14
      533.960   4.9313206e+14
      533.988   4.8949382e+14
      534.017   4.8638580e+14
      534.045   4.8449172e+14
      534.074   4.8394538e+14
      534.102   4.8412946e+14
      534.131   4.8537392e+14
      534.159   4.8883074e+14
      534.188   4.9403150e+14
      534.217   5.0058293e+14
      534.245   5.0782803e+14
      534.274   5.1378109e+14
      534.302   5.1672658e+14
      534.331   5.1843593e+14
      534.359   5.2109414e+14
      534.388   5.2356794e+14
      534.416   5.2367349e+14
      534.445   5.2268222e+14
      534.474   5.2140295e+14
      534.502   5.1849729e+14
      534.531   5.1538775e+14
      534.559   5.1441103e+14
      534.588   5.1465969e+14
      534.616   5.1436909e+14
      534.645   5.1353036e+14
      534.674   5.1134833e+14
      534.702   5.0879100e+14
      534.731   5.0615623e+14
      534.759   5.0240568e+14
      534.788   4.9796377e+14
      534.817   4.9443141e+14
      534.845   4.9134739e+14
      534.874   4.8798665e+14
      534.902   4.8506621e+14
      534.931   4.8467788e+14
      534.960   4.8780405e+14
      534.988   4.9323238e+14
      535.017   4.9990664e+14
      535.046   5.0689401e+14
      535.074   5.1241302e+14
      535.103   5.1553073e+14
      535.131   5.1636587e+14
      535.160   5.1530269e+14
      535.189   5.1417209e+14
      535.217   5.1395108e+14
      535.246   5.1407589e+14
      535.275   5.1478018e+14
      535.303   5.1709770e+14
      535.332   5.2066161e+14
      535.361   5.2420437e+14
      535.389   5.2776263e+14
      535.418   5.3137893e+14
      535.447   5.3455888e+14
      535.475   5.3662477e+14
      535.504   5.3771876e+14
      535.533   5.3817114e+14
      535.561   5.3842570e+14
      535.590   5.3871375e+14
      535.619   5.3853257e+14
      535.647   5.3787573e+14
      535.676   5.3799925e+14
      535.705   5.3936066e+14
      535.733   5.4086139e+14
      535.762   5.4150567e+14
      535.791   5.4142707e+14
      535.820   5.4080896e+14
      535.848   5.3938047e+14
      535.877   5.3741601e+14
      535.906   5.3638205e+14
      535.934   5.3636151e+14
      535.963   5.3614501e+14
      535.992   5.3497319e+14
      536.021   5.3323461e+14
      536.049   5.3174041e+14
      536.078   5.3050881e+14
      536.107   5.2872112e+14
      536.136   5.2651752e+14
      536.164   5.2479053e+14
      536.193   5.2338556e+14
      536.222   5.2194256e+14
      536.251   5.2120679e+14
      536.279   5.2226800e+14
      536.308   5.2341402e+14
      536.337   5.2306430e+14
      536.366   5.2174788e+14
      536.394   5.1987402e+14
      536.423   5.1776054e+14
      536.452   5.1591433e+14
      536.481   5.1524267e+14
      536.509   5.1623646e+14
      536.538   5.1853603e+14
      536.567   5.1936902e+14
      536.596   5.1792209e+14
      536.625   5.1643721e+14
      536.653   5.1598864e+14
      536.682   5.1594626e+14
      536.711   5.1707653e+14
      536.740   5.2000114e+14
      536.769   5.2236401e+14
      536.797   5.2209127e+14
      536.826   5.1962768e+14
      536.855   5.1609088e+14
      536.884   5.1473215e+14
      536.913   5.1497893e+14
      536.942   5.1551764e+14
      536.970   5.1413605e+14
      536.999   5.0915980e+14
      537.028   5.0113331e+14
      537.057   4.9204069e+14
      537.086   4.8448828e+14
      537.115   4.8161032e+14
      537.143   4.8349861e+14
      537.172   4.8655893e+14
      537.201   4.8867306e+14
      537.230   4.8888603e+14
      537.259   4.8778185e+14
      537.288   4.8582823e+14
      537.317   4.8378508e+14
      537.346   4.8467145e+14
      537.374   4.8840571e+14
      537.403   4.9200868e+14
      537.432   4.9520084e+14
      537.461   4.9786297e+14
      537.490   5.0059031e+14
      537.519   5.0509585e+14
      537.548   5.1119579e+14
      537.577   5.1795681e+14
      537.606   5.2506764e+14
      537.634   5.2993711e+14
      537.663   5.3120544e+14
      537.692   5.3018922e+14
      537.721   5.2950855e+14
      537.750   5.2972931e+14
      537.779   5.2941402e+14
      537.808   5.2824587e+14
      537.837   5.2770032e+14
      537.866   5.2743636e+14
      537.895   5.2640330e+14
      537.924   5.2544050e+14
      537.953   5.2481070e+14
      537.982   5.2430002e+14
      538.010   5.2376938e+14
      538.039   5.2342384e+14
      538.068   5.2314866e+14
      538.097   5.2215556e+14
      538.126   5.2062867e+14
      538.155   5.1822387e+14
      538.184   5.1393569e+14
      538.213   5.0973649e+14
      538.242   5.0702445e+14
      538.271   5.0429313e+14
      538.300   5.0319564e+14
      538.329   5.0489491e+14
      538.358   5.0707407e+14
      538.387   5.0890113e+14
      538.416   5.1058472e+14
      538.445   5.1188081e+14
      538.474   5.1228519e+14
      538.503   5.1224499e+14
      538.532   5.1202856e+14
      538.561   5.1128884e+14
      538.590   5.1034842e+14
      538.619   5.1013462e+14
      538.648   5.1053898e+14
      538.677   5.1225056e+14
      538.706   5.1670686e+14
      538.735   5.2190681e+14
      538.764   5.2585690e+14
      538.793   5.2842956e+14
      538.822   5.2931519e+14
      538.851   5.2835350e+14
      538.880   5.2596200e+14
      538.909   5.2434078e+14
      538.938   5.2388874e+14
      538.967   5.2303237e+14
      538.996   5.2151383e+14
      539.025   5.2041306e+14
      539.055   5.1969567e+14
      539.084   5.1936533e+14
      539.113   5.2036221e+14
      539.142   5.2089778e+14
      539.171   5.1922656e+14
      539.200   5.1753348e+14
      539.229   5.1564199e+14
      539.258   5.1309605e+14
      539.287   5.1151097e+14
      539.316   5.1179908e+14
      539.345   5.1218499e+14
      539.374   5.1257915e+14
      539.403   5.1341046e+14
      539.432   5.1425820e+14
      539.462   5.1435192e+14
      539.491   5.1431984e+14
      539.520   5.1392919e+14
      539.549   5.1072440e+14
      539.578   5.0505006e+14
      539.607   5.0034492e+14
      539.636   4.9459877e+14
      539.665   4.8985453e+14
      539.695   4.8846080e+14
      539.724   4.9031837e+14
      539.753   4.9189899e+14
      539.782   4.9339281e+14
      539.811   4.9409324e+14
      539.840   4.9474220e+14
      539.869   4.9419796e+14
      539.898   4.9256648e+14
      539.928   4.9108525e+14
      539.957   4.8959202e+14
      539.986   4.8722338e+14
      540.015   4.8545798e+14
      540.044   4.8559546e+14
      540.073   4.8945247e+14
      540.103   4.9587760e+14
      540.132   5.0306116e+14
      540.161   5.1007416e+14
      540.190   5.1775690e+14
      540.219   5.2159760e+14
      540.249   5.1966018e+14
      540.278   5.1449296e+14
      540.307   5.0896884e+14
      540.336   5.0212211e+14
      540.365   4.9479584e+14
      540.394   4.8904669e+14
      540.424   4.8482417e+14
      540.453   4.8050501e+14
      540.482   4.7715948e+14
      540.511   4.7494833e+14
      540.541   4.7387256e+14
      540.570   4.7338635e+14
      540.599   4.7192030e+14
      540.628   4.7013292e+14
      540.657   4.6848964e+14
      540.687   4.6692872e+14
      540.716   4.6519251e+14
      540.745   4.6490438e+14
      540.774   4.6642117e+14
      540.804   4.6841274e+14
      540.833   4.6987001e+14
      540.862   4.7311636e+14
      540.891   4.7642291e+14
      540.921   4.7788721e+14
      540.950   4.8000429e+14
      540.979   4.8549055e+14
      541.008   4.9064239e+14
      541.038   4.9601371e+14
      541.067   5.0050750e+14
      541.096   5.0427178e+14
      541.126   5.0544662e+14
      541.155   5.0505419e+14
      541.184   5.0382802e+14
      541.213   5.0284966e+14
      541.243   5.0087478e+14
      541.272   4.9917131e+14
      541.301   4.9800727e+14
      541.331   4.9875704e+14
      541.360   4.9953872e+14
      541.389   4.9992252e+14
      541.419   5.0025556e+14
      541.448   5.0287191e+14
      541.477   5.0482615e+14
      541.506   5.0688686e+14
      541.536   5.0918055e+14
      541.565   5.1036111e+14
      541.594   5.0966045e+14
      541.624   5.0801999e+14
      541.653   5.0680379e+14
      541.682   5.0705724e+14
      541.712   5.0847071e+14
      541.741   5.0918257e+14
      541.771   5.1026902e+14
      541.800   5.1125102e+14
      541.829   5.1108747e+14
      541.859   5.1072023e+14
      541.888   5.1216073e+14
      541.917   5.1515644e+14
      541.947   5.1723401e+14
      541.976   5.1957546e+14
      542.005   5.2175618e+14
      542.035   5.2220797e+14
      542.064   5.2232880e+14
      542.094   5.2344388e+14
      542.123   5.2448171e+14
      542.152   5.2589633e+14
      542.182   5.2812821e+14
      542.211   5.2877336e+14
      542.241   5.2731220e+14
      542.270   5.2428284e+14
      542.299   5.2143881e+14
      542.329   5.1791014e+14
      542.358   5.1437192e+14
      542.388   5.1247537e+14
      542.417   5.1292057e+14
      542.446   5.1344778e+14
      542.476   5.1462325e+14
      542.505   5.1679200e+14
      542.535   5.1916953e+14
      542.564   5.2124862e+14
      542.594   5.2313221e+14
      542.623   5.2488121e+14
      542.652   5.2614681e+14
      542.682   5.2682075e+14
      542.711   5.2614673e+14
      542.741   5.2437797e+14
      542.770   5.2335945e+14
      542.800   5.2023493e+14
      542.829   5.1467965e+14
      542.859   5.1079460e+14
      542.888   5.0896887e+14
      542.918   5.0675304e+14
      542.947   5.0618424e+14
      542.977   5.0770201e+14
      543.006   5.0759790e+14
      543.036   5.0676484e+14
      543.065   5.0527179e+14
      543.095   5.0330648e+14
      543.124   5.0083160e+14
      543.154   4.9822872e+14
      543.183   4.9545238e+14
      543.213   4.9283802e+14
      543.242   4.9074483e+14
      543.272   4.8768131e+14
      543.301   4.8334756e+14
      543.331   4.8355202e+14
      543.360   4.8703545e+14
      543.390   4.9145304e+14
      543.419   4.9754719e+14
      543.449   5.0481657e+14
      543.478   5.0618971e+14
      543.508   5.0441173e+14
      543.537   5.0190477e+14
      543.567   4.9863777e+14
      543.596   4.9694574e+14
      543.626   4.9664473e+14
      543.656   4.9752065e+14
      543.685   4.9898690e+14
      543.715   5.0174897e+14
      543.744   5.0380414e+14
      543.774   5.0480101e+14
      543.803   5.0711937e+14
      543.833   5.1104606e+14
      543.863   5.1539756e+14
      543.892   5.2005530e+14
      543.922   5.2522918e+14
      543.951   5.2817910e+14
      543.981   5.2894496e+14
      544.010   5.3047400e+14
      544.040   5.3229444e+14
      544.070   5.3553944e+14
      544.099   5.3927959e+14
      544.129   5.4298010e+14
      544.158   5.4530198e+14
      544.188   5.4718949e+14
      544.218   5.4784707e+14
      544.247   5.4793385e+14
      544.277   5.4793933e+14
      544.307   5.4762155e+14
      544.336   5.4595718e+14
      544.366   5.4251782e+14
      544.395   5.3977863e+14
      544.425   5.3707027e+14
      544.455   5.3416703e+14
      544.484   5.3218627e+14
      544.514   5.2917275e+14
      544.544   5.2192618e+14
      544.573   5.1500410e+14
      544.603   5.0889652e+14
      544.633   5.0319403e+14
      544.662   4.9999895e+14
      544.692   4.9988666e+14
      544.722   4.9959059e+14
      544.751   4.9885479e+14
      544.781   4.9811984e+14
      544.811   4.9752188e+14
      544.840   4.9698064e+14
      544.870   4.9836035e+14
      544.900   5.0105422e+14
      544.929   5.0395866e+14
      544.959   5.0715240e+14
      544.989   5.1019292e+14
      545.019   5.1121698e+14
      545.048   5.1485521e+14
      545.078   5.2092340e+14
      545.108   5.2781823e+14
      545.137   5.3545661e+14
      545.167   5.4269879e+14
      545.197   5.4642035e+14
      545.227   5.4787224e+14
      545.256   5.4873861e+14
      545.286   5.4957043e+14
      545.316   5.5054779e+14
      545.345   5.5051941e+14
      545.375   5.4716715e+14
      545.405   5.3857836e+14
      545.435   5.2921695e+14
      545.464   5.2015016e+14
      545.494   5.1101470e+14
      545.524   5.0496786e+14
      545.554   5.0418266e+14
      545.583   5.0422598e+14
      545.613   5.0428664e+14
      545.643   5.0527586e+14
      545.673   5.0629534e+14
      545.703   5.0756497e+14
      545.732   5.0875687e+14
      545.762   5.0985917e+14
      545.792   5.1081592e+14
      545.822   5.1175905e+14
      545.852   5.1192183e+14
      545.881   5.1097616e+14
      545.911   5.1368941e+14
      545.941   5.2009406e+14
      545.971   5.2708217e+14
      546.001   5.3542061e+14
      546.030   5.4557335e+14
      546.060   5.5204986e+14
      546.090   5.5430986e+14
      546.120   5.5440351e+14
      546.150   5.5059296e+14
      546.179   5.4421822e+14
      546.209   5.3853950e+14
      546.239   5.3312974e+14
      546.269   5.2793650e+14
      546.299   5.2564159e+14
      546.329   5.2516160e+14
      546.359   5.2380420e+14
      546.388   5.2259968e+14
      546.418   5.2217178e+14
      546.448   5.2177128e+14
      546.478   5.1998422e+14
      546.508   5.1799325e+14
      546.538   5.1567201e+14
      546.568   5.1305323e+14
      546.597   5.1063966e+14
      546.627   5.0866431e+14
      546.657   5.0798217e+14
      546.687   5.1101276e+14
      546.717   5.1557946e+14
      546.747   5.1993204e+14
      546.777   5.2558698e+14
      546.807   5.3095912e+14
      546.837   5.3297035e+14
      546.866   5.3326026e+14
      546.896   5.3335556e+14
      546.926   5.3235782e+14
      546.956   5.3061371e+14
      546.986   5.3014443e+14
      547.016   5.3090050e+14
      547.046   5.3286574e+14
      547.076   5.3604573e+14
      547.106   5.3901127e+14
      547.136   5.4093313e+14
      547.166   5.4220791e+14
      547.196   5.4235884e+14
      547.226   5.4078797e+14
      547.255   5.3853820e+14
      547.285   5.3738847e+14
      547.315   5.3594932e+14
      547.345   5.3380730e+14
      547.375   5.3327445e+14
      547.405   5.3390998e+14
      547.435   5.3428098e+14
      547.465   5.3313893e+14
      547.495   5.2936442e+14
      547.525   5.2254371e+14
      547.555   5.1403792e+14
      547.585   5.0544305e+14
      547.615   4.9841859e+14
      547.645   4.9537181e+14
      547.675   4.9503223e+14
      547.705   4.9559428e+14
      547.735   4.9641558e+14
      547.765   4.9912875e+14
      547.795   5.0193318e+14
      547.825   5.0453661e+14
      547.855   5.0834831e+14
      547.885   5.1177709e+14
      547.915   5.1248094e+14
      547.945   5.0980011e+14
      547.975   5.0525131e+14
      548.005   5.0071860e+14
      548.035   4.9904094e+14
      548.065   5.0137220e+14
      548.095   5.0761359e+14
      548.125   5.1622331e+14
      548.155   5.2281672e+14
      548.186   5.2658294e+14
      548.216   5.2823462e+14
      548.246   5.2920748e+14
      548.276   5.2975539e+14
      548.306   5.3106522e+14
      548.336   5.3217362e+14
      548.366   5.3220277e+14
      548.396   5.3116894e+14
      548.426   5.2945863e+14
      548.456   5.2916726e+14
      548.486   5.3082539e+14
      548.516   5.3427858e+14
      548.546   5.3839218e+14
      548.576   5.4235709e+14
      548.607   5.4393167e+14
      548.637   5.4114138e+14
      548.667   5.3754694e+14
      548.697   5.3471735e+14
      548.727   5.3163049e+14
      548.757   5.2789686e+14
      548.787   5.2704161e+14
      548.817   5.2532152e+14
      548.847   5.2224445e+14
      548.878   5.1934218e+14
      548.908   5.1810497e+14
      548.938   5.1675701e+14
      548.968   5.1539789e+14
      548.998   5.1461070e+14
      549.028   5.1354152e+14
      549.058   5.1227317e+14
      549.089   5.1108303e+14
      549.119   5.1021530e+14
      549.149   5.1165309e+14
      549.179   5.1520061e+14
      549.209   5.1776143e+14
      549.239   5.1773445e+14
      549.269   5.1882454e+14
      549.300   5.1820120e+14
      549.330   5.1630196e+14
      549.360   5.1578250e+14
      549.390   5.1823633e+14
      549.420   5.1978035e+14
      549.451   5.2137256e+14
      549.481   5.2330149e+14
      549.511   5.2398291e+14
      549.541   5.2480282e+14
      549.571   5.2439427e+14
      549.602   5.2046167e+14
      549.632   5.1746294e+14
      549.662   5.1571464e+14
      549.692   5.1317470e+14
      549.722   5.1143978e+14
      549.753   5.1498631e+14
      549.783   5.1890322e+14
      549.813   5.2367303e+14
      549.843   5.2934027e+14
      549.874   5.3528867e+14
      549.904   5.3930711e+14
      549.934   5.4212730e+14
      549.964   5.4262197e+14
      549.995   5.3853805e+14
      550.025   5.3521694e+14
      550.055   5.3146062e+14
      550.085   5.2602021e+14
      550.116   5.2513318e+14
      550.146   5.2921099e+14
      550.176   5.3178252e+14
      550.206   5.3464239e+14
      550.237   5.3900495e+14
      550.267   5.4001501e+14
      550.297   5.3980894e+14
      550.327   5.3925382e+14
      550.358   5.3780182e+14
      550.388   5.3683918e+14
      550.418   5.3501746e+14
      550.449   5.3175262e+14
      550.479   5.2710365e+14
      550.509   5.2474612e+14
      550.540   5.2136657e+14
      550.570   5.1977076e+14
      550.600   5.2025087e+14
      550.630   5.2298479e+14
      550.661   5.2471917e+14
      550.691   5.2729553e+14
      550.721   5.2842774e+14
      550.752   5.2918671e+14
      550.782   5.2965086e+14
      550.812   5.2890609e+14
      550.843   5.2716660e+14
      550.873   5.2722026e+14
      550.904   5.2641790e+14
      550.934   5.2508197e+14
      550.964   5.2592322e+14
      550.995   5.2782799e+14
      551.025   5.2864739e+14
      551.055   5.3141429e+14
      551.086   5.3280082e+14
      551.116   5.3241371e+14
      551.146   5.2998153e+14
      551.177   5.2683696e+14
      551.207   5.2220918e+14
      551.238   5.1959940e+14
      551.268   5.1636678e+14
      551.298   5.1289225e+14
      551.329   5.1066176e+14
      551.359   5.0968198e+14
      551.390   5.0861143e+14
      551.420   5.0821433e+14
      551.450   5.1033527e+14
      551.481   5.1165498e+14
      551.511   5.1083593e+14
      551.542   5.0918760e+14
      551.572   5.0751866e+14
      551.602   5.0737406e+14
      551.633   5.0797190e+14
      551.663   5.1116013e+14
      551.694   5.1658533e+14
      551.724   5.2305746e+14
      551.755   5.2742567e+14
      551.785   5.3084055e+14
      551.815   5.3441703e+14
      551.846   5.3714193e+14
      551.876   5.3921040e+14
      551.907   5.4122733e+14
      551.937   5.4299347e+14
      551.968   5.4163457e+14
      551.998   5.3922126e+14
      552.029   5.3792034e+14
      552.059   5.3757444e+14
      552.090   5.3664018e+14
      552.120   5.3748927e+14
      552.151   5.3830614e+14
      552.181   5.3833820e+14
      552.212   5.3817656e+14
      552.242   5.3895371e+14
      552.273   5.3857245e+14
      552.303   5.3813179e+14
      552.334   5.3672164e+14
      552.364   5.3493220e+14
      552.395   5.3189760e+14
      552.425   5.2978223e+14
      552.456   5.2767315e+14
      552.486   5.2734305e+14
      552.517   5.2651872e+14
      552.547   5.2685605e+14
      552.578   5.2499117e+14
      552.608   5.2484161e+14
      552.639   5.2351335e+14
      552.669   5.2008334e+14
      552.700   5.1454752e+14
      552.731   5.1134016e+14
      552.761   5.0659540e+14
      552.792   5.0280839e+14
      552.822   5.0139683e+14
      552.853   5.0306987e+14
      552.883   5.0374848e+14
      552.914   5.0530494e+14
      552.944   5.0716401e+14
      552.975   5.0944181e+14
      553.006   5.1005783e+14
      553.036   5.1172821e+14
      553.067   5.1275096e+14
      553.097   5.1389533e+14
      553.128   5.1307205e+14
      553.159   5.1313701e+14
      553.189   5.1343503e+14
      553.220   5.1700920e+14
      553.250   5.2113723e+14
      553.281   5.2765648e+14
      553.312   5.3285331e+14
      553.342   5.3519155e+14
      553.373   5.3343023e+14
      553.403   5.2929410e+14
      553.434   5.2598308e+14
      553.465   5.2398693e+14
      553.495   5.2344685e+14
      553.526   5.2314182e+14
      553.557   5.2421896e+14
      553.587   5.2355060e+14
      553.618   5.2108829e+14
      553.649   5.2152998e+14
      553.679   5.2317223e+14
      553.710   5.2436117e+14
      553.740   5.2581966e+14
      553.771   5.2802928e+14
      553.802   5.2696034e+14
      553.833   5.2434387e+14
      553.863   5.2323461e+14
      553.894   5.2342565e+14
      553.925   5.2619344e+14
      553.955   5.2989209e+14
      553.986   5.3446500e+14
      554.017   5.3761317e+14
      554.047   5.3999363e+14
      554.078   5.4091928e+14
      554.109   5.4137082e+14
      554.139   5.4201103e+14
      554.170   5.4118770e+14
      554.201   5.4042279e+14
      554.232   5.3819578e+14
      554.262   5.3604292e+14
      554.293   5.3391026e+14
      554.324   5.3333451e+14
      554.354   5.3329642e+14
      554.385   5.3517671e+14
      554.416   5.3726650e+14
      554.447   5.3870061e+14
      554.477   5.3945832e+14
      554.508   5.3822668e+14
      554.539   5.3613507e+14
      554.570   5.3448431e+14
      554.600   5.3325121e+14
      554.631   5.3201614e+14
      554.662   5.3158516e+14
      554.693   5.3283521e+14
      554.723   5.3353434e+14
      554.754   5.3547173e+14
      554.785   5.3765778e+14
      554.816   5.3961515e+14
      554.847   5.4009502e+14
      554.877   5.4070531e+14
      554.908   5.4026342e+14
      554.939   5.3986898e+14
      554.970   5.3993824e+14
      555.001   5.3970854e+14
      555.031   5.3930739e+14
      555.062   5.3985167e+14
      555.093   5.4085992e+14
      555.124   5.4183192e+14
      555.155   5.4293816e+14
      555.185   5.4253700e+14
      555.216   5.4014944e+14
      555.247   5.3813900e+14
      555.278   5.3625692e+14
      555.309   5.3401401e+14
      555.340   5.3124241e+14
      555.370   5.2970252e+14
      555.401   5.2859963e+14
      555.432   5.2745750e+14
      555.463   5.2639350e+14
      555.494   5.2777358e+14
      555.525   5.2848266e+14
      555.556   5.2889250e+14
      555.586   5.2969578e+14
      555.617   5.3046097e+14
      555.648   5.2901073e+14
      555.679   5.2815620e+14
      555.710   5.2729881e+14
      555.741   5.2800528e+14
      555.772   5.2992047e+14
      555.803   5.3324900e+14
      555.833   5.3460696e+14
      555.864   5.3584288e+14
      555.895   5.3772260e+14
      555.926   5.3961376e+14
      555.957   5.4191087e+14
      555.988   5.4638035e+14
      556.019   5.4974465e+14
      556.050   5.4853234e+14
      556.081   5.4670120e+14
      556.112   5.4282332e+14
      556.143   5.3857543e+14
      556.174   5.3612464e+14
      556.204   5.3276814e+14
      556.235   5.2942905e+14
      556.266   5.2890685e+14
      556.297   5.2808771e+14
      556.328   5.2589890e+14
      556.359   5.2605427e+14
      556.390   5.2630481e+14
      556.421   5.2415478e+14
      556.452   5.2291492e+14
      556.483   5.2187380e+14
      556.514   5.2123604e+14
      556.545   5.1901796e+14
      556.576   5.1779435e+14
      556.607   5.1596813e+14
      556.638   5.1562695e+14
      556.669   5.1566406e+14
      556.700   5.1558905e+14
      556.731   5.1877649e+14
      556.762   5.2246597e+14
      556.793   5.2184196e+14
      556.824   5.2033752e+14
      556.855   5.2063842e+14
      556.886   5.1810772e+14
      556.917   5.1450289e+14
      556.948   5.1610171e+14
      556.979   5.1909706e+14
      557.010   5.2150110e+14
      557.041   5.2398952e+14
      557.072   5.2511803e+14
      557.103   5.2427779e+14
      557.134   5.1905624e+14
      557.165   5.1481594e+14
      557.196   5.1177857e+14
      557.227   5.1012385e+14
      557.258   5.0665944e+14
      557.289   5.0678579e+14
      557.320   5.0780159e+14
      557.351   5.0883715e+14
      557.383   5.1077446e+14
      557.414   5.1280368e+14
      557.445   5.1228772e+14
      557.476   5.1055089e+14
      557.507   5.0805046e+14
      557.538   5.0437362e+14
      557.569   5.0156933e+14
      557.600   5.0119298e+14
      557.631   4.9952519e+14
      557.662   5.0154907e+14
      557.693   5.0550761e+14
      557.724   5.0879270e+14
      557.756   5.1221668e+14
      557.787   5.1712560e+14
      557.818   5.1752780e+14
      557.849   5.1591365e+14
      557.880   5.1652365e+14
      557.911   5.1718992e+14
      557.942   5.1660909e+14
      557.973   5.1914063e+14
      558.005   5.2211723e+14
      558.036   5.2081458e+14
      558.067   5.2114412e+14
      558.098   5.2320161e+14
      558.129   5.2277546e+14
      558.160   5.2221992e+14
      558.191   5.2426380e+14
      558.223   5.2414210e+14
      558.254   5.2331964e+14
      558.285   5.2219906e+14
      558.316   5.2031111e+14
      558.347   5.1950798e+14
      558.378   5.2011305e+14
      558.410   5.1982795e+14
      558.441   5.1996643e+14
      558.472   5.1997838e+14
      558.503   5.1564352e+14
      558.534   5.0856373e+14
      558.566   5.0639381e+14
      558.597   5.0369128e+14
      558.628   5.0078315e+14
      558.659   5.0159558e+14
      558.690   5.0368510e+14
      558.722   4.9770013e+14
      558.753   4.9291475e+14
      558.784   4.8992358e+14
      558.815   4.8696022e+14
      558.847   4.8389614e+14
      558.878   4.8538886e+14
      558.909   4.8612201e+14
      558.940   4.8747710e+14
      558.971   4.8834551e+14
      559.003   4.8823838e+14
      559.034   4.8992316e+14
      559.065   4.9365710e+14
      559.096   4.9507780e+14
      559.128   5.0004339e+14
      559.159   5.0369406e+14
      559.190   5.0576865e+14
      559.222   5.0749528e+14
      559.253   5.1165095e+14
      559.284   5.1328427e+14
      559.315   5.1263978e+14
      559.347   5.1163572e+14
      559.378   5.1217381e+14
      559.409   5.1105606e+14
      559.441   5.1149931e+14
      559.472   5.1311910e+14
      559.503   5.1512210e+14
      559.534   5.1564649e+14
      559.566   5.1609573e+14
      559.597   5.1834435e+14
      559.628   5.2128343e+14
      559.660   5.2240931e+14
      559.691   5.2089137e+14
      559.722   5.1865756e+14
      559.754   5.1552831e+14
      559.785   5.1217508e+14
      559.816   5.1242050e+14
      559.848   5.1593352e+14
      559.879   5.1967424e+14
      559.910   5.2259790e+14
      559.942   5.2475055e+14
      559.973   5.2338137e+14
      560.004   5.2105630e+14
      560.036   5.1893769e+14
      560.067   5.1677848e+14
      560.099   5.1328899e+14
      560.130   5.0733647e+14
      560.161   5.0099974e+14
      560.193   4.9633274e+14
      560.224   4.9420264e+14
      560.255   4.9369132e+14
      560.287   4.9674331e+14
      560.318   5.0059312e+14
      560.350   5.0303370e+14
      560.381   5.0398129e+14
      560.412   5.0497125e+14
      560.444   5.0593688e+14
      560.475   5.0725720e+14
      560.507   5.0976946e+14
      560.538   5.1142876e+14
      560.570   5.1254454e+14
      560.601   5.1362562e+14
      560.632   5.1559590e+14
      560.664   5.1948666e+14
      560.695   5.2382858e+14
      560.727   5.2803079e+14
      560.758   5.3216477e+14
      560.790   5.3494783e+14
      560.821   5.3438733e+14
      560.852   5.3327342e+14
      560.884   5.3245675e+14
      560.915   5.3174923e+14
      560.947   5.3107925e+14
      560.978   5.3036874e+14
      561.010   5.2957715e+14
      561.041   5.2886075e+14
      561.073   5.2825255e+14
      561.104   5.2904160e+14
      561.136   5.3035434e+14
      561.167   5.3175382e+14
      561.199   5.3305554e+14
      561.230   5.3435644e+14
      561.262   5.3571783e+14
      561.293   5.3696817e+14
      561.325   5.3732945e+14
      561.356   5.3585564e+14
      561.388   5.3149141e+14
      561.419   5.2465544e+14
      561.451   5.1727131e+14
      561.482   5.1060903e+14
      561.514   5.0557803e+14
      561.545   5.0248773e+14
      561.577   5.0131770e+14
      561.608   5.0068374e+14
      561.640   5.0022601e+14
      561.672   4.9979362e+14
      561.703   4.9917362e+14
      561.735   4.9849225e+14
      561.766   4.9708308e+14
      561.798   4.9497885e+14
      561.829   4.9284805e+14
      561.861   4.9241229e+14
      561.892   4.9379163e+14
      561.924   4.9872234e+14
      561.956   5.0644304e+14
      561.987   5.1369128e+14
      562.019   5.1955194e+14
      562.050   5.2431734e+14
      562.082   5.2727878e+14
      562.114   5.2753527e+14
      562.145   5.2805963e+14
      562.177   5.2917933e+14
      562.208   5.3028124e+14
      562.240   5.3055486e+14
      562.272   5.2998210e+14
      562.303   5.2847136e+14
      562.335   5.2680570e+14
      562.366   5.2488693e+14
      562.398   5.2309910e+14
      562.430   5.2235021e+14
      562.461   5.2251776e+14
      562.493   5.2328093e+14
      562.525   5.2535541e+14
      562.556   5.2778323e+14
      562.588   5.2938230e+14
      562.620   5.3073519e+14
      562.651   5.3164538e+14
      562.683   5.3088811e+14
      562.715   5.2896078e+14
      562.746   5.2742324e+14
      562.778   5.2698861e+14
      562.810   5.2778360e+14
      562.841   5.3090693e+14
      562.873   5.3530674e+14
      562.905   5.3999610e+14
      562.936   5.4403031e+14
      562.968   5.4703719e+14
      563.000   5.4796113e+14
      563.031   5.4804231e+14
      563.063   5.4769931e+14
      563.095   5.4731374e+14
      563.127   5.4708122e+14
      563.158   5.4665492e+14
      563.190   5.4621248e+14
      563.222   5.4564522e+14
      563.253   5.4460061e+14
      563.285   5.4313706e+14
      563.317   5.4203929e+14
      563.349   5.4105474e+14
      563.380   5.4012586e+14
      563.412   5.3915248e+14
      563.444   5.3808532e+14
      563.475   5.3677883e+14
      563.507   5.3508172e+14
      563.539   5.3306660e+14
      563.571   5.3130654e+14
      563.603   5.2981878e+14
      563.634   5.2839223e+14
      563.666   5.2635073e+14
      563.698   5.2454453e+14
      563.730   5.2319788e+14
      563.761   5.2229288e+14
      563.793   5.2209555e+14
      563.825   5.2319244e+14
      563.857   5.2446546e+14
      563.889   5.2507438e+14
      563.920   5.2506353e+14
      563.952   5.2431544e+14
      563.984   5.2207944e+14
      564.016   5.1934627e+14
      564.048   5.1755266e+14
      564.079   5.1648498e+14
      564.111   5.1555441e+14
      564.143   5.1551551e+14
      564.175   5.1642809e+14
      564.207   5.1775262e+14
      564.239   5.1785308e+14
      564.270   5.1787303e+14
      564.302   5.1879728e+14
      564.334   5.1928981e+14
      564.366   5.1862605e+14
      564.398   5.1834005e+14
      564.430   5.1836376e+14
      564.462   5.1814594e+14
      564.493   5.1885930e+14
      564.525   5.2108852e+14
      564.557   5.2386366e+14
      564.589   5.2650545e+14
      564.621   5.2895145e+14
      564.653   5.3062459e+14
      564.685   5.3092754e+14
      564.716   5.3081458e+14
      564.748   5.3127968e+14
      564.780   5.3247843e+14
      564.812   5.3298349e+14
      564.844   5.3245351e+14
      564.876   5.3156223e+14
      564.908   5.2984056e+14
      564.940   5.2747578e+14
      564.972   5.2559147e+14
      565.004   5.2459447e+14
      565.036   5.2364557e+14
      565.068   5.2255723e+14
      565.099   5.2143654e+14
      565.131   5.2104495e+14
      565.163   5.2079851e+14
      565.195   5.2083649e+14
      565.227   5.2106518e+14
      565.259   5.2100354e+14
      565.291   5.2073713e+14
      565.323   5.2007498e+14
      565.355   5.1908829e+14
      565.387   5.1758066e+14
      565.419   5.1620657e+14
      565.451   5.1566355e+14
      565.483   5.1608277e+14
      565.515   5.1723088e+14
      565.547   5.1935277e+14
      565.579   5.2194761e+14
      565.611   5.2370564e+14
      565.643   5.2426203e+14
      565.675   5.2271682e+14
      565.707   5.1771680e+14
      565.739   5.1057161e+14
      565.771   5.0365628e+14
      565.803   4.9678575e+14
      565.835   4.9166352e+14
      565.867   4.9083379e+14
      565.899   4.9229172e+14
      565.931   4.9377834e+14
      565.963   4.9583776e+14
      565.995   4.9800856e+14
      566.027   4.9896283e+14
      566.059   4.9869466e+14
      566.091   4.9640302e+14
      566.123   4.9235828e+14
      566.155   4.8772883e+14
      566.187   4.8433589e+14
      566.219   4.8433186e+14
      566.251   4.8912564e+14
      566.283   4.9645159e+14
      566.316   5.0437220e+14
      566.348   5.1191087e+14
      566.380   5.1628811e+14
      566.412   5.1779149e+14
      566.444   5.1956311e+14
      566.476   5.2148044e+14
      566.508   5.2220290e+14
      566.540   5.2250051e+14
      566.572   5.2237885e+14
      566.604   5.2123881e+14
      566.636   5.2066061e+14
      566.669   5.2158672e+14
      566.701   5.2335648e+14
      566.733   5.2519205e+14
      566.765   5.2656276e+14
      566.797   5.2597329e+14
      566.829   5.2378283e+14
      566.861   5.2144659e+14
      566.893   5.1963522e+14
      566.926   5.1840395e+14
      566.958   5.1783095e+14
      566.990   5.1775451e+14
      567.022   5.1798642e+14
      567.054   5.1860379e+14
      567.086   5.1926682e+14
      567.118   5.2050667e+14
      567.151   5.2332943e+14
      567.183   5.2628578e+14
      567.215   5.2863424e+14
      567.247   5.3075162e+14
      567.279   5.3220949e+14
      567.312   5.3316584e+14
      567.344   5.3466118e+14
      567.376   5.3578530e+14
      567.408   5.3602123e+14
      567.440   5.3639427e+14
      567.472   5.3668166e+14
      567.505   5.3605289e+14
      567.537   5.3594882e+14
      567.569   5.3690481e+14
      567.601   5.3739235e+14
      567.633   5.3730545e+14
      567.666   5.3738817e+14
      567.698   5.3720409e+14
      567.730   5.3586817e+14
      567.762   5.3404336e+14
      567.795   5.3270226e+14
      567.827   5.3148023e+14
      567.859   5.2982352e+14
      567.891   5.2924153e+14
      567.924   5.3049886e+14
      567.956   5.3185259e+14
      567.988   5.3288912e+14
      568.020   5.3436045e+14
      568.053   5.3480325e+14
      568.085   5.3253689e+14
      568.117   5.2924913e+14
      568.150   5.2621653e+14
      568.182   5.2341716e+14
      568.214   5.2124110e+14
      568.246   5.2074696e+14
      568.279   5.2070570e+14
      568.311   5.2005406e+14
      568.343   5.1950540e+14
      568.376   5.1954129e+14
      568.408   5.1992827e+14
      568.440   5.2034959e+14
      568.473   5.2025101e+14
      568.505   5.1905247e+14
      568.537   5.1701227e+14
      568.569   5.1492034e+14
      568.602   5.1431473e+14
      568.634   5.1529697e+14
      568.666   5.1625648e+14
      568.699   5.1678743e+14
      568.731   5.1645865e+14
      568.763   5.1448906e+14
      568.796   5.1264619e+14
      568.828   5.1251750e+14
      568.861   5.1309999e+14
      568.893   5.1363864e+14
      568.925   5.1428619e+14
      568.958   5.1400097e+14
      568.990   5.1286115e+14
      569.022   5.1241726e+14
      569.055   5.1332070e+14
      569.087   5.1442100e+14
      569.120   5.1485189e+14
      569.152   5.1519020e+14
      569.184   5.1635384e+14
      569.217   5.1786811e+14
      569.249   5.2011818e+14
      569.282   5.2365620e+14
      569.314   5.2732845e+14
      569.346   5.2903479e+14
      569.379   5.2911412e+14
      569.411   5.2858767e+14
      569.444   5.2761482e+14
      569.476   5.2664098e+14
      569.508   5.2688266e+14
      569.541   5.2819478e+14
      569.573   5.2942295e+14
      569.606   5.3049737e+14
      569.638   5.3181759e+14
      569.671   5.3196879e+14
      569.703   5.3088289e+14
      569.736   5.2988674e+14
      569.768   5.2897270e+14
      569.801   5.2783576e+14
      569.833   5.2733457e+14
      569.866   5.2750281e+14
      569.898   5.2787372e+14
      569.930   5.2848287e+14
      569.963   5.2886059e+14
      569.995   5.2762758e+14
      570.028   5.2504086e+14
      570.060   5.2226352e+14
      570.093   5.1885532e+14
      570.125   5.1560372e+14
      570.158   5.1382800e+14
      570.190   5.1387113e+14
      570.223   5.1450364e+14
      570.255   5.1591335e+14
      570.288   5.1757389e+14
      570.321   5.1918575e+14
      570.353   5.2018825e+14
      570.386   5.2029001e+14
      570.418   5.1900395e+14
      570.451   5.1699192e+14
      570.483   5.1489271e+14
      570.516   5.1422734e+14
      570.548   5.1481619e+14
      570.581   5.1647750e+14
      570.613   5.1932734e+14
      570.646   5.2180208e+14
      570.679   5.2153632e+14
      570.711   5.1999384e+14
      570.744   5.1857282e+14
      570.776   5.1449559e+14
      570.809   5.0885554e+14
      570.841   5.0511067e+14
      570.874   5.0155020e+14
      570.907   4.9762139e+14
      570.939   4.9566882e+14
      570.972   4.9571464e+14
      571.004   4.9527671e+14
      571.037   4.9357188e+14
      571.070   4.9175476e+14
      571.102   4.9073015e+14
      571.135   4.8967749e+14
      571.167   4.8885384e+14
      571.200   4.9069961e+14
      571.233   4.9356644e+14
      571.265   4.9537442e+14
      571.298   4.9930024e+14
      571.331   5.0420448e+14
      571.363   5.0715528e+14
      571.396   5.0932205e+14
      571.429   5.1178532e+14
      571.461   5.1346254e+14
      571.494   5.1466043e+14
      571.527   5.1695746e+14
      571.559   5.2097473e+14
      571.592   5.2608381e+14
      571.625   5.2939208e+14
      571.657   5.3107373e+14
      571.690   5.3233345e+14
      571.723   5.3186639e+14
      571.755   5.3045126e+14
      571.788   5.2959252e+14
      571.821   5.2919997e+14
      571.853   5.2950323e+14
      571.886   5.3069701e+14
      571.919   5.3168941e+14
      571.952   5.3237672e+14
      571.984   5.3340003e+14
      572.017   5.3339351e+14
      572.050   5.3239910e+14
      572.082   5.3155341e+14
      572.115   5.3087854e+14
      572.148   5.3109077e+14
      572.181   5.3265109e+14
      572.213   5.3463988e+14
      572.246   5.3676231e+14
      572.279   5.3904060e+14
      572.312   5.4039434e+14
      572.344   5.4086547e+14
      572.377   5.4102646e+14
      572.410   5.4099717e+14
      572.443   5.4145506e+14
      572.475   5.4231541e+14
      572.508   5.4318841e+14
      572.541   5.4398656e+14
      572.574   5.4463196e+14
      572.607   5.4496043e+14
      572.639   5.4494483e+14
      572.672   5.4490427e+14
      572.705   5.4490985e+14
      572.738   5.4505665e+14
      572.770   5.4501515e+14
      572.803   5.4506970e+14
      572.836   5.4512428e+14
      572.869   5.4520776e+14
      572.902   5.4535457e+14
      572.935   5.4550726e+14
      572.967   5.4537914e+14
      573.000   5.4434334e+14
      573.033   5.4238124e+14
      573.066   5.4092666e+14
      573.099   5.3959595e+14
      573.132   5.3835172e+14
      573.164   5.3794890e+14
      573.197   5.3854259e+14
      573.230   5.3866304e+14
      573.263   5.3875752e+14
      573.296   5.3896172e+14
      573.329   5.3919762e+14
      573.362   5.3938453e+14
      573.394   5.3953298e+14
      573.427   5.3959288e+14
      573.460   5.3948827e+14
      573.493   5.3897648e+14
      573.526   5.3877937e+14
      573.559   5.3909336e+14
      573.592   5.3982025e+14
      573.625   5.4098627e+14
      573.658   5.4281665e+14
      573.691   5.4412726e+14
      573.724   5.4452829e+14
      573.756   5.4444599e+14
      573.789   5.4394868e+14
      573.822   5.4280130e+14
      573.855   5.4157284e+14
      573.888   5.4087881e+14
      573.921   5.4025694e+14
      573.954   5.3967536e+14
      573.987   5.3926431e+14
      574.020   5.3893117e+14
      574.053   5.3854015e+14
      574.086   5.3860581e+14
      574.119   5.3868301e+14
      574.152   5.3867347e+14
      574.185   5.3882297e+14
      574.218   5.3908232e+14
      574.251   5.3931272e+14
      574.284   5.3974558e+14
      574.317   5.4061511e+14
      574.350   5.4222489e+14
      574.383   5.4399683e+14
      574.416   5.4536992e+14
      574.449   5.4658979e+14
      574.482   5.4767686e+14
      574.515   5.4812482e+14
      574.548   5.4871161e+14
      574.581   5.4899480e+14
      574.614   5.4779400e+14
      574.647   5.4572796e+14
      574.680   5.4402052e+14
      574.713   5.4204089e+14
      574.746   5.4043134e+14
      574.779   5.4010647e+14
      574.812   5.4055996e+14
      574.845   5.4082828e+14
      574.878   5.4093457e+14
      574.911   5.4095405e+14
      574.944   5.4112399e+14
      574.977   5.4126214e+14
      575.010   5.4127008e+14
      575.043   5.4072219e+14
      575.076   5.3938088e+14
      575.109   5.3846510e+14
      575.142   5.3794297e+14
      575.175   5.3574415e+14
      575.208   5.3351038e+14
      575.242   5.3174060e+14
      575.275   5.2919356e+14
      575.308   5.2568457e+14
      575.341   5.2306737e+14
      575.374   5.2088433e+14
      575.407   5.1875027e+14
      575.440   5.1714323e+14
      575.473   5.1626322e+14
      575.506   5.1580896e+14
      575.540   5.1531496e+14
      575.573   5.1575894e+14
      575.606   5.1644054e+14
      575.639   5.1668169e+14
      575.672   5.1807346e+14
      575.705   5.2131748e+14
      575.738   5.2509797e+14
      575.771   5.2889348e+14
      575.805   5.3357445e+14
      575.838   5.3821160e+14
      575.871   5.4112417e+14
      575.904   5.4244542e+14
      575.937   5.4305646e+14
      575.971   5.4313198e+14
      576.004   5.4187854e+14
      576.037   5.4046244e+14
      576.070   5.3891284e+14
      576.103   5.3664669e+14
      576.136   5.3322291e+14
      576.170   5.2885985e+14
      576.203   5.2521194e+14
      576.236   5.2221336e+14
      576.269   5.2024432e+14
      576.302   5.1979256e+14
      576.336   5.2078942e+14
      576.369   5.2111526e+14
      576.402   5.2158324e+14
      576.435   5.2290454e+14
      576.469   5.2446774e+14
      576.502   5.2622760e+14
      576.535   5.2837653e+14
      576.568   5.3009907e+14
      576.602   5.3137857e+14
      576.635   5.3242796e+14
      576.668   5.3490003e+14
      576.701   5.3819978e+14
      576.735   5.4160834e+14
      576.768   5.4427592e+14
      576.801   5.4576481e+14
      576.834   5.4496836e+14
      576.868   5.4327253e+14
      576.901   5.4168588e+14
      576.934   5.4046509e+14
      576.967   5.4002541e+14
      577.001   5.4004269e+14
      577.034   5.3955940e+14
      577.067   5.3829744e+14
      577.101   5.3712630e+14
      577.134   5.3615164e+14
      577.167   5.3542099e+14
      577.201   5.3505152e+14
      577.234   5.3531747e+14
      577.267   5.3508362e+14
      577.301   5.3493778e+14
      577.334   5.3495669e+14
      577.367   5.3458321e+14
      577.401   5.3480655e+14
      577.434   5.3544758e+14
      577.467   5.3568451e+14
      577.501   5.3564624e+14
      577.534   5.3593561e+14
      577.567   5.3629188e+14
      577.601   5.3700679e+14
      577.634   5.3794471e+14
      577.667   5.3863560e+14
      577.701   5.3898136e+14
      577.734   5.3873001e+14
      577.768   5.3834867e+14
      577.801   5.3818744e+14
      577.834   5.3798537e+14
      577.868   5.3885485e+14
      577.901   5.3926093e+14
      577.934   5.3862250e+14
      577.968   5.3772599e+14
      578.001   5.3707860e+14
      578.035   5.3493344e+14
      578.068   5.3237385e+14
      578.102   5.3089174e+14
      578.135   5.2910292e+14
      578.168   5.2648147e+14
      578.202   5.2496090e+14
      578.235   5.2403013e+14
      578.269   5.2297793e+14
      578.302   5.2195966e+14
      578.336   5.2051413e+14
      578.369   5.1739627e+14
      578.402   5.1418477e+14
      578.436   5.1124462e+14
      578.469   5.0951480e+14
      578.503   5.0921849e+14
      578.536   5.1041256e+14
      578.570   5.1316892e+14
      578.603   5.1586930e+14
      578.637   5.1701823e+14
      578.670   5.1807600e+14
      578.704   5.1939707e+14
      578.737   5.2026583e+14
      578.771   5.2125496e+14
      578.804   5.2284657e+14
      578.838   5.2451205e+14
      578.871   5.2674214e+14
      578.905   5.2892979e+14
      578.938   5.3073197e+14
      578.972   5.3193193e+14
      579.005   5.3279882e+14
      579.039   5.3282142e+14
      579.072   5.3225419e+14
      579.106   5.3134670e+14
      579.139   5.3083756e+14
      579.173   5.3059173e+14
      579.206   5.3050249e+14
      579.240   5.2974920e+14
      579.274   5.2938955e+14
      579.307   5.2931769e+14
      579.341   5.2906289e+14
      579.374   5.2844556e+14
      579.408   5.2823450e+14
      579.441   5.2768115e+14
      579.475   5.2810597e+14
      579.509   5.2975036e+14
      579.542   5.3194834e+14
      579.576   5.3422632e+14
      579.609   5.3617973e+14
      579.643   5.3604489e+14
      579.677   5.3469304e+14
      579.710   5.3324387e+14
      579.744   5.3265346e+14
      579.777   5.3305740e+14
      579.811   5.3463574e+14
      579.845   5.3617050e+14
      579.878   5.3722868e+14
      579.912   5.3750836e+14
      579.945   5.3727618e+14
      579.979   5.3692815e+14
      580.013   5.3666473e+14
      580.046   5.3654931e+14
      580.080   5.3644646e+14
      580.114   5.3626470e+14
      580.147   5.3655804e+14
      580.181   5.3810844e+14
      580.215   5.3963558e+14
      580.248   5.4074417e+14
      580.282   5.4165230e+14
      580.316   5.4181848e+14
      580.349   5.4065430e+14
      580.383   5.3878386e+14
      580.417   5.3746253e+14
      580.450   5.3639731e+14
      580.484   5.3519259e+14
      580.518   5.3343536e+14
      580.552   5.3254593e+14
      580.585   5.3151816e+14
      580.619   5.3020178e+14
      580.653   5.2859877e+14
      580.686   5.2797104e+14
      580.720   5.2716289e+14
      580.754   5.2610621e+14
      580.788   5.2490018e+14
      580.821   5.2523119e+14
      580.855   5.2547251e+14
      580.889   5.2642450e+14
      580.922   5.2816241e+14
      580.956   5.3058580e+14
      580.990   5.3194774e+14
      581.024   5.3395042e+14
      581.058   5.3561107e+14
      581.091   5.3686729e+14
      581.125   5.3771495e+14
      581.159   5.3940538e+14
      581.193   5.4059271e+14
      581.226   5.4107699e+14
      581.260   5.4080725e+14
      581.294   5.4182806e+14
      581.328   5.4219632e+14
      581.362   5.4222513e+14
      581.395   5.4248721e+14
      581.429   5.4319511e+14
      581.463   5.4170761e+14
      581.497   5.3882354e+14
      581.531   5.3639875e+14
      581.564   5.3451146e+14
      581.598   5.3294406e+14
      581.632   5.3251550e+14
      581.666   5.3354817e+14
      581.700   5.3423241e+14
      581.734   5.3443351e+14
      581.767   5.3501744e+14
      581.801   5.3565503e+14
      581.835   5.3656219e+14
      581.869   5.3775946e+14
      581.903   5.3932599e+14
      581.937   5.4019833e+14
      581.971   5.4091843e+14
      582.004   5.4291818e+14
      582.038   5.4536146e+14
      582.072   5.4742996e+14
      582.106   5.4936683e+14
      582.140   5.5147390e+14
      582.174   5.5177869e+14
      582.208   5.5087885e+14
      582.242   5.4958322e+14
      582.276   5.4877696e+14
      582.309   5.4792860e+14
      582.343   5.4724819e+14
      582.377   5.4700459e+14
      582.411   5.4717432e+14
      582.445   5.4714762e+14
      582.479   5.4709164e+14
      582.513   5.4702097e+14
      582.547   5.4682413e+14
      582.581   5.4655103e+14
      582.615   5.4653896e+14
      582.649   5.4647993e+14
      582.683   5.4639744e+14
      582.717   5.4647337e+14
      582.751   5.4722699e+14
      582.785   5.4802468e+14
      582.818   5.4889199e+14
      582.852   5.4968993e+14
      582.886   5.5031473e+14
      582.920   5.4980983e+14
      582.954   5.4796656e+14
      582.988   5.4634026e+14
      583.022   5.4445254e+14
      583.056   5.4286399e+14
      583.090   5.4186821e+14
      583.124   5.4188214e+14
      583.158   5.4187556e+14
      583.192   5.4231524e+14
      583.226   5.4232631e+14
      583.260   5.4194091e+14
      583.294   5.4180807e+14
      583.328   5.4138735e+14
      583.363   5.4050644e+14
      583.397   5.3950111e+14
      583.431   5.3863674e+14
      583.465   5.3865049e+14
      583.499   5.3914306e+14
      583.533   5.4049642e+14
      583.567   5.4236706e+14
      583.601   5.4434070e+14
      583.635   5.4500120e+14
      583.669   5.4510637e+14
      583.703   5.4422128e+14
      583.737   5.4320087e+14
      583.771   5.4272996e+14
      583.805   5.4260575e+14
      583.839   5.4222584e+14
      583.873   5.4173418e+14
      583.907   5.4193622e+14
      583.942   5.4194225e+14
      583.976   5.4196497e+14
      584.010   5.4239050e+14
      584.044   5.4342760e+14
      584.078   5.4369743e+14
      584.112   5.4357613e+14
      584.146   5.4353719e+14
      584.180   5.4329235e+14
      584.215   5.4359550e+14
      584.249   5.4418891e+14
      584.283   5.4493829e+14
      584.317   5.4529652e+14
      584.351   5.4544590e+14
      584.385   5.4572770e+14
      584.419   5.4617722e+14
      584.454   5.4660414e+14
      584.488   5.4708910e+14
      584.522   5.4780948e+14
      584.556   5.4742058e+14
      584.590   5.4645468e+14
      584.624   5.4511195e+14
      584.659   5.4261614e+14
      584.693   5.4089333e+14
      584.727   5.3975019e+14
      584.761   5.3866875e+14
      584.795   5.3784919e+14
      584.830   5.3822296e+14
      584.864   5.3822769e+14
      584.898   5.3833259e+14
      584.932   5.3857000e+14
      584.966   5.3882218e+14
      585.001   5.3919306e+14
      585.035   5.3892400e+14
      585.069   5.3783896e+14
      585.103   5.3727819e+14
      585.138   5.3648845e+14
      585.172   5.3653138e+14
      585.206   5.3647713e+14
      585.240   5.3694730e+14
      585.275   5.3712677e+14
      585.309   5.3762058e+14
      585.343   5.3733946e+14
      585.377   5.3732056e+14
      585.412   5.3728488e+14
      585.446   5.3634638e+14
      585.480   5.3533703e+14
      585.514   5.3440421e+14
      585.549   5.3266158e+14
      585.583   5.2939065e+14
      585.617   5.2571546e+14
      585.651   5.2277104e+14
      585.686   5.1952930e+14
      585.720   5.1779315e+14
      585.754   5.1834227e+14
      585.789   5.1918423e+14
      585.823   5.1768370e+14
      585.857   5.1687020e+14
      585.892   5.1616957e+14
      585.926   5.1467746e+14
      585.960   5.1424711e+14
      585.995   5.1602725e+14
      586.029   5.1715470e+14
      586.063   5.1589829e+14
      586.098   5.1378698e+14
      586.132   5.1475221e+14
      586.167   5.1621415e+14
      586.201   5.1771673e+14
      586.235   5.2139462e+14
      586.270   5.2580288e+14
      586.304   5.2669233e+14
      586.338   5.2839955e+14
      586.373   5.3097277e+14
      586.407   5.3324132e+14
      586.441   5.3543928e+14
      586.476   5.3720738e+14
      586.510   5.3640882e+14
      586.545   5.3484031e+14
      586.579   5.3231984e+14
      586.613   5.3089772e+14
      586.648   5.3135470e+14
      586.682   5.3262307e+14
      586.717   5.3386291e+14
      586.751   5.3596160e+14
      586.786   5.3739386e+14
      586.820   5.3755792e+14
      586.854   5.3756249e+14
      586.889   5.3759156e+14
      586.923   5.3757542e+14
      586.958   5.3706676e+14
      586.992   5.3606356e+14
      587.027   5.3635840e+14
      587.061   5.3688578e+14
      587.096   5.3702106e+14
      587.130   5.3876042e+14
      587.165   5.4110692e+14
      587.199   5.4241807e+14
      587.234   5.4324253e+14
      587.268   5.4451848e+14
      587.302   5.4447885e+14
      587.337   5.4446376e+14
      587.372   5.4438364e+14
      587.406   5.4452437e+14
      587.441   5.4460392e+14
      587.475   5.4452878e+14
      587.510   5.4496627e+14
      587.544   5.4548860e+14
      587.579   5.4574569e+14
      587.613   5.4573269e+14
      587.648   5.4564669e+14
      587.682   5.4545616e+14
      587.717   5.4509489e+14
      587.751   5.4494573e+14
      587.786   5.4510821e+14
      587.820   5.4546209e+14
      587.855   5.4485806e+14
      587.889   5.4390971e+14
      587.924   5.4293855e+14
      587.959   5.4134265e+14
      587.993   5.3973677e+14
      588.028   5.3863194e+14
      588.062   5.3778659e+14
      588.097   5.3678214e+14
      588.131   5.3676856e+14
      588.166   5.3713194e+14
      588.201   5.3679650e+14
      588.235   5.3487876e+14
      588.270   5.3387388e+14
      588.305   5.3277992e+14
      588.339   5.3145695e+14
      588.374   5.3100262e+14
      588.408   5.3268900e+14
      588.443   5.3337515e+14
      588.478   5.3433101e+14
      588.512   5.3568900e+14
      588.547   5.3691175e+14
      588.581   5.3744336e+14
      588.616   5.3838187e+14
      588.651   5.3868929e+14
      588.685   5.3796743e+14
      588.720   5.3597196e+14
      588.755   5.3474098e+14
      588.789   5.3118504e+14
      588.824   5.2260502e+14
      588.859   5.1024136e+14
      588.893   4.9871138e+14
      588.928   4.8633287e+14
      588.963   4.7482178e+14
      588.998   4.6904986e+14
      589.032   4.6768336e+14
      589.067   4.6629678e+14
      589.102   4.6421600e+14
      589.136   4.6130968e+14
      589.171   4.5838605e+14
      589.206   4.5563701e+14
      589.240   4.5327254e+14
      589.275   4.5170956e+14
      589.310   4.5194716e+14
      589.345   4.5373653e+14
      589.379   4.5943309e+14
      589.414   4.6440996e+14
      589.449   4.6544370e+14
      589.484   4.6940665e+14
      589.518   4.7262133e+14
      589.553   4.7185711e+14
      589.588   4.7143415e+14
      589.623   4.7451670e+14
      589.657   4.7699922e+14
      589.692   4.7918004e+14
      589.727   4.8132548e+14
      589.762   4.8323369e+14
      589.797   4.8566166e+14
      589.831   4.8635497e+14
      589.866   4.8587030e+14
      589.901   4.8466979e+14
      589.936   4.8475809e+14
      589.971   4.9082537e+14
      590.005   4.9987760e+14
      590.040   5.1011396e+14
      590.075   5.2101702e+14
      590.110   5.3095877e+14
      590.145   5.3538759e+14
      590.179   5.3708545e+14
      590.214   5.3794946e+14
      590.249   5.3830551e+14
      590.284   5.3938658e+14
      590.319   5.4045596e+14
      590.354   5.4055955e+14
      590.388   5.4036796e+14
      590.423   5.3905662e+14
      590.458   5.3785818e+14
      590.493   5.3644546e+14
      590.528   5.3570746e+14
      590.563   5.3501098e+14
      590.598   5.3573274e+14
      590.633   5.3620475e+14
      590.667   5.3655695e+14
      590.702   5.3683281e+14
      590.737   5.3719493e+14
      590.772   5.3778309e+14
      590.807   5.3772593e+14
      590.842   5.3642537e+14
      590.877   5.3608556e+14
      590.912   5.3552846e+14
      590.947   5.3639638e+14
      590.982   5.3778505e+14
      591.017   5.4053660e+14
      591.051   5.4209715e+14
      591.086   5.4392065e+14
      591.121   5.4409273e+14
      591.156   5.4391364e+14
      591.191   5.4349345e+14
      591.226   5.4254046e+14
      591.261   5.3808675e+14
      591.296   5.3488580e+14
      591.331   5.3170828e+14
      591.366   5.2956941e+14
      591.401   5.2846339e+14
      591.436   5.3038540e+14
      591.471   5.2932998e+14
      591.506   5.2864360e+14
      591.541   5.2693576e+14
      591.576   5.2538843e+14
      591.611   5.2434437e+14
      591.646   5.2510809e+14
      591.681   5.2542818e+14
      591.716   5.2514047e+14
      591.751   5.2340494e+14
      591.786   5.2504476e+14
      591.821   5.2768879e+14
      591.856   5.3035705e+14
      591.891   5.3321925e+14
      591.926   5.3660925e+14
      591.961   5.3615522e+14
      591.996   5.3632700e+14
      592.031   5.3708003e+14
      592.066   5.3795831e+14
      592.101   5.3952828e+14
      592.136   5.4158430e+14
      592.172   5.4215984e+14
      592.207   5.4208453e+14
      592.242   5.4232235e+14
      592.277   5.4222916e+14
      592.312   5.4216583e+14
      592.347   5.4214717e+14
      592.382   5.4220013e+14
      592.417   5.4222321e+14
      592.452   5.4283987e+14
      592.487   5.4356992e+14
      592.522   5.4377803e+14
      592.557   5.4199044e+14
      592.593   5.4089868e+14
      592.628   5.3849307e+14
      592.663   5.3626027e+14
      592.698   5.3448369e+14
      592.733   5.3450033e+14
      592.768   5.3377096e+14
      592.803   5.3335479e+14
      592.839   5.3212175e+14
      592.874   5.2876548e+14
      592.909   5.2648337e+14
      592.944   5.2438005e+14
      592.979   5.2296917e+14
      593.014   5.2182073e+14
      593.049   5.2211429e+14
      593.085   5.2326270e+14
      593.120   5.2443722e+14
      593.155   5.2665707e+14
      593.190   5.2926536e+14
      593.225   5.3255785e+14
      593.261   5.3402083e+14
      593.296   5.3354759e+14
      593.331   5.3172404e+14
      593.366   5.2951799e+14
      593.401   5.2980611e+14
      593.437   5.3092576e+14
      593.472   5.3378651e+14
      593.507   5.3661479e+14
      593.542   5.3920723e+14
      593.578   5.3948202e+14
      593.613   5.3903561e+14
      593.648   5.3860420e+14
      593.683   5.3820552e+14
      593.718   5.3808185e+14
      593.754   5.3777374e+14
      593.789   5.3698633e+14
      593.824   5.3701796e+14
      593.859   5.3813488e+14
      593.895   5.3955185e+14
      593.930   5.4073484e+14
      593.965   5.4234258e+14
      594.001   5.4303931e+14
      594.036   5.4206649e+14
      594.071   5.4089609e+14
      594.106   5.3980937e+14
      594.142   5.3898958e+14
      594.177   5.3842304e+14
      594.212   5.3831713e+14
      594.248   5.3816726e+14
      594.283   5.3817208e+14
      594.318   5.3806013e+14
      594.354   5.3791021e+14
      594.389   5.3798975e+14
      594.424   5.3791972e+14
      594.460   5.3806903e+14
      594.495   5.3811563e+14
      594.530   5.3824614e+14
      594.566   5.3852712e+14
      594.601   5.3888513e+14
      594.636   5.3941977e+14
      594.672   5.3948836e+14
      594.707   5.3769675e+14
      594.742   5.3631514e+14
      594.778   5.3408390e+14
      594.813   5.3191132e+14
      594.849   5.3042518e+14
      594.884   5.3072292e+14
      594.919   5.3033785e+14
      594.955   5.3075036e+14
      594.990   5.3051196e+14
      595.026   5.3055609e+14
      595.061   5.3053337e+14
      595.096   5.2962687e+14
      595.132   5.2763055e+14
      595.167   5.2508769e+14
      595.203   5.2231177e+14
      595.238   5.2159629e+14
      595.274   5.2178672e+14
      595.309   5.2421506e+14
      595.344   5.2757876e+14
      595.380   5.3074897e+14
      595.415   5.3192224e+14
      595.451   5.3301565e+14
      595.486   5.3252834e+14
      595.522   5.3040490e+14
      595.557   5.2881702e+14
      595.593   5.2701994e+14
      595.628   5.2509579e+14
      595.664   5.2450379e+14
      595.699   5.2667291e+14
      595.735   5.2857924e+14
      595.770   5.3072185e+14
      595.806   5.3294364e+14
      595.841   5.3393182e+14
      595.877   5.3367614e+14
      595.912   5.3316146e+14
      595.948   5.3262666e+14
      595.983   5.3162575e+14
      596.019   5.3058066e+14
      596.054   5.3100200e+14
      596.090   5.3187133e+14
      596.125   5.3277290e+14
      596.161   5.3419470e+14
      596.196   5.3632412e+14
      596.232   5.3710394e+14
      596.267   5.3752575e+14
      596.303   5.3784037e+14
      596.339   5.3823915e+14
      596.374   5.3854700e+14
      596.410   5.3801798e+14
      596.445   5.3712478e+14
      596.481   5.3647854e+14
      596.516   5.3626973e+14
      596.552   5.3595679e+14
      596.588   5.3638859e+14
      596.623   5.3704782e+14
      596.659   5.3757888e+14
      596.694   5.3787174e+14
      596.730   5.3815056e+14
      596.766   5.3831826e+14
      596.801   5.3842500e+14
      596.837   5.3863170e+14
      596.872   5.3865432e+14
      596.908   5.3839233e+14
      596.944   5.3847887e+14
      596.979   5.3946922e+14
      597.015   5.4045456e+14
      597.051   5.4159328e+14
      597.086   5.4297770e+14
      597.122   5.4402352e+14
      597.158   5.4447723e+14
      597.193   5.4484284e+14
      597.229   5.4507117e+14
      597.265   5.4526943e+14
      597.300   5.4529534e+14
      597.336   5.4479592e+14
      597.372   5.4146648e+14
      597.407   5.3898680e+14
      597.443   5.3853805e+14
      597.479   5.3580019e+14
      597.514   5.3207137e+14
      597.550   5.2980507e+14
      597.586   5.2793263e+14
      597.621   5.2627864e+14
      597.657   5.2492327e+14
      597.693   5.2256272e+14
      597.729   5.2181181e+14
      597.764   5.2106288e+14
      597.800   5.2030278e+14
      597.836   5.1975326e+14
      597.872   5.2016081e+14
      597.907   5.2251504e+14
      597.943   5.2527688e+14
      597.979   5.2823469e+14
      598.015   5.3164446e+14
      598.050   5.3597505e+14
      598.086   5.3875036e+14
      598.122   5.4094783e+14
      598.158   5.4261560e+14
      598.193   5.4365318e+14
      598.229   5.4383951e+14
      598.265   5.4383610e+14
      598.301   5.4347126e+14
      598.337   5.4199475e+14
      598.372   5.4035154e+14
      598.408   5.3830238e+14
      598.444   5.3619257e+14
      598.480   5.3453454e+14
      598.516   5.3388572e+14
      598.552   5.3230268e+14
      598.587   5.3046540e+14
      598.623   5.2866796e+14
      598.659   5.2690047e+14
      598.695   5.2541607e+14
      598.731   5.2531808e+14
      598.767   5.2565413e+14
      598.802   5.2608577e+14
      598.838   5.2697360e+14
      598.874   5.2904946e+14
      598.910   5.3107425e+14
      598.946   5.3256563e+14
      598.982   5.3328218e+14
      599.018   5.3321169e+14
      599.054   5.3218818e+14
      599.089   5.3210765e+14
      599.125   5.3268557e+14
      599.161   5.3398749e+14
      599.197   5.3547056e+14
      599.233   5.3644694e+14
      599.269   5.3623781e+14
      599.305   5.3586575e+14
      599.341   5.3550870e+14
      599.377   5.3520590e+14
      599.413   5.3506300e+14
      599.448   5.3494031e+14
      599.484   5.3515953e+14
      599.520   5.3559615e+14
      599.556   5.3509707e+14
      599.592   5.3416017e+14
      599.628   5.3297265e+14
      599.664   5.3142876e+14
      599.700   5.2970952e+14
      599.736   5.2906198e+14
      599.772   5.2915105e+14
      599.808   5.2956932e+14
      599.844   5.3004204e+14
      599.880   5.3040001e+14
      599.916   5.3052247e+14
      599.952   5.3035493e+14
      599.988   5.3022358e+14
      600.024   5.3013457e+14
      600.060   5.3070409e+14
      600.096   5.3233716e+14
      600.132   5.3313347e+14
      600.168   5.3374860e+14
      600.204   5.3433352e+14
      600.240   5.3429911e+14
      600.276   5.3338825e+14
      600.312   5.3338399e+14
      600.348   5.3343712e+14
      600.384   5.3280408e+14
      600.420   5.3202894e+14
      600.456   5.3134441e+14
      600.492   5.3065375e+14
      600.529   5.2994570e+14
      600.565   5.2937278e+14
      600.601   5.2854275e+14
      600.637   5.2707764e+14
      600.673   5.2628359e+14
      600.709   5.2468811e+14
      600.745   5.2327991e+14
      600.781   5.2230410e+14
      600.817   5.2156109e+14
      600.853   5.1986807e+14
      600.889   5.1921549e+14
      600.925   5.1955217e+14
      600.962   5.2009242e+14
      600.998   5.2095262e+14
      601.034   5.2204288e+14
      601.070   5.2280345e+14
      601.106   5.2295582e+14
      601.142   5.2288729e+14
      601.178   5.2267945e+14
      601.214   5.2276525e+14
      601.251   5.2432001e+14
      601.287   5.2597396e+14
      601.323   5.2759177e+14
      601.359   5.2945498e+14
      601.395   5.3119433e+14
      601.431   5.3159557e+14
      601.468   5.3143143e+14
      601.504   5.2935258e+14
      601.540   5.2644364e+14
      601.576   5.2354653e+14
      601.612   5.2105488e+14
      601.648   5.1915966e+14
      601.685   5.1951874e+14
      601.721   5.2152192e+14
      601.757   5.2363440e+14
      601.793   5.2528664e+14
      601.830   5.2638848e+14
      601.866   5.2573821e+14
      601.902   5.2370908e+14
      601.938   5.2154033e+14
      601.974   5.1929861e+14
      602.011   5.1688163e+14
      602.047   5.1709747e+14
      602.083   5.1811352e+14
      602.119   5.1936010e+14
      602.156   5.2080466e+14
      602.192   5.2254872e+14
      602.228   5.2192507e+14
      602.265   5.1992873e+14
      602.301   5.1770988e+14
      602.337   5.1554227e+14
      602.373   5.1416900e+14
      602.410   5.1531668e+14
      602.446   5.1763432e+14
      602.482   5.1990373e+14
      602.518   5.2226139e+14
      602.555   5.2401350e+14
      602.591   5.2420258e+14
      602.627   5.2433705e+14
      602.664   5.2459071e+14
      602.700   5.2454319e+14
      602.736   5.2472626e+14
      602.773   5.2604513e+14
      602.809   5.2701734e+14
      602.845   5.2701846e+14
      602.882   5.2684144e+14
      602.918   5.2636295e+14
      602.954   5.2487657e+14
      602.991   5.2362779e+14
      603.027   5.2335846e+14
      603.064   5.2394015e+14
      603.100   5.2551386e+14
      603.136   5.2714849e+14
      603.173   5.2883280e+14
      603.209   5.3056197e+14
      603.245   5.3153818e+14
      603.282   5.3127316e+14
      603.318   5.3125934e+14
      603.355   5.3231559e+14
      603.391   5.3419132e+14
      603.427   5.3648339e+14
      603.464   5.3894679e+14
      603.500   5.4095690e+14
      603.537   5.4180746e+14
      603.573   5.4182157e+14
      603.610   5.4162385e+14
      603.646   5.4132495e+14
      603.682   5.4102297e+14
      603.719   5.4075830e+14
      603.755   5.4060818e+14
      603.792   5.4059272e+14
      603.828   5.4050644e+14
      603.865   5.4041793e+14
      603.901   5.4044106e+14
      603.938   5.4046206e+14
      603.974   5.4034533e+14
      604.011   5.4028416e+14
      604.047   5.4020389e+14
      604.084   5.4015184e+14
      604.120   5.4021143e+14
      604.157   5.4028107e+14
      604.193   5.4032241e+14
      604.230   5.4009087e+14
      604.266   5.3965760e+14
      604.303   5.3921912e+14
      604.339   5.3884966e+14
      604.376   5.3853884e+14
      604.412   5.3849188e+14
      604.449   5.3854311e+14
      604.485   5.3852957e+14
      604.522   5.3843780e+14
      604.558   5.3837858e+14
      604.595   5.3841764e+14
      604.631   5.3842537e+14
      604.668   5.3841276e+14
      604.705   5.3837564e+14
      604.741   5.3837425e+14
      604.778   5.3854425e+14
      604.814   5.3882601e+14
      604.851   5.3916655e+14
      604.888   5.3956501e+14
      604.924   5.3984992e+14
      604.961   5.3989817e+14
      604.997   5.4002478e+14
      605.034   5.4018876e+14
      605.070   5.4031837e+14
      605.107   5.4036966e+14
      605.144   5.4040570e+14
      605.180   5.4037691e+14
      605.217   5.4010521e+14
      605.254   5.3965989e+14
      605.290   5.3933232e+14
      605.327   5.3907278e+14
      605.364   5.3884054e+14
      605.400   5.3863177e+14
      605.437   5.3750336e+14
      605.473   5.3584966e+14
      605.510   5.3429415e+14
      605.547   5.3270187e+14
      605.583   5.3127622e+14
      605.620   5.3100680e+14
      605.657   5.3125266e+14
      605.694   5.3127900e+14
      605.730   5.3141728e+14
      605.767   5.3180356e+14
      605.804   5.3226906e+14
      605.840   5.3276428e+14
      605.877   5.3325129e+14
      605.914   5.3337839e+14
      605.950   5.3385853e+14
      605.987   5.3533411e+14
      606.024   5.3698993e+14
      606.061   5.3879539e+14
      606.097   5.4083820e+14
      606.134   5.4193318e+14
      606.171   5.4181063e+14
      606.208   5.4166971e+14
      606.244   5.4153401e+14
      606.281   5.4140218e+14
      606.318   5.4144132e+14
      606.355   5.4118124e+14
      606.391   5.3886576e+14
      606.428   5.3541814e+14
      606.465   5.3239459e+14
      606.502   5.2962403e+14
      606.538   5.2722171e+14
      606.575   5.2653318e+14
      606.612   5.2683400e+14
      606.649   5.2704329e+14
      606.686   5.2746632e+14
      606.722   5.2795271e+14
      606.759   5.2856529e+14
      606.796   5.2933071e+14
      606.833   5.2995568e+14
      606.870   5.3015291e+14
      606.907   5.3145320e+14
      606.943   5.3462286e+14
      606.980   5.3809930e+14
      607.017   5.4150593e+14
      607.054   5.4502910e+14
      607.091   5.4720176e+14
      607.128   5.4766302e+14
      607.165   5.4784307e+14
      607.201   5.4804677e+14
      607.238   5.4826051e+14
      607.275   5.4841932e+14
      607.312   5.4848023e+14
      607.349   5.4848915e+14
      607.386   5.4845835e+14
      607.423   5.4842754e+14
      607.460   5.4835393e+14
      607.497   5.4818851e+14
      607.533   5.4802219e+14
      607.570   5.4788122e+14
      607.607   5.4770655e+14
      607.644   5.4740033e+14
      607.681   5.4607534e+14
      607.718   5.4359976e+14
      607.755   5.4069860e+14
      607.792   5.3765936e+14
      607.829   5.3475748e+14
      607.866   5.3291107e+14
      607.903   5.3219672e+14
      607.940   5.3183737e+14
      607.977   5.3154526e+14
      608.014   5.3124700e+14
      608.051   5.3103752e+14
      608.088   5.3060449e+14
      608.125   5.2958360e+14
      608.161   5.2823411e+14
      608.199   5.2745566e+14
      608.236   5.2749086e+14
      608.273   5.2832526e+14
      608.310   5.3010296e+14
      608.346   5.3180352e+14
      608.384   5.3251359e+14
      608.421   5.3243882e+14
      608.458   5.3165329e+14
      608.495   5.3035609e+14
      608.532   5.2968062e+14
      608.569   5.2939113e+14
      608.606   5.2903727e+14
      608.643   5.2935440e+14
      608.680   5.3017103e+14
      608.717   5.3083759e+14
      608.754   5.3182916e+14
      608.791   5.3277178e+14
      608.828   5.3293900e+14
      608.865   5.3304187e+14
      608.902   5.3356776e+14
      608.939   5.3376271e+14
      608.976   5.3408948e+14
      609.013   5.3489453e+14
      609.051   5.3530813e+14
      609.088   5.3524560e+14
      609.125   5.3516771e+14
      609.162   5.3499782e+14
      609.199   5.3442612e+14
      609.236   5.3376851e+14
      609.273   5.3299728e+14
      609.310   5.3253577e+14
      609.347   5.3265093e+14
      609.385   5.3338976e+14
      609.422   5.3463099e+14
      609.459   5.3616686e+14
      609.496   5.3703712e+14
      609.533   5.3714955e+14
      609.570   5.3731412e+14
      609.607   5.3730375e+14
      609.645   5.3716541e+14
      609.682   5.3738216e+14
      609.719   5.3821899e+14
      609.756   5.3908354e+14
      609.793   5.4008334e+14
      609.830   5.4123056e+14
      609.868   5.4229592e+14
      609.905   5.4292457e+14
      609.942   5.4316628e+14
      609.979   5.4304260e+14
      610.016   5.4298953e+14
      610.054   5.4228937e+14
      610.091   5.3976985e+14
      610.128   5.3579405e+14
      610.165   5.3129557e+14
      610.203   5.2648723e+14
      610.240   5.2255598e+14
      610.277   5.2060593e+14
      610.314   5.2013059e+14
      610.352   5.2010147e+14
      610.389   5.2002852e+14
      610.426   5.1970666e+14
      610.463   5.1921878e+14
      610.501   5.1837200e+14
      610.538   5.1717401e+14
      610.575   5.1584670e+14
      610.612   5.1541683e+14
      610.650   5.1618984e+14
      610.687   5.1809960e+14
      610.724   5.2155918e+14
      610.762   5.2549058e+14
      610.799   5.2843444e+14
      610.836   5.3017320e+14
      610.874   5.3134409e+14
      610.911   5.3183455e+14
      610.948   5.3195904e+14
      610.986   5.3179836e+14
      611.023   5.3199973e+14
      611.060   5.3227491e+14
      611.098   5.3286487e+14
      611.135   5.3389702e+14
      611.172   5.3554465e+14
      611.210   5.3766113e+14
      611.247   5.3980465e+14
      611.284   5.4133293e+14
      611.322   5.4261608e+14
      611.359   5.4355378e+14
      611.396   5.4368200e+14
      611.434   5.4304167e+14
      611.471   5.4197548e+14
      611.509   5.4087311e+14
      611.546   5.3961581e+14
      611.583   5.3853079e+14
      611.621   5.3807762e+14
      611.658   5.3833805e+14
      611.696   5.3909820e+14
      611.733   5.4021791e+14
      611.770   5.4109758e+14
      611.808   5.4158697e+14
      611.845   5.4162273e+14
      611.883   5.4112653e+14
      611.920   5.4015799e+14
      611.958   5.3957535e+14
      611.995   5.3976815e+14
      612.033   5.3967837e+14
      612.070   5.3796685e+14
      612.108   5.3557805e+14
      612.145   5.3326210e+14
      612.182   5.3057600e+14
      612.220   5.2830645e+14
      612.257   5.2761093e+14
      612.295   5.2784090e+14
      612.332   5.2726855e+14
      612.370   5.2614516e+14
      612.407   5.2536296e+14
      612.445   5.2451373e+14
      612.482   5.2338904e+14
      612.520   5.2254266e+14
      612.557   5.2262349e+14
      612.595   5.2412696e+14
      612.632   5.2599686e+14
      612.670   5.2712434e+14
      612.708   5.2869626e+14
      612.745   5.2983562e+14
      612.783   5.2838765e+14
      612.820   5.2582176e+14
      612.858   5.2528043e+14
      612.895   5.2535841e+14
      612.933   5.2552668e+14
      612.970   5.2653970e+14
      613.008   5.2774817e+14
      613.046   5.2727481e+14
      613.083   5.2622637e+14
      613.121   5.2501507e+14
      613.158   5.2503756e+14
      613.196   5.2717245e+14
      613.234   5.3017513e+14
      613.271   5.3254742e+14
      613.309   5.3575154e+14
      613.346   5.3861235e+14
      613.384   5.4031635e+14
      613.422   5.4187858e+14
      613.459   5.4314977e+14
      613.497   5.4137661e+14
      613.535   5.3672449e+14
      613.572   5.3147788e+14
      613.610   5.2482894e+14
      613.648   5.1739758e+14
      613.685   5.1248551e+14
      613.723   5.0941212e+14
      613.761   5.0691612e+14
      613.798   5.0615564e+14
      613.836   5.0697816e+14
      613.874   5.0748245e+14
      613.911   5.0804159e+14
      613.949   5.0800813e+14
      613.987   5.0587897e+14
      614.024   5.0323862e+14
      614.062   5.0288651e+14
      614.100   5.0353596e+14
      614.137   5.0668608e+14
      614.175   5.1313957e+14
      614.213   5.2015670e+14
      614.251   5.2526352e+14
      614.288   5.2929706e+14
      614.326   5.3024835e+14
      614.364   5.2853986e+14
      614.402   5.2650018e+14
      614.439   5.2419027e+14
      614.477   5.2162417e+14
      614.515   5.2102844e+14
      614.553   5.2280877e+14
      614.590   5.2482052e+14
      614.628   5.2666011e+14
      614.666   5.2909715e+14
      614.704   5.3077002e+14
      614.742   5.3066676e+14
      614.779   5.2937093e+14
      614.817   5.2804181e+14
      614.855   5.2754514e+14
      614.893   5.2771402e+14
      614.930   5.2847024e+14
      614.968   5.2987140e+14
      615.006   5.3176807e+14
      615.044   5.3208883e+14
      615.082   5.3131031e+14
      615.120   5.3085067e+14
      615.157   5.3143690e+14
      615.195   5.3303067e+14
      615.233   5.3490951e+14
      615.271   5.3694040e+14
      615.309   5.3858434e+14
      615.347   5.3814351e+14
      615.385   5.3580663e+14
      615.422   5.3389307e+14
      615.460   5.3180970e+14
      615.498   5.2951533e+14
      615.536   5.2880424e+14
      615.574   5.3005784e+14
      615.612   5.3057706e+14
      615.650   5.3037731e+14
      615.688   5.3056493e+14
      615.726   5.3005206e+14
      615.764   5.2831148e+14
      615.801   5.2666908e+14
      615.839   5.2615275e+14
      615.877   5.2667192e+14
      615.915   5.2782991e+14
      615.953   5.2851363e+14
      615.991   5.2824228e+14
      616.029   5.2649771e+14
      616.067   5.2064963e+14
      616.105   5.1316612e+14
      616.143   5.0813538e+14
      616.181   5.0399742e+14
      616.219   4.9913921e+14
      616.257   4.9633116e+14
      616.295   4.9600797e+14
      616.333   4.9515730e+14
      616.371   4.9381307e+14
      616.409   4.9323522e+14
      616.447   4.9381797e+14
      616.485   4.9374902e+14
      616.523   4.9240440e+14
      616.561   4.9369492e+14
      616.599   4.9908940e+14
      616.637   5.0536929e+14
      616.675   5.1058497e+14
      616.713   5.1659311e+14
      616.751   5.2075759e+14
      616.789   5.2064988e+14
      616.827   5.1771010e+14
      616.865   5.1463325e+14
      616.903   5.1094423e+14
      616.941   5.0756217e+14
      616.979   5.0525447e+14
      617.017   5.0578572e+14
      617.055   5.0761869e+14
      617.094   5.0962051e+14
      617.132   5.1063994e+14
      617.170   5.1083610e+14
      617.208   5.0840047e+14
      617.246   5.0585884e+14
      617.284   5.0453824e+14
      617.322   5.0614193e+14
      617.360   5.0920347e+14
      617.398   5.1396873e+14
      617.436   5.1922260e+14
      617.475   5.2388732e+14
      617.513   5.2568854e+14
      617.551   5.2602565e+14
      617.589   5.2587776e+14
      617.627   5.2480328e+14
      617.665   5.2307557e+14
      617.703   5.2284662e+14
      617.742   5.2447514e+14
      617.780   5.2631136e+14
      617.818   5.2759102e+14
      617.856   5.2809325e+14
      617.894   5.2743830e+14
      617.932   5.2682687e+14
      617.971   5.2680109e+14
      618.009   5.2679619e+14
      618.047   5.2835019e+14
      618.085   5.3075391e+14
      618.123   5.3237986e+14
      618.162   5.3384196e+14
      618.200   5.3567688e+14
      618.238   5.3694549e+14
      618.276   5.3747974e+14
      618.314   5.3782103e+14
      618.353   5.3800133e+14
      618.391   5.3903691e+14
      618.429   5.4062995e+14
      618.467   5.4211729e+14
      618.506   5.4336905e+14
      618.544   5.4441146e+14
      618.582   5.4443562e+14
      618.620   5.4327012e+14
      618.659   5.4134846e+14
      618.697   5.3988984e+14
      618.735   5.3887327e+14
      618.774   5.3768618e+14
      618.812   5.3713048e+14
      618.850   5.3742831e+14
      618.888   5.3743336e+14
      618.927   5.3657617e+14
      618.965   5.3355225e+14
      619.003   5.2822807e+14
      619.042   5.2302869e+14
      619.080   5.1852909e+14
      619.118   5.1467098e+14
      619.157   5.1378075e+14
      619.195   5.1568269e+14
      619.233   5.1712342e+14
      619.272   5.1795098e+14
      619.310   5.1903038e+14
      619.348   5.1920571e+14
      619.387   5.1863032e+14
      619.425   5.1785447e+14
      619.464   5.1717601e+14
      619.502   5.1833990e+14
      619.540   5.2176518e+14
      619.579   5.2624606e+14
      619.617   5.3139734e+14
      619.656   5.3645025e+14
      619.694   5.3940014e+14
      619.732   5.3999797e+14
      619.771   5.3960137e+14
      619.809   5.3900727e+14
      619.848   5.3775551e+14
      619.886   5.3541041e+14
      619.924   5.3361125e+14
      619.963   5.3196563e+14
      620.001   5.3049994e+14
      620.040   5.2970921e+14
      620.078   5.3004141e+14
      620.117   5.2988431e+14
      620.155   5.2971073e+14
      620.193   5.2938099e+14
      620.232   5.2893032e+14
      620.270   5.2863797e+14
      620.309   5.2849631e+14
      620.347   5.2816953e+14
      620.386   5.2919279e+14
      620.424   5.3118366e+14
      620.463   5.3340989e+14
      620.501   5.3554176e+14
      620.540   5.3778104e+14
      620.578   5.3882625e+14
      620.617   5.3916630e+14
      620.655   5.3925560e+14
      620.694   5.3930816e+14
      620.732   5.3932556e+14
      620.771   5.3905005e+14
      620.810   5.3882452e+14
      620.848   5.3869186e+14
      620.887   5.3856628e+14
      620.925   5.3923693e+14
      620.964   5.4013989e+14
      621.002   5.4080141e+14
      621.041   5.4133872e+14
      621.079   5.4185022e+14
      621.118   5.4229070e+14
      621.157   5.4170557e+14
      621.195   5.3937439e+14
      621.234   5.3735972e+14
      621.272   5.3550335e+14
      621.311   5.3357260e+14
      621.350   5.3190750e+14
      621.388   5.3091708e+14
      621.427   5.2999615e+14
      621.465   5.2878962e+14
      621.504   5.2720201e+14
      621.543   5.2658108e+14
      621.581   5.2722032e+14
      621.620   5.2730971e+14
      621.659   5.2692026e+14
      621.697   5.2857066e+14
      621.736   5.3043805e+14
      621.775   5.3088447e+14
      621.813   5.3110161e+14
      621.852   5.3169526e+14
      621.891   5.3114627e+14
      621.929   5.2954117e+14
      621.968   5.2897943e+14
      622.007   5.2846143e+14
      622.045   5.2805838e+14
      622.084   5.2733671e+14
      622.123   5.2662121e+14
      622.161   5.2614908e+14
      622.200   5.2590014e+14
      622.239   5.2520005e+14
      622.278   5.2493219e+14
      622.316   5.2592604e+14
      622.355   5.2740968e+14
      622.394   5.2916293e+14
      622.432   5.3238838e+14
      622.471   5.3506040e+14
      622.510   5.3652611e+14
      622.549   5.3810176e+14
      622.588   5.4011321e+14
      622.626   5.4137177e+14
      622.665   5.4249341e+14
      622.704   5.4346164e+14
      622.743   5.4333261e+14
      622.781   5.4187336e+14
      622.820   5.4059658e+14
      622.859   5.3889640e+14
      622.898   5.3587567e+14
      622.937   5.3070324e+14
      622.975   5.2690925e+14
      623.014   5.2298395e+14
      623.053   5.1985488e+14
      623.092   5.1763828e+14
      623.131   5.1654450e+14
      623.169   5.1521440e+14
      623.208   5.1377520e+14
      623.247   5.1162663e+14
      623.286   5.1101858e+14
      623.325   5.1245955e+14
      623.364   5.1350845e+14
      623.403   5.1362532e+14
      623.441   5.1623344e+14
      623.480   5.1980956e+14
      623.519   5.2324168e+14
      623.558   5.2557865e+14
      623.597   5.2665384e+14
      623.636   5.2742462e+14
      623.675   5.2675428e+14
      623.714   5.2526434e+14
      623.753   5.2502398e+14
      623.791   5.2671100e+14
      623.830   5.2619746e+14
      623.869   5.2413548e+14
      623.908   5.2112772e+14
      623.947   5.1859708e+14
      623.986   5.1682632e+14
      624.025   5.1524076e+14
      624.064   5.1424244e+14
      624.103   5.1619122e+14
      624.142   5.1772232e+14
      624.181   5.1817577e+14
      624.220   5.1867320e+14
      624.259   5.1825624e+14
      624.298   5.1560449e+14
      624.337   5.1300900e+14
      624.376   5.1079355e+14
      624.415   5.0930398e+14
      624.454   5.0939868e+14
      624.493   5.0852188e+14
      624.532   5.0791858e+14
      624.571   5.0704787e+14
      624.610   5.0419598e+14
      624.649   5.0163933e+14
      624.688   5.0136874e+14
      624.727   5.0060750e+14
      624.766   5.0122696e+14
      624.805   5.0519644e+14
      624.844   5.0972958e+14
      624.883   5.1399582e+14
      624.922   5.1858667e+14
      624.961   5.2181887e+14
      625.000   5.2501374e+14
      625.039   5.2798553e+14
      625.078   5.2949121e+14
      625.117   5.2921269e+14
      625.156   5.3084456e+14
      625.195   5.3023558e+14
      625.234   5.2691004e+14
      625.274   5.2277591e+14
      625.313   5.2052299e+14
      625.352   5.1683103e+14
      625.391   5.1347233e+14
      625.430   5.1196464e+14
      625.469   5.1177616e+14
      625.508   5.0935807e+14
      625.547   5.0734280e+14
      625.586   5.0442655e+14
      625.626   5.0367768e+14
      625.665   5.0407132e+14
      625.704   5.0543521e+14
      625.743   5.0525564e+14
      625.782   5.0886920e+14
      625.821   5.1167352e+14
      625.861   5.1471530e+14
      625.900   5.1867047e+14
      625.939   5.2310508e+14
      625.978   5.2325743e+14
      626.017   5.2425757e+14
      626.057   5.2550139e+14
      626.096   5.2654907e+14
      626.135   5.2787744e+14
      626.174   5.3134649e+14
      626.213   5.3279830e+14
      626.253   5.3396733e+14
      626.292   5.3564330e+14
      626.331   5.3690958e+14
      626.370   5.3511717e+14
      626.409   5.3390482e+14
      626.449   5.3191728e+14
      626.488   5.3025038e+14
      626.527   5.2972513e+14
      626.566   5.3133215e+14
      626.606   5.3195917e+14
      626.645   5.3231092e+14
      626.684   5.3204430e+14
      626.723   5.3117187e+14
      626.763   5.3084919e+14
      626.802   5.3047830e+14
      626.841   5.2904705e+14
      626.881   5.2861055e+14
      626.920   5.2995642e+14
      626.959   5.3078797e+14
      626.999   5.3151630e+14
      627.038   5.3370231e+14
      627.077   5.3457843e+14
      627.117   5.3365591e+14
      627.156   5.3319656e+14
      627.195   5.3348866e+14
      627.234   5.3373342e+14
      627.274   5.3385587e+14
      627.313   5.3427122e+14
      627.353   5.3408425e+14
      627.392   5.3480603e+14
      627.431   5.3599856e+14
      627.471   5.3729949e+14
      627.510   5.3900726e+14
      627.549   5.4106908e+14
      627.589   5.4185869e+14
      627.628   5.4216729e+14
      627.668   5.4266955e+14
      627.707   5.4273488e+14
      627.746   5.4233564e+14
      627.786   5.4168754e+14
      627.825   5.4070976e+14
      627.865   5.3928067e+14
      627.904   5.3654506e+14
      627.943   5.3368892e+14
      627.983   5.3156356e+14
      628.022   5.2987028e+14
      628.062   5.2834524e+14
      628.101   5.2803655e+14
      628.141   5.2800379e+14
      628.180   5.2771082e+14
      628.220   5.2737755e+14
      628.259   5.2728377e+14
      628.299   5.2728578e+14
      628.338   5.2774872e+14
      628.378   5.2772857e+14
      628.417   5.2865348e+14
      628.457   5.3078800e+14
      628.496   5.3316874e+14
      628.536   5.3510134e+14
      628.575   5.3736235e+14
      628.615   5.3867512e+14
      628.654   5.3903770e+14
      628.694   5.3919546e+14
      628.733   5.3937767e+14
      628.773   5.3962412e+14
      628.812   5.4005330e+14
      628.852   5.4012253e+14
      628.891   5.3999138e+14
      628.931   5.3928485e+14
      628.970   5.3782365e+14
      629.010   5.3674003e+14
      629.049   5.3588025e+14
      629.089   5.3503384e+14
      629.129   5.3482397e+14
      629.168   5.3540514e+14
      629.208   5.3551201e+14
      629.247   5.3532657e+14
      629.287   5.3534476e+14
      629.327   5.3536928e+14
      629.366   5.3524403e+14
      629.406   5.3507840e+14
      629.445   5.3499110e+14
      629.485   5.3540853e+14
      629.525   5.3612717e+14
      629.564   5.3689253e+14
      629.604   5.3705972e+14
      629.644   5.3567051e+14
      629.683   5.3436591e+14
      629.723   5.3283691e+14
      629.763   5.3139010e+14
      629.802   5.3039888e+14
      629.842   5.3103499e+14
      629.882   5.3080235e+14
      629.921   5.3022632e+14
      629.961   5.2846807e+14
      630.001   5.2467968e+14
      630.040   5.2164809e+14
      630.080   5.1796986e+14
      630.120   5.1242583e+14
      630.159   5.1044615e+14
      630.199   5.1158577e+14
      630.239   5.1186577e+14
      630.279   5.1285332e+14
      630.318   5.1629318e+14
      630.358   5.1724307e+14
      630.398   5.1730127e+14
      630.438   5.1733408e+14
      630.477   5.1663285e+14
      630.517   5.1817663e+14
      630.557   5.2066338e+14
      630.596   5.2314323e+14
      630.636   5.2752604e+14
      630.676   5.3344297e+14
      630.716   5.3684261e+14
      630.756   5.3952818e+14
      630.795   5.4247360e+14
      630.835   5.4323533e+14
      630.875   5.4317446e+14
      630.915   5.4330415e+14
      630.955   5.4329733e+14
      630.994   5.4278453e+14
      631.034   5.4285701e+14
      631.074   5.4301849e+14
      631.114   5.4294807e+14
      631.154   5.4294751e+14
      631.194   5.4353164e+14
      631.233   5.4380039e+14
      631.273   5.4332321e+14
      631.313   5.4055437e+14
      631.353   5.3770572e+14
      631.393   5.3257118e+14
      631.433   5.2733106e+14
      631.473   5.2313629e+14
      631.512   5.2182690e+14
      631.552   5.2056907e+14
      631.592   5.2123797e+14
      631.632   5.2081945e+14
      631.672   5.1820339e+14
      631.712   5.1439119e+14
      631.752   5.0947486e+14
      631.792   5.0274488e+14
      631.832   4.9951625e+14
      631.872   4.9818955e+14
      631.911   4.9932107e+14
      631.951   5.0288732e+14
      631.991   5.0867491e+14
      632.031   5.1216903e+14
      632.071   5.1487123e+14
      632.111   5.1377407e+14
      632.151   5.1131466e+14
      632.191   5.1030942e+14
      632.231   5.1088601e+14
      632.271   5.1282501e+14
      632.311   5.1807493e+14
      632.351   5.2337013e+14
      632.391   5.2678116e+14
      632.431   5.2886498e+14
      632.471   5.3065288e+14
      632.511   5.3109714e+14
      632.551   5.3069767e+14
      632.591   5.2943185e+14
      632.631   5.2943347e+14
      632.671   5.3032695e+14
      632.711   5.3138613e+14
      632.751   5.3371014e+14
      632.791   5.3674805e+14
      632.831   5.3806910e+14
      632.871   5.3801065e+14
      632.911   5.3777066e+14
      632.951   5.3715456e+14
      632.992   5.3657435e+14
      633.032   5.3567766e+14
      633.072   5.3475539e+14
      633.112   5.3394138e+14
      633.152   5.3415999e+14
      633.192   5.3460820e+14
      633.232   5.3565255e+14
      633.272   5.3690749e+14
      633.312   5.3776402e+14
      633.352   5.3697536e+14
      633.392   5.3356864e+14
      633.433   5.3108383e+14
      633.473   5.2893604e+14
      633.513   5.2563018e+14
      633.553   5.2228874e+14
      633.593   5.2246534e+14
      633.633   5.2207724e+14
      633.673   5.2136049e+14
      633.714   5.2111351e+14
      633.754   5.1992448e+14
      633.794   5.1816085e+14
      633.834   5.1590880e+14
      633.874   5.1276618e+14
      633.914   5.1300913e+14
      633.955   5.1576800e+14
      633.995   5.1754647e+14
      634.035   5.1947199e+14
      634.075   5.2401543e+14
      634.115   5.2609481e+14
      634.156   5.2709941e+14
      634.196   5.2809691e+14
      634.236   5.2780139e+14
      634.276   5.2592831e+14
      634.317   5.2477760e+14
      634.357   5.2404423e+14
      634.397   5.2375467e+14
      634.437   5.2460222e+14
      634.477   5.2533806e+14
      634.518   5.2479381e+14
      634.558   5.2326471e+14
      634.598   5.2213487e+14
      634.639   5.2130908e+14
      634.679   5.2088510e+14
      634.719   5.2135571e+14
      634.759   5.2248144e+14
      634.800   5.2491854e+14
      634.840   5.2774184e+14
      634.880   5.3034809e+14
      634.921   5.3257197e+14
      634.961   5.3516928e+14
      635.001   5.3600859e+14
      635.042   5.3602401e+14
      635.082   5.3693704e+14
      635.122   5.3837140e+14
      635.163   5.3928553e+14
      635.203   5.3946657e+14
      635.243   5.3911680e+14
      635.284   5.3820492e+14
      635.324   5.3654356e+14
      635.364   5.3331471e+14
      635.405   5.3133703e+14
      635.445   5.3042994e+14
      635.486   5.2880051e+14
      635.526   5.2786114e+14
      635.566   5.2888949e+14
      635.607   5.2945799e+14
      635.647   5.2935050e+14
      635.688   5.2819414e+14
      635.728   5.2431634e+14
      635.768   5.2216963e+14
      635.809   5.2045877e+14
      635.849   5.1832115e+14
      635.890   5.1871316e+14
      635.930   5.2152471e+14
      635.970   5.2224908e+14
      636.011   5.2267981e+14
      636.051   5.2359654e+14
      636.092   5.2216679e+14
      636.132   5.1988416e+14
      636.173   5.1790952e+14
      636.213   5.1509148e+14
      636.254   5.1477234e+14
      636.294   5.1534925e+14
      636.335   5.1643005e+14
      636.375   5.1787538e+14
      636.416   5.2015797e+14
      636.456   5.2049187e+14
      636.497   5.2059590e+14
      636.537   5.2137529e+14
      636.578   5.2198256e+14
      636.618   5.2306018e+14
      636.659   5.2472854e+14
      636.699   5.2603090e+14
      636.740   5.2709378e+14
      636.780   5.2728722e+14
      636.821   5.2763532e+14
      636.862   5.2807654e+14
      636.902   5.2902994e+14
      636.943   5.2965723e+14
      636.983   5.3014586e+14
      637.024   5.3061616e+14
      637.064   5.3034800e+14
      637.105   5.3014796e+14
      637.146   5.3000890e+14
      637.186   5.3036933e+14
      637.227   5.3091679e+14
      637.267   5.3136721e+14
      637.308   5.3224840e+14
      637.349   5.3327092e+14
      637.389   5.3446282e+14
      637.430   5.3507162e+14
      637.471   5.3541417e+14
      637.511   5.3600942e+14
      637.552   5.3676288e+14
      637.592   5.3768248e+14
      637.633   5.3835267e+14
      637.674   5.3880462e+14
      637.714   5.3861689e+14
      637.755   5.3818916e+14
      637.796   5.3768436e+14
      637.836   5.3721067e+14
      637.877   5.3702044e+14
      637.918   5.3548450e+14
      637.958   5.3441962e+14
      637.999   5.3359319e+14
      638.040   5.3283405e+14
      638.081   5.3231253e+14
      638.121   5.3303656e+14
      638.162   5.3300015e+14
      638.203   5.3310830e+14
      638.244   5.3332573e+14
      638.284   5.3345552e+14
      638.325   5.3303027e+14
      638.366   5.3258245e+14
      638.406   5.3001562e+14
      638.447   5.2899222e+14
      638.488   5.2867257e+14
      638.529   5.2904727e+14
      638.570   5.2970813e+14
      638.610   5.3207221e+14
      638.651   5.3258227e+14
      638.692   5.3238493e+14
      638.733   5.3222614e+14
      638.774   5.3214776e+14
      638.814   5.3195279e+14
      638.855   5.3227633e+14
      638.896   5.3248743e+14
      638.937   5.3384689e+14
      638.978   5.3556359e+14
      639.018   5.3752415e+14
      639.059   5.3864285e+14
      639.100   5.3882218e+14
      639.141   5.3797185e+14
      639.182   5.3532903e+14
      639.223   5.2984749e+14
      639.264   5.2571366e+14
      639.304   5.2303978e+14
      639.345   5.2006050e+14
      639.386   5.1837818e+14
      639.427   5.1946407e+14
      639.468   5.1946839e+14
      639.509   5.1920548e+14
      639.550   5.1892000e+14
      639.591   5.1837044e+14
      639.632   5.1912497e+14
      639.672   5.1970491e+14
      639.713   5.1988314e+14
      639.754   5.2319203e+14
      639.795   5.2685880e+14
      639.836   5.2550099e+14
      639.877   5.2250007e+14
      639.918   5.2126426e+14
      639.959   5.1727351e+14
      640.000   5.1333385e+14
      640.041   5.1343118e+14
      640.082   5.1540397e+14
      640.123   5.1596548e+14
      640.164   5.1624349e+14
      640.205   5.1653439e+14
      640.246   5.1671566e+14
      640.287   5.1662949e+14
      640.328   5.1519579e+14
      640.369   5.1594449e+14
      640.410   5.2054285e+14
      640.451   5.2599944e+14
      640.492   5.3183728e+14
      640.533   5.3889478e+14
      640.574   5.4281849e+14
      640.615   5.4206956e+14
      640.656   5.3791128e+14
      640.697   5.3451049e+14
      640.738   5.3162210e+14
      640.779   5.2953019e+14
      640.820   5.2790905e+14
      640.861   5.2884298e+14
      640.902   5.2878965e+14
      640.943   5.2796193e+14
      640.985   5.2615065e+14
      641.026   5.2146290e+14
      641.067   5.1717158e+14
      641.108   5.1386400e+14
      641.149   5.1033340e+14
      641.190   5.1034666e+14
      641.231   5.1393364e+14
      641.272   5.1710451e+14
      641.313   5.1893600e+14
      641.355   5.2056179e+14
      641.396   5.1987827e+14
      641.437   5.1847126e+14
      641.478   5.1688647e+14
      641.519   5.1430342e+14
      641.560   5.1492093e+14
      641.601   5.1673041e+14
      641.643   5.1842141e+14
      641.684   5.2048010e+14
      641.725   5.2402192e+14
      641.766   5.2526055e+14
      641.807   5.2414712e+14
      641.849   5.2085633e+14
      641.890   5.1929647e+14
      641.931   5.1747461e+14
      641.972   5.1252074e+14
      642.013   5.0888816e+14
      642.055   5.0843342e+14
      642.096   5.0715347e+14
      642.137   5.0629361e+14
      642.178   5.0917424e+14
      642.219   5.1191944e+14
      642.261   5.1373133e+14
      642.302   5.1408426e+14
      642.343   5.1358353e+14
      642.385   5.1526970e+14
      642.426   5.1707500e+14
      642.467   5.1774839e+14
      642.508   5.2176985e+14
      642.550   5.2746825e+14
      642.591   5.3078231e+14
      642.632   5.3391563e+14
      642.673   5.3824645e+14
      642.715   5.3960507e+14
      642.756   5.3986599e+14
      642.797   5.3982278e+14
      642.839   5.3952796e+14
      642.880   5.3872737e+14
      642.921   5.3462842e+14
      642.963   5.3154290e+14
      643.004   5.2889324e+14
      643.045   5.2635319e+14
      643.087   5.2427661e+14
      643.128   5.2443309e+14
      643.169   5.2385778e+14
      643.211   5.2280395e+14
      643.252   5.2185276e+14
      643.294   5.2105128e+14
      643.335   5.2125617e+14
      643.376   5.2100431e+14
      643.418   5.1973939e+14
      643.459   5.2167079e+14
      643.501   5.2401149e+14
      643.542   5.2662706e+14
      643.583   5.2937255e+14
      643.625   5.3278999e+14
      643.666   5.3386738e+14
      643.708   5.3333832e+14
      643.749   5.2807337e+14
      643.791   5.2415360e+14
      643.832   5.2117901e+14
      643.874   5.1739449e+14
      643.915   5.1464919e+14
      643.956   5.1631265e+14
      643.998   5.1662839e+14
      644.039   5.1683640e+14
      644.081   5.1688954e+14
      644.122   5.1653329e+14
      644.164   5.1639508e+14
      644.205   5.1583446e+14
      644.247   5.1357817e+14
      644.288   5.1605009e+14
      644.330   5.2053108e+14
      644.371   5.2516421e+14
      644.413   5.3037309e+14
      644.454   5.3688600e+14
      644.496   5.3875424e+14
      644.538   5.3908465e+14
      644.579   5.3897286e+14
      644.621   5.3874187e+14
      644.662   5.3900982e+14
      644.704   5.3933705e+14
      644.745   5.3958879e+14
      644.787   5.3956877e+14
      644.828   5.3660992e+14
      644.870   5.3319701e+14
      644.912   5.3027714e+14
      644.953   5.2735286e+14
      644.995   5.2430886e+14
      645.036   5.2453379e+14
      645.078   5.2455165e+14
      645.120   5.2420908e+14
      645.161   5.2396954e+14
      645.203   5.2423427e+14
      645.245   5.2415795e+14
      645.286   5.2398332e+14
      645.328   5.2203557e+14
      645.369   5.2162363e+14
      645.411   5.2303523e+14
      645.453   5.2430734e+14
      645.494   5.2455190e+14
      645.536   5.2660743e+14
      645.578   5.2613790e+14
      645.619   5.2433492e+14
      645.661   5.2337756e+14
      645.703   5.2355140e+14
      645.745   5.2362120e+14
      645.786   5.2366094e+14
      645.828   5.2367221e+14
      645.870   5.2399240e+14
      645.911   5.2453942e+14
      645.953   5.2596865e+14
      645.995   5.2787287e+14
      646.037   5.3070425e+14
      646.078   5.3168773e+14
      646.120   5.2948103e+14
      646.162   5.2580042e+14
      646.204   5.2163789e+14
      646.245   5.1648814e+14
      646.287   5.1276044e+14
      646.329   5.1171670e+14
      646.371   5.1115768e+14
      646.412   5.0985906e+14
      646.454   5.0835605e+14
      646.496   5.0702206e+14
      646.538   5.0579863e+14
      646.580   5.0492979e+14
      646.621   5.0677823e+14
      646.663   5.1180200e+14
      646.705   5.1716499e+14
      646.747   5.2202723e+14
      646.789   5.2629748e+14
      646.831   5.2877069e+14
      646.872   5.2852089e+14
      646.914   5.2800477e+14
      646.956   5.2868391e+14
      646.998   5.2828176e+14
      647.040   5.2725410e+14
      647.082   5.2607973e+14
      647.124   5.2481075e+14
      647.165   5.2302924e+14
      647.207   5.2274057e+14
      647.249   5.2307759e+14
      647.291   5.2399138e+14
      647.333   5.2514648e+14
      647.375   5.2595297e+14
      647.417   5.2564157e+14
      647.459   5.2484126e+14
      647.501   5.2364634e+14
      647.543   5.2373578e+14
      647.584   5.2461330e+14
      647.626   5.2662312e+14
      647.668   5.2894956e+14
      647.710   5.3083931e+14
      647.752   5.3104657e+14
      647.794   5.3082664e+14
      647.836   5.3064252e+14
      647.878   5.3052689e+14
      647.920   5.3092987e+14
      647.962   5.3241918e+14
      648.004   5.3369671e+14
      648.046   5.3378350e+14
      648.088   5.3335806e+14
      648.130   5.3167302e+14
      648.172   5.2877713e+14
      648.214   5.2604399e+14
      648.256   5.2440710e+14
      648.298   5.2323674e+14
      648.340   5.2281374e+14
      648.382   5.2253751e+14
      648.424   5.2270190e+14
      648.466   5.2292186e+14
      648.508   5.2312224e+14
      648.551   5.2383607e+14
      648.593   5.2569529e+14
      648.635   5.2803810e+14
      648.677   5.3130537e+14
      648.719   5.3470693e+14
      648.761   5.3766804e+14
      648.803   5.3959077e+14
      648.845   5.4105319e+14
      648.887   5.4166649e+14
      648.929   5.4210014e+14
      648.971   5.4225937e+14
      649.014   5.4163852e+14
      649.056   5.4084369e+14
      649.098   5.4007480e+14
      649.140   5.3923398e+14
      649.182   5.3795832e+14
      649.224   5.3477696e+14
      649.266   5.3078452e+14
      649.309   5.2583791e+14
      649.351   5.1834641e+14
      649.393   5.1002027e+14
      649.435   5.0340630e+14
      649.477   4.9639253e+14
      649.519   4.8877293e+14
      649.562   4.8403414e+14
      649.604   4.8064136e+14
      649.646   4.7790222e+14
      649.688   4.7645148e+14
      649.730   4.7660988e+14
      649.773   4.7845045e+14
      649.815   4.7916189e+14
      649.857   4.8063569e+14
      649.899   4.8494316e+14
      649.942   4.9003724e+14
      649.984   4.9403170e+14
      650.026   5.0062508e+14
      650.068   5.0811600e+14
      650.111   5.1325224e+14
      650.153   5.1754710e+14
      650.195   5.2092925e+14
      650.237   5.2211523e+14
      650.280   5.2151140e+14
      650.322   5.2116207e+14
      650.364   5.2240721e+14
      650.406   5.2407491e+14
      650.449   5.2632324e+14
      650.491   5.2871519e+14
      650.533   5.3054741e+14
      650.576   5.3070367e+14
      650.618   5.3061024e+14
      650.660   5.3046434e+14
      650.703   5.3008668e+14
      650.745   5.2959674e+14
      650.787   5.2966043e+14
      650.830   5.3028859e+14
      650.872   5.3103060e+14
      650.915   5.3198982e+14
      650.957   5.3303683e+14
      650.999   5.3351702e+14
      651.042   5.3336874e+14
      651.084   5.3310812e+14
      651.126   5.3278852e+14
      651.169   5.3241719e+14
      651.211   5.3211062e+14
      651.254   5.3190644e+14
      651.296   5.3200304e+14
      651.339   5.3263500e+14
      651.381   5.3352525e+14
      651.423   5.3402207e+14
      651.466   5.3365722e+14
      651.508   5.3270765e+14
      651.551   5.3138153e+14
      651.593   5.3001182e+14
      651.636   5.2885921e+14
      651.678   5.2753502e+14
      651.721   5.2587355e+14
      651.763   5.2411587e+14
      651.806   5.2236535e+14
      651.848   5.2065972e+14
      651.890   5.1976448e+14
      651.933   5.1928021e+14
      651.976   5.1915693e+14
      652.018   5.1951866e+14
      652.060   5.1998543e+14
      652.103   5.2058772e+14
      652.146   5.2130499e+14
      652.188   5.2208062e+14
      652.231   5.2333988e+14
      652.273   5.2498267e+14
      652.316   5.2667572e+14
      652.358   5.2842072e+14
      652.401   5.2990408e+14
      652.443   5.3042435e+14
      652.486   5.3040351e+14
      652.529   5.3010338e+14
      652.571   5.2957896e+14
      652.614   5.2896995e+14
      652.656   5.2839613e+14
      652.699   5.2796761e+14
      652.742   5.2768041e+14
      652.784   5.2755332e+14
      652.827   5.2744025e+14
      652.869   5.2718822e+14
      652.912   5.2687450e+14
      652.955   5.2651147e+14
      652.997   5.2627248e+14
      653.040   5.2642549e+14
      653.083   5.2697973e+14
      653.125   5.2771073e+14
      653.168   5.2831112e+14
      653.211   5.2815518e+14
      653.253   5.2706768e+14
      653.296   5.2566513e+14
      653.339   5.2419983e+14
      653.381   5.2292437e+14
      653.424   5.2234041e+14
      653.467   5.2227283e+14
      653.509   5.2220770e+14
      653.552   5.2206447e+14
      653.595   5.2181255e+14
      653.637   5.2147101e+14
      653.680   5.2102152e+14
      653.723   5.2032193e+14
      653.766   5.2010931e+14
      653.808   5.2041268e+14
      653.851   5.2080246e+14
      653.894   5.2135029e+14
      653.937   5.2213193e+14
      653.979   5.2219515e+14
      654.022   5.2172900e+14
      654.065   5.2122332e+14
      654.108   5.2071096e+14
      654.151   5.2025784e+14
      654.193   5.2010356e+14
      654.236   5.2046388e+14
      654.279   5.2140723e+14
      654.322   5.2246274e+14
      654.365   5.2345246e+14
      654.407   5.2405934e+14
      654.450   5.2248925e+14
      654.493   5.1946908e+14
      654.536   5.1655729e+14
      654.579   5.1326611e+14
      654.622   5.0996465e+14
      654.664   5.0837910e+14
      654.707   5.0770712e+14
      654.750   5.0678132e+14
      654.793   5.0621469e+14
      654.836   5.0590510e+14
      654.879   5.0529874e+14
      654.922   5.0430650e+14
      654.965   5.0407585e+14
      655.008   5.0546758e+14
      655.050   5.0720510e+14
      655.093   5.0940209e+14
      655.136   5.1235459e+14
      655.179   5.1456536e+14
      655.222   5.1504455e+14
      655.265   5.1565911e+14
      655.308   5.1583493e+14
      655.351   5.1532122e+14
      655.394   5.1414417e+14
      655.437   5.1257766e+14
      655.480   5.1098119e+14
      655.523   5.0932184e+14
      655.566   5.0761930e+14
      655.609   5.0613771e+14
      655.652   5.0474834e+14
      655.695   5.0319047e+14
      655.738   5.0130218e+14
      655.781   4.9892505e+14
      655.824   4.9607874e+14
      655.867   4.9264106e+14
      655.910   4.8868112e+14
      655.953   4.8448293e+14
      655.996   4.7971937e+14
      656.039   4.7348873e+14
      656.082   4.6421848e+14
      656.125   4.5055362e+14
      656.168   4.3382136e+14
      656.211   4.1611888e+14
      656.254   3.9823895e+14
      656.297   3.8394166e+14
      656.340   3.7504515e+14
      656.383   3.7011953e+14
      656.426   3.6743393e+14
      656.470   3.6665221e+14
      656.513   3.6747621e+14
      656.556   3.6972164e+14
      656.599   3.7452260e+14
      656.642   3.8375086e+14
      656.685   3.9731786e+14
      656.728   4.1293662e+14
      656.771   4.2837220e+14
      656.814   4.4234163e+14
      656.858   4.5289748e+14
      656.901   4.5941597e+14
      656.944   4.6369615e+14
      656.987   4.6757341e+14
      657.030   4.7101108e+14
      657.073   4.7355586e+14
      657.117   4.7513897e+14
      657.160   4.7606653e+14
      657.203   4.7791735e+14
      657.246   4.7937127e+14
      657.289   4.8079569e+14
      657.333   4.8236988e+14
      657.376   4.8359602e+14
      657.419   4.8491836e+14
      657.462   4.8670092e+14
      657.505   4.8821557e+14
      657.549   4.8942333e+14
      657.592   4.9075292e+14
      657.635   4.9209602e+14
      657.678   4.9365443e+14
      657.722   4.9509131e+14
      657.765   4.9689190e+14
      657.808   4.9915964e+14
      657.851   5.0175892e+14
      657.895   5.0480638e+14
      657.938   5.0775744e+14
      657.981   5.1026169e+14
      658.025   5.1243574e+14
      658.068   5.1403616e+14
      658.111   5.1490125e+14
      658.155   5.1580034e+14
      658.198   5.1665234e+14
      658.241   5.1737192e+14
      658.284   5.1793908e+14
      658.328   5.1827849e+14
      658.371   5.1860716e+14
      658.415   5.1894001e+14
      658.458   5.1892735e+14
      658.501   5.1876216e+14
      658.545   5.1874361e+14
      658.588   5.1870442e+14
      658.631   5.1875131e+14
      658.675   5.1915722e+14
      658.718   5.1976141e+14
      658.761   5.2033576e+14
      658.805   5.2093419e+14
      658.848   5.2159829e+14
      658.892   5.2228645e+14
      658.935   5.2278812e+14
      658.979   5.2327071e+14
      659.022   5.2405128e+14
      659.065   5.2463631e+14
      659.109   5.2374885e+14
      659.152   5.2104527e+14
      659.196   5.1758877e+14
      659.239   5.1279683e+14
      659.283   5.0759348e+14
      659.326   5.0397195e+14
      659.370   5.0166859e+14
      659.413   4.9972277e+14
      659.457   4.9863722e+14
      659.500   4.9834106e+14
      659.544   4.9808211e+14
      659.587   4.9714491e+14
      659.631   4.9683605e+14
      659.674   4.9824673e+14
      659.718   5.0000704e+14
      659.761   5.0251086e+14
      659.805   5.0664676e+14
      659.848   5.1049680e+14
      659.892   5.1289293e+14
      659.935   5.1486000e+14
      659.979   5.1601739e+14
      660.022   5.1630020e+14
      660.066   5.1622497e+14
      660.110   5.1666819e+14
      660.153   5.1784514e+14
      660.197   5.1908618e+14
      660.240   5.2043624e+14
      660.284   5.2181391e+14
      660.328   5.2273968e+14
      660.371   5.2322584e+14
      660.415   5.2351007e+14
      660.458   5.2362398e+14
      660.502   5.2381182e+14
      660.546   5.2388333e+14
      660.589   5.2369461e+14
      660.633   5.2331042e+14
      660.677   5.2276320e+14
      660.720   5.2187912e+14
      660.764   5.2013418e+14
      660.807   5.1783595e+14
      660.851   5.1579766e+14
      660.895   5.1414177e+14
      660.939   5.1292154e+14
      660.982   5.1275859e+14
      661.026   5.1329855e+14
      661.070   5.1390515e+14
      661.113   5.1410830e+14
      661.157   5.1431562e+14
      661.201   5.1444304e+14
      661.244   5.1467958e+14
      661.288   5.1555281e+14
      661.332   5.1738491e+14
      661.376   5.1971683e+14
      661.419   5.2219145e+14
      661.463   5.2458727e+14
      661.507   5.2624402e+14
      661.551   5.2681191e+14
      661.594   5.2666625e+14
      661.638   5.2628487e+14
      661.682   5.2597012e+14
      661.726   5.2586850e+14
      661.770   5.2587014e+14
      661.813   5.2593759e+14
      661.857   5.2617582e+14
      661.901   5.2634744e+14
      661.945   5.2622912e+14
      661.989   5.2593745e+14
      662.032   5.2564830e+14
      662.076   5.2528658e+14
      662.120   5.2485814e+14
      662.164   5.2449630e+14
      662.208   5.2431115e+14
      662.252   5.2416257e+14
      662.296   5.2400736e+14
      662.339   5.2364453e+14
      662.383   5.2304234e+14
      662.427   5.2247348e+14
      662.471   5.2198121e+14
      662.515   5.2161228e+14
      662.559   5.2145681e+14
      662.603   5.2118119e+14
      662.647   5.2074202e+14
      662.690   5.2047891e+14
      662.734   5.2014308e+14
      662.778   5.1984729e+14
      662.822   5.1979171e+14
      662.866   5.1975611e+14
      662.910   5.1941678e+14
      662.954   5.1890051e+14
      662.998   5.1827073e+14
      663.042   5.1778441e+14
      663.086   5.1697752e+14
      663.130   5.1616718e+14
      663.174   5.1539017e+14
      663.218   5.1345772e+14
      663.262   5.1064681e+14
      663.306   5.0826631e+14
      663.350   5.0576519e+14
      663.394   5.0324379e+14
      663.438   5.0221168e+14
      663.482   5.0245543e+14
      663.526   5.0270924e+14
      663.570   5.0303656e+14
      663.614   5.0387841e+14
      663.658   5.0464690e+14
      663.702   5.0516154e+14
      663.746   5.0685245e+14
      663.790   5.0969316e+14
      663.834   5.1179236e+14
      663.878   5.1341387e+14
      663.922   5.1548013e+14
      663.967   5.1663155e+14
      664.011   5.1670925e+14
      664.055   5.1704435e+14
      664.099   5.1762359e+14
      664.143   5.1762112e+14
      664.187   5.1641486e+14
      664.231   5.1433569e+14
      664.275   5.1251367e+14
      664.319   5.1070810e+14
      664.364   5.0951186e+14
      664.408   5.0980652e+14
      664.452   5.1110142e+14
      664.496   5.1198162e+14
      664.540   5.1218615e+14
      664.584   5.1158100e+14
      664.628   5.1043036e+14
      664.673   5.0865125e+14
      664.717   5.0813948e+14
      664.761   5.0939799e+14
      664.805   5.1110518e+14
      664.849   5.1282265e+14
      664.894   5.1508337e+14
      664.938   5.1635606e+14
      664.982   5.1647058e+14
      665.026   5.1626036e+14
      665.070   5.1641170e+14
      665.115   5.1673126e+14
      665.159   5.1724764e+14
      665.203   5.1791147e+14
      665.247   5.1849164e+14
      665.292   5.1875780e+14
      665.336   5.1875859e+14
      665.380   5.1840099e+14
      665.424   5.1795285e+14
      665.469   5.1774665e+14
      665.513   5.1741567e+14
      665.557   5.1712151e+14
      665.602   5.1713969e+14
      665.646   5.1744866e+14
      665.690   5.1776774e+14
      665.735   5.1841271e+14
      665.779   5.1913077e+14
      665.823   5.1927233e+14
      665.868   5.1879447e+14
      665.912   5.1815825e+14
      665.956   5.1750185e+14
      666.001   5.1686621e+14
      666.045   5.1664213e+14
      666.089   5.1669305e+14
      666.134   5.1615780e+14
      666.178   5.1378050e+14
      666.223   5.1017935e+14
      666.267   5.0663403e+14
      666.311   5.0312505e+14
      666.356   5.0031424e+14
      666.400   4.9945818e+14
      666.445   5.0019316e+14
      666.489   5.0067916e+14
      666.533   5.0089675e+14
      666.578   5.0080636e+14
      666.622   5.0000376e+14
      666.667   4.9904405e+14
      666.711   5.0003359e+14
      666.756   5.0262851e+14
      666.800   5.0588775e+14
      666.844   5.0986585e+14
      666.889   5.1406683e+14
      666.933   5.1649473e+14
      666.978   5.1751013e+14
      667.022   5.1837703e+14
      667.067   5.1931880e+14
      667.111   5.2024984e+14
      667.156   5.2125561e+14
      667.200   5.2241529e+14
      667.245   5.2333402e+14
      667.289   5.2402361e+14
      667.334   5.2435125e+14
      667.379   5.2424556e+14
      667.423   5.2399783e+14
      667.468   5.2377447e+14
      667.512   5.2354355e+14
      667.557   5.2320918e+14
      667.601   5.2210431e+14
      667.646   5.1921854e+14
      667.690   5.1530307e+14
      667.735   5.1173746e+14
      667.780   5.0839996e+14
      667.824   5.0585134e+14
      667.869   5.0505829e+14
      667.913   5.0557584e+14
      667.958   5.0581504e+14
      668.003   5.0592982e+14
      668.047   5.0598333e+14
      668.092   5.0573828e+14
      668.137   5.0578248e+14
      668.181   5.0762226e+14
      668.226   5.1067745e+14
      668.271   5.1401235e+14
      668.315   5.1768335e+14
      668.360   5.2099555e+14
      668.405   5.2259209e+14
      668.449   5.2305051e+14
      668.494   5.2338193e+14
      668.539   5.2369315e+14
      668.583   5.2380843e+14
      668.628   5.2354412e+14
      668.673   5.2325954e+14
      668.717   5.2290680e+14
      668.762   5.2268284e+14
      668.807   5.2268770e+14
      668.852   5.2308655e+14
      668.896   5.2360590e+14
      668.941   5.2409579e+14
      668.986   5.2436349e+14
      669.031   5.2448970e+14
      669.075   5.2428835e+14
      669.120   5.2422253e+14
      669.165   5.2441610e+14
      669.210   5.2483208e+14
      669.254   5.2544271e+14
      669.299   5.2633728e+14
      669.344   5.2701290e+14
      669.389   5.2735493e+14
      669.434   5.2680733e+14
      669.478   5.2518035e+14
      669.523   5.2351338e+14
      669.568   5.2203161e+14
      669.613   5.2082267e+14
      669.658   5.2043966e+14
      669.703   5.2073083e+14
      669.748   5.2042184e+14
      669.792   5.1967371e+14
      669.837   5.1862275e+14
      669.882   5.1738277e+14
      669.927   5.1612575e+14
      669.972   5.1622781e+14
      670.017   5.1756794e+14
      670.062   5.1925564e+14
      670.107   5.2106838e+14
      670.151   5.2307292e+14
      670.196   5.2371535e+14
      670.241   5.2312290e+14
      670.286   5.2283737e+14
      670.331   5.2251138e+14
      670.376   5.2193552e+14
      670.421   5.2214270e+14
      670.466   5.2265365e+14
      670.511   5.2238827e+14
      670.556   5.2205200e+14
      670.601   5.2205995e+14
      670.646   5.2178096e+14
      670.691   5.2133985e+14
      670.736   5.2156733e+14
      670.781   5.2220336e+14
      670.826   5.2331910e+14
      670.871   5.2467813e+14
      670.916   5.2610156e+14
      670.961   5.2703873e+14
      671.006   5.2757402e+14
      671.051   5.2817706e+14
      671.096   5.2785772e+14
      671.141   5.2628481e+14
      671.186   5.2415750e+14
      671.231   5.2195228e+14
      671.276   5.1992236e+14
      671.321   5.1861210e+14
      671.366   5.1817369e+14
      671.411   5.1805973e+14
      671.456   5.1814180e+14
      671.501   5.1795341e+14
      671.547   5.1768127e+14
      671.592   5.1638722e+14
      671.637   5.1450465e+14
      671.682   5.1419422e+14
      671.727   5.1500313e+14
      671.772   5.1588653e+14
      671.817   5.1787272e+14
      671.862   5.2043751e+14
      671.908   5.2166729e+14
      671.953   5.2220292e+14
      671.998   5.2260327e+14
      672.043   5.2267216e+14
      672.088   5.2240607e+14
      672.133   5.2333436e+14
      672.179   5.2515025e+14
      672.224   5.2672530e+14
      672.269   5.2828022e+14
      672.314   5.3036006e+14
      672.359   5.3052081e+14
      672.405   5.2894241e+14
      672.450   5.2744760e+14
      672.495   5.2550570e+14
      672.540   5.2277121e+14
      672.585   5.2104887e+14
      672.631   5.2019390e+14
      672.676   5.1933470e+14
      672.721   5.1910528e+14
      672.766   5.2022051e+14
      672.812   5.2075404e+14
      672.857   5.2076181e+14
      672.902   5.2129464e+14
      672.948   5.2229927e+14
      672.993   5.2271704e+14
      673.038   5.2391765e+14
      673.083   5.2582998e+14
      673.129   5.2704525e+14
      673.174   5.2748040e+14
      673.219   5.2836976e+14
      673.265   5.2842959e+14
      673.310   5.2798353e+14
      673.355   5.2772727e+14
      673.401   5.2795660e+14
      673.446   5.2788675e+14
      673.491   5.2775931e+14
      673.537   5.2761220e+14
      673.582   5.2750843e+14
      673.628   5.2712055e+14
      673.673   5.2707435e+14
      673.718   5.2740804e+14
      673.764   5.2736940e+14
      673.809   5.2645824e+14
      673.854   5.2611343e+14
      673.900   5.2556577e+14
      673.945   5.2468817e+14
      673.991   5.2426253e+14
      674.036   5.2444341e+14
      674.082   5.2431628e+14
      674.127   5.2391349e+14
      674.172   5.2335788e+14
      674.218   5.2286751e+14
      674.263   5.2219290e+14
      674.309   5.2209954e+14
      674.354   5.2275568e+14
      674.400   5.2338893e+14
      674.445   5.2369885e+14
      674.491   5.2438318e+14
      674.536   5.2458115e+14
      674.582   5.2413802e+14
      674.627   5.2368395e+14
      674.673   5.2375359e+14
      674.718   5.2393124e+14
      674.764   5.2397373e+14
      674.809   5.2416837e+14
      674.855   5.2366387e+14
      674.900   5.2173150e+14
      674.946   5.2020395e+14
      674.992   5.1870341e+14
      675.037   5.1697756e+14
      675.083   5.1595582e+14
      675.128   5.1559591e+14
      675.174   5.1478807e+14
      675.219   5.1396912e+14
      675.265   5.1360645e+14
      675.311   5.1330823e+14
      675.356   5.1333226e+14
      675.402   5.1459130e+14
      675.447   5.1655713e+14
      675.493   5.1838785e+14
      675.539   5.2039576e+14
      675.584   5.2229090e+14
      675.630   5.2348638e+14
      675.676   5.2440306e+14
      675.721   5.2546195e+14
      675.767   5.2647415e+14
      675.813   5.2765315e+14
      675.858   5.2822931e+14
      675.904   5.2828571e+14
      675.950   5.2773295e+14
      675.995   5.2707720e+14
      676.041   5.2646299e+14
      676.087   5.2588954e+14
      676.133   5.2567345e+14
      676.178   5.2591266e+14
      676.224   5.2617660e+14
      676.270   5.2634856e+14
      676.315   5.2641425e+14
      676.361   5.2598694e+14
      676.407   5.2484443e+14
      676.453   5.2393679e+14
      676.498   5.2341307e+14
      676.544   5.2285947e+14
      676.590   5.2198899e+14
      676.636   5.2056645e+14
      676.682   5.1943333e+14
      676.727   5.1811189e+14
      676.773   5.1673653e+14
      676.819   5.1576304e+14
      676.865   5.1589356e+14
      676.911   5.1575824e+14
      676.956   5.1556757e+14
      677.002   5.1565716e+14
      677.048   5.1539221e+14
      677.094   5.1401940e+14
      677.140   5.1408842e+14
      677.186   5.1496539e+14
      677.232   5.1569936e+14
      677.277   5.1686221e+14
      677.323   5.1936274e+14
      677.369   5.2020624e+14
      677.415   5.2008809e+14
      677.461   5.2034512e+14
      677.507   5.2086483e+14
      677.553   5.2098544e+14
      677.599   5.2160757e+14
      677.644   5.2283284e+14
      677.690   5.2359507e+14
      677.736   5.2401960e+14
      677.782   5.2477854e+14
      677.828   5.2485512e+14
      677.874   5.2450853e+14
      677.920   5.2441440e+14
      677.966   5.2458312e+14
      678.012   5.2464602e+14
      678.058   5.2455869e+14
      678.104   5.2445090e+14
      678.150   5.2384121e+14
      678.196   5.2222759e+14
      678.242   5.2097913e+14
      678.288   5.1994906e+14
      678.334   5.1885396e+14
      678.380   5.1785431e+14
      678.426   5.1760935e+14
      678.472   5.1693053e+14
      678.518   5.1596469e+14
      678.564   5.1448632e+14
      678.610   5.1345182e+14
      678.656   5.1241379e+14
      678.702   5.1229822e+14
      678.748   5.1298555e+14
      678.794   5.1421984e+14
      678.841   5.1519186e+14
      678.887   5.1622482e+14
      678.933   5.1623244e+14
      678.979   5.1613411e+14
      679.025   5.1595372e+14
      679.071   5.1624163e+14
      679.117   5.1668346e+14
      679.163   5.1672874e+14
      679.209   5.1574129e+14
      679.256   5.1476130e+14
      679.302   5.1344870e+14
      679.348   5.1205730e+14
      679.394   5.1098374e+14
      679.440   5.1057365e+14
      679.486   5.0949303e+14
      679.532   5.0881249e+14
      679.579   5.0821813e+14
      679.625   5.0775301e+14
      679.671   5.0717488e+14
      679.717   5.0734606e+14
      679.763   5.0706902e+14
      679.810   5.0706982e+14
      679.856   5.0724791e+14
      679.902   5.0737120e+14
      679.948   5.0710088e+14
      679.995   5.0789246e+14
      680.041   5.0870744e+14
      680.087   5.0964916e+14
      680.133   5.1079648e+14
      680.180   5.1192070e+14
      680.226   5.1183891e+14
      680.272   5.1188721e+14
      680.318   5.1236025e+14
      680.365   5.1291287e+14
      680.411   5.1374226e+14
      680.457   5.1493487e+14
      680.504   5.1508352e+14
      680.550   5.1312084e+14
      680.596   5.1177810e+14
      680.643   5.1053529e+14
      680.689   5.0921958e+14
      680.735   5.0876045e+14
      680.782   5.1021794e+14
      680.828   5.1074942e+14
      680.874   5.1020466e+14
      680.921   5.0998963e+14
      680.967   5.0984234e+14
      681.013   5.0877282e+14
      681.060   5.0970973e+14
      681.106   5.1245306e+14
      681.153   5.1492665e+14
      681.199   5.1713918e+14
      681.245   5.1960921e+14
      681.292   5.1990233e+14
      681.338   5.1809888e+14
      681.385   5.1737993e+14
      681.431   5.1753154e+14
      681.477   5.1740176e+14
      681.524   5.1751986e+14
      681.570   5.1875235e+14
      681.617   5.1865774e+14
      681.663   5.1796178e+14
      681.710   5.1726306e+14
      681.756   5.1687923e+14
      681.803   5.1625924e+14
      681.849   5.1637650e+14
      681.896   5.1625762e+14
      681.942   5.1633369e+14
      681.989   5.1593666e+14
      682.035   5.1602293e+14
      682.082   5.1545418e+14
      682.128   5.1517644e+14
      682.175   5.1459376e+14
      682.221   5.1437775e+14
      682.268   5.1400448e+14
      682.314   5.1374030e+14
      682.361   5.1321915e+14
      682.408   5.1347098e+14
      682.454   5.1376668e+14
      682.501   5.1449962e+14
      682.547   5.1529372e+14
      682.594   5.1621588e+14
      682.640   5.1617511e+14
      682.687   5.1575350e+14
      682.734   5.1400514e+14
      682.780   5.1256855e+14
      682.827   5.1135254e+14
      682.874   5.1048700e+14
      682.920   5.0991627e+14
      682.967   5.1056343e+14
      683.013   5.1092449e+14
      683.060   5.1114533e+14
      683.107   5.1121829e+14
      683.153   5.1132491e+14
      683.200   5.1083387e+14
      683.247   5.1157411e+14
      683.293   5.1289511e+14
      683.340   5.1443031e+14
      683.387   5.1630636e+14
      683.434   5.1873661e+14
      683.480   5.1975558e+14
      683.527   5.1999430e+14
      683.574   5.1977192e+14
      683.620   5.1975184e+14
      683.667   5.1970497e+14
      683.714   5.2001601e+14
      683.761   5.2061284e+14
      683.807   5.2127783e+14
      683.854   5.2101410e+14
      683.901   5.2078827e+14
      683.948   5.1928827e+14
      683.995   5.1613518e+14
      684.041   5.1343208e+14
      684.088   5.1153178e+14
      684.135   5.0900091e+14
      684.182   5.0717240e+14
      684.229   5.0567427e+14
      684.275   5.0442673e+14
      684.322   5.0292135e+14
      684.369   5.0230470e+14
      684.416   5.0200494e+14
      684.463   5.0263897e+14
      684.510   5.0449644e+14
      684.556   5.0734604e+14
      684.603   5.0959707e+14
      684.650   5.1258251e+14
      684.697   5.1573040e+14
      684.744   5.1858571e+14
      684.791   5.2119314e+14
      684.838   5.2382167e+14
      684.885   5.2567126e+14
      684.932   5.2756933e+14
      684.978   5.2794960e+14
      685.025   5.2717883e+14
      685.072   5.2609753e+14
      685.119   5.2513337e+14
      685.166   5.2429326e+14
      685.213   5.2364273e+14
      685.260   5.2354068e+14
      685.307   5.2306941e+14
      685.354   5.2108680e+14
      685.401   5.1843796e+14
      685.448   5.1517794e+14
      685.495   5.1202793e+14
      685.542   5.0999222e+14
      685.589   5.0975798e+14
      685.636   5.1011396e+14
      685.683   5.1000396e+14
      685.730   5.1020807e+14
      685.777   5.0994961e+14
      685.824   5.0911446e+14
      685.871   5.0920118e+14
      685.918   5.1084188e+14
      685.965   5.1309402e+14
      686.012   5.1504255e+14
      686.059   5.1515381e+14
      686.106   5.1490245e+14
      686.153   5.1444717e+14
      686.201   5.1422407e+14
      686.248   5.1486044e+14
      686.295   5.1647821e+14
      686.342   5.1741197e+14
      686.389   5.1784138e+14
      686.436   5.1757959e+14
      686.483   5.1717963e+14
      686.530   5.1644083e+14
      686.577   5.1765145e+14
      686.625   5.2063975e+14
      686.672   5.2340995e+14
      686.719   5.2590043e+14
      686.766   5.2875433e+14
      686.813   5.2979669e+14
      686.860   5.2921056e+14
      686.908   5.2850405e+14
      686.955   5.2789697e+14
      687.002   5.2740389e+14
      687.049   5.2659601e+14
      687.096   5.2538327e+14
      687.144   5.2402583e+14
      687.191   5.2261552e+14
      687.238   5.2172057e+14
      687.285   5.2148635e+14
      687.332   5.2169849e+14
      687.380   5.2175918e+14
      687.427   5.2162874e+14
      687.474   5.2130444e+14
      687.521   5.2094552e+14
      687.569   5.2047992e+14
      687.616   5.2053634e+14
      687.663   5.2094929e+14
      687.711   5.2146343e+14
      687.758   5.2215349e+14
      687.805   5.2300637e+14
      687.852   5.2326374e+14
      687.900   5.2304054e+14
      687.947   5.2289967e+14
      687.995   5.2267289e+14
      688.042   5.2188417e+14
      688.089   5.2060688e+14
      688.137   5.1918819e+14
      688.184   5.1776854e+14
      688.231   5.1636249e+14
      688.279   5.1561536e+14
      688.326   5.1548424e+14
      688.373   5.1534962e+14
      688.421   5.1466119e+14
      688.468   5.1395465e+14
      688.516   5.1282227e+14
      688.563   5.1181731e+14
      688.610   5.1121783e+14
      688.658   5.1206824e+14
      688.705   5.1312609e+14
      688.753   5.1460429e+14
      688.800   5.1598489e+14
      688.848   5.1723120e+14
      688.895   5.1732200e+14
      688.943   5.1763902e+14
      688.990   5.1802467e+14
      689.037   5.1861503e+14
      689.085   5.1923399e+14
      689.132   5.2071964e+14
      689.180   5.2160594e+14
      689.227   5.2226611e+14
      689.275   5.2257670e+14
      689.322   5.2262271e+14
      689.370   5.2169775e+14
      689.417   5.2061219e+14
      689.465   5.1958633e+14
      689.513   5.1870604e+14
      689.560   5.1822417e+14
      689.608   5.1812481e+14
      689.655   5.1763936e+14
      689.703   5.1659896e+14
      689.750   5.1574170e+14
      689.798   5.1475659e+14
      689.846   5.1358731e+14
      689.893   5.1324371e+14
      689.941   5.1367539e+14
      689.988   5.1396743e+14
      690.036   5.1431240e+14
      690.083   5.1479214e+14
      690.131   5.1485918e+14
      690.179   5.1467614e+14
      690.226   5.1493011e+14
      690.274   5.1536556e+14
      690.322   5.1570030e+14
      690.369   5.1603431e+14
      690.417   5.1631003e+14
      690.465   5.1578633e+14
      690.512   5.1492102e+14
      690.560   5.1409808e+14
      690.608   5.1346279e+14
      690.655   5.1314658e+14
      690.703   5.1314742e+14
      690.751   5.1344044e+14
      690.799   5.1386569e+14
      690.846   5.1414062e+14
      690.894   5.1446156e+14
      690.942   5.1486952e+14
      690.990   5.1509662e+14
      691.037   5.1514554e+14
      691.085   5.1568238e+14
      691.133   5.1606613e+14
      691.181   5.1631425e+14
      691.228   5.1664864e+14
      691.276   5.1643741e+14
      691.324   5.1436758e+14
      691.372   5.1260378e+14
      691.419   5.1080765e+14
      691.467   5.0853510e+14
      691.515   5.0570866e+14
      691.563   5.0517972e+14
      691.611   5.0444880e+14
      691.659   5.0377342e+14
      691.706   5.0332708e+14
      691.754   5.0401677e+14
      691.802   5.0355021e+14
      691.850   5.0425735e+14
      691.898   5.0512488e+14
      691.946   5.0552919e+14
      691.994   5.0582557e+14
      692.042   5.0774898e+14
      692.089   5.0876258e+14
      692.137   5.0981191e+14
      692.185   5.1145722e+14
      692.233   5.1329790e+14
      692.281   5.1289437e+14
      692.329   5.1201321e+14
      692.377   5.1015599e+14
      692.425   5.0829842e+14
      692.473   5.0688338e+14
      692.521   5.0679648e+14
      692.569   5.0666077e+14
      692.617   5.0735845e+14
      692.665   5.0809452e+14
      692.713   5.0821695e+14
      692.761   5.0756857e+14
      692.809   5.0783044e+14
      692.857   5.0797725e+14
      692.905   5.0859850e+14
      692.953   5.0967333e+14
      693.001   5.1151589e+14
      693.049   5.1225965e+14
      693.097   5.1299995e+14
      693.145   5.1283657e+14
      693.193   5.1187047e+14
      693.241   5.1021673e+14
      693.289   5.0904090e+14
      693.337   5.0794859e+14
      693.385   5.0710762e+14
      693.433   5.0722998e+14
      693.481   5.0771896e+14
      693.529   5.0779595e+14
      693.577   5.0809651e+14
      693.626   5.0860728e+14
      693.674   5.0879968e+14
      693.722   5.0925046e+14
      693.770   5.1063390e+14
      693.818   5.1196515e+14
      693.866   5.1332801e+14
      693.914   5.1472597e+14
      693.963   5.1592221e+14
      694.011   5.1658331e+14
      694.059   5.1709427e+14
      694.107   5.1745152e+14
      694.155   5.1749083e+14
      694.203   5.1722250e+14
      694.252   5.1716464e+14
      694.300   5.1685084e+14
      694.348   5.1544287e+14
      694.396   5.1304533e+14
      694.444   5.1148647e+14
      694.493   5.0975686e+14
      694.541   5.0807179e+14
      694.589   5.0695289e+14
      694.637   5.0721874e+14
      694.686   5.0696071e+14
      694.734   5.0691183e+14
      694.782   5.0708671e+14
      694.831   5.0756325e+14
      694.879   5.0804611e+14
      694.927   5.0938966e+14
      694.975   5.1014911e+14
      695.024   5.1120329e+14
      695.072   5.1250888e+14
      695.120   5.1408407e+14
      695.169   5.1451230e+14
      695.217   5.1522684e+14
      695.265   5.1571748e+14
      695.314   5.1634896e+14
      695.362   5.1606600e+14
      695.410   5.1578650e+14
      695.459   5.1558825e+14
      695.507   5.1578847e+14
      695.555   5.1630378e+14
      695.604   5.1725422e+14
      695.652   5.1823548e+14
      695.701   5.1932975e+14
      695.749   5.1939712e+14
      695.797   5.1894255e+14
      695.846   5.1837301e+14
      695.894   5.1782724e+14
      695.943   5.1708585e+14
      695.991   5.1671862e+14
      696.040   5.1698270e+14
      696.088   5.1748800e+14
      696.136   5.1796175e+14
      696.185   5.1805080e+14
      696.233   5.1811105e+14
      696.282   5.1820362e+14
      696.330   5.1846374e+14
      696.379   5.1809002e+14
      696.427   5.1829400e+14
      696.476   5.1883542e+14
      696.524   5.1898686e+14
      696.573   5.1878844e+14
      696.621   5.1933624e+14
      696.670   5.1942535e+14
      696.718   5.1962606e+14
      696.767   5.1990814e+14
      696.816   5.2013412e+14
      696.864   5.1987524e+14
      696.913   5.1962766e+14
      696.961   5.1961782e+14
      697.010   5.1930696e+14
      697.058   5.1846537e+14
      697.107   5.1849480e+14
      697.156   5.1853828e+14
      697.204   5.1814925e+14
      697.253   5.1796804e+14
      697.301   5.1826350e+14
      697.350   5.1794880e+14
      697.399   5.1746206e+14
      697.447   5.1716411e+14
      697.496   5.1587303e+14
      697.545   5.1481712e+14
      697.593   5.1474372e+14
      697.642   5.1464642e+14
      697.691   5.1261717e+14
      697.739   5.1072747e+14
      697.788   5.0900684e+14
      697.837   5.0592981e+14
      697.885   5.0332603e+14
      697.934   5.0224750e+14
      697.983   5.0168537e+14
      698.032   5.0147105e+14
      698.080   5.0195894e+14
      698.129   5.0235269e+14
      698.178   5.0243010e+14
      698.227   5.0375542e+14
      698.275   5.0601539e+14
      698.324   5.0825874e+14
      698.373   5.1093485e+14
      698.422   5.1411774e+14
      698.470   5.1661456e+14
      698.519   5.1751590e+14
      698.568   5.1842441e+14
      698.617   5.1893563e+14
      698.666   5.1933430e+14
      698.714   5.1873328e+14
      698.763   5.1848118e+14
      698.812   5.1826425e+14
      698.861   5.1773766e+14
      698.910   5.1732352e+14
      698.959   5.1785245e+14
      699.007   5.1806752e+14
      699.056   5.1829391e+14
      699.105   5.1848152e+14
      699.154   5.1834188e+14
      699.203   5.1786429e+14
      699.252   5.1823501e+14
      699.301   5.1868323e+14
      699.350   5.1925824e+14
      699.398   5.2029389e+14
      699.447   5.2159098e+14
      699.496   5.2199022e+14
      699.545   5.2226277e+14
      699.594   5.2252478e+14
      699.643   5.2253315e+14
      699.692   5.2272477e+14
      699.741   5.2257114e+14
      699.790   5.2219548e+14
      699.839   5.2030833e+14
      699.888   5.1825526e+14
      699.937   5.1609622e+14
      699.986   5.1410598e+14
      700.035   5.1240447e+14
      700.084   5.1230288e+14
      700.133   5.1233874e+14
      700.182   5.1151094e+14
      700.231   5.1023534e+14
      700.280   5.0922045e+14
      700.329   5.0686904e+14
      700.378   5.0575855e+14
      700.427   5.0548009e+14
      700.476   5.0641475e+14
      700.525   5.0724018e+14
      700.574   5.0912732e+14
      700.624   5.0942820e+14
      700.673   5.0935442e+14
      700.722   5.0931598e+14
      700.771   5.0974674e+14
      700.820   5.1010348e+14
      700.869   5.1107068e+14
      700.918   5.1227795e+14
      700.967   5.1366534e+14
      701.016   5.1448124e+14
      701.066   5.1486381e+14
      701.115   5.1373497e+14
      701.164   5.1367564e+14
      701.213   5.1343264e+14
      701.262   5.1314020e+14
      701.311   5.1333846e+14
      701.361   5.1427197e+14
      701.410   5.1445973e+14
      701.459   5.1179057e+14
      701.508   5.0802971e+14
      701.557   5.0467101e+14
      701.607   5.0070142e+14
      701.656   4.9847563e+14
      701.705   4.9896972e+14
      701.754   5.0054144e+14
      701.804   5.0182080e+14
      701.853   5.0419146e+14
      701.902   5.0472842e+14
      701.951   5.0382366e+14
      702.001   5.0411048e+14
      702.050   5.0630169e+14
      702.099   5.0856396e+14
      702.149   5.1016613e+14
      702.198   5.1329862e+14
      702.247   5.1440924e+14
      702.297   5.1282655e+14
      702.346   5.1142672e+14
      702.395   5.1060666e+14
      702.445   5.0905159e+14
      702.494   5.0821005e+14
      702.543   5.0800855e+14
      702.593   5.0755656e+14
      702.642   5.0639280e+14
      702.691   5.0618396e+14
      702.741   5.0585566e+14
      702.790   5.0642517e+14
      702.839   5.0802802e+14
      702.889   5.1084910e+14
      702.938   5.1221186e+14
      702.988   5.1402142e+14
      703.037   5.1526070e+14
      703.087   5.1544248e+14
      703.136   5.1525185e+14
      703.185   5.1538336e+14
      703.235   5.1578466e+14
      703.284   5.1647916e+14
      703.334   5.1609452e+14
      703.383   5.1623320e+14
      703.433   5.1653907e+14
      703.482   5.1704963e+14
      703.532   5.1731660e+14
      703.581   5.1856761e+14
      703.631   5.1869302e+14
      703.680   5.1713849e+14
      703.730   5.1474478e+14
      703.779   5.1244572e+14
      703.829   5.1005839e+14
      703.878   5.0939227e+14
      703.928   5.1078934e+14
      703.977   5.1232766e+14
      704.027   5.1353012e+14
      704.077   5.1490298e+14
      704.126   5.1488208e+14
      704.176   5.1400049e+14
      704.225   5.1453259e+14
      704.275   5.1616470e+14
      704.325   5.1729705e+14
      704.374   5.1874797e+14
      704.424   5.2085592e+14
      704.473   5.2150928e+14
      704.523   5.2111001e+14
      704.573   5.2135274e+14
      704.622   5.2137836e+14
      704.672   5.2132313e+14
      704.722   5.2133530e+14
      704.771   5.2125444e+14
      704.821   5.2081238e+14
      704.871   5.2114743e+14
      704.920   5.2168407e+14
      704.970   5.2226410e+14
      705.020   5.2284425e+14
      705.069   5.2325679e+14
      705.119   5.2211535e+14
      705.169   5.2103405e+14
      705.219   5.1988160e+14
      705.268   5.1867852e+14
      705.318   5.1791277e+14
      705.368   5.1783579e+14
      705.418   5.1679292e+14
      705.467   5.1534772e+14
      705.517   5.1437552e+14
      705.567   5.1320421e+14
      705.617   5.1198297e+14
      705.667   5.1181676e+14
      705.716   5.1244562e+14
      705.766   5.1290118e+14
      705.816   5.1349186e+14
      705.866   5.1334344e+14
      705.916   5.1251261e+14
      705.965   5.1175562e+14
      706.015   5.1178827e+14
      706.065   5.1189207e+14
      706.115   5.1269255e+14
      706.165   5.1358566e+14
      706.215   5.1454647e+14
      706.265   5.1476420e+14
      706.314   5.1495997e+14
      706.364   5.1498214e+14
      706.414   5.1593257e+14
      706.464   5.1666266e+14
      706.514   5.1762754e+14
      706.564   5.1855707e+14
      706.614   5.1924116e+14
      706.664   5.1711127e+14
      706.714   5.1453633e+14
      706.764   5.1217091e+14
      706.814   5.0891917e+14
      706.864   5.0659571e+14
      706.914   5.0704078e+14
      706.964   5.0650717e+14
      707.014   5.0520459e+14
      707.064   5.0492005e+14
      707.114   5.0434696e+14
      707.164   5.0290868e+14
      707.214   5.0359582e+14
      707.264   5.0725980e+14
      707.314   5.1050769e+14
      707.364   5.1479233e+14
      707.414   5.1842222e+14
      707.464   5.2023618e+14
      707.514   5.2106013e+14
      707.564   5.2215852e+14
      707.614   5.2261580e+14
      707.664   5.2325840e+14
      707.714   5.2401866e+14
      707.764   5.2464718e+14
      707.814   5.2467715e+14
      707.864   5.2457881e+14
      707.914   5.2414186e+14
      707.965   5.2360223e+14
      708.015   5.2311166e+14
      708.065   5.2266735e+14
      708.115   5.2212672e+14
      708.165   5.2121878e+14
      708.215   5.1995424e+14
      708.266   5.1809825e+14
      708.316   5.1526772e+14
      708.366   5.1193046e+14
      708.416   5.0891366e+14
      708.466   5.0623173e+14
      708.516   5.0378120e+14
      708.567   5.0220511e+14
      708.617   5.0130227e+14
      708.667   5.0064549e+14
      708.717   5.0037396e+14
      708.767   5.0067692e+14
      708.818   5.0110903e+14
      708.868   5.0135134e+14
      708.918   5.0182937e+14
      708.968   5.0203250e+14
      709.019   5.0181162e+14
      709.069   5.0180415e+14
      709.119   5.0193600e+14
      709.170   5.0171148e+14
      709.220   5.0142194e+14
      709.270   5.0130383e+14
      709.320   5.0097139e+14
      709.371   5.0079672e+14
      709.421   5.0172498e+14
      709.471   5.0288907e+14
      709.522   5.0402541e+14
      709.572   5.0524345e+14
      709.622   5.0644374e+14
      709.673   5.0673027e+14
      709.723   5.0680891e+14
      709.774   5.0690963e+14
      709.824   5.0697040e+14
      709.874   5.0707051e+14
      709.925   5.0760733e+14
      709.975   5.0822931e+14
      710.026   5.0885211e+14
      710.076   5.0961010e+14
      710.126   5.1050408e+14
      710.177   5.1079105e+14
      710.227   5.1097007e+14
      710.278   5.1133934e+14
      710.328   5.1171154e+14
      710.379   5.1188423e+14
      710.429   5.1206339e+14
      710.480   5.1218958e+14
      710.530   5.1219704e+14
      710.581   5.1175803e+14
      710.631   5.1112504e+14
      710.682   5.1054994e+14
      710.732   5.0996686e+14
      710.783   5.0944529e+14
      710.833   5.0930938e+14
      710.884   5.0923854e+14
      710.934   5.0865526e+14
      710.985   5.0781122e+14
      711.035   5.0655457e+14
      711.086   5.0514459e+14
      711.136   5.0391982e+14
      711.187   5.0301784e+14
      711.238   5.0224819e+14
      711.288   5.0167826e+14
      711.339   5.0092988e+14
      711.389   4.9988701e+14
      711.440   4.9911692e+14
      711.491   4.9884464e+14
      711.541   4.9883664e+14
      711.592   4.9943474e+14
      711.642   5.0031537e+14
      711.693   5.0150849e+14
      711.744   5.0249395e+14
      711.794   5.0323517e+14
      711.845   5.0381587e+14
      711.896   5.0465121e+14
      711.946   5.0531742e+14
      711.997   5.0551848e+14
      712.048   5.0437160e+14
      712.099   5.0282673e+14
      712.149   5.0122346e+14
      712.200   4.9982867e+14
      712.251   4.9870978e+14
      712.301   4.9897428e+14
      712.352   4.9927893e+14
      712.403   4.9933972e+14
      712.454   4.9900233e+14
      712.504   4.9848497e+14
      712.555   4.9838066e+14
      712.606   4.9983341e+14
      712.657   5.0156615e+14
      712.708   5.0340325e+14
      712.758   5.0516456e+14
      712.809   5.0627725e+14
      712.860   5.0571046e+14
      712.911   5.0405253e+14
      712.962   5.0179487e+14
      713.012   4.9985217e+14
      713.063   4.9810731e+14
      713.114   4.9641607e+14
      713.165   4.9500816e+14
      713.216   4.9408129e+14
      713.267   4.9313992e+14
      713.318   4.9250357e+14
      713.369   4.9236638e+14
      713.419   4.9287860e+14
      713.470   4.9466666e+14
      713.521   4.9697230e+14
      713.572   4.9903400e+14
      713.623   5.0117135e+14
      713.674   5.0338815e+14
      713.725   5.0475718e+14
      713.776   5.0554066e+14
      713.827   5.0618057e+14
      713.878   5.0650065e+14
      713.929   5.0637146e+14
      713.980   5.0615601e+14
      714.031   5.0593337e+14
      714.082   5.0541580e+14
      714.133   5.0534764e+14
      714.184   5.0515722e+14
      714.235   5.0472581e+14
      714.286   5.0440586e+14
      714.337   5.0466482e+14
      714.388   5.0476915e+14
      714.439   5.0465777e+14
      714.490   5.0451391e+14
      714.541   5.0418298e+14
      714.592   5.0335910e+14
      714.643   5.0084417e+14
      714.694   4.9714860e+14
      714.745   4.9340221e+14
      714.796   4.8970565e+14
      714.847   4.8622445e+14
      714.898   4.8488422e+14
      714.950   4.8527944e+14
      715.001   4.8489290e+14
      715.052   4.8375753e+14
      715.103   4.8242039e+14
      715.154   4.8215958e+14
      715.205   4.8435082e+14
      715.256   4.8837160e+14
      715.308   4.9285822e+14
      715.359   4.9722959e+14
      715.410   4.9962773e+14
      715.461   4.9891419e+14
      715.512   4.9777187e+14
      715.564   4.9762434e+14
      715.615   4.9768866e+14
      715.666   4.9833307e+14
      715.717   4.9929462e+14
      715.768   4.9966174e+14
      715.820   4.9894850e+14
      715.871   4.9795330e+14
      715.922   4.9739050e+14
      715.973   4.9773236e+14
      716.025   4.9924651e+14
      716.076   5.0067003e+14
      716.127   5.0207574e+14
      716.178   5.0317157e+14
      716.230   5.0322975e+14
      716.281   5.0126426e+14
      716.332   4.9817322e+14
      716.384   4.9419162e+14
      716.435   4.8991299e+14
      716.486   4.8590432e+14
      716.538   4.8386892e+14
      716.589   4.8330814e+14
      716.640   4.8399198e+14
      716.692   4.8501938e+14
      716.743   4.8582969e+14
      716.794   4.8739439e+14
      716.846   4.9085107e+14
      716.897   4.9506911e+14
      716.949   4.9996339e+14
      717.000   5.0483606e+14
      717.052   5.0909994e+14
      717.103   5.1142502e+14
      717.154   5.1289475e+14
      717.206   5.1344822e+14
      717.257   5.1375552e+14
      717.309   5.1391551e+14
      717.360   5.1391227e+14
      717.412   5.1326685e+14
      717.463   5.1244004e+14
      717.515   5.1107200e+14
      717.566   5.0934171e+14
      717.617   5.0770515e+14
      717.669   5.0660739e+14
      717.721   5.0566125e+14
      717.772   5.0502499e+14
      717.824   5.0390508e+14
      717.875   5.0232536e+14
      717.927   5.0060875e+14
      717.978   4.9825501e+14
      718.030   4.9526177e+14
      718.081   4.9348931e+14
      718.133   4.9253436e+14
      718.184   4.9194377e+14
      718.236   4.9200470e+14
      718.288   4.9264060e+14
      718.339   4.9284911e+14
      718.391   4.9326449e+14
      718.442   4.9369735e+14
      718.494   4.9450353e+14
      718.546   4.9527004e+14
      718.597   4.9536666e+14
      718.649   4.9466438e+14
      718.701   4.9366894e+14
      718.752   4.9130124e+14
      718.804   4.8852131e+14
      718.856   4.8615360e+14
      718.907   4.8406345e+14
      718.959   4.8209683e+14
      719.011   4.8046655e+14
      719.062   4.8002642e+14
      719.114   4.8161794e+14
      719.166   4.8324222e+14
      719.217   4.8392465e+14
      719.269   4.8554573e+14
      719.321   4.8731916e+14
      719.373   4.8761882e+14
      719.424   4.8833799e+14
      719.476   4.8980407e+14
      719.528   4.9014740e+14
      719.580   4.8979887e+14
      719.632   4.8919302e+14
      719.683   4.8848854e+14
      719.735   4.8913988e+14
      719.787   4.9134588e+14
      719.839   4.9440746e+14
      719.891   4.9778845e+14
      719.942   5.0064004e+14
      719.994   5.0199203e+14
      720.046   5.0213709e+14
      720.098   5.0250326e+14
      720.150   5.0275352e+14
      720.202   5.0307263e+14
      720.254   5.0381974e+14
      720.305   5.0509198e+14
      720.357   5.0580665e+14
      720.409   5.0625307e+14
      720.461   5.0653994e+14
      720.513   5.0587642e+14
      720.565   5.0285122e+14
      720.617   4.9934303e+14
      720.669   4.9617540e+14
      720.721   4.9303995e+14
      720.773   4.8955203e+14
      720.825   4.8766404e+14
      720.877   4.8636730e+14
      720.929   4.8470744e+14
      720.981   4.8304372e+14
      721.032   4.8181102e+14
      721.085   4.8220952e+14
      721.137   4.8503618e+14
      721.189   4.8841516e+14
      721.241   4.9182734e+14
      721.293   4.9557769e+14
      721.345   4.9855864e+14
      721.397   4.9921569e+14
      721.449   4.9911005e+14
      721.501   4.9886635e+14
      721.553   4.9849548e+14
      721.605   4.9796104e+14
      721.657   4.9764819e+14
      721.709   4.9759324e+14
      721.761   4.9850486e+14
      721.813   4.9912220e+14
      721.865   4.9941257e+14
      721.917   4.9933229e+14
      721.970   4.9912178e+14
      722.022   4.9901967e+14
      722.074   4.9893201e+14
      722.126   4.9787367e+14
      722.178   4.9537177e+14
      722.230   4.9236044e+14
      722.282   4.8904323e+14
      722.335   4.8629352e+14
      722.387   4.8511750e+14
      722.439   4.8509060e+14
      722.491   4.8584210e+14
      722.543   4.8714301e+14
      722.596   4.8800453e+14
      722.648   4.8854903e+14
      722.700   4.8960664e+14
      722.752   4.9175960e+14
      722.805   4.9424834e+14
      722.857   4.9728629e+14
      722.909   5.0001533e+14
      722.961   5.0180931e+14
      723.014   5.0288356e+14
      723.066   5.0339294e+14
      723.118   5.0367307e+14
      723.170   5.0420080e+14
      723.223   5.0454361e+14
      723.275   5.0460541e+14
      723.327   5.0472543e+14
      723.380   5.0434722e+14
      723.432   5.0327626e+14
      723.484   5.0205218e+14
      723.537   5.0072295e+14
      723.589   4.9923623e+14
      723.641   4.9841228e+14
      723.694   4.9819374e+14
      723.746   4.9802552e+14
      723.799   4.9726761e+14
      723.851   4.9599507e+14
      723.903   4.9494100e+14
      723.956   4.9440132e+14
      724.008   4.9425093e+14
      724.061   4.9472094e+14
      724.113   4.9575170e+14
      724.165   4.9658572e+14
      724.218   4.9680804e+14
      724.270   4.9643532e+14
      724.323   4.9552718e+14
      724.375   4.9461092e+14
      724.428   4.9390307e+14
      724.480   4.9331483e+14
      724.533   4.9304455e+14
      724.585   4.9327325e+14
      724.638   4.9351363e+14
      724.690   4.9362200e+14
      724.743   4.9372013e+14
      724.795   4.9358407e+14
      724.848   4.9367493e+14
      724.900   4.9382346e+14
      724.953   4.9372086e+14
      725.005   4.9345334e+14
      725.058   4.9313894e+14
      725.111   4.9249966e+14
      725.163   4.9168070e+14
      725.216   4.9101196e+14
      725.268   4.9037533e+14
      725.321   4.8983055e+14
      725.374   4.8913599e+14
      725.426   4.8901400e+14
      725.479   4.8960489e+14
      725.531   4.9098419e+14
      725.584   4.9310587e+14
      725.637   4.9556035e+14
      725.689   4.9758700e+14
      725.742   4.9888024e+14
      725.795   4.9969862e+14
      725.847   5.0010351e+14
      725.900   5.0038488e+14
      725.953   4.9979644e+14
      726.005   4.9757339e+14
      726.058   4.9469639e+14
      726.111   4.9204566e+14
      726.164   4.8942739e+14
      726.216   4.8759416e+14
      726.269   4.8749810e+14
      726.322   4.8812242e+14
      726.375   4.8844694e+14
      726.427   4.8847459e+14
      726.480   4.8856874e+14
      726.533   4.9008943e+14
      726.586   4.9289426e+14
      726.639   4.9588248e+14
      726.691   4.9893260e+14
      726.744   5.0161066e+14
      726.797   5.0272667e+14
      726.850   5.0259862e+14
      726.903   5.0232424e+14
      726.956   5.0224376e+14
      727.008   5.0220645e+14
      727.061   5.0197216e+14
      727.114   5.0158046e+14
      727.167   5.0114475e+14
      727.220   5.0081877e+14
      727.273   5.0063562e+14
      727.326   5.0036444e+14
      727.379   4.9950010e+14
      727.431   4.9831988e+14
      727.484   4.9715120e+14
      727.537   4.9597500e+14
      727.590   4.9509170e+14
      727.643   4.9486400e+14
      727.696   4.9468386e+14
      727.749   4.9405671e+14
      727.802   4.9336718e+14
      727.855   4.9253094e+14
      727.908   4.9228465e+14
      727.961   4.9306077e+14
      728.014   4.9423285e+14
      728.067   4.9489565e+14
      728.120   4.9497562e+14
      728.173   4.9433706e+14
      728.226   4.9340886e+14
      728.279   4.9244008e+14
      728.332   4.9069749e+14
      728.385   4.8882634e+14
      728.438   4.8743897e+14
      728.491   4.8579470e+14
      728.544   4.8406576e+14
      728.597   4.8382950e+14
      728.651   4.8504658e+14
      728.704   4.8516619e+14
      728.757   4.8290472e+14
      728.810   4.7956785e+14
      728.863   4.7727258e+14
      728.916   4.7534402e+14
      728.969   4.7375638e+14
      729.022   4.7411747e+14
      729.076   4.7563914e+14
      729.129   4.7467165e+14
      729.182   4.7155638e+14
      729.235   4.6971462e+14
      729.288   4.7047208e+14
      729.341   4.7216598e+14
      729.395   4.7504686e+14
      729.448   4.7970127e+14
      729.501   4.8456568e+14
      729.554   4.8777805e+14
      729.607   4.8922030e+14
      729.661   4.9106759e+14
      729.714   4.9330382e+14
      729.767   4.9480931e+14
      729.820   4.9559112e+14
      729.874   4.9659785e+14
      729.927   4.9703819e+14
      729.980   4.9670308e+14
      730.034   4.9608563e+14
      730.087   4.9543429e+14
      730.140   4.9467263e+14
      730.193   4.9417550e+14
      730.247   4.9394003e+14
      730.300   4.9452369e+14
      730.353   4.9530975e+14
      730.407   4.9659289e+14
      730.460   4.9758885e+14
      730.514   4.9787935e+14
      730.567   4.9782358e+14
      730.620   4.9648767e+14
      730.674   4.9369924e+14
      730.727   4.9134378e+14
      730.780   4.8949945e+14
      730.834   4.8768116e+14
      730.887   4.8676725e+14
      730.941   4.8585009e+14
      730.994   4.8376189e+14
      731.048   4.8208615e+14
      731.101   4.8042431e+14
      731.154   4.8032293e+14
      731.208   4.8276598e+14
      731.261   4.8583083e+14
      731.315   4.8832250e+14
      731.368   4.9104208e+14
      731.422   4.9233770e+14
      731.475   4.9317246e+14
      731.529   4.9482199e+14
      731.582   4.9656681e+14
      731.636   4.9811369e+14
      731.689   4.9988112e+14
      731.743   5.0066215e+14
      731.797   5.0036380e+14
      731.850   4.9978100e+14
      731.904   4.9829243e+14
      731.957   4.9588900e+14
      732.011   4.9389496e+14
      732.064   4.9192576e+14
      732.118   4.9024809e+14
      732.172   4.8999309e+14
      732.225   4.9104596e+14
      732.279   4.9172735e+14
      732.332   4.9222010e+14
      732.386   4.9199825e+14
      732.440   4.9105370e+14
      732.493   4.8949240e+14
      732.547   4.8825614e+14
      732.601   4.8713030e+14
      732.654   4.8646838e+14
      732.708   4.8638254e+14
      732.762   4.8675404e+14
      732.815   4.8661953e+14
      732.869   4.8614623e+14
      732.923   4.8486105e+14
      732.977   4.8456833e+14
      733.030   4.8607218e+14
      733.084   4.8807512e+14
      733.138   4.9024079e+14
      733.192   4.9294938e+14
      733.245   4.9403346e+14
      733.299   4.9353821e+14
      733.353   4.9279554e+14
      733.407   4.9202689e+14
      733.461   4.9219609e+14
      733.514   4.9345027e+14
      733.568   4.9469058e+14
      733.622   4.9583133e+14
      733.676   4.9672114e+14
      733.730   4.9752969e+14
      733.783   4.9809025e+14
      733.837   4.9836336e+14
      733.891   4.9870300e+14
      733.945   4.9926442e+14
      733.999   4.9936395e+14
      734.053   4.9918266e+14
      734.107   4.9919720e+14
      734.160   4.9915562e+14
      734.214   4.9891885e+14
      734.268   4.9829383e+14
      734.322   4.9763916e+14
      734.376   4.9715445e+14
      734.430   4.9673622e+14
      734.484   4.9641778e+14
      734.538   4.9638405e+14
      734.592   4.9632438e+14
      734.646   4.9600578e+14
      734.700   4.9542827e+14
      734.754   4.9482841e+14
      734.808   4.9450595e+14
      734.862   4.9451642e+14
      734.916   4.9458976e+14
      734.970   4.9423020e+14
      735.024   4.9351531e+14
      735.078   4.9295206e+14
      735.132   4.9221847e+14
      735.186   4.9130338e+14
      735.240   4.9082498e+14
      735.294   4.9078702e+14
      735.348   4.8992344e+14
      735.402   4.8813046e+14
      735.456   4.8568921e+14
      735.510   4.8415487e+14
      735.565   4.8330229e+14
      735.619   4.8295265e+14
      735.673   4.8319549e+14
      735.727   4.8460515e+14
      735.781   4.8545944e+14
      735.835   4.8590628e+14
      735.889   4.8653099e+14
      735.943   4.8835997e+14
      735.998   4.9015286e+14
      736.052   4.9123755e+14
      736.106   4.9186283e+14
      736.160   4.9251786e+14
      736.214   4.9185347e+14
      736.269   4.9015917e+14
      736.323   4.8907931e+14
      736.377   4.8849610e+14
      736.431   4.8775704e+14
      736.485   4.8702528e+14
      736.540   4.8707281e+14
      736.594   4.8786501e+14
      736.648   4.8909130e+14
      736.703   4.9014408e+14
      736.757   4.9207914e+14
      736.811   4.9445215e+14
      736.865   4.9591669e+14
      736.920   4.9636183e+14
      736.974   4.9681377e+14
      737.028   4.9694294e+14
      737.083   4.9674992e+14
      737.137   4.9638183e+14
      737.191   4.9572410e+14
      737.246   4.9527111e+14
      737.300   4.9466521e+14
      737.354   4.9391075e+14
      737.409   4.9333498e+14
      737.463   4.9312606e+14
      737.518   4.9277296e+14
      737.572   4.9228918e+14
      737.626   4.9168272e+14
      737.681   4.9135547e+14
      737.735   4.9075995e+14
      737.790   4.8976024e+14
      737.844   4.8912740e+14
      737.898   4.8943440e+14
      737.953   4.8972722e+14
      738.007   4.9008631e+14
      738.062   4.9050182e+14
      738.116   4.9048941e+14
      738.171   4.8981981e+14
      738.225   4.8895246e+14
      738.280   4.8861348e+14
      738.334   4.8848194e+14
      738.389   4.8813167e+14
      738.443   4.8733461e+14
      738.498   4.8510664e+14
      738.552   4.8252818e+14
      738.607   4.7929549e+14
      738.661   4.7650054e+14
      738.716   4.7507442e+14
      738.771   4.7377823e+14
      738.825   4.7024574e+14
      738.880   4.6833896e+14
      738.934   4.6668792e+14
      738.989   4.6584463e+14
      739.044   4.6730805e+14
      739.098   4.7072089e+14
      739.153   4.7386690e+14
      739.208   4.7636954e+14
      739.262   4.7660902e+14
      739.317   4.7774255e+14
      739.372   4.7994077e+14
      739.426   4.8157286e+14
      739.481   4.8369723e+14
      739.536   4.8657028e+14
      739.590   4.8751064e+14
      739.645   4.8692877e+14
      739.700   4.8639145e+14
      739.754   4.8715697e+14
      739.809   4.8877240e+14
      739.864   4.8962818e+14
      739.919   4.8982480e+14
      739.973   4.8929802e+14
      740.028   4.8713995e+14
      740.083   4.8493312e+14
      740.138   4.8363891e+14
      740.192   4.8330156e+14
      740.247   4.8372505e+14
      740.302   4.8471513e+14
      740.357   4.8502696e+14
      740.412   4.8521583e+14
      740.466   4.8499771e+14
      740.521   4.8598073e+14
      740.576   4.8771696e+14
      740.631   4.8988599e+14
      740.686   4.9180179e+14
      740.741   4.9242755e+14
      740.796   4.8963340e+14
      740.851   4.8649569e+14
      740.905   4.8240197e+14
      740.960   4.7808815e+14
      741.015   4.7541144e+14
      741.070   4.7541319e+14
      741.125   4.7507538e+14
      741.180   4.7506214e+14
      741.235   4.7460111e+14
      741.290   4.7561041e+14
      741.345   4.7648172e+14
      741.400   4.7591246e+14
      741.455   4.7491004e+14
      741.510   4.7665136e+14
      741.565   4.7773207e+14
      741.620   4.7801770e+14
      741.675   4.7838551e+14
      741.730   4.7842472e+14
      741.785   4.7690664e+14
      741.840   4.7503358e+14
      741.895   4.7384371e+14
      741.950   4.7502933e+14
      742.005   4.7801199e+14
      742.060   4.7990790e+14
      742.115   4.7993606e+14
      742.170   4.7857047e+14
      742.225   4.7562400e+14
      742.280   4.7313308e+14
      742.335   4.7135558e+14
      742.391   4.7116316e+14
      742.446   4.7197926e+14
      742.501   4.7327030e+14
      742.556   4.7349978e+14
      742.611   4.7502661e+14
      742.666   4.7686776e+14
      742.721   4.8033196e+14
      742.776   4.8458572e+14
      742.832   4.8937558e+14
      742.887   4.9265075e+14
      742.942   4.9480431e+14
      742.997   4.9533845e+14
      743.052   4.9467556e+14
      743.108   4.9336972e+14
      743.163   4.9219778e+14
      743.218   4.9156816e+14
      743.273   4.9096089e+14
      743.329   4.9036539e+14
      743.384   4.8962322e+14
      743.439   4.8936375e+14
      743.494   4.8967694e+14
      743.550   4.9066465e+14
      743.605   4.9183903e+14
      743.660   4.9321195e+14
      743.716   4.9437989e+14
      743.771   4.9511292e+14
      743.826   4.9563259e+14
      743.882   4.9568862e+14
      743.937   4.9512977e+14
      743.992   4.9394526e+14
      744.048   4.9273879e+14
      744.103   4.9098830e+14
      744.158   4.8889279e+14
      744.214   4.8781303e+14
      744.269   4.8725331e+14
      744.325   4.8628196e+14
      744.380   4.8432039e+14
      744.435   4.8147783e+14
      744.491   4.7926143e+14
      744.546   4.7723891e+14
      744.602   4.7490933e+14
      744.657   4.7495191e+14
      744.713   4.7713970e+14
      744.768   4.7786483e+14
      744.823   4.7769391e+14
      744.879   4.7762480e+14
      744.934   4.7856016e+14
      744.990   4.8038519e+14
      745.045   4.8219859e+14
      745.101   4.8480071e+14
      745.156   4.8800277e+14
      745.212   4.8927753e+14
      745.268   4.8914552e+14
      745.323   4.8959439e+14
      745.379   4.9008901e+14
      745.434   4.9081196e+14
      745.490   4.9178713e+14
      745.545   4.9284439e+14
      745.601   4.9340694e+14
      745.657   4.9365802e+14
      745.712   4.9386335e+14
      745.768   4.9442989e+14
      745.823   4.9520608e+14
      745.879   4.9594925e+14
      745.935   4.9658364e+14
      745.990   4.9634984e+14
      746.046   4.9421243e+14
      746.102   4.9072616e+14
      746.157   4.8773080e+14
      746.213   4.8489721e+14
      746.269   4.8270566e+14
      746.324   4.8195970e+14
      746.380   4.8256329e+14
      746.436   4.8264084e+14
      746.492   4.8256814e+14
      746.547   4.8257735e+14
      746.603   4.8422614e+14
      746.659   4.8668329e+14
      746.714   4.8922663e+14
      746.770   4.9186505e+14
      746.826   4.9453389e+14
      746.882   4.9555992e+14
      746.938   4.9565350e+14
      746.993   4.9550571e+14
      747.049   4.9519309e+14
      747.105   4.9475250e+14
      747.161   4.9379654e+14
      747.217   4.9220841e+14
      747.272   4.9114231e+14
      747.328   4.9040030e+14
      747.384   4.8953773e+14
      747.440   4.8881806e+14
      747.496   4.8824501e+14
      747.552   4.8760412e+14
      747.608   4.8697819e+14
      747.664   4.8627693e+14
      747.719   4.8651599e+14
      747.775   4.8753502e+14
      747.831   4.8827553e+14
      747.887   4.8926097e+14
      747.943   4.9028038e+14
      747.999   4.9091963e+14
      748.055   4.9128778e+14
      748.111   4.9174262e+14
      748.167   4.9179826e+14
      748.223   4.9146966e+14
      748.279   4.9056839e+14
      748.335   4.8997217e+14
      748.391   4.8931179e+14
      748.447   4.8877190e+14
      748.503   4.8873682e+14
      748.559   4.8913900e+14
      748.615   4.8959012e+14
      748.671   4.9000368e+14
      748.727   4.9080553e+14
      748.783   4.9191663e+14
      748.839   4.9267346e+14
      748.895   4.9333617e+14
      748.951   4.9373127e+14
      749.008   4.9288643e+14
      749.064   4.9152421e+14
      749.120   4.9030883e+14
      749.176   4.8882548e+14
      749.232   4.8751155e+14
      749.288   4.8619754e+14
      749.344   4.8344591e+14
      749.401   4.7952872e+14
      749.457   4.7581404e+14
      749.513   4.7301953e+14
      749.569   4.7194158e+14
      749.625   4.7281468e+14
      749.681   4.7448809e+14
      749.738   4.7540737e+14
      749.794   4.7550706e+14
      749.850   4.7553122e+14
      749.906   4.7714863e+14
      749.963   4.7987320e+14
      750.019   4.8323190e+14
      750.075   4.8682904e+14
      750.131   4.8961844e+14
      750.188   4.9036948e+14
      750.244   4.9081028e+14
      750.300   4.9148903e+14
      750.356   4.9183546e+14
      750.413   4.9205421e+14
      750.469   4.9207956e+14
      750.525   4.9184425e+14
      750.582   4.9131097e+14
      750.638   4.9111712e+14
      750.694   4.9112348e+14
      750.751   4.9133089e+14
      750.807   4.9117477e+14
      750.863   4.9085981e+14
      750.920   4.8867031e+14
      750.976   4.8421896e+14
      751.033   4.8070530e+14
      751.089   4.7733410e+14
      751.146   4.7425427e+14
      751.202   4.7287902e+14
      751.258   4.7374637e+14
      751.315   4.7378608e+14
      751.371   4.7303082e+14
      751.428   4.7125088e+14
      751.484   4.7216753e+14
      751.541   4.7480274e+14
      751.597   4.7792204e+14
      751.654   4.8158356e+14
      751.710   4.8613820e+14
      751.767   4.8810533e+14
      751.823   4.8847476e+14
      751.880   4.8839446e+14
      751.936   4.8837405e+14
      751.993   4.8877077e+14
      752.049   4.8968560e+14
      752.106   4.8955995e+14
      752.162   4.8790748e+14
      752.219   4.8645237e+14
      752.276   4.8488343e+14
      752.332   4.8265454e+14
      752.389   4.8011910e+14
      752.445   4.7954878e+14
      752.502   4.7866072e+14
      752.559   4.7750356e+14
      752.615   4.7660316e+14
      752.672   4.7839756e+14
      752.729   4.8072654e+14
      752.785   4.8304764e+14
      752.842   4.8500966e+14
      752.899   4.8829105e+14
      752.955   4.8930923e+14
      753.012   4.8888001e+14
      753.069   4.8865915e+14
      753.125   4.8892679e+14
      753.182   4.8817510e+14
      753.239   4.8768113e+14
      753.296   4.8739186e+14
      753.352   4.8684397e+14
      753.409   4.8605395e+14
      753.466   4.8585929e+14
      753.523   4.8654480e+14
      753.579   4.8748389e+14
      753.636   4.8839720e+14
      753.693   4.8960668e+14
      753.750   4.9056961e+14
      753.807   4.9070159e+14
      753.864   4.9054513e+14
      753.920   4.9064990e+14
      753.977   4.9070215e+14
      754.034   4.9031788e+14
      754.091   4.8996769e+14
      754.148   4.8958710e+14
      754.205   4.8913807e+14
      754.262   4.8872315e+14
      754.318   4.8854673e+14
      754.375   4.8835198e+14
      754.432   4.8822559e+14
      754.489   4.8801557e+14
      754.546   4.8777514e+14
      754.603   4.8728011e+14
      754.660   4.8659499e+14
      754.717   4.8602762e+14
      754.774   4.8567673e+14
      754.831   4.8569820e+14
      754.888   4.8618716e+14
      754.945   4.8681297e+14
      755.002   4.8724506e+14
      755.059   4.8750612e+14
      755.116   4.8762660e+14
      755.173   4.8797892e+14
      755.230   4.8847200e+14
      755.287   4.8903362e+14
      755.344   4.8916560e+14
      755.401   4.8801596e+14
      755.458   4.8669500e+14
      755.515   4.8549554e+14
      755.572   4.8407904e+14
      755.629   4.8308463e+14
      755.687   4.8370380e+14
      755.744   4.8428816e+14
      755.801   4.8406216e+14
      755.858   4.8277056e+14
      755.915   4.8199636e+14
      755.972   4.8207076e+14
      756.029   4.8242301e+14
      756.086   4.8292763e+14
      756.144   4.8471199e+14
      756.201   4.8619520e+14
      756.258   4.8651741e+14
      756.315   4.8615049e+14
      756.372   4.8603862e+14
      756.430   4.8693274e+14
      756.487   4.8836338e+14
      756.544   4.8995799e+14
      756.601   4.9183089e+14
      756.659   4.9366669e+14
      756.716   4.9358957e+14
      756.773   4.9137885e+14
      756.830   4.8947263e+14
      756.888   4.8816117e+14
      756.945   4.8702421e+14
      757.002   4.8655021e+14
      757.060   4.8745268e+14
      757.117   4.8798488e+14
      757.174   4.8776625e+14
      757.232   4.8641592e+14
      757.289   4.8547268e+14
      757.346   4.8565793e+14
      757.404   4.8595443e+14
      757.461   4.8658588e+14
      757.518   4.8817472e+14
      757.576   4.8915032e+14
      757.633   4.8851584e+14
      757.691   4.8756907e+14
      757.748   4.8633154e+14
      757.805   4.8620410e+14
      757.863   4.8671442e+14
      757.920   4.8781947e+14
      757.978   4.8908177e+14
      758.035   4.9033972e+14
      758.093   4.9006815e+14
      758.150   4.8958208e+14
      758.208   4.8812316e+14
      758.265   4.8552959e+14
      758.323   4.8368839e+14
      758.380   4.8191879e+14
      758.438   4.7880929e+14
      758.495   4.7621804e+14
      758.553   4.7495981e+14
      758.610   4.7341056e+14
      758.668   4.7161338e+14
      758.725   4.7086570e+14
      758.783   4.7220439e+14
      758.841   4.7387945e+14
      758.898   4.7496956e+14
      758.956   4.7729079e+14
      759.013   4.8059003e+14
      759.071   4.8249549e+14
      759.129   4.8376301e+14
      759.186   4.8561865e+14
      759.244   4.8678720e+14
      759.301   4.8676257e+14
      759.359   4.8614985e+14
      759.417   4.8580082e+14
      759.474   4.8525609e+14
      759.532   4.8471955e+14
      759.590   4.8452713e+14
      759.648   4.8467504e+14
      759.705   4.8452400e+14
      759.763   4.8444621e+14
      759.821   4.8464765e+14
      759.878   4.8503598e+14
      759.936   4.8520306e+14
      759.994   4.8544292e+14
      760.052   4.8523506e+14
      760.109   4.8413874e+14
      760.167   4.8310407e+14
      760.225   4.8234481e+14
      760.283   4.8155485e+14
      760.341   4.8081832e+14
      760.398   4.8016148e+14
      760.456   4.7953193e+14
      760.514   4.7828968e+14
      760.572   4.7709317e+14
      760.630   4.7716021e+14
      760.688   4.7833783e+14
      760.746   4.7919775e+14
      760.803   4.8006863e+14
      760.861   4.8014739e+14
      760.919   4.7953656e+14
      760.977   4.7874556e+14
      761.035   4.7837212e+14
      761.093   4.7840093e+14
      761.151   4.7926511e+14
      761.209   4.7987647e+14
      761.267   4.8014688e+14
      761.325   4.7966981e+14
      761.383   4.7917356e+14
      761.441   4.7968160e+14
      761.499   4.7962615e+14
      761.557   4.7769195e+14
      761.615   4.7646299e+14
      761.673   4.7475452e+14
      761.731   4.7238617e+14
      761.789   4.6904328e+14
      761.847   4.6761383e+14
      761.905   4.6463066e+14
      761.963   4.6254466e+14
      762.021   4.6052738e+14
      762.079   4.6208174e+14
      762.137   4.6438465e+14
      762.195   4.6823423e+14
      762.253   4.7122866e+14
      762.311   4.7590832e+14
      762.369   4.7741075e+14
      762.428   4.7865296e+14
      762.486   4.8028249e+14
      762.544   4.8236524e+14
      762.602   4.8311219e+14
      762.660   4.8401668e+14
      762.718   4.8449515e+14
      762.776   4.8410957e+14
      762.835   4.8346340e+14
      762.893   4.8259375e+14
      762.951   4.8260741e+14
      763.009   4.8288610e+14
      763.068   4.8322691e+14
      763.126   4.8363632e+14
      763.184   4.8422642e+14
      763.242   4.8382515e+14
      763.301   4.8344755e+14
      763.359   4.8318068e+14
      763.417   4.8292912e+14
      763.475   4.8276977e+14
      763.534   4.8271099e+14
      763.592   4.8256316e+14
      763.650   4.8237687e+14
      763.709   4.8222951e+14
      763.767   4.8213929e+14
      763.825   4.8197210e+14
      763.884   4.8145168e+14
      763.942   4.8106135e+14
      764.000   4.8065937e+14
      764.059   4.8020415e+14
      764.117   4.7985589e+14
      764.175   4.7995773e+14
      764.234   4.8009098e+14
      764.292   4.8023899e+14
      764.351   4.8023761e+14
      764.409   4.8049343e+14
      764.468   4.8078839e+14
      764.526   4.8118669e+14
      764.584   4.8159656e+14
      764.643   4.8213420e+14
      764.701   4.8235558e+14
      764.760   4.8243130e+14
      764.818   4.8246402e+14
      764.877   4.8243963e+14
      764.935   4.8241850e+14
      764.994   4.8249809e+14
      765.052   4.8260770e+14
      765.111   4.8260631e+14
      765.169   4.8251951e+14
      765.228   4.8156648e+14
      765.287   4.8059017e+14
      765.345   4.7889255e+14
      765.404   4.7685621e+14
      765.462   4.7536230e+14
      765.521   4.7472438e+14
      765.580   4.7306110e+14
      765.638   4.7035232e+14
      765.697   4.6772471e+14
      765.755   4.6425565e+14
      765.814   4.6085991e+14
      765.873   4.5829262e+14
      765.931   4.5793396e+14
      765.990   4.5657304e+14
      766.049   4.5611836e+14
      766.107   4.5533512e+14
      766.166   4.5619934e+14
      766.225   4.5579843e+14
      766.284   4.5439832e+14
      766.342   4.5105288e+14
      766.401   4.4982197e+14
      766.460   4.4712445e+14
      766.518   4.4693053e+14
      766.577   4.4960847e+14
      766.636   4.5398889e+14
      766.695   4.5622387e+14
      766.754   4.5680705e+14
      766.812   4.5677584e+14
      766.871   4.6048249e+14
      766.930   4.6562223e+14
      766.989   4.7122993e+14
      767.048   4.7785043e+14
      767.106   4.8316601e+14
      767.165   4.8431177e+14
      767.224   4.8385477e+14
      767.283   4.8333196e+14
      767.342   4.8353925e+14
      767.401   4.8398606e+14
      767.460   4.8428229e+14
      767.519   4.8461331e+14
      767.578   4.8478594e+14
      767.636   4.8436662e+14
      767.695   4.8372761e+14
      767.754   4.8325862e+14
      767.813   4.8233333e+14
      767.872   4.8010900e+14
      767.931   4.7818587e+14
      767.990   4.7669934e+14
      768.049   4.7521256e+14
      768.108   4.7405812e+14
      768.167   4.7419912e+14
      768.226   4.7406159e+14
      768.285   4.7357980e+14
      768.344   4.7261446e+14
      768.403   4.7313444e+14
      768.462   4.7416900e+14
      768.521   4.7516123e+14
      768.580   4.7624648e+14
      768.640   4.7778911e+14
      768.699   4.7777559e+14
      768.758   4.7706152e+14
      768.817   4.7646347e+14
      768.876   4.7599305e+14
      768.935   4.7556128e+14
      768.994   4.7378992e+14
      769.053   4.7251757e+14
      769.112   4.7125668e+14
      769.172   4.6990709e+14
      769.231   4.6921117e+14
      769.290   4.7056397e+14
      769.349   4.7157227e+14
      769.408   4.7193379e+14
      769.468   4.7185828e+14
      769.527   4.7298307e+14
      769.586   4.7450711e+14
      769.645   4.7618259e+14
      769.704   4.7738931e+14
      769.764   4.7640733e+14
      769.823   4.7465321e+14
      769.882   4.7180588e+14
      769.942   4.6909437e+14
      770.001   4.6736251e+14
      770.060   4.6858081e+14
      770.119   4.6905485e+14
      770.179   4.6906419e+14
      770.238   4.6796005e+14
      770.297   4.6958592e+14
      770.357   4.7187586e+14
      770.416   4.7411893e+14
      770.475   4.7661060e+14
      770.535   4.8006538e+14
      770.594   4.8083149e+14
      770.654   4.8068270e+14
      770.713   4.8048283e+14
      770.772   4.8045360e+14
      770.832   4.7974973e+14
      770.891   4.7712016e+14
      770.951   4.7480132e+14
      771.010   4.7163526e+14
      771.069   4.6898890e+14
      771.129   4.6715808e+14
      771.188   4.6713169e+14
      771.248   4.6610024e+14
      771.307   4.6428754e+14
      771.367   4.6209066e+14
      771.426   4.6176095e+14
      771.486   4.6180464e+14
      771.545   4.6368115e+14
      771.605   4.6753587e+14
      771.664   4.7145663e+14
      771.724   4.7297743e+14
      771.784   4.7352327e+14
      771.843   4.7450761e+14
      771.903   4.7520904e+14
      771.962   4.7579335e+14
      772.022   4.7674374e+14
      772.082   4.7769429e+14
      772.141   4.7604365e+14
      772.201   4.7358092e+14
      772.260   4.7148262e+14
      772.320   4.6945069e+14
      772.380   4.6733677e+14
      772.439   4.6661420e+14
      772.499   4.6712880e+14
      772.559   4.6673728e+14
      772.618   4.6459074e+14
      772.678   4.6425341e+14
      772.738   4.6500917e+14
      772.798   4.6544990e+14
      772.857   4.6632592e+14
      772.917   4.6956077e+14
      772.977   4.7196722e+14
      773.036   4.7281665e+14
      773.096   4.7286111e+14
      773.156   4.7457544e+14
      773.216   4.7576064e+14
      773.276   4.7667348e+14
      773.335   4.7777664e+14
      773.395   4.7958138e+14
      773.455   4.7982108e+14
      773.515   4.7991670e+14
      773.575   4.7985653e+14
      773.635   4.7965226e+14
      773.694   4.7933431e+14
      773.754   4.7941049e+14
      773.814   4.7953336e+14
      773.874   4.7967181e+14
      773.934   4.7992327e+14
      773.994   4.8022155e+14
      774.054   4.7974046e+14
      774.114   4.7779388e+14
      774.174   4.7635762e+14
      774.234   4.7502244e+14
      774.293   4.7362019e+14
      774.353   4.7231970e+14
      774.413   4.7162329e+14
      774.473   4.6900451e+14
      774.533   4.6639315e+14
      774.593   4.6312228e+14
      774.653   4.5930881e+14
      774.713   4.5525683e+14
      774.773   4.5285420e+14
      774.833   4.5053307e+14
      774.893   4.4862122e+14
      774.953   4.4663499e+14
      775.014   4.4762606e+14
      775.074   4.4918261e+14
      775.134   4.4980280e+14
      775.194   4.5159781e+14
      775.254   4.5644529e+14
      775.314   4.6060263e+14
      775.374   4.6412035e+14
      775.434   4.6807981e+14
      775.494   4.7214529e+14
      775.555   4.7435339e+14
      775.615   4.7529605e+14
      775.675   4.7612563e+14
      775.735   4.7711938e+14
      775.795   4.7674622e+14
      775.855   4.7609567e+14
      775.916   4.7539487e+14
      775.976   4.7475586e+14
      776.036   4.7430426e+14
      776.096   4.7426285e+14
      776.156   4.7421357e+14
      776.217   4.7417274e+14
      776.277   4.7389678e+14
      776.337   4.7383575e+14
      776.398   4.7373626e+14
      776.458   4.7390973e+14
      776.518   4.7440774e+14
      776.578   4.7515600e+14
      776.639   4.7558050e+14
      776.699   4.7603568e+14
      776.759   4.7613901e+14
      776.820   4.7595353e+14
      776.880   4.7570092e+14
      776.940   4.7553430e+14
      777.001   4.7479323e+14
      777.061   4.7303419e+14
      777.122   4.7160806e+14
      777.182   4.7011063e+14
      777.242   4.6767388e+14
      777.303   4.6544860e+14
      777.363   4.6368030e+14
      777.424   4.6159137e+14
      777.484   4.5955242e+14
      777.544   4.5814727e+14
      777.605   4.5813620e+14
      777.665   4.5901329e+14
      777.726   4.5969536e+14
      777.786   4.6094076e+14
      777.847   4.6264514e+14
      777.907   4.6340140e+14
      777.968   4.6432291e+14
      778.029   4.6548346e+14
      778.089   4.6625579e+14
      778.150   4.6686429e+14
      778.210   4.6736260e+14
      778.271   4.6781842e+14
      778.331   4.6827769e+14
      778.392   4.6847115e+14
      778.452   4.6885212e+14
      778.513   4.6922196e+14
      778.574   4.6959970e+14
      778.634   4.6997690e+14
      778.695   4.7006860e+14
      778.756   4.6852141e+14
      778.816   4.6745179e+14
      778.877   4.6648452e+14
      778.938   4.6550925e+14
      778.998   4.6496072e+14
      779.059   4.6578940e+14
      779.120   4.6623774e+14
      779.180   4.6623442e+14
      779.241   4.6572562e+14
      779.302   4.6658205e+14
      779.362   4.6774801e+14
      779.423   4.6876561e+14
      779.484   4.6996784e+14
      779.545   4.7119768e+14
      779.606   4.6939379e+14
      779.666   4.6784017e+14
      779.727   4.6625156e+14
      779.788   4.6406600e+14
      779.849   4.6200572e+14
      779.910   4.6173950e+14
      779.970   4.6095040e+14
      780.031   4.6012646e+14
      780.092   4.5914912e+14
      780.153   4.6026910e+14
      780.214   4.6161311e+14
      780.275   4.6277665e+14
      780.336   4.6438820e+14
      780.396   4.6740989e+14
      780.457   4.6879018e+14
      780.518   4.6988784e+14
      780.579   4.7070659e+14
      780.640   4.7022065e+14
      780.701   4.6966781e+14
      780.762   4.6908742e+14
      780.823   4.6841644e+14
      780.884   4.6770609e+14
      780.945   4.6639009e+14
      781.006   4.6485370e+14
      781.067   4.6306543e+14
      781.128   4.6093076e+14
      781.189   4.6040043e+14
      781.250   4.6178938e+14
      781.311   4.6280880e+14
      781.372   4.6365142e+14
      781.433   4.6427769e+14
      781.494   4.6517952e+14
      781.555   4.6634903e+14
      781.616   4.6762104e+14
      781.677   4.6909395e+14
      781.739   4.7125251e+14
      781.800   4.7197412e+14
      781.861   4.7211723e+14
      781.922   4.7192180e+14
      781.983   4.7175782e+14
      782.044   4.7131423e+14
      782.105   4.7093362e+14
      782.167   4.7060472e+14
      782.228   4.7046030e+14
      782.289   4.7031974e+14
      782.350   4.7042332e+14
      782.411   4.7032217e+14
      782.473   4.7003246e+14
      782.534   4.6855621e+14
      782.595   4.6783233e+14
      782.656   4.6727776e+14
      782.718   4.6684186e+14
      782.779   4.6660238e+14
      782.840   4.6765558e+14
      782.901   4.6803884e+14
      782.963   4.6795374e+14
      783.024   4.6642515e+14
      783.085   4.6335487e+14
      783.147   4.6148713e+14
      783.208   4.5989854e+14
      783.269   4.5856997e+14
      783.331   4.5834993e+14
      783.392   4.5848032e+14
      783.453   4.5645313e+14
      783.515   4.5418955e+14
      783.576   4.5138454e+14
      783.638   4.5181873e+14
      783.699   4.5414631e+14
      783.760   4.5744887e+14
      783.822   4.6031050e+14
      783.883   4.6319569e+14
      783.945   4.6349284e+14
      784.006   4.6417625e+14
      784.068   4.6505772e+14
      784.129   4.6619535e+14
      784.191   4.6785880e+14
      784.252   4.6902839e+14
      784.314   4.6871802e+14
      784.375   4.6823317e+14
      784.437   4.6772518e+14
      784.498   4.6718494e+14
      784.560   4.6699280e+14
      784.621   4.6720686e+14
      784.683   4.6727146e+14
      784.745   4.6740716e+14
      784.806   4.6723017e+14
      784.868   4.6663482e+14
      784.929   4.6619294e+14
      784.991   4.6578319e+14
      785.053   4.6496234e+14
      785.114   4.6444906e+14
      785.176   4.6416948e+14
      785.238   4.6386616e+14
      785.299   4.6337244e+14
      785.361   4.6265780e+14
      785.423   4.6183621e+14
      785.484   4.5841978e+14
      785.546   4.5561247e+14
      785.608   4.5361939e+14
      785.669   4.5255503e+14
      785.731   4.5166510e+14
      785.793   4.5332277e+14
      785.855   4.5391638e+14
      785.916   4.5376172e+14
      785.978   4.5267371e+14
      786.040   4.5452585e+14
      786.102   4.5711838e+14
      786.164   4.6009519e+14
      786.225   4.6305212e+14
      786.287   4.6672662e+14
      786.349   4.6743246e+14
      786.411   4.6732286e+14
      786.473   4.6732805e+14
      786.535   4.6772128e+14
      786.596   4.6812188e+14
      786.658   4.6862617e+14
      786.720   4.6908289e+14
      786.782   4.6908423e+14
      786.844   4.6861020e+14
      786.906   4.6827078e+14
      786.968   4.6774117e+14
      787.030   4.6741347e+14
      787.092   4.6714910e+14
      787.154   4.6707097e+14
      787.216   4.6673920e+14
      787.278   4.6642717e+14
      787.340   4.6618241e+14
      787.402   4.6634598e+14
      787.464   4.6607346e+14
      787.526   4.6593970e+14
      787.588   4.6557987e+14
      787.650   4.6534289e+14
      787.712   4.6493533e+14
      787.774   4.6507505e+14
      787.836   4.6466346e+14
      787.898   4.6456915e+14
      787.960   4.6404635e+14
      788.022   4.6303145e+14
      788.084   4.6243307e+14
      788.146   4.6279878e+14
      788.208   4.6316857e+14
      788.271   4.6372941e+14
      788.333   4.6447237e+14
      788.395   4.6523525e+14
      788.457   4.6557747e+14
      788.519   4.6537193e+14
      788.581   4.6616287e+14
      788.644   4.6724037e+14
      788.706   4.6770593e+14
      788.768   4.6808418e+14
      788.830   4.6886363e+14
      788.892   4.6871383e+14
      788.955   4.6856061e+14
      789.017   4.6845444e+14
      789.079   4.6847529e+14
      789.141   4.6855978e+14
      789.204   4.6849384e+14
      789.266   4.6830813e+14
      789.328   4.6818993e+14
      789.391   4.6812791e+14
      789.453   4.6795399e+14
      789.515   4.6777212e+14
      789.578   4.6758682e+14
      789.640   4.6743668e+14
      789.702   4.6718312e+14
      789.765   4.6703747e+14
      789.827   4.6708605e+14
      789.889   4.6709480e+14
      789.952   4.6647591e+14
      790.014   4.6627776e+14
      790.077   4.6650985e+14
      790.139   4.6678515e+14
      790.201   4.6721560e+14
      790.264   4.6820371e+14
      790.326   4.6869799e+14
      790.389   4.6849259e+14
      790.451   4.6833831e+14
      790.514   4.6873781e+14
      790.576   4.6943528e+14
      790.639   4.7055135e+14
      790.701   4.7105403e+14
      790.764   4.7129058e+14
      790.826   4.7103284e+14
      790.889   4.7062042e+14
      790.951   4.7016750e+14
      791.014   4.6908190e+14
      791.077   4.6765762e+14
      791.139   4.6524864e+14
      791.202   4.6234997e+14
      791.264   4.5957374e+14
      791.327   4.5774581e+14
      791.390   4.5626025e+14
      791.452   4.5577000e+14
      791.515   4.5575046e+14
      791.578   4.5562334e+14
      791.640   4.5521664e+14
      791.703   4.5501763e+14
      791.766   4.5515349e+14
      791.828   4.5524094e+14
      791.891   4.5515755e+14
      791.954   4.5549279e+14
      792.016   4.5576766e+14
      792.079   4.5585572e+14
      792.142   4.5653009e+14
      792.205   4.5766317e+14
      792.267   4.5919074e+14
      792.330   4.6084281e+14
      792.393   4.6245120e+14
      792.456   4.6342154e+14
      792.519   4.6378553e+14
      792.581   4.6352252e+14
      792.644   4.6296474e+14
      792.707   4.6243880e+14
      792.770   4.6214030e+14
      792.833   4.6198144e+14
      792.896   4.6097225e+14
      792.959   4.5965948e+14
      793.021   4.5812636e+14
      793.084   4.5547956e+14
      793.147   4.5229726e+14
      793.210   4.4988922e+14
      793.273   4.4806786e+14
      793.336   4.4637797e+14
      793.399   4.4611381e+14
      793.462   4.4718784e+14
      793.525   4.4704762e+14
      793.588   4.4572465e+14
      793.651   4.4540041e+14
      793.714   4.4547173e+14
      793.777   4.4510745e+14
      793.840   4.4592213e+14
      793.903   4.4762822e+14
      793.966   4.4743586e+14
      794.029   4.4668785e+14
      794.092   4.4764675e+14
      794.155   4.4976939e+14
      794.218   4.5103656e+14
      794.281   4.5268387e+14
      794.344   4.5398347e+14
      794.407   4.5140382e+14
      794.470   4.4715581e+14
      794.534   4.4473580e+14
      794.597   4.4316288e+14
      794.660   4.4196975e+14
      794.723   4.4309307e+14
      794.786   4.4591318e+14
      794.849   4.4838153e+14
      794.913   4.5105097e+14
      794.976   4.5509300e+14
      795.039   4.5951602e+14
      795.102   4.6295498e+14
      795.165   4.6590611e+14
      795.229   4.6823373e+14
      795.292   4.6850308e+14
      795.355   4.6788753e+14
      795.418   4.6671930e+14
      795.482   4.6554740e+14
      795.545   4.6442282e+14
      795.608   4.6328200e+14
      795.672   4.6223377e+14
      795.735   4.6118873e+14
      795.798   4.6004337e+14
      795.862   4.5911479e+14
      795.925   4.5867436e+14
      795.988   4.5886698e+14
      796.052   4.5962531e+14
      796.115   4.6052749e+14
      796.178   4.6111313e+14
      796.242   4.6146694e+14
      796.305   4.6163177e+14
      796.369   4.6161682e+14
      796.432   4.6156917e+14
      796.495   4.6179419e+14
      796.559   4.6180733e+14
      796.622   4.6161125e+14
      796.686   4.6149191e+14
      796.749   4.6150846e+14
      796.813   4.6168998e+14
      796.876   4.6182281e+14
      796.940   4.6199635e+14
      797.003   4.6210918e+14
      797.067   4.6200983e+14
      797.130   4.6192999e+14
      797.194   4.6186670e+14
      797.257   4.6163026e+14
      797.321   4.6100495e+14
      797.385   4.6048401e+14
      797.448   4.6037179e+14
      797.512   4.6043688e+14
      797.575   4.6060973e+14
      797.639   4.6121291e+14
      797.703   4.6156319e+14
      797.766   4.6133454e+14
      797.830   4.6115465e+14
      797.894   4.6132419e+14
      797.957   4.6147306e+14
      798.021   4.6174716e+14
      798.085   4.6202126e+14
      798.148   4.6208985e+14
      798.212   4.6185364e+14
      798.276   4.6179421e+14
      798.339   4.6189090e+14
      798.403   4.6215709e+14
      798.467   4.6251170e+14
      798.531   4.6276987e+14
      798.594   4.6249678e+14
      798.658   4.6188648e+14
      798.722   4.6124391e+14
      798.786   4.6058920e+14
      798.850   4.6008309e+14
      798.913   4.5996253e+14
      798.977   4.5996317e+14
      799.041   4.5973045e+14
      799.105   4.5958207e+14
      799.169   4.5970729e+14
      799.233   4.5999348e+14
      799.297   4.6021538e+14
      799.361   4.6023200e+14
      799.424   4.5994623e+14
      799.488   4.5921412e+14
      799.552   4.5844574e+14
      799.616   4.5839785e+14
      799.680   4.5822102e+14
      799.744   4.5619211e+14
      799.808   4.5346621e+14
      799.872   4.5087683e+14
      799.936   4.4852456e+14
      800.000   4.4669156e+14
      800.064   4.4660642e+14
      800.128   4.4704888e+14
      800.192   4.4721750e+14
      800.256   4.4791792e+14
      800.320   4.5060086e+14
      800.384   4.5400148e+14
      800.448   4.5779757e+14
      800.512   4.6098973e+14
      800.576   4.6308201e+14
      800.641   4.6341785e+14
      800.705   4.6343059e+14
      800.769   4.6339898e+14
      800.833   4.6341579e+14
      800.897   4.6323497e+14
      800.961   4.6262673e+14
      801.025   4.6181278e+14
      801.089   4.6099879e+14
      801.154   4.6039493e+14
      801.218   4.6015353e+14
      801.282   4.6015408e+14
      801.346   4.6023934e+14
      801.411   4.6049059e+14
      801.475   4.6095923e+14
      801.539   4.6125847e+14
      801.603   4.6123485e+14
      801.667   4.6113052e+14
      801.732   4.6094600e+14
      801.796   4.6052271e+14
      801.860   4.6014374e+14
      801.925   4.5989855e+14
      801.989   4.5959623e+14
      802.053   4.5902728e+14
      802.118   4.5865268e+14
      802.182   4.5872169e+14
      802.246   4.5896841e+14
      802.311   4.5922786e+14
      802.375   4.6017352e+14
      802.439   4.6075573e+14
      802.504   4.6057495e+14
      802.568   4.6010265e+14
      802.633   4.5895203e+14
      802.697   4.5691561e+14
      802.761   4.5480197e+14
      802.826   4.5321412e+14
      802.890   4.5183966e+14
      802.955   4.5127801e+14
      803.019   4.5200133e+14
      803.084   4.5330745e+14
      803.148   4.5492051e+14
      803.213   4.5765454e+14
      803.277   4.6040054e+14
      803.342   4.6209199e+14
      803.406   4.6286899e+14
      803.471   4.6314101e+14
      803.536   4.6226826e+14
      803.600   4.6080002e+14
      803.665   4.5980962e+14
      803.729   4.5937683e+14
      803.794   4.5899310e+14
      803.859   4.5873072e+14
      803.923   4.5912744e+14
      803.988   4.5999434e+14
      804.052   4.6098630e+14
      804.117   4.6200321e+14
      804.182   4.6315800e+14
      804.246   4.6383459e+14
      804.311   4.6392873e+14
      804.376   4.6358960e+14
      804.440   4.6154886e+14
      804.505   4.5857266e+14
      804.570   4.5504923e+14
      804.635   4.5118488e+14
      804.699   4.4746925e+14
      804.764   4.4514329e+14
      804.829   4.4342472e+14
      804.894   4.4215163e+14
      804.958   4.4216652e+14
      805.023   4.4406659e+14
      805.088   4.4693975e+14
      805.153   4.5032006e+14
      805.218   4.5391573e+14
      805.283   4.5649847e+14
      805.347   4.5774298e+14
      805.412   4.5861934e+14
      805.477   4.5879019e+14
      805.542   4.5906244e+14
      805.607   4.5948483e+14
      805.672   4.5945701e+14
      805.737   4.5918175e+14
      805.802   4.5921882e+14
      805.867   4.5945873e+14
      805.932   4.5974738e+14
      805.997   4.6017407e+14
      806.062   4.6078338e+14
      806.127   4.6098695e+14
      806.192   4.6096325e+14
      806.257   4.6090709e+14
      806.322   4.6072505e+14
      806.387   4.6066477e+14
      806.452   4.6073444e+14
      806.517   4.6076754e+14
      806.582   4.6076814e+14
      806.647   4.6079307e+14
      806.712   4.6065150e+14
      806.777   4.6030280e+14
      806.842   4.5992151e+14
      806.907   4.5925580e+14
      806.972   4.5839901e+14
      807.037   4.5729826e+14
      807.102   4.5603480e+14
      807.168   4.5478794e+14
      807.233   4.5395885e+14
      807.298   4.5351983e+14
      807.363   4.5297509e+14
      807.428   4.5257251e+14
      807.494   4.5264612e+14
      807.559   4.5303625e+14
      807.624   4.5382082e+14
      807.689   4.5533340e+14
      807.754   4.5702921e+14
      807.820   4.5817278e+14
      807.885   4.5873834e+14
      807.950   4.5912096e+14
      808.016   4.5929678e+14
      808.081   4.5929705e+14
      808.146   4.5937469e+14
      808.211   4.5959877e+14
      808.277   4.5934329e+14
      808.342   4.5742678e+14
      808.407   4.5497680e+14
      808.473   4.5323115e+14
      808.538   4.5170446e+14
      808.604   4.5057701e+14
      808.669   4.5117906e+14
      808.734   4.5214364e+14
      808.800   4.5187511e+14
      808.865   4.5184220e+14
      808.931   4.5315782e+14
      808.996   4.5462785e+14
      809.061   4.5595154e+14
      809.127   4.5696642e+14
      809.192   4.5685648e+14
      809.258   4.5521514e+14
      809.323   4.5365854e+14
      809.389   4.5294575e+14
      809.454   4.5325514e+14
      809.520   4.5324321e+14
      809.586   4.5275840e+14
      809.651   4.5238713e+14
      809.717   4.5118884e+14
      809.782   4.4951682e+14
      809.848   4.4901939e+14
      809.913   4.4903094e+14
      809.979   4.4851294e+14
      810.045   4.4870036e+14
      810.110   4.4998442e+14
      810.176   4.5114688e+14
      810.241   4.5286370e+14
      810.307   4.5564198e+14
      810.373   4.5801274e+14
      810.438   4.5937963e+14
      810.504   4.6062896e+14
      810.570   4.6127450e+14
      810.636   4.6094882e+14
      810.701   4.6063069e+14
      810.767   4.6052536e+14
      810.833   4.6037507e+14
      810.898   4.6013435e+14
      810.964   4.6009832e+14
      811.030   4.5997654e+14
      811.096   4.5968320e+14
      811.162   4.5959405e+14
      811.227   4.5969218e+14
      811.293   4.5953762e+14
      811.359   4.5939119e+14
      811.425   4.5941631e+14
      811.491   4.5923315e+14
      811.557   4.5905804e+14
      811.622   4.5930733e+14
      811.688   4.5942640e+14
      811.754   4.5927992e+14
      811.820   4.5922323e+14
      811.886   4.5928922e+14
      811.952   4.5928574e+14
      812.018   4.5966648e+14
      812.084   4.6041113e+14
      812.150   4.6113963e+14
      812.216   4.6181500e+14
      812.282   4.6237191e+14
      812.348   4.6265082e+14
      812.414   4.6276207e+14
      812.480   4.6262786e+14
      812.546   4.6225231e+14
      812.612   4.6179896e+14
      812.678   4.6141096e+14
      812.744   4.6096158e+14
      812.810   4.6077801e+14
      812.876   4.6084406e+14
      812.942   4.6092655e+14
      813.008   4.6116864e+14
      813.074   4.6163590e+14
      813.140   4.6214009e+14
      813.206   4.6260342e+14
      813.273   4.6314516e+14
      813.339   4.6352258e+14
      813.405   4.6354382e+14
      813.471   4.6345449e+14
      813.537   4.6330372e+14
      813.603   4.6307917e+14
      813.670   4.6289195e+14
      813.736   4.6266322e+14
      813.802   4.6219269e+14
      813.868   4.6155005e+14
      813.935   4.6095288e+14
      814.001   4.6042470e+14
      814.067   4.5991287e+14
      814.133   4.5950334e+14
      814.200   4.5920919e+14
      814.266   4.5891433e+14
      814.332   4.5891052e+14
      814.399   4.5914509e+14
      814.465   4.5945707e+14
      814.531   4.5972804e+14
      814.598   4.6004066e+14
      814.664   4.6037732e+14
      814.730   4.6060332e+14
      814.797   4.6037456e+14
      814.863   4.5973495e+14
      814.930   4.5894398e+14
      814.996   4.5812771e+14
      815.062   4.5731128e+14
      815.129   4.5689333e+14
      815.195   4.5698778e+14
      815.262   4.5702124e+14
      815.328   4.5709518e+14
      815.395   4.5754326e+14
      815.461   4.5831924e+14
      815.528   4.5900155e+14
      815.594   4.5960531e+14
      815.661   4.6011939e+14
      815.727   4.6014428e+14
      815.794   4.5980012e+14
      815.860   4.5961548e+14
      815.927   4.5971075e+14
      815.993   4.5959593e+14
      816.060   4.5898452e+14
      816.127   4.5823741e+14
      816.193   4.5751016e+14
      816.260   4.5682442e+14
      816.327   4.5640163e+14
      816.393   4.5656184e+14
      816.460   4.5685823e+14
      816.526   4.5687460e+14
      816.593   4.5713818e+14
      816.660   4.5740594e+14
      816.727   4.5730777e+14
      816.793   4.5722136e+14
      816.860   4.5717250e+14
      816.927   4.5671231e+14
      816.993   4.5619802e+14
      817.060   4.5603797e+14
      817.127   4.5581617e+14
      817.194   4.5586585e+14
      817.261   4.5627760e+14
      817.327   4.5673414e+14
      817.394   4.5726950e+14
      817.461   4.5795308e+14
      817.528   4.5831989e+14
      817.595   4.5826273e+14
      817.661   4.5810208e+14
      817.728   4.5748088e+14
      817.795   4.5658782e+14
      817.862   4.5593761e+14
      817.929   4.5523370e+14
      817.996   4.5463259e+14
      818.063   4.5422499e+14
      818.130   4.5201739e+14
      818.197   4.4777449e+14
      818.264   4.4404992e+14
      818.331   4.4097158e+14
      818.398   4.3823472e+14
      818.465   4.3741351e+14
      818.532   4.3779541e+14
      818.599   4.3689157e+14
      818.666   4.3687373e+14
      818.733   4.3895807e+14
      818.800   4.4183416e+14
      818.867   4.4557245e+14
      818.934   4.5023070e+14
      819.001   4.5351664e+14
      819.068   4.5500943e+14
      819.135   4.5618491e+14
      819.202   4.5717081e+14
      819.269   4.5670085e+14
      819.336   4.5365696e+14
      819.403   4.4922631e+14
      819.471   4.4448612e+14
      819.538   4.3949287e+14
      819.605   4.3599667e+14
      819.672   4.3498002e+14
      819.739   4.3374454e+14
      819.807   4.3228228e+14
      819.874   4.3349403e+14
      819.941   4.3601044e+14
      820.008   4.3832080e+14
      820.075   4.4192798e+14
      820.143   4.4557340e+14
      820.210   4.4632428e+14
      820.277   4.4627400e+14
      820.345   4.4686853e+14
      820.412   4.4713642e+14
      820.479   4.4768105e+14
      820.547   4.4910207e+14
      820.614   4.4951479e+14
      820.681   4.4891518e+14
      820.749   4.4855574e+14
      820.816   4.4774522e+14
      820.883   4.4673617e+14
      820.951   4.4638057e+14
      821.018   4.4634669e+14
      821.085   4.4545723e+14
      821.153   4.4403472e+14
      821.220   4.4236336e+14
      821.288   4.4080401e+14
      821.355   4.3962841e+14
      821.423   4.3897002e+14
      821.490   4.3899758e+14
      821.558   4.3905459e+14
      821.625   4.3926415e+14
      821.693   4.4133166e+14
      821.760   4.4429264e+14
      821.828   4.4582308e+14
      821.895   4.4544151e+14
      821.963   4.4460106e+14
      822.030   4.4272119e+14
      822.098   4.3999298e+14
      822.166   4.3852682e+14
      822.233   4.3874476e+14
      822.301   4.3886379e+14
      822.368   4.3993047e+14
      822.436   4.4317168e+14
      822.504   4.4753978e+14
      822.571   4.5193699e+14
      822.639   4.5655494e+14
      822.707   4.6018374e+14
      822.774   4.6174977e+14
      822.842   4.6180034e+14
      822.910   4.6036357e+14
      822.978   4.5768365e+14
      823.045   4.5398751e+14
      823.113   4.4961993e+14
      823.181   4.4601839e+14
      823.249   4.4359751e+14
      823.316   4.4209996e+14
      823.384   4.4155615e+14
      823.452   4.4261250e+14
      823.520   4.4374364e+14
      823.588   4.4575814e+14
      823.655   4.4870134e+14
      823.723   4.5118095e+14
      823.791   4.5223852e+14
      823.859   4.5280268e+14
      823.927   4.5223853e+14
      823.995   4.5058752e+14
      824.063   4.4942987e+14
      824.131   4.4896906e+14
      824.198   4.4805959e+14
      824.266   4.4781849e+14
      824.334   4.4860661e+14
      824.402   4.4972283e+14
      824.470   4.5104251e+14
      824.538   4.5263646e+14
      824.606   4.5297278e+14
      824.674   4.5136184e+14
      824.742   4.4953890e+14
      824.810   4.4789000e+14
      824.878   4.4617450e+14
      824.946   4.4510237e+14
      825.014   4.4508921e+14
      825.082   4.4508020e+14
      825.151   4.4534182e+14
      825.219   4.4669135e+14
      825.287   4.4858128e+14
      825.355   4.5041331e+14
      825.423   4.5209608e+14
      825.491   4.5268611e+14
      825.559   4.5215811e+14
      825.628   4.5125238e+14
      825.696   4.5033342e+14
      825.764   4.4979679e+14
      825.832   4.4996682e+14
      825.900   4.5016613e+14
      825.968   4.5062315e+14
      826.037   4.5165476e+14
      826.105   4.5283568e+14
      826.173   4.5350103e+14
      826.241   4.5389198e+14
      826.310   4.5405044e+14
      826.378   4.5374257e+14
      826.446   4.5314742e+14
      826.515   4.5268596e+14
      826.583   4.5251096e+14
      826.651   4.5212786e+14
      826.720   4.5199488e+14
      826.788   4.5219860e+14
      826.856   4.5255641e+14
      826.925   4.5299377e+14
      826.993   4.5360559e+14
      827.061   4.5388022e+14
      827.130   4.5366824e+14
      827.198   4.5330995e+14
      827.267   4.5279797e+14
      827.335   4.5234790e+14
      827.404   4.5178575e+14
      827.472   4.5091468e+14
      827.541   4.5001904e+14
      827.609   4.4947682e+14
      827.678   4.4892252e+14
      827.746   4.4853023e+14
      827.815   4.4869267e+14
      827.883   4.4887536e+14
      827.952   4.4912955e+14
      828.020   4.4965419e+14
      828.089   4.5034200e+14
      828.157   4.5074591e+14
      828.226   4.5116288e+14
      828.294   4.5137095e+14
      828.363   4.5117910e+14
      828.432   4.5094559e+14
      828.500   4.5078240e+14
      828.569   4.5044865e+14
      828.638   4.4988129e+14
      828.706   4.4952596e+14
      828.775   4.4923802e+14
      828.844   4.4897076e+14
      828.912   4.4889912e+14
      828.981   4.4924953e+14
      829.050   4.4932442e+14
      829.119   4.4944527e+14
      829.187   4.4912309e+14
      829.256   4.4789540e+14
      829.325   4.4661749e+14
      829.394   4.4565659e+14
      829.463   4.4461207e+14
      829.531   4.4397196e+14
      829.600   4.4414250e+14
      829.669   4.4399983e+14
      829.738   4.4416620e+14
      829.807   4.4500522e+14
      829.876   4.4599897e+14
      829.944   4.4717199e+14
      830.013   4.4870100e+14
      830.082   4.4987490e+14
      830.151   4.5026756e+14
      830.220   4.5047629e+14
      830.289   4.5058480e+14
      830.358   4.5058461e+14
      830.427   4.5008268e+14
      830.496   4.4897443e+14
      830.565   4.4690844e+14
      830.634   4.4475420e+14
      830.703   4.4308057e+14
      830.772   4.4181237e+14
      830.841   4.4044780e+14
      830.910   4.3955985e+14
      830.979   4.3872617e+14
      831.048   4.3858684e+14
      831.117   4.3951871e+14
      831.186   4.4147170e+14
      831.255   4.4389391e+14
      831.324   4.4613640e+14
      831.393   4.4783095e+14
      831.463   4.4931285e+14
      831.532   4.5054748e+14
      831.601   4.5125469e+14
      831.670   4.5235572e+14
      831.739   4.5255658e+14
      831.808   4.5186959e+14
      831.878   4.5111193e+14
      831.947   4.5081846e+14
      832.016   4.5007249e+14
      832.085   4.4983761e+14
      832.154   4.5027285e+14
      832.224   4.5089735e+14
      832.293   4.5162618e+14
      832.362   4.5252680e+14
      832.432   4.5247687e+14
      832.501   4.4985706e+14
      832.570   4.4475551e+14
      832.639   4.3999253e+14
      832.709   4.3551019e+14
      832.778   4.3137882e+14
      832.847   4.2914611e+14
      832.917   4.2901869e+14
      832.986   4.2709157e+14
      833.056   4.2630964e+14
      833.125   4.2809399e+14
      833.195   4.3047905e+14
      833.264   4.3295626e+14
      833.333   4.3597512e+14
      833.403   4.3675856e+14
      833.472   4.3501554e+14
      833.542   4.3396102e+14
      833.611   4.3373676e+14
      833.681   4.3425170e+14
      833.750   4.3508937e+14
      833.820   4.3529383e+14
      833.889   4.3560271e+14
      833.959   4.3605494e+14
      834.028   4.3649419e+14
      834.098   4.3680795e+14
      834.167   4.3750344e+14
      834.237   4.3732178e+14
      834.307   4.3707288e+14
      834.376   4.3706279e+14
      834.446   4.3699023e+14
      834.516   4.3619922e+14
      834.585   4.3560089e+14
      834.655   4.3500291e+14
      834.725   4.3436276e+14
      834.794   4.3448280e+14
      834.864   4.3549435e+14
      834.934   4.3612775e+14
      835.003   4.3739555e+14
      835.073   4.3958898e+14
      835.143   4.4202664e+14
      835.213   4.4455722e+14
      835.282   4.4736943e+14
      835.352   4.4900926e+14
      835.422   4.4961051e+14
      835.492   4.5012350e+14
      835.562   4.5061555e+14
      835.631   4.5055599e+14
      835.701   4.4986168e+14
      835.771   4.4928927e+14
      835.841   4.4892294e+14
      835.911   4.4850602e+14
      835.981   4.4808487e+14
      836.051   4.4785715e+14
      836.120   4.4738904e+14
      836.190   4.4689609e+14
      836.260   4.4650820e+14
      836.330   4.4616665e+14
      836.400   4.4518497e+14
      836.470   4.4347871e+14
      836.540   4.4222712e+14
      836.610   4.4125328e+14
      836.680   4.4051094e+14
      836.750   4.4072056e+14
      836.820   4.4183594e+14
      836.890   4.4223103e+14
      836.960   4.4316561e+14
      837.030   4.4460597e+14
      837.100   4.4594528e+14
      837.170   4.4690559e+14
      837.240   4.4762576e+14
      837.311   4.4744443e+14
      837.381   4.4684947e+14
      837.451   4.4619109e+14
      837.521   4.4549466e+14
      837.591   4.4470111e+14
      837.661   4.4368813e+14
      837.731   4.4262863e+14
      837.802   4.4167061e+14
      837.872   4.4083852e+14
      837.942   4.4010751e+14
      838.012   4.3939745e+14
      838.083   4.3877645e+14
      838.153   4.3845016e+14
      838.223   4.3844449e+14
      838.293   4.3863727e+14
      838.364   4.3899514e+14
      838.434   4.4007857e+14
      838.504   4.4079497e+14
      838.574   4.3891499e+14
      838.645   4.3482700e+14
      838.715   4.3198769e+14
      838.785   4.2954485e+14
      838.856   4.2780321e+14
      838.926   4.2817671e+14
      838.997   4.2940408e+14
      839.067   4.2813043e+14
      839.137   4.2940403e+14
      839.208   4.3295143e+14
      839.278   4.3712427e+14
      839.349   4.4161103e+14
      839.419   4.4682915e+14
      839.490   4.4906475e+14
      839.560   4.4881051e+14
      839.631   4.4795241e+14
      839.701   4.4671315e+14
      839.772   4.4571936e+14
      839.842   4.4481792e+14
      839.913   4.4438623e+14
      839.983   4.4356910e+14
      840.054   4.4312026e+14
      840.124   4.4280199e+14
      840.195   4.4298749e+14
      840.266   4.4340998e+14
      840.336   4.4421274e+14
      840.407   4.4476652e+14
      840.477   4.4518016e+14
      840.548   4.4561992e+14
      840.619   4.4609775e+14
      840.689   4.4675723e+14
      840.760   4.4762456e+14
      840.831   4.4808999e+14
      840.901   4.4814857e+14
      840.972   4.4796631e+14
      841.043   4.4731824e+14
      841.114   4.4623377e+14
      841.184   4.4523748e+14
      841.255   4.4401718e+14
      841.326   4.4287284e+14
      841.397   4.4223668e+14
      841.468   4.4199435e+14
      841.538   4.4117531e+14
      841.609   4.4015748e+14
      841.680   4.3855465e+14
      841.751   4.3772288e+14
      841.822   4.3710713e+14
      841.893   4.3677093e+14
      841.963   4.3664193e+14
      842.034   4.3683557e+14
      842.105   4.3601179e+14
      842.176   4.3532345e+14
      842.247   4.3532621e+14
      842.318   4.3511696e+14
      842.389   4.3517480e+14
      842.460   4.3517335e+14
      842.531   4.3417500e+14
      842.602   4.3242557e+14
      842.673   4.3125291e+14
      842.744   4.3044492e+14
      842.815   4.3072304e+14
      842.886   4.3184561e+14
      842.957   4.3308721e+14
      843.028   4.3430366e+14
      843.099   4.3569852e+14
      843.170   4.3668191e+14
      843.241   4.3720267e+14
      843.313   4.3662018e+14
      843.384   4.3373141e+14
      843.455   4.2969986e+14
      843.526   4.2652131e+14
      843.597   4.2475642e+14
      843.668   4.2384548e+14
      843.739   4.2344196e+14
      843.811   4.2235184e+14
      843.882   4.2204037e+14
      843.953   4.2330682e+14
      844.024   4.2549859e+14
      844.096   4.2886663e+14
      844.167   4.3322498e+14
      844.238   4.3582867e+14
      844.309   4.3773995e+14
      844.381   4.3976254e+14
      844.452   4.4042878e+14
      844.523   4.3982386e+14
      844.595   4.4021852e+14
      844.666   4.3960921e+14
      844.737   4.3826828e+14
      844.809   4.3786328e+14
      844.880   4.3838933e+14
      844.951   4.3815819e+14
      845.023   4.3931449e+14
      845.094   4.4131270e+14
      845.166   4.4331191e+14
      845.237   4.4558321e+14
      845.309   4.4808525e+14
      845.380   4.4905068e+14
      845.451   4.4918633e+14
      845.523   4.4904580e+14
      845.594   4.4854702e+14
      845.666   4.4779759e+14
      845.737   4.4674513e+14
      845.809   4.4536938e+14
      845.881   4.4407009e+14
      845.952   4.4328535e+14
      846.024   4.4295253e+14
      846.095   4.4284052e+14
      846.167   4.4288678e+14
      846.238   4.4274495e+14
      846.310   4.4294877e+14
      846.382   4.4318252e+14
      846.453   4.4311315e+14
      846.525   4.4278005e+14
      846.597   4.4218683e+14
      846.668   4.3941490e+14
      846.740   4.3515093e+14
      846.812   4.3213106e+14
      846.883   4.2950675e+14
      846.955   4.2699332e+14
      847.027   4.2589359e+14
      847.099   4.2631234e+14
      847.170   4.2512317e+14
      847.242   4.2565834e+14
      847.314   4.2798915e+14
      847.386   4.3090089e+14
      847.458   4.3351455e+14
      847.529   4.3689188e+14
      847.601   4.3857187e+14
      847.673   4.3885664e+14
      847.745   4.3901345e+14
      847.817   4.3937942e+14
      847.889   4.3904106e+14
      847.961   4.3790438e+14
      848.033   4.3618679e+14
      848.104   4.3422927e+14
      848.176   4.3243846e+14
      848.248   4.3089076e+14
      848.320   4.2971445e+14
      848.392   4.2904186e+14
      848.464   4.2867674e+14
      848.536   4.2828168e+14
      848.608   4.2828384e+14
      848.680   4.2849106e+14
      848.752   4.2882229e+14
      848.824   4.2911507e+14
      848.896   4.2919846e+14
      848.969   4.2943196e+14
      849.041   4.3033186e+14
      849.113   4.3084712e+14
      849.185   4.3133256e+14
      849.257   4.3169838e+14
      849.329   4.3188463e+14
      849.401   4.3172028e+14
      849.473   4.3047815e+14
      849.545   4.2641377e+14
      849.618   4.1706052e+14
      849.690   4.0279472e+14
      849.762   3.8890422e+14
      849.834   3.7647075e+14
      849.906   3.6535783e+14
      849.979   3.5934301e+14
      850.051   3.5789996e+14
      850.123   3.5779031e+14
      850.196   3.6379604e+14
      850.268   3.7463993e+14
      850.340   3.8770890e+14
      850.412   4.0214709e+14
      850.485   4.1569334e+14
      850.557   4.2340905e+14
      850.629   4.2718785e+14
      850.702   4.2945633e+14
      850.774   4.3121458e+14
      850.847   4.3297789e+14
      850.919   4.3439830e+14
      850.991   4.3503057e+14
      851.064   4.3526497e+14
      851.136   4.3520745e+14
      851.209   4.3368058e+14
      851.281   4.2894717e+14
      851.354   4.2320740e+14
      851.426   4.1786527e+14
      851.499   4.1284466e+14
      851.571   4.0910504e+14
      851.644   4.0814874e+14
      851.716   4.0740286e+14
      851.789   4.0782924e+14
      851.861   4.1074751e+14
      851.934   4.1496928e+14
      852.006   4.1960523e+14
      852.079   4.2525401e+14
      852.152   4.2932152e+14
      852.224   4.3082515e+14
      852.297   4.3121821e+14
      852.370   4.3131091e+14
      852.442   4.3059201e+14
      852.515   4.2841460e+14
      852.588   4.2459197e+14
      852.660   4.1953913e+14
      852.733   4.1475389e+14
      852.806   4.1063153e+14
      852.878   4.0770173e+14
      852.951   4.0500028e+14
      853.024   4.0250159e+14
      853.097   4.0115391e+14
      853.169   4.0033694e+14
      853.242   3.9953737e+14
      853.315   3.9873647e+14
      853.388   3.9680710e+14
      853.461   3.9291680e+14
      853.534   3.9524295e+14
      853.606   3.9671130e+14
      853.679   3.9699277e+14
      853.752   3.9597542e+14
      853.825   3.9298561e+14
      853.898   3.8654924e+14
      853.971   3.7554796e+14
      854.044   3.5877113e+14
      854.117   3.3846229e+14
      854.190   3.1861230e+14
      854.263   3.0155657e+14
      854.336   2.8976912e+14
      854.409   2.8357378e+14
      854.482   2.8240296e+14
      854.555   2.8841290e+14
      854.628   3.0233996e+14
      854.701   3.2172950e+14
      854.774   3.4386498e+14
      854.847   3.6652061e+14
      854.920   3.8548032e+14
      854.993   3.9859468e+14
      855.066   4.0704823e+14
      855.139   4.1232157e+14
      855.213   4.1553096e+14
      855.286   4.1812506e+14
      855.359   4.2124104e+14
      855.432   4.2343724e+14
      855.505   4.2459324e+14
      855.578   4.2457907e+14
      855.652   4.2440685e+14
      855.725   4.2422805e+14
      855.798   4.2386741e+14
      855.871   4.2351793e+14
      855.945   4.2378941e+14
      856.018   4.2373244e+14
      856.091   4.2455430e+14
      856.164   4.2595170e+14
      856.238   4.2703432e+14
      856.311   4.2780791e+14
      856.384   4.2868256e+14
      856.458   4.2863769e+14
      856.531   4.2818050e+14
      856.604   4.2770288e+14
      856.678   4.2727269e+14
      856.751   4.2658706e+14
      856.825   4.2572798e+14
      856.898   4.2477846e+14
      856.971   4.2375154e+14
      857.045   4.2256061e+14
      857.118   4.2237910e+14
      857.192   4.2303963e+14
      857.265   4.2376106e+14
      857.339   4.2447791e+14
      857.412   4.2523798e+14
      857.486   4.2566154e+14
      857.559   4.2636783e+14
      857.633   4.2716029e+14
      857.706   4.2808921e+14
      857.780   4.2913420e+14
      857.854   4.3041463e+14
      857.927   4.3120800e+14
      858.001   4.3079729e+14
      858.074   4.2873315e+14
      858.148   4.2706360e+14
      858.222   4.2527144e+14
      858.295   4.2356926e+14
      858.369   4.2235861e+14
      858.443   4.2220790e+14
      858.516   4.2121772e+14
      858.590   4.2100292e+14
      858.664   4.2140751e+14
      858.738   4.2264620e+14
      858.811   4.2398574e+14
      858.885   4.2626221e+14
      858.959   4.2781471e+14
      859.033   4.2843762e+14
      859.107   4.2882838e+14
      859.180   4.2938735e+14
      859.254   4.2998025e+14
      859.328   4.3060438e+14
      859.402   4.3139302e+14
      859.476   4.3133626e+14
      859.550   4.3098615e+14
      859.623   4.2995286e+14
      859.697   4.2903518e+14
      859.771   4.2791116e+14
      859.845   4.2722978e+14
      859.919   4.2646053e+14
      859.993   4.2611620e+14
      860.067   4.2605591e+14
      860.141   4.2652172e+14
      860.215   4.2660479e+14
      860.289   4.2770608e+14
      860.363   4.2894970e+14
      860.437   4.2949732e+14
      860.511   4.2983926e+14
      860.585   4.3006350e+14
      860.659   4.2970527e+14
      860.733   4.2985102e+14
      860.807   4.3042709e+14
      860.882   4.3094659e+14
      860.956   4.3099792e+14
      861.030   4.2913328e+14
      861.104   4.2819769e+14
      861.178   4.2755848e+14
      861.252   4.2670899e+14
      861.326   4.2667616e+14
      861.401   4.2780358e+14
      861.475   4.2598482e+14
      861.549   4.2604568e+14
      861.623   4.2746905e+14
      861.698   4.2866024e+14
      861.772   4.3083811e+14
      861.846   4.3497459e+14
      861.920   4.3588850e+14
      861.995   4.3557917e+14
      862.069   4.3620243e+14
      862.143   4.3656535e+14
      862.218   4.3708517e+14
      862.292   4.3878968e+14
      862.366   4.4065083e+14
      862.441   4.4119277e+14
      862.515   4.4211210e+14
      862.589   4.4283613e+14
      862.664   4.4370846e+14
      862.738   4.4467600e+14
      862.813   4.4607428e+14
      862.887   4.4647306e+14
      862.962   4.4585145e+14
      863.036   4.4473388e+14
      863.111   4.4299531e+14
      863.185   4.4130362e+14
      863.260   4.3931235e+14
      863.334   4.3759405e+14
      863.409   4.3629760e+14
      863.483   4.3593071e+14
      863.558   4.3542948e+14
      863.632   4.3575812e+14
      863.707   4.3618294e+14
      863.782   4.3689494e+14
      863.856   4.3789356e+14
      863.931   4.3918422e+14
      864.005   4.3982213e+14
      864.080   4.4004735e+14
      864.155   4.3987246e+14
      864.230   4.3954511e+14
      864.304   4.3901709e+14
      864.379   4.3806300e+14
      864.454   4.3714353e+14
      864.528   4.3607543e+14
      864.603   4.3464244e+14
      864.678   4.3215737e+14
      864.753   4.2929454e+14
      864.827   4.2666614e+14
      864.902   4.2422897e+14
      864.977   4.2198861e+14
      865.052   4.2049441e+14
      865.127   4.1864152e+14
      865.202   4.1766548e+14
      865.276   4.1991900e+14
      865.351   4.2242082e+14
      865.426   4.2497585e+14
      865.501   4.2773086e+14
      865.576   4.2924920e+14
      865.651   4.2951567e+14
      865.726   4.2852121e+14
      865.801   4.2595388e+14
      865.876   4.2094753e+14
      865.951   4.1149819e+14
      866.026   3.9502924e+14
      866.101   3.7329215e+14
      866.176   3.5107682e+14
      866.251   3.3080847e+14
      866.326   3.1536746e+14
      866.401   3.0773560e+14
      866.476   3.0737881e+14
      866.551   3.1285535e+14
      866.626   3.2701319e+14
      866.701   3.4729284e+14
      866.776   3.7118752e+14
      866.852   3.9656885e+14
      866.927   4.1927866e+14
      867.002   4.3455056e+14
      867.077   4.4140851e+14
      867.152   4.4514878e+14
      867.227   4.4643588e+14
      867.303   4.4475891e+14
      867.378   4.4175366e+14
      867.453   4.3941599e+14
      867.528   4.3671062e+14
      867.604   4.3482470e+14
      867.679   4.3465430e+14
      867.754   4.3404653e+14
      867.830   4.3264134e+14
      867.905   4.3253542e+14
      867.980   4.3353360e+14
      868.056   4.3452732e+14
      868.131   4.3614566e+14
      868.206   4.3761562e+14
      868.282   4.3765830e+14
      868.357   4.3707397e+14
      868.432   4.3748892e+14
      868.508   4.3818741e+14
      868.583   4.3855317e+14
      868.659   4.3698999e+14
      868.734   4.3072777e+14
      868.810   4.2424011e+14
      868.885   4.1831123e+14
      868.961   4.1287970e+14
      869.036   4.0987451e+14
      869.112   4.1075967e+14
      869.187   4.1008450e+14
      869.263   4.1336672e+14
      869.338   4.1865450e+14
      869.414   4.2475208e+14
      869.680   4.3212758e+14
      869.716   4.4958124e+14
      869.792   4.4736093e+14
      869.868   4.4568771e+14
      869.943   4.4419763e+14
      870.019   4.4283912e+14
      870.095   4.4219008e+14
      870.171   4.4224627e+14
      870.246   4.4114088e+14
      870.322   4.4150811e+14
      870.398   4.4236172e+14
      870.474   4.4349595e+14
      870.549   4.4513391e+14
      870.625   4.4679898e+14
      870.701   4.4684675e+14
      870.777   4.4629831e+14
      870.853   4.4482909e+14
      870.928   4.4260919e+14
      871.004   4.4078422e+14
      871.080   4.3821195e+14
      871.156   4.3421920e+14
      871.232   4.3152443e+14
      871.308   4.2958188e+14
      871.384   4.2762328e+14
      871.460   4.2739825e+14
      871.536   4.2957500e+14
      871.612   4.3028825e+14
      871.688   4.3271315e+14
      871.764   4.3560982e+14
      871.840   4.3754142e+14
      871.916   4.3964361e+14
      871.992   4.4306229e+14
      872.068   4.4450149e+14
      872.144   4.4596283e+14
      872.220   4.4780651e+14
      872.296   4.4977354e+14
      872.372   4.5181103e+14
      872.448   4.5282994e+14
      872.524   4.5299242e+14
      872.600   4.5207416e+14
      872.677   4.4988648e+14
      872.753   4.4752227e+14
      872.829   4.4546950e+14
      872.905   4.4355710e+14
      872.981   4.4211460e+14
      873.057   4.4177955e+14
      873.134   4.4133952e+14
      873.210   4.4136058e+14
      873.286   4.4184318e+14
      873.362   4.4123543e+14
      873.439   4.3860663e+14
      873.515   4.3673452e+14
      873.591   4.3426837e+14
      873.668   4.3116892e+14
      873.744   4.2862526e+14
      873.820   4.2799927e+14
      873.897   4.2618266e+14
      873.973   4.2568882e+14
      874.049   4.2567581e+14
      874.126   4.2491912e+14
      874.202   4.2504911e+14
      874.279   4.2651633e+14
      874.355   4.2632380e+14
      874.432   4.2523229e+14
      874.508   4.2482339e+14
      874.585   4.2336879e+14
      874.661   4.2292964e+14
      874.738   4.2281729e+14
      874.814   4.2279700e+14
      874.891   4.2241497e+14
      874.967   4.2193069e+14
      875.044   4.1887387e+14
      875.120   4.1660671e+14
      875.197   4.1495476e+14
      875.273   4.1398109e+14
      875.350   4.1388072e+14
      875.427   4.1499017e+14
      875.503   4.1474316e+14
      875.580   4.1377132e+14
      875.657   4.1419424e+14
      875.733   4.1510566e+14
      875.810   4.1643702e+14
      875.887   4.1841913e+14
      875.964   4.2120723e+14
      876.040   4.2180949e+14
      876.117   4.2411366e+14
      876.194   4.2708032e+14
      876.271   4.2980400e+14
      876.347   4.3234540e+14
      876.424   4.3542738e+14
      876.501   4.3586045e+14
      876.578   4.3563338e+14
      876.655   4.3564993e+14
      876.732   4.3540775e+14
      876.808   4.3550051e+14
      876.885   4.3594786e+14
      876.962   4.3589373e+14
      877.039   4.3587272e+14
      877.116   4.3501591e+14
      877.193   4.3354016e+14
      877.270   4.3094100e+14
      877.347   4.2903440e+14
      877.424   4.2721716e+14
      877.501   4.2644039e+14
      877.578   4.2565688e+14
      877.655   4.2657931e+14
      877.732   4.2683190e+14
      877.809   4.2843065e+14
      877.886   4.3037754e+14
      877.963   4.3267889e+14
      878.040   4.3437712e+14
      878.117   4.3617564e+14
      878.194   4.3625276e+14
      878.272   4.3581836e+14
      878.349   4.3547539e+14
      878.426   4.3502042e+14
      878.503   4.3485643e+14
      878.580   4.3498119e+14
      878.657   4.3522766e+14
      878.735   4.3513974e+14
      878.812   4.3482876e+14
      878.889   4.3264293e+14
      878.966   4.3126031e+14
      879.044   4.2997796e+14
      879.121   4.2805965e+14
      879.198   4.2438293e+14
      879.276   4.2271175e+14
      879.353   4.1984273e+14
      879.430   4.1852590e+14
      879.508   4.1822777e+14
      879.585   4.1991965e+14
      879.662   4.2068790e+14
      879.740   4.2380826e+14
      879.817   4.2619516e+14
      879.894   4.2846498e+14
      879.972   4.3061084e+14
      880.049   4.3374061e+14
      880.127   4.3496120e+14
      880.204   4.3499737e+14
      880.282   4.3390092e+14
      880.359   4.3249255e+14
      880.437   4.2880428e+14
      880.514   4.1997304e+14
      880.592   4.1165279e+14
      880.669   4.0428927e+14
      880.747   3.9724622e+14
      880.824   3.9251378e+14
      880.902   3.9324340e+14
      880.980   3.9263592e+14
      881.057   3.9656885e+14
      881.135   4.0303104e+14
      881.213   4.0999933e+14
      881.290   4.1612528e+14
      881.368   4.2357559e+14
      881.446   4.2678611e+14
      881.523   4.2723492e+14
      881.601   4.2688838e+14
      881.679   4.2686633e+14
      881.756   4.2651169e+14
      881.834   4.2638523e+14
      881.912   4.2733634e+14
      881.990   4.2818595e+14
      882.068   4.2954235e+14
      882.145   4.3064139e+14
      882.223   4.2957492e+14
      882.301   4.2470812e+14
      882.379   4.2109544e+14
      882.457   4.1745583e+14
      882.535   4.1419912e+14
      882.613   4.1252591e+14
      882.690   4.1333349e+14
      882.768   4.1235449e+14
      882.846   4.1437562e+14
      882.924   4.1764973e+14
      883.002   4.2125160e+14
      883.080   4.2542797e+14
      883.158   4.2994443e+14
      883.236   4.3096028e+14
      883.314   4.3078277e+14
      883.392   4.3063890e+14
      883.470   4.3041456e+14
      883.548   4.3029604e+14
      883.626   4.2948977e+14
      883.704   4.2625542e+14
      883.783   4.2381526e+14
      883.861   4.2159397e+14
      883.939   4.1934829e+14
      884.017   4.1803407e+14
      884.095   4.1864031e+14
      884.173   4.1752974e+14
      884.251   4.1874415e+14
      884.330   4.2071611e+14
      884.408   4.2265593e+14
      884.486   4.2439788e+14
      884.564   4.2650580e+14
      884.643   4.2664810e+14
      884.721   4.2626623e+14
      884.799   4.2581965e+14
      884.877   4.2593749e+14
      884.956   4.2615106e+14
      885.034   4.2624396e+14
      885.112   4.2681727e+14
      885.191   4.2742192e+14
      885.269   4.2808810e+14
      885.347   4.2896794e+14
      885.426   4.2948952e+14
      885.504   4.2928812e+14
      885.583   4.2894218e+14
      885.661   4.2838079e+14
      885.740   4.2758032e+14
      885.818   4.2596217e+14
      885.896   4.2224835e+14
      885.975   4.1871144e+14
      886.054   4.1446463e+14
      886.132   4.0918376e+14
      886.211   4.0456721e+14
      886.289   4.0197423e+14
      886.368   3.9862090e+14
      886.446   3.9737878e+14
      886.525   3.9580263e+14
      886.603   3.9527914e+14
      886.682   3.9583230e+14
      886.761   3.9830389e+14
      886.839   4.0016256e+14
      886.918   4.0378530e+14
      886.997   4.0608808e+14
      887.075   4.0976897e+14
      887.154   4.1273758e+14
      887.233   4.1588630e+14
      887.311   4.1913465e+14
      887.390   4.2276522e+14
      887.469   4.2336120e+14
      887.548   4.2351319e+14
      887.626   4.2282497e+14
      887.705   4.2133175e+14
      887.784   4.2027587e+14
      887.863   4.2015937e+14
      887.942   4.1968344e+14
      888.021   4.1993079e+14
      888.099   4.2098831e+14
      888.178   4.2127289e+14
      888.257   4.2186973e+14
      888.336   4.2300780e+14
      888.415   4.2347730e+14
      888.494   4.2375776e+14
      888.573   4.2436573e+14
      888.652   4.2459389e+14
      888.731   4.2472417e+14
      888.810   4.2504812e+14
      888.889   4.2500390e+14
      888.968   4.2503258e+14
      889.047   4.2478027e+14
      889.126   4.2355566e+14
      889.205   4.2243245e+14
      889.284   4.2168740e+14
      889.363   4.2081767e+14
      889.442   4.2043728e+14
      889.521   4.2107740e+14
      889.601   4.2105435e+14
      889.680   4.2189978e+14
      889.759   4.2276687e+14
      889.838   4.2350240e+14
      889.917   4.2413140e+14
      889.996   4.2514133e+14
      890.076   4.2516432e+14
      890.155   4.2535359e+14
      890.234   4.2516496e+14
      890.313   4.2532505e+14
      890.393   4.2563847e+14
      890.472   4.2604387e+14
      890.551   4.2631525e+14
      890.631   4.2673244e+14
      890.710   4.2665284e+14
      890.789   4.2617847e+14
      890.869   4.2584407e+14
      890.948   4.2530185e+14
      891.027   4.2349849e+14
      891.107   4.2198919e+14
      891.186   4.2086128e+14
      891.266   4.1953589e+14
      891.345   4.1882092e+14
      891.424   4.1934994e+14
      891.504   4.1915237e+14
      891.583   4.1996381e+14
      891.663   4.2127278e+14
      891.742   4.2194536e+14
      891.822   4.2138069e+14
      891.902   4.2167439e+14
      891.981   4.2098111e+14
      892.061   4.1980480e+14
      892.140   4.1842853e+14
      892.220   4.1722621e+14
      892.299   4.1495501e+14
      892.379   4.1359180e+14
      892.459   4.1271942e+14
      892.538   4.1165412e+14
      892.618   4.1063446e+14
      892.698   4.1002140e+14
      892.777   4.0821657e+14
      892.857   4.0690507e+14
      892.937   4.0662726e+14
      893.017   4.0705570e+14
      893.096   4.0809172e+14
      893.176   4.1016887e+14
      893.256   4.1128942e+14
      893.336   4.1328226e+14
      893.416   4.1583676e+14
      893.495   4.1821084e+14
      893.575   4.2003388e+14
      893.655   4.2188062e+14
      893.735   4.2250278e+14
      893.815   4.2306669e+14
      893.895   4.2344160e+14
      893.975   4.2341511e+14
      894.055   4.2290880e+14
      894.134   4.2062332e+14
      894.214   4.1888627e+14
      894.294   4.1693192e+14
      894.374   4.1319583e+14
      894.454   4.0964552e+14
      894.534   4.0774829e+14
      894.614   4.0459911e+14
      894.694   4.0339742e+14
      894.774   4.0362899e+14
      894.855   4.0329203e+14
      894.935   4.0458331e+14
      895.015   4.0757590e+14
      895.095   4.0954423e+14
      895.175   4.1209431e+14
      895.255   4.1523575e+14
      895.335   4.1734821e+14
      895.415   4.1901917e+14
      895.496   4.2024643e+14
      895.576   4.2129850e+14
      895.656   4.2258433e+14
      895.736   4.2342343e+14
      895.817   4.2357406e+14
      895.897   4.2358480e+14
      895.977   4.2349857e+14
      896.057   4.2343942e+14
      896.138   4.2340598e+14
      896.218   4.2339143e+14
      896.298   4.2316210e+14
      896.379   4.2280144e+14
      896.459   4.2167114e+14
      896.539   4.1958507e+14
      896.620   4.1705404e+14
      896.700   4.1474238e+14
      896.781   4.1266372e+14
      896.861   4.1129041e+14
      896.941   4.1072877e+14
      897.022   4.1074149e+14
      897.102   4.1150619e+14
      897.183   4.1324039e+14
      897.263   4.1531189e+14
      897.344   4.1678241e+14
      897.424   4.1774041e+14
      897.505   4.1779171e+14
      897.586   4.1683258e+14
      897.666   4.1535121e+14
      897.747   4.1433827e+14
      897.827   4.1355213e+14
      897.908   4.1329021e+14
      897.989   4.1372539e+14
      898.069   4.1487041e+14
      898.150   4.1636933e+14
      898.230   4.1796342e+14
      898.311   4.1874734e+14
      898.392   4.1908096e+14
      898.473   4.1897765e+14
      898.553   4.1868515e+14
      898.634   4.1849220e+14
      898.715   4.1845441e+14
      898.796   4.1779756e+14
      898.876   4.1781075e+14
      898.957   4.1771533e+14
      899.038   4.1748692e+14
      899.119   4.1763197e+14
      899.200   4.1807172e+14
      899.281   4.1753182e+14
      899.361   4.1726023e+14
      899.442   4.1696511e+14
      899.523   4.1647384e+14
      899.604   4.1630491e+14
      899.685   4.1583971e+14
      899.766   4.1207890e+14
      899.847   4.0881166e+14
      899.928   4.0623022e+14
      900.009   4.0331441e+14
      900.090   4.0129260e+14
      900.171   4.0233083e+14
      900.252   4.0181783e+14
      900.333   4.0318128e+14
      900.414   4.0604593e+14
      900.495   4.0844146e+14
      900.576   4.1086731e+14
      900.657   4.1313489e+14
      900.739   4.1256861e+14
      900.820   4.0930047e+14
      900.901   4.0567075e+14
      900.982   4.0179767e+14
      901.063   3.9738569e+14
      901.144   3.9284947e+14
      901.226   3.8933608e+14
      901.307   3.8575355e+14
      901.388   3.8297812e+14
      901.469   3.8260805e+14
      901.551   3.8122027e+14
      901.632   3.8211154e+14
      901.713   3.8392178e+14
      901.795   3.8565873e+14
      901.876   3.8793952e+14
      901.957   3.9200621e+14
      902.039   3.9332430e+14
      902.120   3.9606515e+14
      902.201   3.9886232e+14
      902.283   3.9972164e+14
      902.364   4.0131347e+14
      902.446   4.0378240e+14
      902.527   4.0441744e+14
      902.609   4.0570339e+14
      902.690   4.0821885e+14
      902.772   4.0945257e+14
      902.853   4.1123017e+14
      902.935   4.1276755e+14
      903.016   4.1344150e+14
      903.098   4.1382093e+14
      903.179   4.1465649e+14
      903.261   4.1489552e+14
      903.342   4.1534156e+14
      903.424   4.1519550e+14
      903.506   4.1558791e+14
      903.587   4.1597272e+14
      903.669   4.1620062e+14
      903.751   4.1661732e+14
      903.832   4.1739310e+14
      903.914   4.1749332e+14
      903.996   4.1759213e+14
      904.077   4.1791448e+14
      904.159   4.1821317e+14
      904.241   4.1858203e+14
      904.323   4.1906477e+14
      904.404   4.1936270e+14
      904.486   4.1944121e+14
      904.568   4.1952473e+14
      904.650   4.1952675e+14
      904.732   4.1937709e+14
      904.814   4.1919413e+14
      904.896   4.1895914e+14
      904.977   4.1818374e+14
      905.059   4.1766441e+14
      905.141   4.1719692e+14
      905.223   4.1679086e+14
      905.305   4.1652370e+14
      905.387   4.1677344e+14
      905.469   4.1670677e+14
      905.551   4.1718451e+14
      905.633   4.1756885e+14
      905.715   4.1776949e+14
      905.797   4.1797513e+14
      905.879   4.1783745e+14
      905.961   4.1508478e+14
      906.043   4.1107631e+14
      906.125   4.0681020e+14
      906.208   4.0303562e+14
      906.290   4.0013772e+14
      906.372   3.9918467e+14
      906.454   3.9878226e+14
      906.536   3.9983888e+14
      906.618   4.0208521e+14
      906.701   4.0541422e+14
      906.783   4.0910131e+14
      906.865   4.1301875e+14
      906.947   4.1603598e+14
      907.029   4.1739833e+14
      907.112   4.1725610e+14
      907.194   4.1624237e+14
      907.276   4.1578713e+14
      907.359   4.1492891e+14
      907.441   4.1452961e+14
      907.523   4.1428105e+14
      907.606   4.1409044e+14
      907.688   4.1160115e+14
      907.771   4.0911918e+14
      907.853   4.0614725e+14
      907.935   4.0365560e+14
      908.018   4.0189318e+14
      908.100   4.0210730e+14
      908.183   4.0193874e+14
      908.265   4.0279766e+14
      908.348   4.0452471e+14
      908.430   4.0711552e+14
      908.513   4.0962587e+14
      908.595   4.1197148e+14
      908.678   4.0905698e+14
      908.760   4.0405839e+14
      908.843   3.9921668e+14
      908.926   3.9454206e+14
      909.008   3.9050828e+14
      909.091   3.9066381e+14
      909.174   3.9010028e+14
      909.256   3.9076992e+14
      909.339   3.9180405e+14
      909.422   3.9411077e+14
      909.504   3.9695003e+14
      909.587   4.0117639e+14
      909.670   4.0246371e+14
      909.753   4.0256180e+14
      909.835   4.0104020e+14
      909.918   4.0116609e+14
      910.001   4.0212898e+14
      910.084   4.0364194e+14
      910.167   4.0530914e+14
      910.249   4.0784002e+14
      910.332   4.0900597e+14
      910.415   4.0870403e+14
      910.498   4.0884809e+14
      910.581   4.0986686e+14
      910.664   4.0983317e+14
      910.747   4.0952980e+14
      910.830   4.1006236e+14
      910.913   4.0952186e+14
      910.996   4.0725076e+14
      911.079   4.0550403e+14
      911.162   4.0376613e+14
      911.245   4.0228393e+14
      911.328   4.0172225e+14
      911.411   4.0243152e+14
      911.494   4.0189455e+14
      911.577   4.0066080e+14
      911.660   4.0074959e+14
      911.743   3.9883245e+14
      911.826   3.9802959e+14
      911.910   3.9879669e+14
      911.993   3.9957726e+14
      912.076   3.9828518e+14
      912.159   4.0021438e+14
      912.242   4.0105775e+14
      912.326   4.0382073e+14
      912.409   4.0721309e+14
      912.492   4.1071680e+14
      912.575   4.1277429e+14
      912.659   4.1512901e+14
      912.742   4.1557300e+14
      912.825   4.1534699e+14
      912.909   4.1515494e+14
      912.992   4.1501250e+14
      913.075   4.1491825e+14
      913.159   4.1473665e+14
      913.242   4.1470488e+14
      913.325   4.1473839e+14
      913.409   4.1491491e+14
      913.492   4.1476587e+14
      913.576   4.1460707e+14
      913.659   4.1448927e+14
      913.743   4.1435570e+14
      913.826   4.1385690e+14
      913.910   4.1325944e+14
      913.993   4.1253954e+14
      914.077   4.1191384e+14
      914.160   4.1123779e+14
      914.244   4.1069562e+14
      914.328   4.1030151e+14
      914.411   4.0964035e+14
      914.495   4.0864065e+14
      914.578   4.0717709e+14
      914.662   4.0530799e+14
      914.746   4.0347588e+14
      914.829   4.0215098e+14
      914.913   4.0124819e+14
      914.997   4.0134765e+14
      915.081   4.0246621e+14
      915.164   4.0437101e+14
      915.248   4.0656413e+14
      915.332   4.0863324e+14
      915.416   4.0999254e+14
      915.499   4.1068792e+14
      915.583   4.1078319e+14
      915.667   4.1050047e+14
      915.751   4.1014251e+14
      915.835   4.1015899e+14
      915.919   4.1039531e+14
      916.003   4.1079497e+14
      916.086   4.1117298e+14
      916.170   4.1147774e+14
      916.254   4.1077323e+14
      916.338   4.0980098e+14
      916.422   4.0871139e+14
      916.506   4.0763774e+14
      916.590   4.0648499e+14
      916.674   4.0601918e+14
      916.758   4.0567560e+14
      916.842   4.0585952e+14
      916.926   4.0609244e+14
      917.011   4.0619468e+14
      917.095   4.0612705e+14
      917.179   4.0507688e+14
      917.263   4.0328153e+14
      917.347   4.0169741e+14
      917.431   4.0045294e+14
      917.515   3.9953388e+14
      917.600   3.9987901e+14
      917.684   4.0045384e+14
      917.768   4.0167386e+14
      917.852   4.0317408e+14
      917.937   4.0464778e+14
      918.021   4.0584861e+14
      918.105   4.0694239e+14
      918.189   4.0706657e+14
      918.274   4.0710562e+14
      918.358   4.0739719e+14
      918.442   4.0778125e+14
      918.527   4.0814545e+14
      918.611   4.0879237e+14
      918.695   4.0908181e+14
      918.780   4.0909750e+14
      918.864   4.0904607e+14
      918.949   4.0908253e+14
      919.033   4.0884228e+14
      919.118   4.0849557e+14
      919.202   4.0806370e+14
      919.287   4.0789778e+14
      919.371   4.0779158e+14
      919.456   4.0785475e+14
      919.540   4.0793551e+14
      919.625   4.0817330e+14
      919.709   4.0815317e+14
      919.794   4.0749123e+14
      919.879   4.0654013e+14
      919.963   4.0578064e+14
      920.048   4.0479352e+14
      920.133   4.0339580e+14
      920.217   4.0241987e+14
      920.302   4.0177271e+14
      920.387   4.0162452e+14
      920.471   4.0176130e+14
      920.556   4.0212470e+14
      920.641   4.0236575e+14
      920.726   4.0274406e+14
      920.810   4.0164828e+14
      920.895   4.0008079e+14
      920.980   3.9840954e+14
      921.065   3.9627818e+14
      921.150   3.9286461e+14
      921.234   3.9032982e+14
      921.319   3.8819666e+14
      921.404   3.8744826e+14
      921.489   3.8779232e+14
      921.574   3.8865606e+14
      921.659   3.8949490e+14
      921.744   3.9132652e+14
      921.829   3.9236205e+14
      921.914   3.9324044e+14
      921.999   3.9457996e+14
      922.084   3.9616294e+14
      922.169   3.9752106e+14
      922.254   3.9867415e+14
      922.339   3.9892566e+14
      922.424   3.9893436e+14
      922.509   3.9826168e+14
      922.594   3.9545961e+14
      922.680   3.9078452e+14
      922.765   3.8544603e+14
      922.850   3.8015347e+14
      922.935   3.7542820e+14
      923.020   3.7182011e+14
      923.105   3.7010525e+14
      923.191   3.7082651e+14
      923.276   3.7350349e+14
      923.361   3.7748076e+14
      923.446   3.8239929e+14
      923.532   3.8734799e+14
      923.617   3.9065382e+14
      923.702   3.9247859e+14
      923.788   3.9313529e+14
      923.873   3.9314333e+14
      923.958   3.9300580e+14
      924.044   3.9329247e+14
      924.129   3.9402538e+14
      924.214   3.9555128e+14
      924.300   3.9703602e+14
      924.385   3.9839074e+14
      924.471   3.9886185e+14
      924.556   3.9852825e+14
      924.642   3.9760842e+14
      924.727   3.9640354e+14
      924.813   3.9548432e+14
      924.898   3.9570815e+14
      924.984   3.9659455e+14
      925.069   3.9797506e+14
      925.155   3.9941783e+14
      925.241   4.0060688e+14
      925.326   4.0137551e+14
      925.412   3.9955479e+14
      925.497   3.9624224e+14
      925.583   3.9303064e+14
      925.669   3.8906533e+14
      925.755   3.8446068e+14
      925.840   3.8170953e+14
      925.926   3.8041637e+14
      926.012   3.8120978e+14
      926.097   3.8272089e+14
      926.183   3.8485987e+14
      926.269   3.8822151e+14
      926.355   3.9187810e+14
      926.441   3.9357635e+14
      926.526   3.9546900e+14
      926.612   3.9771508e+14
      926.698   3.9946802e+14
      926.784   4.0048816e+14
      926.870   4.0149267e+14
      926.956   4.0246466e+14
      927.042   4.0362355e+14
      927.128   4.0419682e+14
      927.214   4.0440556e+14
      927.300   4.0466528e+14
      927.386   4.0518553e+14
      927.472   4.0550745e+14
      927.558   4.0591394e+14
      927.644   4.0629900e+14
      927.730   4.0648098e+14
      927.816   4.0623230e+14
      927.902   4.0582892e+14
      927.988   4.0524650e+14
      928.074   4.0477198e+14
      928.160   4.0443324e+14
      928.247   4.0445429e+14
      928.333   4.0481143e+14
      928.419   4.0525233e+14
      928.505   4.0543003e+14
      928.591   4.0553861e+14
      928.678   4.0531469e+14
      928.764   4.0422908e+14
      928.850   4.0234776e+14
      928.936   4.0043846e+14
      929.023   3.9875153e+14
      929.109   3.9750956e+14
      929.195   3.9695462e+14
      929.282   3.9686829e+14
      929.368   3.9746276e+14
      929.454   3.9833628e+14
      929.541   3.9882565e+14
      929.627   3.9912657e+14
      929.714   3.9964836e+14
      929.800   3.9968723e+14
      929.887   3.9974713e+14
      929.973   3.9991197e+14
      930.060   4.0054076e+14
      930.146   4.0164322e+14
      930.233   4.0291958e+14
      930.319   4.0358583e+14
      930.406   4.0434314e+14
      930.492   4.0463867e+14
      930.579   4.0459451e+14
      930.665   4.0425426e+14
      930.752   4.0397301e+14
      930.839   4.0356369e+14
      930.925   4.0330478e+14
      931.012   4.0275617e+14
      931.099   4.0249661e+14
      931.185   4.0259328e+14
      931.272   4.0264544e+14
      931.359   4.0258605e+14
      931.446   4.0297206e+14
      931.532   4.0319830e+14
      931.619   4.0254179e+14
      931.706   4.0151548e+14
      931.793   4.0060403e+14
      931.880   3.9981661e+14
      931.966   3.9900895e+14
      932.053   3.9847226e+14
      932.140   3.9878687e+14
      932.227   3.9977493e+14
      932.314   4.0048211e+14
      932.401   4.0120622e+14
      932.488   4.0211593e+14
      932.575   4.0239338e+14
      932.662   4.0204446e+14
      932.749   4.0178097e+14
      932.836   4.0187484e+14
      932.923   4.0238011e+14
      933.010   4.0315227e+14
      933.097   4.0394621e+14
      933.184   4.0443582e+14
      933.271   4.0425788e+14
      933.358   4.0374483e+14
      933.445   4.0311510e+14
      933.532   4.0227002e+14
      933.620   4.0148911e+14
      933.707   4.0110716e+14
      933.794   4.0137355e+14
      933.881   4.0194970e+14
      933.968   4.0274041e+14
      934.056   4.0378754e+14
      934.143   4.0456019e+14
      934.230   4.0463974e+14
      934.317   4.0423760e+14
      934.405   4.0331368e+14
      934.492   4.0228837e+14
      934.579   4.0149485e+14
      934.667   4.0085832e+14
      934.754   4.0039962e+14
      934.842   3.9937784e+14
      934.929   3.9833429e+14
      935.016   3.9776597e+14
      935.104   3.9713017e+14
      935.191   3.9641100e+14
      935.279   3.9627923e+14
      935.366   3.9663443e+14
      935.454   3.9728918e+14
      935.541   3.9787580e+14
      935.629   3.9839889e+14
      935.716   3.9868748e+14
      935.804   3.9798575e+14
      935.891   3.9655456e+14
      935.979   3.9528703e+14
      936.067   3.9383923e+14
      936.154   3.9278991e+14
      936.242   3.9272597e+14
      936.330   3.9331014e+14
      936.417   3.9436079e+14
      936.505   3.9589198e+14
      936.593   3.9785680e+14
      936.680   3.9981877e+14
      936.768   4.0108866e+14
      936.856   4.0175418e+14
      936.944   4.0233294e+14
      937.031   4.0247506e+14
      937.119   4.0137155e+14
      937.207   4.0011444e+14
      937.295   3.9907477e+14
      937.383   3.9804469e+14
      937.471   3.9734956e+14
      937.559   3.9733115e+14
      937.646   3.9789438e+14
      937.734   3.9907140e+14
      937.822   4.0013961e+14
      937.910   4.0086371e+14
      937.998   4.0156242e+14
      938.086   4.0183015e+14
      938.174   4.0116642e+14
      938.262   4.0031126e+14
      938.350   3.9966899e+14
      938.438   3.9952080e+14
      938.526   3.9953698e+14
      938.615   3.9929137e+14
      938.703   3.9919267e+14
      938.791   3.9919750e+14
      938.879   3.9867762e+14
      938.967   3.9796899e+14
      939.055   3.9743804e+14
      939.143   3.9690314e+14
      939.232   3.9637431e+14
      939.320   3.9591110e+14
      939.408   3.9570745e+14
      939.496   3.9589681e+14
      939.585   3.9614675e+14
      939.673   3.9658877e+14
      939.761   3.9750877e+14
      939.850   3.9835887e+14
      939.938   3.9840611e+14
      940.026   3.9812160e+14
      940.115   3.9773947e+14
      940.203   3.9699945e+14
      940.291   3.9546777e+14
      940.380   3.9279334e+14
      940.468   3.9007296e+14
      940.557   3.8784785e+14
      940.645   3.8561761e+14
      940.734   3.8385908e+14
      940.822   3.8340334e+14
      940.911   3.8403458e+14
      940.999   3.8540600e+14
      941.088   3.8676578e+14
      941.176   3.8603809e+14
      941.265   3.8320097e+14
      941.354   3.7852727e+14
      941.442   3.7261616e+14
      941.531   3.6706080e+14
      941.620   3.6334371e+14
      941.708   3.6324258e+14
      941.797   3.6718111e+14
      941.886   3.7284692e+14
      941.974   3.7886484e+14
      942.063   3.8529076e+14
      942.152   3.9098170e+14
      942.241   3.9400154e+14
      942.329   3.9488662e+14
      942.418   3.9505491e+14
      942.507   3.9574893e+14
      942.596   3.9674395e+14
      942.685   3.9758963e+14
      942.774   3.9826850e+14
      942.862   3.9886483e+14
      942.951   3.9884982e+14
      943.040   3.9760550e+14
      943.129   3.9557991e+14
      943.218   3.9362084e+14
      943.307   3.9187560e+14
      943.396   3.9052091e+14
      943.485   3.8958108e+14
      943.574   3.8883874e+14
      943.663   3.8787103e+14
      943.752   3.8671501e+14
      943.841   3.8551785e+14
      943.930   3.8459611e+14
      944.020   3.8420215e+14
      944.109   3.8472126e+14
      944.198   3.8583612e+14
      944.287   3.8735856e+14
      944.376   3.8906719e+14
      944.465   3.9051372e+14
      944.555   3.9088564e+14
      944.644   3.9034791e+14
      944.733   3.8945437e+14
      944.822   3.8902488e+14
      944.912   3.8914370e+14
      945.001   3.8982878e+14
      945.090   3.9124018e+14
      945.180   3.9279544e+14
      945.269   3.9335926e+14
      945.358   3.9342824e+14
      945.448   3.9346767e+14
      945.537   3.9320099e+14
      945.627   3.9281905e+14
      945.716   3.9271271e+14
      945.805   3.9305968e+14
      945.895   3.9420386e+14
      945.984   3.9554927e+14
      946.074   3.9619520e+14
      946.163   3.9599763e+14
      946.253   3.9527932e+14
      946.342   3.9412919e+14
      946.432   3.9266485e+14
      946.522   3.9133455e+14
      946.611   3.9104162e+14
      946.701   3.9182568e+14
      946.790   3.9279915e+14
      946.880   3.9379288e+14
      946.970   3.9510085e+14
      947.059   3.9641682e+14
      947.149   3.9690611e+14
      947.239   3.9650891e+14
      947.328   3.9609452e+14
      947.418   3.9600004e+14
      947.508   3.9578102e+14
      947.598   3.9543364e+14
      947.688   3.9533472e+14
      947.777   3.9548685e+14
      947.867   3.9565709e+14
      947.957   3.9565645e+14
      948.047   3.9570317e+14
      948.137   3.9612597e+14
      948.227   3.9653876e+14
      948.317   3.9654350e+14
      948.407   3.9633144e+14
      948.497   3.9619713e+14
      948.587   3.9602653e+14
      948.677   3.9551819e+14
      948.767   3.9496010e+14
      948.857   3.9485522e+14
      948.947   3.9513923e+14
      949.037   3.9556657e+14
      949.127   3.9617371e+14
      949.217   3.9690471e+14
      949.307   3.9732995e+14
      949.397   3.9714967e+14
      949.487   3.9661608e+14
      949.577   3.9594185e+14
      949.668   3.9518618e+14
      949.758   3.9473396e+14
      949.848   3.9478001e+14
      949.938   3.9508764e+14
      950.029   3.9529432e+14
      950.119   3.9543177e+14
      950.209   3.9540033e+14
      950.299   3.9454600e+14
      950.390   3.9307947e+14
      950.480   3.9180266e+14
      950.570   3.9081946e+14
      950.661   3.9003414e+14
      950.751   3.8977430e+14
      950.841   3.9006014e+14
      950.932   3.9062362e+14
      951.022   3.9117818e+14
      951.113   3.9146705e+14
      951.203   3.9171484e+14
      951.294   3.9191568e+14
      951.384   3.9208015e+14
      951.475   3.9238687e+14
      951.565   3.9278289e+14
      951.656   3.9320856e+14
      951.746   3.9369901e+14
      951.837   3.9365572e+14
      951.928   3.9300749e+14
      952.018   3.9253569e+14
      952.109   3.9220655e+14
      952.200   3.9196650e+14
      952.290   3.9215983e+14
      952.381   3.9288539e+14
      952.472   3.9360291e+14
      952.562   3.9394468e+14
      952.653   3.9393679e+14
      952.744   3.9330242e+14
      952.835   3.9192584e+14
      952.925   3.9035854e+14
      953.016   3.8926927e+14
      953.107   3.8867569e+14
      953.198   3.8860170e+14
      953.289   3.8889909e+14
      953.380   3.8927534e+14
      953.471   3.8930696e+14
      953.562   3.8881627e+14
      953.653   3.8826878e+14
      953.743   3.8760220e+14
      953.834   3.8690563e+14
      953.925   3.8657200e+14
      954.016   3.8653368e+14
      954.107   3.8640510e+14
      954.198   3.8573023e+14
      954.290   3.8379724e+14
      954.381   3.7986278e+14
      954.472   3.7413559e+14
      954.563   3.6778207e+14
      954.654   3.6181901e+14
      954.745   3.5718055e+14
      954.836   3.5484435e+14
      954.927   3.5533505e+14
      955.019   3.5830289e+14
      955.110   3.6278003e+14
      955.201   3.6793802e+14
      955.292   3.7322633e+14
      955.384   3.7772335e+14
      955.475   3.8066031e+14
      955.566   3.8264528e+14
      955.657   3.8434525e+14
      955.749   3.8580920e+14
      955.840   3.8701609e+14
      955.932   3.8783902e+14
      956.023   3.8854093e+14
      956.114   3.8911729e+14
      956.206   3.8926421e+14
      956.297   3.8917202e+14
      956.389   3.8932769e+14
      956.480   3.8968616e+14
      956.572   3.8999414e+14
      956.663   3.9023950e+14
      956.755   3.9002632e+14
      956.846   3.8919175e+14
      956.938   3.8787222e+14
      957.029   3.8613342e+14
      957.121   3.8427345e+14
      957.213   3.8253454e+14
      957.304   3.8138670e+14
      957.396   3.8127490e+14
      957.488   3.8188468e+14
      957.579   3.8304142e+14
      957.671   3.8465967e+14
      957.763   3.8648218e+14
      957.854   3.8804857e+14
      957.946   3.8929640e+14
      958.038   3.9027917e+14
      958.130   3.9121677e+14
      958.222   3.9194469e+14
      958.313   3.9225065e+14
      958.405   3.9221213e+14
      958.497   3.9202293e+14
      958.589   3.9184966e+14
      958.681   3.9152432e+14
      958.773   3.9115501e+14
      958.865   3.9083339e+14
      958.957   3.9068592e+14
      959.049   3.9072778e+14
      959.141   3.9090530e+14
      959.233   3.9114181e+14
      959.325   3.9150823e+14
      959.417   3.9168923e+14
      959.509   3.9151522e+14
      959.601   3.9117301e+14
      959.693   3.9070902e+14
      959.785   3.8985156e+14
      959.877   3.8876686e+14
      959.969   3.8792689e+14
      960.061   3.8714766e+14
      960.154   3.8604198e+14
      960.246   3.8489694e+14
      960.338   3.8420088e+14
      960.430   3.8355927e+14
      960.523   3.8260076e+14
      960.615   3.8186602e+14
      960.707   3.8185320e+14
      960.799   3.8213267e+14
      960.892   3.8273033e+14
      960.984   3.8404379e+14
      961.076   3.8595505e+14
      961.169   3.8797742e+14
      961.261   3.8984434e+14
      961.354   3.9129490e+14
      961.446   3.9236339e+14
      961.538   3.9283323e+14
      961.631   3.9263448e+14
      961.723   3.9209779e+14
      961.816   3.9132271e+14
      961.908   3.8985981e+14
      962.001   3.8785363e+14
      962.094   3.8620693e+14
      962.186   3.8464042e+14
      962.279   3.8312732e+14
      962.371   3.8197640e+14
      962.464   3.8130490e+14
      962.557   3.8064052e+14
      962.649   3.8034735e+14
      962.742   3.8048007e+14
      962.835   3.8124108e+14
      962.927   3.8218789e+14
      963.020   3.8378797e+14
      963.113   3.8563117e+14
      963.206   3.8655238e+14
      963.298   3.8669841e+14
      963.391   3.8693795e+14
      963.484   3.8615696e+14
      963.577   3.8416396e+14
      963.670   3.8196485e+14
      963.763   3.8073379e+14
      963.855   3.8022031e+14
      963.948   3.7996240e+14
      964.041   3.8026594e+14
      964.134   3.8166556e+14
      964.227   3.8343246e+14
      964.320   3.8485992e+14
      964.413   3.8608363e+14
      964.506   3.8694487e+14
      964.599   3.8727740e+14
      964.692   3.8698639e+14
      964.785   3.8609009e+14
      964.878   3.8516445e+14
      964.972   3.8475303e+14
      965.065   3.8469100e+14
      965.158   3.8421013e+14
      965.251   3.8363095e+14
      965.344   3.8344532e+14
      965.437   3.8314987e+14
      965.531   3.8209737e+14
      965.624   3.8018763e+14
      965.717   3.7820702e+14
      965.810   3.7640495e+14
      965.904   3.7472209e+14
      965.997   3.7351171e+14
      966.090   3.7355892e+14
      966.184   3.7515378e+14
      966.277   3.7743554e+14
      966.370   3.7983009e+14
      966.464   3.8245079e+14
      966.557   3.8520200e+14
      966.651   3.8680022e+14
      966.744   3.8724534e+14
      966.837   3.8717166e+14
      966.931   3.8696205e+14
      967.024   3.8663266e+14
      967.118   3.8611178e+14
      967.212   3.8543985e+14
      967.305   3.8431981e+14
      967.399   3.8281426e+14
      967.492   3.8128163e+14
      967.586   3.8002731e+14
      967.680   3.7909472e+14
      967.773   3.7875457e+14
      967.867   3.7927183e+14
      967.961   3.8044175e+14
      968.054   3.8196284e+14
      968.148   3.8345498e+14
      968.242   3.8498777e+14
      968.335   3.8614754e+14
      968.429   3.8665944e+14
      968.523   3.8673308e+14
      968.617   3.8659944e+14
      968.711   3.8590985e+14
      968.805   3.8476887e+14
      968.898   3.8371417e+14
      968.992   3.8258444e+14
      969.086   3.8158183e+14
      969.180   3.8092250e+14
      969.274   3.8122343e+14
      969.368   3.8200213e+14
      969.462   3.8292357e+14
      969.556   3.8386957e+14
      969.650   3.8502371e+14
      969.744   3.8590513e+14
      969.838   3.8632431e+14
      969.932   3.8656390e+14
      970.026   3.8642354e+14
      970.120   3.8610539e+14
      970.214   3.8565280e+14
      970.309   3.8492016e+14
      970.403   3.8347269e+14
      970.497   3.8177814e+14
      970.591   3.8070927e+14
      970.685   3.7985177e+14
      970.780   3.7902729e+14
      970.874   3.7890115e+14
      970.968   3.7993258e+14
      971.062   3.8115102e+14
      971.157   3.8233540e+14
      971.251   3.8361293e+14
      971.345   3.8481933e+14
      971.440   3.8531530e+14
      971.534   3.8527479e+14
      971.628   3.8510615e+14
      971.723   3.8470644e+14
      971.817   3.8436988e+14
      971.912   3.8433550e+14
      972.006   3.8440205e+14
      972.101   3.8435006e+14
      972.195   3.8439264e+14
      972.290   3.8466563e+14
      972.384   3.8490898e+14
      972.479   3.8491722e+14
      972.573   3.8466066e+14
      972.668   3.8413658e+14
      972.763   3.8327685e+14
      972.857   3.8229857e+14
      972.952   3.8129891e+14
      973.047   3.8058662e+14
      973.141   3.8038089e+14
      973.236   3.8065223e+14
      973.331   3.8090792e+14
      973.426   3.8142442e+14
      973.520   3.8172255e+14
      973.615   3.8084659e+14
      973.710   3.7845276e+14
      973.805   3.7638836e+14
      973.899   3.7451099e+14
      973.994   3.7295629e+14
      974.089   3.7226000e+14
      974.184   3.7330910e+14
      974.279   3.7465274e+14
      974.374   3.7621689e+14
      974.469   3.7742854e+14
      974.564   3.7808362e+14
      974.659   3.7779709e+14
      974.754   3.7754587e+14
      974.849   3.7720767e+14
      974.944   3.7706675e+14
      975.039   3.7798169e+14
      975.134   3.7998427e+14
      975.229   3.8161702e+14
      975.324   3.8280664e+14
      975.419   3.8406772e+14
      975.515   3.8491441e+14
      975.610   3.8488260e+14
      975.705   3.8441019e+14
      975.800   3.8392539e+14
      975.895   3.8342575e+14
      975.991   3.8307038e+14
      976.086   3.8251797e+14
      976.181   3.8118742e+14
      976.276   3.7929676e+14
      976.372   3.7759097e+14
      976.467   3.7588692e+14
      976.563   3.7442333e+14
      976.658   3.7375071e+14
      976.753   3.7430538e+14
      976.849   3.7519296e+14
      976.944   3.7602869e+14
      977.040   3.7701796e+14
      977.135   3.7803160e+14
      977.231   3.7869067e+14
      977.326   3.7908564e+14
      977.422   3.7989397e+14
      977.517   3.8100913e+14
      977.613   3.8237054e+14
      977.708   3.8349996e+14
      977.804   3.8429029e+14
      977.899   3.8443399e+14
      977.995   3.8401525e+14
      978.091   3.8316707e+14
      978.186   3.8164061e+14
      978.282   3.7982965e+14
      978.378   3.7822075e+14
      978.474   3.7674547e+14
      978.569   3.7458767e+14
      978.665   3.7256926e+14
      978.761   3.7145421e+14
      978.857   3.7091850e+14
      978.953   3.7048122e+14
      979.048   3.7107415e+14
      979.144   3.7302815e+14
      979.240   3.7528239e+14
      979.336   3.7727566e+14
      979.432   3.7923133e+14
      979.528   3.8097536e+14
      979.624   3.8177274e+14
      979.720   3.8166120e+14
      979.816   3.8072098e+14
      979.912   3.7908290e+14
      980.008   3.7774154e+14
      980.104   3.7659333e+14
      980.200   3.7566253e+14
      980.296   3.7511401e+14
      980.392   3.7596373e+14
      980.488   3.7719666e+14
      980.584   3.7849946e+14
      980.681   3.7968587e+14
      980.777   3.8105131e+14
      980.873   3.8163630e+14
      980.969   3.8161838e+14
      981.065   3.8134313e+14
      981.162   3.8113924e+14
      981.258   3.8094234e+14
      981.354   3.8088029e+14
      981.451   3.8080625e+14
      981.547   3.8094133e+14
      981.643   3.8105371e+14
      981.740   3.8123371e+14
      981.836   3.8134316e+14
      981.932   3.8128403e+14
      982.029   3.8085145e+14
      982.125   3.8053812e+14
      982.222   3.8017860e+14
      982.318   3.7964453e+14
      982.415   3.7908203e+14
      982.511   3.7899192e+14
      982.608   3.7885226e+14
      982.704   3.7861612e+14
      982.801   3.7859511e+14
      982.898   3.7889726e+14
      982.994   3.7904804e+14
      983.091   3.7892214e+14
      983.188   3.7855760e+14
      983.284   3.7768967e+14
      983.381   3.7685262e+14
      983.478   3.7601196e+14
      983.574   3.7541039e+14
      983.671   3.7507802e+14
      983.768   3.7567268e+14
      983.865   3.7668364e+14
      983.961   3.7778799e+14
      984.058   3.7833157e+14
      984.155   3.7835704e+14
      984.252   3.7816841e+14
      984.349   3.7765111e+14
      984.446   3.7695236e+14
      984.543   3.7655633e+14
      984.640   3.7713777e+14
      984.737   3.7788389e+14
      984.834   3.7832426e+14
      984.931   3.7867448e+14
      985.028   3.7908125e+14
      985.125   3.7905854e+14
      985.222   3.7860184e+14
      985.319   3.7814847e+14
      985.416   3.7794758e+14
      985.513   3.7791928e+14
      985.610   3.7797234e+14
      985.707   3.7803529e+14
      985.804   3.7827304e+14
      985.902   3.7832454e+14
      985.999   3.7763998e+14
      986.096   3.7620562e+14
      986.193   3.7504253e+14
      986.291   3.7394019e+14
      986.388   3.7279952e+14
      986.485   3.7229232e+14
      986.582   3.7317874e+14
      986.680   3.7436286e+14
      986.777   3.7561137e+14
      986.875   3.7698121e+14
      986.972   3.7819541e+14
      987.069   3.7789170e+14
      987.167   3.7653565e+14
      987.264   3.7527438e+14
      987.362   3.7396947e+14
      987.459   3.7283891e+14
      987.557   3.7244788e+14
      987.654   3.7347648e+14
      987.752   3.7486673e+14
      987.849   3.7632047e+14
      987.947   3.7750386e+14
      988.045   3.7843819e+14
      988.142   3.7857335e+14
      988.240   3.7807955e+14
      988.338   3.7742340e+14
      988.435   3.7698369e+14
      988.533   3.7702759e+14
      988.631   3.7690919e+14
      988.729   3.7594904e+14
      988.826   3.7395227e+14
      988.924   3.7155421e+14
      989.022   3.6895145e+14
      989.120   3.6659971e+14
      989.218   3.6515481e+14
      989.315   3.6564044e+14
      989.413   3.6766714e+14
      989.511   3.7042856e+14
      989.609   3.7308995e+14
      989.707   3.7492513e+14
      989.805   3.7493784e+14
      989.903   3.7405798e+14
      990.001   3.7242023e+14
      990.099   3.7064962e+14
      990.197   3.6934482e+14
      990.295   3.6992327e+14
      990.393   3.7091373e+14
      990.491   3.7204153e+14
      990.589   3.7342583e+14
      990.688   3.7515750e+14
      990.786   3.7599322e+14
      990.884   3.7620646e+14
      990.982   3.7646322e+14
      991.080   3.7600346e+14
      991.179   3.7462084e+14
      991.277   3.7340069e+14
      991.375   3.7222329e+14
      991.473   3.7089387e+14
      991.572   3.6990805e+14
      991.670   3.7068206e+14
      991.768   3.7199940e+14
      991.867   3.7352267e+14
      991.965   3.7513927e+14
      992.063   3.7682805e+14
      992.162   3.7744962e+14
      992.260   3.7723408e+14
      992.359   3.7669323e+14
      992.457   3.7603938e+14
      992.556   3.7544428e+14
      992.654   3.7510754e+14
      992.753   3.7506801e+14
      992.852   3.7523285e+14
      992.950   3.7515546e+14
      993.049   3.7486940e+14
      993.147   3.7462687e+14
      993.246   3.7418716e+14
      993.345   3.7355476e+14
      993.443   3.7327456e+14
      993.542   3.7361639e+14
      993.641   3.7405632e+14
      993.739   3.7458656e+14
      993.838   3.7535836e+14
      993.937   3.7595123e+14
      994.036   3.7607824e+14
      994.135   3.7595651e+14
      994.233   3.7566575e+14
      994.332   3.7516643e+14
      994.431   3.7478378e+14
      994.530   3.7463784e+14
      994.629   3.7449937e+14
      994.728   3.7435483e+14
      994.827   3.7437757e+14
      994.926   3.7431361e+14
      995.025   3.7393409e+14
      995.124   3.7350986e+14
      995.223   3.7321282e+14
      995.322   3.7300492e+14
      995.421   3.7281399e+14
      995.520   3.7296282e+14
      995.619   3.7326709e+14
      995.718   3.7363705e+14
      995.818   3.7382199e+14
      995.917   3.7395843e+14
      996.016   3.7381912e+14
      996.115   3.7373040e+14
      996.214   3.7358345e+14
      996.314   3.7346601e+14
      996.413   3.7341728e+14
      996.512   3.7366361e+14
      996.612   3.7382053e+14
      996.711   3.7394700e+14
      996.810   3.7401571e+14
      996.910   3.7417520e+14
      997.009   3.7416168e+14
      997.108   3.7416120e+14
      997.208   3.7411135e+14
      997.307   3.7416404e+14
      997.407   3.7418300e+14
      997.506   3.7411265e+14
      997.606   3.7391460e+14
      997.705   3.7373218e+14
      997.805   3.7360034e+14
      997.904   3.7338118e+14
      998.004   3.7336334e+14
      998.104   3.7330426e+14
      998.203   3.7327696e+14
      998.303   3.7324193e+14
      998.403   3.7317229e+14
      998.502   3.7268902e+14
      998.602   3.7234870e+14
      998.702   3.7219447e+14
      998.801   3.7204479e+14
      998.901   3.7188791e+14
      999.001   3.7226011e+14
      999.101   3.7251067e+14
      999.201   3.7223007e+14
      999.300   3.7202600e+14
      999.400   3.7190529e+14
      999.500   3.7138447e+14
      999.600   3.7053891e+14
      999.700   3.7050759e+14
      999.800   3.7055729e+14
      999.900   3.7051333e+14
      1000.00   3.7045830e+14
      1000.10   3.7103211e+14
      1000.20   3.7131347e+14
      1000.30   3.7139141e+14
      1000.40   3.7161797e+14
      1000.50   3.7221024e+14
      1000.60   3.7260264e+14
      1000.70   3.7278638e+14
      1000.80   3.7292294e+14
      1000.90   3.7299098e+14
      1001.00   3.7283928e+14
      1001.10   3.7260338e+14
      1001.20   3.7250909e+14
      1001.30   3.7254567e+14
      1001.40   3.7264645e+14
      1001.50   3.7283449e+14
      1001.60   3.7305519e+14
      1001.70   3.7318170e+14
      1001.80   3.7310849e+14
      1001.90   3.7292879e+14
      1002.00   3.7262403e+14
      1002.10   3.7236760e+14
      1002.20   3.7211099e+14
      1002.30   3.7178583e+14
      1002.41   3.7120315e+14
      1002.51   3.7077478e+14
      1002.61   3.7035387e+14
      1002.71   3.6983749e+14
      1002.81   3.6929771e+14
      1002.91   3.6906849e+14
      1003.01   3.6862491e+14
      1003.11   3.6820046e+14
      1003.21   3.6793569e+14
      1003.31   3.6774687e+14
      1003.41   3.6705799e+14
      1003.51   3.6630040e+14
      1003.61   3.6586533e+14
      1003.71   3.6537562e+14
      1003.81   3.6482585e+14
      1003.91   3.6451879e+14
      1004.02   3.6481483e+14
      1004.12   3.6490315e+14
      1004.22   3.6481091e+14
      1004.32   3.6454573e+14
      1004.42   3.6408501e+14
      1004.52   3.6264488e+14
      1004.62   3.5981602e+14
      1004.72   3.5520913e+14
      1004.82   3.4918681e+14
      1004.92   3.4331504e+14
      1005.03   3.3804675e+14
      1005.13   3.3408398e+14
      1005.23   3.3281030e+14
      1005.33   3.3521712e+14
      1005.43   3.3954590e+14
      1005.53   3.4458277e+14
      1005.63   3.4948125e+14
      1005.73   3.5380363e+14
      1005.83   3.5659044e+14
      1005.93   3.5805949e+14
      1006.04   3.5883703e+14
      1006.14   3.5996860e+14
      1006.24   3.6150431e+14
      1006.34   3.6294708e+14
      1006.44   3.6423511e+14
      1006.54   3.6550046e+14
      1006.64   3.6626789e+14
      1006.74   3.6642937e+14
      1006.85   3.6657904e+14
      1006.95   3.6667317e+14
      1007.05   3.6678750e+14
      1007.15   3.6708225e+14
      1007.25   3.6776013e+14
      1007.35   3.6829946e+14
      1007.45   3.6882280e+14
      1007.56   3.6927459e+14
      1007.66   3.6968498e+14
      1007.76   3.6965637e+14
      1007.86   3.6938948e+14
      1007.96   3.6894219e+14
      1008.07   3.6854608e+14
      1008.17   3.6808301e+14
      1008.27   3.6759023e+14
      1008.37   3.6706607e+14
      1008.47   3.6675789e+14
      1008.57   3.6655888e+14
      1008.67   3.6652428e+14
      1008.78   3.6670570e+14
      1008.88   3.6715218e+14
      1008.98   3.6765759e+14
      1009.08   3.6805794e+14
      1009.18   3.6838880e+14
      1009.28   3.6858977e+14
      1009.39   3.6870122e+14
      1009.49   3.6866170e+14
      1009.59   3.6859522e+14
      1009.69   3.6846927e+14
      1009.80   3.6855171e+14
      1009.90   3.6861480e+14
      1010.00   3.6865358e+14
      1010.10   3.6868512e+14
      1010.20   3.6877425e+14
      1010.30   3.6848132e+14
      1010.41   3.6781549e+14
      1010.51   3.6731938e+14
      1010.61   3.6682729e+14
      1010.71   3.6632525e+14
      1010.82   3.6611947e+14
      1010.92   3.6664398e+14
      1011.02   3.6712171e+14
      1011.12   3.6751555e+14
      1011.22   3.6768685e+14
      1011.33   3.6779218e+14
      1011.43   3.6750437e+14
      1011.53   3.6716962e+14
      1011.63   3.6690594e+14
      1011.74   3.6707230e+14
      1011.84   3.6741886e+14
      1011.94   3.6771675e+14
      1012.04   3.6790714e+14
      1012.15   3.6774582e+14
      1012.25   3.6675695e+14
      1012.35   3.6572693e+14
      1012.45   3.6488705e+14
      1012.56   3.6405703e+14
      1012.66   3.6337839e+14
      1012.76   3.6398589e+14
      1012.86   3.6486242e+14
      1012.97   3.6557423e+14
      1013.07   3.6634177e+14
      1013.17   3.6743610e+14
      1013.27   3.6787239e+14
      1013.38   3.6782562e+14
      1013.48   3.6777941e+14
      1013.58   3.6765448e+14
      1013.68   3.6747191e+14
      1013.79   3.6728007e+14
      1013.89   3.6720678e+14
      1013.99   3.6702606e+14
      1014.10   3.6681318e+14
      1014.20   3.6646138e+14
      1014.30   3.6560029e+14
      1014.41   3.6358900e+14
      1014.51   3.6195839e+14
      1014.61   3.6061385e+14
      1014.71   3.5951227e+14
      1014.82   3.5854788e+14
      1014.92   3.5981522e+14
      1015.02   3.6141133e+14
      1015.12   3.6275790e+14
      1015.23   3.6366823e+14
      1015.33   3.6487568e+14
      1015.43   3.6476940e+14
      1015.54   3.6380685e+14
      1015.64   3.6300515e+14
      1015.74   3.6272851e+14
      1015.85   3.6269417e+14
      1015.95   3.6294886e+14
      1016.05   3.6369549e+14
      1016.16   3.6392013e+14
      1016.26   3.6284262e+14
      1016.36   3.6183644e+14
      1016.47   3.6063770e+14
      1016.57   3.5888548e+14
      1016.67   3.5736324e+14
      1016.78   3.5806321e+14
      1016.88   3.5914850e+14
      1016.98   3.6030861e+14
      1017.09   3.6197292e+14
      1017.19   3.6394881e+14
      1017.29   3.6486866e+14
      1017.40   3.6518258e+14
      1017.50   3.6546590e+14
      1017.60   3.6561443e+14
      1017.71   3.6575236e+14
      1017.81   3.6576209e+14
      1017.91   3.6578418e+14
      1018.02   3.6573290e+14
      1018.12   3.6498293e+14
      1018.23   3.6277503e+14
      1018.33   3.6064595e+14
      1018.43   3.5860875e+14
      1018.54   3.5632719e+14
      1018.64   3.5443836e+14
      1018.74   3.5488179e+14
      1018.85   3.5627016e+14
      1018.95   3.5736178e+14
      1019.06   3.5805821e+14
      1019.16   3.5860734e+14
      1019.26   3.5841147e+14
      1019.37   3.5698074e+14
      1019.47   3.5544861e+14
      1019.58   3.5502701e+14
      1019.68   3.5603400e+14
      1019.78   3.5698576e+14
      1019.89   3.5854820e+14
      1019.99   3.6047761e+14
      1020.10   3.6176443e+14
      1020.20   3.6177564e+14
      1020.30   3.6190498e+14
      1020.41   3.6178312e+14
      1020.51   3.6144544e+14
      1020.62   3.6133995e+14
      1020.72   3.6158112e+14
      1020.83   3.6180455e+14
      1020.93   3.6190462e+14
      1021.03   3.6202015e+14
      1021.14   3.6212829e+14
      1021.24   3.6236056e+14
      1021.35   3.6188994e+14
      1021.45   3.6028680e+14
      1021.55   3.5860089e+14
      1021.66   3.5668535e+14
      1021.76   3.5453418e+14
      1021.87   3.5263896e+14
      1021.97   3.5273659e+14
      1022.08   3.5376083e+14
      1022.18   3.5575602e+14
      1022.29   3.5818581e+14
      1022.39   3.6078358e+14
      1022.49   3.6246126e+14
      1022.60   3.6340629e+14
      1022.70   3.6367379e+14
      1022.81   3.6346446e+14
      1022.91   3.6326453e+14
      1023.02   3.6334252e+14
      1023.12   3.6343132e+14
      1023.23   3.6341573e+14
      1023.33   3.6346231e+14
      1023.44   3.6358826e+14
      1023.54   3.6344901e+14
      1023.65   3.6305232e+14
      1023.75   3.6270663e+14
      1023.86   3.6252942e+14
      1023.96   3.6223412e+14
      1024.07   3.6199799e+14
      1024.17   3.6206984e+14
      1024.28   3.6229208e+14
      1024.38   3.6209715e+14
      1024.48   3.6210797e+14
      1024.59   3.6219563e+14
      1024.69   3.6211255e+14
      1024.80   3.6176946e+14
      1024.91   3.6196028e+14
      1025.01   3.6205413e+14
      1025.11   3.6205045e+14
      1025.22   3.6216912e+14
      1025.33   3.6249567e+14
      1025.43   3.6257099e+14
      1025.54   3.6260194e+14
      1025.64   3.6271910e+14
      1025.75   3.6281769e+14
      1025.85   3.6289617e+14
      1025.96   3.6289700e+14
      1026.06   3.6275440e+14
      1026.17   3.6250066e+14
      1026.27   3.6217175e+14
      1026.38   3.6166472e+14
      1026.48   3.6121128e+14
      1026.59   3.6095553e+14
      1026.69   3.6084154e+14
      1026.80   3.6077245e+14
      1026.91   3.6100412e+14
      1027.01   3.6134456e+14
      1027.12   3.6155508e+14
      1027.22   3.6153515e+14
      1027.33   3.6163511e+14
      1027.43   3.6165703e+14
      1027.54   3.6159969e+14
      1027.64   3.6156771e+14
      1027.75   3.6182764e+14
      1027.85   3.6209368e+14
      1027.96   3.6229357e+14
      1028.07   3.6243356e+14
      1028.17   3.6252216e+14
      1028.28   3.6249272e+14
      1028.38   3.6239879e+14
      1028.49   3.6226992e+14
      1028.59   3.6173707e+14
      1028.70   3.6023563e+14
      1028.81   3.5853548e+14
      1028.91   3.5701440e+14
      1029.02   3.5551143e+14
      1029.12   3.5410720e+14
      1029.23   3.5437166e+14
      1029.34   3.5570633e+14
      1029.44   3.5712470e+14
      1029.55   3.5854386e+14
      1029.65   3.6020752e+14
      1029.76   3.6105960e+14
      1029.87   3.6100861e+14
      1029.97   3.6041679e+14
      1030.08   3.5970397e+14
      1030.18   3.5912582e+14
      1030.29   3.5884623e+14
      1030.40   3.5852414e+14
      1030.50   3.5844534e+14
      1030.61   3.5863528e+14
      1030.71   3.5893523e+14
      1030.82   3.5910796e+14
      1030.93   3.5940543e+14
      1031.03   3.5945746e+14
      1031.14   3.5915627e+14
      1031.25   3.5888738e+14
      1031.35   3.5864908e+14
      1031.46   3.5828693e+14
      1031.57   3.5795452e+14
      1031.67   3.5826554e+14
      1031.78   3.5860192e+14
      1031.89   3.5889020e+14
      1031.99   3.5911338e+14
      1032.10   3.5961483e+14
      1032.20   3.5974461e+14
      1032.31   3.5963814e+14
      1032.42   3.5929802e+14
      1032.52   3.5853284e+14
      1032.63   3.5672643e+14
      1032.74   3.5496388e+14
      1032.84   3.5252666e+14
      1032.95   3.5030203e+14
      1033.06   3.4834993e+14
      1033.17   3.4845883e+14
      1033.27   3.4876925e+14
      1033.38   3.5049676e+14
      1033.48   3.5254149e+14
      1033.59   3.5509766e+14
      1033.70   3.5669358e+14
      1033.81   3.5777203e+14
      1033.91   3.5741309e+14
      1034.02   3.5690711e+14
      1034.13   3.5568146e+14
      1034.23   3.5314448e+14
      1034.34   3.5099227e+14
      1034.45   3.5022762e+14
      1034.55   3.4934084e+14
      1034.66   3.4817890e+14
      1034.77   3.4953345e+14
      1034.88   3.5130097e+14
      1034.98   3.5244354e+14
      1035.09   3.5337005e+14
      1035.20   3.5521023e+14
      1035.30   3.5596464e+14
      1035.41   3.5619694e+14
      1035.52   3.5633122e+14
      1035.63   3.5658687e+14
      1035.73   3.5693191e+14
      1035.84   3.5720551e+14
      1035.95   3.5747192e+14
      1036.06   3.5780391e+14
      1036.16   3.5814393e+14
      1036.27   3.5805050e+14
      1036.38   3.5773454e+14
      1036.48   3.5739840e+14
      1036.59   3.5700821e+14
      1036.70   3.5665935e+14
      1036.81   3.5643186e+14
      1036.91   3.5540939e+14
      1037.02   3.5314811e+14
      1037.13   3.5139357e+14
      1037.24   3.4981446e+14
      1037.34   3.4804558e+14
      1037.45   3.4695676e+14
      1037.56   3.4840487e+14
      1037.67   3.4944490e+14
      1037.78   3.5017982e+14
      1037.88   3.5135282e+14
      1037.99   3.5269235e+14
      1038.10   3.5257645e+14
      1038.21   3.5269207e+14
      1038.31   3.5360279e+14
      1038.42   3.5450274e+14
      1038.53   3.5543757e+14
      1038.64   3.5642569e+14
      1038.74   3.5695071e+14
      1038.85   3.5681629e+14
      1038.96   3.5632979e+14
      1039.07   3.5582588e+14
      1039.18   3.5539359e+14
      1039.29   3.5489579e+14
      1039.39   3.5343602e+14
      1039.50   3.5220993e+14
      1039.61   3.5124476e+14
      1039.72   3.5026939e+14
      1039.82   3.4921843e+14
      1039.93   3.4983118e+14
      1040.04   3.5104128e+14
      1040.15   3.5215389e+14
      1040.26   3.5334846e+14
      1040.37   3.5466158e+14
      1040.47   3.5509654e+14
      1040.58   3.5462243e+14
      1040.69   3.5417617e+14
      1040.80   3.5371665e+14
      1040.91   3.5352311e+14
      1041.02   3.5358289e+14
      1041.12   3.5427147e+14
      1041.23   3.5489063e+14
      1041.34   3.5543756e+14
      1041.45   3.5575738e+14
      1041.56   3.5596734e+14
      1041.67   3.5582578e+14
      1041.78   3.5555322e+14
      1041.88   3.5531400e+14
      1041.99   3.5520760e+14
      1042.10   3.5486491e+14
      1042.21   3.5399866e+14
      1042.32   3.5321812e+14
      1042.43   3.5206265e+14
      1042.54   3.5031402e+14
      1042.64   3.4902206e+14
      1042.75   3.4892470e+14
      1042.86   3.4887456e+14
      1042.97   3.4930501e+14
      1043.08   3.5089493e+14
      1043.19   3.5251669e+14
      1043.30   3.5334356e+14
      1043.41   3.5379704e+14
      1043.52   3.5422648e+14
      1043.62   3.5411238e+14
      1043.73   3.5379256e+14
      1043.84   3.5349474e+14
      1043.95   3.5366726e+14
      1044.06   3.5388346e+14
      1044.17   3.5411702e+14
      1044.28   3.5439479e+14
      1044.39   3.5475045e+14
      1044.49   3.5484846e+14
      1044.60   3.5462710e+14
      1044.71   3.5386887e+14
      1044.82   3.5319091e+14
      1044.93   3.5258543e+14
      1045.04   3.5191980e+14
      1045.15   3.5127545e+14
      1045.26   3.5124318e+14
      1045.37   3.5014981e+14
      1045.48   3.4883308e+14
      1045.59   3.4764165e+14
      1045.70   3.4630332e+14
      1045.81   3.4343458e+14
      1045.92   3.4228169e+14
      1046.03   3.4232686e+14
      1046.14   3.4264832e+14
      1046.24   3.4311334e+14
      1046.35   3.4577553e+14
      1046.46   3.4847059e+14
      1046.57   3.5029894e+14
      1046.68   3.5141184e+14
      1046.79   3.5151203e+14
      1046.90   3.5103632e+14
      1047.01   3.4989664e+14
      1047.12   3.4850283e+14
      1047.23   3.4709587e+14
      1047.34   3.4794648e+14
      1047.45   3.4914447e+14
      1047.56   3.5031083e+14
      1047.67   3.5154180e+14
      1047.78   3.5319189e+14
      1047.89   3.5378871e+14
      1048.00   3.5376220e+14
      1048.11   3.5355819e+14
      1048.22   3.5344912e+14
      1048.33   3.5325607e+14
      1048.44   3.5266605e+14
      1048.55   3.5225750e+14
      1048.66   3.5210173e+14
      1048.77   3.5187887e+14
      1048.88   3.5158628e+14
      1048.99   3.5204723e+14
      1049.10   3.5249507e+14
      1049.21   3.5272325e+14
      1049.32   3.5277238e+14
      1049.43   3.5253038e+14
      1049.54   3.5206588e+14
      1049.65   3.5149662e+14
      1049.76   3.5101217e+14
      1049.87   3.5045643e+14
      1049.98   3.5051218e+14
      1050.09   3.5052670e+14
      1050.20   3.5066226e+14
      1050.31   3.5075913e+14
      1050.42   3.5089792e+14
      1050.53   3.5105238e+14
      1050.64   3.5131819e+14
      1050.75   3.5150414e+14
      1050.86   3.5147410e+14
      1050.97   3.5165218e+14
      1051.08   3.5171418e+14
      1051.19   3.5158530e+14
      1051.30   3.5137102e+14
      1051.41   3.5148506e+14
      1051.53   3.5143802e+14
      1051.64   3.5080077e+14
      1051.75   3.5041576e+14
      1051.86   3.5011119e+14
      1051.97   3.4953131e+14
      1052.08   3.4897283e+14
      1052.19   3.4957032e+14
      1052.30   3.5005536e+14
      1052.41   3.5047752e+14
      1052.52   3.5119167e+14
      1052.63   3.5200669e+14
      1052.74   3.5199207e+14
      1052.85   3.5153674e+14
      1052.96   3.5094876e+14
      1053.07   3.4939202e+14
      1053.19   3.4806826e+14
      1053.30   3.4688788e+14
      1053.41   3.4601913e+14
      1053.52   3.4519899e+14
      1053.63   3.4615304e+14
      1053.74   3.4717257e+14
      1053.85   3.4815514e+14
      1053.96   3.4920850e+14
      1054.07   3.5048019e+14
      1054.19   3.5082122e+14
      1054.30   3.5080239e+14
      1054.41   3.5080056e+14
      1054.52   3.5074067e+14
      1054.63   3.5070962e+14
      1054.74   3.5068546e+14
      1054.85   3.5065277e+14
      1054.96   3.5076915e+14
      1055.07   3.5099195e+14
      1055.19   3.5109263e+14
      1055.30   3.5113039e+14
      1055.41   3.5124175e+14
      1055.52   3.5133286e+14
      1055.63   3.5116978e+14
      1055.74   3.5100154e+14
      1055.85   3.5084260e+14
      1055.97   3.5063279e+14
      1056.08   3.5043868e+14
      1056.19   3.5042872e+14
      1056.30   3.5043133e+14
      1056.41   3.5035270e+14
      1056.52   3.5046166e+14
      1056.64   3.5055626e+14
      1056.75   3.5056008e+14
      1056.86   3.5055947e+14
      1056.97   3.5072216e+14
      1057.08   3.5072072e+14
      1057.19   3.5073120e+14
      1057.31   3.5074603e+14
      1057.42   3.5060910e+14
      1057.53   3.5018994e+14
      1057.64   3.4994074e+14
      1057.75   3.4966575e+14
      1057.86   3.4926176e+14
      1057.98   3.4859887e+14
      1058.09   3.4798424e+14
      1058.20   3.4660128e+14
      1058.31   3.4271267e+14
      1058.43   3.3886054e+14
      1058.54   3.3591622e+14
      1058.65   3.3345417e+14
      1058.76   3.3100329e+14
      1058.87   3.3314784e+14
      1058.98   3.3692584e+14
      1059.10   3.4047197e+14
      1059.21   3.4376199e+14
      1059.32   3.4775035e+14
      1059.43   3.4963155e+14
      1059.55   3.4989664e+14
      1059.66   3.4993259e+14
      1059.77   3.5004478e+14
      1059.88   3.5006098e+14
      1060.00   3.4986933e+14
      1060.11   3.4874335e+14
      1060.22   3.4564951e+14
      1060.33   3.4254050e+14
      1060.44   3.3973845e+14
      1060.56   3.3688919e+14
      1060.67   3.3475352e+14
      1060.78   3.3635772e+14
      1060.90   3.3890148e+14
      1061.01   3.4101502e+14
      1061.12   3.4356139e+14
      1061.23   3.4645643e+14
      1061.35   3.4743855e+14
      1061.46   3.4692214e+14
      1061.57   3.4690617e+14
      1061.68   3.4697624e+14
      1061.80   3.4698910e+14
      1061.91   3.4701877e+14
      1062.02   3.4772459e+14
      1062.14   3.4830597e+14
      1062.25   3.4866659e+14
      1062.36   3.4899537e+14
      1062.47   3.4881639e+14
      1062.59   3.4675749e+14
      1062.70   3.4497097e+14
      1062.81   3.4329110e+14
      1062.93   3.4143321e+14
      1063.04   3.3952032e+14
      1063.15   3.4067777e+14
      1063.26   3.4202714e+14
      1063.38   3.4330713e+14
      1063.49   3.4477539e+14
      1063.60   3.4686968e+14
      1063.72   3.4779663e+14
      1063.83   3.4807081e+14
      1063.94   3.4825138e+14
      1064.06   3.4850052e+14
      1064.17   3.4879631e+14
      1064.28   3.4882724e+14
      1064.40   3.4883432e+14
      1064.51   3.4885687e+14
      1064.62   3.4872703e+14
      1064.74   3.4859034e+14
      1064.85   3.4841236e+14
      1064.96   3.4823360e+14
      1065.08   3.4799816e+14
      1065.19   3.4797105e+14
      1065.30   3.4794522e+14
      1065.42   3.4798624e+14
      1065.53   3.4798669e+14
      1065.64   3.4792308e+14
      1065.76   3.4732412e+14
      1065.87   3.4537737e+14
      1065.98   3.4195614e+14
      1066.10   3.3922906e+14
      1066.21   3.3669890e+14
      1066.32   3.3433697e+14
      1066.44   3.3344760e+14
      1066.55   3.3586419e+14
      1066.67   3.3831298e+14
      1066.78   3.4076411e+14
      1066.89   3.4337614e+14
      1067.01   3.4562934e+14
      1067.12   3.4634534e+14
      1067.24   3.4645059e+14
      1067.35   3.4643390e+14
      1067.46   3.4645260e+14
      1067.58   3.4683416e+14
      1067.69   3.4700234e+14
      1067.81   3.4705018e+14
      1067.92   3.4696732e+14
      1068.03   3.4622362e+14
      1068.15   3.4361092e+14
      1068.26   3.4098424e+14
      1068.38   3.3711503e+14
      1068.49   3.3372481e+14
      1068.60   3.3061472e+14
      1068.72   3.3035168e+14
      1068.83   3.2805955e+14
      1068.95   3.2691863e+14
      1069.06   3.2651592e+14
      1069.18   3.2622700e+14
      1069.29   3.2281420e+14
      1069.40   3.2256594e+14
      1069.52   3.2502641e+14
      1069.63   3.2716562e+14
      1069.75   3.2937664e+14
      1069.86   3.3507013e+14
      1069.98   3.3995675e+14
      1070.09   3.4234816e+14
      1070.20   3.4401132e+14
      1070.32   3.4593969e+14
      1070.44   3.4601192e+14
      1070.55   3.4435473e+14
      1070.66   3.4306300e+14
      1070.78   3.4199383e+14
      1070.89   3.4087353e+14
      1071.01   3.3961012e+14
      1071.12   3.4090471e+14
      1071.24   3.4222621e+14
      1071.35   3.4331907e+14
      1071.47   3.4426327e+14
      1071.58   3.4506361e+14
      1071.70   3.4485568e+14
      1071.81   3.4417306e+14
      1071.93   3.4351865e+14
      1072.04   3.4287059e+14
      1072.16   3.4358698e+14
      1072.27   3.4412101e+14
      1072.39   3.4419680e+14
      1072.50   3.4341783e+14
      1072.62   3.4134205e+14
      1072.73   3.3815816e+14
      1072.85   3.3447876e+14
      1072.96   3.3147926e+14
      1073.08   3.2918659e+14
      1073.19   3.2983781e+14
      1073.31   3.3193576e+14
      1073.42   3.3526740e+14
      1073.54   3.3856027e+14
      1073.65   3.4220119e+14
      1073.77   3.4450297e+14
      1073.88   3.4562015e+14
      1074.00   3.4566254e+14
      1074.11   3.4550248e+14
      1074.23   3.4499049e+14
      1074.34   3.4373341e+14
      1074.46   3.4255900e+14
      1074.58   3.4183803e+14
      1074.69   3.4028007e+14
      1074.81   3.3674646e+14
      1074.92   3.3510586e+14
      1075.04   3.3383707e+14
      1075.15   3.3133028e+14
      1075.27   3.2916164e+14
      1075.39   3.3154526e+14
      1075.50   3.3331668e+14
      1075.62   3.3458138e+14
      1075.73   3.3745756e+14
      1075.85   3.4148668e+14
      1075.96   3.4319844e+14
      1076.08   3.4426802e+14
      1076.19   3.4556273e+14
      1076.31   3.4615943e+14
      1076.43   3.4566072e+14
      1076.54   3.4491099e+14
      1076.66   3.4394912e+14
      1076.77   3.4295781e+14
      1076.89   3.4195646e+14
      1077.01   3.4173087e+14
      1077.12   3.4177089e+14
      1077.24   3.4238099e+14
      1077.35   3.4313599e+14
      1077.47   3.4408371e+14
      1077.59   3.4476258e+14
      1077.70   3.4529178e+14
      1077.82   3.4542119e+14
      1077.94   3.4519111e+14
      1078.05   3.4453678e+14
      1078.17   3.4292310e+14
      1078.28   3.4078577e+14
      1078.40   3.3824000e+14
      1078.52   3.3382489e+14
      1078.63   3.3045746e+14
      1078.75   3.2883195e+14
      1078.86   3.2847403e+14
      1078.98   3.2814589e+14
      1079.10   3.3215073e+14
      1079.21   3.3613654e+14
      1079.33   3.3924375e+14
      1079.45   3.4132470e+14
      1079.56   3.4390641e+14
      1079.68   3.4405973e+14
      1079.80   3.4350821e+14
      1079.91   3.4287662e+14
      1080.03   3.4273348e+14
      1080.15   3.4235241e+14
      1080.26   3.4236937e+14
      1080.38   3.4251978e+14
      1080.50   3.4283590e+14
      1080.61   3.4280285e+14
      1080.73   3.4258202e+14
      1080.85   3.4116479e+14
      1080.96   3.3702638e+14
      1081.08   3.3363334e+14
      1081.20   3.3044527e+14
      1081.31   3.2772143e+14
      1081.43   3.2544782e+14
      1081.55   3.2827638e+14
      1081.67   3.3069554e+14
      1081.78   3.3307813e+14
      1081.90   3.3399872e+14
      1082.02   3.3535530e+14
      1082.13   3.3436621e+14
      1082.25   3.3352620e+14
      1082.37   3.3159124e+14
      1082.48   3.2960841e+14
      1082.60   3.2746796e+14
      1082.72   3.2587892e+14
      1082.84   3.2347073e+14
      1082.95   3.2140163e+14
      1083.07   3.2243783e+14
      1083.19   3.2563947e+14
      1083.31   3.2819498e+14
      1083.42   3.3167697e+14
      1083.54   3.3607319e+14
      1083.66   3.3866060e+14
      1083.78   3.3905816e+14
      1083.89   3.4011579e+14
      1084.01   3.4068767e+14
      1084.13   3.4060605e+14
      1084.25   3.3934827e+14
      1084.36   3.3901369e+14
      1084.48   3.3811363e+14
      1084.60   3.3691363e+14
      1084.72   3.3575891e+14
      1084.83   3.3726299e+14
      1084.95   3.3841952e+14
      1085.07   3.3951850e+14
      1085.19   3.4081316e+14
      1085.31   3.4248293e+14
      1085.42   3.4285570e+14
      1085.54   3.4296074e+14
      1085.66   3.4299991e+14
      1085.78   3.4295248e+14
      1085.89   3.4289136e+14
      1086.01   3.4242450e+14
      1086.13   3.4082507e+14
      1086.25   3.3946758e+14
      1086.37   3.3826670e+14
      1086.48   3.3687633e+14
      1086.60   3.3459502e+14
      1086.72   3.3095192e+14
      1086.84   3.2667718e+14
      1086.96   3.2298460e+14
      1087.07   3.1926186e+14
      1087.19   3.1580382e+14
      1087.31   3.1724173e+14
      1087.43   3.2162915e+14
      1087.55   3.2595901e+14
      1087.67   3.3077912e+14
      1087.78   3.3663452e+14
      1087.90   3.3999988e+14
      1088.02   3.4028936e+14
      1088.14   3.3912985e+14
      1088.26   3.3701104e+14
      1088.38   3.3368425e+14
      1088.49   3.3071657e+14
      1088.61   3.2838755e+14
      1088.73   3.2731519e+14
      1088.85   3.2717417e+14
      1088.97   3.2941400e+14
      1089.09   3.3191939e+14
      1089.21   3.3423367e+14
      1089.32   3.3568245e+14
      1089.44   3.3616319e+14
      1089.56   3.3610509e+14
      1089.68   3.3557513e+14
      1089.80   3.3508458e+14
      1089.92   3.3505727e+14
      1090.04   3.3658059e+14
      1090.16   3.3772004e+14
      1090.28   3.3870225e+14
      1090.39   3.3936456e+14
      1090.51   3.4011208e+14
      1090.63   3.4009240e+14
      1090.75   3.3966774e+14
      1090.87   3.3916114e+14
      1090.99   3.3933172e+14
      1091.11   3.3928448e+14
      1091.23   3.3844089e+14
      1091.35   3.3668168e+14
      1091.46   3.3552323e+14
      1091.58   3.3405076e+14
      1091.70   3.3223936e+14
      1091.82   3.3114879e+14
      1091.94   3.3241998e+14
      1092.06   3.3347235e+14
      1092.18   3.3437262e+14
      1092.30   3.3563325e+14
      1092.42   3.3642586e+14
      1092.54   3.3582062e+14
      1092.66   3.3467603e+14
      1092.78   3.3338129e+14
      1092.90   3.3174315e+14
      1093.02   3.3057545e+14
      1093.14   3.2926080e+14
      1093.26   3.2771935e+14
      1093.37   3.2573800e+14
      1093.49   3.2243630e+14
      1093.61   3.1679137e+14
      1093.73   3.1072089e+14
      1093.85   3.0512547e+14
      1093.97   3.0025501e+14
      1094.09   2.9748688e+14
      1094.21   2.9929055e+14
      1094.33   3.0360897e+14
      1094.45   3.0906860e+14
      1094.57   3.1506123e+14
      1094.69   3.2090474e+14
      1094.81   3.2491783e+14
      1094.93   3.2724606e+14
      1095.05   3.2797070e+14
      1095.17   3.2759084e+14
      1095.29   3.2760293e+14
      1095.41   3.2716998e+14
      1095.53   3.2492557e+14
      1095.65   3.2386336e+14
      1095.77   3.2470088e+14
      1095.89   3.2506632e+14
      1096.01   3.2466621e+14
      1096.13   3.2726506e+14
      1096.25   3.2875237e+14
      1096.37   3.2710914e+14
      1096.49   3.2540760e+14
      1096.61   3.2473754e+14
      1096.73   3.2266681e+14
      1096.85   3.2029876e+14
      1096.97   3.2178954e+14
      1097.09   3.2374382e+14
      1097.21   3.2560431e+14
      1097.33   3.2758231e+14
      1097.45   3.3076610e+14
      1097.57   3.3148302e+14
      1097.69   3.2994999e+14
      1097.81   3.2797311e+14
      1097.94   3.2596402e+14
      1098.06   3.2214474e+14
      1098.18   3.1843217e+14
      1098.30   3.1659659e+14
      1098.42   3.1674399e+14
      1098.54   3.1663285e+14
      1098.66   3.1931837e+14
      1098.78   3.2237257e+14
      1098.90   3.2583271e+14
      1099.02   3.2803644e+14
      1099.14   3.3086159e+14
      1099.26   3.3209455e+14
      1099.38   3.3289515e+14
      1099.51   3.3326837e+14
      1099.63   3.3315664e+14
      1099.75   3.3268168e+14
      1099.87   3.3227308e+14
      1099.99   3.3215677e+14
      1100.11   3.3176129e+14
      1100.23   3.3195508e+14
      1100.35   3.3174118e+14
      1100.47   3.3156821e+14
      1100.59   3.3142291e+14
      1100.72   3.3181205e+14
      1100.84   3.3148609e+14
      1100.96   3.3178747e+14
      1101.08   3.3169532e+14
      1101.20   3.3093115e+14
      1101.32   3.2968589e+14
      1101.44   3.2854593e+14
      1101.56   3.2519396e+14
      1101.69   3.2207068e+14
      1101.81   3.2043852e+14
      1101.93   3.1903129e+14
      1102.05   3.1726561e+14
      1102.17   3.1884139e+14
      1102.29   3.2163591e+14
      1102.41   3.2411777e+14
      1102.54   3.2665430e+14
      1102.66   3.2944756e+14
      1102.78   3.3078657e+14
      1102.90   3.3132233e+14
      1103.02   3.3123487e+14
      1103.14   3.3069616e+14
      1103.27   3.3045055e+14
      1103.39   3.3099342e+14
      1103.51   3.3119727e+14
      1103.63   3.3094384e+14
      1103.75   3.3084209e+14
      1103.88   3.3107984e+14
      1104.00   3.3037247e+14
      1104.12   3.2968414e+14
      1104.24   3.2974503e+14
      1104.36   3.2977368e+14
      1104.48   3.2945314e+14
      1104.61   3.2912471e+14
      1104.73   3.2888744e+14
      1104.85   3.2862340e+14
      1104.97   3.2889948e+14
      1105.09   3.2921729e+14
      1105.22   3.3014595e+14
      1105.34   3.3095981e+14
      1105.46   3.3133198e+14
      1105.58   3.3106075e+14
      1105.70   3.3043538e+14
      1105.83   3.2953682e+14
      1105.95   3.2887048e+14
      1106.07   3.2876147e+14
      1106.19   3.2878743e+14
      1106.32   3.2937627e+14
      1106.44   3.2978694e+14
      1106.56   3.2998574e+14
      1106.68   3.2924819e+14
      1106.81   3.2888529e+14
      1106.93   3.2841828e+14
      1107.05   3.2789299e+14
      1107.18   3.2728619e+14
      1107.30   3.2760935e+14
      1107.42   3.2816650e+14
      1107.54   3.2859576e+14
      1107.67   3.2896577e+14
      1107.79   3.2914785e+14
      1107.91   3.2950736e+14
      1108.03   3.2925357e+14
      1108.16   3.2870767e+14
      1108.28   3.2844342e+14
      1108.40   3.2870304e+14
      1108.53   3.2870216e+14
      1108.65   3.2886444e+14
      1108.77   3.2943575e+14
      1108.89   3.2915016e+14
      1109.02   3.2891085e+14
      1109.14   3.2854976e+14
      1109.26   3.2851357e+14
      1109.39   3.2807190e+14
      1109.51   3.2848729e+14
      1109.63   3.2894268e+14
      1109.76   3.2971780e+14
      1109.88   3.2970799e+14
      1110.00   3.2944384e+14
      1110.12   3.2968995e+14
      1110.25   3.2975530e+14
      1110.37   3.2908016e+14
      1110.49   3.2895952e+14
      1110.62   3.2950845e+14
      1110.74   3.2928153e+14
      1110.86   3.2851938e+14
      1110.99   3.2813150e+14
      1111.11   3.2750270e+14
      1111.23   3.2664326e+14
      1111.36   3.2614928e+14
      1111.48   3.2641007e+14
      1111.60   3.2663589e+14
      1111.73   3.2628053e+14
      1111.85   3.2580893e+14
      1111.98   3.2554743e+14
      1112.10   3.2445106e+14
      1112.22   3.2353108e+14
      1112.35   3.2354812e+14
      1112.47   3.2453464e+14
      1112.59   3.2523294e+14
      1112.72   3.2661620e+14
      1112.84   3.2658598e+14
      1112.97   3.2604800e+14
      1113.09   3.2501453e+14
      1113.21   3.2357452e+14
      1113.34   3.2162912e+14
      1113.46   3.2196040e+14
      1113.59   3.2327061e+14
      1113.71   3.2462035e+14
      1113.83   3.2632146e+14
      1113.96   3.2864602e+14
      1114.08   3.3007029e+14
      1114.21   3.3047786e+14
      1114.33   3.2993057e+14
      1114.45   3.2909931e+14
      1114.58   3.2819914e+14
      1114.70   3.2667773e+14
      1114.83   3.2558648e+14
      1114.95   3.2525027e+14
      1115.08   3.2550654e+14
      1115.20   3.2525692e+14
      1115.32   3.2591501e+14
      1115.45   3.2627417e+14
      1115.57   3.2571625e+14
      1115.70   3.2465519e+14
      1115.82   3.2391155e+14
      1115.95   3.2323542e+14
      1116.07   3.2271056e+14
      1116.20   3.2363296e+14
      1116.32   3.2506696e+14
      1116.44   3.2701528e+14
      1116.57   3.2826786e+14
      1116.69   3.2963592e+14
      1116.82   3.3003750e+14
      1116.94   3.2955766e+14
      1117.07   3.2853441e+14
      1117.19   3.2781016e+14
      1117.32   3.2692964e+14
      1117.44   3.2633672e+14
      1117.57   3.2664497e+14
      1117.69   3.2668037e+14
      1117.82   3.2690995e+14
      1117.94   3.2727687e+14
      1118.07   3.2762759e+14
      1118.19   3.2747166e+14
      1118.32   3.2717833e+14
      1118.44   3.2614559e+14
      1118.57   3.2407133e+14
      1118.69   3.2168288e+14
      1118.82   3.1920487e+14
      1118.94   3.1733613e+14
      1119.07   3.1656873e+14
      1119.19   3.1848834e+14
      1119.32   3.2096008e+14
      1119.44   3.2268305e+14
      1119.57   3.2383288e+14
      1119.69   3.2393500e+14
      1119.82   3.2229026e+14
      1119.95   3.1996368e+14
      1120.07   3.1938216e+14
      1120.20   3.1914993e+14
      1120.32   3.1957274e+14
      1120.45   3.2033890e+14
      1120.57   3.2178647e+14
      1120.70   3.2224330e+14
      1120.82   3.2277384e+14
      1120.95   3.2317415e+14
      1121.08   3.2336935e+14
      1121.20   3.2318667e+14
      1121.33   3.2342228e+14
      1121.45   3.2355544e+14
      1121.58   3.2379562e+14
      1121.70   3.2424427e+14
      1121.83   3.2512509e+14
      1121.96   3.2561064e+14
      1122.08   3.2590536e+14
      1122.21   3.2587783e+14
      1122.33   3.2580026e+14
      1122.46   3.2553961e+14
      1122.59   3.2525714e+14
      1122.71   3.2467921e+14
      1122.84   3.2434932e+14
      1122.96   3.2412224e+14
      1123.09   3.2384198e+14
      1123.22   3.2398976e+14
      1123.34   3.2489253e+14
      1123.47   3.2572762e+14
      1123.59   3.2626594e+14
      1123.72   3.2637695e+14
      1123.85   3.2600050e+14
      1123.97   3.2525390e+14
      1124.10   3.2436756e+14
      1124.23   3.2308006e+14
      1124.35   3.2211574e+14
      1124.48   3.2156023e+14
      1124.61   3.2120219e+14
      1124.73   3.2097065e+14
      1124.86   3.2104172e+14
      1124.99   3.2059992e+14
      1125.11   3.1856744e+14
      1125.24   3.1499101e+14
      1125.37   3.1093924e+14
      1125.49   3.0802581e+14
      1125.62   3.0651290e+14
      1125.75   3.0753593e+14
      1125.87   3.1068398e+14
      1126.00   3.1437328e+14
      1126.13   3.1716077e+14
      1126.25   3.1909953e+14
      1126.38   3.2013698e+14
      1126.51   3.2094498e+14
      1126.63   3.2188022e+14
      1126.76   3.2268972e+14
      1126.89   3.2334447e+14
      1127.02   3.2339286e+14
      1127.14   3.2267059e+14
      1127.27   3.2157019e+14
      1127.40   3.2052402e+14
      1127.52   3.1923120e+14
      1127.65   3.1802102e+14
      1127.78   3.1725339e+14
      1127.90   3.1701205e+14
      1128.03   3.1713209e+14
      1128.16   3.1826460e+14
      1128.29   3.2020568e+14
      1128.41   3.2182735e+14
      1128.54   3.2286504e+14
      1128.67   3.2334629e+14
      1128.80   3.2195426e+14
      1128.92   3.1966128e+14
      1129.05   3.1760971e+14
      1129.18   3.1564260e+14
      1129.31   3.1389825e+14
      1129.43   3.1412291e+14
      1129.56   3.1462884e+14
      1129.69   3.1439522e+14
      1129.82   3.1447805e+14
      1129.94   3.1500098e+14
      1130.07   3.1510552e+14
      1130.20   3.1554578e+14
      1130.33   3.1745270e+14
      1130.45   3.1918326e+14
      1130.58   3.2011880e+14
      1130.71   3.2074250e+14
      1130.84   3.2093087e+14
      1130.97   3.1999236e+14
      1131.09   3.1910893e+14
      1131.22   3.1876405e+14
      1131.35   3.1829947e+14
      1131.48   3.1820791e+14
      1131.61   3.1865865e+14
      1131.73   3.1919214e+14
      1131.86   3.1990870e+14
      1131.99   3.2078893e+14
      1132.12   3.2108856e+14
      1132.25   3.2104564e+14
      1132.38   3.2085818e+14
      1132.50   3.2031805e+14
      1132.63   3.1963850e+14
      1132.76   3.1897653e+14
      1132.89   3.1781898e+14
      1133.02   3.1631806e+14
      1133.15   3.1433562e+14
      1133.27   3.1258348e+14
      1133.40   3.1183925e+14
      1133.53   3.1215776e+14
      1133.66   3.1272258e+14
      1133.79   3.1418061e+14
      1133.92   3.1576425e+14
      1134.04   3.1681068e+14
      1134.17   3.1755246e+14
      1134.30   3.1885774e+14
      1134.43   3.1992830e+14
      1134.56   3.2076141e+14
      1134.69   3.2129400e+14
      1134.82   3.2147957e+14
      1134.94   3.2110805e+14
      1135.07   3.2022560e+14
      1135.20   3.1903768e+14
      1135.33   3.1798728e+14
      1135.46   3.1705865e+14
      1135.59   3.1630166e+14
      1135.72   3.1615053e+14
      1135.85   3.1656440e+14
      1135.98   3.1727744e+14
      1136.10   3.1826976e+14
      1136.23   3.1930865e+14
      1136.36   3.2031658e+14
      1136.49   3.2099427e+14
      1136.62   3.2136484e+14
      1136.75   3.2149282e+14
      1136.88   3.2121959e+14
      1137.01   3.2035695e+14
      1137.14   3.1877304e+14
      1137.27   3.1665398e+14
      1137.40   3.1451867e+14
      1137.53   3.1287686e+14
      1137.66   3.1190891e+14
      1137.79   3.1216577e+14
      1137.92   3.1233525e+14
      1138.05   3.1220429e+14
      1138.17   3.1192853e+14
      1138.30   3.1142838e+14
      1138.43   3.1111926e+14
      1138.56   3.1250939e+14
      1138.69   3.1406146e+14
      1138.82   3.1473925e+14
      1138.95   3.1506884e+14
      1139.08   3.1463578e+14
      1139.21   3.1322810e+14
      1139.34   3.1248408e+14
      1139.47   3.1305559e+14
      1139.60   3.1379076e+14
      1139.73   3.1462079e+14
      1139.86   3.1546417e+14
      1139.99   3.1567525e+14
      1140.12   3.1426369e+14
      1140.25   3.1260662e+14
      1140.38   3.1087223e+14
      1140.51   3.0888368e+14
      1140.64   3.0735866e+14
      1140.77   3.0776532e+14
      1140.90   3.0884990e+14
      1141.03   3.1025638e+14
      1141.16   3.1171229e+14
      1141.29   3.1279365e+14
      1141.42   3.1366665e+14
      1141.55   3.1428890e+14
      1141.68   3.1486681e+14
      1141.81   3.1595641e+14
      1141.94   3.1700807e+14
      1142.07   3.1643413e+14
      1142.20   3.1544602e+14
      1142.33   3.1403410e+14
      1142.46   3.1207456e+14
      1142.60   3.1047777e+14
      1142.73   3.1088449e+14
      1142.86   3.1206201e+14
      1142.99   3.1379481e+14
      1143.12   3.1586899e+14
      1143.25   3.1771024e+14
      1143.38   3.1833437e+14
      1143.51   3.1823730e+14
      1143.64   3.1679659e+14
      1143.77   3.1440511e+14
      1143.90   3.1211039e+14
      1144.03   3.1026445e+14
      1144.17   3.0904765e+14
      1144.30   3.0970697e+14
      1144.43   3.1143292e+14
      1144.56   3.1291956e+14
      1144.69   3.1399620e+14
      1144.82   3.1444656e+14
      1144.95   3.1426524e+14
      1145.08   3.1427528e+14
      1145.21   3.1449803e+14
      1145.34   3.1511296e+14
      1145.47   3.1623551e+14
      1145.61   3.1688624e+14
      1145.74   3.1698594e+14
      1145.87   3.1710006e+14
      1146.00   3.1711381e+14
      1146.13   3.1702918e+14
      1146.26   3.1742723e+14
      1146.40   3.1800464e+14
      1146.53   3.1845601e+14
      1146.66   3.1883303e+14
      1146.79   3.1914396e+14
      1146.92   3.1898557e+14
      1147.05   3.1831512e+14
      1147.18   3.1752931e+14
      1147.31   3.1674303e+14
      1147.45   3.1606488e+14
      1147.58   3.1592501e+14
      1147.71   3.1635690e+14
      1147.84   3.1684811e+14
      1147.97   3.1707005e+14
      1148.11   3.1695737e+14
      1148.24   3.1615823e+14
      1148.37   3.1511456e+14
      1148.50   3.1419495e+14
      1148.63   3.1372450e+14
      1148.77   3.1363735e+14
      1148.90   3.1445313e+14
      1149.03   3.1554215e+14
      1149.16   3.1640573e+14
      1149.29   3.1646173e+14
      1149.43   3.1609419e+14
      1149.56   3.1521369e+14
      1149.69   3.1423027e+14
      1149.82   3.1376853e+14
      1149.95   3.1437772e+14
      1150.09   3.1494363e+14
      1150.22   3.1521458e+14
      1150.35   3.1524088e+14
      1150.48   3.1478590e+14
      1150.62   3.1401821e+14
      1150.75   3.1389262e+14
      1150.88   3.1419459e+14
      1151.01   3.1478720e+14
      1151.15   3.1551650e+14
      1151.28   3.1599459e+14
      1151.41   3.1588246e+14
      1151.54   3.1538267e+14
      1151.68   3.1443279e+14
      1151.81   3.1341111e+14
      1151.94   3.1238423e+14
      1152.07   3.1151199e+14
      1152.21   3.1114106e+14
      1152.34   3.1133999e+14
      1152.47   3.1164572e+14
      1152.60   3.1212908e+14
      1152.74   3.1279772e+14
      1152.87   3.1328361e+14
      1153.00   3.1358971e+14
      1153.14   3.1392107e+14
      1153.27   3.1437156e+14
      1153.40   3.1484332e+14
      1153.54   3.1532975e+14
      1153.67   3.1582437e+14
      1153.80   3.1610240e+14
      1153.94   3.1597563e+14
      1154.07   3.1563726e+14
      1154.20   3.1521980e+14
      1154.33   3.1478971e+14
      1154.47   3.1471847e+14
      1154.60   3.1511275e+14
      1154.73   3.1558392e+14
      1154.87   3.1592117e+14
      1155.00   3.1613141e+14
      1155.14   3.1587671e+14
      1155.27   3.1474629e+14
      1155.40   3.1347196e+14
      1155.54   3.1240646e+14
      1155.67   3.1132816e+14
      1155.80   3.1078527e+14
      1155.94   3.1138876e+14
      1156.07   3.1223125e+14
      1156.20   3.1305388e+14
      1156.34   3.1390577e+14
      1156.47   3.1445366e+14
      1156.60   3.1446857e+14
      1156.74   3.1433029e+14
      1156.87   3.1398690e+14
      1157.01   3.1377106e+14
      1157.14   3.1362564e+14
      1157.27   3.1337443e+14
      1157.41   3.1314265e+14
      1157.54   3.1316321e+14
      1157.68   3.1317208e+14
      1157.81   3.1315001e+14
      1157.94   3.1334311e+14
      1158.08   3.1372364e+14
      1158.21   3.1407778e+14
      1158.35   3.1399921e+14
      1158.48   3.1373690e+14
      1158.61   3.1322023e+14
      1158.75   3.1223871e+14
      1158.88   3.1075495e+14
      1159.02   3.0927253e+14
      1159.15   3.0677812e+14
      1159.29   3.0396297e+14
      1159.42   3.0185529e+14
      1159.56   3.0083844e+14
      1159.69   3.0115811e+14
      1159.82   3.0366847e+14
      1159.96   3.0677424e+14
      1160.09   3.0929922e+14
      1160.23   3.1103422e+14
      1160.36   3.1168268e+14
      1160.50   3.1018697e+14
      1160.63   3.0798009e+14
      1160.77   3.0550942e+14
      1160.90   3.0177746e+14
      1161.04   2.9819424e+14
      1161.17   2.9697670e+14
      1161.31   2.9659235e+14
      1161.44   2.9758229e+14
      1161.57   3.0104916e+14
      1161.71   3.0452210e+14
      1161.84   3.0678204e+14
      1161.98   3.0900920e+14
      1162.11   3.1037791e+14
      1162.25   3.1085756e+14
      1162.39   3.1157955e+14
      1162.52   3.1230697e+14
      1162.66   3.1238448e+14
      1162.79   3.1200686e+14
      1162.93   3.1139089e+14
      1163.06   3.1051764e+14
      1163.20   3.0982521e+14
      1163.33   3.1010448e+14
      1163.47   3.1079597e+14
      1163.60   3.1023567e+14
      1163.74   3.0895129e+14
      1163.87   3.0717534e+14
      1164.01   3.0443868e+14
      1164.14   3.0222923e+14
      1164.28   3.0257345e+14
      1164.42   3.0395482e+14
      1164.55   3.0584045e+14
      1164.69   3.0823344e+14
      1164.82   3.1006489e+14
      1164.96   3.1054511e+14
      1165.09   3.1035491e+14
      1165.23   3.0974527e+14
      1165.36   3.0895095e+14
      1165.50   3.0796892e+14
      1165.64   3.0660109e+14
      1165.77   3.0522295e+14
      1165.91   3.0408992e+14
      1166.05   3.0331288e+14
      1166.18   3.0314335e+14
      1166.32   3.0426918e+14
      1166.45   3.0630136e+14
      1166.59   3.0813964e+14
      1166.72   3.0900499e+14
      1166.86   3.0909035e+14
      1167.00   3.0836728e+14
      1167.13   3.0700206e+14
      1167.27   3.0618863e+14
      1167.41   3.0681325e+14
      1167.54   3.0798466e+14
      1167.68   3.0926122e+14
      1167.81   3.1062778e+14
      1167.95   3.1140078e+14
      1168.09   3.1134144e+14
      1168.22   3.1089715e+14
      1168.36   3.1023597e+14
      1168.50   3.0957376e+14
      1168.63   3.0884047e+14
      1168.77   3.0664209e+14
      1168.91   3.0389498e+14
      1169.04   3.0147919e+14
      1169.18   2.9895546e+14
      1169.32   2.9746100e+14
      1169.45   2.9926691e+14
      1169.59   3.0212782e+14
      1169.73   3.0461229e+14
      1169.86   3.0714292e+14
      1170.00   3.0897844e+14
      1170.14   3.0907175e+14
      1170.28   3.0893885e+14
      1170.41   3.0920127e+14
      1170.55   3.0953744e+14
      1170.69   3.0977586e+14
      1170.82   3.1006201e+14
      1170.96   3.1005410e+14
      1171.10   3.0977373e+14
      1171.23   3.0961067e+14
      1171.37   3.0942894e+14
      1171.51   3.0932003e+14
      1171.65   3.0959627e+14
      1171.78   3.0990797e+14
      1171.92   3.1011558e+14
      1172.06   3.1028930e+14
      1172.20   3.1008923e+14
      1172.33   3.0949568e+14
      1172.47   3.0885593e+14
      1172.61   3.0817974e+14
      1172.74   3.0771447e+14
      1172.88   3.0787173e+14
      1173.02   3.0842828e+14
      1173.16   3.0898698e+14
      1173.30   3.0958751e+14
      1173.43   3.0998288e+14
      1173.57   3.0998863e+14
      1173.71   3.0983302e+14
      1173.85   3.0953260e+14
      1173.98   3.0916266e+14
      1174.12   3.0894659e+14
      1174.26   3.0869620e+14
      1174.40   3.0838361e+14
      1174.54   3.0781969e+14
      1174.67   3.0683154e+14
      1174.81   3.0567044e+14
      1174.95   3.0423930e+14
      1175.09   3.0200443e+14
      1175.23   2.9950274e+14
      1175.36   2.9716853e+14
      1175.50   2.9494292e+14
      1175.64   2.9377954e+14
      1175.78   2.9493465e+14
      1175.92   2.9793359e+14
      1176.06   3.0166414e+14
      1176.19   3.0547466e+14
      1176.33   3.0852090e+14
      1176.47   3.1000437e+14
      1176.61   3.1025463e+14
      1176.75   3.0966181e+14
      1176.89   3.0865438e+14
      1177.03   3.0712228e+14
      1177.16   3.0526768e+14
      1177.30   3.0378694e+14
      1177.44   3.0284797e+14
      1177.58   3.0234659e+14
      1177.72   3.0301316e+14
      1177.86   3.0403361e+14
      1177.99   3.0432335e+14
      1178.13   3.0341730e+14
      1178.27   3.0195577e+14
      1178.41   3.0019404e+14
      1178.55   2.9859830e+14
      1178.69   2.9838068e+14
      1178.83   3.0055543e+14
      1178.97   3.0336580e+14
      1179.11   3.0590608e+14
      1179.24   3.0835854e+14
      1179.38   3.0978728e+14
      1179.52   3.0980475e+14
      1179.66   3.0956536e+14
      1179.80   3.0904228e+14
      1179.94   3.0820956e+14
      1180.08   3.0746630e+14
      1180.22   3.0685010e+14
      1180.36   3.0642533e+14
      1180.50   3.0662722e+14
      1180.64   3.0732333e+14
      1180.78   3.0787967e+14
      1180.92   3.0766856e+14
      1181.06   3.0679703e+14
      1181.19   3.0561457e+14
      1181.33   3.0422455e+14
      1181.47   3.0338473e+14
      1181.61   3.0395906e+14
      1181.75   3.0518738e+14
      1181.89   3.0614019e+14
      1182.03   3.0691557e+14
      1182.17   3.0722927e+14
      1182.31   3.0657512e+14
      1182.45   3.0491391e+14
      1182.59   3.0104301e+14
      1182.73   2.9576355e+14
      1182.87   2.9057927e+14
      1183.01   2.8583096e+14
      1183.15   2.8390742e+14
      1183.29   2.8698650e+14
      1183.43   2.9236378e+14
      1183.57   2.9767855e+14
      1183.71   3.0207681e+14
      1183.85   3.0400018e+14
      1183.99   3.0337326e+14
      1184.13   3.0194941e+14
      1184.27   3.0105258e+14
      1184.41   3.0174354e+14
      1184.55   3.0308292e+14
      1184.69   3.0429880e+14
      1184.83   3.0559464e+14
      1184.97   3.0627059e+14
      1185.11   3.0599415e+14
      1185.26   3.0575460e+14
      1185.40   3.0581128e+14
      1185.54   3.0591128e+14
      1185.68   3.0619247e+14
      1185.82   3.0647428e+14
      1185.96   3.0630688e+14
      1186.10   3.0569239e+14
      1186.24   3.0493383e+14
      1186.38   3.0426742e+14
      1186.52   3.0400848e+14
      1186.66   3.0434037e+14
      1186.80   3.0512881e+14
      1186.94   3.0595809e+14
      1187.08   3.0645404e+14
      1187.22   3.0653205e+14
      1187.37   3.0627854e+14
      1187.51   3.0589581e+14
      1187.65   3.0556022e+14
      1187.79   3.0520151e+14
      1187.93   3.0458880e+14
      1188.07   3.0216294e+14
      1188.21   2.9741062e+14
      1188.35   2.9224730e+14
      1188.49   2.8744418e+14
      1188.64   2.8389923e+14
      1188.78   2.8407837e+14
      1188.92   2.8771433e+14
      1189.06   2.9158249e+14
      1189.20   2.9480167e+14
      1189.34   2.9711172e+14
      1189.48   2.9763620e+14
      1189.63   2.9748761e+14
      1189.77   2.9801850e+14
      1189.91   2.9944697e+14
      1190.05   3.0144408e+14
      1190.19   3.0326032e+14
      1190.33   3.0451042e+14
      1190.48   3.0535709e+14
      1190.62   3.0567108e+14
      1190.76   3.0550251e+14
      1190.90   3.0550150e+14
      1191.04   3.0553133e+14
      1191.19   3.0544366e+14
      1191.33   3.0542787e+14
      1191.47   3.0543787e+14
      1191.61   3.0532068e+14
      1191.75   3.0519571e+14
      1191.90   3.0501423e+14
      1192.04   3.0472228e+14
      1192.18   3.0436603e+14
      1192.32   3.0393109e+14
      1192.46   3.0350705e+14
      1192.61   3.0329158e+14
      1192.75   3.0322500e+14
      1192.89   3.0321479e+14
      1193.03   3.0352319e+14
      1193.18   3.0406693e+14
      1193.32   3.0448999e+14
      1193.46   3.0471631e+14
      1193.60   3.0482707e+14
      1193.74   3.0469828e+14
      1193.89   3.0426202e+14
      1194.03   3.0392874e+14
      1194.17   3.0389330e+14
      1194.31   3.0391522e+14
      1194.46   3.0401173e+14
      1194.60   3.0419758e+14
      1194.74   3.0364873e+14
      1194.89   3.0246981e+14
      1195.03   3.0138871e+14
      1195.17   3.0002210e+14
      1195.31   2.9867298e+14
      1195.46   2.9841918e+14
      1195.60   2.9880095e+14
      1195.74   2.9893901e+14
      1195.89   2.9957382e+14
      1196.03   3.0063209e+14
      1196.17   3.0127141e+14
      1196.31   3.0173741e+14
      1196.46   3.0233187e+14
      1196.60   3.0256767e+14
      1196.74   3.0216272e+14
      1196.89   3.0131780e+14
      1197.03   2.9884850e+14
      1197.18   2.9498474e+14
      1197.32   2.9134038e+14
      1197.46   2.8790980e+14
      1197.60   2.8629773e+14
      1197.75   2.8825984e+14
      1197.89   2.9214045e+14
      1198.04   2.9545599e+14
      1198.18   2.9663586e+14
      1198.32   2.9486318e+14
      1198.47   2.9129456e+14
      1198.61   2.8699856e+14
      1198.75   2.8429160e+14
      1198.90   2.8406621e+14
      1199.04   2.8444928e+14
      1199.19   2.8482217e+14
      1199.33   2.8540804e+14
      1199.47   2.8614827e+14
      1199.62   2.8842454e+14
      1199.76   2.9233530e+14
      1199.90   2.9626331e+14
      1200.05   3.0017290e+14
      1200.19   3.0256010e+14
      1200.34   3.0290040e+14
      1200.48   3.0261340e+14
      1200.62   3.0218488e+14
      1200.77   3.0176591e+14
      1200.91   3.0158047e+14
      1201.06   3.0156405e+14
      1201.20   3.0145388e+14
      1201.35   3.0146547e+14
      1201.49   3.0162261e+14
      1201.63   3.0177131e+14
      1201.78   3.0194812e+14
      1201.92   3.0219307e+14
      1202.07   3.0219143e+14
      1202.21   3.0193167e+14
      1202.36   3.0159888e+14
      1202.50   3.0100777e+14
      1202.65   3.0025328e+14
      1202.79   2.9888640e+14
      1202.94   2.9517269e+14
      1203.08   2.8993855e+14
      1203.22   2.8517328e+14
      1203.37   2.8076406e+14
      1203.51   2.7918248e+14
      1203.66   2.8212918e+14
      1203.80   2.8677779e+14
      1203.95   2.9108751e+14
      1204.09   2.9520061e+14
      1204.24   2.9723269e+14
      1204.38   2.9754800e+14
      1204.53   2.9805989e+14
      1204.67   2.9872713e+14
      1204.82   2.9942001e+14
      1204.96   3.0005908e+14
      1205.11   3.0010392e+14
      1205.26   2.9954356e+14
      1205.40   2.9884829e+14
      1205.55   2.9805781e+14
      1205.69   2.9757708e+14
      1205.84   2.9763535e+14
      1205.98   2.9815530e+14
      1206.13   2.9888641e+14
      1206.27   2.9972120e+14
      1206.42   3.0029659e+14
      1206.56   3.0054069e+14
      1206.71   3.0060961e+14
      1206.85   3.0056031e+14
      1207.00   3.0051038e+14
      1207.15   3.0037569e+14
      1207.29   3.0024487e+14
      1207.44   3.0003193e+14
      1207.58   2.9938062e+14
      1207.73   2.9841817e+14
      1207.88   2.9700631e+14
      1208.02   2.9351286e+14
      1208.17   2.8763534e+14
      1208.31   2.8141938e+14
      1208.46   2.7570263e+14
      1208.60   2.7182396e+14
      1208.75   2.7285123e+14
      1208.90   2.7810389e+14
      1209.04   2.8437155e+14
      1209.19   2.9046032e+14
      1209.34   2.9532065e+14
      1209.48   2.9744739e+14
      1209.63   2.9781854e+14
      1209.78   2.9786119e+14
      1209.92   2.9756213e+14
      1210.07   2.9580413e+14
      1210.21   2.9289447e+14
      1210.36   2.9024819e+14
      1210.51   2.8765284e+14
      1210.65   2.8650715e+14
      1210.80   2.8777189e+14
      1210.95   2.9005899e+14
      1211.09   2.9204479e+14
      1211.24   2.9397778e+14
      1211.39   2.9503445e+14
      1211.53   2.9545030e+14
      1211.68   2.9591016e+14
      1211.83   2.9627286e+14
      1211.97   2.9675973e+14
      1212.12   2.9702033e+14
      1212.27   2.9704599e+14
      1212.42   2.9730729e+14
      1212.56   2.9769315e+14
      1212.71   2.9790142e+14
      1212.86   2.9801997e+14
      1213.00   2.9780939e+14
      1213.15   2.9731616e+14
      1213.30   2.9679328e+14
      1213.44   2.9635636e+14
      1213.59   2.9612833e+14
      1213.74   2.9622004e+14
      1213.89   2.9648266e+14
      1214.03   2.9688289e+14
      1214.18   2.9737142e+14
      1214.33   2.9771923e+14
      1214.48   2.9784054e+14
      1214.62   2.9787414e+14
      1214.77   2.9781746e+14
      1214.92   2.9771831e+14
      1215.07   2.9764939e+14
      1215.21   2.9760158e+14
      1215.36   2.9753443e+14
      1215.51   2.9738583e+14
      1215.66   2.9721578e+14
      1215.81   2.9714304e+14
      1215.95   2.9717466e+14
      1216.10   2.9728248e+14
      1216.25   2.9745277e+14
      1216.40   2.9760715e+14
      1216.55   2.9755580e+14
      1216.69   2.9735678e+14
      1216.84   2.9714542e+14
      1216.99   2.9694140e+14
      1217.14   2.9676425e+14
      1217.29   2.9669313e+14
      1217.43   2.9670307e+14
      1217.58   2.9660857e+14
      1217.73   2.9648646e+14
      1217.88   2.9643973e+14
      1218.03   2.9630614e+14
      1218.18   2.9608273e+14
      1218.32   2.9596867e+14
      1218.47   2.9588256e+14
      1218.62   2.9569700e+14
      1218.77   2.9544602e+14
      1218.92   2.9514520e+14
      1219.07   2.9479256e+14
      1219.21   2.9437496e+14
      1219.36   2.9421182e+14
      1219.51   2.9439389e+14
      1219.66   2.9482411e+14
      1219.81   2.9532687e+14
      1219.96   2.9594069e+14
      1220.11   2.9638104e+14
      1220.26   2.9656776e+14
      1220.41   2.9651796e+14
      1220.55   2.9636550e+14
      1220.70   2.9611102e+14
      1220.85   2.9583860e+14
      1221.00   2.9553353e+14
      1221.15   2.9524622e+14
      1221.30   2.9501415e+14
      1221.45   2.9472754e+14
      1221.60   2.9447445e+14
      1221.75   2.9438980e+14
      1221.90   2.9449893e+14
      1222.05   2.9456771e+14
      1222.19   2.9472914e+14
      1222.34   2.9484387e+14
      1222.49   2.9452432e+14
      1222.64   2.9384306e+14
      1222.79   2.9328993e+14
      1222.94   2.9265456e+14
      1223.09   2.9221875e+14
      1223.24   2.9245471e+14
      1223.39   2.9307055e+14
      1223.54   2.9367754e+14
      1223.69   2.9443989e+14
      1223.84   2.9500626e+14
      1223.99   2.9519398e+14
      1224.14   2.9521784e+14
      1224.29   2.9504199e+14
      1224.44   2.9472486e+14
      1224.59   2.9433125e+14
      1224.74   2.9386475e+14
      1224.89   2.9352639e+14
      1225.04   2.9332364e+14
      1225.19   2.9331575e+14
      1225.34   2.9346824e+14
      1225.49   2.9377934e+14
      1225.64   2.9407818e+14
      1225.79   2.9436742e+14
      1225.94   2.9435161e+14
      1226.09   2.9407956e+14
      1226.24   2.9365275e+14
      1226.39   2.9303663e+14
      1226.54   2.9256919e+14
      1226.69   2.9211853e+14
      1226.84   2.9073421e+14
      1226.99   2.8840646e+14
      1227.15   2.8637532e+14
      1227.30   2.8410554e+14
      1227.45   2.8316962e+14
      1227.60   2.8455837e+14
      1227.75   2.8721613e+14
      1227.90   2.8970513e+14
      1228.05   2.9228499e+14
      1228.20   2.9363660e+14
      1228.35   2.9371042e+14
      1228.50   2.9355913e+14
      1228.65   2.9339851e+14
      1228.80   2.9326570e+14
      1228.95   2.9317676e+14
      1229.10   2.9318679e+14
      1229.26   2.9315722e+14
      1229.41   2.9310720e+14
      1229.56   2.9303266e+14
      1229.71   2.9289034e+14
      1229.86   2.9253993e+14
      1230.01   2.9211018e+14
      1230.16   2.9174865e+14
      1230.31   2.9134965e+14
      1230.47   2.9120081e+14
      1230.62   2.9138177e+14
      1230.77   2.9172304e+14
      1230.92   2.9201565e+14
      1231.07   2.9215498e+14
      1231.22   2.9188918e+14
      1231.38   2.9142718e+14
      1231.53   2.9086046e+14
      1231.68   2.9025022e+14
      1231.83   2.8979773e+14
      1231.98   2.8959720e+14
      1232.13   2.8937860e+14
      1232.29   2.8930139e+14
      1232.44   2.8951577e+14
      1232.59   2.8988410e+14
      1232.74   2.9025127e+14
      1232.89   2.9070358e+14
      1233.05   2.9103058e+14
      1233.20   2.9114096e+14
      1233.35   2.9105885e+14
      1233.50   2.9094816e+14
      1233.65   2.9091011e+14
      1233.81   2.9079253e+14
      1233.96   2.9041832e+14
      1234.11   2.8994296e+14
      1234.26   2.8951881e+14
      1234.42   2.8892017e+14
      1234.57   2.8854613e+14
      1234.72   2.8860838e+14
      1234.87   2.8886549e+14
      1235.03   2.8897007e+14
      1235.18   2.8927264e+14
      1235.33   2.8945751e+14
      1235.48   2.8954687e+14
      1235.64   2.8972953e+14
      1235.79   2.9008746e+14
      1235.94   2.9039282e+14
      1236.09   2.9064783e+14
      1236.25   2.9079208e+14
      1236.40   2.9078825e+14
      1236.55   2.9067022e+14
      1236.70   2.9050755e+14
      1236.86   2.9038034e+14
      1237.01   2.9030851e+14
      1237.16   2.9032448e+14
      1237.32   2.9039901e+14
      1237.47   2.9044075e+14
      1237.62   2.9047731e+14
      1237.78   2.9052193e+14
      1237.93   2.9054913e+14
      1238.08   2.9051335e+14
      1238.24   2.9042793e+14
      1238.39   2.9030481e+14
      1238.54   2.9004011e+14
      1238.70   2.8950680e+14
      1238.85   2.8869554e+14
      1239.00   2.8798348e+14
      1239.16   2.8716745e+14
      1239.31   2.8628593e+14
      1239.46   2.8548444e+14
      1239.62   2.8522971e+14
      1239.77   2.8484006e+14
      1239.93   2.8510330e+14
      1240.08   2.8603065e+14
      1240.23   2.8724009e+14
      1240.39   2.8817877e+14
      1240.54   2.8911708e+14
      1240.69   2.8952085e+14
      1240.85   2.8941935e+14
      1241.00   2.8926347e+14
      1241.16   2.8924124e+14
      1241.31   2.8928088e+14
      1241.46   2.8910300e+14
      1241.62   2.8875068e+14
      1241.77   2.8839260e+14
      1241.93   2.8787751e+14
      1242.08   2.8717116e+14
      1242.24   2.8642184e+14
      1242.39   2.8580994e+14
      1242.55   2.8497544e+14
      1242.70   2.8471542e+14
      1242.85   2.8498497e+14
      1243.01   2.8499966e+14
      1243.16   2.8433918e+14
      1243.32   2.8394502e+14
      1243.47   2.8289737e+14
      1243.63   2.8228559e+14
      1243.78   2.8292697e+14
      1243.94   2.8444526e+14
      1244.09   2.8592134e+14
      1244.24   2.8754414e+14
      1244.40   2.8851347e+14
      1244.56   2.8880007e+14
      1244.71   2.8888677e+14
      1244.86   2.8887264e+14
      1245.02   2.8870238e+14
      1245.18   2.8845939e+14
      1245.33   2.8812533e+14
      1245.48   2.8781883e+14
      1245.64   2.8746836e+14
      1245.80   2.8710295e+14
      1245.95   2.8674223e+14
      1246.11   2.8635566e+14
      1246.26   2.8618611e+14
      1246.42   2.8634369e+14
      1246.57   2.8664542e+14
      1246.73   2.8671623e+14
      1246.88   2.8657193e+14
      1247.04   2.8629488e+14
      1247.19   2.8576244e+14
      1247.35   2.8558318e+14
      1247.51   2.8593107e+14
      1247.66   2.8663456e+14
      1247.82   2.8724691e+14
      1247.97   2.8791177e+14
      1248.13   2.8817904e+14
      1248.28   2.8811072e+14
      1248.44   2.8795039e+14
      1248.59   2.8782417e+14
      1248.75   2.8777780e+14
      1248.91   2.8783074e+14
      1249.06   2.8793273e+14
      1249.22   2.8797750e+14
      1249.38   2.8791159e+14
      1249.53   2.8775440e+14
      1249.69   2.8746653e+14
      1249.84   2.8720793e+14
      1250.00   2.8706695e+14
      1250.16   2.8696809e+14
      1250.31   2.8695252e+14
      1250.47   2.8705442e+14
      1250.62   2.8709467e+14
      1250.78   2.8686496e+14
      1250.94   2.8639940e+14
      1251.09   2.8584390e+14
      1251.25   2.8510910e+14
      1251.41   2.8454004e+14
      1251.56   2.8428061e+14
      1251.72   2.8419781e+14
      1251.88   2.8386602e+14
      1252.04   2.8328893e+14
      1252.19   2.8289742e+14
      1252.35   2.8240389e+14
      1252.51   2.8242289e+14
      1252.66   2.8311485e+14
      1252.82   2.8420054e+14
      1252.98   2.8487328e+14
      1253.13   2.8548443e+14
      1253.29   2.8567794e+14
      1253.45   2.8549348e+14
      1253.60   2.8531274e+14
      1253.76   2.8524812e+14
      1253.92   2.8523165e+14
      1254.08   2.8524719e+14
      1254.23   2.8529174e+14
      1254.39   2.8542282e+14
      1254.55   2.8556930e+14
      1254.70   2.8556650e+14
      1254.86   2.8537379e+14
      1255.02   2.8521994e+14
      1255.18   2.8496893e+14
      1255.33   2.8479412e+14
      1255.49   2.8472126e+14
      1255.65   2.8475686e+14
      1255.81   2.8467002e+14
      1255.97   2.8450730e+14
      1256.12   2.8423828e+14
      1256.28   2.8411124e+14
      1256.44   2.8389775e+14
      1256.60   2.8376708e+14
      1256.76   2.8361483e+14
      1256.91   2.8355871e+14
      1257.07   2.8338365e+14
      1257.23   2.8354775e+14
      1257.39   2.8389230e+14
      1257.55   2.8446869e+14
      1257.70   2.8499581e+14
      1257.86   2.8540424e+14
      1258.02   2.8532163e+14
      1258.18   2.8487351e+14
      1258.34   2.8400146e+14
      1258.49   2.8319589e+14
      1258.65   2.8285693e+14
      1258.81   2.8298395e+14
      1258.97   2.8354619e+14
      1259.13   2.8449677e+14
      1259.29   2.8532057e+14
      1259.45   2.8585691e+14
      1259.60   2.8619779e+14
      1259.76   2.8623264e+14
      1259.92   2.8599159e+14
      1260.08   2.8555632e+14
      1260.24   2.8513424e+14
      1260.40   2.8476893e+14
      1260.56   2.8467985e+14
      1260.72   2.8495884e+14
      1260.88   2.8547156e+14
      1261.03   2.8577232e+14
      1261.19   2.8560452e+14
      1261.35   2.8469939e+14
      1261.51   2.8331131e+14
      1261.67   2.8203596e+14
      1261.83   2.8119307e+14
      1261.99   2.8130034e+14
      1262.15   2.8213008e+14
      1262.31   2.8331659e+14
      1262.47   2.8442734e+14
      1262.63   2.8529781e+14
      1262.79   2.8563721e+14
      1262.94   2.8566488e+14
      1263.10   2.8563558e+14
      1263.26   2.8557040e+14
      1263.42   2.8548249e+14
      1263.58   2.8495033e+14
      1263.74   2.8385324e+14
      1263.90   2.8284427e+14
      1264.06   2.8168170e+14
      1264.22   2.8117697e+14
      1264.38   2.8163117e+14
      1264.54   2.8242507e+14
      1264.70   2.8258813e+14
      1264.86   2.8295186e+14
      1265.02   2.8254368e+14
      1265.18   2.8207875e+14
      1265.34   2.8229979e+14
      1265.50   2.8310514e+14
      1265.66   2.8386502e+14
      1265.82   2.8478676e+14
      1265.98   2.8526063e+14
      1266.14   2.8525904e+14
      1266.30   2.8495933e+14
      1266.46   2.8418745e+14
      1266.62   2.8299852e+14
      1266.79   2.8189327e+14
      1266.94   2.8087445e+14
      1267.11   2.8062495e+14
      1267.27   2.8111211e+14
      1267.43   2.8197674e+14
      1267.59   2.8225124e+14
      1267.75   2.8167882e+14
      1267.91   2.8050152e+14
      1268.07   2.7878974e+14
      1268.23   2.7758898e+14
      1268.39   2.7757250e+14
      1268.55   2.7861984e+14
      1268.71   2.7986845e+14
      1268.88   2.8148254e+14
      1269.04   2.8260701e+14
      1269.20   2.8307674e+14
      1269.36   2.8338748e+14
      1269.52   2.8352698e+14
      1269.68   2.8351950e+14
      1269.84   2.8358547e+14
      1270.00   2.8362209e+14
      1270.16   2.8374013e+14
      1270.32   2.8395519e+14
      1270.49   2.8417244e+14
      1270.65   2.8429226e+14
      1270.81   2.8435541e+14
      1270.97   2.8421611e+14
      1271.13   2.8388757e+14
      1271.29   2.8358237e+14
      1271.46   2.8325943e+14
      1271.62   2.8304521e+14
      1271.78   2.8300869e+14
      1271.94   2.8307100e+14
      1272.10   2.8315126e+14
      1272.27   2.8329688e+14
      1272.43   2.8335025e+14
      1272.59   2.8325434e+14
      1272.75   2.8310565e+14
      1272.91   2.8284305e+14
      1273.07   2.8252782e+14
      1273.24   2.8216017e+14
      1273.40   2.8183643e+14
      1273.56   2.8151321e+14
      1273.72   2.8115207e+14
      1273.89   2.8082868e+14
      1274.05   2.8066321e+14
      1274.21   2.8055586e+14
      1274.37   2.8069933e+14
      1274.54   2.8105804e+14
      1274.70   2.8146407e+14
      1274.86   2.8183319e+14
      1275.02   2.8221308e+14
      1275.19   2.8242191e+14
      1275.35   2.8256781e+14
      1275.51   2.8266345e+14
      1275.67   2.8268672e+14
      1275.84   2.8266572e+14
      1276.00   2.8262389e+14
      1276.16   2.8257388e+14
      1276.32   2.8253352e+14
      1276.49   2.8252657e+14
      1276.65   2.8249710e+14
      1276.81   2.8247855e+14
      1276.98   2.8242525e+14
      1277.14   2.8233916e+14
      1277.30   2.8221957e+14
      1277.46   2.8205812e+14
      1277.63   2.8188794e+14
      1277.79   2.8169815e+14
      1277.95   2.8154692e+14
      1278.12   2.8142161e+14
      1278.28   2.8131340e+14
      1278.44   2.8115881e+14
      1278.61   2.8089432e+14
      1278.77   2.8039903e+14
      1278.94   2.7991930e+14
      1279.10   2.7937096e+14
      1279.26   2.7894631e+14
      1279.43   2.7867554e+14
      1279.59   2.7856099e+14
      1279.75   2.7833068e+14
      1279.92   2.7816469e+14
      1280.08   2.7785820e+14
      1280.25   2.7740333e+14
      1280.41   2.7657704e+14
      1280.57   2.7515736e+14
      1280.74   2.7337816e+14
      1280.90   2.7117089e+14
      1281.07   2.6874962e+14
      1281.23   2.6616897e+14
      1281.39   2.6255675e+14
      1281.56   2.5691430e+14
      1281.72   2.5001613e+14
      1281.89   2.4340250e+14
      1282.05   2.3830538e+14
      1282.22   2.3733418e+14
      1282.38   2.4069484e+14
      1282.55   2.4684541e+14
      1282.71   2.5383489e+14
      1282.87   2.6026442e+14
      1283.04   2.6453071e+14
      1283.20   2.6728459e+14
      1283.37   2.6927737e+14
      1283.53   2.7088849e+14
      1283.70   2.7232057e+14
      1283.86   2.7344210e+14
      1284.03   2.7434473e+14
      1284.19   2.7498835e+14
      1284.36   2.7541936e+14
      1284.52   2.7564781e+14
      1284.69   2.7596731e+14
      1284.85   2.7602406e+14
      1285.02   2.7605877e+14
      1285.18   2.7616339e+14
      1285.35   2.7620268e+14
      1285.51   2.7618109e+14
      1285.68   2.7637528e+14
      1285.84   2.7658161e+14
      1286.01   2.7675691e+14
      1286.17   2.7718108e+14
      1286.34   2.7773144e+14
      1286.51   2.7820897e+14
      1286.67   2.7864688e+14
      1286.84   2.7885706e+14
      1287.00   2.7893419e+14
      1287.17   2.7890336e+14
      1287.33   2.7891852e+14
      1287.50   2.7900995e+14
      1287.66   2.7888771e+14
      1287.83   2.7830962e+14
      1288.00   2.7785720e+14
      1288.16   2.7718283e+14
      1288.33   2.7681186e+14
      1288.49   2.7694612e+14
      1288.66   2.7755729e+14
      1288.83   2.7808682e+14
      1288.99   2.7880403e+14
      1289.16   2.7920404e+14
      1289.32   2.7911730e+14
      1289.49   2.7866265e+14
      1289.66   2.7769857e+14
      1289.82   2.7582575e+14
      1289.99   2.7431439e+14
      1290.16   2.7306488e+14
      1290.32   2.7287283e+14
      1290.49   2.7359924e+14
      1290.66   2.7510905e+14
      1290.82   2.7590024e+14
      1290.99   2.7677830e+14
      1291.16   2.7691289e+14
      1291.32   2.7685031e+14
      1291.49   2.7704801e+14
      1291.66   2.7753841e+14
      1291.82   2.7787994e+14
      1291.99   2.7827428e+14
      1292.16   2.7849173e+14
      1292.32   2.7861296e+14
      1292.49   2.7882724e+14
      1292.66   2.7900905e+14
      1292.82   2.7907830e+14
      1292.99   2.7891256e+14
      1293.16   2.7826694e+14
      1293.33   2.7724022e+14
      1293.49   2.7626094e+14
      1293.66   2.7541018e+14
      1293.83   2.7502101e+14
      1294.00   2.7528475e+14
      1294.16   2.7596272e+14
      1294.33   2.7666132e+14
      1294.50   2.7741067e+14
      1294.67   2.7787429e+14
      1294.83   2.7797032e+14
      1295.00   2.7801987e+14
      1295.17   2.7804485e+14
      1295.34   2.7806921e+14
      1295.51   2.7819333e+14
      1295.67   2.7844773e+14
      1295.84   2.7861366e+14
      1296.01   2.7868309e+14
      1296.18   2.7862262e+14
      1296.34   2.7845512e+14
      1296.51   2.7833780e+14
      1296.68   2.7816957e+14
      1296.85   2.7783234e+14
      1297.02   2.7752420e+14
      1297.19   2.7695409e+14
      1297.35   2.7615585e+14
      1297.52   2.7525699e+14
      1297.69   2.7469351e+14
      1297.86   2.7416083e+14
      1298.03   2.7437603e+14
      1298.19   2.7503898e+14
      1298.36   2.7594422e+14
      1298.53   2.7681630e+14
      1298.70   2.7763479e+14
      1298.87   2.7794689e+14
      1299.04   2.7796081e+14
      1299.21   2.7791960e+14
      1299.38   2.7783799e+14
      1299.55   2.7773020e+14
      1299.71   2.7759093e+14
      1299.88   2.7740125e+14
      1300.05   2.7718530e+14
      1300.22   2.7693658e+14
      1300.39   2.7676506e+14
      1300.56   2.7665434e+14
      1300.73   2.7667000e+14
      1300.90   2.7665767e+14
      1301.07   2.7647419e+14
      1301.24   2.7592897e+14
      1301.41   2.7535831e+14
      1301.57   2.7467324e+14
      1301.74   2.7416165e+14
      1301.91   2.7411485e+14
      1302.08   2.7435695e+14
      1302.25   2.7458162e+14
      1302.42   2.7473199e+14
      1302.59   2.7471081e+14
      1302.76   2.7399957e+14
      1302.93   2.7332361e+14
      1303.10   2.7266165e+14
      1303.27   2.7197022e+14
      1303.44   2.7167101e+14
      1303.61   2.7189088e+14
      1303.78   2.7207338e+14
      1303.95   2.7238592e+14
      1304.12   2.7302088e+14
      1304.29   2.7343277e+14
      1304.46   2.7399514e+14
      1304.63   2.7456355e+14
      1304.80   2.7501078e+14
      1304.97   2.7516161e+14
      1305.14   2.7530915e+14
      1305.31   2.7534655e+14
      1305.48   2.7530355e+14
      1305.65   2.7520530e+14
      1305.82   2.7531826e+14
      1305.99   2.7533789e+14
      1306.17   2.7535732e+14
      1306.34   2.7551701e+14
      1306.51   2.7564234e+14
      1306.68   2.7551395e+14
      1306.85   2.7517301e+14
      1307.02   2.7470627e+14
      1307.19   2.7415383e+14
      1307.36   2.7369518e+14
      1307.53   2.7349730e+14
      1307.70   2.7354951e+14
      1307.87   2.7366427e+14
      1308.04   2.7395093e+14
      1308.22   2.7420627e+14
      1308.39   2.7430072e+14
      1308.56   2.7432273e+14
      1308.73   2.7428016e+14
      1308.90   2.7420349e+14
      1309.07   2.7417075e+14
      1309.24   2.7425073e+14
      1309.42   2.7432563e+14
      1309.59   2.7430277e+14
      1309.76   2.7392994e+14
      1309.93   2.7346047e+14
      1310.10   2.7268637e+14
      1310.27   2.7202158e+14
      1310.44   2.7165263e+14
      1310.62   2.7164074e+14
      1310.79   2.7190208e+14
      1310.96   2.7253705e+14
      1311.13   2.7308286e+14
      1311.30   2.7341113e+14
      1311.47   2.7346151e+14
      1311.65   2.7308462e+14
      1311.82   2.7242429e+14
      1311.99   2.7060206e+14
      1312.16   2.6709255e+14
      1312.34   2.6416819e+14
      1312.51   2.6108577e+14
      1312.68   2.6004225e+14
      1312.85   2.6137650e+14
      1313.03   2.6462553e+14
      1313.20   2.6734204e+14
      1313.37   2.7004979e+14
      1313.54   2.7111176e+14
      1313.71   2.7092965e+14
      1313.89   2.7094085e+14
      1314.06   2.7129260e+14
      1314.23   2.7193309e+14
      1314.41   2.7205954e+14
      1314.58   2.7167309e+14
      1314.75   2.6999422e+14
      1314.92   2.6620919e+14
      1315.10   2.6272775e+14
      1315.27   2.5941424e+14
      1315.44   2.5795952e+14
      1315.62   2.5893204e+14
      1315.79   2.6221745e+14
      1315.96   2.6552051e+14
      1316.14   2.6898189e+14
      1316.31   2.7098090e+14
      1316.48   2.7149376e+14
      1316.66   2.7155350e+14
      1316.83   2.7150829e+14
      1317.00   2.7154154e+14
      1317.18   2.7172112e+14
      1317.35   2.7146366e+14
      1317.52   2.7044680e+14
      1317.70   2.6943634e+14
      1317.87   2.6807636e+14
      1318.04   2.6756761e+14
      1318.22   2.6795538e+14
      1318.39   2.6925457e+14
      1318.56   2.7037996e+14
      1318.74   2.7172895e+14
      1318.91   2.7222367e+14
      1319.09   2.7221113e+14
      1319.26   2.7210357e+14
      1319.44   2.7194684e+14
      1319.61   2.7180333e+14
      1319.78   2.7159487e+14
      1319.96   2.7130970e+14
      1320.13   2.7101448e+14
      1320.31   2.7064342e+14
      1320.48   2.7032959e+14
      1320.66   2.6995499e+14
      1320.83   2.6974251e+14
      1321.00   2.6935330e+14
      1321.18   2.6923047e+14
      1321.35   2.6903331e+14
      1321.53   2.6906362e+14
      1321.70   2.6916828e+14
      1321.88   2.6954201e+14
      1322.05   2.6973746e+14
      1322.23   2.7002283e+14
      1322.40   2.7018355e+14
      1322.58   2.7020066e+14
      1322.75   2.7016114e+14
      1322.93   2.7009500e+14
      1323.10   2.6987156e+14
      1323.28   2.6974404e+14
      1323.45   2.6970995e+14
      1323.63   2.6980224e+14
      1323.80   2.7002454e+14
      1323.98   2.7038819e+14
      1324.15   2.7068545e+14
      1324.33   2.7086591e+14
      1324.50   2.7087770e+14
      1324.68   2.7062089e+14
      1324.85   2.7019372e+14
      1325.03   2.6976265e+14
      1325.20   2.6931788e+14
      1325.38   2.6916545e+14
      1325.56   2.6921456e+14
      1325.73   2.6936090e+14
      1325.91   2.6921641e+14
      1326.08   2.6906185e+14
      1326.26   2.6828026e+14
      1326.44   2.6754453e+14
      1326.61   2.6694350e+14
      1326.79   2.6670302e+14
      1326.96   2.6684328e+14
      1327.14   2.6750675e+14
      1327.32   2.6822720e+14
      1327.49   2.6885624e+14
      1327.67   2.6928447e+14
      1327.84   2.6915640e+14
      1328.02   2.6852011e+14
      1328.20   2.6780429e+14
      1328.37   2.6643196e+14
      1328.55   2.6425279e+14
      1328.73   2.6271637e+14
      1328.90   2.6126873e+14
      1329.08   2.6065291e+14
      1329.26   2.6095333e+14
      1329.43   2.6242446e+14
      1329.61   2.6327927e+14
      1329.79   2.6488499e+14
      1329.96   2.6586238e+14
      1330.14   2.6662907e+14
      1330.32   2.6722650e+14
      1330.49   2.6796676e+14
      1330.67   2.6809353e+14
      1330.85   2.6796571e+14
      1331.03   2.6782176e+14
      1331.20   2.6777025e+14
      1331.38   2.6747829e+14
      1331.56   2.6639562e+14
      1331.73   2.6461067e+14
      1331.91   2.6285692e+14
      1332.09   2.6135267e+14
      1332.27   2.6117229e+14
      1332.44   2.6238433e+14
      1332.62   2.6438324e+14
      1332.80   2.6633482e+14
      1332.98   2.6796295e+14
      1333.16   2.6853972e+14
      1333.33   2.6869891e+14
      1333.51   2.6866496e+14
      1333.69   2.6870215e+14
      1333.87   2.6864870e+14
      1334.05   2.6862412e+14
      1334.22   2.6860153e+14
      1334.40   2.6867230e+14
      1334.58   2.6867991e+14
      1334.76   2.6872718e+14
      1334.94   2.6843505e+14
      1335.11   2.6760727e+14
      1335.29   2.6686514e+14
      1335.47   2.6602259e+14
      1335.65   2.6572315e+14
      1335.83   2.6600628e+14
      1336.01   2.6688118e+14
      1336.18   2.6759640e+14
      1336.36   2.6841053e+14
      1336.54   2.6854943e+14
      1336.72   2.6823544e+14
      1336.90   2.6768152e+14
      1337.08   2.6717951e+14
      1337.26   2.6669281e+14
      1337.44   2.6646862e+14
      1337.61   2.6634871e+14
      1337.79   2.6637963e+14
      1337.97   2.6635604e+14
      1338.15   2.6623535e+14
      1338.33   2.6606139e+14
      1338.51   2.6578971e+14
      1338.69   2.6517890e+14
      1338.87   2.6424772e+14
      1339.05   2.6262547e+14
      1339.23   2.6114755e+14
      1339.41   2.5990052e+14
      1339.58   2.5973311e+14
      1339.76   2.6049969e+14
      1339.94   2.6221722e+14
      1340.12   2.6392219e+14
      1340.30   2.6551170e+14
      1340.48   2.6633902e+14
      1340.66   2.6639552e+14
      1340.84   2.6623688e+14
      1341.02   2.6588508e+14
      1341.20   2.6551698e+14
      1341.38   2.6514402e+14
      1341.56   2.6506208e+14
      1341.74   2.6497943e+14
      1341.92   2.6507107e+14
      1342.10   2.6532221e+14
      1342.28   2.6558147e+14
      1342.46   2.6564685e+14
      1342.64   2.6582577e+14
      1342.82   2.6566486e+14
      1343.00   2.6530832e+14
      1343.18   2.6511394e+14
      1343.36   2.6501303e+14
      1343.54   2.6505327e+14
      1343.72   2.6537176e+14
      1343.91   2.6575172e+14
      1344.09   2.6604601e+14
      1344.27   2.6636338e+14
      1344.45   2.6651548e+14
      1344.63   2.6649856e+14
      1344.81   2.6631233e+14
      1344.99   2.6603533e+14
      1345.17   2.6554153e+14
      1345.35   2.6513427e+14
      1345.53   2.6464694e+14
      1345.71   2.6419677e+14
      1345.90   2.6377897e+14
      1346.08   2.6359014e+14
      1346.26   2.6346763e+14
      1346.44   2.6374660e+14
      1346.62   2.6420309e+14
      1346.80   2.6470986e+14
      1346.98   2.6512609e+14
      1347.16   2.6525191e+14
      1347.35   2.6512629e+14
      1347.53   2.6489462e+14
      1347.71   2.6478113e+14
      1347.89   2.6479655e+14
      1348.07   2.6498278e+14
      1348.25   2.6515094e+14
      1348.44   2.6517996e+14
      1348.62   2.6490683e+14
      1348.80   2.6458470e+14
      1348.98   2.6421881e+14
      1349.16   2.6384304e+14
      1349.35   2.6322983e+14
      1349.53   2.6278838e+14
      1349.71   2.6207908e+14
      1349.89   2.6144635e+14
      1350.07   2.6074680e+14
      1350.26   2.6062650e+14
      1350.44   2.6059160e+14
      1350.62   2.6118704e+14
      1350.80   2.6165363e+14
      1350.99   2.6232624e+14
      1351.17   2.6277946e+14
      1351.35   2.6342175e+14
      1351.53   2.6379906e+14
      1351.72   2.6420296e+14
      1351.90   2.6447404e+14
      1352.08   2.6473858e+14
      1352.27   2.6471928e+14
      1352.45   2.6456037e+14
      1352.63   2.6435303e+14
      1352.81   2.6418719e+14
      1353.00   2.6400220e+14
      1353.18   2.6379877e+14
      1353.36   2.6353941e+14
      1353.55   2.6334333e+14
      1353.73   2.6317308e+14
      1353.91   2.6318430e+14
      1354.10   2.6328327e+14
      1354.28   2.6320995e+14
      1354.46   2.6251173e+14
      1354.65   2.6185697e+14
      1354.83   2.6073838e+14
      1355.01   2.5958812e+14
      1355.20   2.5909438e+14
      1355.38   2.5909608e+14
      1355.56   2.5932780e+14
      1355.75   2.6002903e+14
      1355.93   2.6062613e+14
      1356.12   2.6031465e+14
      1356.30   2.5943767e+14
      1356.48   2.5848187e+14
      1356.67   2.5727038e+14
      1356.85   2.5696028e+14
      1357.04   2.5762642e+14
      1357.22   2.5889542e+14
      1357.41   2.5980275e+14
      1357.59   2.6100879e+14
      1357.77   2.6130804e+14
      1357.96   2.6136895e+14
      1358.14   2.6160813e+14
      1358.33   2.6198367e+14
      1358.51   2.6215593e+14
      1358.70   2.6216223e+14
      1358.88   2.6169554e+14
      1359.06   2.6041056e+14
      1359.25   2.5944961e+14
      1359.43   2.5830066e+14
      1359.62   2.5789978e+14
      1359.80   2.5769181e+14
      1359.99   2.5840955e+14
      1360.17   2.5878574e+14
      1360.36   2.5973255e+14
      1360.54   2.6034668e+14
      1360.73   2.6115075e+14
      1360.92   2.6171201e+14
      1361.10   2.6221491e+14
      1361.29   2.6232667e+14
      1361.47   2.6226222e+14
      1361.66   2.6213009e+14
      1361.84   2.6190035e+14
      1362.03   2.6154799e+14
      1362.21   2.6060896e+14
      1362.40   2.5925622e+14
      1362.58   2.5783158e+14
      1362.77   2.5671342e+14
      1362.95   2.5631957e+14
      1363.14   2.5697224e+14
      1363.33   2.5801427e+14
      1363.51   2.5908794e+14
      1363.70   2.5996574e+14
      1363.88   2.6018664e+14
      1364.07   2.5965276e+14
      1364.26   2.5939903e+14
      1364.44   2.5905127e+14
      1364.63   2.5913399e+14
      1364.81   2.5952390e+14
      1365.00   2.6017436e+14
      1365.19   2.6055782e+14
      1365.37   2.6098240e+14
      1365.56   2.6089441e+14
      1365.75   2.6043005e+14
      1365.93   2.6004895e+14
      1366.12   2.5962631e+14
      1366.31   2.5938808e+14
      1366.49   2.5883469e+14
      1366.68   2.5826510e+14
      1366.87   2.5772992e+14
      1367.05   2.5747819e+14
      1367.24   2.5757329e+14
      1367.43   2.5804777e+14
      1367.61   2.5882673e+14
      1367.80   2.5936900e+14
      1367.99   2.5959938e+14
      1368.18   2.5874976e+14
      1368.36   2.5785163e+14
      1368.55   2.5635469e+14
      1368.74   2.5575367e+14
      1368.93   2.5533100e+14
      1369.11   2.5567765e+14
      1369.30   2.5618554e+14
      1369.49   2.5674751e+14
      1369.68   2.5643848e+14
      1369.86   2.5619438e+14
      1370.05   2.5581638e+14
      1370.24   2.5568644e+14
      1370.43   2.5601270e+14
      1370.61   2.5643567e+14
      1370.80   2.5624724e+14
      1370.99   2.5625134e+14
      1371.18   2.5594201e+14
      1371.37   2.5605240e+14
      1371.55   2.5660197e+14
      1371.74   2.5769314e+14
      1371.93   2.5855875e+14
      1372.12   2.5933428e+14
      1372.31   2.5974500e+14
      1372.49   2.5968732e+14
      1372.68   2.5944868e+14
      1372.87   2.5927823e+14
      1373.06   2.5905194e+14
      1373.25   2.5904867e+14
      1373.44   2.5911614e+14
      1373.63   2.5937082e+14
      1373.81   2.5942172e+14
      1374.00   2.5904858e+14
      1374.19   2.5798275e+14
      1374.38   2.5688892e+14
      1374.57   2.5586865e+14
      1374.76   2.5553424e+14
      1374.95   2.5575766e+14
      1375.14   2.5627623e+14
      1375.33   2.5598740e+14
      1375.52   2.5570401e+14
      1375.70   2.5432892e+14
      1375.89   2.5356517e+14
      1376.08   2.5293643e+14
      1376.27   2.5329614e+14
      1376.46   2.5373983e+14
      1376.65   2.5487895e+14
      1376.84   2.5570438e+14
      1377.03   2.5663383e+14
      1377.22   2.5728011e+14
      1377.41   2.5727173e+14
      1377.60   2.5698469e+14
      1377.79   2.5637642e+14
      1377.98   2.5593029e+14
      1378.17   2.5599957e+14
      1378.36   2.5661641e+14
      1378.55   2.5741595e+14
      1378.74   2.5819417e+14
      1378.93   2.5870880e+14
      1379.12   2.5870485e+14
      1379.31   2.5844120e+14
      1379.50   2.5779146e+14
      1379.69   2.5729004e+14
      1379.88   2.5678564e+14
      1380.07   2.5664749e+14
      1380.26   2.5665431e+14
      1380.45   2.5707904e+14
      1380.64   2.5729655e+14
      1380.83   2.5758382e+14
      1381.03   2.5764169e+14
      1381.21   2.5744765e+14
      1381.41   2.5670846e+14
      1381.60   2.5598995e+14
      1381.79   2.5493516e+14
      1381.98   2.5419390e+14
      1382.17   2.5371203e+14
      1382.36   2.5386189e+14
      1382.55   2.5415034e+14
      1382.74   2.5482247e+14
      1382.94   2.5504027e+14
      1383.13   2.5535123e+14
      1383.32   2.5549096e+14
      1383.51   2.5586843e+14
      1383.70   2.5629664e+14
      1383.89   2.5680443e+14
      1384.08   2.5706514e+14
      1384.28   2.5725342e+14
      1384.47   2.5674731e+14
      1384.66   2.5612132e+14
      1384.85   2.5518418e+14
      1385.04   2.5459686e+14
      1385.23   2.5427556e+14
      1385.43   2.5456123e+14
      1385.62   2.5508621e+14
      1385.81   2.5602370e+14
      1386.00   2.5648345e+14
      1386.19   2.5621119e+14
      1386.39   2.5581967e+14
      1386.58   2.5499991e+14
      1386.77   2.5459046e+14
      1386.96   2.5444015e+14
      1387.16   2.5477709e+14
      1387.35   2.5498696e+14
      1387.54   2.5539757e+14
      1387.73   2.5552026e+14
      1387.93   2.5559915e+14
      1388.12   2.5584296e+14
      1388.31   2.5614257e+14
      1388.50   2.5641517e+14
      1388.70   2.5654872e+14
      1388.89   2.5667876e+14
      1389.08   2.5667669e+14
      1389.28   2.5617379e+14
      1389.47   2.5489492e+14
      1389.66   2.5366883e+14
      1389.85   2.5239483e+14
      1390.05   2.5197219e+14
      1390.24   2.5234053e+14
      1390.43   2.5345924e+14
      1390.63   2.5446344e+14
      1390.82   2.5552412e+14
      1391.01   2.5584952e+14
      1391.21   2.5591744e+14
      1391.40   2.5598518e+14
      1391.59   2.5596693e+14
      1391.79   2.5586719e+14
      1391.98   2.5555387e+14
      1392.18   2.5507922e+14
      1392.37   2.5464299e+14
      1392.56   2.5440994e+14
      1392.76   2.5429954e+14
      1392.95   2.5439597e+14
      1393.15   2.5455555e+14
      1393.34   2.5458538e+14
      1393.53   2.5428126e+14
      1393.73   2.5373493e+14
      1393.92   2.5311547e+14
      1394.12   2.5271640e+14
      1394.31   2.5281125e+14
      1394.51   2.5319272e+14
      1394.70   2.5319354e+14
      1394.90   2.5305548e+14
      1395.09   2.5261584e+14
      1395.28   2.5217699e+14
      1395.48   2.5218763e+14
      1395.67   2.5281995e+14
      1395.87   2.5349624e+14
      1396.06   2.5423171e+14
      1396.26   2.5445493e+14
      1396.45   2.5433718e+14
      1396.65   2.5412869e+14
      1396.84   2.5418528e+14
      1397.04   2.5426858e+14
      1397.23   2.5450686e+14
      1397.43   2.5465494e+14
      1397.62   2.5472637e+14
      1397.82   2.5467606e+14
      1398.02   2.5455620e+14
      1398.21   2.5445513e+14
      1398.41   2.5429086e+14
      1398.60   2.5426785e+14
      1398.80   2.5424716e+14
      1398.99   2.5422995e+14
      1399.19   2.5385046e+14
      1399.38   2.5242688e+14
      1399.58   2.5063999e+14
      1399.78   2.4873775e+14
      1399.97   2.4733328e+14
      1400.17   2.4717966e+14
      1400.36   2.4789746e+14
      1400.56   2.4829179e+14
      1400.76   2.4914812e+14
      1400.95   2.4926216e+14
      1401.15   2.4941697e+14
      1401.34   2.5004731e+14
      1401.54   2.5107107e+14
      1401.74   2.5178087e+14
      1401.94   2.5267668e+14
      1402.13   2.5275646e+14
      1402.33   2.5251379e+14
      1402.53   2.5193422e+14
      1402.72   2.5130769e+14
      1402.92   2.5033151e+14
      1403.11   2.4985522e+14
      1403.31   2.4951089e+14
      1403.51   2.5001161e+14
      1403.71   2.5026508e+14
      1403.90   2.5098085e+14
      1404.10   2.5102526e+14
      1404.30   2.5111988e+14
      1404.49   2.5050032e+14
      1404.69   2.5042249e+14
      1404.89   2.5013577e+14
      1405.09   2.5058540e+14
      1405.28   2.5117117e+14
      1405.48   2.5197130e+14
      1405.68   2.5207403e+14
      1405.88   2.5214051e+14
      1406.07   2.5141997e+14
      1406.27   2.5065885e+14
      1406.47   2.5031602e+14
      1406.67   2.5047731e+14
      1406.86   2.5080352e+14
      1407.06   2.5107472e+14
      1407.26   2.5127654e+14
      1407.46   2.5111208e+14
      1407.66   2.5109868e+14
      1407.86   2.5091070e+14
      1408.05   2.5101190e+14
      1408.25   2.5093375e+14
      1408.45   2.5112736e+14
      1408.65   2.5125697e+14
      1408.85   2.5153645e+14
      1409.05   2.5176262e+14
      1409.24   2.5207631e+14
      1409.44   2.5216563e+14
      1409.64   2.5198049e+14
      1409.84   2.5174491e+14
      1410.04   2.5137984e+14
      1410.24   2.5100352e+14
      1410.44   2.5089905e+14
      1410.64   2.5080872e+14
      1410.83   2.5029359e+14
      1411.03   2.4831840e+14
      1411.23   2.4651744e+14
      1411.43   2.4389747e+14
      1411.63   2.4275915e+14
      1411.83   2.4269528e+14
      1412.03   2.4435127e+14
      1412.23   2.4585822e+14
      1412.43   2.4728735e+14
      1412.63   2.4723348e+14
      1412.83   2.4656765e+14
      1413.03   2.4626535e+14
      1413.23   2.4642119e+14
      1413.43   2.4738758e+14
      1413.63   2.4825514e+14
      1413.83   2.4915158e+14
      1414.03   2.4903803e+14
      1414.23   2.4874719e+14
      1414.43   2.4828386e+14
      1414.63   2.4847995e+14
      1414.83   2.4887981e+14
      1415.03   2.4980783e+14
      1415.23   2.5044027e+14
      1415.43   2.5079849e+14
      1415.63   2.5013563e+14
      1415.83   2.4925285e+14
      1416.03   2.4822796e+14
      1416.23   2.4772625e+14
      1416.43   2.4778711e+14
      1416.63   2.4842266e+14
      1416.83   2.4915628e+14
      1417.03   2.4994928e+14
      1417.23   2.5034510e+14
      1417.43   2.5049746e+14
      1417.64   2.5064933e+14
      1417.84   2.5054140e+14
      1418.04   2.5008070e+14
      1418.24   2.4952795e+14
      1418.44   2.4888201e+14
      1418.64   2.4824159e+14
      1418.84   2.4795460e+14
      1419.04   2.4793342e+14
      1419.24   2.4790424e+14
      1419.45   2.4748697e+14
      1419.65   2.4730202e+14
      1419.85   2.4664434e+14
      1420.05   2.4692110e+14
      1420.25   2.4725296e+14
      1420.45   2.4822265e+14
      1420.66   2.4887309e+14
      1420.86   2.4921321e+14
      1421.06   2.4753725e+14
      1421.26   2.4599814e+14
      1421.46   2.4421172e+14
      1421.67   2.4360867e+14
      1421.87   2.4354091e+14
      1422.07   2.4442197e+14
      1422.27   2.4384154e+14
      1422.47   2.4415049e+14
      1422.68   2.4328119e+14
      1422.88   2.4360745e+14
      1423.08   2.4440795e+14
      1423.29   2.4586451e+14
      1423.49   2.4545164e+14
      1423.69   2.4523341e+14
      1423.89   2.4386755e+14
      1424.10   2.4338248e+14
      1424.30   2.4389185e+14
      1424.50   2.4541176e+14
      1424.70   2.4663385e+14
      1424.91   2.4695593e+14
      1425.11   2.4586893e+14
      1425.31   2.4418616e+14
      1425.52   2.4287879e+14
      1425.72   2.4138730e+14
      1425.92   2.4105192e+14
      1426.13   2.4095715e+14
      1426.33   2.4185603e+14
      1426.53   2.4293063e+14
      1426.74   2.4339904e+14
      1426.94   2.4357679e+14
      1427.14   2.4314725e+14
      1427.35   2.4289956e+14
      1427.55   2.4270645e+14
      1427.76   2.4399839e+14
      1427.96   2.4529198e+14
      1428.16   2.4658539e+14
      1428.37   2.4584325e+14
      1428.57   2.4483836e+14
      1428.78   2.4304566e+14
      1428.98   2.4106161e+14
      1429.18   2.3961232e+14
      1429.39   2.3905139e+14
      1429.59   2.3897703e+14
      1429.80   2.4020469e+14
      1430.00   2.4195828e+14
      1430.21   2.4381840e+14
      1430.41   2.4533765e+14
      1430.61   2.4522502e+14
      1430.82   2.4408666e+14
      1431.03   2.4270233e+14
      1431.23   2.4243936e+14
      1431.43   2.4302832e+14
      1431.64   2.4464387e+14
      1431.84   2.4631178e+14
      1432.05   2.4791957e+14
      1432.25   2.4849593e+14
      1432.46   2.4862382e+14
      1432.67   2.4861487e+14
      1432.87   2.4818949e+14
      1433.07   2.4708498e+14
      1433.28   2.4582304e+14
      1433.49   2.4449126e+14
      1433.69   2.4393090e+14
      1433.90   2.4396218e+14
      1434.10   2.4453587e+14
      1434.31   2.4523900e+14
      1434.51   2.4586774e+14
      1434.72   2.4605184e+14
      1434.93   2.4599904e+14
      1435.13   2.4604232e+14
      1435.34   2.4613041e+14
      1435.54   2.4634641e+14
      1435.75   2.4604493e+14
      1435.96   2.4572527e+14
      1436.16   2.4550472e+14
      1436.37   2.4545029e+14
      1436.57   2.4579143e+14
      1436.78   2.4618059e+14
      1436.99   2.4656750e+14
      1437.19   2.4687655e+14
      1437.40   2.4690108e+14
      1437.61   2.4626353e+14
      1437.81   2.4595206e+14
      1438.02   2.4557551e+14
      1438.23   2.4576220e+14
      1438.44   2.4599746e+14
      1438.64   2.4663909e+14
      1438.85   2.4692234e+14
      1439.06   2.4729404e+14
      1439.26   2.4693975e+14
      1439.47   2.4547508e+14
      1439.68   2.4275164e+14
      1439.89   2.3828841e+14
      1440.09   2.3417611e+14
      1440.30   2.3089453e+14
      1440.51   2.3069344e+14
      1440.71   2.3280709e+14
      1440.92   2.3717013e+14
      1441.13   2.4119356e+14
      1441.34   2.4430090e+14
      1441.55   2.4425251e+14
      1441.75   2.4212390e+14
      1441.96   2.3956050e+14
      1442.17   2.3715610e+14
      1442.38   2.3617360e+14
      1442.58   2.3640958e+14
      1442.79   2.3786527e+14
      1443.00   2.3959526e+14
      1443.21   2.4142982e+14
      1443.42   2.4223785e+14
      1443.63   2.4233382e+14
      1443.83   2.4200327e+14
      1444.04   2.4033180e+14
      1444.25   2.3925549e+14
      1444.46   2.3821745e+14
      1444.67   2.3898056e+14
      1444.88   2.4035005e+14
      1445.09   2.4277925e+14
      1445.30   2.4413363e+14
      1445.50   2.4506395e+14
      1445.71   2.4471944e+14
      1445.92   2.4366793e+14
      1446.13   2.4263594e+14
      1446.34   2.4131002e+14
      1446.55   2.4069237e+14
      1446.76   2.4028208e+14
      1446.97   2.4068924e+14
      1447.18   2.4127557e+14
      1447.39   2.4217908e+14
      1447.60   2.4274991e+14
      1447.81   2.4337337e+14
      1448.02   2.4359003e+14
      1448.23   2.4355317e+14
      1448.44   2.4358850e+14
      1448.65   2.4339114e+14
      1448.85   2.4327672e+14
      1449.06   2.4329227e+14
      1449.28   2.4351070e+14
      1449.48   2.4318835e+14
      1449.70   2.4297197e+14
      1449.91   2.4176033e+14
      1450.12   2.4049650e+14
      1450.33   2.3947328e+14
      1450.54   2.3917654e+14
      1450.75   2.3899715e+14
      1450.96   2.3810708e+14
      1451.17   2.3747082e+14
      1451.38   2.3624702e+14
      1451.59   2.3655819e+14
      1451.80   2.3719123e+14
      1452.01   2.3904380e+14
      1452.22   2.4004661e+14
      1452.43   2.4134657e+14
      1452.64   2.4101888e+14
      1452.85   2.4050525e+14
      1453.07   2.4023730e+14
      1453.28   2.4005998e+14
      1453.49   2.3983725e+14
      1453.70   2.3961091e+14
      1453.91   2.3857624e+14
      1454.12   2.3742700e+14
      1454.33   2.3668325e+14
      1454.55   2.3635087e+14
      1454.76   2.3689490e+14
      1454.97   2.3790809e+14
      1455.18   2.3782099e+14
      1455.39   2.3766875e+14
      1455.60   2.3690014e+14
      1455.82   2.3635782e+14
      1456.03   2.3673015e+14
      1456.24   2.3794135e+14
      1456.45   2.3855311e+14
      1456.66   2.3932780e+14
      1456.88   2.3904575e+14
      1457.09   2.3876084e+14
      1457.30   2.3899960e+14
      1457.51   2.3967424e+14
      1457.73   2.4053350e+14
      1457.94   2.4132970e+14
      1458.15   2.4176362e+14
      1458.36   2.4205300e+14
      1458.58   2.4254792e+14
      1458.79   2.4267442e+14
      1459.00   2.4238005e+14
      1459.21   2.4174175e+14
      1459.43   2.4091958e+14
      1459.64   2.4045282e+14
      1459.85   2.4013659e+14
      1460.07   2.3988864e+14
      1460.28   2.3977808e+14
      1460.49   2.3971544e+14
      1460.71   2.3968569e+14
      1460.92   2.3979865e+14
      1461.13   2.4010449e+14
      1461.35   2.3979004e+14
      1461.56   2.3941236e+14
      1461.78   2.3859150e+14
      1461.99   2.3793215e+14
      1462.20   2.3729116e+14
      1462.42   2.3734871e+14
      1462.63   2.3692981e+14
      1462.84   2.3693575e+14
      1463.06   2.3670594e+14
      1463.27   2.3657408e+14
      1463.49   2.3610836e+14
      1463.70   2.3651576e+14
      1463.92   2.3662938e+14
      1464.13   2.3745271e+14
      1464.34   2.3847240e+14
      1464.56   2.3953162e+14
      1464.77   2.3968017e+14
      1464.99   2.3875872e+14
      1465.20   2.3721951e+14
      1465.42   2.3531077e+14
      1465.63   2.3468782e+14
      1465.85   2.3506319e+14
      1466.06   2.3670236e+14
      1466.28   2.3825931e+14
      1466.49   2.3994811e+14
      1466.71   2.4045002e+14
      1466.92   2.4037815e+14
      1467.14   2.3982835e+14
      1467.35   2.3856914e+14
      1467.57   2.3753065e+14
      1467.78   2.3656043e+14
      1468.00   2.3632474e+14
      1468.21   2.3661732e+14
      1468.43   2.3744836e+14
      1468.65   2.3832031e+14
      1468.86   2.3914280e+14
      1469.08   2.3963064e+14
      1469.29   2.3988925e+14
      1469.51   2.4005844e+14
      1469.72   2.3938780e+14
      1469.94   2.3820626e+14
      1470.16   2.3615839e+14
      1470.37   2.3451628e+14
      1470.59   2.3332095e+14
      1470.81   2.3333909e+14
      1471.02   2.3414210e+14
      1471.24   2.3559350e+14
      1471.45   2.3643648e+14
      1471.67   2.3637933e+14
      1471.89   2.3593988e+14
      1472.10   2.3475395e+14
      1472.32   2.3444073e+14
      1472.54   2.3390147e+14
      1472.75   2.3438530e+14
      1472.97   2.3435755e+14
      1473.19   2.3377943e+14
      1473.41   2.3218855e+14
      1473.62   2.3039610e+14
      1473.84   2.2928730e+14
      1474.06   2.2941549e+14
      1474.27   2.3111863e+14
      1474.49   2.3280218e+14
      1474.71   2.3388352e+14
      1474.93   2.3385484e+14
      1475.14   2.3259119e+14
      1475.36   2.3194277e+14
      1475.58   2.3178167e+14
      1475.80   2.3241256e+14
      1476.02   2.3331045e+14
      1476.23   2.3437283e+14
      1476.45   2.3453012e+14
      1476.67   2.3410305e+14
      1476.89   2.3325425e+14
      1477.10   2.3262830e+14
      1477.32   2.3238002e+14
      1477.54   2.3260848e+14
      1477.76   2.3255815e+14
      1477.98   2.3270111e+14
      1478.20   2.3245128e+14
      1478.42   2.3254141e+14
      1478.63   2.3286098e+14
      1478.85   2.3394890e+14
      1479.07   2.3558980e+14
      1479.29   2.3704204e+14
      1479.51   2.3764399e+14
      1479.73   2.3750634e+14
      1479.95   2.3669431e+14
      1480.17   2.3584251e+14
      1480.39   2.3467370e+14
      1480.60   2.3407403e+14
      1480.82   2.3338920e+14
      1481.04   2.3360879e+14
      1481.26   2.3363142e+14
      1481.48   2.3437008e+14
      1481.70   2.3488908e+14
      1481.92   2.3560217e+14
      1482.14   2.3557581e+14
      1482.36   2.3445321e+14
      1482.58   2.3349298e+14
      1482.80   2.3205763e+14
      1483.02   2.3109595e+14
      1483.24   2.3053186e+14
      1483.46   2.3134799e+14
      1483.68   2.3204499e+14
      1483.90   2.3369685e+14
      1484.12   2.3457429e+14
      1484.34   2.3555588e+14
      1484.56   2.3657306e+14
      1484.78   2.3727339e+14
      1485.00   2.3713951e+14
      1485.22   2.3694521e+14
      1485.44   2.3634994e+14
      1485.66   2.3577677e+14
      1485.88   2.3460961e+14
      1486.10   2.3391716e+14
      1486.33   2.3307189e+14
      1486.55   2.3304212e+14
      1486.77   2.3288208e+14
      1486.99   2.3262993e+14
      1487.21   2.3082921e+14
      1487.43   2.2558910e+14
      1487.65   2.1853278e+14
      1487.87   2.1158888e+14
      1488.09   2.0824663e+14
      1488.32   2.0932980e+14
      1488.54   2.1534747e+14
      1488.76   2.2273276e+14
      1488.98   2.3019207e+14
      1489.20   2.3461114e+14
      1489.43   2.3581600e+14
      1489.65   2.3540345e+14
      1489.87   2.3487002e+14
      1490.09   2.3423736e+14
      1490.31   2.3415678e+14
      1490.54   2.3430128e+14
      1490.76   2.3464171e+14
      1490.98   2.3456561e+14
      1491.20   2.3452795e+14
      1491.42   2.3374668e+14
      1491.65   2.3294056e+14
      1491.87   2.3256517e+14
      1492.09   2.3262253e+14
      1492.31   2.3312318e+14
      1492.54   2.3395596e+14
      1492.76   2.3463953e+14
      1492.98   2.3490535e+14
      1493.21   2.3517273e+14
      1493.43   2.3497399e+14
      1493.65   2.3493840e+14
      1493.88   2.3517052e+14
      1494.10   2.3560206e+14
      1494.32   2.3592402e+14
      1494.55   2.3595472e+14
      1494.77   2.3532237e+14
      1494.99   2.3458085e+14
      1495.21   2.3332779e+14
      1495.44   2.3134115e+14
      1495.66   2.2974849e+14
      1495.89   2.2783739e+14
      1496.11   2.2725833e+14
      1496.33   2.2734962e+14
      1496.56   2.2865778e+14
      1496.78   2.2943957e+14
      1497.01   2.3109363e+14
      1497.23   2.3122621e+14
      1497.45   2.3174708e+14
      1497.68   2.3202237e+14
      1497.90   2.3269200e+14
      1498.13   2.3290923e+14
      1498.35   2.3237082e+14
      1498.58   2.3151442e+14
      1498.80   2.3050017e+14
      1499.03   2.3043129e+14
      1499.25   2.3096231e+14
      1499.47   2.3219725e+14
      1499.70   2.3308598e+14
      1499.93   2.3393497e+14
      1500.15   2.3377435e+14
      1500.38   2.3351095e+14
      1500.60   2.3334264e+14
      1500.82   2.3318787e+14
      1501.05   2.3321611e+14
      1501.28   2.3317239e+14
      1501.50   2.3286947e+14
      1501.73   2.3242268e+14
      1501.95   2.3067672e+14
      1502.18   2.2545714e+14
      1502.40   2.1981936e+14
      1502.63   2.1407703e+14
      1502.85   2.1154030e+14
      1503.08   2.1246970e+14
      1503.31   2.1691957e+14
      1503.53   2.2093626e+14
      1503.76   2.2211124e+14
      1503.98   2.2075822e+14
      1504.21   2.1636197e+14
      1504.44   2.1266183e+14
      1504.66   2.1086583e+14
      1504.89   2.1048552e+14
      1505.12   2.1126361e+14
      1505.34   2.1352450e+14
      1505.57   2.1543209e+14
      1505.80   2.1767367e+14
      1506.02   2.2152204e+14
      1506.25   2.2418925e+14
      1506.48   2.2644542e+14
      1506.70   2.2807339e+14
      1506.93   2.2879747e+14
      1507.16   2.2968416e+14
      1507.39   2.2955410e+14
      1507.61   2.2918188e+14
      1507.84   2.2787209e+14
      1508.07   2.2589057e+14
      1508.30   2.2419032e+14
      1508.52   2.2342735e+14
      1508.75   2.2392834e+14
      1508.98   2.2563578e+14
      1509.21   2.2766452e+14
      1509.43   2.2927662e+14
      1509.66   2.3052970e+14
      1509.89   2.3072116e+14
      1510.12   2.3073627e+14
      1510.35   2.3076278e+14
      1510.57   2.3100300e+14
      1510.80   2.3117636e+14
      1511.03   2.3139098e+14
      1511.26   2.3127224e+14
      1511.49   2.3064816e+14
      1511.72   2.2935649e+14
      1511.94   2.2739976e+14
      1512.17   2.2591613e+14
      1512.40   2.2486605e+14
      1512.63   2.2508048e+14
      1512.86   2.2539792e+14
      1513.09   2.2609254e+14
      1513.32   2.2592485e+14
      1513.55   2.2575331e+14
      1513.78   2.2516251e+14
      1514.01   2.2520360e+14
      1514.23   2.2539626e+14
      1514.46   2.2617150e+14
      1514.69   2.2678395e+14
      1514.92   2.2726521e+14
      1515.15   2.2765581e+14
      1515.38   2.2781856e+14
      1515.61   2.2747009e+14
      1515.84   2.2708411e+14
      1516.07   2.2604444e+14
      1516.30   2.2541154e+14
      1516.53   2.2474556e+14
      1516.76   2.2491025e+14
      1516.99   2.2512310e+14
      1517.22   2.2628167e+14
      1517.45   2.2695791e+14
      1517.68   2.2801699e+14
      1517.91   2.2842677e+14
      1518.14   2.2836291e+14
      1518.37   2.2746178e+14
      1518.60   2.2657659e+14
      1518.83   2.2580948e+14
      1519.06   2.2566256e+14
      1519.30   2.2608394e+14
      1519.53   2.2683744e+14
      1519.76   2.2728816e+14
      1519.99   2.2774437e+14
      1520.22   2.2728298e+14
      1520.45   2.2566475e+14
      1520.68   2.2449778e+14
      1520.91   2.2320636e+14
      1521.14   2.2293636e+14
      1521.38   2.2284915e+14
      1521.61   2.2267017e+14
      1521.84   2.2226031e+14
      1522.07   2.2219916e+14
      1522.30   2.2219088e+14
      1522.53   2.2255512e+14
      1522.77   2.2378720e+14
      1523.00   2.2458659e+14
      1523.23   2.2540077e+14
      1523.46   2.2533770e+14
      1523.69   2.2540501e+14
      1523.93   2.2539730e+14
      1524.16   2.2440028e+14
      1524.39   2.2355336e+14
      1524.62   2.2225498e+14
      1524.85   2.2189880e+14
      1525.09   2.2218840e+14
      1525.32   2.2381575e+14
      1525.55   2.2531929e+14
      1525.79   2.2694161e+14
      1526.02   2.2689790e+14
      1526.25   2.2636237e+14
      1526.48   2.2567976e+14
      1526.72   2.2534847e+14
      1526.95   2.2525757e+14
      1527.18   2.2573945e+14
      1527.42   2.2623304e+14
      1527.65   2.2664917e+14
      1527.88   2.2667068e+14
      1528.12   2.2640982e+14
      1528.35   2.2606742e+14
      1528.58   2.2568556e+14
      1528.82   2.2524979e+14
      1529.05   2.2368222e+14
      1529.29   2.2109552e+14
      1529.52   2.1785421e+14
      1529.75   2.1510482e+14
      1529.99   2.1394913e+14
      1530.22   2.1484473e+14
      1530.46   2.1734105e+14
      1530.69   2.2048392e+14
      1530.93   2.2330650e+14
      1531.16   2.2474137e+14
      1531.39   2.2521227e+14
      1531.63   2.2516879e+14
      1531.86   2.2465654e+14
      1532.10   2.2399121e+14
      1532.33   2.2339371e+14
      1532.57   2.2291949e+14
      1532.80   2.2282171e+14
      1533.04   2.2287286e+14
      1533.27   2.2202311e+14
      1533.51   2.2140706e+14
      1533.74   2.2031588e+14
      1533.98   2.1941297e+14
      1534.21   2.1895841e+14
      1534.45   2.1929249e+14
      1534.68   2.1978749e+14
      1534.92   2.2089302e+14
      1535.16   2.2170687e+14
      1535.39   2.2236093e+14
      1535.63   2.2312188e+14
      1535.86   2.2335245e+14
      1536.10   2.2328470e+14
      1536.33   2.2322231e+14
      1536.57   2.2324886e+14
      1536.81   2.2351854e+14
      1537.04   2.2358150e+14
      1537.28   2.2275982e+14
      1537.52   2.2139055e+14
      1537.75   2.1980888e+14
      1537.99   2.1881510e+14
      1538.22   2.1858784e+14
      1538.46   2.1934425e+14
      1538.70   2.2033776e+14
      1538.94   2.2107607e+14
      1539.17   2.1985549e+14
      1539.41   2.1833462e+14
      1539.65   2.1631325e+14
      1539.88   2.1537666e+14
      1540.12   2.1490735e+14
      1540.36   2.1574082e+14
      1540.59   2.1654128e+14
      1540.83   2.1774139e+14
      1541.07   2.1828468e+14
      1541.31   2.1864822e+14
      1541.55   2.1937200e+14
      1541.78   2.1970383e+14
      1542.02   2.1965314e+14
      1542.26   2.1941997e+14
      1542.50   2.1933503e+14
      1542.73   2.1947918e+14
      1542.97   2.1994107e+14
      1543.21   2.2081878e+14
      1543.45   2.2146439e+14
      1543.69   2.2196799e+14
      1543.93   2.2179868e+14
      1544.16   2.2170068e+14
      1544.40   2.2162443e+14
      1544.64   2.2183839e+14
      1544.88   2.2204226e+14
      1545.12   2.2233161e+14
      1545.36   2.2238623e+14
      1545.59   2.2239026e+14
      1545.83   2.2212657e+14
      1546.07   2.2182619e+14
      1546.31   2.2153505e+14
      1546.55   2.2110598e+14
      1546.79   2.1984581e+14
      1547.03   2.1868042e+14
      1547.27   2.1670511e+14
      1547.51   2.1534079e+14
      1547.75   2.1426062e+14
      1547.99   2.1469678e+14
      1548.23   2.1547902e+14
      1548.47   2.1709347e+14
      1548.71   2.1780706e+14
      1548.95   2.1838671e+14
      1549.19   2.1828012e+14
      1549.43   2.1768515e+14
      1549.67   2.1713058e+14
      1549.91   2.1627616e+14
      1550.15   2.1612545e+14
      1550.39   2.1584058e+14
      1550.63   2.1625341e+14
      1550.87   2.1682969e+14
      1551.11   2.1805808e+14
      1551.35   2.1884178e+14
      1551.59   2.1979664e+14
      1551.83   2.1996283e+14
      1552.07   2.1996885e+14
      1552.31   2.1987246e+14
      1552.55   2.1956030e+14
      1552.80   2.1857339e+14
      1553.04   2.1727650e+14
      1553.28   2.1580715e+14
      1553.52   2.1455099e+14
      1553.76   2.1397256e+14
      1554.00   2.1341751e+14
      1554.24   2.1364627e+14
      1554.48   2.1411783e+14
      1554.73   2.1500583e+14
      1554.97   2.1511216e+14
      1555.21   2.1545648e+14
      1555.45   2.1456126e+14
      1555.69   2.1405966e+14
      1555.94   2.1324382e+14
      1556.18   2.1345171e+14
      1556.42   2.1425836e+14
      1556.66   2.1594866e+14
      1556.91   2.1710163e+14
      1557.15   2.1796642e+14
      1557.39   2.1775111e+14
      1557.63   2.1740694e+14
      1557.88   2.1663925e+14
      1558.12   2.1634747e+14
      1558.36   2.1614189e+14
      1558.60   2.1637018e+14
      1558.85   2.1597053e+14
      1559.09   2.1561263e+14
      1559.33   2.1482424e+14
      1559.58   2.1451616e+14
      1559.82   2.1462338e+14
      1560.06   2.1540535e+14
      1560.31   2.1664018e+14
      1560.55   2.1794046e+14
      1560.79   2.1871714e+14
      1561.04   2.1885429e+14
      1561.28   2.1891035e+14
      1561.52   2.1883765e+14
      1561.77   2.1828208e+14
      1562.01   2.1774835e+14
      1562.26   2.1706268e+14
      1562.50   2.1692741e+14
      1562.74   2.1666861e+14
      1562.99   2.1589741e+14
      1563.23   2.1518985e+14
      1563.48   2.1428590e+14
      1563.72   2.1410692e+14
      1563.97   2.1432693e+14
      1564.21   2.1570643e+14
      1564.46   2.1641131e+14
      1564.70   2.1754560e+14
      1564.94   2.1715735e+14
      1565.19   2.1695651e+14
      1565.44   2.1581059e+14
      1565.68   2.1514437e+14
      1565.93   2.1399160e+14
      1566.17   2.1349678e+14
      1566.42   2.1311296e+14
      1566.66   2.1333482e+14
      1566.91   2.1398602e+14
      1567.15   2.1478248e+14
      1567.40   2.1483040e+14
      1567.64   2.1392409e+14
      1567.89   2.1272700e+14
      1568.14   2.1164783e+14
      1568.38   2.1139755e+14
      1568.63   2.1201909e+14
      1568.87   2.1240876e+14
      1569.12   2.1281731e+14
      1569.37   2.1267055e+14
      1569.61   2.1240283e+14
      1569.86   2.1242440e+14
      1570.10   2.1321422e+14
      1570.35   2.1454444e+14
      1570.60   2.1586939e+14
      1570.84   2.1675749e+14
      1571.09   2.1690156e+14
      1571.34   2.1692934e+14
      1571.59   2.1702202e+14
      1571.83   2.1695167e+14
      1572.08   2.1621563e+14
      1572.33   2.1553952e+14
      1572.57   2.1469769e+14
      1572.82   2.1447568e+14
      1573.07   2.1467082e+14
      1573.32   2.1545792e+14
      1573.56   2.1565962e+14
      1573.81   2.1380449e+14
      1574.06   2.1175445e+14
      1574.31   2.0842299e+14
      1574.56   2.0493037e+14
      1574.80   2.0285747e+14
      1575.05   2.0242384e+14
      1575.30   2.0370163e+14
      1575.55   2.0609356e+14
      1575.80   2.0866167e+14
      1576.04   2.0911895e+14
      1576.29   2.0777404e+14
      1576.54   2.0307204e+14
      1576.79   1.9787873e+14
      1577.04   1.9472582e+14
      1577.29   1.9494549e+14
      1577.54   1.9821357e+14
      1577.79   2.0262354e+14
      1578.03   2.0771655e+14
      1578.28   2.1051787e+14
      1578.53   2.1156208e+14
      1578.78   2.1215194e+14
      1579.03   2.1278503e+14
      1579.28   2.1317247e+14
      1579.53   2.1388452e+14
      1579.78   2.1394786e+14
      1580.03   2.1424892e+14
      1580.28   2.1464887e+14
      1580.53   2.1502904e+14
      1580.78   2.1468031e+14
      1581.03   2.1473342e+14
      1581.28   2.1345860e+14
      1581.53   2.1135444e+14
      1581.78   2.0871680e+14
      1582.03   2.0631408e+14
      1582.28   2.0531270e+14
      1582.53   2.0532861e+14
      1582.78   2.0697560e+14
      1583.03   2.0849492e+14
      1583.28   2.0943437e+14
      1583.53   2.0899789e+14
      1583.78   2.0848641e+14
      1584.03   2.0809281e+14
      1584.28   2.0855816e+14
      1584.54   2.1019559e+14
      1584.79   2.1196677e+14
      1585.04   2.1252228e+14
      1585.29   2.1210353e+14
      1585.54   2.1143865e+14
      1585.79   2.1103543e+14
      1586.04   2.1051242e+14
      1586.29   2.1055615e+14
      1586.55   2.0998416e+14
      1586.80   2.0928414e+14
      1587.05   2.0782798e+14
      1587.30   2.0712578e+14
      1587.55   2.0584223e+14
      1587.81   2.0518099e+14
      1588.06   2.0354726e+14
      1588.31   2.0166111e+14
      1588.56   1.9695022e+14
      1588.81   1.9324824e+14
      1589.07   1.9047707e+14
      1589.32   1.9070343e+14
      1589.57   1.9163882e+14
      1589.82   1.9454930e+14
      1590.08   1.9709967e+14
      1590.33   1.9853466e+14
      1590.58   1.9829954e+14
      1590.84   1.9821975e+14
      1591.09   1.9925340e+14
      1591.34   2.0111906e+14
      1591.60   2.0362875e+14
      1591.85   2.0611692e+14
      1592.10   2.0842461e+14
      1592.36   2.1024408e+14
      1592.61   2.1136876e+14
      1592.86   2.1180666e+14
      1593.12   2.1189737e+14
      1593.37   2.1188138e+14
      1593.62   2.1183878e+14
      1593.88   2.1183094e+14
      1594.13   2.1219456e+14
      1594.39   2.1275494e+14
      1594.64   2.1324805e+14
      1594.90   2.1313988e+14
      1595.15   2.1205760e+14
      1595.41   2.1039969e+14
      1595.66   2.0734590e+14
      1595.91   2.0458427e+14
      1596.17   2.0210717e+14
      1596.42   2.0193770e+14
      1596.68   2.0276660e+14
      1596.93   2.0562028e+14
      1597.19   2.0843950e+14
      1597.44   2.1127969e+14
      1597.70   2.1250796e+14
      1597.95   2.1306982e+14
      1598.21   2.1279807e+14
      1598.46   2.1143411e+14
      1598.72   2.0994508e+14
      1598.98   2.0866730e+14
      1599.23   2.0838498e+14
      1599.49   2.0842881e+14
      1599.74   2.0923462e+14
      1600.00   2.0936883e+14
      1600.26   2.0878598e+14
      1600.51   2.0698936e+14
      1600.77   2.0557822e+14
      1601.03   2.0435377e+14
      1601.28   2.0431551e+14
      1601.54   2.0493037e+14
      1601.79   2.0599153e+14
      1602.05   2.0646744e+14
      1602.31   2.0691351e+14
      1602.56   2.0691764e+14
      1602.82   2.0701140e+14
      1603.08   2.0721570e+14
      1603.33   2.0781725e+14
      1603.59   2.0790065e+14
      1603.85   2.0760855e+14
      1604.11   2.0693448e+14
      1604.36   2.0624553e+14
      1604.62   2.0550137e+14
      1604.88   2.0534860e+14
      1605.14   2.0589065e+14
      1605.39   2.0676437e+14
      1605.65   2.0664160e+14
      1605.91   2.0563260e+14
      1606.17   2.0409601e+14
      1606.43   2.0321001e+14
      1606.68   2.0282202e+14
      1606.94   2.0365558e+14
      1607.20   2.0505665e+14
      1607.46   2.0668408e+14
      1607.72   2.0744013e+14
      1607.98   2.0763303e+14
      1608.23   2.0745992e+14
      1608.49   2.0726981e+14
      1608.75   2.0698002e+14
      1609.01   2.0543190e+14
      1609.27   2.0260000e+14
      1609.53   1.9938222e+14
      1609.79   1.9672429e+14
      1610.05   1.9496377e+14
      1610.31   1.9476085e+14
      1610.56   1.9637666e+14
      1610.82   1.9863221e+14
      1611.08   2.0029619e+14
      1611.34   2.0084614e+14
      1611.60   2.0106276e+14
      1611.86   2.0105534e+14
      1612.12   2.0135806e+14
      1612.38   2.0188901e+14
      1612.64   2.0289102e+14
      1612.90   2.0394210e+14
      1613.16   2.0455652e+14
      1613.42   2.0422002e+14
      1613.68   2.0371023e+14
      1613.94   2.0346204e+14
      1614.20   2.0362975e+14
      1614.47   2.0391792e+14
      1614.73   2.0374673e+14
      1614.99   2.0274215e+14
      1615.25   2.0054334e+14
      1615.51   1.9790783e+14
      1615.77   1.9590843e+14
      1616.03   1.9488070e+14
      1616.29   1.9476811e+14
      1616.55   1.9549229e+14
      1616.81   1.9695084e+14
      1617.08   1.9847663e+14
      1617.34   2.0024485e+14
      1617.60   2.0189460e+14
      1617.86   2.0334624e+14
      1618.12   2.0393234e+14
      1618.39   2.0384475e+14
      1618.65   2.0344580e+14
      1618.91   2.0324070e+14
      1619.17   2.0331840e+14
      1619.43   2.0211845e+14
      1619.70   1.9992824e+14
      1619.96   1.9708387e+14
      1620.22   1.9522970e+14
      1620.48   1.9382706e+14
      1620.74   1.9457891e+14
      1621.01   1.9623704e+14
      1621.27   1.9828589e+14
      1621.53   1.9912793e+14
      1621.80   1.9995959e+14
      1622.06   2.0045098e+14
      1622.32   2.0112137e+14
      1622.59   2.0207955e+14
      1622.85   2.0342788e+14
      1623.11   2.0443496e+14
      1623.38   2.0494387e+14
      1623.64   2.0522312e+14
      1623.90   2.0483131e+14
      1624.17   2.0382850e+14
      1624.43   2.0266752e+14
      1624.69   2.0192893e+14
      1624.96   2.0153876e+14
      1625.22   2.0185065e+14
      1625.49   2.0249726e+14
      1625.75   2.0285347e+14
      1626.02   2.0285286e+14
      1626.28   2.0288103e+14
      1626.55   2.0312362e+14
      1626.81   2.0336396e+14
      1627.07   2.0388519e+14
      1627.34   2.0444524e+14
      1627.60   2.0478749e+14
      1627.87   2.0483560e+14
      1628.13   2.0485256e+14
      1628.40   2.0491543e+14
      1628.67   2.0483248e+14
      1628.93   2.0419085e+14
      1629.19   2.0322334e+14
      1629.46   2.0220315e+14
      1629.73   2.0147950e+14
      1629.99   2.0103641e+14
      1630.26   2.0136717e+14
      1630.52   2.0206816e+14
      1630.79   2.0244106e+14
      1631.06   2.0235338e+14
      1631.32   2.0219748e+14
      1631.59   2.0219691e+14
      1631.85   2.0210417e+14
      1632.12   2.0184048e+14
      1632.39   2.0151681e+14
      1632.65   2.0108193e+14
      1632.92   1.9985450e+14
      1633.19   1.9815616e+14
      1633.45   1.9711283e+14
      1633.72   1.9714589e+14
      1633.99   1.9752530e+14
      1634.25   1.9830471e+14
      1634.52   1.9955343e+14
      1634.79   2.0068404e+14
      1635.06   2.0099108e+14
      1635.32   2.0091032e+14
      1635.59   2.0077599e+14
      1635.86   2.0023238e+14
      1636.13   1.9841422e+14
      1636.39   1.9614714e+14
      1636.66   1.9440023e+14
      1636.93   1.9376616e+14
      1637.20   1.9343852e+14
      1637.46   1.9386183e+14
      1637.73   1.9302861e+14
      1638.00   1.9102993e+14
      1638.27   1.8837305e+14
      1638.54   1.8722829e+14
      1638.81   1.8677143e+14
      1639.08   1.8792033e+14
      1639.34   1.8959359e+14
      1639.61   1.9094144e+14
      1639.88   1.9079282e+14
      1640.15   1.9047319e+14
      1640.42   1.9003203e+14
      1640.69   1.8968323e+14
      1640.96   1.8918063e+14
      1641.23   1.8883913e+14
      1641.50   1.8864775e+14
      1641.77   1.8903675e+14
      1642.04   1.8980851e+14
      1642.31   1.9085434e+14
      1642.58   1.9193026e+14
      1642.84   1.9296918e+14
      1643.11   1.9331613e+14
      1643.39   1.9279852e+14
      1643.66   1.9215756e+14
      1643.93   1.9184730e+14
      1644.20   1.9113463e+14
      1644.47   1.9049044e+14
      1644.74   1.9071896e+14
      1645.01   1.9158846e+14
      1645.28   1.9209712e+14
      1645.55   1.9280398e+14
      1645.82   1.9386154e+14
      1646.09   1.9458287e+14
      1646.36   1.9472191e+14
      1646.63   1.9472740e+14
      1646.90   1.9496174e+14
      1647.18   1.9507672e+14
      1647.45   1.9516363e+14
      1647.72   1.9516915e+14
      1647.99   1.9520630e+14
      1648.26   1.9426742e+14
      1648.53   1.9299134e+14
      1648.81   1.9215898e+14
      1649.08   1.9213488e+14
      1649.35   1.9223891e+14
      1649.62   1.9323390e+14
      1649.89   1.9461489e+14
      1650.17   1.9472919e+14
      1650.44   1.9364777e+14
      1650.71   1.9274808e+14
      1650.98   1.9249138e+14
      1651.26   1.9229538e+14
      1651.53   1.9312372e+14
      1651.80   1.9443553e+14
      1652.07   1.9491583e+14
      1652.35   1.9450874e+14
      1652.62   1.9424462e+14
      1652.89   1.9430509e+14
      1653.17   1.9419649e+14
      1653.44   1.9460315e+14
      1653.71   1.9504834e+14
      1653.99   1.9498555e+14
      1654.26   1.9432819e+14
      1654.53   1.9384041e+14
      1654.81   1.9366336e+14
      1655.08   1.9385956e+14
      1655.36   1.9437839e+14
      1655.63   1.9491155e+14
      1655.90   1.9531228e+14
      1656.18   1.9558226e+14
      1656.45   1.9565892e+14
      1656.73   1.9550278e+14
      1657.00   1.9541510e+14
      1657.28   1.9546993e+14
      1657.55   1.9551990e+14
      1657.82   1.9546970e+14
      1658.10   1.9535018e+14
      1658.38   1.9494840e+14
      1658.65   1.9429262e+14
      1658.93   1.9368337e+14
      1659.20   1.9344564e+14
      1659.48   1.9360064e+14
      1659.75   1.9418091e+14
      1660.03   1.9499800e+14
      1660.30   1.9568650e+14
      1660.58   1.9607937e+14
      1660.85   1.9628255e+14
      1661.13   1.9627839e+14
      1661.41   1.9609768e+14
      1661.68   1.9572785e+14
      1661.96   1.9526249e+14
      1662.23   1.9479277e+14
      1662.51   1.9442752e+14
      1662.79   1.9399525e+14
      1663.06   1.9369754e+14
      1663.34   1.9360757e+14
      1663.62   1.9364984e+14
      1663.89   1.9354542e+14
      1664.17   1.9335563e+14
      1664.45   1.9319840e+14
      1664.72   1.9292378e+14
      1665.00   1.9240523e+14
      1665.28   1.9174053e+14
      1665.56   1.9132965e+14
      1665.83   1.9121564e+14
      1666.11   1.9121475e+14
      1666.39   1.9138594e+14
      1666.67   1.9167801e+14
      1666.94   1.9173337e+14
      1667.22   1.9138259e+14
      1667.50   1.9063624e+14
      1667.78   1.8924727e+14
      1668.06   1.8786548e+14
      1668.33   1.8744825e+14
      1668.61   1.8795418e+14
      1668.89   1.8889644e+14
      1669.17   1.9043477e+14
      1669.45   1.9201907e+14
      1669.73   1.9281957e+14
      1670.01   1.9274333e+14
      1670.29   1.9244670e+14
      1670.56   1.9212391e+14
      1670.84   1.9178418e+14
      1671.12   1.9097989e+14
      1671.40   1.8908555e+14
      1671.68   1.8682202e+14
      1671.96   1.8491119e+14
      1672.24   1.8379710e+14
      1672.52   1.8360475e+14
      1672.80   1.8499980e+14
      1673.08   1.8702630e+14
      1673.36   1.8855141e+14
      1673.64   1.8917786e+14
      1673.92   1.8939242e+14
      1674.20   1.8932390e+14
      1674.48   1.8884888e+14
      1674.76   1.8744027e+14
      1675.04   1.8576901e+14
      1675.32   1.8467245e+14
      1675.60   1.8428491e+14
      1675.88   1.8375727e+14
      1676.17   1.8414846e+14
      1676.45   1.8524204e+14
      1676.73   1.8623212e+14
      1677.01   1.8639004e+14
      1677.29   1.8678863e+14
      1677.57   1.8709882e+14
      1677.85   1.8687251e+14
      1678.13   1.8612241e+14
      1678.42   1.8538050e+14
      1678.70   1.8469231e+14
      1678.98   1.8401835e+14
      1679.26   1.8325200e+14
      1679.54   1.8187231e+14
      1679.82   1.7993393e+14
      1680.11   1.7780882e+14
      1680.39   1.7562214e+14
      1680.67   1.7363857e+14
      1680.95   1.7277239e+14
      1681.24   1.7299696e+14
      1681.52   1.7371102e+14
      1681.80   1.7507225e+14
      1682.09   1.7707842e+14
      1682.37   1.7876080e+14
      1682.65   1.7998883e+14
      1682.94   1.8122408e+14
      1683.22   1.8241730e+14
      1683.50   1.8320163e+14
      1683.78   1.8391236e+14
      1684.07   1.8463785e+14
      1684.35   1.8523965e+14
      1684.64   1.8564497e+14
      1684.92   1.8586634e+14
      1685.20   1.8563883e+14
      1685.49   1.8513293e+14
      1685.77   1.8479739e+14
      1686.06   1.8480390e+14
      1686.34   1.8476802e+14
      1686.62   1.8492902e+14
      1686.91   1.8504769e+14
      1687.19   1.8503636e+14
      1687.48   1.8489423e+14
      1687.76   1.8518291e+14
      1688.05   1.8564505e+14
      1688.33   1.8601381e+14
      1688.62   1.8534801e+14
      1688.90   1.8405445e+14
      1689.19   1.8292287e+14
      1689.47   1.8270539e+14
      1689.76   1.8293953e+14
      1690.05   1.8405963e+14
      1690.33   1.8552975e+14
      1690.62   1.8653911e+14
      1690.90   1.8665151e+14
      1691.19   1.8660983e+14
      1691.47   1.8671371e+14
      1691.76   1.8691732e+14
      1692.05   1.8705878e+14
      1692.33   1.8706745e+14
      1692.62   1.8697970e+14
      1692.91   1.8682216e+14
      1693.19   1.8663629e+14
      1693.48   1.8644280e+14
      1693.77   1.8633876e+14
      1694.05   1.8637200e+14
      1694.34   1.8641549e+14
      1694.63   1.8639157e+14
      1694.92   1.8638214e+14
      1695.20   1.8639413e+14
      1695.49   1.8627973e+14
      1695.78   1.8608853e+14
      1696.06   1.8581686e+14
      1696.35   1.8557256e+14
      1696.64   1.8531789e+14
      1696.93   1.8522279e+14
      1697.22   1.8517058e+14
      1697.51   1.8525586e+14
      1697.79   1.8533942e+14
      1698.08   1.8548116e+14
      1698.37   1.8547250e+14
      1698.66   1.8531923e+14
      1698.95   1.8500177e+14
      1699.23   1.8445307e+14
      1699.52   1.8379733e+14
      1699.81   1.8315589e+14
      1700.10   1.8275905e+14
      1700.39   1.8247164e+14
      1700.68   1.8224407e+14
      1700.97   1.8200023e+14
      1701.26   1.8209367e+14
      1701.55   1.8235849e+14
      1701.84   1.8217107e+14
      1702.13   1.8176419e+14
      1702.42   1.8142560e+14
      1702.71   1.8105617e+14
      1703.00   1.8046620e+14
      1703.29   1.8055181e+14
      1703.58   1.8132459e+14
      1703.87   1.8226137e+14
      1704.16   1.8287927e+14
      1704.45   1.8338763e+14
      1704.74   1.8367632e+14
      1705.03   1.8346646e+14
      1705.32   1.8291562e+14
      1705.61   1.8248301e+14
      1705.90   1.8225561e+14
      1706.19   1.8186663e+14
      1706.48   1.8154891e+14
      1706.78   1.8134270e+14
      1707.07   1.8051928e+14
      1707.36   1.7902434e+14
      1707.65   1.7803946e+14
      1707.94   1.7809741e+14
      1708.23   1.7832911e+14
      1708.53   1.7872689e+14
      1708.82   1.7948702e+14
      1709.11   1.8020427e+14
      1709.40   1.8046236e+14
      1709.69   1.8072904e+14
      1709.99   1.8115508e+14
      1710.28   1.8069186e+14
      1710.57   1.7801324e+14
      1710.86   1.7449222e+14
      1711.16   1.7234929e+14
      1711.45   1.7213150e+14
      1711.74   1.7317275e+14
      1712.04   1.7607019e+14
      1712.33   1.7954191e+14
      1712.62   1.8164725e+14
      1712.92   1.8203625e+14
      1713.21   1.8210371e+14
      1713.50   1.8219008e+14
      1713.80   1.8225845e+14
      1714.09   1.8226036e+14
      1714.38   1.8228902e+14
      1714.68   1.8231855e+14
      1714.97   1.8227728e+14
      1715.27   1.8210126e+14
      1715.56   1.8164448e+14
      1715.85   1.8098619e+14
      1716.15   1.8050149e+14
      1716.44   1.8039761e+14
      1716.74   1.8043296e+14
      1717.03   1.8032477e+14
      1717.33   1.8018627e+14
      1717.62   1.8009706e+14
      1717.92   1.8003889e+14
      1718.21   1.7998592e+14
      1718.51   1.8024180e+14
      1718.80   1.8036369e+14
      1719.10   1.8008048e+14
      1719.39   1.7964055e+14
      1719.69   1.7940210e+14
      1719.99   1.7883721e+14
      1720.28   1.7813697e+14
      1720.58   1.7776221e+14
      1720.87   1.7766805e+14
      1721.17   1.7755392e+14
      1721.47   1.7795550e+14
      1721.76   1.7883131e+14
      1722.06   1.7866798e+14
      1722.36   1.7719412e+14
      1722.65   1.7525932e+14
      1722.95   1.7348867e+14
      1723.25   1.7213818e+14
      1723.54   1.7251846e+14
      1723.84   1.7415820e+14
      1724.14   1.7597556e+14
      1724.44   1.7720492e+14
      1724.73   1.7782255e+14
      1725.03   1.7767601e+14
      1725.33   1.7740184e+14
      1725.62   1.7719004e+14
      1725.92   1.7728502e+14
      1726.22   1.7767548e+14
      1726.52   1.7817998e+14
      1726.82   1.7829347e+14
      1727.12   1.7789646e+14
      1727.41   1.7704008e+14
      1727.71   1.7618092e+14
      1728.01   1.7566151e+14
      1728.31   1.7547443e+14
      1728.61   1.7582162e+14
      1728.91   1.7668763e+14
      1729.21   1.7755492e+14
      1729.51   1.7786172e+14
      1729.81   1.7790135e+14
      1730.10   1.7780060e+14
      1730.40   1.7752645e+14
      1730.70   1.7714946e+14
      1731.00   1.7688817e+14
      1731.30   1.7645865e+14
      1731.60   1.7588682e+14
      1731.90   1.7495643e+14
      1732.20   1.7282649e+14
      1732.50   1.6984272e+14
      1732.80   1.6769980e+14
      1733.10   1.6687288e+14
      1733.40   1.6630146e+14
      1733.70   1.6654328e+14
      1734.00   1.6779016e+14
      1734.31   1.6883399e+14
      1734.61   1.6859164e+14
      1734.91   1.6797542e+14
      1735.21   1.6721564e+14
      1735.51   1.6591302e+14
      1735.81   1.6384341e+14
      1736.11   1.6181147e+14
      1736.41   1.6071255e+14
      1736.71   1.6078245e+14
      1737.02   1.6169280e+14
      1737.32   1.6333034e+14
      1737.62   1.6548636e+14
      1737.92   1.6752588e+14
      1738.22   1.6901036e+14
      1738.53   1.7001565e+14
      1738.83   1.7068423e+14
      1739.13   1.7113591e+14
      1739.43   1.7154312e+14
      1739.74   1.7203107e+14
      1740.04   1.7242006e+14
      1740.34   1.7204876e+14
      1740.64   1.7121455e+14
      1740.95   1.7072539e+14
      1741.25   1.7076470e+14
      1741.55   1.7088468e+14
      1741.86   1.7163009e+14
      1742.16   1.7267388e+14
      1742.46   1.7313298e+14
      1742.77   1.7302273e+14
      1743.07   1.7312562e+14
      1743.38   1.7342523e+14
      1743.68   1.7378288e+14
      1743.98   1.7415559e+14
      1744.29   1.7404624e+14
      1744.59   1.7310606e+14
      1744.90   1.7194754e+14
      1745.20   1.7103648e+14
      1745.51   1.7040454e+14
      1745.81   1.7031302e+14
      1746.11   1.7046232e+14
      1746.42   1.6994342e+14
      1746.72   1.6934603e+14
      1747.03   1.6932372e+14
      1747.33   1.6951778e+14
      1747.64   1.7019771e+14
      1747.95   1.7182209e+14
      1748.25   1.7324466e+14
      1748.56   1.7344831e+14
      1748.86   1.7296797e+14
      1749.17   1.7248830e+14
      1749.47   1.7190189e+14
      1749.78   1.7106771e+14
      1750.09   1.7028622e+14
      1750.39   1.6981805e+14
      1750.70   1.6968377e+14
      1751.01   1.6993482e+14
      1751.31   1.7017083e+14
      1751.62   1.7035322e+14
      1751.93   1.7064419e+14
      1752.23   1.7086200e+14
      1752.54   1.7076663e+14
      1752.85   1.7107542e+14
      1753.16   1.7181957e+14
      1753.46   1.7229372e+14
      1753.77   1.7233193e+14
      1754.08   1.7211127e+14
      1754.39   1.7153377e+14
      1754.69   1.7096667e+14
      1755.00   1.7075899e+14
      1755.31   1.7072800e+14
      1755.62   1.7094091e+14
      1755.93   1.7150753e+14
      1756.23   1.7199043e+14
      1756.54   1.7222046e+14
      1756.85   1.7228437e+14
      1757.16   1.7197574e+14
      1757.47   1.7144409e+14
      1757.78   1.7116360e+14
      1758.09   1.7107774e+14
      1758.40   1.7090683e+14
      1758.71   1.7093785e+14
      1759.02   1.7111134e+14
      1759.32   1.7106522e+14
      1759.63   1.7080744e+14
      1759.94   1.7045561e+14
      1760.25   1.6994671e+14
      1760.56   1.6947757e+14
      1760.87   1.6908718e+14
      1761.18   1.6808658e+14
      1761.49   1.6677174e+14
      1761.80   1.6585729e+14
      1762.11   1.6535779e+14
      1762.43   1.6518901e+14
      1762.74   1.6606038e+14
      1763.05   1.6739013e+14
      1763.36   1.6801350e+14
      1763.67   1.6781491e+14
      1763.98   1.6754798e+14
      1764.29   1.6739985e+14
      1764.60   1.6739826e+14
      1764.91   1.6788369e+14
      1765.22   1.6870607e+14
      1765.54   1.6914655e+14
      1765.85   1.6897285e+14
      1766.16   1.6870027e+14
      1766.47   1.6846949e+14
      1766.78   1.6799485e+14
      1767.10   1.6740895e+14
      1767.41   1.6711637e+14
      1767.72   1.6705598e+14
      1768.03   1.6697163e+14
      1768.35   1.6716235e+14
      1768.66   1.6754624e+14
      1768.97   1.6759993e+14
      1769.28   1.6713696e+14
      1769.60   1.6658653e+14
      1769.91   1.6611874e+14
      1770.22   1.6568921e+14
      1770.54   1.6544928e+14
      1770.85   1.6562663e+14
      1771.17   1.6596178e+14
      1771.48   1.6625430e+14
      1771.79   1.6656121e+14
      1772.11   1.6686376e+14
      1772.42   1.6704592e+14
      1772.73   1.6714155e+14
      1773.05   1.6712841e+14
      1773.36   1.6704371e+14
      1773.68   1.6693318e+14
      1773.99   1.6670013e+14
      1774.31   1.6630272e+14
      1774.62   1.6589891e+14
      1774.94   1.6545202e+14
      1775.25   1.6496836e+14
      1775.57   1.6463020e+14
      1775.88   1.6431974e+14
      1776.20   1.6394200e+14
      1776.52   1.6330301e+14
      1776.83   1.6228438e+14
      1777.15   1.6145161e+14
      1777.46   1.6144453e+14
      1777.78   1.6191985e+14
      1778.09   1.6269707e+14
      1778.41   1.6350140e+14
      1778.73   1.6376150e+14
      1779.04   1.6345302e+14
      1779.36   1.6316043e+14
      1779.68   1.6309900e+14
      1779.99   1.6345426e+14
      1780.31   1.6409741e+14
      1780.63   1.6458113e+14
      1780.94   1.6448312e+14
      1781.26   1.6394829e+14
      1781.58   1.6346348e+14
      1781.90   1.6308179e+14
      1782.21   1.6256713e+14
      1782.53   1.6230795e+14
      1782.85   1.6253619e+14
      1783.17   1.6267291e+14
      1783.48   1.6251065e+14
      1783.80   1.6247767e+14
      1784.12   1.6232516e+14
      1784.44   1.6176482e+14
      1784.76   1.6132551e+14
      1785.08   1.6137050e+14
      1785.40   1.6162409e+14
      1785.71   1.6213028e+14
      1786.03   1.6287232e+14
      1786.35   1.6351299e+14
      1786.67   1.6389124e+14
      1786.99   1.6410593e+14
      1787.31   1.6413524e+14
      1787.63   1.6405661e+14
      1787.95   1.6394814e+14
      1788.27   1.6381454e+14
      1788.59   1.6357369e+14
      1788.91   1.6322555e+14
      1789.23   1.6293043e+14
      1789.55   1.6280102e+14
      1789.87   1.6274179e+14
      1790.19   1.6275476e+14
      1790.51   1.6284516e+14
      1790.83   1.6285543e+14
      1791.15   1.6265012e+14
      1791.47   1.6238164e+14
      1791.79   1.6218338e+14
      1792.11   1.6201575e+14
      1792.44   1.6184982e+14
      1792.76   1.6179397e+14
      1793.08   1.6180316e+14
      1793.40   1.6162626e+14
      1793.72   1.6132113e+14
      1794.04   1.6122001e+14
      1794.37   1.6128599e+14
      1794.69   1.6139715e+14
      1795.01   1.6168640e+14
      1795.33   1.6204173e+14
      1795.66   1.6206274e+14
      1795.98   1.6179340e+14
      1796.30   1.6152224e+14
      1796.62   1.6125539e+14
      1796.94   1.6104554e+14
      1797.27   1.6108082e+14
      1797.59   1.6130255e+14
      1797.91   1.6152433e+14
      1798.24   1.6177981e+14
      1798.56   1.6206241e+14
      1798.89   1.6226823e+14
      1799.21   1.6232363e+14
      1799.53   1.6219251e+14
      1799.86   1.6174594e+14
      1800.18   1.6100558e+14
      1800.50   1.6040363e+14
      1800.83   1.6018132e+14
      1801.15   1.5979581e+14
      1801.48   1.5913522e+14
      1801.80   1.5866863e+14
      1802.13   1.5825264e+14
      1802.45   1.5768668e+14
      1802.78   1.5765157e+14
      1803.10   1.5837177e+14
      1803.43   1.5921851e+14
      1803.75   1.5992286e+14
      1804.08   1.6052937e+14
      1804.40   1.6081367e+14
      1804.73   1.6078632e+14
      1805.05   1.6067539e+14
      1805.38   1.6050814e+14
      1805.71   1.6013260e+14
      1806.03   1.5964961e+14
      1806.36   1.5940474e+14
      1806.69   1.5929994e+14
      1807.01   1.5911310e+14
      1807.34   1.5907097e+14
      1807.67   1.5921356e+14
      1807.99   1.5929511e+14
      1808.32   1.5938589e+14
      1808.64   1.5950309e+14
      1808.97   1.5948835e+14
      1809.30   1.5943069e+14
      1809.63   1.5938302e+14
      1809.95   1.5930532e+14
      1810.28   1.5925669e+14
      1810.61   1.5918532e+14
      1810.94   1.5898444e+14
      1811.27   1.5860747e+14
      1811.59   1.5817471e+14
      1811.92   1.5788503e+14
      1812.25   1.5776317e+14
      1812.58   1.5773793e+14
      1812.91   1.5779125e+14
      1813.24   1.5777614e+14
      1813.57   1.5739208e+14
      1813.89   1.5670461e+14
      1814.22   1.5607730e+14
      1814.55   1.5550359e+14
      1814.88   1.5485747e+14
      1815.21   1.5429149e+14
      1815.54   1.5373721e+14
      1815.87   1.5285083e+14
      1816.20   1.5154159e+14
      1816.53   1.4975003e+14
      1816.86   1.4728438e+14
      1817.19   1.4450691e+14
      1817.52   1.4234787e+14
      1817.85   1.4142455e+14
      1818.18   1.4184938e+14
      1818.51   1.4354055e+14
      1818.84   1.4605295e+14
      1819.17   1.4854425e+14
      1819.51   1.5041076e+14
      1819.84   1.5159990e+14
      1820.17   1.5242747e+14
      1820.50   1.5309684e+14
      1820.83   1.5322088e+14
      1821.16   1.5284625e+14
      1821.49   1.5246689e+14
      1821.83   1.5182778e+14
      1822.16   1.5108929e+14
      1822.49   1.5118384e+14
      1822.82   1.5199879e+14
      1823.15   1.5293976e+14
      1823.49   1.5419874e+14
      1823.82   1.5544264e+14
      1824.15   1.5598347e+14
      1824.48   1.5602567e+14
      1824.82   1.5590067e+14
      1825.15   1.5576828e+14
      1825.48   1.5574521e+14
      1825.82   1.5580212e+14
      1826.15   1.5595373e+14
      1826.48   1.5615604e+14
      1826.82   1.5619838e+14
      1827.15   1.5611645e+14
      1827.48   1.5602813e+14
      1827.82   1.5541058e+14
      1828.15   1.5428851e+14
      1828.49   1.5365386e+14
      1828.82   1.5362206e+14
      1829.16   1.5369162e+14
      1829.49   1.5413694e+14
      1829.83   1.5499246e+14
      1830.16   1.5548892e+14
      1830.50   1.5553580e+14
      1830.83   1.5558271e+14
      1831.17   1.5569606e+14
      1831.50   1.5547648e+14
      1831.84   1.5473757e+14
      1832.17   1.5379088e+14
      1832.51   1.5287706e+14
      1832.84   1.5237816e+14
      1833.18   1.5263220e+14
      1833.52   1.5336268e+14
      1833.85   1.5407774e+14
      1834.19   1.5460463e+14
      1834.53   1.5467643e+14
      1834.86   1.5435092e+14
      1835.20   1.5401890e+14
      1835.54   1.5382538e+14
      1835.87   1.5381573e+14
      1836.21   1.5399649e+14
      1836.55   1.5416253e+14
      1836.89   1.5376733e+14
      1837.22   1.5283073e+14
      1837.56   1.5221771e+14
      1837.90   1.5202165e+14
      1838.23   1.5194041e+14
      1838.57   1.5228216e+14
      1838.91   1.5292027e+14
      1839.25   1.5299383e+14
      1839.59   1.5260517e+14
      1839.93   1.5242847e+14
      1840.27   1.5257051e+14
      1840.60   1.5286364e+14
      1840.94   1.5316986e+14
      1841.28   1.5311453e+14
      1841.62   1.5203568e+14
      1841.96   1.5033410e+14
      1842.30   1.4913181e+14
      1842.64   1.4858691e+14
      1842.98   1.4861983e+14
      1843.32   1.4939897e+14
      1843.66   1.5042715e+14
      1844.00   1.5099523e+14
      1844.34   1.5128773e+14
      1844.68   1.5147256e+14
      1845.02   1.5158789e+14
      1845.36   1.5182394e+14
      1845.70   1.5197561e+14
      1846.04   1.5093846e+14
      1846.38   1.4868880e+14
      1846.72   1.4680927e+14
      1847.06   1.4560231e+14
      1847.40   1.4514462e+14
      1847.75   1.4606365e+14
      1848.09   1.4806326e+14
      1848.43   1.4967649e+14
      1848.77   1.5073741e+14
      1849.11   1.5141599e+14
      1849.45   1.5174475e+14
      1849.80   1.5199552e+14
      1850.14   1.5226209e+14
      1850.48   1.5247843e+14
      1850.82   1.5256357e+14
      1851.17   1.5247807e+14
      1851.51   1.5221082e+14
      1851.85   1.5168054e+14
      1852.19   1.5089639e+14
      1852.54   1.5016136e+14
      1852.88   1.4973396e+14
      1853.22   1.4970578e+14
      1853.57   1.5009839e+14
      1853.91   1.5080298e+14
      1854.26   1.5137993e+14
      1854.60   1.5139112e+14
      1854.94   1.5048529e+14
      1855.29   1.4908690e+14
      1855.63   1.4828584e+14
      1855.98   1.4817689e+14
      1856.32   1.4849698e+14
      1856.67   1.4944153e+14
      1857.01   1.5071374e+14
      1857.36   1.5137297e+14
      1857.70   1.5132064e+14
      1858.05   1.5084171e+14
      1858.39   1.5020734e+14
      1858.74   1.4958855e+14
      1859.08   1.4875713e+14
      1859.43   1.4797586e+14
      1859.77   1.4775901e+14
      1860.12   1.4789887e+14
      1860.47   1.4792358e+14
      1860.81   1.4781992e+14
      1861.16   1.4788403e+14
      1861.50   1.4801838e+14
      1861.85   1.4786971e+14
      1862.20   1.4757748e+14
      1862.54   1.4785254e+14
      1862.89   1.4827496e+14
      1863.24   1.4816561e+14
      1863.59   1.4795122e+14
      1863.93   1.4809793e+14
      1864.28   1.4808515e+14
      1864.63   1.4796166e+14
      1864.98   1.4795075e+14
      1865.32   1.4774077e+14
      1865.67   1.4699248e+14
      1866.02   1.4597236e+14
      1866.37   1.4524785e+14
      1866.72   1.4488970e+14
      1867.06   1.4468737e+14
      1867.41   1.4475768e+14
      1867.76   1.4545142e+14
      1868.11   1.4604861e+14
      1868.46   1.4641271e+14
      1868.81   1.4700096e+14
      1869.16   1.4769659e+14
      1869.51   1.4787950e+14
      1869.86   1.4761820e+14
      1870.21   1.4726262e+14
      1870.56   1.4692941e+14
      1870.91   1.4653492e+14
      1871.26   1.4597267e+14
      1871.61   1.4507462e+14
      1871.96   1.4371159e+14
      1872.31   1.4257623e+14
      1872.66   1.4190614e+14
      1873.01   1.4123399e+14
      1873.36   1.4055778e+14
      1873.71   1.3997096e+14
      1874.06   1.3832141e+14
      1874.41   1.3455635e+14
      1874.77   1.2920038e+14
      1875.12   1.2461080e+14
      1875.47   1.2237169e+14
      1875.82   1.2248154e+14
      1876.17   1.2526470e+14
      1876.53   1.3039483e+14
      1876.88   1.3542858e+14
      1877.23   1.3868828e+14
      1877.58   1.4057760e+14
      1877.93   1.4180851e+14
      1878.29   1.4265410e+14
      1878.64   1.4314058e+14
      1878.99   1.4319584e+14
      1879.35   1.4308363e+14
      1879.70   1.4302151e+14
      1880.05   1.4319704e+14
      1880.41   1.4368498e+14
      1880.76   1.4447524e+14
      1881.11   1.4519379e+14
      1881.47   1.4552517e+14
      1881.82   1.4544263e+14
      1882.18   1.4526716e+14
      1882.53   1.4519495e+14
      1882.89   1.4518722e+14
      1883.24   1.4521828e+14
      1883.59   1.4527124e+14
      1883.95   1.4509182e+14
      1884.30   1.4463434e+14
      1884.66   1.4428770e+14
      1885.01   1.4356320e+14
      1885.37   1.4224994e+14
      1885.72   1.4173649e+14
      1886.08   1.4213076e+14
      1886.44   1.4258308e+14
      1886.79   1.4340500e+14
      1887.15   1.4460365e+14
      1887.51   1.4511181e+14
      1887.86   1.4501272e+14
      1888.22   1.4476444e+14
      1888.57   1.4444941e+14
      1888.93   1.4404494e+14
      1889.29   1.4324552e+14
      1889.64   1.4203575e+14
      1890.00   1.4146308e+14
      1890.36   1.4162019e+14
      1890.72   1.4183739e+14
      1891.07   1.4190414e+14
      1891.43   1.4217669e+14
      1891.79   1.4178069e+14
      1892.15   1.4049950e+14
      1892.51   1.3920639e+14
      1892.86   1.3878002e+14
      1893.22   1.3907983e+14
      1893.58   1.3957525e+14
      1893.94   1.3999831e+14
      1894.30   1.4047597e+14
      1894.66   1.4078206e+14
      1895.02   1.4013799e+14
      1895.38   1.3888294e+14
      1895.73   1.3784026e+14
      1896.09   1.3717241e+14
      1896.45   1.3697122e+14
      1896.81   1.3728557e+14
      1897.17   1.3820189e+14
      1897.53   1.3950354e+14
      1897.89   1.4064037e+14
      1898.25   1.4066428e+14
      1898.61   1.4008968e+14
      1898.97   1.3981987e+14
      1899.33   1.3960547e+14
      1899.70   1.3958611e+14
      1900.06   1.4025168e+14
      1900.42   1.4131266e+14
      1900.78   1.4194148e+14
      1901.14   1.4231886e+14
      1901.50   1.4243300e+14
      1901.86   1.4228778e+14
      1902.23   1.4188389e+14
      1902.59   1.4090989e+14
      1902.95   1.3976590e+14
      1903.31   1.3921274e+14
      1903.67   1.3906479e+14
      1904.04   1.3903946e+14
      1904.40   1.3934404e+14
      1904.76   1.3990479e+14
      1905.12   1.4013097e+14
      1905.49   1.4002624e+14
      1905.85   1.3998189e+14
      1906.21   1.4018997e+14
      1906.58   1.4023591e+14
      1906.94   1.3987858e+14
      1907.31   1.3936368e+14
      1907.67   1.3893306e+14
      1908.03   1.3866466e+14
      1908.40   1.3867477e+14
      1908.76   1.3899722e+14
      1909.13   1.3943808e+14
      1909.49   1.3978096e+14
      1909.86   1.3980289e+14
      1910.22   1.3951701e+14
      1910.58   1.3897804e+14
      1910.95   1.3797031e+14
      1911.31   1.3691500e+14
      1911.68   1.3658312e+14
      1912.05   1.3667088e+14
      1912.41   1.3687034e+14
      1912.78   1.3766595e+14
      1913.14   1.3866129e+14
      1913.51   1.3901154e+14
      1913.88   1.3898134e+14
      1914.24   1.3902720e+14
      1914.61   1.3894395e+14
      1914.97   1.3861763e+14
      1915.34   1.3824401e+14
      1915.71   1.3805636e+14
      1916.08   1.3794291e+14
      1916.44   1.3792495e+14
      1916.81   1.3808649e+14
      1917.18   1.3823461e+14
      1917.55   1.3808448e+14
      1917.91   1.3776036e+14
      1918.28   1.3757528e+14
      1918.65   1.3723845e+14
      1919.02   1.3637202e+14
      1919.39   1.3556426e+14
      1919.75   1.3545495e+14
      1920.12   1.3555444e+14
      1920.49   1.3584833e+14
      1920.86   1.3678442e+14
      1921.23   1.3781484e+14
      1921.60   1.3815573e+14
      1921.97   1.3810194e+14
      1922.34   1.3775011e+14
      1922.71   1.3714441e+14
      1923.08   1.3685610e+14
      1923.45   1.3674203e+14
      1923.82   1.3651552e+14
      1924.19   1.3668226e+14
      1924.56   1.3721337e+14
      1924.93   1.3744043e+14
      1925.30   1.3741937e+14
      1925.67   1.3741771e+14
      1926.04   1.3735014e+14
      1926.41   1.3716224e+14
      1926.78   1.3675114e+14
      1927.15   1.3622158e+14
      1927.53   1.3591589e+14
      1927.90   1.3527819e+14
      1928.27   1.3408873e+14
      1928.64   1.3324844e+14
      1929.01   1.3336155e+14
      1929.39   1.3350098e+14
      1929.76   1.3354909e+14
      1930.13   1.3404227e+14
      1930.50   1.3429267e+14
      1930.88   1.3375867e+14
      1931.25   1.3342864e+14
      1931.62   1.3330755e+14
      1931.99   1.3288972e+14
      1932.37   1.3269258e+14
      1932.74   1.3288856e+14
      1933.11   1.3299889e+14
      1933.49   1.3344516e+14
      1933.86   1.3429276e+14
      1934.24   1.3474235e+14
      1934.61   1.3465833e+14
      1934.98   1.3461332e+14
      1935.36   1.3459358e+14
      1935.73   1.3456024e+14
      1936.11   1.3477351e+14
      1936.48   1.3524808e+14
      1936.86   1.3546739e+14
      1937.23   1.3542643e+14
      1937.61   1.3528195e+14
      1937.98   1.3469248e+14
      1938.36   1.3325181e+14
      1938.74   1.3180669e+14
      1939.11   1.3101317e+14
      1939.49   1.3077203e+14
      1939.86   1.3109433e+14
      1940.24   1.3214458e+14
      1940.62   1.3312385e+14
      1940.99   1.3337940e+14
      1941.37   1.3308082e+14
      1941.75   1.3250449e+14
      1942.12   1.3164922e+14
      1942.50   1.3032319e+14
      1942.88   1.2845765e+14
      1943.26   1.2644662e+14
      1943.64   1.2443871e+14
      1944.01   1.2203256e+14
      1944.39   1.1959226e+14
      1944.77   1.1807440e+14
      1945.15   1.1736969e+14
      1945.53   1.1800665e+14
      1945.90   1.2020364e+14
      1946.28   1.2308055e+14
      1946.66   1.2561843e+14
      1947.04   1.2788487e+14
      1947.42   1.2929911e+14
      1947.80   1.3008230e+14
      1948.18   1.3069904e+14
      1948.56   1.3096095e+14
      1948.94   1.3058609e+14
      1949.32   1.3031414e+14
      1949.70   1.3025903e+14
      1950.08   1.2952247e+14
      1950.46   1.2801671e+14
      1950.84   1.2740422e+14
      1951.22   1.2734065e+14
      1951.60   1.2741553e+14
      1951.98   1.2832487e+14
      1952.36   1.3035814e+14
      1952.74   1.3193210e+14
      1953.12   1.3264616e+14
      1953.51   1.3288256e+14
      1953.89   1.3298122e+14
      1954.27   1.3307016e+14
      1954.65   1.3293868e+14
      1955.03   1.3256892e+14
      1955.42   1.3235369e+14
      1955.80   1.3227123e+14
      1956.18   1.3211885e+14
      1956.56   1.3198015e+14
      1956.95   1.3212421e+14
      1957.33   1.3220129e+14
      1957.71   1.3208524e+14
      1958.10   1.3195044e+14
      1958.48   1.3190920e+14
      1958.86   1.3167862e+14
      1959.25   1.3145881e+14
      1959.63   1.3136617e+14
      1960.02   1.3134453e+14
      1960.40   1.3136335e+14
      1960.78   1.3120743e+14
      1961.17   1.3064073e+14
      1961.55   1.3030985e+14
      1961.94   1.2988788e+14
      1962.32   1.2890956e+14
      1962.71   1.2826097e+14
      1963.09   1.2804002e+14
      1963.48   1.2740969e+14
      1963.86   1.2726665e+14
      1964.25   1.2791866e+14
      1964.64   1.2845320e+14
      1965.02   1.2868523e+14
      1965.41   1.2899153e+14
      1965.80   1.2889118e+14
      1966.18   1.2875715e+14
      1966.57   1.2887450e+14
      1966.95   1.2927717e+14
      1967.34   1.2972557e+14
      1967.73   1.3007307e+14
      1968.12   1.2998080e+14
      1968.50   1.2976453e+14
      1968.89   1.2962846e+14
      1969.28   1.2953304e+14
      1969.67   1.2955954e+14
      1970.06   1.2970607e+14
      1970.44   1.2967308e+14
      1970.83   1.2946253e+14
      1971.22   1.2908902e+14
      1971.61   1.2797492e+14
      1972.00   1.2616734e+14
      1972.39   1.2522300e+14
      1972.78   1.2470835e+14
      1973.17   1.2412495e+14
      1973.55   1.2458364e+14
      1973.94   1.2605430e+14
      1974.33   1.2677603e+14
      1974.72   1.2711525e+14
      1975.11   1.2767237e+14
      1975.50   1.2785774e+14
      1975.89   1.2769198e+14
      1976.28   1.2756898e+14
      1976.68   1.2739313e+14
      1977.07   1.2648861e+14
      1977.46   1.2480914e+14
      1977.85   1.2411385e+14
      1978.24   1.2401787e+14
      1978.63   1.2375355e+14
      1979.02   1.2378696e+14
      1979.41   1.2491073e+14
      1979.81   1.2519964e+14
      1980.20   1.2471796e+14
      1980.59   1.2465790e+14
      1980.98   1.2518631e+14
      1981.38   1.2542757e+14
      1981.77   1.2567595e+14
      1982.16   1.2602123e+14
      1982.55   1.2621784e+14
      1982.95   1.2610715e+14
      1983.34   1.2576168e+14
      1983.73   1.2547399e+14
      1984.13   1.2521320e+14
      1984.52   1.2464058e+14
      1984.92   1.2392378e+14
      1985.31   1.2375147e+14
      1985.70   1.2336812e+14
      1986.10   1.2273464e+14
      1986.49   1.2289007e+14
      1986.89   1.2365371e+14
      1987.28   1.2416857e+14
      1987.68   1.2480472e+14
      1988.07   1.2562836e+14
      1988.47   1.2592363e+14
      1988.86   1.2587356e+14
      1989.26   1.2580347e+14
      1989.65   1.2574437e+14
      1990.05   1.2568524e+14
      1990.45   1.2562005e+14
      1990.84   1.2548467e+14
      1991.24   1.2514476e+14
      1991.64   1.2462015e+14
      1992.03   1.2399106e+14
      1992.43   1.2321225e+14
      1992.83   1.2232877e+14
      1993.22   1.2166170e+14
      1993.62   1.2166886e+14
      1994.02   1.2204253e+14
      1994.42   1.2260813e+14
      1994.81   1.2333257e+14
      1995.21   1.2405738e+14
      1995.61   1.2413644e+14
      1996.01   1.2372304e+14
      1996.41   1.2332253e+14
      1996.81   1.2268666e+14
      1997.20   1.2199622e+14
      1997.60   1.2186171e+14
      1998.00   1.2214457e+14
      1998.40   1.2240139e+14
      1998.80   1.2292706e+14
      1999.20   1.2352736e+14
      1999.60   1.2372826e+14
      2000.00   1.2369663e+14
      2000.40   1.2361058e+14
      2000.80   1.2357486e+14
      2001.20   1.2351499e+14
      2001.60   1.2327162e+14
      2002.00   1.2277016e+14
      2002.40   1.2235418e+14
      2002.80   1.2194407e+14
      2003.20   1.2147832e+14
      2003.61   1.2136249e+14
      2004.01   1.2170663e+14
      2004.41   1.2188041e+14
      2004.81   1.2166361e+14
      2005.21   1.2156081e+14
      2005.62   1.2156599e+14
      2006.02   1.2153077e+14
      2006.42   1.2166733e+14
      2006.82   1.2216761e+14
      2007.23   1.2258728e+14
      2007.63   1.2267458e+14
      2008.03   1.2257585e+14
      2008.44   1.2242861e+14
      2008.84   1.2232069e+14
      2009.24   1.2222996e+14
      2009.65   1.2215938e+14
      2010.05   1.2209488e+14
      2010.45   1.2203945e+14
      2010.86   1.2195976e+14
      2011.26   1.2187389e+14
      2011.67   1.2176778e+14
      2012.07   1.2173551e+14
      2012.48   1.2171948e+14
      2012.88   1.2159299e+14
      2013.29   1.2132354e+14
      2013.69   1.2116446e+14
      2014.10   1.2108646e+14
      2014.50   1.2103983e+14
      2014.91   1.2108754e+14
      2015.32   1.2124695e+14
      2015.72   1.2125107e+14
      2016.13   1.2113946e+14
      2016.54   1.2102378e+14
      2016.94   1.2094355e+14
      2017.35   1.2089989e+14
      2017.76   1.2089279e+14
      2018.16   1.2089682e+14
      2018.57   1.2088468e+14
      2018.98   1.2075656e+14
      2019.39   1.2032546e+14
      2019.79   1.1951689e+14
      2020.20   1.1849032e+14
      2020.61   1.1762712e+14
      2021.02   1.1726630e+14
      2021.43   1.1724822e+14
      2021.84   1.1764757e+14
      2022.24   1.1844107e+14
      2022.65   1.1916058e+14
      2023.06   1.1942605e+14
      2023.47   1.1943491e+14
      2023.88   1.1922881e+14
      2024.29   1.1904197e+14
      2024.70   1.1892738e+14
      2025.11   1.1884031e+14
      2025.52   1.1894597e+14
      2025.93   1.1917410e+14
      2026.34   1.1920741e+14
      2026.75   1.1917140e+14
      2027.16   1.1913736e+14
      2027.57   1.1889713e+14
      2027.99   1.1847197e+14
      2028.40   1.1821417e+14
      2028.81   1.1772943e+14
      2029.22   1.1693600e+14
      2029.63   1.1639363e+14
      2030.05   1.1607691e+14
      2030.46   1.1599312e+14
      2030.87   1.1624262e+14
      2031.28   1.1687070e+14
      2031.69   1.1751327e+14
      2032.11   1.1815718e+14
      2032.52   1.1839814e+14
      2032.93   1.1846723e+14
      2033.35   1.1843199e+14
      2033.76   1.1793895e+14
      2034.17   1.1686300e+14
      2034.59   1.1616563e+14
      2035.00   1.1595360e+14
      2035.42   1.1592288e+14
      2035.83   1.1631450e+14
      2036.24   1.1725161e+14
      2036.66   1.1758008e+14
      2037.07   1.1690661e+14
      2037.49   1.1555375e+14
      2037.91   1.1469284e+14
      2038.32   1.1441762e+14
      2038.74   1.1444091e+14
      2039.15   1.1510594e+14
      2039.57   1.1641921e+14
      2039.98   1.1718247e+14
      2040.40   1.1719815e+14
      2040.82   1.1699189e+14
      2041.23   1.1684212e+14
      2041.65   1.1673955e+14
      2042.07   1.1668835e+14
      2042.48   1.1679959e+14
      2042.90   1.1705281e+14
      2043.32   1.1715489e+14
      2043.74   1.1712330e+14
      2044.15   1.1705566e+14
      2044.57   1.1702402e+14
      2044.99   1.1699750e+14
      2045.41   1.1694417e+14
      2045.83   1.1689699e+14
      2046.24   1.1680554e+14
      2046.66   1.1656978e+14
      2047.08   1.1629373e+14
      2047.50   1.1615258e+14
      2047.92   1.1609903e+14
      2048.34   1.1609705e+14
      2048.76   1.1616721e+14
      2049.18   1.1625912e+14
      2049.60   1.1612816e+14
      2050.02   1.1592391e+14
      2050.44   1.1577421e+14
      2050.86   1.1560897e+14
      2051.28   1.1533009e+14
      2051.70   1.1492712e+14
      2052.12   1.1461802e+14
      2052.54   1.1446275e+14
      2052.97   1.1439637e+14
      2053.39   1.1440947e+14
      2053.81   1.1472873e+14
      2054.23   1.1502327e+14
      2054.65   1.1512657e+14
      2055.08   1.1514295e+14
      2055.50   1.1516971e+14
      2055.92   1.1512404e+14
      2056.34   1.1505247e+14
      2056.77   1.1499226e+14
      2057.19   1.1485949e+14
      2057.61   1.1461065e+14
      2058.04   1.1451821e+14
      2058.46   1.1444535e+14
      2058.88   1.1433623e+14
      2059.31   1.1421774e+14
      2059.73   1.1382953e+14
      2060.16   1.1301590e+14
      2060.58   1.1262733e+14
      2061.01   1.1258103e+14
      2061.43   1.1269557e+14
      2061.85   1.1317343e+14
      2062.28   1.1343251e+14
      2062.71   1.1235503e+14
      2063.13   1.1128235e+14
      2063.56   1.1089286e+14
      2063.98   1.1078475e+14
      2064.41   1.1119010e+14
      2064.84   1.1246582e+14
      2065.26   1.1345710e+14
      2065.69   1.1370105e+14
      2066.12   1.1371001e+14
      2066.54   1.1363676e+14
      2066.97   1.1343025e+14
      2067.40   1.1322261e+14
      2067.82   1.1313987e+14
      2068.25   1.1310180e+14
      2068.68   1.1306064e+14
      2069.11   1.1276838e+14
      2069.54   1.1196022e+14
      2069.97   1.1151863e+14
      2070.39   1.1134572e+14
      2070.82   1.1116027e+14
      2071.25   1.1122920e+14
      2071.68   1.1195213e+14
      2072.11   1.1231542e+14
      2072.54   1.1240137e+14
      2072.97   1.1254367e+14
      2073.40   1.1278723e+14
      2073.83   1.1288893e+14
      2074.26   1.1286333e+14
      2074.69   1.1281153e+14
      2075.12   1.1275655e+14
      2075.55   1.1267966e+14
      2075.98   1.1258284e+14
      2076.41   1.1248704e+14
      2076.84   1.1241105e+14
      2077.27   1.1233507e+14
      2077.71   1.1225901e+14
      2078.14   1.1204901e+14
      2078.57   1.1156265e+14
      2079.00   1.1121947e+14
      2079.43   1.1093060e+14
      2079.87   1.1059346e+14
      2080.30   1.1046356e+14
      2080.73   1.1071069e+14
      2081.17   1.1083123e+14
      2081.60   1.1085010e+14
      2082.03   1.1079453e+14
      2082.47   1.1042026e+14
      2082.90   1.0995975e+14
      2083.33   1.0968268e+14
      2083.77   1.0953871e+14
      2084.20   1.0963922e+14
      2084.64   1.1005250e+14
      2085.07   1.1042925e+14
      2085.51   1.1066754e+14
      2085.94   1.1081243e+14
      2086.38   1.1078511e+14
      2086.81   1.1075988e+14
      2087.25   1.1076305e+14
      2087.68   1.1067686e+14
      2088.12   1.1059273e+14
      2088.55   1.1055693e+14
      2088.99   1.1049165e+14
      2089.43   1.1045475e+14
      2089.86   1.1036946e+14
      2090.30   1.1011469e+14
      2090.74   1.0978086e+14
      2091.18   1.0899203e+14
      2091.61   1.0799547e+14
      2092.05   1.0753034e+14
      2092.49   1.0737585e+14
      2092.93   1.0747631e+14
      2093.36   1.0792565e+14
      2093.80   1.0832668e+14
      2094.24   1.0835360e+14
      2094.68   1.0809260e+14
      2095.12   1.0790845e+14
      2095.56   1.0792263e+14
      2096.00   1.0811837e+14
      2096.44   1.0828668e+14
      2096.88   1.0854800e+14
      2097.31   1.0868055e+14
      2097.75   1.0869808e+14
      2098.20   1.0863959e+14
      2098.64   1.0858735e+14
      2099.08   1.0869362e+14
      2099.52   1.0866361e+14
      2099.96   1.0850986e+14
      2100.40   1.0857178e+14
      2100.84   1.0863796e+14
      2101.28   1.0860792e+14
      2101.72   1.0849738e+14
      2102.17   1.0833922e+14
      2102.61   1.0822862e+14
      2103.05   1.0816249e+14
      2103.49   1.0811320e+14
      2103.93   1.0819949e+14
      2104.38   1.0847126e+14
      2104.82   1.0862974e+14
      2105.26   1.0863565e+14
      2105.71   1.0860345e+14
      2106.15   1.0854675e+14
      2106.59   1.0845828e+14
      2107.04   1.0836869e+14
      2107.48   1.0824823e+14
      2107.93   1.0807369e+14
      2108.37   1.0770687e+14
      2108.81   1.0707663e+14
      2109.26   1.0667763e+14
      2109.71   1.0655037e+14
      2110.15   1.0653353e+14
      2110.59   1.0673453e+14
      2111.04   1.0719605e+14
      2111.49   1.0741958e+14
      2111.93   1.0733174e+14
      2112.38   1.0722571e+14
      2112.82   1.0716857e+14
      2113.27   1.0713269e+14
      2113.72   1.0710851e+14
      2114.17   1.0715247e+14
      2114.61   1.0715703e+14
      2115.06   1.0699652e+14
      2115.51   1.0660698e+14
      2115.95   1.0586778e+14
      2116.40   1.0548634e+14
      2116.85   1.0538077e+14
      2117.30   1.0536363e+14
      2117.75   1.0563015e+14
      2118.20   1.0612601e+14
      2118.64   1.0599062e+14
      2119.09   1.0562579e+14
      2119.54   1.0548596e+14
      2119.99   1.0537915e+14
      2120.44   1.0528088e+14
      2120.89   1.0531711e+14
      2121.34   1.0549966e+14
      2121.79   1.0548144e+14
      2122.24   1.0527836e+14
      2122.69   1.0504423e+14
      2123.14   1.0473834e+14
      2123.59   1.0433503e+14
      2124.04   1.0416362e+14
      2124.50   1.0421040e+14
      2124.95   1.0434806e+14
      2125.40   1.0449113e+14
      2125.85   1.0447376e+14
      2126.30   1.0443924e+14
      2126.75   1.0442508e+14
      2127.21   1.0442479e+14
      2127.66   1.0461200e+14
      2128.11   1.0495031e+14
      2128.56   1.0501766e+14
      2129.02   1.0484927e+14
      2129.47   1.0477401e+14
      2129.93   1.0476097e+14
      2130.38   1.0477359e+14
      2130.83   1.0483240e+14
      2131.29   1.0495026e+14
      2131.74   1.0494470e+14
      2132.20   1.0487050e+14
      2132.65   1.0479408e+14
      2133.11   1.0468864e+14
      2133.56   1.0458315e+14
      2134.02   1.0447008e+14
      2134.47   1.0409048e+14
      2134.93   1.0323448e+14
      2135.38   1.0281357e+14
      2135.84   1.0270756e+14
      2136.30   1.0266821e+14
      2136.75   1.0292895e+14
      2137.21   1.0371281e+14
      2137.67   1.0409230e+14
      2138.12   1.0409948e+14
      2138.58   1.0399898e+14
      2139.04   1.0393181e+14
      2139.50   1.0389912e+14
      2139.95   1.0389010e+14
      2140.41   1.0391987e+14
      2140.87   1.0400031e+14
      2141.33   1.0401075e+14
      2141.79   1.0396829e+14
      2142.25   1.0390213e+14
      2142.70   1.0380248e+14
      2143.16   1.0373191e+14
      2143.62   1.0363653e+14
      2144.08   1.0347519e+14
      2144.54   1.0331167e+14
      2145.00   1.0306059e+14
      2145.46   1.0281588e+14
      2145.92   1.0278505e+14
      2146.38   1.0293136e+14
      2146.84   1.0305183e+14
      2147.30   1.0327829e+14
      2147.77   1.0347998e+14
      2148.23   1.0348493e+14
      2148.69   1.0341086e+14
      2149.15   1.0333246e+14
      2149.61   1.0325403e+14
      2150.07   1.0318096e+14
      2150.54   1.0311332e+14
      2151.00   1.0301959e+14
      2151.46   1.0288144e+14
      2151.93   1.0265007e+14
      2152.39   1.0250201e+14
      2152.85   1.0239296e+14
      2153.32   1.0226537e+14
      2153.78   1.0220500e+14
      2154.24   1.0228125e+14
      2154.71   1.0229135e+14
      2155.17   1.0227868e+14
      2155.64   1.0228774e+14
      2156.10   1.0226426e+14
      2156.57   1.0221141e+14
      2157.03   1.0215312e+14
      2157.50   1.0208720e+14
      2157.96   1.0197997e+14
      2158.43   1.0183793e+14
      2158.90   1.0170126e+14
      2159.36   1.0156669e+14
      2159.83   1.0142116e+14
      2160.29   1.0125823e+14
      2160.76   1.0102231e+14
      2161.23   1.0075146e+14
      2161.70   1.0050553e+14
      2162.16   1.0021158e+14
      2162.63   9.9861987e+13
      2163.10   9.9486118e+13
      2163.57   9.8932510e+13
      2164.03   9.7945004e+13
      2164.50   9.6251973e+13
      2164.97   9.3784313e+13
      2165.44   9.1570636e+13
      2165.91   9.0474854e+13
      2166.38   9.0413692e+13
      2166.85   9.1387838e+13
      2167.32   9.3443835e+13
      2167.79   9.5655700e+13
      2168.26   9.7107609e+13
      2168.73   9.7937733e+13
      2169.20   9.8579274e+13
      2169.67   9.9029949e+13
      2170.14   9.9279769e+13
      2170.61   9.9408390e+13
      2171.08   9.9460530e+13
      2171.55   9.9543340e+13
      2172.02   9.9626133e+13
      2172.50   9.9643382e+13
      2172.97   9.9626740e+13
      2173.44   9.9713960e+13
      2173.91   9.9709360e+13
      2174.39   9.9689411e+13
      2174.86   9.9628935e+13
      2175.33   9.9432647e+13
      2175.80   9.9109178e+13
      2176.28   9.8995994e+13
      2176.75   9.8934211e+13
      2177.23   9.8590721e+13
      2177.70   9.7847958e+13
      2178.18   9.7757441e+13
      2178.65   9.7814898e+13
      2179.12   9.7848293e+13
      2179.60   9.8251512e+13
      2180.07   9.9183945e+13
      2180.55   9.9505275e+13
      2181.02   9.9217311e+13
      2181.50   9.8505273e+13
      2181.98   9.8170824e+13
      2182.45   9.8061463e+13
      2182.93   9.7992732e+13
      2183.41   9.8219708e+13
      2183.88   9.8841511e+13
      2184.36   9.9089654e+13
      2184.84   9.9126678e+13
      2185.31   9.9176980e+13
      2185.79   9.9173327e+13
      2186.27   9.9078354e+13
      2186.75   9.8800551e+13
      2187.23   9.8054649e+13
      2187.71   9.7024178e+13
      2188.18   9.6570596e+13
      2188.66   9.6328382e+13
      2189.14   9.6104782e+13
      2189.62   9.6526006e+13
      2190.10   9.7344412e+13
      2190.58   9.7588545e+13
      2191.06   9.7634204e+13
      2191.54   9.7822219e+13
      2192.02   9.7829302e+13
      2192.50   9.7714955e+13
      2192.98   9.7578508e+13
      2193.46   9.7455306e+13
      2193.95   9.7351866e+13
      2194.43   9.7266042e+13
      2194.91   9.7166958e+13
      2195.39   9.7060062e+13
      2195.87   9.6946493e+13
      2196.35   9.6868230e+13
      2196.84   9.6822001e+13
      2197.32   9.6775793e+13
      2197.80   9.6745046e+13
      2198.28   9.6729770e+13
      2198.77   9.6648104e+13
      2199.25   9.6560805e+13
      2199.74   9.6465756e+13
      2200.22   9.6328556e+13
      2200.70   9.6207916e+13
      2201.19   9.6134857e+13
      2201.67   9.6050723e+13
      2202.16   9.6003118e+13
      2202.64   9.6010940e+13
      2203.13   9.6026520e+13
      2203.61   9.6022174e+13
      2204.10   9.5961227e+13
      2204.58   9.5620479e+13
      2205.07   9.4773406e+13
      2205.56   9.3878184e+13
      2206.04   9.2810428e+13
      2206.53   9.2335407e+13
      2207.02   9.2296910e+13
      2207.50   9.2682952e+13
      2207.99   9.2866874e+13
      2208.48   9.3565697e+13
      2208.97   9.3922255e+13
      2209.46   9.4126574e+13
      2209.95   9.4389941e+13
      2210.43   9.4880449e+13
      2210.92   9.5019455e+13
      2211.41   9.4981460e+13
      2211.90   9.4911160e+13
      2212.39   9.4827446e+13
      2212.88   9.4737052e+13
      2213.37   9.4673350e+13
      2213.86   9.4614073e+13
      2214.35   9.4531354e+13
      2214.84   9.4396165e+13
      2215.33   9.4158319e+13
      2215.82   9.3793173e+13
      2216.31   9.3476952e+13
      2216.80   9.3334704e+13
      2217.29   9.3252702e+13
      2217.79   9.3383940e+13
      2218.28   9.3677168e+13
      2218.77   9.3911308e+13
      2219.26   9.3975703e+13
      2219.76   9.4025631e+13
      2220.25   9.3969372e+13
      2220.74   9.3849348e+13
      2221.24   9.3768418e+13
      2221.73   9.3707607e+13
      2222.22   9.3618744e+13
      2222.72   9.3538833e+13
      2223.21   9.3502517e+13
      2223.71   9.3415852e+13
      2224.20   9.3333574e+13
      2224.69   9.3147130e+13
      2225.19   9.2646886e+13
      2225.68   9.2181170e+13
      2226.18   9.2050391e+13
      2226.68   9.1964404e+13
      2227.17   9.1887294e+13
      2227.67   9.2201620e+13
      2228.16   9.2564361e+13
      2228.66   9.2634377e+13
      2229.16   9.2602250e+13
      2229.65   9.2621783e+13
      2230.15   9.2632369e+13
      2230.65   9.2546310e+13
      2231.15   9.2444533e+13
      2231.65   9.2417983e+13
      2232.14   9.2461096e+13
      2232.64   9.2450252e+13
      2233.14   9.2423688e+13
      2233.64   9.2348708e+13
      2234.14   9.2243358e+13
      2234.64   9.2145876e+13
      2235.14   9.2035907e+13
      2235.64   9.1961940e+13
      2236.14   9.1872168e+13
      2236.64   9.1715909e+13
      2237.14   9.1423278e+13
      2237.64   9.0922127e+13
      2238.14   9.0611181e+13
      2238.64   9.0427441e+13
      2239.14   9.0275185e+13
      2239.64   9.0408196e+13
      2240.14   9.0840085e+13
      2240.65   9.1035332e+13
      2241.15   9.1020703e+13
      2241.65   9.0910205e+13
      2242.15   9.0774774e+13
      2242.66   9.0606564e+13
      2243.16   9.0509417e+13
      2243.66   9.0548956e+13
      2244.17   9.0736475e+13
      2244.67   9.0795265e+13
      2245.17   9.0803230e+13
      2245.68   9.0770474e+13
      2246.18   9.0626869e+13
      2246.69   9.0267190e+13
      2247.19   8.9919763e+13
      2247.70   8.9771364e+13
      2248.20   8.9697583e+13
      2248.71   8.9673638e+13
      2249.21   8.9880670e+13
      2249.72   9.0084396e+13
      2250.23   9.0071817e+13
      2250.73   9.0021816e+13
      2251.24   8.9967298e+13
      2251.75   8.9878731e+13
      2252.25   8.9761759e+13
      2252.76   8.9514335e+13
      2253.27   8.8910534e+13
      2253.77   8.8643481e+13
      2254.28   8.8555657e+13
      2254.79   8.8399693e+13
      2255.30   8.8480930e+13
      2255.81   8.8868888e+13
      2256.32   8.8991169e+13
      2256.83   8.9038504e+13
      2257.34   8.9143818e+13
      2257.85   8.9178732e+13
      2258.36   8.9248899e+13
      2258.87   8.9264502e+13
      2259.38   8.9225496e+13
      2259.89   8.9171718e+13
      2260.40   8.8992709e+13
      2260.91   8.8711160e+13
      2261.42   8.8104978e+13
      2261.93   8.7696714e+13
      2262.44   8.7562794e+13
      2262.96   8.7639529e+13
      2263.47   8.7809822e+13
      2263.98   8.8179619e+13
      2264.49   8.8256594e+13
      2265.01   8.8175098e+13
      2265.52   8.8078728e+13
      2266.03   8.7976591e+13
      2266.55   8.8038774e+13
      2267.06   8.8186590e+13
      2267.57   8.8215677e+13
      2268.09   8.8179762e+13
      2268.60   8.8147248e+13
      2269.12   8.8106678e+13
      2269.63   8.8005549e+13
      2270.15   8.7801496e+13
      2270.66   8.7707140e+13
      2271.18   8.7701911e+13
      2271.70   8.7701261e+13
      2272.21   8.7750927e+13
      2272.73   8.7887578e+13
      2273.24   8.7814861e+13
      2273.76   8.7522311e+13
      2274.28   8.7364728e+13
      2274.79   8.7260900e+13
      2275.31   8.7202872e+13
      2275.83   8.7247920e+13
      2276.35   8.7452302e+13
      2276.87   8.7508872e+13
      2277.39   8.7489797e+13
      2277.90   8.7408794e+13
      2278.42   8.7324320e+13
      2278.94   8.7224911e+13
      2279.46   8.7068022e+13
      2279.98   8.6571308e+13
      2280.50   8.5535860e+13
      2281.02   8.4989166e+13
      2281.54   8.4694937e+13
      2282.06   8.4612008e+13
      2282.58   8.4853125e+13
      2283.10   8.5695531e+13
      2283.63   8.6025514e+13
      2284.15   8.6046322e+13
      2284.67   8.6013069e+13
      2285.19   8.5977479e+13
      2285.71   8.5947622e+13
      2286.24   8.5964969e+13
      2286.76   8.6030672e+13
      2287.28   8.6020388e+13
      2287.81   8.6031981e+13
      2288.33   8.5992915e+13
      2288.85   8.5929575e+13
      2289.38   8.5891593e+13
      2289.90   8.5822510e+13
      2290.43   8.5684142e+13
      2290.95   8.5628786e+13
      2291.48   8.5595326e+13
      2292.00   8.5416428e+13
      2292.53   8.4878481e+13
      2293.05   8.4392266e+13
      2293.58   8.3993578e+13
      2294.10   8.3615490e+13
      2294.63   8.3405939e+13
      2295.16   8.3546388e+13
      2295.68   8.3622211e+13
      2296.21   8.3384758e+13
      2296.74   8.3343811e+13
      2297.27   8.3442756e+13
      2297.79   8.3616966e+13
      2298.32   8.3846795e+13
      2298.85   8.4189028e+13
      2299.38   8.4275513e+13
      2299.91   8.4331974e+13
      2300.44   8.4315471e+13
      2300.97   8.4326803e+13
      2301.50   8.4407618e+13
      2302.03   8.4420099e+13
      2302.56   8.4352603e+13
      2303.09   8.4289702e+13
      2303.62   8.4200120e+13
      2304.15   8.4104655e+13
      2304.68   8.4084590e+13
      2305.21   8.4075001e+13
      2305.74   8.4050251e+13
      2306.27   8.4076611e+13
      2306.80   8.4040265e+13
      2307.34   8.4013177e+13
      2307.87   8.3862944e+13
      2308.40   8.3703332e+13
      2308.94   8.3598280e+13
      2309.47   8.3567578e+13
      2310.00   8.3500797e+13
      2310.54   8.3532900e+13
      2311.07   8.3599925e+13
      2311.60   8.3580836e+13
      2312.14   8.3539645e+13
      2312.67   8.3489125e+13
      2313.21   8.3377955e+13
      2313.74   8.3137492e+13
      2314.28   8.2894559e+13
      2314.81   8.2764580e+13
      2315.35   8.2635682e+13
      2315.89   8.2398260e+13
      2316.42   8.2396316e+13
      2316.96   8.2408384e+13
      2317.50   8.2177762e+13
      2318.03   8.2090566e+13
      2318.57   8.2180807e+13
      2319.11   8.2234839e+13
      2319.65   8.2337976e+13
      2320.19   8.2560352e+13
      2320.72   8.2625031e+13
      2321.26   8.2355521e+13
      2321.80   8.1453462e+13
      2322.34   8.0690116e+13
      2322.88   8.0141593e+13
      2323.42   7.9665368e+13
      2323.96   7.9428793e+13
      2324.50   7.9733949e+13
      2325.04   7.9859018e+13
      2325.58   7.9939682e+13
      2326.12   8.0096528e+13
      2326.66   8.0361252e+13
      2327.21   8.0616684e+13
      2327.75   8.0888659e+13
      2328.29   8.1004853e+13
      2328.83   8.1050739e+13
      2329.37   8.0964112e+13
      2329.92   8.0880984e+13
      2330.46   8.0814238e+13
      2331.00   8.0715765e+13
      2331.55   8.0625488e+13
      2332.09   8.0644364e+13
      2332.63   8.0655014e+13
      2333.18   8.0752584e+13
      2333.72   8.0706843e+13
      2334.27   8.0388462e+13
      2334.81   8.0208620e+13
      2335.36   8.0293181e+13
      2335.90   8.0257818e+13
      2336.45   8.0367125e+13
      2337.00   8.0487067e+13
      2337.54   8.0117445e+13
      2338.09   7.9838328e+13
      2338.63   7.9807490e+13
      2339.18   7.9736610e+13
      2339.73   7.9923714e+13
      2340.28   8.0342976e+13
      2340.82   8.0542075e+13
      2341.37   8.0523180e+13
      2341.92   8.0474779e+13
      2342.47   8.0408693e+13
      2343.02   8.0349647e+13
      2343.57   8.0239819e+13
      2344.12   8.0106334e+13
      2344.67   8.0036564e+13
      2345.22   7.9960847e+13
      2345.77   7.9914619e+13
      2346.32   7.9899068e+13
      2346.87   7.9851639e+13
      2347.42   7.9828994e+13
      2347.97   7.9821706e+13
      2348.52   7.9787232e+13
      2349.07   7.9751526e+13
      2349.62   7.9733573e+13
      2350.18   7.9610285e+13
      2350.73   7.9244344e+13
      2351.28   7.8555003e+13
      2351.83   7.7743399e+13
      2352.39   7.7144629e+13
      2352.94   7.6770617e+13
      2353.50   7.6627523e+13
      2354.05   7.6874284e+13
      2354.60   7.7298979e+13
      2355.16   7.7519952e+13
      2355.71   7.7560768e+13
      2356.27   7.7415350e+13
      2356.82   7.7333931e+13
      2357.38   7.7345041e+13
      2357.94   7.7413204e+13
      2358.49   7.7540691e+13
      2359.05   7.7814389e+13
      2359.60   7.7984841e+13
      2360.16   7.8054365e+13
      2360.72   7.8107276e+13
      2361.27   7.8042505e+13
      2361.83   7.8008649e+13
      2362.39   7.7999756e+13
      2362.95   7.7975360e+13
      2363.51   7.7867691e+13
      2364.07   7.7792064e+13
      2364.62   7.7773571e+13
      2365.19   7.7771763e+13
      2365.74   7.7756784e+13
      2366.30   7.7795443e+13
      2366.86   7.7853187e+13
      2367.42   7.7767906e+13
      2367.99   7.7713604e+13
      2368.55   7.7568627e+13
      2369.11   7.7294770e+13
      2369.67   7.7159160e+13
      2370.23   7.7126141e+13
      2370.79   7.7116981e+13
      2371.35   7.7070788e+13
      2371.92   7.7160732e+13
      2372.48   7.6857697e+13
      2373.04   7.6133968e+13
      2373.60   7.5668030e+13
      2374.17   7.5515071e+13
      2374.73   7.5523441e+13
      2375.30   7.5816431e+13
      2375.86   7.6516244e+13
      2376.43   7.6937634e+13
      2376.99   7.7009753e+13
      2377.56   7.6977757e+13
      2378.12   7.6864325e+13
      2378.69   7.6749657e+13
      2379.25   7.6640917e+13
      2379.82   7.6566871e+13
      2380.39   7.6539543e+13
      2380.95   7.6538538e+13
      2381.52   7.6176647e+13
      2382.09   7.5336067e+13
      2382.65   7.4642609e+13
      2383.22   7.3833645e+13
      2383.79   7.3056695e+13
      2384.36   7.2719969e+13
      2384.93   7.2892174e+13
      2385.50   7.2801486e+13
      2386.06   7.3036310e+13
      2386.64   7.3375813e+13
      2387.21   7.3684224e+13
      2387.77   7.3923036e+13
      2388.34   7.4321891e+13
      2388.92   7.4467176e+13
      2389.49   7.4540311e+13
      2390.06   7.4502779e+13
      2390.63   7.4479713e+13
      2391.20   7.4436123e+13
      2391.77   7.4231175e+13
      2392.34   7.4108024e+13
      2392.92   7.4117358e+13
      2393.49   7.4041133e+13
      2394.06   7.4003432e+13
      2394.64   7.4063364e+13
      2395.21   7.4091951e+13
      2395.78   7.4003565e+13
      2396.36   7.4030951e+13
      2396.93   7.3970271e+13
      2397.51   7.4031486e+13
