# Numerical radiation field:  solar
# wavelength: nm
# intensity: photons.s-1.cm-2.nm-1
# wavelength intensity
67.05700 3.86819e+02
67.06149 4.18047e+02
67.06597 4.88940e+02
67.07045 4.59715e+02
67.07493 4.73280e+02
67.07941 5.63424e+02
67.08390 6.07026e+02
67.08838 7.14808e+02
67.09286 8.29908e+02
67.09734 8.21776e+02
67.10182 7.52411e+02
67.10631 7.19869e+02
67.11079 6.60881e+02
67.11527 6.74861e+02
67.11975 8.72685e+02
67.12423 1.07205e+03
67.12872 1.49809e+03
67.13320 1.97505e+03
67.13768 1.99868e+03
67.14216 1.59755e+03
67.14664 1.16913e+03
67.15113 8.63859e+02
67.15561 7.91645e+02
67.16009 7.28565e+02
67.16457 7.08812e+02
67.16906 8.25748e+02
67.17354 8.85322e+02
67.17802 8.55744e+02
67.18250 7.50379e+02
67.18698 6.44371e+02
67.19147 6.79324e+02
67.19595 7.71460e+02
67.20043 6.96861e+02
67.20491 6.36698e+02
67.20939 5.20405e+02
67.21388 5.25650e+02
67.21836 4.72907e+02
67.22284 5.05330e+02
67.22732 4.86601e+02
67.23181 5.05905e+02
67.23629 4.13157e+02
67.24077 3.88139e+02
67.24525 4.20812e+02
67.24974 4.50121e+02
67.25422 4.58761e+02
67.25870 4.21493e+02
67.26318 4.37445e+02
67.26766 4.29156e+02
67.27215 5.34334e+02
67.27663 6.75455e+02
67.28111 7.83097e+02
67.28559 1.06918e+03
67.29008 1.18411e+03
67.29456 9.58007e+02
67.29904 9.57027e+02
67.30352 6.81359e+02
67.30801 5.78545e+02
67.31249 4.49413e+02
67.31697 4.58503e+02
67.32145 4.58518e+02
67.32594 4.80173e+02
67.33042 5.06973e+02
67.33490 5.00052e+02
67.33938 4.39108e+02
67.34387 5.02543e+02
67.34835 4.77838e+02
67.35283 4.48643e+02
67.35731 4.22419e+02
67.36180 4.73519e+02
67.36628 5.86255e+02
67.37076 7.57567e+02
67.37524 8.67285e+02
67.37973 8.05837e+02
67.38421 6.56107e+02
67.38869 5.39906e+02
67.39317 5.47031e+02
67.39766 4.98943e+02
67.40214 4.13135e+02
67.40662 4.37391e+02
67.41111 4.02421e+02
67.41559 4.52811e+02
67.42007 5.11029e+02
67.42455 5.45650e+02
67.42904 6.25576e+02
67.43352 6.33978e+02
67.43800 6.80651e+02
67.44248 7.21937e+02
67.44697 7.08319e+02
67.45145 6.78759e+02
67.45593 5.83783e+02
67.46041 4.67451e+02
67.46490 5.04239e+02
67.46938 4.13595e+02
67.47386 4.76963e+02
67.47835 5.00001e+02
67.48283 4.70485e+02
67.48731 4.84668e+02
67.49179 4.93360e+02
67.49628 4.84481e+02
67.50076 4.62568e+02
67.50524 4.11907e+02
67.50973 4.79009e+02
67.51421 5.60034e+02
67.51869 4.88714e+02
67.52317 4.55411e+02
67.52766 4.63673e+02
67.53214 4.70044e+02
67.53662 5.14408e+02
67.54111 4.94560e+02
67.54559 5.14655e+02
67.55007 4.91521e+02
67.55455 4.70494e+02
67.55904 4.76956e+02
67.56352 5.07296e+02
67.56800 5.04606e+02
67.57249 5.09103e+02
67.57697 4.85488e+02
67.58145 5.52657e+02
67.58594 4.62987e+02
67.59042 5.45120e+02
67.60690 5.34690e+02
67.60718 5.06946e+02
67.61166 5.49508e+02
67.61615 5.32463e+02
67.62063 5.69975e+02
67.62511 6.45076e+02
67.62960 6.74322e+02
67.63408 8.24770e+02
67.63856 1.13363e+03
67.64305 1.40579e+03
67.64753 1.59423e+03
67.65201 1.61125e+03
67.65650 1.35872e+03
67.66098 1.10346e+03
67.66546 8.26828e+02
67.66994 9.01355e+02
67.67443 1.06937e+03
67.67891 1.15334e+03
67.68340 1.07582e+03
67.68788 9.05617e+02
67.69236 5.87557e+02
67.69684 5.96279e+02
67.70133 5.09787e+02
67.70581 4.63301e+02
67.71029 4.84770e+02
67.71478 4.28757e+02
67.71926 5.40892e+02
67.72374 5.50205e+02
67.72823 5.19772e+02
67.73271 5.44567e+02
67.73719 5.33305e+02
67.74168 5.42559e+02
67.74616 5.22262e+02
67.75064 5.13341e+02
67.75513 5.77748e+02
67.75961 7.12761e+02
67.76409 9.83899e+02
67.76858 1.32950e+03
67.77306 1.53908e+03
67.77755 1.38506e+03
67.78203 1.12916e+03
67.78651 8.48505e+02
67.79099 6.66513e+02
67.79548 6.55489e+02
67.79996 6.41801e+02
67.80445 5.73384e+02
67.80893 5.95935e+02
67.81341 5.81097e+02
67.81790 5.60873e+02
67.82238 6.90127e+02
67.82686 6.30860e+02
67.83135 7.76054e+02
67.83583 1.21245e+03
67.84031 1.90981e+03
67.84480 2.14626e+03
67.84928 1.88938e+03
67.85376 1.36833e+03
67.85825 8.91753e+02
67.86273 7.03944e+02
67.86722 6.56586e+02
67.87170 5.94774e+02
67.87618 5.38106e+02
67.88067 6.71727e+02
67.88515 6.43971e+02
67.88963 6.67867e+02
67.89412 6.78060e+02
67.89860 7.47481e+02
67.90309 1.02266e+03
67.90757 1.23111e+03
67.91205 1.21624e+03
67.91654 1.06615e+03
67.92102 7.66018e+02
67.92550 6.43602e+02
67.92999 6.14695e+02
67.93447 6.57783e+02
67.93896 6.49730e+02
67.94344 5.62357e+02
67.94792 5.88686e+02
67.95241 5.97973e+02
67.95689 5.26072e+02
67.96138 6.05649e+02
67.96586 5.92006e+02
67.97034 6.40379e+02
67.97483 6.59732e+02
67.97931 7.15835e+02
67.98379 7.54546e+02
67.98828 7.01921e+02
67.99276 6.83313e+02
67.99725 7.69789e+02
68.00173 8.94750e+02
68.00621 8.96325e+02
68.01070 9.06512e+02
68.01518 1.11038e+03
68.01967 1.33315e+03
68.02415 1.77939e+03
68.02863 2.44730e+03
68.03312 3.02373e+03
68.03760 3.28525e+03
68.04209 2.94407e+03
68.04657 2.79200e+03
68.05105 2.42275e+03
68.05554 2.89178e+03
68.06002 4.42712e+03
68.06451 5.41353e+03
68.06899 6.03483e+03
68.07347 5.44837e+03
68.07796 3.65717e+03
68.08244 2.89793e+03
68.08693 2.89577e+03
68.09141 3.17924e+03
68.09589 3.44157e+03
68.10038 3.13714e+03
68.10486 2.45565e+03
68.10935 1.78348e+03
68.11383 1.39772e+03
68.11831 1.30855e+03
68.12280 1.30392e+03
68.12728 1.25646e+03
68.13177 1.33049e+03
68.13625 1.47099e+03
68.14074 1.69467e+03
68.14522 2.09730e+03
68.14970 2.71536e+03
68.15419 4.05396e+03
68.15867 5.86897e+03
68.16316 7.85418e+03
68.16764 9.34680e+03
68.17213 9.00944e+03
68.17661 7.10585e+03
68.18109 4.53797e+03
68.18558 2.57062e+03
68.19006 1.61009e+03
68.19455 1.23170e+03
68.19903 1.00559e+03
68.20352 1.04446e+03
68.20800 1.09191e+03
68.21249 9.35023e+02
68.21697 1.04771e+03
68.22145 1.01180e+03
68.22594 1.11536e+03
68.23042 9.77441e+02
68.23491 1.02717e+03
68.23939 9.79192e+02
68.24388 9.61254e+02
68.24836 1.00814e+03
68.25284 9.67889e+02
68.25733 9.39978e+02
68.26181 9.57743e+02
68.26630 1.03085e+03
68.27078 1.04457e+03
68.27527 9.69045e+02
68.27975 9.96330e+02
68.28424 1.03250e+03
68.28872 1.13216e+03
68.29321 1.16084e+03
68.29769 1.17113e+03
68.30218 1.31661e+03
68.30666 1.32653e+03
68.31114 1.33017e+03
68.31563 1.17685e+03
68.32011 1.16037e+03
68.32460 1.19553e+03
68.32908 1.15452e+03
68.33357 1.27946e+03
68.33805 1.52455e+03
68.34254 2.00236e+03
68.34702 2.82802e+03
68.35151 3.74311e+03
68.35599 4.45927e+03
68.36047 4.12196e+03
68.36496 3.21164e+03
68.36944 2.01107e+03
68.37393 1.39428e+03
68.37841 1.21265e+03
68.38290 1.02050e+03
68.38738 1.14934e+03
68.39187 1.22992e+03
68.39635 1.18075e+03
68.40084 1.38533e+03
68.40532 1.43839e+03
68.40981 1.18204e+03
68.41429 1.24140e+03
68.41878 1.04779e+03
68.42326 9.28023e+02
68.42775 1.04149e+03
68.43223 9.77186e+02
68.43672 9.50912e+02
68.44120 1.08763e+03
68.44569 1.02067e+03
68.45017 1.07909e+03
68.45466 1.25283e+03
68.45914 1.32072e+03
68.46363 1.25160e+03
68.46811 1.63467e+03
68.47260 1.73235e+03
68.47708 1.93079e+03
68.48157 2.68855e+03
68.48605 4.48270e+03
68.49053 7.55716e+03
68.49502 9.48618e+03
68.49950 9.33871e+03
68.50399 7.47867e+03
68.50848 4.85840e+03
68.51296 2.91058e+03
68.51744 1.92402e+03
68.52193 1.58613e+03
68.52642 1.86591e+03
68.53090 2.78417e+03
68.53539 4.89527e+03
68.53987 9.03744e+03
68.54436 1.45840e+04
68.54884 1.86553e+04
68.55333 1.83247e+04
68.55781 1.39638e+04
68.56230 1.14835e+04
68.56678 1.52620e+04
68.57127 2.54397e+04
68.57575 3.72961e+04
68.58024 4.29016e+04
68.58472 3.84737e+04
68.58921 2.59872e+04
68.59369 1.36647e+04
68.59818 6.34078e+03
68.60266 3.08936e+03
68.60715 1.94277e+03
68.61163 1.77270e+03
68.61612 2.38598e+03
68.62060 3.94588e+03
68.62509 6.23471e+03
68.62957 8.89951e+03
68.63406 1.00610e+04
68.63854 8.76503e+03
68.64303 6.22829e+03
68.64751 3.80994e+03
68.65200 2.22889e+03
68.65649 1.55460e+03
68.66097 1.28735e+03
68.66546 1.23782e+03
68.66994 1.23541e+03
68.67443 1.35068e+03
68.67891 1.39553e+03
68.68340 1.63292e+03
68.68788 2.08417e+03
68.69237 3.13536e+03
68.69685 4.41782e+03
68.70134 5.66950e+03
68.70583 6.00396e+03
68.71031 4.94429e+03
68.71480 3.83044e+03
68.71928 3.77612e+03
68.72377 5.32391e+03
68.72825 8.12498e+03
68.73274 1.04017e+04
68.73722 9.53064e+03
68.74171 6.37992e+03
68.74619 3.67148e+03
68.75068 2.05759e+03
68.75517 1.50902e+03
68.75965 1.27153e+03
68.76414 1.13212e+03
68.76862 1.29165e+03
68.77311 1.17853e+03
68.77759 1.16388e+03
68.78208 1.32040e+03
68.78656 1.17202e+03
68.79105 1.07598e+03
68.79554 1.06120e+03
68.80002 1.08506e+03
68.80451 1.09743e+03
68.80899 1.15089e+03
68.81348 1.18238e+03
68.81796 1.20062e+03
68.82245 1.21725e+03
68.82694 1.17313e+03
68.83142 1.23779e+03
68.83591 1.09153e+03
68.84039 1.02754e+03
68.84488 1.04480e+03
68.84936 1.09084e+03
68.85385 1.08610e+03
68.85833 1.05474e+03
68.86282 1.06119e+03
68.86731 1.06004e+03
68.87179 1.01717e+03
68.87628 1.11171e+03
68.88076 1.17301e+03
68.88525 1.13930e+03
68.88974 1.20467e+03
68.89422 1.37027e+03
68.89871 1.60010e+03
68.90319 1.56324e+03
68.90768 1.33067e+03
68.91217 1.29823e+03
68.91665 1.14519e+03
68.92114 1.08686e+03
68.92562 1.04276e+03
68.93011 9.90940e+02
68.93459 1.13139e+03
68.93908 1.12316e+03
68.94357 1.12934e+03
68.94805 1.27180e+03
68.95254 1.34305e+03
68.95702 1.58819e+03
68.96151 1.75305e+03
68.96600 1.70450e+03
68.97048 1.57690e+03
68.97497 1.33235e+03
68.97945 1.20353e+03
68.98394 1.08873e+03
68.98843 1.19254e+03
68.99291 1.26682e+03
68.99740 1.19081e+03
69.00188 1.20984e+03
69.00637 1.32759e+03
69.01086 1.44435e+03
69.01534 1.60832e+03
69.01983 1.50355e+03
69.02432 1.34948e+03
69.02880 1.41658e+03
69.03329 1.55980e+03
69.03777 2.26212e+03
69.04226 3.44797e+03
69.04675 5.37068e+03
69.05123 6.88924e+03
69.05572 6.88231e+03
69.06020 5.29393e+03
69.06469 3.36493e+03
69.06918 2.13576e+03
69.07366 1.51884e+03
69.07815 1.25360e+03
69.08263 1.25543e+03
69.08712 1.11193e+03
69.09161 1.11812e+03
69.09609 1.08865e+03
69.10058 1.14707e+03
69.10507 1.41191e+03
69.10955 1.55299e+03
69.11404 1.66426e+03
69.11853 1.99834e+03
69.12301 2.09950e+03
69.12750 2.18800e+03
69.13198 2.53454e+03
69.13647 2.81294e+03
69.14096 3.05411e+03
69.14544 2.89188e+03
69.14993 2.37200e+03
69.15442 1.95362e+03
69.15890 1.58448e+03
69.16339 1.37679e+03
69.16787 1.23523e+03
69.17236 1.19791e+03
69.17685 1.16282e+03
69.18133 1.10214e+03
69.18582 1.09149e+03
69.19031 1.10482e+03
69.19479 1.13526e+03
69.19928 1.07331e+03
69.20377 1.01194e+03
69.20825 1.11497e+03
69.21274 1.14545e+03
69.21723 1.23718e+03
69.22171 1.08061e+03
69.22620 1.11277e+03
69.23069 1.09346e+03
69.23517 1.19545e+03
69.23966 1.16790e+03
69.24415 1.12376e+03
69.24863 1.16923e+03
69.25312 1.18206e+03
69.25760 1.33335e+03
69.26209 1.29899e+03
69.26658 1.38651e+03
69.27106 1.32519e+03
69.27555 1.24342e+03
69.28004 1.12067e+03
69.28453 1.12876e+03
69.28901 1.17461e+03
69.29350 1.17123e+03
69.29798 1.20002e+03
69.30247 1.18535e+03
69.30696 1.13244e+03
69.31145 1.20424e+03
69.31593 1.20309e+03
69.32042 1.24484e+03
69.32491 1.31798e+03
69.32939 1.41443e+03
69.33388 1.38207e+03
69.33837 1.44579e+03
69.34285 1.42673e+03
69.34734 1.32380e+03
69.35183 1.28254e+03
69.35631 1.25729e+03
69.36080 1.14989e+03
69.36529 1.17638e+03
69.36977 1.15682e+03
69.37426 1.21715e+03
69.37875 1.46665e+03
69.38323 1.82407e+03
69.38772 2.25161e+03
69.39221 2.85796e+03
69.39669 3.40989e+03
69.40118 4.12915e+03
69.40567 5.25714e+03
69.41016 6.29715e+03
69.41464 6.13123e+03
69.41913 4.92773e+03
69.42362 3.34542e+03
69.42810 2.20537e+03
69.43259 1.60551e+03
69.43708 1.34347e+03
69.44156 1.34521e+03
69.44605 1.60939e+03
69.45054 2.12370e+03
69.45503 3.05538e+03
69.45951 4.49041e+03
69.46400 5.76412e+03
69.46849 6.23611e+03
69.47297 5.26130e+03
69.47746 3.71500e+03
69.48195 2.43600e+03
69.48643 1.79381e+03
69.49092 1.53853e+03
69.49541 1.52137e+03
69.49990 1.84880e+03
69.50438 1.90428e+03
69.50887 1.97176e+03
69.51336 1.77792e+03
69.51784 1.52360e+03
69.52233 1.48247e+03
69.52682 1.36910e+03
69.53131 1.26773e+03
69.53579 1.21245e+03
69.54028 1.26472e+03
69.54477 1.31747e+03
69.54926 1.20596e+03
69.55374 1.24035e+03
69.55823 1.21878e+03
69.56272 1.23735e+03
69.56720 1.24474e+03
69.57169 1.27477e+03
69.57618 1.37841e+03
69.58066 1.27856e+03
69.58515 1.30253e+03
69.58964 1.21159e+03
69.59413 1.14192e+03
69.59861 1.18179e+03
69.60310 1.17493e+03
69.60759 1.19205e+03
69.61208 1.25143e+03
69.61656 1.21031e+03
69.62105 1.19868e+03
69.62554 1.18183e+03
69.63003 1.17136e+03
69.63451 1.20527e+03
69.63900 1.31727e+03
69.64349 1.53720e+03
69.64798 2.02449e+03
69.65246 2.63364e+03
69.65695 3.40344e+03
69.66144 3.89274e+03
69.66593 3.60291e+03
69.67041 2.78974e+03
69.67490 1.83604e+03
69.67939 1.54930e+03
69.68388 1.42817e+03
69.68836 1.33700e+03
69.69285 1.34207e+03
69.69734 1.42228e+03
69.70183 1.71213e+03
69.70631 2.13025e+03
69.71080 2.40078e+03
69.71529 2.31520e+03
69.71978 1.89868e+03
69.72426 1.63266e+03
69.72875 1.37053e+03
69.73324 1.35749e+03
69.73773 1.25164e+03
69.74221 1.12706e+03
69.74670 1.24535e+03
69.75119 1.21347e+03
69.75568 1.17495e+03
69.76017 1.16119e+03
69.76465 1.30101e+03
69.76914 1.37542e+03
69.77363 1.27010e+03
69.77811 1.31490e+03
69.78260 1.23351e+03
69.78709 1.25414e+03
69.79158 1.33493e+03
69.79607 1.20231e+03
69.80055 1.24267e+03
69.80504 1.26342e+03
69.80953 1.30182e+03
69.81402 1.27361e+03
69.81851 1.31550e+03
69.82299 1.30815e+03
69.82748 1.34669e+03
69.83197 1.18393e+03
69.83646 1.20436e+03
69.84094 1.28875e+03
69.84543 1.37080e+03
69.84992 1.29428e+03
69.85441 1.34614e+03
69.85890 1.45736e+03
69.86338 1.78359e+03
69.86787 2.14034e+03
69.87236 2.24262e+03
69.87685 2.07257e+03
69.88134 1.66111e+03
69.88582 1.47108e+03
69.89031 1.34208e+03
69.89480 1.37718e+03
69.89929 1.34669e+03
69.90377 1.24767e+03
69.90826 1.26430e+03
69.91275 1.32581e+03
69.91724 1.21813e+03
69.92173 1.24086e+03
69.92726 1.36319e+03
69.93174 1.34104e+03
69.93622 1.39825e+03
69.94071 1.38791e+03
69.94519 1.26669e+03
69.94967 1.35135e+03
69.95416 1.31514e+03
69.95864 1.32439e+03
69.96312 1.36027e+03
69.96760 1.34459e+03
69.97209 1.35795e+03
69.97657 1.26361e+03
69.98105 1.42758e+03
69.98553 1.47459e+03
69.99001 1.53099e+03
69.99450 1.54818e+03
69.99898 1.63852e+03
70.00146 2.06954e+03
70.00594 3.13120e+03
70.01043 4.75083e+03
70.01491 7.46937e+03
70.01939 1.00338e+04
70.02388 1.08473e+04
70.02836 9.59314e+03
70.03284 6.82542e+03
70.03732 3.90135e+03
70.04181 2.31165e+03
70.04629 1.54634e+03
70.05077 1.41843e+03
70.05525 1.42115e+03
70.05974 1.36762e+03
70.06422 1.50331e+03
70.06870 1.38918e+03
70.07318 1.40942e+03
70.07767 1.42566e+03
70.08215 1.40948e+03
70.08663 1.41577e+03
70.09112 1.47878e+03
70.09560 1.44694e+03
70.10008 1.30779e+03
70.10456 1.34066e+03
70.10905 1.36042e+03
70.11353 1.45420e+03
70.11801 1.50081e+03
70.12250 1.36145e+03
70.12698 1.40596e+03
70.13146 1.55883e+03
70.13595 1.46366e+03
70.14043 1.37877e+03
70.14491 1.24803e+03
70.14939 1.32083e+03
70.15388 1.41028e+03
70.15836 1.35779e+03
70.16284 1.31672e+03
70.16733 1.39677e+03
70.17181 1.37767e+03
70.17629 1.40793e+03
70.18077 1.53704e+03
70.18526 1.43461e+03
70.18974 1.58293e+03
70.19422 1.64807e+03
70.19871 1.71435e+03
70.20319 2.03543e+03
70.20767 2.47575e+03
70.21215 3.34482e+03
70.21664 5.22630e+03
70.22112 9.75021e+03
70.22561 1.68970e+04
70.23009 2.47184e+04
70.23457 2.78243e+04
70.23905 2.31862e+04
70.24354 1.43820e+04
70.24802 7.57893e+03
70.25250 4.23470e+03
70.25699 3.38201e+03
70.26147 4.37314e+03
70.26595 7.53124e+03
70.27044 1.48264e+04
70.27492 2.92721e+04
70.27940 4.88212e+04
70.28389 6.66247e+04
70.28837 7.30889e+04
70.29285 6.46114e+04
70.29734 4.49067e+04
70.30182 2.45956e+04
70.30630 1.13519e+04
70.31078 5.23128e+03
70.31527 2.88114e+03
70.31975 2.06091e+03
70.32424 1.87901e+03
70.32872 1.66075e+03
70.33320 1.74931e+03
70.33768 1.71186e+03
70.34217 1.79093e+03
70.34665 1.78207e+03
70.35113 2.16918e+03
70.35562 2.86592e+03
70.36010 4.51620e+03
70.36459 8.11871e+03
70.36907 1.63668e+04
70.37355 3.50802e+04
70.37803 6.58648e+04
70.38252 1.01985e+05
70.38700 1.21614e+05
70.39149 1.09868e+05
70.39597 7.44732e+04
70.40045 3.83584e+04
70.40494 1.76654e+04
70.40942 8.01440e+03
70.41390 4.25111e+03
70.41839 2.55509e+03
70.42287 2.01337e+03
70.42735 1.71869e+03
70.43184 1.64892e+03
70.43632 1.65657e+03
70.44080 1.54321e+03
70.44529 1.52262e+03
70.44977 1.62547e+03
70.45426 1.58612e+03
70.45874 1.63960e+03
70.46322 1.54118e+03
70.46770 1.65333e+03
70.47219 1.60292e+03
70.47667 1.56141e+03
70.48116 1.61707e+03
70.48564 1.50275e+03
70.49012 1.43343e+03
70.49461 1.56583e+03
70.49909 1.56021e+03
70.50357 1.54091e+03
70.50806 1.48955e+03
70.51254 1.52011e+03
70.51703 1.41169e+03
70.52151 1.55026e+03
70.52599 1.64409e+03
70.53048 1.62611e+03
70.53496 1.56376e+03
70.53944 1.61178e+03
70.54393 1.55363e+03
70.54841 1.55365e+03
70.55290 1.61557e+03
70.55738 1.59637e+03
70.56186 1.62737e+03
70.56635 1.61544e+03
70.57083 1.97360e+03
70.57532 2.09705e+03
70.57980 2.68395e+03
70.58428 4.38376e+03
70.58877 7.27570e+03
70.59325 1.26857e+04
70.59773 1.85764e+04
70.60222 2.19819e+04
70.60670 2.14775e+04
70.61119 1.57310e+04
70.61567 8.93160e+03
70.62015 4.97109e+03
70.62464 2.88266e+03
70.62912 2.10188e+03
70.63361 1.96121e+03
70.63809 2.18164e+03
70.64257 2.55896e+03
70.64706 2.92779e+03
70.65154 2.78952e+03
70.65603 2.42281e+03
70.66051 2.02456e+03
70.66499 1.84812e+03
70.66948 1.58984e+03
70.67396 1.49961e+03
70.67845 1.49147e+03
70.68293 1.46147e+03
70.68741 1.52852e+03
70.69190 1.51053e+03
70.69638 1.48197e+03
70.70087 1.42864e+03
70.70535 1.36407e+03
70.70983 1.54124e+03
70.71432 1.54108e+03
70.71880 1.53419e+03
70.72329 1.59841e+03
70.72777 1.73215e+03
70.73225 1.74322e+03
70.73674 1.77627e+03
70.74122 1.75797e+03
70.74571 1.63962e+03
70.75019 1.52341e+03
70.75468 1.57599e+03
70.75916 1.60575e+03
70.76364 1.53295e+03
70.76813 1.55195e+03
70.77261 1.51602e+03
70.77710 1.46927e+03
70.78158 1.56341e+03
70.78607 1.44815e+03
70.79055 1.48043e+03
70.79503 1.52358e+03
70.79952 1.49086e+03
70.80400 1.51544e+03
70.80849 1.48115e+03
70.81297 1.55483e+03
70.81746 1.48735e+03
70.82194 1.59320e+03
70.82643 1.54151e+03
70.83091 1.53025e+03
70.83539 1.52656e+03
70.83988 1.56854e+03
70.84436 1.70038e+03
70.84885 1.58240e+03
70.85333 1.61014e+03
70.85782 1.59512e+03
70.86230 1.46418e+03
70.86678 1.52671e+03
70.87127 1.48377e+03
70.87575 1.54263e+03
70.88024 1.58213e+03
70.88472 1.56967e+03
70.88921 1.62866e+03
70.89369 1.64009e+03
70.89818 1.60805e+03
70.90266 1.71090e+03
70.90715 1.58148e+03
70.91163 1.69481e+03
70.91612 1.70658e+03
70.92060 1.72548e+03
70.92508 1.62500e+03
70.92957 1.56803e+03
70.93405 1.56162e+03
70.93854 1.47580e+03
70.94302 1.47909e+03
70.94751 1.54400e+03
70.95199 1.59328e+03
70.95648 1.55143e+03
70.96096 1.45059e+03
70.96545 1.41784e+03
70.96993 1.53488e+03
70.97441 1.58482e+03
70.97890 1.60363e+03
70.98338 1.63235e+03
70.98787 1.54753e+03
70.99235 1.55526e+03
70.99684 1.62771e+03
71.00343 1.55498e+03
71.00791 1.52601e+03
71.01239 1.62357e+03
71.01687 1.47128e+03
71.02135 1.53971e+03
71.02583 1.49150e+03
71.03031 1.56052e+03
71.03478 1.46503e+03
71.03927 1.52396e+03
71.04374 1.50647e+03
71.04822 1.48062e+03
71.05270 1.52878e+03
71.05718 1.66370e+03
71.06166 1.62112e+03
71.06614 1.72002e+03
71.07062 1.93561e+03
71.07510 2.03581e+03
71.07958 2.55352e+03
71.08406 3.53256e+03
71.08854 4.60578e+03
71.09302 5.09174e+03
71.09749 4.30502e+03
71.10197 3.22598e+03
71.10645 2.33495e+03
71.11093 1.81521e+03
71.11541 1.61421e+03
71.11989 1.72589e+03
71.12437 1.65085e+03
71.12885 1.58922e+03
71.13333 1.64719e+03
71.13781 1.65244e+03
71.14229 1.48541e+03
71.14677 1.67666e+03
71.15125 1.74522e+03
71.15573 1.66354e+03
71.16021 1.64391e+03
71.16469 1.69129e+03
71.16917 1.60171e+03
71.17364 1.63140e+03
71.17812 1.66354e+03
71.18260 1.58585e+03
71.18708 1.58347e+03
71.19156 1.60637e+03
71.19604 1.61146e+03
71.20052 1.55743e+03
71.20500 1.69514e+03
71.20948 1.68404e+03
71.21396 1.68536e+03
71.21844 1.56733e+03
71.22292 1.67925e+03
71.22740 1.62635e+03
71.23188 1.57959e+03
71.23636 1.62110e+03
71.24084 1.66482e+03
71.24532 1.82328e+03
71.24980 2.06514e+03
71.25428 2.59896e+03
71.25876 3.23192e+03
71.26324 3.78363e+03
71.26772 4.04396e+03
71.27220 3.36417e+03
71.27668 2.63027e+03
71.28116 2.20302e+03
71.28564 1.97307e+03
71.29012 1.85627e+03
71.29460 1.60047e+03
71.29908 1.46178e+03
71.30356 1.41182e+03
71.30804 1.61929e+03
71.31252 1.60080e+03
71.31699 1.55237e+03
71.32147 1.67098e+03
71.32595 1.68600e+03
71.33043 1.67023e+03
71.33491 1.57853e+03
71.33939 1.78055e+03
71.34387 1.71877e+03
71.34835 1.73283e+03
71.35283 1.80064e+03
71.35731 1.77042e+03
71.36179 2.31179e+03
71.36627 2.72432e+03
71.37075 4.03543e+03
71.37523 5.12761e+03
71.37971 5.42899e+03
71.38419 4.74338e+03
71.38867 3.50100e+03
71.39315 2.47952e+03
71.39763 1.95886e+03
71.40211 1.76385e+03
71.40659 1.69829e+03
71.41107 1.71931e+03
71.41555 1.56624e+03
71.42003 1.64960e+03
71.42451 1.80284e+03
71.42899 1.63688e+03
71.43347 1.64232e+03
71.43795 1.54551e+03
71.44243 1.58128e+03
71.44691 1.53854e+03
71.45139 1.58223e+03
71.45587 1.61372e+03
71.46035 1.64258e+03
71.46483 1.75642e+03
71.46931 1.73350e+03
71.47379 1.90859e+03
71.47827 1.87570e+03
71.48275 1.72906e+03
71.48723 1.76922e+03
71.49171 1.85306e+03
71.49620 1.81485e+03
71.50068 1.80491e+03
71.50516 1.67611e+03
71.50964 1.70444e+03
71.51412 1.72030e+03
71.51860 1.68664e+03
71.52308 1.71146e+03
71.52756 1.68991e+03
71.53204 1.68276e+03
71.53652 1.62303e+03
71.54100 1.74785e+03
71.54548 1.71000e+03
71.54996 1.90908e+03
71.55444 2.12501e+03
71.55892 2.03774e+03
71.56340 2.05764e+03
71.56788 2.03052e+03
71.57236 1.94072e+03
71.57684 1.76341e+03
71.58132 1.67153e+03
71.58580 1.68416e+03
71.59028 1.62348e+03
71.59476 1.56392e+03
71.59924 1.60658e+03
71.60172 1.78015e+03
71.60620 1.68198e+03
71.61068 1.59471e+03
71.61517 1.70320e+03
71.61965 1.75026e+03
71.62413 1.63836e+03
71.62861 1.64707e+03
71.63309 1.65274e+03
71.63757 1.62203e+03
71.64205 1.83355e+03
71.64653 1.73886e+03
71.65101 1.79967e+03
71.65549 1.85608e+03
71.65997 1.77947e+03
71.66445 1.75418e+03
71.66893 1.69658e+03
71.67341 1.62240e+03
71.67789 1.68780e+03
71.68237 1.68829e+03
71.68685 1.76701e+03
71.69133 1.69281e+03
71.69581 1.89212e+03
71.70030 2.09614e+03
71.70478 2.01040e+03
71.70926 1.95879e+03
71.71374 1.73757e+03
71.71822 1.75672e+03
71.72270 1.76880e+03
71.72718 1.73025e+03
71.73166 1.65266e+03
71.73614 1.76357e+03
71.74062 1.75497e+03
71.74510 1.76920e+03
71.74958 1.88531e+03
71.75406 1.93395e+03
71.75854 2.02159e+03
71.76303 1.89087e+03
71.76751 1.88405e+03
71.77199 1.82621e+03
71.77647 1.75889e+03
71.78095 1.63759e+03
71.78543 1.84513e+03
71.78991 1.81061e+03
71.79439 1.76864e+03
71.79887 1.80245e+03
71.80335 1.66456e+03
71.80783 1.84192e+03
71.81231 2.14126e+03
71.81680 2.43805e+03
71.82128 2.90532e+03
71.82576 3.70620e+03
71.83024 5.60298e+03
71.83472 1.07942e+04
71.83920 1.95349e+04
71.84368 2.94294e+04
71.84816 3.72868e+04
71.85264 3.72387e+04
71.85712 2.99616e+04
71.86161 1.95546e+04
71.86609 9.83899e+03
71.87057 4.81538e+03
71.87505 2.84255e+03
71.87953 2.20240e+03
71.88401 1.88410e+03
71.88849 1.79309e+03
71.89297 1.88080e+03
71.89745 1.94769e+03
71.90194 1.88996e+03
71.90642 1.73387e+03
71.91090 1.85720e+03
71.91538 1.92347e+03
71.91986 1.80736e+03
71.92434 1.85038e+03
71.92882 1.84153e+03
71.93330 1.90392e+03
71.93779 1.88586e+03
71.94227 1.91828e+03
71.94675 1.84074e+03
71.95123 1.89881e+03
71.95571 1.73141e+03
71.96019 1.71304e+03
71.96467 1.79606e+03
71.96915 1.70122e+03
71.97364 1.65529e+03
71.97812 1.76094e+03
71.98260 1.78211e+03
71.98708 1.68852e+03
71.99156 1.83145e+03
71.99604 1.63693e+03
72.00052 1.67561e+03
72.00500 1.80464e+03
72.00948 1.76417e+03
72.01397 1.80182e+03
72.01845 2.02969e+03
72.02293 1.89549e+03
72.02741 1.87435e+03
72.03189 1.89342e+03
72.03637 1.72912e+03
72.04085 1.86959e+03
72.04534 1.86697e+03
72.04982 1.76281e+03
72.05430 1.85904e+03
72.05878 1.75948e+03
72.06326 1.76160e+03
72.06774 1.77081e+03
72.07223 1.79623e+03
72.07671 1.83376e+03
72.08119 1.78532e+03
72.08567 1.70090e+03
72.09015 1.84529e+03
72.09463 1.84980e+03
72.09911 1.76943e+03
72.10360 2.00970e+03
72.10808 2.23100e+03
72.11256 2.60429e+03
72.11704 3.28790e+03
72.12152 3.44505e+03
72.12600 3.26893e+03
72.13049 2.71987e+03
72.13497 2.10819e+03
72.13945 1.94673e+03
72.14393 1.99120e+03
72.14841 1.91889e+03
72.15289 1.96026e+03
72.15738 2.50206e+03
72.16186 2.76423e+03
72.16634 2.80855e+03
72.17082 2.77562e+03
72.17530 2.40067e+03
72.17978 1.98837e+03
72.18427 1.87138e+03
72.18875 1.72217e+03
72.19323 1.84443e+03
72.19771 1.84507e+03
72.20219 1.81726e+03
72.20668 1.87596e+03
72.21116 1.79098e+03
72.21564 1.98472e+03
72.22012 1.77374e+03
72.22460 1.70160e+03
72.22908 1.78389e+03
72.23357 1.81162e+03
72.23805 1.93531e+03
72.24253 2.01014e+03
72.24701 1.98388e+03
72.25149 1.85360e+03
72.25598 1.89738e+03
72.26046 1.96085e+03
72.26494 1.97670e+03
72.26942 1.93463e+03
72.27390 1.86133e+03
72.27839 1.79939e+03
72.28287 1.88290e+03
72.28735 1.85685e+03
72.29183 1.92115e+03
72.29631 1.79106e+03
72.30266 1.71087e+03
72.30714 1.76825e+03
72.31161 1.73195e+03
72.31609 1.70150e+03
72.32057 1.93019e+03
72.32504 1.93050e+03
72.32952 1.87917e+03
72.33400 2.02655e+03
72.33847 1.90902e+03
72.34295 1.79260e+03
72.34743 1.87823e+03
72.35190 1.87063e+03
72.35638 2.02003e+03
72.36085 1.95247e+03
72.36533 1.96538e+03
72.36981 1.93613e+03
72.37428 1.92554e+03
72.37876 2.00693e+03
72.38324 2.03200e+03
72.38771 1.85719e+03
72.39219 1.94263e+03
72.39667 1.90146e+03
72.39914 1.92235e+03
72.40362 1.84976e+03
72.40810 1.95016e+03
72.41257 1.86875e+03
72.41705 2.05827e+03
72.42153 2.21071e+03
72.42600 2.29763e+03
72.43048 2.32175e+03
72.43496 2.19395e+03
72.43943 1.94407e+03
72.44391 1.92456e+03
72.44839 1.86650e+03
72.45286 1.78837e+03
72.45734 1.75483e+03
72.46182 1.74765e+03
72.46629 1.90785e+03
72.47077 1.89950e+03
72.47525 1.95490e+03
72.47972 1.87608e+03
72.48420 1.86986e+03
72.48868 1.86437e+03
72.49315 1.88830e+03
72.49763 1.87325e+03
72.50211 2.08360e+03
72.50658 2.19217e+03
72.51106 2.32510e+03
72.51554 2.34849e+03
72.52001 2.10995e+03
72.52449 1.99607e+03
72.52897 2.12570e+03
72.53344 1.98583e+03
72.53792 1.90249e+03
72.54240 1.89137e+03
72.54687 1.94238e+03
72.55135 2.04685e+03
72.55583 2.04516e+03
72.56030 2.02588e+03
72.56478 1.88942e+03
72.56926 2.07885e+03
72.57374 2.22691e+03
72.57821 2.41786e+03
72.58269 2.94952e+03
72.58717 3.22696e+03
72.59164 2.91171e+03
72.59612 2.56843e+03
72.60060 2.24618e+03
72.60507 2.08146e+03
72.60955 2.16208e+03
72.61403 2.06601e+03
72.61851 2.14558e+03
72.62298 1.97087e+03
72.62746 2.01078e+03
72.63194 1.99995e+03
72.63641 1.78130e+03
72.64089 1.93894e+03
72.64537 1.93925e+03
72.64984 1.99634e+03
72.65432 2.05688e+03
72.65880 2.03968e+03
72.66328 1.93600e+03
72.66775 2.25593e+03
72.67223 2.16057e+03
72.67671 1.94546e+03
72.68118 1.97145e+03
72.68566 2.04706e+03
72.69014 2.10097e+03
72.69462 2.00272e+03
72.69909 2.04169e+03
72.70357 1.89738e+03
72.70805 1.89968e+03
72.71253 1.83610e+03
72.71700 1.89962e+03
72.72148 1.95464e+03
72.72596 1.98270e+03
72.73043 1.91260e+03
72.73491 1.92685e+03
72.73939 1.94060e+03
72.74387 1.97528e+03
72.74834 1.98776e+03
72.75282 1.98945e+03
72.75730 1.92714e+03
72.76178 1.97952e+03
72.76625 2.07713e+03
72.77073 2.08289e+03
72.77521 1.98636e+03
72.77969 2.01155e+03
72.78416 1.95634e+03
72.78864 1.93388e+03
72.79312 1.98696e+03
72.79760 1.79693e+03
72.80207 2.02219e+03
72.80655 2.03018e+03
72.81103 1.97492e+03
72.81551 1.88869e+03
72.81998 1.94218e+03
72.82446 2.03706e+03
72.82894 1.96774e+03
72.83342 1.90000e+03
72.83789 1.95171e+03
72.84237 2.04514e+03
72.84685 1.85279e+03
72.85133 2.04848e+03
72.85580 2.44840e+03
72.86028 2.83055e+03
72.86476 3.46668e+03
72.86924 4.12124e+03
72.87371 3.86376e+03
72.87819 3.18990e+03
72.88267 2.61978e+03
72.88715 2.42003e+03
72.89162 2.16656e+03
72.89610 1.98576e+03
72.90058 1.92393e+03
72.90506 1.95717e+03
72.90954 1.95508e+03
72.91401 2.01093e+03
72.91849 2.00710e+03
72.92297 2.03428e+03
72.92745 1.96502e+03
72.93192 2.15952e+03
72.93640 2.11794e+03
72.94088 2.30306e+03
72.94536 2.56146e+03
72.94983 2.78905e+03
72.95431 2.90779e+03
72.95879 2.73620e+03
72.96327 2.42643e+03
72.96775 2.30355e+03
72.97222 2.26472e+03
72.97670 2.28205e+03
72.98118 2.27138e+03
72.98566 2.15238e+03
72.99013 2.11303e+03
72.99461 2.07845e+03
72.99909 2.05592e+03
73.00357 2.20742e+03
73.00805 2.14593e+03
73.01252 2.05902e+03
73.01700 1.84016e+03
73.02148 2.05708e+03
73.02596 2.08300e+03
73.03044 2.25807e+03
73.03491 2.19506e+03
73.03939 2.08355e+03
73.04387 2.01305e+03
73.04835 2.19454e+03
73.05283 1.99075e+03
73.05730 1.96244e+03
73.06178 1.95835e+03
73.06626 1.99152e+03
73.07074 2.00906e+03
73.07522 1.88070e+03
73.07970 1.91324e+03
73.08417 2.25921e+03
73.08865 2.18764e+03
73.09313 2.06687e+03
73.09761 2.00959e+03
73.10209 1.98872e+03
73.10656 1.94460e+03
73.11104 2.07720e+03
73.11552 1.87010e+03
73.12000 1.93189e+03
73.12448 1.83376e+03
73.12896 2.10782e+03
73.13343 2.17768e+03
73.13791 2.17468e+03
73.14239 2.11583e+03
73.14687 2.09937e+03
73.15135 2.11702e+03
73.15582 2.01130e+03
73.16030 2.05380e+03
73.16478 2.23862e+03
73.16926 2.23499e+03
73.17374 2.25660e+03
73.17821 2.20466e+03
73.18269 2.10872e+03
73.18717 2.11556e+03
73.19165 2.10415e+03
73.19613 2.09286e+03
73.20061 2.09636e+03
73.20509 2.20906e+03
73.20956 2.25364e+03
73.21404 2.39667e+03
73.21852 2.24336e+03
73.22300 2.13166e+03
73.22748 2.18742e+03
73.23196 2.21133e+03
73.23643 2.08546e+03
73.24091 2.16983e+03
73.24539 2.20991e+03
73.24987 2.08958e+03
73.25435 2.11532e+03
73.25883 2.07270e+03
73.26331 2.05276e+03
73.26778 2.02842e+03
73.27226 2.06696e+03
73.27674 2.06128e+03
73.28122 2.11553e+03
73.28570 2.20906e+03
73.29018 2.28039e+03
73.29466 2.24823e+03
73.29913 2.11651e+03
73.30361 2.22705e+03
73.30809 2.13586e+03
73.31257 2.15370e+03
73.31705 2.03026e+03
73.32153 2.13031e+03
73.32600 2.17075e+03
73.33048 1.97178e+03
73.33496 1.96080e+03
73.33944 2.03007e+03
73.34392 2.07617e+03
73.34840 2.05691e+03
73.35288 2.07775e+03
73.35736 2.11681e+03
73.36183 1.99674e+03
73.36631 2.03270e+03
73.37079 2.03676e+03
73.37527 2.23878e+03
73.37975 2.33684e+03
73.38423 2.36983e+03
73.38871 2.32606e+03
73.39319 2.26477e+03
73.39767 2.14056e+03
73.40214 2.01641e+03
73.40662 2.24361e+03
73.41110 2.32109e+03
73.41558 2.38773e+03
73.42006 2.18526e+03
73.42454 2.21068e+03
73.42902 2.19312e+03
73.43349 2.24071e+03
73.43797 2.21440e+03
73.44245 2.23069e+03
73.44693 2.25349e+03
73.45141 2.09444e+03
73.45589 2.27513e+03
73.46037 2.03688e+03
73.46485 2.12657e+03
73.46933 2.04093e+03
73.47381 2.11057e+03
73.47828 2.12102e+03
73.48276 2.14618e+03
73.48724 2.19303e+03
73.49172 2.03134e+03
73.49620 2.06130e+03
73.50068 2.20115e+03
73.50516 2.08207e+03
73.50964 2.18409e+03
73.51412 2.38275e+03
73.51860 2.54371e+03
73.52308 2.69565e+03
73.52755 2.61763e+03
73.53203 2.47319e+03
73.53651 2.45623e+03
73.54099 2.31572e+03
73.54547 2.26116e+03
73.54995 2.47827e+03
73.55443 2.29176e+03
73.55891 2.22249e+03
73.56339 2.30140e+03
73.56787 2.17537e+03
73.57235 2.28524e+03
73.57682 2.82244e+03
73.58130 3.43116e+03
73.58578 3.75412e+03
73.59026 3.81144e+03
73.59474 3.03076e+03
73.59922 2.44712e+03
73.60370 2.26050e+03
73.60818 2.11239e+03
73.61266 2.06554e+03
73.61714 2.12060e+03
73.62162 2.16211e+03
73.62610 2.19858e+03
73.63058 2.16410e+03
73.63505 2.28126e+03
73.63953 2.25077e+03
73.64401 2.17910e+03
73.64849 2.23666e+03
73.65297 2.11208e+03
73.65745 1.99014e+03
73.66193 2.14306e+03
73.66641 2.27613e+03
73.67089 2.35834e+03
73.67537 2.30504e+03
73.67985 2.49905e+03
73.68433 2.44967e+03
73.68881 2.19807e+03
73.69329 2.22663e+03
73.69777 2.30583e+03
73.70225 2.23444e+03
73.70673 2.32252e+03
73.71121 2.27167e+03
73.71568 2.22892e+03
73.72016 2.26122e+03
73.72464 2.16021e+03
73.72912 2.16041e+03
73.73360 2.37760e+03
73.73808 2.15582e+03
73.74256 2.18871e+03
73.74704 2.19675e+03
73.75152 2.20734e+03
73.75600 2.36208e+03
73.76048 2.53531e+03
73.76496 2.46055e+03
73.76944 2.54972e+03
73.77392 2.63787e+03
73.77840 2.24295e+03
73.78288 2.25150e+03
73.78736 2.31020e+03
73.79184 2.22886e+03
73.79632 2.18434e+03
73.80080 2.22755e+03
73.80528 2.14717e+03
73.80976 2.02756e+03
73.81424 2.15881e+03
73.82094 2.42715e+03
73.82541 2.50914e+03
73.82988 2.54665e+03
73.83436 2.50833e+03
73.83883 2.37899e+03
73.84331 2.59677e+03
73.84778 2.58107e+03
73.85225 2.58625e+03
73.85673 2.52777e+03
73.86120 2.23408e+03
73.86568 2.21251e+03
73.87015 2.25550e+03
73.87462 2.13435e+03
73.87910 2.26691e+03
73.88357 2.39289e+03
73.88805 2.43858e+03
73.89252 2.34384e+03
73.89699 2.48521e+03
73.90147 2.42117e+03
73.90594 2.31744e+03
73.91042 2.39372e+03
73.91489 2.53437e+03
73.91936 2.54441e+03
73.92384 2.37574e+03
73.92831 2.42634e+03
73.93279 2.51530e+03
73.93726 2.49247e+03
73.94173 2.56741e+03
73.94621 2.39269e+03
73.95068 2.53524e+03
73.95516 2.63319e+03
73.95963 2.35513e+03
73.96411 2.45153e+03
73.96858 2.45338e+03
73.97306 2.48436e+03
73.97753 2.49275e+03
73.98200 2.53461e+03
73.98648 2.65055e+03
73.99095 2.64607e+03
73.99543 2.74496e+03
73.99990 2.55520e+03
74.00437 2.64658e+03
74.00885 2.52628e+03
74.01332 2.33053e+03
74.01780 2.33802e+03
74.02227 2.47952e+03
74.02675 2.32790e+03
74.03122 2.45356e+03
74.03570 2.33212e+03
74.04017 2.41587e+03
74.04464 2.48667e+03
74.04912 2.23592e+03
74.05359 2.36105e+03
74.05807 2.51434e+03
74.06254 2.48449e+03
74.06702 2.43853e+03
74.07149 2.43813e+03
74.07596 2.42330e+03
74.08044 2.42819e+03
74.08491 2.59165e+03
74.08939 2.30118e+03
74.09386 2.41855e+03
74.09834 2.40478e+03
74.10281 2.44951e+03
74.10729 2.38431e+03
74.11176 2.39641e+03
74.11624 2.50264e+03
74.12071 2.64779e+03
74.12519 2.50563e+03
74.12966 2.42885e+03
74.13413 2.55134e+03
74.13861 2.37524e+03
74.14308 2.45478e+03
74.14756 2.55843e+03
74.15203 2.34188e+03
74.15651 2.43703e+03
74.16098 2.48787e+03
74.16546 2.47178e+03
74.16993 2.58437e+03
74.17441 2.63020e+03
74.17888 2.32945e+03
74.18336 2.49147e+03
74.18783 2.37834e+03
74.19231 2.39054e+03
74.19678 2.37696e+03
74.20225 2.25701e+03
74.20673 2.27174e+03
74.21120 2.40316e+03
74.21568 2.40556e+03
74.22015 2.44725e+03
74.22463 2.49416e+03
74.22910 2.38696e+03
74.23358 2.52147e+03
74.23805 2.44519e+03
74.24253 2.32740e+03
74.24700 2.32843e+03
74.25148 2.36303e+03
74.25595 2.43121e+03
74.26043 2.47947e+03
74.26490 2.46793e+03
74.26938 2.50946e+03
74.27385 2.57527e+03
74.27833 2.52478e+03
74.28280 2.50211e+03
74.28728 2.57776e+03
74.29175 2.32547e+03
74.29623 2.45871e+03
74.30070 2.48050e+03
74.30518 2.44706e+03
74.30965 2.44560e+03
74.31413 2.43451e+03
74.31860 2.51709e+03
74.32308 2.64609e+03
74.32755 2.62387e+03
74.33203 2.58330e+03
74.33650 2.44175e+03
74.34098 2.41225e+03
74.34545 2.56969e+03
74.34993 2.49064e+03
74.35440 2.70901e+03
74.35888 3.30142e+03
74.36335 4.08137e+03
74.36783 4.60835e+03
74.37230 4.33800e+03
74.37678 3.88396e+03
74.38125 3.14922e+03
74.38573 2.80479e+03
74.39020 2.47016e+03
74.39468 2.46435e+03
74.39915 2.39659e+03
74.40363 2.44568e+03
74.40811 2.57059e+03
74.41258 2.32447e+03
74.41706 2.54422e+03
74.42153 2.63837e+03
74.42601 2.54358e+03
74.43048 2.85081e+03
74.43496 2.79411e+03
74.43943 2.58353e+03
74.44391 2.71227e+03
74.44838 2.50213e+03
74.45286 2.44734e+03
74.45733 2.57878e+03
74.46181 2.77239e+03
74.46628 2.71407e+03
74.47076 3.00036e+03
74.47523 3.50712e+03
74.47971 4.37781e+03
74.48418 5.65012e+03
74.48866 6.75255e+03
74.49314 6.44157e+03
74.49761 5.08060e+03
74.50209 3.86447e+03
74.50656 3.24487e+03
74.51104 3.04210e+03
74.51551 2.84074e+03
74.51999 2.89983e+03
74.52446 2.70971e+03
74.52894 2.57409e+03
74.53342 2.68791e+03
74.53789 2.59277e+03
74.54237 2.73867e+03
74.54684 2.69170e+03
74.55132 2.75651e+03
74.55579 2.62707e+03
74.56027 2.47924e+03
74.56474 2.54039e+03
74.56922 2.52799e+03
74.57370 2.74237e+03
74.57817 2.93114e+03
74.58265 3.20502e+03
74.58712 3.32842e+03
74.59160 3.04659e+03
74.59607 2.93783e+03
74.60055 2.92204e+03
74.60502 2.90014e+03
74.60950 2.74139e+03
74.61398 2.71786e+03
74.61845 2.90353e+03
74.62293 2.73539e+03
74.62740 2.60060e+03
74.63188 2.68414e+03
74.63635 2.60910e+03
74.64083 2.61532e+03
74.64531 2.68840e+03
74.64978 2.52773e+03
74.65426 2.59738e+03
74.65873 2.59504e+03
74.66321 2.48501e+03
74.66769 2.54731e+03
74.67216 2.81042e+03
74.67664 3.03805e+03
74.68111 3.31867e+03
74.68559 3.82914e+03
74.69007 4.52812e+03
74.69454 5.32152e+03
74.69902 4.94388e+03
74.70349 4.09267e+03
74.70797 3.43832e+03
74.71245 3.09138e+03
74.71692 2.94352e+03
74.72140 2.82666e+03
74.72587 2.70912e+03
74.73035 2.68915e+03
74.73483 2.60281e+03
74.73930 2.61902e+03
74.74378 2.83510e+03
74.74825 2.89769e+03
74.75273 2.85058e+03
74.75720 2.80358e+03
74.76168 2.73613e+03
74.76616 2.61595e+03
74.77063 2.71758e+03
74.77511 2.69336e+03
74.77958 2.79621e+03
74.78406 2.74343e+03
74.78854 2.67681e+03
74.79301 2.65358e+03
74.79749 2.66006e+03
74.80197 2.74142e+03
74.80644 3.02796e+03
74.81092 3.06144e+03
74.81539 3.17350e+03
74.81987 3.72960e+03
74.82435 4.53529e+03
74.82882 6.42876e+03
74.83330 9.14488e+03
74.83777 1.07097e+04
74.84225 9.79017e+03
74.84673 7.01740e+03
74.85120 4.95987e+03
74.85568 3.63032e+03
74.86016 3.09887e+03
74.86463 2.90259e+03
74.86911 3.01128e+03
74.87359 2.87374e+03
74.87806 2.76593e+03
74.88254 2.75713e+03
74.88701 2.76634e+03
74.89149 2.74466e+03
74.89597 2.64998e+03
74.90044 2.71634e+03
74.90492 2.68390e+03
74.90940 2.62592e+03
74.91387 2.73087e+03
74.91835 2.71005e+03
74.92283 2.75790e+03
74.92730 2.88643e+03
74.93178 3.05048e+03
74.93626 3.34760e+03
74.94073 3.91156e+03
74.94521 4.87521e+03
74.94968 5.62069e+03
74.95416 6.00450e+03
74.95864 5.64181e+03
74.96311 4.63675e+03
74.96759 3.86191e+03
74.97207 3.30344e+03
74.97654 3.20041e+03
74.98102 3.06314e+03
74.98550 3.08577e+03
74.98997 3.23655e+03
74.99445 3.64696e+03
74.99893 4.04374e+03
75.00340 5.20443e+03
75.00788 8.16638e+03
75.01236 1.33370e+04
75.01683 1.93911e+04
75.02131 2.18142e+04
75.02579 1.80421e+04
75.03026 1.17302e+04
75.03474 7.15597e+03
75.03922 4.39733e+03
75.04369 3.48184e+03
75.04817 3.28501e+03
75.05265 3.20544e+03
75.05712 2.98641e+03
75.06160 2.95329e+03
75.06608 3.04417e+03
75.07055 2.88795e+03
75.07503 2.88427e+03
75.07951 2.84579e+03
75.08398 2.72592e+03
75.08846 2.88167e+03
75.09294 2.66488e+03
75.09741 2.87107e+03
75.10189 2.79053e+03
75.10637 2.76675e+03
75.11084 2.65487e+03
75.11532 2.51870e+03
75.11980 2.82267e+03
75.12427 2.78338e+03
75.12875 2.99834e+03
75.13323 3.26463e+03
75.13770 3.09021e+03
75.14218 3.16787e+03
75.14666 3.16371e+03
75.15114 3.19855e+03
75.15561 3.26823e+03
75.16009 3.23821e+03
75.16457 2.96232e+03
75.16904 3.16766e+03
75.17352 3.03484e+03
75.17800 3.01138e+03
75.18247 2.90433e+03
75.18695 2.96309e+03
75.19143 3.01279e+03
75.19591 2.95035e+03
75.19845 2.86129e+03
75.20292 2.90996e+03
75.20740 2.90394e+03
75.21187 2.93051e+03
75.21634 2.91793e+03
75.22081 2.98553e+03
75.22528 2.78465e+03
75.22975 2.93784e+03
75.23422 2.88254e+03
75.23869 2.87243e+03
75.24316 2.92078e+03
75.24764 3.05780e+03
75.25211 3.12834e+03
75.25658 3.15434e+03
75.26105 3.09859e+03
75.26552 3.06832e+03
75.26999 2.97200e+03
75.27446 3.11568e+03
75.27893 2.96405e+03
75.28341 3.14581e+03
75.28788 3.06496e+03
75.29235 3.09984e+03
75.29682 3.06388e+03
75.30129 3.06907e+03
75.30576 2.99784e+03
75.31023 2.97948e+03
75.31470 2.80685e+03
75.31918 2.83054e+03
75.32365 2.86218e+03
75.32812 2.76806e+03
75.33259 2.88562e+03
75.33706 2.94254e+03
75.34153 3.08111e+03
75.34600 3.03143e+03
75.35048 3.12865e+03
75.35495 3.11181e+03
75.35942 3.20940e+03
75.36389 4.17320e+03
75.36836 4.98556e+03
75.37283 6.23575e+03
75.37730 6.55926e+03
75.38178 5.68614e+03
75.38625 4.66403e+03
75.39072 3.69847e+03
75.39519 3.11635e+03
75.39966 3.03057e+03
75.40413 2.95640e+03
75.40860 2.86436e+03
75.41308 2.96440e+03
75.41755 3.06288e+03
75.42202 3.01821e+03
75.42649 2.87996e+03
75.43096 2.85978e+03
75.43543 3.06273e+03
75.43991 2.87108e+03
75.44438 2.96699e+03
75.44885 3.00180e+03
75.45332 3.05917e+03
75.45779 3.03596e+03
75.46226 3.20028e+03
75.46673 2.98119e+03
75.47121 2.94425e+03
75.47568 3.27939e+03
75.48015 3.29418e+03
75.48462 3.18038e+03
75.48909 3.67060e+03
75.49357 3.54807e+03
75.49804 3.32222e+03
75.50251 3.17204e+03
75.50698 2.85576e+03
75.51145 2.91956e+03
75.51592 2.93210e+03
75.52040 2.92529e+03
75.52487 3.05822e+03
75.52934 3.16400e+03
75.53381 3.03198e+03
75.53828 2.91050e+03
75.54276 2.79666e+03
75.54723 2.91919e+03
75.55170 3.01026e+03
75.55617 2.93602e+03
75.56064 2.89129e+03
75.56512 3.10685e+03
75.56959 3.36555e+03
75.57406 3.15026e+03
75.57853 3.23675e+03
75.58300 3.30897e+03
75.58747 3.24968e+03
75.59195 3.17117e+03
75.59642 3.06107e+03
75.60089 3.06023e+03
75.60536 3.14042e+03
75.60984 3.17992e+03
75.61431 3.19483e+03
75.61878 3.18079e+03
75.62325 3.16552e+03
75.62772 3.05150e+03
75.63219 3.13425e+03
75.63667 2.98210e+03
75.64114 3.11236e+03
75.64561 3.19548e+03
75.65008 2.99957e+03
75.65456 2.87409e+03
75.65903 3.01595e+03
75.66350 3.18825e+03
75.66797 3.19438e+03
75.67244 3.02618e+03
75.67692 3.00783e+03
75.68139 3.03072e+03
75.68586 3.16653e+03
75.69033 3.25873e+03
75.69481 3.32104e+03
75.69928 2.99701e+03
75.70375 3.10943e+03
75.70822 3.22777e+03
75.71269 3.01377e+03
75.71717 3.18691e+03
75.72164 3.14105e+03
75.72611 3.29627e+03
75.73058 3.32128e+03
75.73506 3.59492e+03
75.73953 3.54444e+03
75.74400 3.35070e+03
75.74847 3.14046e+03
75.75294 3.00067e+03
75.75742 3.15923e+03
75.76189 3.16035e+03
75.76636 3.30238e+03
75.77083 3.22357e+03
75.77531 3.37879e+03
75.77978 3.32989e+03
75.78425 3.17012e+03
75.78872 3.03227e+03
75.79320 3.13820e+03
75.79767 3.37980e+03
75.80214 3.30529e+03
75.80661 3.23717e+03
75.81109 3.45122e+03
75.81556 3.32773e+03
75.82003 3.40558e+03
75.82450 3.34448e+03
75.82898 3.47319e+03
75.83345 3.38862e+03
75.83792 3.33121e+03
75.84239 3.80327e+03
75.84687 4.76051e+03
75.85134 6.57846e+03
75.85581 9.84730e+03
75.86028 1.40334e+04
75.86476 1.71357e+04
75.86923 1.70617e+04
75.87370 1.40921e+04
75.87817 1.01119e+04
75.88265 6.99451e+03
75.88712 5.22261e+03
75.89159 4.34821e+03
75.89606 3.90180e+03
75.90054 3.65462e+03
75.90501 3.60295e+03
75.90948 3.57653e+03
75.91396 3.66617e+03
75.91843 3.70670e+03
75.92290 4.41616e+03
75.92737 5.82320e+03
75.93185 8.64645e+03
75.93632 1.19538e+04
75.94079 1.45948e+04
75.94527 1.45061e+04
75.94974 1.15604e+04
75.95421 8.17946e+03
75.95868 5.38229e+03
75.96316 4.23874e+03
75.96763 3.79740e+03
75.97210 3.40054e+03
75.97657 3.27761e+03
75.98105 3.57335e+03
75.98552 3.70456e+03
75.98999 3.90689e+03
75.99447 3.93280e+03
75.99894 3.85172e+03
76.00341 4.76918e+03
76.00789 6.30299e+03
76.01236 9.14276e+03
76.01683 1.28270e+04
76.02130 1.52838e+04
76.02578 1.73634e+04
76.03025 2.24063e+04
76.03472 3.14311e+04
76.03920 4.28159e+04
76.04367 4.70504e+04
76.04814 4.19358e+04
76.05262 2.82595e+04
76.05709 1.60039e+04
76.06156 8.58175e+03
76.06603 5.41389e+03
76.07051 4.26083e+03
76.07498 3.79664e+03
76.07945 3.65676e+03
76.08393 3.53804e+03
76.08840 3.48068e+03
76.09287 3.49192e+03
76.09735 3.48435e+03
76.10182 3.83597e+03
76.10629 4.22521e+03
76.11077 4.84865e+03
76.11524 4.91025e+03
76.11971 4.56042e+03
76.12419 4.09656e+03
76.12866 3.71612e+03
76.13313 3.51555e+03
76.13761 3.62519e+03
76.14208 3.73789e+03
76.14655 3.65302e+03
76.15103 3.59864e+03
76.15550 3.65535e+03
76.15997 3.61253e+03
76.16445 3.47072e+03
76.16892 3.67274e+03
76.17339 3.89395e+03
76.17786 4.64560e+03
76.18234 6.12174e+03
76.18681 8.67562e+03
76.19128 1.29436e+04
76.19576 1.62273e+04
76.20023 1.68717e+04
76.20471 1.41989e+04
76.20918 1.01084e+04
76.21365 6.60799e+03
76.21813 4.76307e+03
76.22260 4.01813e+03
76.22707 3.62065e+03
76.23155 3.35213e+03
76.23602 3.67095e+03
76.24036 3.72137e+03
76.24483 4.00015e+03
76.24929 3.97511e+03
76.25376 4.07418e+03
76.25823 4.10045e+03
76.26270 4.01618e+03
76.26716 4.00460e+03
76.27163 3.73522e+03
76.27610 3.63626e+03
76.28057 3.60610e+03
76.28503 3.72926e+03
76.28950 3.74363e+03
76.29397 3.80755e+03
76.29844 3.66443e+03
76.30290 3.64081e+03
76.30737 4.02954e+03
76.31184 4.54637e+03
76.31631 5.38134e+03
76.32077 7.33524e+03
76.32524 9.75221e+03
76.32971 1.16483e+04
76.33418 1.13688e+04
76.33864 9.05782e+03
76.34311 6.79056e+03
76.34758 4.94406e+03
76.35205 4.21358e+03
76.35652 4.08987e+03
76.36098 4.11297e+03
76.36545 3.83005e+03
76.36992 3.80122e+03
76.37439 3.57521e+03
76.37885 3.71792e+03
76.38332 3.71950e+03
76.38779 3.76457e+03
76.39226 3.80753e+03
76.39673 3.79431e+03
76.40119 3.88528e+03
76.40566 3.96865e+03
76.41013 4.47926e+03
76.41460 5.15284e+03
76.41906 7.05261e+03
76.42353 1.10782e+04
76.42800 1.59899e+04
76.43247 1.98248e+04
76.43694 1.86954e+04
76.44140 1.43704e+04
76.44587 9.93777e+03
76.45034 6.21920e+03
76.45481 4.61622e+03
76.45928 4.21475e+03
76.46374 3.99708e+03
76.46821 4.05848e+03
76.47268 4.31203e+03
76.47715 4.79605e+03
76.48162 5.77753e+03
76.48608 7.92982e+03
76.49055 1.42910e+04
76.49502 2.80178e+04
76.49949 5.66617e+04
76.50396 1.04853e+05
76.50842 1.61734e+05
76.51289 1.94653e+05
76.51736 1.81449e+05
76.52183 1.34539e+05
76.52630 8.11982e+04
76.53076 4.01293e+04
76.53523 1.92697e+04
76.53970 1.01281e+04
76.54417 6.40657e+03
76.54864 5.07877e+03
76.55311 4.70267e+03
76.55757 4.64850e+03
76.56204 4.60839e+03
76.56651 4.54253e+03
76.57098 4.47332e+03
76.57545 4.23387e+03
76.57991 4.34730e+03
76.58438 4.05616e+03
76.58885 4.01825e+03
76.59332 3.98012e+03
76.59779 3.92331e+03
76.60225 3.68310e+03
76.60672 3.68998e+03
76.61119 3.56018e+03
76.61566 3.70692e+03
76.62013 3.84295e+03
76.62460 3.87380e+03
76.62906 3.89982e+03
76.63353 4.09612e+03
76.63800 3.93018e+03
76.64247 4.03839e+03
76.64694 4.12791e+03
76.65141 4.02038e+03
76.65588 4.00764e+03
76.66034 4.07242e+03
76.66481 3.76359e+03
76.66928 3.99292e+03
76.67375 3.82371e+03
76.67822 3.80517e+03
76.68269 3.93952e+03
76.68716 3.98896e+03
76.69162 4.19357e+03
76.69609 4.27857e+03
76.70056 4.62103e+03
76.70503 5.08851e+03
76.70950 5.12022e+03
76.71397 4.79828e+03
76.71843 4.51989e+03
76.72290 4.02260e+03
76.72737 4.16784e+03
76.73184 4.06405e+03
76.73631 3.91003e+03
76.74078 3.86496e+03
76.74525 3.93954e+03
76.74971 3.86642e+03
76.75418 4.05877e+03
76.75865 4.03394e+03
76.76312 3.94349e+03
76.76759 3.93149e+03
76.77206 3.96803e+03
76.77653 3.94751e+03
76.78100 3.88321e+03
76.78546 3.86571e+03
76.78993 3.94504e+03
76.79440 3.87137e+03
76.80087 3.79496e+03
76.80534 3.87403e+03
76.80981 3.91214e+03
76.81428 3.86171e+03
76.81875 3.90146e+03
76.82321 3.73763e+03
76.82768 3.93488e+03
76.83215 3.85841e+03
76.83662 3.92939e+03
76.84109 3.70425e+03
76.84556 3.85983e+03
76.85003 3.88769e+03
76.85450 3.98991e+03
76.85896 4.14185e+03
76.86343 4.11958e+03
76.86790 4.06100e+03
76.87237 4.07197e+03
76.87684 3.96574e+03
76.88131 4.06836e+03
76.88578 3.96779e+03
76.89025 3.86294e+03
76.89472 4.01590e+03
76.89919 4.25099e+03
76.90366 4.11940e+03
76.90812 4.09589e+03
76.91259 4.23412e+03
76.91706 4.26685e+03
76.92153 4.44216e+03
76.92600 4.53701e+03
76.93047 4.98160e+03
76.93494 5.21157e+03
76.93941 5.17779e+03
76.94388 4.75749e+03
76.94835 4.24016e+03
76.95282 4.28887e+03
76.95728 4.24142e+03
76.96175 4.00575e+03
76.96622 3.82466e+03
76.97069 4.03506e+03
76.97516 4.20933e+03
76.97963 4.25077e+03
76.98410 4.32074e+03
76.98857 4.24134e+03
76.99304 4.25692e+03
76.99751 4.38158e+03
77.00198 4.75156e+03
77.00644 5.37648e+03
77.01091 6.90287e+03
77.01538 1.13016e+04
77.01985 2.26869e+04
77.02432 4.73817e+04
77.02879 8.99178e+04
77.03326 1.42264e+05
77.03773 1.83109e+05
77.04220 1.90236e+05
77.04667 1.59112e+05
77.05114 1.08858e+05
77.05561 6.37419e+04
77.06008 3.24522e+04
77.06455 1.59753e+04
77.06901 8.52793e+03
77.07349 5.88745e+03
77.07795 4.85237e+03
77.08242 4.58934e+03
77.08689 4.56946e+03
77.09136 4.50394e+03
77.09583 4.42074e+03
77.10030 4.29750e+03
77.10477 4.48925e+03
77.10924 4.44521e+03
77.11371 4.44099e+03
77.11818 4.33381e+03
77.12265 4.26656e+03
77.12712 3.99350e+03
77.13159 4.23616e+03
77.13606 4.23054e+03
77.14053 4.34360e+03
77.14500 4.53844e+03
77.14947 4.50183e+03
77.15394 4.50007e+03
77.15841 4.44055e+03
77.16287 4.25314e+03
77.16734 4.19390e+03
77.17181 4.62121e+03
77.17628 4.87120e+03
77.18075 4.80783e+03
77.18522 5.12081e+03
77.18969 5.38179e+03
77.19416 5.22255e+03
77.19863 5.07723e+03
77.20310 5.00655e+03
77.20757 5.14305e+03
77.21204 5.73613e+03
77.21651 6.98971e+03
77.22098 8.27754e+03
77.22545 9.74076e+03
77.22992 1.03633e+04
77.23439 9.60555e+03
77.23886 8.39905e+03
77.24333 6.75818e+03
77.24780 5.68586e+03
77.25227 5.19817e+03
77.25674 4.83064e+03
77.26121 4.58008e+03
77.26568 4.50223e+03
77.27015 4.67572e+03
77.27462 4.55995e+03
77.27909 4.70011e+03
77.28356 4.67527e+03
77.28803 4.86703e+03
77.29250 4.61958e+03
77.29697 4.59432e+03
77.30144 4.63147e+03
77.30591 4.73232e+03
77.31038 4.45473e+03
77.31485 4.15077e+03
77.31932 4.42670e+03
77.32379 4.02275e+03
77.32826 4.19556e+03
77.33171 4.18459e+03
77.33617 4.29592e+03
77.34064 4.58263e+03
77.34510 4.57644e+03
77.34957 4.39572e+03
77.35403 4.32187e+03
77.35849 4.20123e+03
77.36296 4.31001e+03
77.36742 4.14427e+03
77.37189 4.27189e+03
77.37635 4.30441e+03
77.38081 4.40995e+03
77.38528 4.44011e+03
77.38974 4.44278e+03
77.39421 4.29695e+03
77.39867 4.32670e+03
77.40313 4.41109e+03
77.40760 4.31491e+03
77.41206 4.57939e+03
77.41653 4.57428e+03
77.42099 4.60055e+03
77.42545 4.75802e+03
77.42992 5.03791e+03
77.43438 5.42897e+03
77.43885 6.14433e+03
77.44331 7.15950e+03
77.44777 8.29629e+03
77.45224 8.33989e+03
77.45670 7.69496e+03
77.46117 6.30084e+03
77.46563 5.19029e+03
77.47010 4.46557e+03
77.47456 4.38427e+03
77.47902 4.16970e+03
77.48349 4.30299e+03
77.48795 4.43479e+03
77.49242 4.50991e+03
77.49688 4.59855e+03
77.50135 4.79565e+03
77.50581 4.68052e+03
77.51027 4.54793e+03
77.51474 4.41569e+03
77.51920 4.44615e+03
77.52367 4.78443e+03
77.52813 5.25398e+03
77.53260 6.01494e+03
77.53706 5.95057e+03
77.54152 5.56963e+03
77.54599 5.14805e+03
77.55045 4.60970e+03
77.55492 4.61844e+03
77.55938 4.60295e+03
77.56385 4.60730e+03
77.56831 4.70224e+03
77.57278 4.54807e+03
77.57724 5.07677e+03
77.58170 5.86738e+03
77.58617 7.13361e+03
77.59063 8.62323e+03
77.59510 9.41789e+03
77.59956 8.79373e+03
77.60403 7.45788e+03
77.60849 6.17147e+03
77.61296 5.93655e+03
77.61742 5.95063e+03
77.62189 6.00462e+03
77.62635 5.83384e+03
77.63081 5.37769e+03
77.63528 5.19369e+03
77.63974 4.80747e+03
77.64421 4.60802e+03
77.64867 4.67588e+03
77.65314 4.41235e+03
77.65760 4.52382e+03
77.66207 4.67899e+03
77.66653 4.48439e+03
77.67100 4.46032e+03
77.67546 4.56115e+03
77.67993 4.62834e+03
77.68439 4.47463e+03
77.68886 4.52997e+03
77.69332 4.50096e+03
77.69778 4.72673e+03
77.70225 4.67884e+03
77.70671 4.51608e+03
77.71118 4.73067e+03
77.71564 4.54723e+03
77.72011 4.55063e+03
77.72457 4.84704e+03
77.72904 4.83148e+03
77.73350 4.60348e+03
77.73797 4.44039e+03
77.74243 4.39874e+03
77.74690 4.27751e+03
77.75136 4.38504e+03
77.75583 4.61205e+03
77.76029 4.76891e+03
77.76476 4.82188e+03
77.76922 4.59561e+03
77.77369 4.70719e+03
77.77815 4.77318e+03
77.78262 4.85736e+03
77.78708 5.18637e+03
77.79155 5.47921e+03
77.79601 5.59529e+03
77.80048 5.32792e+03
77.80494 5.26851e+03
77.80941 5.11320e+03
77.81387 5.10204e+03
77.81834 5.11610e+03
77.82280 5.12886e+03
77.82727 4.95130e+03
77.83173 4.96987e+03
77.83620 4.89065e+03
77.84066 4.58662e+03
77.84513 4.71728e+03
77.84959 4.67391e+03
77.85406 4.65217e+03
77.85852 4.85940e+03
77.86299 4.79915e+03
77.86745 4.88939e+03
77.87192 4.69233e+03
77.87638 4.64597e+03
77.88085 4.63424e+03
77.88531 4.47957e+03
77.88978 4.48816e+03
77.89424 4.43138e+03
77.89871 4.65577e+03
77.90117 4.68678e+03
77.90564 4.77637e+03
77.91011 4.78525e+03
77.91457 4.74073e+03
77.91904 4.66537e+03
77.92350 4.81538e+03
77.92797 4.85145e+03
77.93243 4.97093e+03
77.93690 4.83875e+03
77.94136 5.10547e+03
77.94583 4.83773e+03
77.95029 4.81710e+03
77.95476 5.08327e+03
77.95922 5.06289e+03
77.96369 5.26631e+03
77.96815 5.90423e+03
77.97262 6.66180e+03
77.97709 7.79941e+03
77.98155 8.64584e+03
77.98602 9.28494e+03
77.99048 9.42048e+03
77.99495 8.58536e+03
77.99941 8.44052e+03
78.00388 9.79046e+03
78.00834 1.36486e+04
78.01281 2.33159e+04
78.01727 4.05978e+04
78.02174 6.49331e+04
78.02621 8.91235e+04
78.03067 1.00271e+05
78.03514 9.01769e+04
78.03960 6.45559e+04
78.04407 3.79277e+04
78.04854 1.96684e+04
78.05300 1.08929e+04
78.05747 7.21683e+03
78.06193 5.71293e+03
78.06640 5.07336e+03
78.07086 4.95283e+03
78.07533 4.92735e+03
78.07979 4.66360e+03
78.08426 4.70168e+03
78.08873 4.91836e+03
78.09319 4.97851e+03
78.09766 4.86484e+03
78.10212 4.94227e+03
78.10659 4.87065e+03
78.11105 4.77227e+03
78.11552 4.82508e+03
78.11999 4.69869e+03
78.12445 4.90127e+03
78.12892 4.96893e+03
78.13338 4.82802e+03
78.13785 4.94981e+03
78.14231 5.05871e+03
78.14678 5.20909e+03
78.15125 5.23156e+03
78.15571 5.16840e+03
78.16018 5.62817e+03
78.16464 5.46930e+03
78.16911 5.27240e+03
78.17358 5.33872e+03
78.17804 5.31746e+03
78.18251 4.94172e+03
78.18697 5.00181e+03
78.19144 5.01481e+03
78.19591 5.06368e+03
78.20037 5.05141e+03
78.20484 5.10188e+03
78.20930 5.09559e+03
78.21377 5.28175e+03
78.21824 5.61532e+03
78.22270 6.22502e+03
78.22717 7.15675e+03
78.23163 7.98697e+03
78.23610 7.99765e+03
78.24057 7.30312e+03
78.24503 6.39478e+03
78.24950 5.77958e+03
78.25396 5.45581e+03
78.25843 5.28193e+03
78.26290 5.32343e+03
78.26736 5.12730e+03
78.27183 4.97676e+03
78.27630 5.11969e+03
78.28076 5.08478e+03
78.28523 5.03185e+03
78.28969 5.11025e+03
78.29416 5.22185e+03
78.29863 5.50171e+03
78.30309 5.54834e+03
78.30756 5.32993e+03
78.31203 5.12502e+03
78.31649 5.05597e+03
78.32096 4.82094e+03
78.32542 4.89257e+03
78.32989 4.85687e+03
78.33436 4.98292e+03
78.33882 5.17786e+03
78.34329 5.18165e+03
78.34776 4.98091e+03
78.35222 5.03405e+03
78.35669 5.18989e+03
78.36115 5.14062e+03
78.36562 5.19190e+03
78.37009 4.98751e+03
78.37455 5.03020e+03
78.37902 5.19249e+03
78.38349 5.30322e+03
78.38795 5.33413e+03
78.39242 5.33193e+03
78.39689 5.30208e+03
78.40835 5.11759e+03
78.41282 5.06525e+03
78.41729 4.89404e+03
78.42175 5.16013e+03
78.42622 5.05992e+03
78.43068 5.18389e+03
78.43515 5.25274e+03
78.43962 4.87472e+03
78.44408 4.89387e+03
78.44855 5.11658e+03
78.45302 5.01809e+03
78.45748 5.17497e+03
78.46195 5.66364e+03
78.46642 5.66560e+03
78.47088 5.48629e+03
78.47535 5.55299e+03
78.47982 5.29377e+03
78.48428 5.36895e+03
78.48875 5.42322e+03
78.49322 5.09865e+03
78.49768 5.12028e+03
78.50215 5.20319e+03
78.50662 4.92692e+03
78.51108 4.85985e+03
78.51555 4.85013e+03
78.52002 4.90004e+03
78.52448 5.08595e+03
78.52895 4.96926e+03
78.53342 5.13937e+03
78.53788 4.89887e+03
78.54235 4.88370e+03
78.54790 4.90130e+03
78.55236 5.05196e+03
78.55682 5.05419e+03
78.56128 5.08375e+03
78.56574 4.90082e+03
78.57020 5.06345e+03
78.57466 5.24704e+03
78.57913 5.29471e+03
78.58359 5.37371e+03
78.58805 5.43569e+03
78.59251 5.20597e+03
78.59697 5.24933e+03
78.60143 5.33914e+03
78.60589 5.40463e+03
78.61035 5.55887e+03
78.61481 6.06903e+03
78.61927 7.21645e+03
78.62373 9.05330e+03
78.62819 1.38184e+04
78.63265 2.43966e+04
78.63711 4.22759e+04
78.64158 6.10935e+04
78.64604 7.25013e+04
78.65050 7.03829e+04
78.65496 5.54319e+04
78.65942 3.62063e+04
78.66388 1.97177e+04
78.66834 1.16209e+04
78.67280 8.09401e+03
78.67726 6.54577e+03
78.68172 5.97430e+03
78.68618 5.82581e+03
78.69065 5.82799e+03
78.69511 5.83717e+03
78.69957 5.57458e+03
78.70403 5.66036e+03
78.70849 5.43909e+03
78.71295 5.62286e+03
78.71741 5.60417e+03
78.72187 5.47272e+03
78.72633 5.86033e+03
78.73079 6.48368e+03
78.73525 7.27016e+03
78.73972 7.90638e+03
78.74418 9.96050e+03
78.74864 1.50541e+04
78.75310 2.56941e+04
78.75756 4.75052e+04
78.76202 7.93031e+04
78.76648 1.12047e+05
78.77094 1.29105e+05
78.77541 1.19521e+05
78.77987 8.48736e+04
78.78433 4.76370e+04
78.78879 2.32977e+04
78.79325 1.25168e+04
78.79771 8.64128e+03
78.80217 6.97089e+03
78.80663 6.35284e+03
78.81109 6.09993e+03
78.81556 5.71185e+03
78.82002 5.49035e+03
78.82448 5.65162e+03
78.82894 5.58541e+03
78.83340 5.50289e+03
78.83786 5.61987e+03
78.84232 5.68685e+03
78.84678 5.73864e+03
78.85125 5.66943e+03
78.85571 5.84224e+03
78.86017 5.73403e+03
78.86463 5.83275e+03
78.86909 6.01198e+03
78.87355 5.88581e+03
78.87802 5.72826e+03
78.88248 5.66389e+03
78.88694 5.77754e+03
78.89140 5.78083e+03
78.89586 5.67822e+03
78.90032 5.66615e+03
78.90478 5.74350e+03
78.90824 5.83985e+03
78.91271 6.01601e+03
78.91717 6.17184e+03
78.92163 6.13634e+03
78.92609 6.06046e+03
78.93055 5.97634e+03
78.93501 6.27033e+03
78.93948 6.49945e+03
78.94394 6.46319e+03
78.94840 6.47467e+03
78.95286 6.19389e+03
78.95732 6.10308e+03
78.96178 6.05672e+03
78.96625 6.26325e+03
78.97071 6.76835e+03
78.97517 7.04115e+03
78.97963 7.47926e+03
78.98409 8.69569e+03
78.98855 1.10719e+04
78.99301 1.70200e+04
78.99748 3.13803e+04
79.00194 6.00728e+04
79.00640 1.07305e+05
79.01086 1.67628e+05
79.01532 2.19622e+05
79.01979 2.40192e+05
79.02425 2.16634e+05
79.02871 1.57426e+05
79.03317 9.04143e+04
79.03763 4.47275e+04
79.04209 2.12587e+04
79.04656 1.19541e+04
79.05102 8.30049e+03
79.05548 7.10414e+03
79.05994 6.23201e+03
79.06440 6.30562e+03
79.06887 5.88351e+03
79.07333 5.58172e+03
79.07779 5.95291e+03
79.08225 6.03507e+03
79.08671 6.15544e+03
79.09118 6.24512e+03
79.09564 6.42077e+03
79.10010 6.17660e+03
79.10456 6.07994e+03
79.10902 5.93960e+03
79.11348 5.96918e+03
79.11795 5.87599e+03
79.12241 5.71135e+03
79.12687 5.83842e+03
79.13133 5.81946e+03
79.13580 6.20145e+03
79.14026 6.04138e+03
79.14472 5.89458e+03
79.14918 5.58954e+03
79.15364 5.60839e+03
79.15811 5.57011e+03
79.16257 5.58505e+03
79.16703 5.50597e+03
79.17149 5.52484e+03
79.17595 5.96227e+03
79.18042 5.76410e+03
79.18488 5.93467e+03
79.18934 5.95936e+03
79.19380 5.94734e+03
79.19827 5.82797e+03
79.20273 6.08839e+03
79.20719 6.09559e+03
79.21165 5.94277e+03
79.21611 5.98179e+03
79.22058 5.98755e+03
79.22504 5.82290e+03
79.22950 5.86993e+03
79.23396 5.97200e+03
79.23843 5.70243e+03
79.24289 5.53990e+03
79.24735 5.84182e+03
79.25181 5.82721e+03
79.25627 5.66338e+03
79.26074 5.88592e+03
79.26520 5.74203e+03
79.26966 5.81393e+03
79.27412 5.68931e+03
79.27859 5.91885e+03
79.28305 5.98375e+03
79.28751 6.03864e+03
79.29197 5.86870e+03
79.29644 5.63468e+03
79.30090 5.57733e+03
79.30536 5.74575e+03
79.30982 5.94059e+03
79.31429 5.87581e+03
79.31875 5.72876e+03
79.32321 5.67067e+03
79.32767 5.52050e+03
79.33214 5.63550e+03
79.33660 5.65299e+03
79.34106 5.60765e+03
79.34552 5.73933e+03
79.34999 5.56540e+03
79.35445 5.38416e+03
79.35891 5.51481e+03
79.36337 5.78869e+03
79.36784 5.93724e+03
79.37230 5.81682e+03
79.37676 5.67129e+03
79.38123 5.64792e+03
79.38569 5.76668e+03
79.39015 5.64180e+03
79.39461 5.72008e+03
79.39907 5.88607e+03
79.40354 5.65923e+03
79.40800 5.65217e+03
79.41246 5.98826e+03
79.41693 6.04267e+03
79.42139 6.14117e+03
79.42585 6.02678e+03
79.43031 6.09988e+03
79.43478 5.88982e+03
79.43924 5.91318e+03
79.44370 5.75832e+03
79.44817 5.97547e+03
79.45263 5.81323e+03
79.45709 5.89785e+03
79.46155 5.94262e+03
79.46602 6.02525e+03
79.47048 5.93523e+03
79.47494 5.88423e+03
79.47941 6.00472e+03
79.48387 5.83925e+03
79.48833 5.85604e+03
79.49279 6.01872e+03
79.49726 5.86564e+03
79.50172 5.71661e+03
79.50618 5.96120e+03
79.51065 6.02159e+03
79.51511 5.58042e+03
79.51957 5.64081e+03
79.52403 5.63347e+03
79.52850 5.96926e+03
79.53296 6.02669e+03
79.53742 5.89700e+03
79.54189 5.68610e+03
79.54635 5.82503e+03
79.55081 5.70777e+03
79.55528 5.83699e+03
79.55974 5.97942e+03
79.56420 6.05019e+03
79.56867 6.04141e+03
79.57313 6.22373e+03
79.57759 6.49457e+03
79.58205 6.31397e+03
79.58652 6.01034e+03
79.59098 5.84284e+03
79.59544 5.88603e+03
79.59991 5.80169e+03
79.60437 5.96643e+03
79.60883 6.03884e+03
79.61330 6.23736e+03
79.61776 6.28835e+03
79.62222 6.21599e+03
79.62669 6.10115e+03
79.63115 5.96527e+03
79.63561 5.84127e+03
79.64008 6.24599e+03
79.64454 6.36485e+03
79.64900 6.92283e+03
79.65347 8.05547e+03
79.65793 9.35100e+03
79.66239 1.12767e+04
79.66686 1.19518e+04
79.67132 1.09950e+04
79.67578 9.28906e+03
79.68025 7.54571e+03
79.68471 6.57173e+03
79.68917 6.22633e+03
79.69364 6.15407e+03
79.69810 6.25723e+03
79.70256 6.14040e+03
79.70703 5.93665e+03
79.71149 5.99824e+03
79.71595 6.02287e+03
79.72042 6.15515e+03
79.72488 6.24117e+03
79.72934 6.62942e+03
79.73381 6.83956e+03
79.73827 6.76849e+03
79.74274 6.64157e+03
79.74720 6.45072e+03
79.75166 6.24634e+03
79.75613 6.29466e+03
79.76059 6.39060e+03
79.76505 6.38411e+03
79.76952 6.30078e+03
79.77398 6.23727e+03
79.77844 6.26415e+03
79.78291 6.39881e+03
79.78737 6.33259e+03
79.79184 6.33850e+03
79.79630 6.39484e+03
79.80076 6.30296e+03
79.80523 6.10549e+03
79.80969 6.05111e+03
79.81415 6.20519e+03
79.81862 6.33485e+03
79.82308 6.76378e+03
79.82755 6.78081e+03
79.83201 6.80070e+03
79.83647 6.64482e+03
79.84094 6.55578e+03
79.84540 6.45543e+03
79.84986 6.19152e+03
79.85433 6.54233e+03
79.85879 6.54240e+03
79.86326 6.33197e+03
79.86772 6.13829e+03
79.87218 6.21399e+03
79.87665 6.25883e+03
79.88111 6.31302e+03
79.88558 6.16852e+03
79.89004 6.58433e+03
79.89450 6.62641e+03
79.89897 6.73754e+03
79.90343 6.81203e+03
79.90789 6.50231e+03
79.91236 6.32603e+03
79.91682 6.44865e+03
79.92129 6.40657e+03
79.92575 6.48133e+03
79.93021 6.30836e+03
79.93468 6.03595e+03
79.93914 6.32010e+03
79.94361 6.19691e+03
79.94807 6.67748e+03
79.95253 7.21515e+03
79.95700 7.63147e+03
79.96146 8.09556e+03
79.96593 7.86120e+03
79.97039 7.33083e+03
79.97486 6.96103e+03
79.97932 7.26975e+03
79.98378 7.58620e+03
79.98825 7.80083e+03
79.99271 7.81727e+03
79.99718 7.78460e+03
80.00164 7.22761e+03
80.00610 7.00039e+03
80.01057 6.79379e+03
80.01503 6.76893e+03
80.01950 6.63131e+03
80.02396 6.53702e+03
80.02842 6.39600e+03
80.03289 6.21835e+03
80.03735 6.11241e+03
80.04182 6.29525e+03
80.04628 6.25510e+03
80.05075 6.34168e+03
80.05521 6.42946e+03
80.05967 6.50144e+03
80.06414 6.66279e+03
80.06860 6.95535e+03
80.07307 7.04464e+03
80.07753 7.02736e+03
80.08200 6.96304e+03
80.08646 6.67671e+03
80.09093 6.77128e+03
80.09539 6.94035e+03
80.09986 6.71186e+03
80.10758 7.02588e+03
80.11203 6.95965e+03
80.11649 6.97027e+03
80.12095 6.99368e+03
80.12541 7.13419e+03
80.12987 6.94833e+03
80.13432 6.93514e+03
80.13878 6.93381e+03
80.14324 7.10935e+03
80.14770 6.79489e+03
80.15216 7.02444e+03
80.15661 7.04322e+03
80.16107 6.99861e+03
80.16553 6.87397e+03
80.16999 6.57378e+03
80.17445 6.85286e+03
80.17891 7.07811e+03
80.18336 7.07762e+03
80.18782 7.08986e+03
80.19228 7.05443e+03
80.19674 6.85247e+03
80.20120 6.99966e+03
80.20565 6.96219e+03
80.21011 6.83885e+03
80.21457 6.77450e+03
80.21903 6.75859e+03
80.22349 6.80947e+03
80.22795 6.95615e+03
80.23240 7.08619e+03
80.23686 7.07682e+03
80.24132 6.76742e+03
80.24578 6.53892e+03
80.25024 6.66978e+03
80.25469 6.61414e+03
80.25915 6.63360e+03
80.26361 6.95954e+03
80.26807 6.72599e+03
80.27253 6.73249e+03
80.27699 6.76570e+03
80.28145 7.05579e+03
80.28590 6.78649e+03
80.29036 6.85528e+03
80.29482 6.92170e+03
80.29928 6.97574e+03
80.30374 7.24376e+03
80.30819 7.07317e+03
80.31265 7.11674e+03
80.31711 7.30934e+03
80.32157 6.91818e+03
80.32603 6.60016e+03
80.33049 6.58402e+03
80.33495 6.70732e+03
80.33940 7.05300e+03
80.34386 7.32182e+03
80.34832 7.61290e+03
80.35278 7.79167e+03
80.35724 7.50311e+03
80.36170 7.38053e+03
80.36616 7.24799e+03
80.37061 7.10619e+03
80.37507 6.96031e+03
80.37953 6.96716e+03
80.38399 7.06762e+03
80.38845 6.83275e+03
80.39291 6.85317e+03
80.39737 7.05937e+03
80.40183 7.63500e+03
80.40228 7.46942e+03
80.40674 7.82364e+03
80.41120 7.83604e+03
80.41566 7.84218e+03
80.42012 7.63778e+03
80.42458 7.33227e+03
80.42904 7.28369e+03
80.43349 7.34864e+03
80.43795 7.54582e+03
80.44241 7.65456e+03
80.44687 7.67165e+03
80.45133 7.52765e+03
80.45579 7.30140e+03
80.46025 7.30028e+03
80.46471 7.04962e+03
80.46917 7.10414e+03
80.47362 6.69087e+03
80.47808 6.78585e+03
80.48254 6.72355e+03
80.48700 6.99321e+03
80.49146 7.03662e+03
80.49592 7.03292e+03
80.50038 7.18441e+03
80.50484 7.42998e+03
80.50929 7.17219e+03
80.51375 7.15153e+03
80.51821 7.10300e+03
80.52267 7.16532e+03
80.52713 7.27667e+03
80.53159 7.37262e+03
80.53605 7.24785e+03
80.54051 7.14060e+03
80.54497 6.94952e+03
80.54943 7.13849e+03
80.55389 7.12745e+03
80.55835 7.09880e+03
80.56280 7.17360e+03
80.56726 7.02857e+03
80.57172 7.21462e+03
80.57618 7.21581e+03
80.58064 7.12849e+03
80.58510 6.96265e+03
80.58956 7.10442e+03
80.59402 7.24944e+03
80.59848 7.65682e+03
80.60294 7.48577e+03
80.60739 7.33743e+03
80.61185 7.20722e+03
80.61631 7.32464e+03
80.62077 7.55051e+03
80.62523 7.78217e+03
80.62969 8.17685e+03
80.63415 8.13922e+03
80.63861 8.56372e+03
80.64307 8.64850e+03
80.64753 9.15359e+03
80.65199 9.85600e+03
80.65645 9.95810e+03
80.66091 9.62078e+03
80.66537 8.81163e+03
80.66983 8.39762e+03
80.67428 8.30521e+03
80.67874 8.67760e+03
80.68320 8.72828e+03
80.68766 8.64772e+03
80.69212 8.20393e+03
80.69658 7.68403e+03
80.70104 7.45572e+03
80.70550 7.29764e+03
80.70996 7.46081e+03
80.71442 7.53526e+03
80.71888 7.45328e+03
80.72334 7.43727e+03
80.72780 7.61078e+03
80.73226 7.62194e+03
80.73672 7.99989e+03
80.74118 8.04960e+03
80.74564 7.91059e+03
80.75010 8.17826e+03
80.75455 8.12766e+03
80.75902 7.86982e+03
80.76347 7.80738e+03
80.76793 7.90722e+03
80.77239 7.80720e+03
80.77685 7.73051e+03
80.78131 8.00648e+03
80.78577 7.97571e+03
80.79023 8.05910e+03
80.79469 7.93074e+03
80.79915 7.87803e+03
80.80361 8.00852e+03
80.80807 7.83222e+03
80.81253 7.56981e+03
80.81699 7.49972e+03
80.82145 7.40530e+03
80.82591 7.52739e+03
80.83037 7.38620e+03
80.83483 7.10842e+03
80.83929 7.35727e+03
80.84375 7.74545e+03
80.84821 8.09709e+03
80.85267 7.89312e+03
80.85713 7.39361e+03
80.86159 7.57230e+03
80.86605 7.61770e+03
80.87051 7.82905e+03
80.87497 8.08534e+03
80.87943 8.16720e+03
80.88389 8.34927e+03
80.88835 8.44038e+03
80.89281 8.33929e+03
80.89727 8.27531e+03
80.90173 7.90907e+03
80.90619 7.72425e+03
80.91065 7.73396e+03
80.91511 7.77001e+03
80.91957 7.70856e+03
80.92403 7.94131e+03
80.92849 8.04804e+03
80.93295 8.00487e+03
80.93741 8.02910e+03
80.94187 8.08450e+03
80.94633 8.09085e+03
80.95079 8.38143e+03
80.95525 9.12129e+03
80.95971 9.92670e+03
80.96417 1.06894e+04
80.96863 1.08731e+04
80.97309 1.01090e+04
80.97755 9.16662e+03
80.98201 8.45025e+03
80.98647 8.39431e+03
80.99093 8.12405e+03
80.99539 7.84540e+03
80.99985 7.85299e+03
81.00431 7.98155e+03
81.00877 8.09822e+03
81.01323 8.03567e+03
81.01769 7.75733e+03
81.02215 7.65240e+03
81.02661 7.64738e+03
81.03107 7.67702e+03
81.03553 7.78703e+03
81.03999 8.15426e+03
81.04445 8.44079e+03
81.04891 8.78291e+03
81.05337 8.70453e+03
81.05783 8.39266e+03
81.06229 8.43304e+03
81.06675 8.17939e+03
81.07121 8.28295e+03
81.07567 8.24237e+03
81.08013 8.28617e+03
81.08459 7.99340e+03
81.08906 8.26111e+03
81.09351 8.22955e+03
81.09798 8.13666e+03
81.10244 8.09680e+03
81.10690 8.13102e+03
81.11136 8.12744e+03
81.11582 8.06171e+03
81.12028 7.99112e+03
81.12474 8.35593e+03
81.12920 8.42116e+03
81.13366 8.47257e+03
81.13812 8.54089e+03
81.14258 8.72609e+03
81.14704 8.77636e+03
81.15150 8.61777e+03
81.15596 8.35795e+03
81.16042 8.48562e+03
81.16488 8.26710e+03
81.16934 8.61295e+03
81.17381 8.42376e+03
81.17827 8.27235e+03
81.18273 8.41119e+03
81.18719 8.29864e+03
81.19165 8.26500e+03
81.19611 8.17625e+03
81.20057 8.33244e+03
81.20503 8.48069e+03
81.20949 8.54772e+03
81.21395 8.52799e+03
81.21841 8.38839e+03
81.22287 8.36109e+03
81.22733 8.23612e+03
81.23179 8.35273e+03
81.23625 8.45651e+03
81.24072 8.40043e+03
81.24518 8.33318e+03
81.24964 7.95742e+03
81.25410 8.16193e+03
81.25856 8.30853e+03
81.26302 8.27138e+03
81.26748 8.58053e+03
81.27194 8.66411e+03
81.27640 8.74607e+03
81.28086 8.62206e+03
81.28532 8.78807e+03
81.28978 8.69404e+03
81.29425 9.10020e+03
81.29871 9.17332e+03
81.30317 9.06018e+03
81.30763 9.21442e+03
81.31209 9.02703e+03
81.31655 8.89876e+03
81.32101 8.85068e+03
81.32547 9.07065e+03
81.32993 9.48070e+03
81.33440 9.68324e+03
81.33886 9.50972e+03
81.34332 8.80084e+03
81.34778 8.59375e+03
81.35224 8.32088e+03
81.35670 8.29642e+03
81.36116 8.35898e+03
81.36562 8.23872e+03
81.37008 8.06803e+03
81.37454 8.12217e+03
81.37901 8.48713e+03
81.38347 8.57642e+03
81.38793 8.82587e+03
81.39239 8.88065e+03
81.39685 9.04184e+03
81.40186 9.38570e+03
81.40632 9.15596e+03
81.41077 9.50212e+03
81.41523 9.97062e+03
81.41968 9.99032e+03
81.42414 9.70655e+03
81.42859 9.52939e+03
81.43305 9.09682e+03
81.43750 9.08477e+03
81.44195 9.14849e+03
81.44641 9.40266e+03
81.45086 9.58011e+03
81.45532 9.45486e+03
81.45977 9.36164e+03
81.46423 9.43106e+03
81.46868 9.75258e+03
81.47314 9.54436e+03
81.47759 9.71089e+03
81.48205 9.97527e+03
81.48650 1.02974e+04
81.49096 1.02393e+04
81.49541 1.04266e+04
81.49987 1.09160e+04
81.50432 1.11122e+04
81.50878 1.07471e+04
81.51323 1.02207e+04
81.51769 1.01141e+04
81.52214 9.78199e+03
81.52660 9.78783e+03
81.53105 9.76921e+03
81.53551 9.72721e+03
81.53996 9.75344e+03
81.54442 9.48011e+03
81.54887 9.27639e+03
81.55333 9.41674e+03
81.55778 9.64877e+03
81.56224 9.59123e+03
81.56669 9.88309e+03
81.57115 1.00243e+04
81.57560 1.01054e+04
81.58006 1.06831e+04
81.58451 1.21038e+04
81.58897 1.33950e+04
81.59342 1.44397e+04
81.59788 1.43488e+04
81.60233 1.29591e+04
81.60679 1.17400e+04
81.61124 1.10644e+04
81.61570 1.04163e+04
81.62015 1.02712e+04
81.62461 9.71075e+03
81.62906 9.54854e+03
81.63352 9.72608e+03
81.63797 1.01161e+04
81.64243 1.06002e+04
81.64689 1.08348e+04
81.65134 1.05803e+04
81.65580 1.02076e+04
81.66025 9.96046e+03
81.66471 1.02817e+04
81.66916 1.00872e+04
81.67362 9.91051e+03
81.67807 9.88517e+03
81.68253 9.86177e+03
81.68698 9.67007e+03
81.69144 1.01481e+04
81.69589 1.02485e+04
81.70035 1.08622e+04
81.70481 1.08361e+04
81.70926 1.11784e+04
81.71372 1.07505e+04
81.71817 1.05496e+04
81.72263 1.01888e+04
81.72708 1.02741e+04
81.73154 1.04112e+04
81.73599 1.02695e+04
81.74045 1.02959e+04
81.74491 1.04170e+04
81.74936 1.02242e+04
81.75382 1.00807e+04
81.75827 9.93783e+03
81.76273 9.77716e+03
81.76718 9.68662e+03
81.77164 9.70127e+03
81.77609 9.54859e+03
81.78055 9.78588e+03
81.78500 1.02026e+04
81.78946 1.04169e+04
81.79392 1.06389e+04
81.79837 1.09544e+04
81.80283 1.18906e+04
81.80728 1.29273e+04
81.81174 1.38243e+04
81.81619 1.41874e+04
81.82065 1.38360e+04
81.82511 1.23779e+04
81.82956 1.16682e+04
81.83402 1.10881e+04
81.83847 1.06423e+04
81.84293 1.04502e+04
81.84739 1.04262e+04
81.85184 1.01768e+04
81.85630 1.02925e+04
81.86075 1.01776e+04
81.86521 1.01318e+04
81.86966 1.04098e+04
81.87412 1.04195e+04
81.87858 1.01895e+04
81.88303 1.02004e+04
81.88749 1.00411e+04
81.89194 1.03382e+04
81.89640 1.09108e+04
81.90086 1.11053e+04
81.90331 1.07644e+04
81.90777 1.07693e+04
81.91222 1.05840e+04
81.91668 1.05600e+04
81.92114 1.08991e+04
81.92559 1.07852e+04
81.93005 1.03762e+04
81.93450 1.01621e+04
81.93896 1.05220e+04
81.94342 1.05964e+04
81.94787 1.06752e+04
81.95233 1.07563e+04
81.95678 1.06911e+04
81.96124 1.02123e+04
81.96570 1.01506e+04
81.97015 1.01321e+04
81.97461 1.04876e+04
81.97906 1.05674e+04
81.98352 1.06146e+04
81.98798 1.06360e+04
81.99243 1.04317e+04
81.99689 1.03121e+04
82.00135 1.03052e+04
82.00580 1.03694e+04
82.01026 1.03426e+04
82.01471 1.04980e+04
82.01917 1.06195e+04
82.02363 1.09763e+04
82.02808 1.11992e+04
82.03254 1.13538e+04
82.03700 1.15972e+04
82.04145 1.18093e+04
82.04591 1.12534e+04
82.05036 1.09446e+04
82.05482 1.08293e+04
82.05928 1.08986e+04
82.06373 1.08568e+04
82.06819 1.10708e+04
82.07265 1.09707e+04
82.07710 1.16048e+04
82.08156 1.22511e+04
82.08602 1.23870e+04
82.09047 1.23453e+04
82.09493 1.17538e+04
82.09938 1.16466e+04
82.10384 1.13777e+04
82.10830 1.07106e+04
82.11275 1.06705e+04
82.11721 1.09410e+04
82.12167 1.09522e+04
82.12612 1.05531e+04
82.13058 1.04090e+04
82.13504 1.06092e+04
82.13949 1.10545e+04
82.14395 1.12559e+04
82.14841 1.09721e+04
82.15286 1.08316e+04
82.15732 1.04944e+04
82.16178 1.07859e+04
82.16623 1.10239e+04
82.17069 1.10002e+04
82.17515 1.10728e+04
82.17960 1.12210e+04
82.18406 1.15172e+04
82.18851 1.17318e+04
82.19297 1.17264e+04
82.19743 1.15477e+04
82.20189 1.10936e+04
82.20634 1.10586e+04
82.21080 1.12168e+04
82.21526 1.12372e+04
82.21971 1.16165e+04
82.22417 1.15944e+04
82.22863 1.17879e+04
82.23308 1.18525e+04
82.23754 1.16362e+04
82.24200 1.19093e+04
82.24645 1.30956e+04
82.25091 1.40817e+04
82.25537 1.45915e+04
82.25982 1.44009e+04
82.26428 1.33097e+04
82.26874 1.25520e+04
82.27319 1.21338e+04
82.27765 1.19142e+04
82.28211 1.17257e+04
82.28656 1.13974e+04
82.29102 1.10733e+04
82.29548 1.10203e+04
82.29994 1.11454e+04
82.30439 1.17408e+04
82.30885 1.17812e+04
82.31331 1.17880e+04
82.31776 1.16246e+04
82.32222 1.15958e+04
82.32668 1.17303e+04
82.33114 1.19530e+04
82.33559 1.24555e+04
82.34005 1.27693e+04
82.34451 1.30769e+04
82.34896 1.29758e+04
82.35342 1.27621e+04
82.35788 1.21530e+04
82.36233 1.16338e+04
82.36679 1.17259e+04
82.37125 1.15021e+04
82.37571 1.14211e+04
82.38016 1.12730e+04
82.38462 1.14300e+04
82.38908 1.14183e+04
82.39353 1.12783e+04
82.39799 1.13653e+04
82.40245 1.14729e+04
82.40691 1.13499e+04
82.41136 1.11960e+04
82.41582 1.12949e+04
82.42028 1.13401e+04
82.42473 1.15946e+04
82.42919 1.15834e+04
82.43365 1.21613e+04
82.43811 1.26906e+04
82.44256 1.28259e+04
82.44702 1.26172e+04
82.45148 1.24060e+04
82.45594 1.21749e+04
82.46039 1.21271e+04
82.46485 1.23174e+04
82.46931 1.24661e+04
82.47377 1.20890e+04
82.47822 1.18330e+04
82.48268 1.17458e+04
82.48714 1.15194e+04
82.49160 1.14898e+04
82.49605 1.18189e+04
82.50051 1.22460e+04
82.50497 1.23917e+04
82.50942 1.22562e+04
82.51388 1.19496e+04
82.51834 1.17755e+04
82.52280 1.16502e+04
82.52726 1.17022e+04
82.53171 1.16431e+04
82.53617 1.18284e+04
82.54063 1.15783e+04
82.54509 1.15290e+04
82.54954 1.14740e+04
82.55400 1.13007e+04
82.55846 1.17848e+04
82.56292 1.20735e+04
82.56737 1.21922e+04
82.57183 1.26501e+04
82.57629 1.21294e+04
82.58075 1.15171e+04
82.58521 1.18420e+04
82.58966 1.24622e+04
82.59412 1.27102e+04
82.59858 1.23734e+04
82.60304 1.25908e+04
82.60749 1.26173e+04
82.61195 1.24879e+04
82.61641 1.24565e+04
82.62087 1.22762e+04
82.62532 1.23156e+04
82.62978 1.24124e+04
82.63424 1.20927e+04
82.63870 1.19492e+04
82.64315 1.19140e+04
82.64761 1.17185e+04
82.65207 1.20392e+04
82.65653 1.20363e+04
82.66099 1.20849e+04
82.66545 1.20431e+04
82.66990 1.18089e+04
82.67436 1.18571e+04
82.67882 1.20573e+04
82.68328 1.24504e+04
82.68773 1.24616e+04
82.69219 1.29441e+04
82.69665 1.29392e+04
82.69942 1.28572e+04
82.70387 1.23217e+04
82.70832 1.23947e+04
82.71277 1.25196e+04
82.71723 1.22713e+04
82.72168 1.26382e+04
82.72613 1.27038e+04
82.73058 1.26465e+04
82.73503 1.26868e+04
82.73948 1.30556e+04
82.74393 1.27692e+04
82.74839 1.30462e+04
82.75284 1.29822e+04
82.75729 1.31738e+04
82.76174 1.32118e+04
82.76619 1.31001e+04
82.77064 1.30068e+04
82.77509 1.33996e+04
82.77955 1.30346e+04
82.78400 1.27999e+04
82.78845 1.30319e+04
82.79290 1.33106e+04
82.79735 1.32187e+04
82.80181 1.31152e+04
82.80626 1.29756e+04
82.81071 1.24950e+04
82.81516 1.23581e+04
82.81961 1.24627e+04
82.82406 1.26873e+04
82.82852 1.28325e+04
82.83297 1.29965e+04
82.83742 1.28822e+04
82.84187 1.30234e+04
82.84632 1.31102e+04
82.85077 1.31690e+04
82.85523 1.31107e+04
82.85968 1.32671e+04
82.86413 1.33076e+04
82.86858 1.36215e+04
82.87303 1.35576e+04
82.87748 1.34554e+04
82.88194 1.35230e+04
82.88639 1.31766e+04
82.89084 1.28946e+04
82.89529 1.25564e+04
82.89974 1.22615e+04
82.90420 1.24203e+04
82.90865 1.30632e+04
82.91310 1.34214e+04
82.91755 1.36872e+04
82.92200 1.36051e+04
82.92646 1.34211e+04
82.93091 1.36935e+04
82.93536 1.36235e+04
82.93981 1.36104e+04
82.94427 1.31164e+04
82.94872 1.30718e+04
82.95317 1.30633e+04
82.95762 1.30760e+04
82.96207 1.33724e+04
82.96653 1.37279e+04
82.97098 1.36795e+04
82.97543 1.38833e+04
82.97988 1.42467e+04
82.98433 1.41414e+04
82.98879 1.40123e+04
82.99324 1.36145e+04
82.99769 1.35233e+04
83.00214 1.36545e+04
83.00660 1.35747e+04
83.01105 1.36369e+04
83.01550 1.35970e+04
83.01995 1.40286e+04
83.02440 1.38737e+04
83.02886 1.33038e+04
83.03331 1.31371e+04
83.03776 1.30081e+04
83.04221 1.29122e+04
83.04667 1.28435e+04
83.05112 1.29494e+04
83.05557 1.31932e+04
83.06002 1.32532e+04
83.06447 1.34392e+04
83.06893 1.38389e+04
83.07338 1.39449e+04
83.07783 1.39500e+04
83.08228 1.38166e+04
83.08674 1.39616e+04
83.09119 1.39343e+04
83.09564 1.40386e+04
83.10009 1.42113e+04
83.10455 1.36930e+04
83.10900 1.34939e+04
83.11345 1.35794e+04
83.11790 1.38464e+04
83.12236 1.36495e+04
83.12681 1.34807e+04
83.13126 1.34108e+04
83.13571 1.37812e+04
83.14017 1.36941e+04
83.14462 1.38894e+04
83.14907 1.40365e+04
83.15352 1.36736e+04
83.15798 1.35035e+04
83.16243 1.35925e+04
83.16688 1.38973e+04
83.17133 1.41400e+04
83.17579 1.40898e+04
83.18024 1.38543e+04
83.18469 1.39568e+04
83.18914 1.38539e+04
83.19360 1.41403e+04
83.19805 1.41831e+04
83.20350 1.41155e+04
83.20796 1.38429e+04
83.21241 1.35319e+04
83.21686 1.33842e+04
83.22131 1.34703e+04
83.22577 1.38420e+04
83.23022 1.38528e+04
83.23467 1.34123e+04
83.23913 1.35148e+04
83.24358 1.41061e+04
83.24803 1.50981e+04
83.25248 1.65283e+04
83.25694 1.98615e+04
83.26139 2.69758e+04
83.26584 3.81051e+04
83.27030 4.99401e+04
83.27475 5.68508e+04
83.27920 5.97558e+04
83.28365 6.09779e+04
83.28811 6.64052e+04
83.29256 6.84650e+04
83.29701 6.03070e+04
83.30147 4.47105e+04
83.30592 3.20947e+04
83.31037 2.70567e+04
83.31482 3.08663e+04
83.31928 4.40740e+04
83.32373 6.53382e+04
83.32818 8.35128e+04
83.33264 8.71086e+04
83.33709 7.10200e+04
83.34154 4.76597e+04
83.34600 3.31247e+04
83.35045 3.03752e+04
83.35490 3.89981e+04
83.35935 6.14327e+04
83.36381 9.78370e+04
83.36826 1.39329e+05
83.37271 1.61081e+05
83.37717 1.45101e+05
83.38162 1.03185e+05
83.38607 6.23608e+04
83.39053 3.74197e+04
83.39498 2.46932e+04
83.39943 1.86212e+04
83.40389 1.60454e+04
83.40834 1.57778e+04
83.41279 1.67262e+04
83.41725 1.78930e+04
83.42170 2.06679e+04
83.42615 2.71401e+04
83.43061 4.20423e+04
83.43506 6.79809e+04
83.43951 9.99322e+04
83.44397 1.18975e+05
83.44842 1.13113e+05
83.45287 8.44186e+04
83.45733 5.24553e+04
83.46178 3.27324e+04
83.46623 2.30463e+04
83.47069 1.84172e+04
83.47514 1.67490e+04
83.47959 1.67560e+04
83.48405 1.80703e+04
83.48850 2.14278e+04
83.49295 2.79904e+04
83.49741 3.90885e+04
83.50186 5.46940e+04
83.50632 7.03168e+04
83.51077 8.66059e+04
83.51522 1.14881e+05
83.51968 1.63716e+05
83.52413 2.13620e+05
83.52858 2.28437e+05
83.53304 1.92875e+05
83.53749 1.29419e+05
83.54194 7.38377e+04
83.54640 4.09727e+04
83.55085 2.60119e+04
83.55530 2.01000e+04
83.55976 1.69878e+04
83.56421 1.56537e+04
83.56866 1.52790e+04
83.57312 1.55773e+04
83.57757 1.56982e+04
83.58203 1.53901e+04
83.58648 1.51499e+04
83.59093 1.49162e+04
83.59539 1.45213e+04
83.59984 1.46860e+04
83.60429 1.49723e+04
83.60875 1.56723e+04
83.61320 1.63909e+04
83.61766 1.66907e+04
83.62211 1.67355e+04
83.62656 1.65436e+04
83.63102 1.63519e+04
83.63547 1.58905e+04
83.63993 1.57225e+04
83.64438 1.57128e+04
83.64883 1.58710e+04
83.65329 1.56527e+04
83.65774 1.54252e+04
83.66219 1.53361e+04
83.66665 1.52884e+04
83.67110 1.51159e+04
83.67556 1.49438e+04
83.68001 1.46490e+04
83.68446 1.47759e+04
83.68892 1.44612e+04
83.69337 1.46466e+04
83.69783 1.50562e+04
83.70228 1.53785e+04
83.70673 1.58872e+04
83.71119 1.62441e+04
83.71564 1.63583e+04
83.72010 1.63765e+04
83.72455 1.58119e+04
83.72900 1.60512e+04
83.73346 1.61349e+04
83.73791 1.64177e+04
83.74237 1.66165e+04
83.74682 1.62152e+04
83.75128 1.55905e+04
83.75573 1.52925e+04
83.76018 1.49856e+04
83.76464 1.50432e+04
83.76909 1.54751e+04
83.77355 1.55521e+04
83.77800 1.60543e+04
83.78245 1.60368e+04
83.78691 1.56136e+04
83.79136 1.57782e+04
83.79582 1.55899e+04
83.80027 1.54962e+04
83.80473 1.57562e+04
83.80918 1.58700e+04
83.81363 1.54111e+04
83.81809 1.52845e+04
83.82254 1.49450e+04
83.82700 1.50224e+04
83.83145 1.51295e+04
83.83591 1.57383e+04
83.84036 1.62394e+04
83.84481 1.63977e+04
83.84927 1.57353e+04
83.85372 1.53012e+04
83.85818 1.56017e+04
83.86263 1.60444e+04
83.86709 1.61868e+04
83.87154 1.63228e+04
83.87600 1.64224e+04
83.88045 1.66191e+04
83.88490 1.64101e+04
83.88936 1.60274e+04
83.89381 1.58778e+04
83.89827 1.58383e+04
83.90272 1.58113e+04
83.90718 1.58867e+04
83.91163 1.55699e+04
83.91609 1.52947e+04
83.92054 1.51935e+04
83.92499 1.55710e+04
83.92945 1.54894e+04
83.93390 1.49933e+04
83.93836 1.48015e+04
83.94281 1.48376e+04
83.94727 1.50831e+04
83.95172 1.55771e+04
83.95618 1.56777e+04
83.96063 1.59612e+04
83.96509 1.62138e+04
83.96954 1.60613e+04
83.97400 1.59381e+04
83.97845 1.61018e+04
83.98291 1.61239e+04
83.98736 1.63729e+04
83.99182 1.62804e+04
83.99627 1.66339e+04
84.00288 1.62851e+04
84.00732 1.60217e+04
84.01177 1.56922e+04
84.01622 1.59448e+04
84.02067 1.60057e+04
84.02512 1.62672e+04
84.02957 1.64207e+04
84.03401 1.64905e+04
84.03846 1.65060e+04
84.04291 1.62741e+04
84.04736 1.61515e+04
84.05181 1.60319e+04
84.05625 1.59615e+04
84.06070 1.59940e+04
84.06515 1.58052e+04
84.06960 1.56926e+04
84.07405 1.60287e+04
84.07850 1.64834e+04
84.08294 1.63279e+04
84.08739 1.61811e+04
84.09184 1.56063e+04
84.09629 1.53844e+04
84.10074 1.57380e+04
84.10519 1.56106e+04
84.10963 1.58037e+04
84.11408 1.60150e+04
84.11853 1.57708e+04
84.12298 1.58368e+04
84.12743 1.59986e+04
84.13188 1.60280e+04
84.13633 1.62362e+04
84.14077 1.62661e+04
84.14522 1.62289e+04
84.14967 1.66359e+04
84.15412 1.66172e+04
84.15857 1.66192e+04
84.16302 1.65857e+04
84.16747 1.64311e+04
84.17191 1.62475e+04
84.17636 1.54730e+04
84.18081 1.50240e+04
84.18526 1.50997e+04
84.18971 1.58135e+04
84.19416 1.65293e+04
84.19861 1.69456e+04
84.20305 1.68527e+04
84.20750 1.65820e+04
84.21195 1.65019e+04
84.21640 1.64891e+04
84.22085 1.64490e+04
84.22530 1.60055e+04
84.22975 1.60038e+04
84.23419 1.59442e+04
84.23864 1.59471e+04
84.24309 1.64720e+04
84.24754 1.68151e+04
84.25199 1.66994e+04
84.25644 1.71229e+04
84.26089 1.73719e+04
84.26534 1.73533e+04
84.26978 1.68718e+04
84.27423 1.64004e+04
84.27868 1.62495e+04
84.28313 1.65651e+04
84.28758 1.66799e+04
84.29203 1.64027e+04
84.29648 1.66070e+04
84.30093 1.70267e+04
84.30538 1.69775e+04
84.30983 1.64498e+04
84.31427 1.60405e+04
84.31872 1.57554e+04
84.32317 1.55022e+04
84.32762 1.53970e+04
84.33207 1.55786e+04
84.33652 1.60336e+04
84.34097 1.61142e+04
84.34542 1.64659e+04
84.34987 1.70640e+04
84.35431 1.68551e+04
84.35876 1.69375e+04
84.36321 1.74132e+04
84.36766 1.77568e+04
84.37211 1.77866e+04
84.37656 1.76203e+04
84.38101 1.74903e+04
84.38546 1.72361e+04
84.38991 1.67084e+04
84.39436 1.66514e+04
84.39881 1.64490e+04
84.40326 1.62848e+04
84.40771 1.63733e+04
84.41215 1.66864e+04
84.41660 1.71748e+04
84.42105 1.75762e+04
84.42550 1.81230e+04
84.42995 1.79312e+04
84.43440 1.71769e+04
84.43885 1.68856e+04
84.44330 1.67704e+04
84.44775 1.68667e+04
84.45220 1.74788e+04
84.45665 1.71240e+04
84.46110 1.71172e+04
84.46555 1.69555e+04
84.46999 1.70400e+04
84.47444 1.73202e+04
84.47889 1.72536e+04
84.48334 1.70867e+04
84.48779 1.66252e+04
84.49224 1.63528e+04
84.49669 1.66474e+04
84.50114 1.65359e+04
84.50559 1.63412e+04
84.51004 1.66131e+04
84.51449 1.64817e+04
84.51894 1.63860e+04
84.52339 1.65268e+04
84.52784 1.75300e+04
84.53229 1.80269e+04
84.53674 1.78479e+04
84.54119 1.74178e+04
84.54564 1.69376e+04
84.55008 1.66474e+04
84.55453 1.67119e+04
84.55898 1.64573e+04
84.56343 1.65111e+04
84.56788 1.68032e+04
84.57233 1.71391e+04
84.57678 1.76876e+04
84.58123 1.79129e+04
84.58568 1.81396e+04
84.59013 1.84275e+04
84.59458 1.81143e+04
84.59903 1.77620e+04
84.60348 1.69247e+04
84.60793 1.68536e+04
84.61238 1.73904e+04
84.61683 1.76175e+04
84.62128 1.74056e+04
84.62573 1.78564e+04
84.63018 1.73684e+04
84.63463 1.73659e+04
84.63908 1.71813e+04
84.64353 1.68230e+04
84.64798 1.68705e+04
84.65243 1.71641e+04
84.65688 1.74288e+04
84.66133 1.71711e+04
84.66578 1.69788e+04
84.67023 1.71446e+04
84.67468 1.71548e+04
84.67913 1.68058e+04
84.68358 1.65559e+04
84.68803 1.68508e+04
84.69248 1.77135e+04
84.69693 1.79859e+04
84.70138 1.77391e+04
84.70583 1.68318e+04
84.71028 1.65824e+04
84.71473 1.65098e+04
84.71918 1.66461e+04
84.72363 1.67337e+04
84.72808 1.71009e+04
84.73253 1.81457e+04
84.73698 1.92594e+04
84.74143 1.95703e+04
84.74588 1.94239e+04
84.75033 1.89100e+04
84.75478 1.80211e+04
84.75923 1.80395e+04
84.76368 1.76965e+04
84.76813 1.79573e+04
84.77258 1.83200e+04
84.77703 1.84818e+04
84.78148 1.86337e+04
84.78593 1.83077e+04
84.79038 1.77074e+04
84.79483 1.76028e+04
84.79928 1.74824e+04
84.80373 1.73718e+04
84.80818 1.76778e+04
84.81263 1.80500e+04
84.81708 1.84169e+04
84.82153 1.86237e+04
84.82598 1.88075e+04
84.83043 1.87342e+04
84.83488 1.85592e+04
84.83933 1.82208e+04
84.84378 1.77309e+04
84.84823 1.73940e+04
84.85268 1.80443e+04
84.85713 1.82373e+04
84.86158 1.77531e+04
84.86603 1.77015e+04
84.87048 1.77333e+04
84.87493 1.75726e+04
84.87938 1.72402e+04
84.88384 1.76693e+04
84.88829 1.84207e+04
84.89274 1.91202e+04
84.89719 1.94215e+04
84.90164 1.96771e+04
84.90609 1.95693e+04
84.91054 1.90103e+04
84.91499 1.87724e+04
84.91944 1.88841e+04
84.92389 1.90684e+04
84.92834 1.87425e+04
84.93279 1.81179e+04
84.93724 1.78397e+04
84.94169 1.79545e+04
84.94614 1.81263e+04
84.95059 1.84052e+04
84.95504 1.79812e+04
84.95950 1.79749e+04
84.96394 1.75729e+04
84.96840 1.73962e+04
84.97285 1.75859e+04
84.97730 1.80421e+04
84.98175 1.87353e+04
84.98620 1.92006e+04
84.99065 1.96048e+04
84.99510 1.93650e+04
84.99955 1.91866e+04
85.00400 1.86504e+04
85.00845 1.83361e+04
85.01290 1.86061e+04
85.01735 1.88095e+04
85.02181 1.89765e+04
85.02626 1.87929e+04
85.03071 1.81879e+04
85.03516 1.81268e+04
85.03961 1.81303e+04
85.04406 1.83555e+04
85.04851 1.85250e+04
85.05296 1.96623e+04
85.05741 2.01779e+04
85.06186 1.99606e+04
85.06631 1.89720e+04
85.07076 1.84946e+04
85.07522 1.83156e+04
85.07967 1.84605e+04
85.08412 1.85155e+04
85.08857 1.86098e+04
85.09302 1.83386e+04
85.09747 1.82514e+04
85.10192 1.80201e+04
85.10637 1.82060e+04
85.11082 1.85793e+04
85.11527 1.91112e+04
85.11973 1.95731e+04
85.12418 1.96453e+04
85.12863 1.90028e+04
85.13308 1.86492e+04
85.13753 1.88389e+04
85.14198 1.92379e+04
85.14643 1.91122e+04
85.15088 1.93915e+04
85.15533 1.95120e+04
85.15979 1.94934e+04
85.16424 1.90184e+04
85.16869 1.90329e+04
85.17314 1.88054e+04
85.17759 1.89530e+04
85.18204 1.90910e+04
85.18649 1.90940e+04
85.19094 1.88874e+04
85.19540 1.84595e+04
85.19985 1.84953e+04
85.20430 1.87563e+04
85.20875 1.87285e+04
85.21320 1.85885e+04
85.21765 1.82966e+04
85.22210 1.84179e+04
85.22656 1.86743e+04
85.23101 1.86688e+04
85.23546 1.88438e+04
85.23991 1.93313e+04
85.24436 1.93337e+04
85.24881 1.92398e+04
85.25326 1.92009e+04
85.25771 1.90438e+04
85.26217 1.93619e+04
85.26662 1.91961e+04
85.27107 1.93904e+04
85.27552 1.94585e+04
85.27997 1.99257e+04
85.28442 1.98272e+04
85.28888 2.00692e+04
85.29333 2.00770e+04
85.29778 1.96804e+04
85.30223 1.97832e+04
85.30668 1.97732e+04
85.31113 1.92871e+04
85.31558 1.89956e+04
85.32004 1.93666e+04
85.32449 1.93837e+04
85.32894 1.93699e+04
85.33339 1.91347e+04
85.33784 1.91620e+04
85.34229 1.88996e+04
85.34675 1.87464e+04
85.35012 2.09570e+04
85.35456 2.10279e+04
85.35900 2.09165e+04
85.36345 2.07900e+04
85.36789 2.04037e+04
85.37234 2.03220e+04
85.37678 2.06270e+04
85.38123 2.04120e+04
85.38567 2.03268e+04
85.39012 2.08459e+04
85.39456 2.12624e+04
85.39901 2.16111e+04
85.40345 2.16307e+04
85.40790 2.11048e+04
85.41234 2.04085e+04
85.41679 2.01321e+04
85.42123 2.03778e+04
85.42568 2.05447e+04
85.43012 2.06607e+04
85.43457 2.08479e+04
85.43901 2.05671e+04
85.44346 2.09348e+04
85.44790 2.14231e+04
85.45235 2.16647e+04
85.45679 2.24424e+04
85.46124 2.31885e+04
85.46568 2.40568e+04
85.47013 2.47422e+04
85.47457 2.41811e+04
85.47902 2.35894e+04
85.48346 2.29438e+04
85.48791 2.21023e+04
85.49235 2.11726e+04
85.49680 2.03472e+04
85.50124 1.97059e+04
85.50569 1.97528e+04
85.51013 2.01108e+04
85.51458 2.08733e+04
85.51902 2.16896e+04
85.52347 2.15844e+04
85.52791 2.10844e+04
85.53236 2.08719e+04
85.53680 2.15083e+04
85.54125 2.12001e+04
85.54569 2.09081e+04
85.55014 2.11659e+04
85.55458 2.09213e+04
85.55903 2.08333e+04
85.56347 2.13999e+04
85.56792 2.14011e+04
85.57237 2.21134e+04
85.57681 2.24480e+04
85.58126 2.23154e+04
85.58570 2.22326e+04
85.59015 2.20712e+04
85.59459 2.16424e+04
85.59904 2.12369e+04
85.60348 2.15309e+04
85.60793 2.15814e+04
85.61237 2.11156e+04
85.61682 2.16102e+04
85.62126 2.19396e+04
85.62571 2.16282e+04
85.63016 2.11822e+04
85.63460 2.05808e+04
85.63905 2.02419e+04
85.64349 2.00033e+04
85.64794 1.99827e+04
85.65238 2.01914e+04
85.65683 2.04806e+04
85.66127 2.12144e+04
85.66572 2.13963e+04
85.67016 2.20535e+04
85.67461 2.21814e+04
85.67906 2.18965e+04
85.68350 2.17299e+04
85.68795 2.18905e+04
85.69239 2.18226e+04
85.69684 2.20494e+04
85.70128 2.19685e+04
85.70573 2.17464e+04
85.71018 2.15155e+04
85.71462 2.13560e+04
85.71907 2.14031e+04
85.72351 2.12164e+04
85.72796 2.13349e+04
85.73240 2.15483e+04
85.73685 2.14347e+04
85.74129 2.14816e+04
85.74574 2.18151e+04
85.75019 2.16177e+04
85.75463 2.13321e+04
85.75908 2.13532e+04
85.76352 2.15973e+04
85.76797 2.22493e+04
85.77242 2.25648e+04
85.77686 2.22118e+04
85.78131 2.22234e+04
85.78575 2.25281e+04
85.79020 2.35467e+04
85.79465 2.56397e+04
85.79909 2.76742e+04
85.80354 2.81069e+04
85.80798 2.65721e+04
85.81243 2.41232e+04
85.81687 2.25775e+04
85.82132 2.17493e+04
85.82577 2.17222e+04
85.83021 2.22394e+04
85.83466 2.27363e+04
85.83910 2.45590e+04
85.84355 2.85730e+04
85.84800 3.26120e+04
85.85244 3.40879e+04
85.85689 3.16068e+04
85.86133 2.70028e+04
85.86578 2.41103e+04
85.87023 2.25482e+04
85.87467 2.18975e+04
85.87912 2.13153e+04
85.88357 2.11601e+04
85.88801 2.15177e+04
85.89246 2.20591e+04
85.89690 2.25146e+04
85.90135 2.23031e+04
85.90580 2.27479e+04
85.91024 2.29015e+04
85.91469 2.26655e+04
85.91913 2.20138e+04
85.92358 2.11493e+04
85.92803 2.13613e+04
85.93247 2.20343e+04
85.93692 2.24974e+04
85.94137 2.27821e+04
85.94581 2.31178e+04
85.95026 2.43769e+04
85.95471 2.56209e+04
85.95915 2.70015e+04
85.96360 2.77264e+04
85.96804 2.80265e+04
85.97249 2.70547e+04
85.97694 2.52099e+04
85.98138 2.34873e+04
85.98583 2.24946e+04
85.99028 2.23140e+04
85.99472 2.22154e+04
85.99917 2.12173e+04
86.00361 2.10403e+04
86.00806 2.21032e+04
86.01251 2.27777e+04
86.01695 2.30059e+04
86.02140 2.29844e+04
86.02585 2.23892e+04
86.03029 2.18982e+04
86.03474 2.18700e+04
86.03919 2.25411e+04
86.04363 2.28268e+04
86.04808 2.28126e+04
86.05253 2.35368e+04
86.05697 2.40940e+04
86.06142 2.43937e+04
86.06587 2.39773e+04
86.07031 2.32725e+04
86.07476 2.29408e+04
86.07921 2.22691e+04
86.08365 2.19347e+04
86.08810 2.26829e+04
86.09255 2.32531e+04
86.09699 2.33628e+04
86.10144 2.30828e+04
86.10589 2.25203e+04
86.11033 2.22444e+04
86.11478 2.19453e+04
86.11923 2.20026e+04
86.12367 2.24448e+04
86.12812 2.24512e+04
86.13257 2.29225e+04
86.13702 2.33410e+04
86.14146 2.37747e+04
86.14591 2.35528e+04
86.15036 2.34463e+04
86.15480 2.33707e+04
86.15925 2.35162e+04
86.16370 2.40849e+04
86.16814 2.50998e+04
86.17259 2.61400e+04
86.17704 2.68219e+04
86.18148 2.60436e+04
86.18593 2.46124e+04
86.19038 2.33687e+04
86.19482 2.26937e+04
86.19927 2.25986e+04
86.20372 2.31693e+04
86.20816 2.39253e+04
86.21261 2.46059e+04
86.21706 2.50542e+04
86.22151 2.49770e+04
86.22595 2.42154e+04
86.23040 2.36893e+04
86.23485 2.32206e+04
86.23929 2.31043e+04
86.24374 2.28964e+04
86.24819 2.27178e+04
86.25264 2.26570e+04
86.25708 2.24853e+04
86.26153 2.30131e+04
86.26598 2.33411e+04
86.27042 2.36994e+04
86.27487 2.31272e+04
86.27932 2.29750e+04
86.28377 2.24600e+04
86.28821 2.23803e+04
86.29266 2.23258e+04
86.29711 2.26963e+04
86.30155 2.36952e+04
86.30600 2.41537e+04
86.31045 2.48394e+04
86.31490 2.47900e+04
86.31934 2.47238e+04
86.32379 2.41248e+04
86.32824 2.37096e+04
86.33269 2.34226e+04
86.33713 2.40301e+04
86.34158 2.39706e+04
86.34603 2.34623e+04
86.35048 2.30821e+04
86.35492 2.25341e+04
86.35937 2.26581e+04
86.36382 2.28533e+04
86.36826 2.31386e+04
86.37271 2.38915e+04
86.37716 2.42253e+04
86.38161 2.41827e+04
86.38605 2.42776e+04
86.39050 2.42391e+04
86.39495 2.42807e+04
86.39940 2.45851e+04
86.40385 2.39963e+04
86.40829 2.36596e+04
86.41274 2.32198e+04
86.41719 2.26083e+04
86.42163 2.24910e+04
86.42608 2.26430e+04
86.43053 2.34411e+04
86.43498 2.40370e+04
86.43943 2.45145e+04
86.44387 2.43840e+04
86.44832 2.36672e+04
86.45277 2.30370e+04
86.45722 2.32818e+04
86.46166 2.40206e+04
86.46611 2.43693e+04
86.47056 2.40297e+04
86.47501 2.43762e+04
86.47946 2.48935e+04
86.48390 2.42226e+04
86.48835 2.38172e+04
86.49280 2.35937e+04
86.49725 2.35960e+04
86.50169 2.37903e+04
86.50614 2.33818e+04
86.51059 2.32492e+04
86.51504 2.30288e+04
86.51949 2.27321e+04
86.52393 2.29532e+04
86.52838 2.29103e+04
86.53283 2.23128e+04
86.53728 2.19879e+04
86.54172 2.23100e+04
86.54617 2.26837e+04
86.55062 2.29827e+04
86.55507 2.33145e+04
86.55952 2.41886e+04
86.56396 2.44934e+04
86.56841 2.41235e+04
86.57286 2.38886e+04
86.57731 2.39795e+04
86.58176 2.42891e+04
86.58620 2.45236e+04
86.59065 2.44665e+04
86.59510 2.43957e+04
86.59955 2.46056e+04
86.60400 2.49557e+04
86.60844 2.48335e+04
86.61289 2.46764e+04
86.61734 2.42786e+04
86.62179 2.41223e+04
86.62624 2.43157e+04
86.63068 2.37055e+04
86.63513 2.31651e+04
86.63958 2.36043e+04
86.64403 2.38186e+04
86.64848 2.40358e+04
86.65293 2.39565e+04
86.65737 2.36522e+04
86.66182 2.34691e+04
86.66627 2.31816e+04
86.67072 2.29212e+04
86.67517 2.32079e+04
86.67961 2.39510e+04
86.68406 2.46639e+04
86.68851 2.49278e+04
86.69296 2.48534e+04
86.69741 2.48754e+04
86.70402 2.34650e+04
86.70846 2.28033e+04
86.71290 2.23258e+04
86.71734 2.25813e+04
86.72179 2.27737e+04
86.72623 2.25551e+04
86.73067 2.31345e+04
86.73511 2.29226e+04
86.73955 2.30694e+04
86.74399 2.36261e+04
86.74844 2.35918e+04
86.75288 2.33871e+04
86.75732 2.40172e+04
86.76176 2.44108e+04
86.76620 2.45203e+04
86.77064 2.46015e+04
86.77508 2.42784e+04
86.77953 2.42226e+04
86.78397 2.41644e+04
86.78841 2.36370e+04
86.79285 2.32914e+04
86.79729 2.33129e+04
86.80173 2.38186e+04
86.80617 2.50568e+04
86.81062 2.60132e+04
86.81506 2.62249e+04
86.81950 2.53025e+04
86.82394 2.44556e+04
86.82838 2.39898e+04
86.83282 2.40919e+04
86.83727 2.39547e+04
86.84171 2.40133e+04
86.84615 2.38055e+04
86.85059 2.36898e+04
86.85503 2.34437e+04
86.85948 2.40307e+04
86.86392 2.40244e+04
86.86836 2.46745e+04
86.87280 2.53532e+04
86.87724 2.54624e+04
86.88169 2.52714e+04
86.88613 2.46803e+04
86.89057 2.40070e+04
86.89501 2.41488e+04
86.89945 2.41673e+04
86.90389 2.39725e+04
86.90834 2.38996e+04
86.91278 2.40299e+04
86.91722 2.42878e+04
86.92166 2.46767e+04
86.92610 2.37567e+04
86.93055 2.31497e+04
86.93499 2.26752e+04
86.93943 2.27040e+04
86.94387 2.26463e+04
86.94831 2.26622e+04
86.95276 2.30971e+04
86.95720 2.35278e+04
86.96164 2.40331e+04
86.96608 2.46104e+04
86.97052 2.47468e+04
86.97497 2.45696e+04
86.97941 2.43979e+04
86.98385 2.45179e+04
86.98829 2.46593e+04
86.99273 2.47362e+04
86.99718 2.47773e+04
87.00162 2.43004e+04
87.00606 2.38504e+04
87.01050 2.39106e+04
87.01495 2.39600e+04
87.01939 2.36491e+04
87.02383 2.35184e+04
87.02827 2.33894e+04
87.03271 2.38709e+04
87.03716 2.40116e+04
87.04160 2.41731e+04
87.04604 2.39654e+04
87.05048 2.36367e+04
87.05493 2.38431e+04
87.05937 2.42313e+04
87.06381 2.50198e+04
87.06825 2.53969e+04
87.07270 2.46913e+04
87.07714 2.44953e+04
87.08158 2.44988e+04
87.08602 2.44284e+04
87.09046 2.45259e+04
87.09491 2.42584e+04
87.09935 2.39589e+04
87.10379 2.40856e+04
87.10823 2.37055e+04
87.11268 2.36360e+04
87.11712 2.37582e+04
87.12156 2.34639e+04
87.12601 2.33671e+04
87.13045 2.31874e+04
87.13489 2.27957e+04
87.13933 2.30875e+04
87.14378 2.37898e+04
87.14822 2.39807e+04
87.15266 2.40144e+04
87.15710 2.43300e+04
87.16155 2.43121e+04
87.16599 2.44177e+04
87.17043 2.42440e+04
87.17487 2.45792e+04
87.17932 2.43423e+04
87.18376 2.39985e+04
87.18820 2.45802e+04
87.19264 2.53107e+04
87.19709 2.54701e+04
87.20153 2.55048e+04
87.20597 2.55849e+04
87.21041 2.55745e+04
87.21486 2.49768e+04
87.21930 2.42909e+04
87.22374 2.40866e+04
87.22819 2.46055e+04
87.23263 2.50758e+04
87.23707 2.46105e+04
87.24151 2.47800e+04
87.24596 2.52294e+04
87.25040 2.50929e+04
87.25484 2.47154e+04
87.25929 2.41125e+04
87.26373 2.42952e+04
87.26817 2.43430e+04
87.27262 2.45162e+04
87.27706 2.44832e+04
87.28150 2.42000e+04
87.28594 2.43802e+04
87.29039 2.42953e+04
87.29483 2.38791e+04
87.29927 2.37791e+04
87.30371 2.43603e+04
87.30816 2.52935e+04
87.31260 2.55455e+04
87.31704 2.46851e+04
87.32149 2.37521e+04
87.32593 2.37626e+04
87.33037 2.35589e+04
87.33482 2.39450e+04
87.33926 2.45109e+04
87.34370 2.50024e+04
87.34815 2.57797e+04
87.35259 2.63199e+04
87.35703 2.68496e+04
87.36147 2.65406e+04
87.36592 2.56231e+04
87.37036 2.52804e+04
87.37480 2.45881e+04
87.37925 2.42923e+04
87.38369 2.49453e+04
87.38814 2.53888e+04
87.39258 2.56275e+04
87.39702 2.55068e+04
87.40146 2.46492e+04
87.40591 2.46898e+04
87.41035 2.44252e+04
87.41479 2.44843e+04
87.41924 2.47482e+04
87.42368 2.49471e+04
87.42812 2.53138e+04
87.43257 2.58605e+04
87.43701 2.63594e+04
87.44145 2.62855e+04
87.44590 2.56926e+04
87.45034 2.56485e+04
87.45478 2.51500e+04
87.45923 2.46132e+04
87.46367 2.44875e+04
87.46811 2.49762e+04
87.47256 2.52418e+04
87.47700 2.51889e+04
87.48144 2.49754e+04
87.48589 2.44340e+04
87.49033 2.43082e+04
87.49478 2.45200e+04
87.49922 2.51913e+04
87.50366 2.61022e+04
87.50811 2.68619e+04
87.51255 2.73218e+04
87.51699 2.74316e+04
87.52144 2.69820e+04
87.52588 2.64216e+04
87.53032 2.57209e+04
87.53477 2.57454e+04
87.53921 2.61004e+04
87.54366 2.58210e+04
87.54810 2.52856e+04
87.55254 2.48799e+04
87.55699 2.52762e+04
87.56143 2.53324e+04
87.56587 2.53206e+04
87.57032 2.54738e+04
87.57476 2.49484e+04
87.57921 2.45676e+04
87.58365 2.43218e+04
87.58809 2.47244e+04
87.59254 2.55323e+04
87.59698 2.61998e+04
87.60142 2.67933e+04
87.60587 2.76105e+04
87.61031 2.74404e+04
87.61476 2.69519e+04
87.61920 2.62735e+04
87.62364 2.58982e+04
87.62809 2.59605e+04
87.63253 2.66036e+04
87.63698 2.65575e+04
87.64142 2.60627e+04
87.64586 2.51268e+04
87.65031 2.55113e+04
87.65475 2.52034e+04
87.65919 2.55409e+04
87.66364 2.58017e+04
87.66808 2.64964e+04
87.67253 2.67243e+04
87.67697 2.64874e+04
87.68141 2.59580e+04
87.68586 2.56198e+04
87.69030 2.55243e+04
87.69475 2.57144e+04
87.69919 2.56721e+04
87.70364 2.56354e+04
87.70808 2.53432e+04
87.71252 2.48794e+04
87.71697 2.46873e+04
87.72141 2.49632e+04
87.72585 2.55973e+04
87.73030 2.58909e+04
87.73474 2.65723e+04
87.73919 2.67872e+04
87.74363 2.58409e+04
87.74808 2.53922e+04
87.75252 2.58073e+04
87.75696 2.65963e+04
87.76141 2.69825e+04
87.76585 2.67376e+04
87.77030 2.69763e+04
87.77474 2.70806e+04
87.77919 2.71949e+04
87.78363 2.64693e+04
87.78808 2.62455e+04
87.79252 2.65680e+04
87.79696 2.69101e+04
87.80141 2.65576e+04
87.80585 2.57245e+04
87.81030 2.53567e+04
87.81474 2.57022e+04
87.81919 2.56937e+04
87.82363 2.57665e+04
87.82807 2.50474e+04
87.83252 2.45517e+04
87.83696 2.47039e+04
87.84141 2.51064e+04
87.84585 2.53152e+04
87.85030 2.59782e+04
87.85474 2.68333e+04
87.85919 2.67665e+04
87.86363 2.67135e+04
87.86808 2.65177e+04
87.87252 2.69642e+04
87.87696 2.72108e+04
87.88141 2.68416e+04
87.88585 2.68203e+04
87.89030 2.68006e+04
87.89474 2.72810e+04
87.89919 2.77129e+04
87.90363 2.78381e+04
87.90808 2.74172e+04
87.91252 2.64073e+04
87.91697 2.66696e+04
87.92141 2.65540e+04
87.92585 2.62077e+04
87.93030 2.59015e+04
87.93474 2.61474e+04
87.93919 2.65320e+04
87.94363 2.64035e+04
87.94808 2.71977e+04
87.95252 2.69813e+04
87.95697 2.62221e+04
87.96141 2.61710e+04
87.96586 2.60566e+04
87.97030 2.63495e+04
87.97475 2.66453e+04
87.97919 2.70401e+04
87.98364 2.74391e+04
87.98808 2.77927e+04
87.99253 2.74091e+04
87.99697 2.72523e+04
88.00411 2.57431e+04
88.00855 2.53316e+04
88.01298 2.53939e+04
88.01742 2.55517e+04
88.02186 2.56956e+04
88.02630 2.58396e+04
88.03074 2.61697e+04
88.03517 2.66632e+04
88.03961 2.69434e+04
88.04405 2.67839e+04
88.04849 2.70241e+04
88.05293 2.71900e+04
88.05736 2.65815e+04
88.06180 2.58356e+04
88.06624 2.51043e+04
88.07068 2.44540e+04
88.07512 2.46588e+04
88.07955 2.47450e+04
88.08399 2.60293e+04
88.08843 2.70176e+04
88.09287 2.67597e+04
88.09731 2.65655e+04
88.10174 2.65695e+04
88.10618 2.71945e+04
88.11062 2.67366e+04
88.11506 2.65723e+04
88.11950 2.64555e+04
88.12394 2.60456e+04
88.12838 2.57332e+04
88.13281 2.59633e+04
88.13725 2.66739e+04
88.14169 2.72696e+04
88.14613 2.71962e+04
88.15057 2.75165e+04
88.15501 2.78233e+04
88.15944 2.73506e+04
88.16388 2.67717e+04
88.16832 2.68514e+04
88.17276 2.64231e+04
88.17720 2.64316e+04
88.18163 2.64276e+04
88.18607 2.66043e+04
88.19051 2.73463e+04
88.19495 2.70379e+04
88.19939 2.59844e+04
88.20383 2.52365e+04
88.20827 2.51160e+04
88.21270 2.50288e+04
88.21714 2.47233e+04
88.22158 2.51517e+04
88.22602 2.58164e+04
88.23046 2.61218e+04
88.23490 2.62929e+04
88.23934 2.67703e+04
88.24377 2.68280e+04
88.24821 2.67759e+04
88.25265 2.70515e+04
88.25709 2.72028e+04
88.26153 2.73132e+04
88.26597 2.70379e+04
88.27041 2.72110e+04
88.27484 2.70078e+04
88.27928 2.66329e+04
88.28372 2.65510e+04
88.28816 2.66372e+04
88.29260 2.61786e+04
88.29704 2.58017e+04
88.30148 2.59008e+04
88.30592 2.61520e+04
88.31035 2.64757e+04
88.31479 2.69794e+04
88.31923 2.70155e+04
88.32367 2.69261e+04
88.32811 2.66029e+04
88.33255 2.67602e+04
88.33699 2.73571e+04
88.34143 2.76220e+04
88.34587 2.73723e+04
88.35030 2.69913e+04
88.35474 2.69436e+04
88.35918 2.70977e+04
88.36362 2.73467e+04
88.36806 2.73331e+04
88.37250 2.72319e+04
88.37694 2.67101e+04
88.38138 2.63630e+04
88.38582 2.62626e+04
88.39025 2.61176e+04
88.39469 2.59363e+04
88.39913 2.58119e+04
88.40357 2.53811e+04
88.40801 2.50854e+04
88.41245 2.54387e+04
88.41689 2.62100e+04
88.42133 2.67274e+04
88.42577 2.65543e+04
88.43021 2.67517e+04
88.43465 2.65609e+04
88.43908 2.64397e+04
88.44352 2.64722e+04
88.44796 2.65534e+04
88.45240 2.65609e+04
88.45684 2.66409e+04
88.46128 2.72908e+04
88.46572 2.82511e+04
88.47016 2.80523e+04
88.47460 2.81732e+04
88.47904 2.78897e+04
88.48348 2.77308e+04
88.48792 2.73455e+04
88.49236 2.67850e+04
88.49679 2.66143e+04
88.50123 2.70081e+04
88.50567 2.75674e+04
88.51011 2.74523e+04
88.51455 2.73659e+04
88.51899 2.76112e+04
88.52343 2.75386e+04
88.52787 2.73080e+04
88.53231 2.68113e+04
88.53675 2.65275e+04
88.54119 2.69081e+04
88.54563 2.69438e+04
88.55007 2.67950e+04
88.55451 2.68892e+04
88.55895 2.69897e+04
88.56338 2.69587e+04
88.56782 2.62049e+04
88.57226 2.61624e+04
88.57670 2.68325e+04
88.58114 2.78288e+04
88.58558 2.79676e+04
88.59002 2.68966e+04
88.59446 2.62039e+04
88.59890 2.59554e+04
88.60334 2.60154e+04
88.60778 2.66236e+04
88.61222 2.70315e+04
88.61666 2.76026e+04
88.62110 2.82617e+04
88.62554 2.92341e+04
88.62998 2.94436e+04
88.63442 2.91821e+04
88.63886 2.79176e+04
88.64330 2.75415e+04
88.64774 2.70419e+04
88.65218 2.67231e+04
88.65662 2.76487e+04
88.66106 2.84687e+04
88.66550 2.80302e+04
88.66994 2.84720e+04
88.67438 2.79588e+04
88.67882 2.72226e+04
88.68326 2.73301e+04
88.68770 2.73544e+04
88.69214 2.75765e+04
88.69657 2.78967e+04
88.70101 2.80700e+04
88.70546 2.88825e+04
88.70990 2.88798e+04
88.71434 2.89694e+04
88.71877 2.88527e+04
88.72321 2.83833e+04
88.72765 2.80844e+04
88.73210 2.74594e+04
88.73654 2.74273e+04
88.74098 2.78344e+04
88.74541 2.83224e+04
88.74985 2.83347e+04
88.75429 2.75499e+04
88.75874 2.73275e+04
88.76318 2.73217e+04
88.76762 2.72946e+04
88.77205 2.79879e+04
88.77649 2.90303e+04
88.78093 2.99163e+04
88.78538 3.04090e+04
88.78982 3.05455e+04
88.79426 2.96665e+04
88.79869 2.89380e+04
88.80314 2.86611e+04
88.80758 2.83465e+04
88.81202 2.83058e+04
88.81646 2.82163e+04
88.82090 2.77491e+04
88.82534 2.75081e+04
88.82978 2.72440e+04
88.83422 2.74816e+04
88.83866 2.76633e+04
88.84310 2.76055e+04
88.84754 2.78632e+04
88.85198 2.71236e+04
88.85642 2.73854e+04
88.86086 2.73939e+04
88.86530 2.81632e+04
88.86974 2.86999e+04
88.87418 2.95763e+04
88.87862 3.04166e+04
88.88306 3.04528e+04
88.88750 3.01497e+04
88.89194 2.93018e+04
88.89638 2.89920e+04
88.90082 2.88832e+04
88.90526 2.94988e+04
88.90970 2.96009e+04
88.91414 2.86523e+04
88.91858 2.81697e+04
88.92302 2.81088e+04
88.92746 2.80347e+04
88.93191 2.80613e+04
88.93635 2.85696e+04
88.94079 2.90221e+04
88.94523 2.95324e+04
88.94967 2.96814e+04
88.95411 2.88023e+04
88.95855 2.85316e+04
88.96299 2.84542e+04
88.96743 2.82783e+04
88.97187 2.85456e+04
88.97631 2.83848e+04
88.98075 2.79848e+04
88.98519 2.75583e+04
88.98963 2.74508e+04
88.99407 2.77585e+04
88.99851 2.82886e+04
89.00296 2.91676e+04
89.00740 2.98373e+04
89.01184 2.96103e+04
89.01628 2.90210e+04
89.02072 2.84593e+04
89.02516 2.86656e+04
89.02960 2.96362e+04
89.03404 2.97587e+04
89.03848 2.96845e+04
89.04292 3.01597e+04
89.04736 2.98340e+04
89.05180 2.97432e+04
89.05624 2.94384e+04
89.06069 2.89783e+04
89.06513 2.90606e+04
89.06957 2.92482e+04
89.07401 2.94052e+04
89.07845 2.93639e+04
89.08289 2.92334e+04
89.08733 2.92037e+04
89.09177 2.90805e+04
89.09621 2.86855e+04
89.10065 2.78365e+04
89.10510 2.75647e+04
89.10954 2.76914e+04
89.11398 2.84130e+04
89.11842 2.93462e+04
89.12286 2.99952e+04
89.12730 3.06763e+04
89.13174 3.09594e+04
89.13618 3.03697e+04
89.14062 2.97680e+04
89.14506 3.01421e+04
89.14951 3.02169e+04
89.15395 3.01461e+04
89.15839 2.99460e+04
89.16283 3.01417e+04
89.16727 3.04768e+04
89.17171 3.12422e+04
89.17615 3.08517e+04
89.18059 3.06018e+04
89.18503 3.01159e+04
89.18948 2.99043e+04
89.19392 2.95992e+04
89.19836 2.90446e+04
89.20080 2.87116e+04
89.20524 2.92279e+04
89.20968 2.93388e+04
89.21412 2.97875e+04
89.21856 2.98285e+04
89.22301 2.93292e+04
89.22745 2.89373e+04
89.23189 2.86879e+04
89.23633 2.88929e+04
89.24077 2.93142e+04
89.24521 3.00039e+04
89.24965 3.04429e+04
89.25410 3.08267e+04
89.25854 3.09979e+04
89.26298 3.05983e+04
89.26742 3.00242e+04
89.27186 2.96912e+04
89.27630 2.89079e+04
89.28074 2.85623e+04
89.28519 2.86290e+04
89.28963 2.86054e+04
89.29407 2.83843e+04
89.29819 2.82523e+04
89.30263 2.83660e+04
89.30706 2.88547e+04
89.31149 2.88938e+04
89.31593 2.92505e+04
89.32036 2.94444e+04
89.32480 2.95242e+04
89.32923 2.95310e+04
89.33367 3.00140e+04
89.33810 3.00129e+04
89.34254 2.98836e+04
89.34697 2.95810e+04
89.35140 2.90781e+04
89.35584 2.82186e+04
89.36027 2.75882e+04
89.36471 2.77669e+04
89.36914 2.82968e+04
89.37358 2.94979e+04
89.37801 2.99260e+04
89.38245 3.01596e+04
89.38688 2.95386e+04
89.39132 2.95240e+04
89.39575 2.98376e+04
89.40018 2.95512e+04
89.40462 2.90415e+04
89.40905 2.91314e+04
89.41349 2.92225e+04
89.41792 2.88118e+04
89.42236 2.94734e+04
89.42679 2.97256e+04
89.43123 3.07280e+04
89.43566 3.10698e+04
89.44010 3.10970e+04
89.44453 3.10216e+04
89.44897 3.03892e+04
89.45340 2.96713e+04
89.45784 2.97957e+04
89.46227 2.97001e+04
89.46671 2.97445e+04
89.47114 2.95701e+04
89.47558 2.99890e+04
89.48001 3.03976e+04
89.48444 3.04158e+04
89.48888 2.96634e+04
89.49331 2.90674e+04
89.49775 2.97480e+04
89.50218 3.06810e+04
89.50662 3.27037e+04
89.51105 3.56728e+04
89.51549 3.84389e+04
89.51992 3.90951e+04
89.52436 3.72708e+04
89.52879 3.50461e+04
89.53323 3.29054e+04
89.53766 3.12705e+04
89.54210 3.07066e+04
89.54653 3.05701e+04
89.55097 3.06406e+04
89.55540 3.05620e+04
89.55984 3.02815e+04
89.56427 3.00237e+04
89.56871 2.96050e+04
89.57314 2.93571e+04
89.57758 2.94514e+04
89.58201 2.91993e+04
89.58645 2.88494e+04
89.59088 2.90026e+04
89.59532 2.92253e+04
89.59975 2.91516e+04
89.60419 2.94106e+04
89.60863 2.95197e+04
89.61306 2.92122e+04
89.61750 2.92512e+04
89.62193 2.99438e+04
89.62637 3.04546e+04
89.63080 3.05712e+04
89.63524 3.02623e+04
89.63967 3.03619e+04
89.64411 3.01730e+04
89.64854 3.00120e+04
89.65298 3.03643e+04
89.65741 3.04668e+04
89.66185 3.00465e+04
89.66628 2.98210e+04
89.67072 2.93327e+04
89.67515 2.92129e+04
89.67959 2.91190e+04
89.68403 2.91202e+04
89.68846 2.88296e+04
89.69290 2.83175e+04
89.69733 2.82117e+04
89.70177 2.86757e+04
89.70620 2.93516e+04
89.71064 2.99991e+04
89.71507 2.97917e+04
89.71951 2.95781e+04
89.72394 2.94944e+04
89.72838 2.94241e+04
89.73282 2.92681e+04
89.73725 2.96802e+04
89.74169 2.94777e+04
89.74612 2.93627e+04
89.75056 3.01054e+04
89.75499 3.08968e+04
89.75943 3.09862e+04
89.76386 3.11824e+04
89.76830 3.13603e+04
89.77273 3.11301e+04
89.77717 3.09407e+04
89.78161 3.03240e+04
89.78604 3.00468e+04
89.79048 3.06824e+04
89.79491 3.10317e+04
89.79935 3.10580e+04
89.80379 3.05774e+04
89.80822 3.09902e+04
89.81266 3.10541e+04
89.81709 3.04793e+04
89.82153 2.97530e+04
89.82596 3.01888e+04
89.83040 3.03883e+04
89.83484 3.03323e+04
89.83927 2.99632e+04
89.84371 2.98815e+04
89.84814 3.02342e+04
89.85258 3.02298e+04
89.85702 2.96214e+04
89.86145 2.92243e+04
89.86589 3.04871e+04
89.87032 3.12761e+04
89.87476 3.13288e+04
89.87919 3.01727e+04
89.88363 2.91386e+04
89.88807 2.92584e+04
89.89250 2.95879e+04
89.89694 3.03461e+04
89.90138 3.06472e+04
89.90581 3.06419e+04
89.91025 3.15815e+04
89.91468 3.26443e+04
89.91912 3.32696e+04
89.92355 3.26267e+04
89.92799 3.16557e+04
89.93243 3.12350e+04
89.93686 3.07073e+04
89.94130 3.07539e+04
89.94573 3.12261e+04
89.95017 3.17326e+04
89.95461 3.19471e+04
89.95904 3.19273e+04
89.96348 3.14455e+04
89.96792 3.12024e+04
89.97235 3.08606e+04
89.97679 3.05802e+04
89.98122 3.06830e+04
89.98566 3.08927e+04
89.99010 3.14373e+04
89.99453 3.24640e+04
89.99897 3.28621e+04
90.00341 3.25091e+04
90.00784 3.25301e+04
90.01228 3.27614e+04
90.01672 3.21165e+04
90.02115 3.16029e+04
90.02559 3.15975e+04
90.03002 3.18793e+04
90.03446 3.20038e+04
90.03890 3.16802e+04
90.04333 3.09961e+04
90.04777 3.05968e+04
90.05221 3.05281e+04
90.05664 3.06769e+04
90.06108 3.13878e+04
90.06552 3.25802e+04
90.06995 3.38416e+04
90.07439 3.44305e+04
90.07882 3.42637e+04
90.08326 3.37458e+04
90.08770 3.30608e+04
90.09213 3.23620e+04
90.09657 3.25349e+04
90.10101 3.25072e+04
90.10545 3.20662e+04
90.10988 3.15063e+04
90.11432 3.11690e+04
90.11875 3.11557e+04
90.12319 3.13953e+04
90.12763 3.12711e+04
90.13206 3.14244e+04
90.13650 3.10250e+04
90.14094 3.08133e+04
90.14537 3.07014e+04
90.14981 3.08069e+04
90.15425 3.17509e+04
90.15869 3.26669e+04
90.16312 3.32450e+04
90.16756 3.41759e+04
90.17199 3.40286e+04
90.17643 3.35550e+04
90.18087 3.25937e+04
90.18530 3.26552e+04
90.18974 3.25865e+04
90.19418 3.30227e+04
90.19862 3.32918e+04
90.20305 3.22404e+04
90.20749 3.15778e+04
90.21193 3.18080e+04
90.21636 3.14515e+04
90.22080 3.18879e+04
90.22524 3.22774e+04
90.22967 3.29449e+04
90.23411 3.32139e+04
90.23855 3.29848e+04
90.24299 3.30733e+04
90.24742 3.31305e+04
90.25186 3.28841e+04
90.25630 3.30156e+04
90.26073 3.28473e+04
90.26517 3.25211e+04
90.26961 3.14825e+04
90.27404 3.10543e+04
90.27848 3.09381e+04
90.28292 3.12602e+04
90.28736 3.21199e+04
90.29179 3.31675e+04
90.29623 3.37231e+04
90.30067 3.36272e+04
90.30510 3.26744e+04
90.30954 3.19169e+04
90.31398 3.22413e+04
90.31842 3.34731e+04
90.32285 3.38756e+04
90.32729 3.38135e+04
90.33173 3.41941e+04
90.33616 3.49878e+04
90.34060 3.59114e+04
90.34504 3.85488e+04
90.34948 4.39651e+04
90.35391 5.30594e+04
90.35835 5.85269e+04
90.36279 5.60329e+04
90.36723 4.72866e+04
90.37166 4.08312e+04
90.37610 3.89676e+04
90.38054 4.12142e+04
90.38497 4.67365e+04
90.38941 5.39049e+04
90.39385 5.98654e+04
90.39829 6.47217e+04
90.40272 7.22825e+04
90.40716 8.46203e+04
90.41160 9.48251e+04
90.41604 9.28073e+04
90.42047 7.70910e+04
90.42491 5.81551e+04
90.42935 4.59340e+04
90.43379 4.25556e+04
90.43822 4.43243e+04
90.44266 4.84158e+04
90.44710 4.98038e+04
90.45154 4.67165e+04
90.45597 4.24812e+04
90.46041 3.91668e+04
90.46485 3.64998e+04
90.46929 3.52856e+04
90.47373 3.43399e+04
90.47816 3.38906e+04
90.48260 3.38121e+04
90.48704 3.31579e+04
90.49148 3.30373e+04
90.49591 3.35371e+04
90.50035 3.38721e+04
90.50479 3.38596e+04
90.50923 3.36264e+04
90.51366 3.31225e+04
90.51810 3.23327e+04
90.52254 3.21883e+04
90.52698 3.23831e+04
90.53141 3.32781e+04
90.53585 3.40320e+04
90.54029 3.46763e+04
90.54473 3.50889e+04
90.54917 3.47265e+04
90.55360 3.45857e+04
90.55804 3.39468e+04
90.56248 3.32876e+04
90.56692 3.26265e+04
90.57136 3.22805e+04
90.57579 3.22991e+04
90.58023 3.25423e+04
90.58467 3.24041e+04
90.58911 3.16417e+04
90.59355 3.13676e+04
90.59798 3.13104e+04
90.59813 3.51290e+04
90.60256 3.46513e+04
90.60699 3.48513e+04
90.61142 3.51858e+04
90.61585 3.50742e+04
90.62028 3.57137e+04
90.62471 3.59707e+04
90.62914 3.61277e+04
90.63357 3.64934e+04
90.63801 3.69760e+04
90.64244 3.70166e+04
90.64687 3.69457e+04
90.65130 3.65409e+04
90.65573 3.58463e+04
90.66016 3.47362e+04
90.66459 3.38273e+04
90.66902 3.40578e+04
90.67345 3.47934e+04
90.67788 3.67825e+04
90.68231 3.82694e+04
90.68675 3.80358e+04
90.69118 3.71494e+04
90.69561 3.68903e+04
90.70004 3.66209e+04
90.70447 3.58987e+04
90.70890 3.52792e+04
90.71333 3.52212e+04
90.71776 3.54485e+04
90.72219 3.53434e+04
90.72662 3.59438e+04
90.73105 3.63889e+04
90.73549 3.69008e+04
90.73992 3.78016e+04
90.74435 3.77692e+04
90.74878 3.77724e+04
90.75321 3.72078e+04
90.75764 3.64875e+04
90.76207 3.62331e+04
90.76650 3.63672e+04
90.77093 3.62140e+04
90.77536 3.60466e+04
90.77980 3.68077e+04
90.78423 3.72079e+04
90.78866 3.67954e+04
90.79309 3.55477e+04
90.79752 3.46733e+04
90.80195 3.41315e+04
90.80638 3.38828e+04
90.81082 3.37844e+04
90.81525 3.45685e+04
90.81968 3.49416e+04
90.82411 3.56698e+04
90.82854 3.62799e+04
90.83297 3.70551e+04
90.83740 3.69718e+04
90.84183 3.68383e+04
90.84627 3.70459e+04
90.85070 3.73470e+04
90.85513 3.76104e+04
90.85956 3.74005e+04
90.86399 3.72644e+04
90.86842 3.66236e+04
90.87285 3.61355e+04
90.87729 3.60917e+04
90.88172 3.62648e+04
90.88615 3.59095e+04
90.89058 3.57075e+04
90.89501 3.54923e+04
90.89944 3.56545e+04
90.90387 3.59400e+04
90.90830 3.68044e+04
90.91274 3.66667e+04
90.91717 3.62043e+04
90.92160 3.62048e+04
90.92603 3.67762e+04
90.93046 3.79654e+04
90.93489 3.82369e+04
90.93933 3.72178e+04
90.94376 3.70260e+04
90.94819 3.70803e+04
90.95262 3.70316e+04
90.95705 3.70587e+04
90.96148 3.73526e+04
90.96592 3.68626e+04
90.97035 3.62459e+04
90.97478 3.60764e+04
90.97921 3.56500e+04
90.98364 3.57343e+04
90.98807 3.55422e+04
90.99251 3.52780e+04
90.99694 3.49026e+04
91.00137 3.45123e+04
91.00580 3.50474e+04
91.01023 3.61359e+04
91.01467 3.64512e+04
91.01910 3.63947e+04
91.02353 3.63492e+04
91.02796 3.62603e+04
91.03239 3.60112e+04
91.03682 3.60786e+04
91.04126 3.64211e+04
91.04569 3.64329e+04
91.05012 3.67076e+04
91.05455 3.74275e+04
91.05899 3.82437e+04
91.06342 3.81433e+04
91.06785 3.83891e+04
91.07228 3.81995e+04
91.07671 3.84271e+04
91.08115 3.79295e+04
91.08558 3.72176e+04
91.09001 3.72899e+04
91.09444 3.79922e+04
91.09887 3.82524e+04
91.10331 3.78990e+04
91.10774 3.78097e+04
91.11217 3.83106e+04
91.11660 3.85599e+04
91.12103 3.76557e+04
91.12547 3.71674e+04
91.12990 3.71813e+04
91.13433 3.74284e+04
91.13876 3.71002e+04
91.14319 3.69904e+04
91.14763 3.69352e+04
91.15206 3.75119e+04
91.15649 3.73649e+04
91.16092 3.65334e+04
91.16536 3.64117e+04
91.16979 3.69641e+04
91.17422 3.85377e+04
91.17865 3.86541e+04
91.18308 3.72906e+04
91.18752 3.60884e+04
91.19195 3.56062e+04
91.19638 3.62228e+04
91.20281 3.70966e+04
91.20725 3.69279e+04
91.21168 3.73832e+04
91.21611 3.86291e+04
91.22054 3.99306e+04
91.22498 4.05386e+04
91.22941 3.99738e+04
91.23384 3.86865e+04
91.23827 3.80117e+04
91.24271 3.76650e+04
91.24714 3.72766e+04
91.25157 3.80934e+04
91.25600 3.90870e+04
91.26044 3.94295e+04
91.26487 3.97179e+04
91.26930 3.90821e+04
91.27373 3.90313e+04
91.27817 3.86475e+04
91.28260 3.83607e+04
91.28703 3.81942e+04
91.29146 3.83646e+04
91.29590 3.88811e+04
91.30033 4.00276e+04
91.30476 4.00930e+04
91.30919 3.98919e+04
91.31363 3.98109e+04
91.31806 3.90390e+04
91.32249 3.84285e+04
91.32693 3.75067e+04
91.33136 3.71312e+04
91.33579 3.77644e+04
91.34022 3.80937e+04
91.34466 3.82455e+04
91.34909 3.76118e+04
91.35352 3.70528e+04
91.35795 3.64928e+04
91.36239 3.62031e+04
91.36682 3.68555e+04
91.37125 3.78325e+04
91.37569 3.93277e+04
91.38012 3.99001e+04
91.38455 3.88850e+04
91.38898 3.71260e+04
91.39342 3.57842e+04
91.39785 3.61245e+04
91.40228 3.61424e+04
91.40672 3.44695e+04
91.41115 3.23716e+04
91.41558 3.12513e+04
91.42002 3.20514e+04
91.42445 3.40309e+04
91.42888 3.43391e+04
91.43331 3.16394e+04
91.43775 2.82127e+04
91.44218 2.60920e+04
91.44661 2.73132e+04
91.45105 3.08855e+04
91.45548 3.28511e+04
91.45991 3.29808e+04
91.46434 3.05771e+04
91.46878 2.60120e+04
91.47321 2.32141e+04
91.47764 2.44154e+04
91.48208 2.89310e+04
91.48651 3.30190e+04
91.49094 3.43060e+04
91.49538 3.23559e+04
91.49981 2.76358e+04
91.50424 2.14891e+04
91.50868 1.69651e+04
91.51311 1.66130e+04
91.51754 2.01399e+04
91.52198 2.57192e+04
91.52641 3.07744e+04
91.53084 3.39171e+04
91.53528 3.37218e+04
91.53971 2.96518e+04
91.54414 2.32200e+04
91.54858 1.80917e+04
91.55301 1.76655e+04
91.55744 2.04342e+04
91.56188 2.36782e+04
91.56631 2.54950e+04
91.57074 2.85780e+04
91.57518 3.18491e+04
91.57961 3.42394e+04
91.58404 3.51161e+04
91.58848 3.59394e+04
91.59291 3.70388e+04
91.59734 3.82587e+04
91.60178 3.67276e+04
91.60621 2.94177e+04
91.61065 1.94314e+04
91.61508 1.27666e+04
91.61951 1.10221e+04
91.62395 1.36256e+04
91.62838 1.96950e+04
91.63281 2.69004e+04
91.63725 3.31884e+04
91.64168 3.59196e+04
91.64611 3.46244e+04
91.65055 3.01531e+04
91.65498 2.52371e+04
91.65941 2.42238e+04
91.66385 3.02946e+04
91.66828 3.83885e+04
91.67272 3.89137e+04
91.67715 3.09927e+04
91.68158 2.09455e+04
91.68602 1.40455e+04
91.69045 1.01636e+04
91.69488 9.83735e+03
91.69932 1.21707e+04
91.70375 1.68647e+04
91.70819 2.35436e+04
91.71262 2.95911e+04
91.71705 3.36965e+04
91.72149 3.46942e+04
91.72592 3.19696e+04
91.73036 2.54426e+04
91.73479 1.72412e+04
91.73922 1.10027e+04
91.74366 7.18360e+03
91.74809 5.07785e+03
91.75252 3.88475e+03
91.75696 3.17519e+03
91.76139 2.95973e+03
91.76583 3.24120e+03
91.77026 3.54011e+03
91.77469 4.18674e+03
91.77913 4.64979e+03
91.78356 5.71408e+03
91.78800 7.47266e+03
91.79243 1.08549e+04
91.79686 1.64647e+04
91.80130 2.42792e+04
91.80573 3.12771e+04
91.81017 3.52483e+04
91.81460 3.55905e+04
91.81903 3.26570e+04
91.82347 2.62754e+04
91.82790 1.85982e+04
91.83234 1.22106e+04
91.83677 8.12848e+03
91.84121 5.57522e+03
91.84564 3.98264e+03
91.85007 3.02824e+03
91.85451 2.74409e+03
91.85894 2.46026e+03
91.86338 2.59942e+03
91.86781 2.85907e+03
91.87225 3.08033e+03
91.87668 3.08728e+03
91.88111 2.93466e+03
91.88555 3.01048e+03
91.88998 2.98578e+03
91.89442 3.06566e+03
91.89885 3.31556e+03
91.90329 3.79273e+03
91.90772 4.83864e+03
91.91215 7.25651e+03
91.91659 1.16637e+04
91.92102 1.91522e+04
91.92546 2.80025e+04
91.92989 3.53141e+04
91.93433 3.86014e+04
91.93876 3.80282e+04
91.94320 3.31802e+04
91.94763 2.46002e+04
91.95207 1.60499e+04
91.95650 1.10589e+04
91.96093 9.31825e+03
91.96537 8.60985e+03
91.96980 6.88364e+03
91.97424 4.74143e+03
91.97867 3.47669e+03
91.98311 3.30369e+03
91.98754 3.63101e+03
91.99198 3.80931e+03
91.99641 3.23050e+03
92.00084 2.37370e+03
92.00528 1.86072e+03
92.00971 1.79981e+03
92.01415 1.76185e+03
92.01858 1.77720e+03
92.02302 1.65185e+03
92.02745 1.62075e+03
92.03070 1.80013e+03
92.03512 1.83864e+03
92.03955 2.04642e+03
92.04398 2.46607e+03
92.04841 2.94369e+03
92.05283 3.62132e+03
92.05726 4.23651e+03
92.06169 5.22932e+03
92.06612 7.10484e+03
92.07054 1.02207e+04
92.07497 1.55642e+04
92.07940 2.31406e+04
92.08383 3.00604e+04
92.08825 3.50405e+04
92.09268 3.82758e+04
92.09711 3.92925e+04
92.10154 3.72029e+04
92.10596 3.05666e+04
92.11039 2.20628e+04
92.11482 1.41700e+04
92.11925 9.11281e+03
92.12368 6.43216e+03
92.12810 4.66320e+03
92.13253 3.62620e+03
92.13696 2.99269e+03
92.14139 2.70383e+03
92.14581 2.86356e+03
92.15024 3.49727e+03
92.15467 4.05445e+03
92.15910 3.92526e+03
92.16352 3.04644e+03
92.16795 2.58336e+03
92.17238 3.09960e+03
92.17681 5.00135e+03
92.18124 7.71683e+03
92.18566 9.63314e+03
92.19009 1.07455e+04
92.19452 1.21404e+04
92.19895 1.39202e+04
92.20337 1.39022e+04
92.20780 1.11244e+04
92.21223 7.98909e+03
92.21666 5.78100e+03
92.22109 4.33386e+03
92.22552 3.15168e+03
92.22994 2.50385e+03
92.23437 2.56459e+03
92.23880 3.20041e+03
92.24323 4.33748e+03
92.24765 5.37157e+03
92.25208 5.70532e+03
92.25651 5.24854e+03
92.26094 4.59206e+03
92.26537 4.24098e+03
92.26980 4.07395e+03
92.27422 4.39190e+03
92.27865 4.83177e+03
92.28308 6.04521e+03
92.28751 8.54497e+03
92.29193 1.36076e+04
92.29636 2.11692e+04
92.30079 3.07988e+04
92.30522 3.94983e+04
92.30965 4.53003e+04
92.31408 4.84951e+04
92.31850 5.03202e+04
92.32293 4.78776e+04
92.32736 3.99381e+04
92.33179 2.89428e+04
92.33622 1.89277e+04
92.34065 1.21018e+04
92.34507 8.10002e+03
92.34950 6.19863e+03
92.35393 5.27886e+03
92.35836 4.54719e+03
92.36279 3.96964e+03
92.36722 4.11952e+03
92.37164 4.44198e+03
92.37607 4.64430e+03
92.38050 4.21650e+03
92.38493 3.29655e+03
92.38936 2.51390e+03
92.39379 2.02173e+03
92.39821 2.05079e+03
92.40264 2.43989e+03
92.40707 3.30296e+03
92.41150 4.07890e+03
92.41593 4.75250e+03
92.42036 5.34786e+03
92.42478 5.96847e+03
92.42921 6.15235e+03
92.43364 5.18312e+03
92.43807 3.74565e+03
92.44250 2.51026e+03
92.44693 1.74984e+03
92.45136 1.35870e+03
92.45579 1.11702e+03
92.46021 9.67728e+02
92.46464 9.03734e+02
92.46907 9.24034e+02
92.47350 1.02717e+03
92.47793 1.38487e+03
92.48236 2.28971e+03
92.48679 4.26505e+03
92.49121 7.13068e+03
92.49564 8.24014e+03
92.50007 6.53435e+03
92.50450 3.72598e+03
92.50893 2.09125e+03
92.51336 1.47031e+03
92.51779 1.25895e+03
92.52222 1.24628e+03
92.52665 1.37682e+03
92.53107 1.84373e+03
92.53550 2.69413e+03
92.53993 3.64582e+03
92.54436 3.70143e+03
92.54879 2.82618e+03
92.55322 2.03948e+03
92.55765 1.70209e+03
92.56208 1.73430e+03
92.56651 1.95732e+03
92.57093 2.58986e+03
92.57536 3.60632e+03
92.57979 4.45936e+03
92.58422 5.17635e+03
92.58865 6.10967e+03
92.59308 8.10270e+03
92.59751 1.25629e+04
92.60194 1.97449e+04
92.60637 2.99802e+04
92.61079 4.05028e+04
92.61522 4.77516e+04
92.61965 5.10596e+04
92.62408 5.02702e+04
92.62851 4.62917e+04
92.63294 3.80886e+04
92.63737 2.71450e+04
92.64180 1.75059e+04
92.64623 1.11122e+04
92.65066 7.03963e+03
92.65509 4.88100e+03
92.65952 3.59204e+03
92.66394 2.91836e+03
92.66837 2.93435e+03
92.67280 3.30660e+03
92.67723 3.98756e+03
92.68166 4.43186e+03
92.68609 4.48080e+03
92.69052 3.98284e+03
92.69495 2.76815e+03
92.69938 1.80926e+03
92.70381 1.51249e+03
92.70824 1.52646e+03
92.71267 1.69029e+03
92.71710 1.75887e+03
92.72153 1.49512e+03
92.72596 1.26200e+03
92.73038 1.29395e+03
92.73481 1.48951e+03
92.73924 1.59367e+03
92.74367 1.37543e+03
92.74810 1.14005e+03
92.75253 9.52274e+02
92.75696 8.59461e+02
92.76139 8.91808e+02
92.76582 1.00237e+03
92.77025 1.27116e+03
92.77468 1.89093e+03
92.77911 2.51592e+03
92.78354 2.75798e+03
92.78797 2.46594e+03
92.79240 1.90097e+03
92.79683 1.53922e+03
92.80126 1.42073e+03
92.80569 1.38905e+03
92.81012 1.33309e+03
92.81455 1.18232e+03
92.81898 1.08535e+03
92.82341 1.01540e+03
92.82783 9.87634e+02
92.83227 1.14295e+03
92.83670 1.34777e+03
92.84113 1.56430e+03
92.84555 1.73691e+03
92.84998 1.63944e+03
92.85441 1.36536e+03
92.85884 1.16867e+03
92.86327 1.07251e+03
92.86770 1.03431e+03
92.87213 1.03277e+03
92.87656 1.05111e+03
92.88099 9.69310e+02
92.88542 8.76134e+02
92.88985 8.31879e+02
92.89311 8.67869e+02
92.89754 8.31983e+02
92.90196 8.70334e+02
92.90638 9.28426e+02
92.91080 1.08966e+03
92.91523 1.33444e+03
92.91965 1.48185e+03
92.92407 1.47039e+03
92.92849 1.32853e+03
92.93292 1.44974e+03
92.93734 2.01725e+03
92.94176 3.55303e+03
92.94618 6.55111e+03
92.95060 9.44777e+03
92.95503 9.94483e+03
92.95945 7.49602e+03
92.96387 4.36435e+03
92.96829 2.60410e+03
92.97272 1.64742e+03
92.97714 1.24949e+03
92.98156 1.14984e+03
92.98598 1.18575e+03
92.99041 1.33855e+03
92.99483 1.34075e+03
92.99925 1.46918e+03
93.00368 1.73953e+03
93.00810 2.02280e+03
93.01252 2.55635e+03
93.01694 3.27390e+03
93.02137 4.48021e+03
93.02579 6.09692e+03
93.03021 6.74463e+03
93.03463 6.95784e+03
93.03906 7.03045e+03
93.04348 7.46861e+03
93.04790 9.37266e+03
93.05232 1.36339e+04
93.05675 2.18710e+04
93.06117 3.30384e+04
93.06559 4.51673e+04
93.07002 5.43700e+04
93.07444 5.90878e+04
93.07886 6.06694e+04
93.08328 6.11668e+04
93.08771 5.66683e+04
93.09213 4.49458e+04
93.09655 3.06718e+04
93.10098 1.89269e+04
93.10540 1.11847e+04
93.10982 6.91483e+03
93.11424 4.61694e+03
93.11867 3.30700e+03
93.12309 2.63445e+03
93.12751 2.23413e+03
93.13194 1.99667e+03
93.13636 2.17207e+03
93.14078 2.85750e+03
93.14521 4.22664e+03
93.14963 5.36893e+03
93.15405 5.18491e+03
93.15847 4.36358e+03
93.16290 4.04176e+03
93.16732 3.60909e+03
93.17174 2.72943e+03
93.17617 1.82092e+03
93.18059 1.32077e+03
93.18501 1.15761e+03
93.18944 1.04900e+03
93.19386 9.97378e+02
93.19828 1.01058e+03
93.19871 1.04014e+03
93.20313 1.14171e+03
93.20755 1.26675e+03
93.21197 1.46019e+03
93.21640 1.86364e+03
93.22082 2.11119e+03
93.22525 1.94823e+03
93.22967 1.49876e+03
93.23409 1.12749e+03
93.23852 9.78567e+02
93.24294 9.28319e+02
93.24736 9.00892e+02
93.25178 8.80607e+02
93.25621 9.73955e+02
93.26063 1.00466e+03
93.26506 1.02556e+03
93.26948 1.03859e+03
93.27390 1.07158e+03
93.27832 1.13464e+03
93.28275 1.22191e+03
93.28717 1.23191e+03
93.29160 1.17244e+03
93.29602 1.16023e+03
93.30044 1.24212e+03
93.30487 1.39589e+03
93.30929 1.58411e+03
93.31371 2.23320e+03
93.31814 3.78426e+03
93.32256 7.16132e+03
93.32698 1.45503e+04
93.33141 2.53790e+04
93.33583 3.77229e+04
93.34025 4.54713e+04
93.34468 4.29318e+04
93.34910 3.17854e+04
93.35353 1.93371e+04
93.35795 1.04502e+04
93.36237 5.52597e+03
93.36680 3.06802e+03
93.37122 1.81578e+03
93.37564 1.24578e+03
93.38007 9.98809e+02
93.38449 8.52714e+02
93.38891 8.38587e+02
93.39334 7.75070e+02
93.39776 8.01517e+02
93.40219 8.30440e+02
93.40661 8.25602e+02
93.41103 8.36858e+02
93.41546 8.16961e+02
93.41988 7.77797e+02
93.42431 7.64232e+02
93.42873 7.70485e+02
93.43315 8.03638e+02
93.43758 8.17189e+02
93.44200 8.11789e+02
93.44643 8.08421e+02
93.45085 8.32404e+02
93.45527 8.79213e+02
93.45970 1.01051e+03
93.46412 1.12141e+03
93.46855 1.24116e+03
93.47297 1.34762e+03
93.47739 1.25523e+03
93.48182 1.08082e+03
93.48624 9.75104e+02
93.49067 9.11149e+02
93.49509 9.07272e+02
93.49951 8.98763e+02
93.50394 1.05374e+03
93.50836 1.45131e+03
93.51278 2.26355e+03
93.51721 3.12449e+03
93.52163 3.35700e+03
93.52606 2.62320e+03
93.53048 1.73545e+03
93.53491 1.24779e+03
93.53933 9.86492e+02
93.54375 9.21945e+02
93.54818 8.90478e+02
93.55260 8.83880e+02
93.55703 8.75327e+02
93.56145 8.14511e+02
93.56588 8.03035e+02
93.57030 8.43741e+02
93.57472 7.96436e+02
93.57915 7.57756e+02
93.58357 7.59435e+02
93.58800 8.13618e+02
93.59242 8.43510e+02
93.59685 8.61490e+02
93.60127 8.63459e+02
93.60569 8.26010e+02
93.61012 8.19511e+02
93.61454 8.50546e+02
93.61897 8.50533e+02
93.62339 8.45056e+02
93.62782 8.58346e+02
93.63224 9.26185e+02
93.63667 9.57777e+02
93.64109 1.12377e+03
93.64552 1.47246e+03
93.64994 2.63843e+03
93.65436 5.39503e+03
93.65879 9.46367e+03
93.66321 1.17888e+04
93.66764 1.04164e+04
93.67206 6.66427e+03
93.67649 3.62122e+03
93.68091 2.10821e+03
93.68534 1.60489e+03
93.68976 1.42521e+03
93.69419 1.43734e+03
93.69861 1.56471e+03
93.70303 1.89923e+03
93.70746 2.43298e+03
93.71188 3.17402e+03
93.71631 3.72246e+03
93.72073 3.97364e+03
93.72516 4.08484e+03
93.72958 4.93951e+03
93.73401 6.45093e+03
93.73843 8.22612e+03
93.74286 9.78743e+03
93.74728 1.10961e+04
93.75171 1.34483e+04
93.75613 1.93061e+04
93.76056 2.99697e+04
93.76498 4.36776e+04
93.76941 5.90029e+04
93.77383 7.03905e+04
93.77826 7.80221e+04
93.78268 8.17528e+04
93.78711 8.46023e+04
93.79153 8.43753e+04
93.79596 7.51108e+04
93.80038 5.77854e+04
93.80481 3.88997e+04
93.80923 2.29571e+04
93.81366 1.29762e+04
93.81808 7.87894e+03
93.82251 5.17596e+03
93.82693 3.68796e+03
93.83136 2.93965e+03
93.83578 2.52285e+03
93.84021 2.25407e+03
93.84463 2.07933e+03
93.84906 2.35627e+03
93.85348 3.41673e+03
93.85791 5.20965e+03
93.86233 6.52452e+03
93.86676 6.06156e+03
93.87118 4.18593e+03
93.87561 2.59054e+03
93.88003 1.74830e+03
93.88446 1.39580e+03
93.88888 1.19437e+03
93.89331 1.12600e+03
93.89773 1.13558e+03
93.90216 1.16013e+03
93.90658 1.28114e+03
93.91101 1.68863e+03
93.91543 2.66653e+03
93.91986 4.06632e+03
93.92428 4.86510e+03
93.92871 4.22283e+03
93.93314 2.84776e+03
93.93756 1.82445e+03
93.94199 1.43813e+03
93.94641 1.24912e+03
93.95084 1.26326e+03
93.95526 1.25693e+03
93.95969 1.31108e+03
93.96411 1.33888e+03
93.96854 1.36792e+03
93.97296 1.64477e+03
93.97739 2.16350e+03
93.98181 2.83493e+03
93.98624 2.86606e+03
93.99067 2.20795e+03
93.99509 1.56582e+03
93.99952 1.22721e+03
94.00394 1.19563e+03
94.00837 1.06140e+03
94.01279 1.06867e+03
94.01722 1.03501e+03
94.02165 9.70380e+02
94.02607 9.21971e+02
94.03050 8.54223e+02
94.03492 8.18546e+02
94.03935 8.14271e+02
94.04377 8.71652e+02
94.04677 9.16115e+02
94.05119 9.02829e+02
94.05561 9.06994e+02
94.06003 9.49387e+02
94.06445 9.60068e+02
94.06886 9.26312e+02
94.07328 9.30578e+02
94.07770 9.16390e+02
94.08212 8.70926e+02
94.08654 9.12090e+02
94.09095 8.83703e+02
94.09537 8.41662e+02
94.10879 8.89571e+02
94.11321 9.49449e+02
94.11763 1.05617e+03
94.12205 1.11220e+03
94.12646 1.22998e+03
94.13088 1.27154e+03
94.13530 1.46981e+03
94.13972 1.63842e+03
94.14414 1.84968e+03
94.14856 1.87640e+03
94.15297 1.73408e+03
94.15739 1.40020e+03
94.16181 1.15425e+03
94.16623 1.03682e+03
94.17065 9.45595e+02
94.17507 8.25065e+02
94.17948 8.36530e+02
94.18390 8.64327e+02
94.18832 8.78152e+02
94.19274 8.83239e+02
94.19716 8.87056e+02
94.20158 8.59032e+02
94.20599 8.66129e+02
94.21041 8.55189e+02
94.21483 8.35592e+02
94.21925 9.09241e+02
94.22367 9.27554e+02
94.22809 1.09530e+03
94.23250 1.41910e+03
94.23692 1.94133e+03
94.24134 2.85315e+03
94.24576 3.83634e+03
94.25018 4.32829e+03
94.25460 3.96569e+03
94.25902 3.08849e+03
94.26343 2.06757e+03
94.26785 1.51746e+03
94.27227 1.14917e+03
94.27669 9.80148e+02
94.28111 9.61746e+02
94.28553 9.37629e+02
94.28995 1.05403e+03
94.29436 1.21815e+03
94.29878 1.39663e+03
94.30320 1.45167e+03
94.30762 1.38582e+03
94.31204 1.19700e+03
94.31646 1.15808e+03
94.32088 1.01728e+03
94.32530 1.04977e+03
94.32971 1.01405e+03
94.33413 9.67150e+02
94.33855 9.46892e+02
94.34297 9.57937e+02
94.34739 8.64135e+02
94.35181 8.52433e+02
94.35623 8.50906e+02
94.36065 8.96073e+02
94.36507 9.30653e+02
94.36948 9.68625e+02
94.37390 1.13443e+03
94.37832 1.37275e+03
94.38274 1.63966e+03
94.38716 1.74638e+03
94.39158 1.61683e+03
94.39600 1.37810e+03
94.40042 1.25734e+03
94.40484 1.29940e+03
94.40926 1.63604e+03
94.41367 2.36622e+03
94.41809 3.88827e+03
94.42251 6.33854e+03
94.42693 8.83305e+03
94.43135 1.10714e+04
94.43577 1.25589e+04
94.44019 1.39325e+04
94.44461 1.70481e+04
94.44903 2.11590e+04
94.45345 2.33153e+04
94.45787 2.09117e+04
94.46228 1.53712e+04
94.46671 9.98892e+03
94.47112 5.91526e+03
94.47554 3.44852e+03
94.47996 2.15313e+03
94.48438 1.55861e+03
94.48880 1.25253e+03
94.49322 1.13352e+03
94.49764 1.11276e+03
94.50206 1.14838e+03
94.50648 1.40853e+03
94.51090 1.82091e+03
94.51532 2.22369e+03
94.51974 2.44647e+03
94.52416 2.56518e+03
94.52858 2.75228e+03
94.53299 2.80368e+03
94.53741 2.44449e+03
94.54183 1.90224e+03
94.54625 1.84266e+03
94.55067 2.19923e+03
94.55509 2.67875e+03
94.55951 2.87686e+03
94.56393 2.32923e+03
94.56835 1.71956e+03
94.57277 1.31680e+03
94.57719 1.15477e+03
94.58161 1.15467e+03
94.58603 1.21464e+03
94.59045 1.39152e+03
94.59487 1.59461e+03
94.59929 1.71750e+03
94.60371 1.64940e+03
94.60813 1.68027e+03
94.61255 1.86952e+03
94.61697 1.97296e+03
94.62139 2.08857e+03
94.62580 1.85260e+03
94.63022 1.50187e+03
94.63465 1.27973e+03
94.63907 1.14830e+03
94.64348 1.13849e+03
94.64790 1.15380e+03
94.65232 1.21025e+03
94.65674 1.37401e+03
94.66116 1.44439e+03
94.66558 1.42264e+03
94.67000 1.34550e+03
94.67442 1.20565e+03
94.67884 1.02032e+03
94.68326 9.59038e+02
94.68768 9.30941e+02
94.69210 8.51891e+02
94.69652 8.71867e+02
94.70094 8.72955e+02
94.70536 8.67189e+02
94.70978 9.22134e+02
94.71420 9.47605e+02
94.71862 9.59682e+02
94.72304 9.00174e+02
94.72746 9.49316e+02
94.73188 9.74716e+02
94.73630 9.90067e+02
94.74072 1.00839e+03
94.74514 9.32671e+02
94.74956 9.58984e+02
94.75398 9.42819e+02
94.75840 9.27816e+02
94.76282 9.09015e+02
94.76724 9.35953e+02
94.77166 9.82788e+02
94.77608 9.29721e+02
94.78050 9.33751e+02
94.78492 1.00418e+03
94.78934 9.79471e+02
94.79376 9.73875e+02
94.79818 1.02867e+03
94.80260 1.06153e+03
94.80702 1.11180e+03
94.81145 1.25814e+03
94.81587 1.31117e+03
94.82028 1.26994e+03
94.82471 1.38212e+03
94.82913 1.56219e+03
94.83355 1.65547e+03
94.83797 1.68293e+03
94.84239 1.63259e+03
94.84681 1.62447e+03
94.85123 2.14004e+03
94.85565 3.70201e+03
94.86007 7.14206e+03
94.86449 1.19000e+04
94.86891 1.50372e+04
94.87333 1.34229e+04
94.87775 8.83653e+03
94.88217 5.02107e+03
94.88659 3.27538e+03
94.89101 2.59623e+03
94.89543 2.33381e+03
94.89985 2.41298e+03
94.90427 2.72731e+03
94.90869 3.36407e+03
94.91311 4.53532e+03
94.91754 6.26377e+03
94.92195 8.02198e+03
94.92638 9.64005e+03
94.93080 1.13138e+04
94.93522 1.25804e+04
94.93964 1.41090e+04
94.94406 1.67962e+04
94.94848 2.38612e+04
94.95290 3.83561e+04
94.95732 6.19522e+04
94.96174 8.93803e+04
94.96616 1.11215e+05
94.97058 1.22457e+05
94.97500 1.30233e+05
94.97942 1.36905e+05
94.98385 1.39269e+05
94.98827 1.30884e+05
94.99269 1.07126e+05
94.99711 7.27922e+04
95.00153 4.48468e+04
95.00595 3.03155e+04
95.01037 2.49530e+04
95.01479 2.14212e+04
95.01921 1.60423e+04
95.02363 1.04693e+04
95.02805 7.38839e+03
95.03247 6.03438e+03
95.03690 5.47667e+03
95.04132 4.59953e+03
95.04574 3.77136e+03
95.05016 3.40041e+03
95.05458 3.60229e+03
95.05900 4.55457e+03
95.06342 6.31373e+03
95.06784 8.94244e+03
95.07226 1.13739e+04
95.07668 1.19841e+04
95.08110 1.02982e+04
95.08553 8.36831e+03
95.08995 7.36193e+03
95.09437 6.31602e+03
95.09879 4.33088e+03
95.10321 2.74217e+03
95.10763 2.04922e+03
95.11205 1.65424e+03
95.11647 1.52679e+03
95.12090 1.41914e+03
95.12532 1.36249e+03
95.12974 1.37701e+03
95.13416 1.38100e+03
95.13858 1.40331e+03
95.14300 1.36441e+03
95.14742 1.33540e+03
95.15184 1.31026e+03
95.15627 1.27833e+03
95.16069 1.26127e+03
95.16511 1.30997e+03
95.16953 1.29179e+03
95.17395 1.31460e+03
95.17837 1.36835e+03
95.18279 1.36172e+03
95.18721 1.32397e+03
95.19164 1.29413e+03
95.19606 1.28444e+03
95.20048 1.26740e+03
95.20490 1.14840e+03
95.20932 1.13591e+03
95.21374 1.22175e+03
95.21816 1.45761e+03
95.22259 2.05951e+03
95.22701 3.29882e+03
95.23143 4.46069e+03
95.23585 4.57180e+03
95.24027 3.86190e+03
95.24469 2.97102e+03
95.24912 2.35909e+03
95.25354 1.93692e+03
95.25796 1.62025e+03
95.26238 1.33348e+03
95.26680 1.18269e+03
95.27122 1.10496e+03
95.27565 1.12141e+03
95.28007 1.25432e+03
95.28449 1.57683e+03
95.28891 2.40490e+03
95.29333 3.08843e+03
95.29775 2.99763e+03
95.30218 2.29244e+03
95.30660 1.54903e+03
95.31102 1.22154e+03
95.31544 1.06524e+03
95.31986 1.06876e+03
95.32429 1.05604e+03
95.32871 1.11547e+03
95.33313 1.32811e+03
95.33755 1.77016e+03
95.34197 2.30536e+03
95.34639 2.32148e+03
95.35082 2.10414e+03
95.35524 1.82602e+03
95.35966 2.14585e+03
95.36408 2.69995e+03
95.36850 2.84032e+03
95.37292 2.32383e+03
95.37735 1.72819e+03
95.38177 1.35942e+03
95.38619 1.39318e+03
95.39061 1.83960e+03
95.39503 2.38800e+03
95.39946 2.62826e+03
95.40388 2.37643e+03
95.40830 1.96553e+03
95.41272 1.77851e+03
95.41715 1.51939e+03
95.42157 1.27095e+03
95.42599 1.08515e+03
95.43041 1.01411e+03
95.43483 1.00990e+03
95.43926 1.02665e+03
95.44368 1.02913e+03
95.44810 1.01665e+03
95.45252 9.94768e+02
95.45695 9.95590e+02
95.46137 1.01768e+03
95.46579 1.01166e+03
95.47021 9.74567e+02
95.47463 1.01307e+03
95.47906 1.02555e+03
95.48348 1.06856e+03
95.48790 9.79659e+02
95.49232 9.44143e+02
95.49675 9.69482e+02
95.50117 1.04940e+03
95.50559 1.09279e+03
95.51001 1.05827e+03
95.51444 1.13382e+03
95.51886 1.19162e+03
95.52328 1.34993e+03
95.52770 1.49137e+03
95.53212 1.75174e+03
95.53655 1.86734e+03
95.54097 1.79304e+03
95.54539 1.70626e+03
95.54981 1.48386e+03
95.55424 1.34414e+03
95.55866 1.24022e+03
95.56308 1.17047e+03
95.56750 1.13168e+03
95.57193 1.07347e+03
95.57635 1.04323e+03
95.58077 9.53004e+02
95.58519 1.03032e+03
95.58962 1.07241e+03
95.59404 1.05796e+03
95.59846 1.05060e+03
95.60289 1.06567e+03
95.60731 1.01116e+03
95.61173 1.00838e+03
95.61615 1.00110e+03
95.62058 1.04676e+03
95.62500 1.01198e+03
95.62942 1.03440e+03
95.63384 1.04982e+03
95.63827 1.12665e+03
95.64269 1.11623e+03
95.64711 1.09927e+03
95.65153 1.05198e+03
95.65596 1.01964e+03
95.66038 1.02530e+03
95.66480 1.00292e+03
95.66923 1.02835e+03
95.67365 9.60408e+02
95.67807 9.60712e+02
95.68249 1.01238e+03
95.68554 9.74599e+02
95.68995 1.03311e+03
95.69437 1.06628e+03
95.69878 1.06348e+03
95.70320 1.12313e+03
95.70361 1.09457e+03
95.70803 1.03871e+03
95.71244 1.00635e+03
95.71686 1.00579e+03
95.72127 9.66714e+02
95.72569 9.38020e+02
95.73010 9.06916e+02
95.73452 9.71853e+02
95.73893 9.41928e+02
95.74335 9.19451e+02
95.74777 9.53783e+02
95.75218 9.91343e+02
95.75660 9.38980e+02
95.76101 9.58576e+02
95.76543 1.00772e+03
95.76984 1.11288e+03
95.77426 1.23154e+03
95.77867 1.25926e+03
95.78309 1.19657e+03
95.78750 1.23198e+03
95.79192 1.15267e+03
95.79633 1.09517e+03
95.80075 1.13577e+03
95.80517 1.12952e+03
95.80958 1.14283e+03
95.81400 1.22743e+03
95.81841 1.20021e+03
95.82283 1.24068e+03
95.82724 1.23573e+03
95.83166 1.21004e+03
95.83607 1.16620e+03
95.84049 1.15574e+03
95.84490 1.22042e+03
95.84932 1.50636e+03
95.85374 2.01435e+03
95.85815 3.08427e+03
95.86257 4.62614e+03
95.86698 6.17877e+03
95.87140 6.70065e+03
95.87581 5.74439e+03
95.88023 3.96041e+03
95.88465 2.64287e+03
95.88906 1.85116e+03
95.89348 1.46049e+03
95.89789 1.25351e+03
95.90231 1.26084e+03
95.90672 1.24305e+03
95.91114 1.28508e+03
95.91555 1.30057e+03
95.91997 1.30904e+03
95.92439 1.28794e+03
95.92880 1.28959e+03
95.93322 1.25304e+03
95.93763 1.23080e+03
95.94205 1.28101e+03
95.94647 1.41394e+03
95.95088 1.62531e+03
95.95530 1.70346e+03
95.95971 1.67027e+03
95.96413 1.54446e+03
95.96855 1.24882e+03
95.97296 1.14304e+03
95.97738 1.10416e+03
95.98179 1.08604e+03
95.98621 1.07397e+03
95.99062 1.05390e+03
95.99504 1.12644e+03
95.99946 1.10328e+03
96.00387 1.10750e+03
96.00829 1.12661e+03
96.01271 1.12890e+03
96.01712 1.06350e+03
96.02154 1.03856e+03
96.02595 1.09015e+03
96.03037 1.08197e+03
96.03479 1.08298e+03
96.03920 1.06846e+03
96.04362 1.06693e+03
96.04803 1.03417e+03
96.05245 1.05889e+03
96.05687 1.05234e+03
96.06128 9.85406e+02
96.06570 1.04527e+03
96.07012 1.03663e+03
96.07453 1.06560e+03
96.07895 1.04987e+03
96.08337 1.05299e+03
96.08778 1.07844e+03
96.09220 1.05129e+03
96.09661 1.07076e+03
96.10103 1.11895e+03
96.10545 1.13245e+03
96.10986 1.11414e+03
96.11428 1.11669e+03
96.11870 1.06473e+03
96.12311 1.10090e+03
96.12753 1.09839e+03
96.13195 1.15880e+03
96.13636 1.14983e+03
96.14078 1.10434e+03
96.14519 1.06802e+03
96.14961 1.10423e+03
96.15403 1.09696e+03
96.15844 1.07738e+03
96.16286 1.09278e+03
96.16728 1.13644e+03
96.17169 1.19418e+03
96.17611 1.26689e+03
96.18053 1.30216e+03
96.18494 1.42228e+03
96.18936 1.55778e+03
96.19378 1.56274e+03
96.19819 1.45159e+03
96.20261 1.37439e+03
96.20703 1.23093e+03
96.21144 1.18524e+03
96.21586 1.28751e+03
96.22028 1.20930e+03
96.22469 1.19867e+03
96.22911 1.24569e+03
96.23353 1.39150e+03
96.23794 1.59461e+03
96.24236 1.82903e+03
96.24678 1.83666e+03
96.25119 1.65427e+03
96.25561 1.53074e+03
96.26003 1.49244e+03
96.26444 1.47343e+03
96.26886 1.40433e+03
96.27328 1.33271e+03
96.27769 1.28613e+03
96.28211 1.19714e+03
96.28653 1.24490e+03
96.29094 1.20743e+03
96.29536 1.16461e+03
96.29978 1.12033e+03
96.30420 1.12332e+03
96.30861 1.10716e+03
96.31303 1.14112e+03
96.31745 1.13185e+03
96.32186 1.15542e+03
96.32628 1.20579e+03
96.33070 1.12709e+03
96.33512 1.10241e+03
96.33953 1.06879e+03
96.34395 1.10863e+03
96.34837 1.16828e+03
96.35278 1.14813e+03
96.35720 1.07926e+03
96.36162 1.05237e+03
96.36603 1.02357e+03
96.37045 1.03728e+03
96.37487 1.19807e+03
96.37929 1.25457e+03
96.38370 1.38399e+03
96.38812 1.68916e+03
96.39254 2.32752e+03
96.39696 3.14403e+03
96.40137 3.40134e+03
96.40579 2.63617e+03
96.41021 1.86327e+03
96.41462 1.45327e+03
96.41904 1.22791e+03
96.42346 1.18205e+03
96.42788 1.12588e+03
96.43229 1.21797e+03
96.43671 1.18533e+03
96.44113 1.17346e+03
96.44555 1.25555e+03
96.44996 1.45037e+03
96.45438 1.82321e+03
96.45880 2.43555e+03
96.46322 2.79692e+03
96.46763 2.57215e+03
96.47205 2.03606e+03
96.47647 1.61739e+03
96.48089 1.43820e+03
96.48530 1.32271e+03
96.48972 1.40910e+03
96.49414 1.62854e+03
96.49856 1.86895e+03
96.50297 2.18589e+03
96.50739 2.19512e+03
96.51181 1.82293e+03
96.51623 1.61952e+03
96.52064 1.48916e+03
96.52506 1.44295e+03
96.52948 1.42638e+03
96.53390 1.43613e+03
96.53831 1.41053e+03
96.54273 1.44002e+03
96.54715 1.45943e+03
96.55157 1.43785e+03
96.55599 1.35907e+03
96.56040 1.28896e+03
96.56482 1.31092e+03
96.56924 1.24867e+03
96.57295 1.05614e+03
96.57736 1.10481e+03
96.58177 1.08125e+03
96.58618 1.09259e+03
96.59059 1.11121e+03
96.59500 1.09478e+03
96.59941 1.09599e+03
96.60382 1.20503e+03
96.60823 1.16288e+03
96.61265 1.17654e+03
96.61705 1.22230e+03
96.62147 1.20932e+03
96.62587 1.18516e+03
96.63029 1.14466e+03
96.63469 1.15349e+03
96.63911 1.14489e+03
96.64351 1.12388e+03
96.64793 1.18502e+03
96.65234 1.23545e+03
96.65675 1.18294e+03
96.66116 1.15919e+03
96.66557 1.11536e+03
96.66998 1.09856e+03
96.67439 1.14332e+03
96.67880 1.18256e+03
96.68321 1.19872e+03
96.68762 1.20448e+03
96.69203 1.17537e+03
96.69644 1.27607e+03
96.70085 1.33518e+03
96.70526 1.43563e+03
96.70967 1.72413e+03
96.71408 2.06693e+03
96.71849 2.25612e+03
96.72290 2.13248e+03
96.72731 1.79501e+03
96.73172 1.47298e+03
96.73613 1.31980e+03
96.74054 1.23741e+03
96.74495 1.16338e+03
96.74936 1.18662e+03
96.75377 1.18268e+03
96.75818 1.30376e+03
96.76260 1.29298e+03
96.76700 1.34714e+03
96.77142 1.35866e+03
96.77583 1.32849e+03
96.78024 1.28607e+03
96.78465 1.28545e+03
96.78906 1.35771e+03
96.79347 1.37943e+03
96.79788 1.31147e+03
96.80229 1.34240e+03
96.80670 1.31697e+03
96.81111 1.28722e+03
96.81552 1.28896e+03
96.81993 1.24691e+03
96.82434 1.23862e+03
96.82876 1.24783e+03
96.83316 1.23484e+03
96.83758 1.29865e+03
96.84199 1.32846e+03
96.84640 1.24816e+03
96.85081 1.27913e+03
96.85522 1.24247e+03
96.85963 1.30207e+03
96.86404 1.32009e+03
96.86845 1.39503e+03
96.87286 1.46115e+03
96.87727 1.48622e+03
96.88168 1.62078e+03
96.88609 1.77814e+03
96.89051 1.91339e+03
96.89492 1.98701e+03
96.89933 1.92103e+03
96.90374 1.66097e+03
96.90815 1.52097e+03
96.91256 1.42125e+03
96.91697 1.40847e+03
96.92138 1.34236e+03
96.92579 1.36443e+03
96.93021 1.42260e+03
96.93462 1.50047e+03
96.93903 1.47639e+03
96.94344 1.44296e+03
96.94785 1.43881e+03
96.95226 1.45554e+03
96.95667 1.44087e+03
96.96108 1.42498e+03
96.96549 1.44006e+03
96.96990 1.48011e+03
96.97432 1.44577e+03
96.97873 1.45298e+03
96.98314 1.51344e+03
96.98755 1.60487e+03
96.99196 1.71097e+03
96.99637 1.75726e+03
97.00078 1.73735e+03
97.00520 1.73121e+03
97.00961 1.67661e+03
97.01402 1.61966e+03
97.01843 1.55932e+03
97.02284 1.51513e+03
97.02725 1.52232e+03
97.03166 1.53150e+03
97.03607 1.63067e+03
97.04049 1.68848e+03
97.04490 1.83224e+03
97.04931 1.86967e+03
97.05372 1.76808e+03
97.05813 1.80975e+03
97.06254 1.90411e+03
97.06695 1.90318e+03
97.07137 1.90209e+03
97.07578 1.98974e+03
97.08019 2.06955e+03
97.08460 2.11160e+03
97.08901 2.24634e+03
97.09342 2.31118e+03
97.09784 2.45585e+03
97.10225 2.59088e+03
97.10666 2.66064e+03
97.11107 2.88905e+03
97.11548 3.20274e+03
97.11989 3.60881e+03
97.12431 4.31470e+03
97.12872 5.16433e+03
97.13313 5.97952e+03
97.13754 6.85527e+03
97.14195 7.59340e+03
97.14636 8.09577e+03
97.15077 8.38099e+03
97.15519 8.53435e+03
97.15960 9.81652e+03
97.16401 1.35408e+04
97.16842 1.88185e+04
97.17283 2.26232e+04
97.17725 2.06318e+04
97.18166 1.48019e+04
97.18607 1.00765e+04
97.19048 8.51696e+03
97.19489 8.90434e+03
97.19930 1.06180e+04
97.20372 1.38184e+04
97.20813 1.78184e+04
97.21254 2.17417e+04
97.21695 2.62781e+04
97.22137 3.46717e+04
97.22578 5.21461e+04
97.23019 8.32055e+04
97.23460 1.28701e+05
97.23901 1.74211e+05
97.24343 2.01533e+05
97.24784 2.07523e+05
97.25225 2.09830e+05
97.25666 2.14953e+05
97.26107 2.23527e+05
97.26548 2.31031e+05
97.26990 2.20782e+05
97.27431 1.80640e+05
97.27872 1.22930e+05
97.28313 7.53444e+04
97.28755 4.46126e+04
97.29196 2.67203e+04
97.29637 1.72642e+04
97.30078 1.22660e+04
97.30519 9.85131e+03
97.30961 9.35990e+03
97.31402 1.07314e+04
97.31843 1.47711e+04
97.32284 1.90206e+04
97.32726 1.85697e+04
97.33167 1.39502e+04
97.33608 9.15232e+03
97.34049 6.49631e+03
97.34490 5.00710e+03
97.34932 4.05887e+03
97.35373 3.50367e+03
97.35814 3.13423e+03
97.36256 2.81374e+03
97.36697 2.79229e+03
97.37138 3.08294e+03
97.37579 3.99574e+03
97.38020 6.28563e+03
97.38462 9.84165e+03
97.38903 1.22100e+04
97.39344 1.11603e+04
97.39785 7.53884e+03
97.40227 4.69378e+03
97.40668 3.43196e+03
97.41109 2.79779e+03
97.41550 2.37950e+03
97.41992 2.19488e+03
97.42433 2.11453e+03
97.42874 2.02177e+03
97.43315 2.04136e+03
97.43757 2.13766e+03
97.44198 2.15751e+03
97.44639 2.21980e+03
97.45081 2.28863e+03
97.45522 2.52251e+03
97.45963 2.71198e+03
97.46404 2.68765e+03
97.46846 2.60788e+03
97.47287 2.52179e+03
97.47728 2.49450e+03
97.48169 2.50834e+03
97.48611 2.49554e+03
97.49052 2.37317e+03
97.49493 2.25552e+03
97.49935 2.15192e+03
97.50376 2.10192e+03
97.50817 2.12922e+03
97.51258 2.08514e+03
97.51700 2.04018e+03
97.52141 2.10743e+03
97.52582 2.08279e+03
97.53024 1.98761e+03
97.53465 1.97570e+03
97.53906 1.95121e+03
97.54347 2.00342e+03
97.54789 2.05207e+03
97.55230 2.09084e+03
97.55671 2.08962e+03
97.56113 2.17009e+03
97.56554 2.18199e+03
97.56995 2.19853e+03
97.57437 2.17602e+03
97.57878 2.26765e+03
97.58319 2.30332e+03
97.58760 2.35395e+03
97.59202 2.42547e+03
97.59643 2.47239e+03
97.60084 2.49850e+03
97.60326 2.55260e+03
97.60767 2.60112e+03
97.61208 2.77933e+03
97.61650 2.97640e+03
97.62091 3.24227e+03
97.62532 3.46277e+03
97.62974 4.00714e+03
97.63415 5.06943e+03
97.63856 6.98216e+03
97.64298 9.04802e+03
97.64739 9.78177e+03
97.65180 9.20022e+03
97.65622 9.37232e+03
97.66063 1.23506e+04
97.66504 2.00909e+04
97.66946 3.59282e+04
97.67387 6.88226e+04
97.67828 1.35385e+05
97.68270 2.94333e+05
97.68711 4.88629e+05
97.69152 8.24323e+05
97.69594 1.25470e+06
97.70035 1.62636e+06
97.70476 1.89624e+06
97.70918 1.87752e+06
97.71359 1.56222e+06
97.71800 8.93346e+05
97.72242 4.36453e+05
97.72683 2.10116e+05
97.73124 9.91510e+04
97.73566 4.82787e+04
97.74007 2.49697e+04
97.74448 1.40975e+04
97.74890 9.14061e+03
97.75331 6.60147e+03
97.75773 5.46117e+03
97.76214 4.75333e+03
97.76655 4.12195e+03
97.77097 3.78125e+03
97.77538 3.60606e+03
97.77979 3.66717e+03
97.78421 4.23450e+03
97.78862 5.35514e+03
97.79304 6.96370e+03
97.79745 7.67092e+03
97.80186 6.43440e+03
97.80628 4.62255e+03
97.81069 3.38723e+03
97.81510 2.87819e+03
97.81952 2.67995e+03
97.82393 2.61024e+03
97.82834 2.45076e+03
97.83276 2.39629e+03
97.83717 2.30327e+03
97.84159 2.28885e+03
97.84600 2.38923e+03
97.85041 2.92061e+03
97.85483 4.15284e+03
97.85924 5.34056e+03
97.86366 5.67736e+03
97.86807 4.63441e+03
97.87248 3.41720e+03
97.87690 2.78990e+03
97.88131 2.61700e+03
97.88573 2.71646e+03
97.89014 2.80946e+03
97.89455 3.13283e+03
97.89897 3.69443e+03
97.90338 4.50456e+03
97.90780 5.39786e+03
97.91221 6.40168e+03
97.91662 7.37665e+03
97.92104 7.95225e+03
97.92545 7.93653e+03
97.92987 7.09557e+03
97.93428 5.78153e+03
97.93870 4.40469e+03
97.94311 3.28954e+03
97.94752 2.57165e+03
97.95194 2.25413e+03
97.95635 2.07365e+03
97.96077 2.01677e+03
97.96518 2.06438e+03
97.96960 2.04539e+03
97.97401 2.19938e+03
97.97842 2.43632e+03
97.98284 2.66731e+03
97.98725 3.01414e+03
97.99167 3.15966e+03
97.99608 3.06240e+03
98.00050 2.74310e+03
98.00491 2.30101e+03
98.00933 2.00148e+03
98.01374 1.80375e+03
98.01815 1.66845e+03
98.02257 1.56575e+03
98.02698 1.50617e+03
98.03140 1.59085e+03
98.03581 1.60992e+03
98.04023 1.62038e+03
98.04464 1.72122e+03
98.04905 1.66638e+03
98.05347 1.60877e+03
98.05788 1.55594e+03
98.06230 1.57463e+03
98.06671 1.57020e+03
98.07113 1.60808e+03
98.07554 1.63631e+03
98.07996 1.62114e+03
98.08437 1.58681e+03
98.08879 1.61335e+03
98.09320 1.57182e+03
98.09762 1.55094e+03
98.10003 1.60975e+03
98.10444 1.66171e+03
98.10886 1.69637e+03
98.11327 1.68262e+03
98.11769 1.77191e+03
98.12210 2.12991e+03
98.12652 2.88419e+03
98.13093 3.79570e+03
98.13535 4.79739e+03
98.13976 5.22194e+03
98.14418 4.73231e+03
98.14859 3.70658e+03
98.15301 2.71724e+03
98.15742 2.11439e+03
98.16184 1.79769e+03
98.16625 1.72570e+03
98.17067 1.61751e+03
98.17508 1.53895e+03
98.17950 1.59473e+03
98.18391 1.53807e+03
98.18833 1.53140e+03
98.19274 1.54784e+03
98.19716 1.52396e+03
98.20157 1.57591e+03
98.20599 1.68752e+03
98.21040 1.66296e+03
98.21482 1.65604e+03
98.21923 1.65452e+03
98.22365 1.58529e+03
98.22806 1.48346e+03
98.23248 1.47337e+03
98.23689 1.45029e+03
98.24131 1.49947e+03
98.24572 1.44015e+03
98.25527 1.46622e+03
98.25968 1.46705e+03
98.26409 1.50038e+03
98.26849 1.52934e+03
98.27290 1.51047e+03
98.27731 1.52246e+03
98.28171 1.55634e+03
98.28612 1.51435e+03
98.29053 1.54670e+03
98.29494 1.46095e+03
98.29934 1.49019e+03
98.30375 1.47257e+03
98.30816 1.44046e+03
98.31257 1.52803e+03
98.31697 1.49010e+03
98.32138 1.49383e+03
98.32579 1.48871e+03
98.33019 1.50006e+03
98.33460 1.49407e+03
98.33901 1.55498e+03
98.34342 1.60663e+03
98.34782 1.64931e+03
98.35223 1.75384e+03
98.35664 1.85133e+03
98.36105 1.92636e+03
98.36545 2.09736e+03
98.36986 2.46472e+03
98.37427 3.29080e+03
98.37868 4.47062e+03
98.38308 5.33030e+03
98.38749 5.55191e+03
98.39190 4.74277e+03
98.39630 3.60671e+03
98.40071 2.68156e+03
98.40512 2.04689e+03
98.40953 1.72108e+03
98.41393 1.61981e+03
98.41834 1.53070e+03
98.42275 1.53260e+03
98.42716 1.62119e+03
98.43157 1.58169e+03
98.43597 1.55063e+03
98.44038 1.58933e+03
98.44479 1.50996e+03
98.44920 1.50318e+03
98.45360 1.49687e+03
98.45801 1.52810e+03
98.46242 1.46424e+03
98.46683 1.43607e+03
98.47123 1.47746e+03
98.47564 1.42637e+03
98.48005 1.52353e+03
98.48446 1.56346e+03
98.48887 1.68468e+03
98.49327 1.75673e+03
98.49768 1.76804e+03
98.50209 1.73404e+03
98.50650 1.59790e+03
98.51090 1.55859e+03
98.51531 1.49877e+03
98.51972 1.48071e+03
98.52413 1.53005e+03
98.52854 1.56167e+03
98.53294 1.60749e+03
98.53735 1.71002e+03
98.54176 1.72139e+03
98.54617 1.61073e+03
98.55058 1.54870e+03
98.55498 1.56582e+03
98.55939 1.59965e+03
98.56380 1.69963e+03
98.56821 2.00954e+03
98.57262 2.56704e+03
98.57702 3.46081e+03
98.58143 4.16707e+03
98.58584 4.29184e+03
98.59025 3.54960e+03
98.59466 2.67909e+03
98.59906 2.11110e+03
98.60347 1.82779e+03
98.60788 1.74281e+03
98.61229 1.68399e+03
98.61670 1.62676e+03
98.62111 1.59648e+03
98.62551 1.53827e+03
98.62992 1.63654e+03
98.63433 1.59312e+03
98.63874 1.59971e+03
98.64315 1.67992e+03
98.64755 1.83733e+03
98.65196 1.95473e+03
98.65637 2.14286e+03
98.66078 2.16077e+03
98.66519 2.07797e+03
98.66960 1.96486e+03
98.67400 1.78357e+03
98.67841 1.71804e+03
98.68282 1.68241e+03
98.68723 1.62881e+03
98.69164 1.60867e+03
98.69605 1.56982e+03
98.70046 1.55122e+03
98.70486 1.58398e+03
98.70927 1.61315e+03
98.71368 1.62193e+03
98.71809 1.51386e+03
98.72250 1.49268e+03
98.72691 1.52921e+03
98.73131 1.53135e+03
98.73572 1.50858e+03
98.74013 1.48195e+03
98.74454 1.40536e+03
98.74895 1.44970e+03
98.75336 1.49754e+03
98.75777 1.55250e+03
98.76217 1.56154e+03
98.76658 1.58048e+03
98.77099 1.57378e+03
98.77540 1.52197e+03
98.77981 1.55688e+03
98.78422 1.62408e+03
98.78863 1.62786e+03
98.79304 1.65231e+03
98.79744 1.62320e+03
98.80185 1.73179e+03
98.80626 1.80723e+03
98.81067 1.86835e+03
98.81508 1.90255e+03
98.81949 1.89181e+03
98.82390 1.84586e+03
98.82831 1.88171e+03
98.83271 2.01981e+03
98.83712 2.30886e+03
98.84153 3.29992e+03
98.84594 6.08478e+03
98.85035 1.16489e+04
98.85476 2.01144e+04
98.85917 2.99719e+04
98.86358 3.83695e+04
98.86799 4.42850e+04
98.87239 4.86650e+04
98.87680 4.80943e+04
98.88121 3.72527e+04
98.88562 2.13185e+04
98.89003 1.02566e+04
98.89444 5.25138e+03
98.89885 3.34654e+03
98.90326 2.59171e+03
98.90767 2.14032e+03
98.91208 2.01648e+03
98.91649 2.07053e+03
98.92090 2.28742e+03
98.92530 2.46570e+03
98.92971 2.43730e+03
98.93412 2.41906e+03
98.93853 2.36061e+03
98.94294 2.51566e+03
98.94735 2.88130e+03
98.95176 3.55569e+03
98.95617 4.85551e+03
98.96058 7.69326e+03
98.96499 1.41623e+04
98.96940 2.60785e+04
98.97381 4.25800e+04
98.97822 5.81804e+04
98.98262 6.38116e+04
98.98703 5.53044e+04
98.99144 3.87524e+04
98.99585 2.38898e+04
99.00026 1.61376e+04
99.00467 1.60918e+04
99.00908 2.24854e+04
99.01349 2.98780e+04
99.01790 3.36834e+04
99.02231 2.96967e+04
99.02672 1.99315e+04
99.03113 1.05743e+04
99.03554 5.52866e+03
99.03995 3.53574e+03
99.04436 2.70193e+03
99.04877 2.39180e+03
99.05318 2.44039e+03
99.05759 2.61101e+03
99.06199 3.44408e+03
99.06641 5.82029e+03
99.07081 1.03115e+04
99.07522 1.51777e+04
99.07963 1.72640e+04
99.08404 1.40204e+04
99.08845 8.61403e+03
99.09286 5.06367e+03
99.09727 3.44248e+03
99.10168 2.87738e+03
99.10609 2.73177e+03
99.11050 3.27622e+03
99.11491 4.39752e+03
99.11932 5.90355e+03
99.12373 7.46112e+03
99.12814 8.58293e+03
99.13255 1.04166e+04
99.13696 1.52342e+04
99.14137 2.56945e+04
99.14578 4.49834e+04
99.15019 7.38946e+04
99.15460 1.05583e+05
99.15901 1.20211e+05
99.16342 1.04796e+05
99.16783 7.37213e+04
99.17224 4.41467e+04
99.17665 2.47702e+04
99.18106 1.42991e+04
99.18547 8.86692e+03
99.18988 5.95561e+03
99.19429 4.22139e+03
99.19870 3.24618e+03
99.20311 2.75041e+03
99.20752 2.73294e+03
99.21193 2.83534e+03
99.21634 3.20711e+03
99.22075 4.37760e+03
99.22516 6.65714e+03
99.22957 9.51586e+03
99.23398 1.18151e+04
99.23839 1.20086e+04
99.24280 1.00344e+04
99.24721 7.50934e+03
99.25162 5.69614e+03
99.25603 5.43410e+03
99.26044 6.70852e+03
99.26485 8.62006e+03
99.26926 9.05855e+03
99.27367 7.77027e+03
99.27808 5.46675e+03
99.28249 3.89274e+03
99.28690 3.17575e+03
99.29131 2.79210e+03
99.29572 2.74792e+03
99.30013 3.10156e+03
99.30454 3.63338e+03
99.30895 3.93714e+03
99.31337 3.76503e+03
99.31777 3.13777e+03
99.32219 2.74215e+03
99.32660 2.41299e+03
99.33101 2.24883e+03
99.33542 2.26653e+03
99.33983 2.47012e+03
99.34424 2.68351e+03
99.34865 3.04363e+03
99.35306 3.36736e+03
99.35747 3.32476e+03
99.36188 3.24226e+03
99.36629 3.17461e+03
99.37070 3.19597e+03
99.37511 3.11016e+03
99.37952 3.08972e+03
99.38393 3.21201e+03
99.38834 3.27637e+03
99.39275 3.40693e+03
99.39717 3.74629e+03
99.40157 4.27989e+03
99.40599 5.09245e+03
99.41040 5.93000e+03
99.41481 6.33376e+03
99.41922 6.28968e+03
99.42363 5.79082e+03
99.42804 5.04070e+03
99.43245 4.19268e+03
99.43686 3.33031e+03
99.44127 2.75441e+03
99.44568 2.41126e+03
99.45009 2.26769e+03
99.45450 2.31946e+03
99.45892 2.52775e+03
99.46333 2.89870e+03
99.46774 3.54877e+03
99.47215 4.39648e+03
99.47656 5.13930e+03
99.48097 5.18829e+03
99.48538 4.65604e+03
99.48979 3.89440e+03
99.49420 3.16868e+03
99.49861 2.62784e+03
99.50302 2.56197e+03
99.50744 2.74037e+03
99.51185 3.04734e+03
99.51626 3.32369e+03
99.52067 3.15095e+03
99.52508 2.71243e+03
99.52949 2.32034e+03
99.53390 2.05602e+03
99.53831 1.93539e+03
99.54272 1.80582e+03
99.54713 1.81574e+03
99.55155 1.86248e+03
99.55596 1.89846e+03
99.56037 1.87157e+03
99.56478 1.81542e+03
99.56919 1.88436e+03
99.57360 1.83906e+03
99.57801 1.87418e+03
99.58242 2.08912e+03
99.58683 2.43386e+03
99.59125 3.06381e+03
99.59566 4.19784e+03
99.60007 5.18190e+03
99.60448 5.06254e+03
99.60889 3.94625e+03
99.61330 2.93861e+03
99.61771 2.33474e+03
99.62213 2.06723e+03
99.62654 1.96608e+03
99.63095 1.94073e+03
99.63536 1.92655e+03
99.63977 1.86499e+03
99.64505 2.17837e+03
99.64946 2.17872e+03
99.65386 2.24962e+03
99.65826 2.13980e+03
99.66267 2.18734e+03
99.66707 2.22255e+03
99.67147 2.24100e+03
99.67588 2.22173e+03
99.68028 2.21501e+03
99.68468 2.35784e+03
99.68909 2.36447e+03
99.69349 2.54536e+03
99.69789 2.88734e+03
99.70230 3.58661e+03
99.70370 4.45637e+03
99.70811 5.03464e+03
99.71251 4.76880e+03
99.71691 4.12010e+03
99.72132 3.74229e+03
99.72572 3.75031e+03
99.73012 4.53968e+03
99.73453 5.57144e+03
99.73893 6.27699e+03
99.74333 6.20081e+03
99.74774 5.29629e+03
99.75214 4.35041e+03
99.75654 3.83554e+03
99.76095 3.49219e+03
99.76535 3.11153e+03
99.76976 2.74742e+03
99.77416 2.47174e+03
99.77856 2.38183e+03
99.78297 2.36545e+03
99.78737 2.32215e+03
99.79177 2.37179e+03
99.79618 2.35885e+03
99.80058 2.36773e+03
99.80499 2.32556e+03
99.80939 2.18003e+03
99.81379 2.17123e+03
99.81820 2.17774e+03
99.82260 2.07420e+03
99.82700 2.08726e+03
99.83141 2.11784e+03
99.83581 2.21463e+03
99.84022 2.24970e+03
99.84462 2.11187e+03
99.84902 2.01551e+03
99.85343 1.99618e+03
99.85783 1.96365e+03
99.86223 1.98856e+03
99.86664 1.93718e+03
99.87104 2.00124e+03
99.87545 2.11077e+03
99.87985 2.11460e+03
99.88425 2.22484e+03
99.88866 2.20452e+03
99.89306 2.21599e+03
99.89747 2.27041e+03
99.90187 2.39885e+03
99.90627 2.60497e+03
99.91068 3.03315e+03
99.91508 3.82497e+03
99.91949 5.05517e+03
99.92389 6.54389e+03
99.92830 7.68278e+03
99.93270 8.44063e+03
99.93710 9.90426e+03
99.94151 1.41871e+04
99.94591 2.11416e+04
99.95032 2.44475e+04
99.95472 1.99168e+04
99.95913 1.14214e+04
99.96353 5.89169e+03
99.96793 3.81324e+03
99.97234 2.95198e+03
99.97674 2.58685e+03
99.98115 2.35879e+03
99.98555 2.42718e+03
99.98996 2.33842e+03
99.99436 2.36148e+03
99.99877 2.44966e+03
100.00317 2.76092e+03
100.00757 3.62247e+03
100.01198 4.87204e+03
100.01638 5.95850e+03
100.02079 5.84772e+03
100.02519 5.02130e+03
100.02960 4.20161e+03
100.03400 3.39857e+03
100.03840 3.31001e+03
100.04281 3.66748e+03
100.04721 4.30805e+03
100.05162 4.50691e+03
100.05602 3.86638e+03
100.06043 3.14734e+03
100.06483 2.71350e+03
100.06924 2.45333e+03
100.07364 2.43060e+03
100.07805 2.50740e+03
100.08245 2.51865e+03
100.08686 2.60371e+03
100.09126 2.56771e+03
100.09566 2.53762e+03
100.10007 2.48475e+03
100.10447 2.38224e+03
100.10888 2.47698e+03
100.11328 2.42565e+03
100.11769 2.34338e+03
100.12209 2.31972e+03
100.12650 2.34712e+03
100.13090 2.37169e+03
100.13531 2.26382e+03
100.13971 2.23847e+03
100.14412 2.27119e+03
100.14852 2.27502e+03
100.15293 2.21020e+03
100.15733 2.15479e+03
100.16174 2.16873e+03
100.16614 2.21428e+03
100.17055 2.16774e+03
100.17495 2.08745e+03
100.17936 2.11884e+03
100.18376 2.13940e+03
100.18817 2.13262e+03
100.19257 2.11704e+03
100.19698 2.16652e+03
100.20138 2.22092e+03
100.20579 2.23335e+03
100.21019 2.18366e+03
100.21460 2.08956e+03
100.21900 2.10411e+03
100.22341 2.22778e+03
100.22781 2.29418e+03
100.23222 2.21859e+03
100.23662 2.13729e+03
100.24103 2.18141e+03
100.24543 2.16826e+03
100.24984 2.15557e+03
100.25424 2.19804e+03
100.25865 2.24443e+03
100.26305 2.24788e+03
100.26746 2.25779e+03
100.27186 2.27239e+03
100.27627 2.30205e+03
100.28068 2.26194e+03
100.28508 2.25391e+03
100.28949 2.18941e+03
100.29389 2.22349e+03
100.29830 2.13508e+03
100.30270 2.13124e+03
100.30711 2.19901e+03
100.31151 2.27605e+03
100.31592 2.22355e+03
100.32032 2.24823e+03
100.32473 2.27651e+03
100.32913 2.16366e+03
100.33354 2.19353e+03
100.33795 2.22349e+03
100.34235 2.24983e+03
100.34676 2.33973e+03
100.35116 2.35035e+03
100.35557 2.45027e+03
100.35997 2.44845e+03
100.36438 2.42715e+03
100.36878 2.33039e+03
100.37319 2.12189e+03
100.37760 2.13649e+03
100.38200 2.17164e+03
100.38641 2.13605e+03
100.39081 2.22509e+03
100.39522 2.20571e+03
100.39962 2.21587e+03
100.40403 2.14806e+03
100.40843 2.18782e+03
100.41284 2.21718e+03
100.41725 2.26861e+03
100.42165 2.35549e+03
100.42606 2.41751e+03
100.43046 2.44308e+03
100.43487 2.42709e+03
100.43928 2.32672e+03
100.44368 2.33245e+03
100.44809 2.25671e+03
100.45249 2.26473e+03
100.45690 2.31149e+03
100.46130 2.27383e+03
100.46571 2.25676e+03
100.47012 2.23793e+03
100.47452 2.24486e+03
100.47893 2.24173e+03
100.48333 2.36104e+03
100.48774 2.34193e+03
100.49215 2.27381e+03
100.49655 2.33591e+03
100.50096 2.31484e+03
100.50536 2.59868e+03
100.50977 2.85896e+03
100.51418 3.01902e+03
100.51858 2.86765e+03
100.52299 2.76751e+03
100.52739 2.65376e+03
100.53180 2.49270e+03
100.53621 2.49675e+03
100.54061 2.46994e+03
100.54502 2.51522e+03
100.54942 2.51079e+03
100.55383 2.46394e+03
100.55824 2.54241e+03
100.56264 2.79106e+03
100.56705 3.20942e+03
100.57146 4.03835e+03
100.57586 4.74405e+03
100.58027 5.17394e+03
100.58467 4.98928e+03
100.58908 4.21880e+03
100.59349 3.65281e+03
100.59789 3.59651e+03
100.60230 4.07698e+03
100.60671 4.99921e+03
100.61111 5.43600e+03
100.61552 5.09676e+03
100.61993 4.47192e+03
100.62433 4.13603e+03
100.62874 3.93183e+03
100.63314 3.59732e+03
100.63755 3.15223e+03
100.64196 2.82931e+03
100.64636 2.67558e+03
100.65077 2.58466e+03
100.65518 2.52584e+03
100.65958 2.47311e+03
100.66399 2.40144e+03
100.66840 2.47348e+03
100.67280 2.55488e+03
100.67721 2.48991e+03
100.68162 2.71488e+03
100.68602 2.83564e+03
100.69043 3.03858e+03
100.69484 3.11436e+03
100.69924 2.90830e+03
100.70365 2.89944e+03
100.70806 3.02181e+03
100.71246 3.00460e+03
100.71687 2.88763e+03
100.72128 2.63605e+03
100.72568 2.54138e+03
100.73009 2.49381e+03
100.73450 2.41823e+03
100.73890 2.37151e+03
100.74331 2.30917e+03
100.74772 2.37963e+03
100.75212 2.38553e+03
100.75653 2.49009e+03
100.76094 2.48911e+03
100.76534 2.59773e+03
100.76975 2.59834e+03
100.77416 2.56658e+03
100.77856 2.53497e+03
100.78297 2.56068e+03
100.78738 2.60835e+03
100.79179 2.59769e+03
100.79619 2.66818e+03
100.80060 2.70824e+03
100.80501 2.80558e+03
100.80941 2.81697e+03
100.81382 2.80248e+03
100.81823 2.95203e+03
100.82263 2.93564e+03
100.82704 2.99158e+03
100.83145 3.01177e+03
100.83586 3.04104e+03
100.84026 3.16405e+03
100.84467 3.29679e+03
100.84908 3.53351e+03
100.85348 3.66157e+03
100.85789 4.00370e+03
100.86230 4.10963e+03
100.86671 4.50618e+03
100.87111 4.87218e+03
100.87552 5.33673e+03
100.87993 6.12861e+03
100.88433 6.87100e+03
100.88874 7.44658e+03
100.89315 7.87769e+03
100.89756 7.79996e+03
100.90196 7.40394e+03
100.90637 6.52499e+03
100.91078 5.74704e+03
100.91518 5.16023e+03
100.91959 4.58367e+03
100.92400 4.04413e+03
100.92841 3.70905e+03
100.93281 3.39900e+03
100.93722 3.21290e+03
100.94163 2.92972e+03
100.94604 2.81697e+03
100.94785 2.87179e+03
100.95226 3.00835e+03
100.95667 3.18301e+03
100.96107 3.31250e+03
100.96548 3.59748e+03
100.96989 4.58719e+03
100.97430 6.06430e+03
100.97870 7.82667e+03
100.98311 8.57685e+03
100.98752 8.46320e+03
100.99193 8.62896e+03
100.99633 1.03686e+04
101.00074 1.23571e+04
101.00515 1.29528e+04
101.00956 1.09325e+04
101.01396 8.91234e+03
101.01837 8.61490e+03
101.02278 1.08409e+04
101.02719 1.44691e+04
101.03160 1.69337e+04
101.03600 1.58513e+04
101.04041 1.20738e+04
101.04482 7.92796e+03
101.04923 5.30325e+03
101.05363 3.91017e+03
101.05804 3.25242e+03
101.06245 2.76506e+03
101.06686 2.65336e+03
101.07127 2.61685e+03
101.07567 2.55270e+03
101.08008 2.67456e+03
101.08449 2.55579e+03
101.08890 2.49589e+03
101.09331 2.45439e+03
101.09771 2.41557e+03
101.10212 2.45965e+03
101.10653 2.41811e+03
101.11094 2.48175e+03
101.11534 2.40158e+03
101.11975 2.35441e+03
101.12416 2.37987e+03
101.12857 2.33878e+03
101.13298 2.44641e+03
101.13738 2.66201e+03
101.14179 2.64389e+03
101.14571 2.34660e+03
101.15011 2.44668e+03
101.15451 2.51216e+03
101.15891 2.55904e+03
101.16331 2.63177e+03
101.16771 2.62866e+03
101.17211 2.62996e+03
101.17651 2.58280e+03
101.18091 2.57724e+03
101.18531 2.63348e+03
101.18971 2.65338e+03
101.19411 2.66301e+03
101.19851 2.56407e+03
101.20291 2.53005e+03
101.20731 2.53546e+03
101.21171 2.53482e+03
101.21611 2.53228e+03
101.22051 2.68928e+03
101.22491 2.85443e+03
101.22931 3.14997e+03
101.23371 3.72975e+03
101.23811 4.45708e+03
101.24251 5.03528e+03
101.24691 5.01480e+03
101.25131 4.52487e+03
101.25571 3.95646e+03
101.26011 3.49689e+03
101.26451 3.22973e+03
101.26891 2.86209e+03
101.27331 2.72976e+03
101.27771 2.61500e+03
101.28211 2.60588e+03
101.28651 2.64385e+03
101.29091 2.57714e+03
101.29531 2.53562e+03
101.29971 2.42559e+03
101.30412 2.39030e+03
101.30852 2.48516e+03
101.31292 2.46580e+03
101.31732 2.49291e+03
101.32172 2.50505e+03
101.32612 2.38662e+03
101.33052 2.39315e+03
101.33492 2.42370e+03
101.33932 2.44265e+03
101.34372 2.53114e+03
101.34812 2.47774e+03
101.35252 2.50525e+03
101.35692 2.53175e+03
101.36132 2.48040e+03
101.36572 2.57775e+03
101.37012 2.57633e+03
101.37452 2.61498e+03
101.37892 2.64445e+03
101.38332 2.77310e+03
101.38772 2.77162e+03
101.39213 2.72621e+03
101.39653 2.78064e+03
101.40093 2.82412e+03
101.40533 2.86560e+03
101.40973 2.74924e+03
101.41413 2.64721e+03
101.41853 2.66958e+03
101.42293 2.87036e+03
101.42733 3.21567e+03
101.43173 3.79003e+03
101.43613 4.27721e+03
101.44053 4.43277e+03
101.44493 3.88624e+03
101.44933 3.30901e+03
101.45374 2.99504e+03
101.45814 2.74713e+03
101.46254 2.71769e+03
101.46694 2.73238e+03
101.47134 2.58212e+03
101.47574 2.61777e+03
101.48014 2.61249e+03
101.48454 2.63374e+03
101.48894 2.62918e+03
101.49334 2.64890e+03
101.49774 2.75206e+03
101.50215 2.89687e+03
101.50655 2.91598e+03
101.51095 2.83097e+03
101.51535 2.79352e+03
101.51975 2.79960e+03
101.52415 2.87952e+03
101.52855 3.17604e+03
101.53295 3.75331e+03
101.53735 4.55987e+03
101.54176 5.72771e+03
101.54616 6.62549e+03
101.55056 6.89907e+03
101.55496 6.34870e+03
101.55936 5.43317e+03
101.56376 5.09169e+03
101.56816 5.13358e+03
101.57256 5.28476e+03
101.57697 5.25939e+03
101.58137 4.66627e+03
101.58577 3.88328e+03
101.59017 3.42025e+03
101.59457 3.16508e+03
101.59897 2.94224e+03
101.60337 2.84171e+03
101.60777 2.85763e+03
101.61218 2.87869e+03
101.61658 2.87721e+03
101.62098 3.06031e+03
101.62538 3.17085e+03
101.62978 3.14637e+03
101.63418 3.25671e+03
101.63858 3.20075e+03
101.64299 3.00271e+03
101.64739 2.78479e+03
101.65179 2.70116e+03
101.65619 2.69950e+03
101.66059 2.78952e+03
101.66499 2.77086e+03
101.66939 2.81854e+03
101.67380 2.77640e+03
101.67820 2.76019e+03
101.68260 2.91985e+03
101.68700 2.99088e+03
101.69140 3.02932e+03
101.70180 3.17529e+03
101.70621 3.63651e+03
101.71061 4.30466e+03
101.71501 5.51358e+03
101.71941 6.94953e+03
101.72381 8.02120e+03
101.72821 7.81086e+03
101.73262 6.41949e+03
101.73702 4.97549e+03
101.74142 4.00011e+03
101.74582 3.51509e+03
101.75022 3.25802e+03
101.75462 3.30434e+03
101.75903 3.66642e+03
101.76343 4.15938e+03
101.76783 4.97364e+03
101.77223 5.89912e+03
101.77663 6.26600e+03
101.78104 5.51923e+03
101.78544 4.48116e+03
101.78984 3.83075e+03
101.79424 3.49126e+03
101.79864 3.37867e+03
101.80305 3.27654e+03
101.80745 3.25068e+03
101.81185 3.48542e+03
101.81625 3.86857e+03
101.82065 4.56943e+03
101.82506 5.46033e+03
101.82946 5.92132e+03
101.83386 5.46067e+03
101.83826 4.55639e+03
101.84266 3.67530e+03
101.84707 3.22866e+03
101.85147 3.05602e+03
101.85587 3.02551e+03
101.86027 3.02453e+03
101.86467 3.10581e+03
101.86908 3.10527e+03
101.87348 3.12157e+03
101.87788 3.06819e+03
101.88228 3.03641e+03
101.88668 3.08336e+03
101.89109 3.12260e+03
101.89549 3.15303e+03
101.90182 2.73204e+03
101.90622 2.74570e+03
101.91061 2.76418e+03
101.91500 2.67147e+03
101.91940 2.75827e+03
101.92379 2.74703e+03
101.92818 2.74946e+03
101.93258 2.76265e+03
101.93697 2.96805e+03
101.94137 3.35248e+03
101.94576 3.76946e+03
101.95015 3.78077e+03
101.95455 3.69992e+03
101.95894 3.48199e+03
101.96334 3.38694e+03
101.96773 3.57392e+03
101.97212 3.81668e+03
101.97652 3.90421e+03
101.98091 3.78328e+03
101.98531 3.50739e+03
101.98970 3.26078e+03
101.99410 3.17880e+03
101.99849 3.04691e+03
102.00288 2.90197e+03
102.00728 2.87406e+03
102.01167 2.91828e+03
102.01607 2.99062e+03
102.02046 2.97754e+03
102.02485 2.89234e+03
102.02925 2.92138e+03
102.03364 2.84841e+03
102.03804 2.85642e+03
102.04243 2.91904e+03
102.04683 2.96909e+03
102.05122 3.15566e+03
102.05561 3.40338e+03
102.06001 3.66643e+03
102.06440 3.80037e+03
102.06880 3.64160e+03
102.07319 3.36983e+03
102.07759 3.31354e+03
102.08198 3.48394e+03
102.08638 3.50528e+03
102.09077 3.75205e+03
102.09516 4.19997e+03
102.09956 4.77491e+03
102.10395 5.43483e+03
102.10835 6.16621e+03
102.11274 6.64942e+03
102.11714 7.41190e+03
102.12153 8.86358e+03
102.12593 1.04695e+04
102.13032 1.11129e+04
102.13472 1.00590e+04
102.13911 8.10941e+03
102.14350 6.13353e+03
102.14790 5.06471e+03
102.15229 4.58785e+03
102.15669 4.19208e+03
102.16108 3.92323e+03
102.16548 3.64070e+03
102.16987 3.56348e+03
102.17427 3.47005e+03
102.17866 3.32726e+03
102.18306 3.32928e+03
102.18745 3.32181e+03
102.19185 3.34150e+03
102.19624 3.30124e+03
102.20064 3.26597e+03
102.20503 3.27396e+03
102.20943 3.27032e+03
102.21382 3.31638e+03
102.21822 3.27369e+03
102.22261 3.31699e+03
102.22701 3.47889e+03
102.23140 3.51744e+03
102.23580 3.54844e+03
102.24019 3.61420e+03
102.24458 3.68801e+03
102.24898 3.85780e+03
102.25337 3.82661e+03
102.25777 3.88257e+03
102.26216 3.86466e+03
102.26656 3.87609e+03
102.27096 3.94413e+03
102.27535 3.98924e+03
102.27975 4.03466e+03
102.28414 3.99539e+03
102.28854 3.88231e+03
102.29293 3.77720e+03
102.29733 3.86974e+03
102.30172 3.89209e+03
102.30612 4.05425e+03
102.31051 4.26038e+03
102.31491 4.16205e+03
102.31930 4.16871e+03
102.32370 4.21441e+03
102.32809 4.27041e+03
102.33249 4.43305e+03
102.33688 4.53237e+03
102.34128 4.55676e+03
102.34567 4.75317e+03
102.35007 5.07654e+03
102.35446 5.14814e+03
102.35886 5.58745e+03
102.36325 5.88748e+03
102.36765 6.22170e+03
102.37205 6.24161e+03
102.37644 6.21544e+03
102.38084 6.19280e+03
102.38523 5.93699e+03
102.38963 6.06588e+03
102.39402 6.18228e+03
102.39842 6.38410e+03
102.40281 6.48053e+03
102.40721 6.98189e+03
102.41160 7.53399e+03
102.41600 7.54471e+03
102.42040 7.65823e+03
102.42479 7.62764e+03
102.42919 7.83793e+03
102.43358 7.98263e+03
102.43798 8.48817e+03
102.44237 8.85222e+03
102.44677 9.35542e+03
102.45116 1.02735e+04
102.45556 1.11762e+04
102.45996 1.21815e+04
102.46435 1.31490e+04
102.46875 1.41391e+04
102.47314 1.53935e+04
102.47754 1.65255e+04
102.48193 1.83847e+04
102.48633 2.04109e+04
102.49073 2.27726e+04
102.49512 2.51873e+04
102.49952 2.85704e+04
102.50391 3.34682e+04
102.50831 3.97322e+04
102.51271 4.85588e+04
102.51710 6.08655e+04
102.52150 7.67705e+04
102.52589 9.50721e+04
102.53029 1.17302e+05
102.53468 1.52490e+05
102.53908 2.10780e+05
102.54348 3.03601e+05
102.54787 4.35091e+05
102.55227 5.87447e+05
102.55666 7.30867e+05
102.56106 8.34117e+05
102.56546 8.70822e+05
102.56985 8.59171e+05
102.57425 8.54214e+05
102.57864 8.75472e+05
102.58304 9.13229e+05
102.58744 8.92996e+05
102.59183 7.42707e+05
102.59623 5.08686e+05
102.60062 3.14485e+05
102.60502 1.98967e+05
102.60942 1.33140e+05
102.61381 9.51226e+04
102.61821 7.20381e+04
102.62261 5.67710e+04
102.62700 4.57612e+04
102.63140 3.87776e+04
102.63579 3.37068e+04
102.64019 2.99564e+04
102.64459 2.66095e+04
102.64898 2.36398e+04
102.65338 2.12882e+04
102.65778 1.90238e+04
102.66217 1.76807e+04
102.66657 1.65781e+04
102.67097 1.57492e+04
102.67536 1.50597e+04
102.67976 1.45449e+04
102.68415 1.38783e+04
102.68855 1.30716e+04
102.69295 1.18760e+04
102.69734 1.12705e+04
102.70174 1.06402e+04
102.70614 1.02496e+04
102.71053 9.82990e+03
102.71493 9.62191e+03
102.71933 1.05556e+04
102.72372 1.32745e+04
102.72812 2.10673e+04
102.73252 3.82641e+04
102.73691 6.85673e+04
102.74131 9.79780e+04
102.74571 9.69990e+04
102.75010 6.48884e+04
102.75450 3.29832e+04
102.75890 1.79746e+04
102.76329 1.22016e+04
102.76769 9.47568e+03
102.77209 8.12750e+03
102.77648 7.38141e+03
102.78088 7.35682e+03
102.78528 7.49545e+03
102.78967 7.76300e+03
102.79407 8.79365e+03
102.79847 1.16402e+04
102.80286 1.76123e+04
102.80726 2.76421e+04
102.81166 3.89168e+04
102.81605 4.34244e+04
102.82045 3.62439e+04
102.82485 2.29706e+04
102.82924 1.33153e+04
102.83364 8.89481e+03
102.83804 6.71108e+03
102.84243 5.81538e+03
102.84683 5.43001e+03
102.85123 5.31566e+03
102.85563 5.33721e+03
102.86002 5.20719e+03
102.86442 4.98878e+03
102.86882 4.70498e+03
102.87321 4.45412e+03
102.87761 4.40998e+03
102.88201 4.43303e+03
102.88640 4.55519e+03
102.89080 4.88928e+03
102.89520 5.03828e+03
102.89960 5.03885e+03
102.90399 4.79383e+03
102.90839 4.53571e+03
102.91279 4.31293e+03
102.91718 4.13680e+03
102.92158 4.14983e+03
102.92598 4.21542e+03
102.93038 4.14713e+03
102.93477 4.12928e+03
102.93917 4.15246e+03
102.94357 4.16122e+03
102.94797 4.26286e+03
102.95236 4.20630e+03
102.95676 4.21869e+03
102.96116 4.26915e+03
102.96555 4.21853e+03
102.96995 4.06048e+03
102.97435 4.02407e+03
102.97875 4.02114e+03
102.98314 4.18833e+03
102.98754 4.44780e+03
102.99194 4.71985e+03
102.99634 4.97886e+03
103.00073 5.12245e+03
103.00513 5.05572e+03
103.00953 5.01736e+03
103.01393 4.62148e+03
103.01832 4.22234e+03
103.02272 3.94822e+03
103.02712 3.99412e+03
103.03152 3.95632e+03
103.03591 4.17362e+03
103.04031 4.24755e+03
103.04471 4.38312e+03
103.04911 4.54524e+03
103.05350 4.56005e+03
103.05790 4.56647e+03
103.06230 4.66598e+03
103.06670 4.53801e+03
103.07109 4.33347e+03
103.07549 4.33288e+03
103.07989 4.52026e+03
103.08429 4.99025e+03
103.08869 5.34356e+03
103.09308 5.62833e+03
103.09748 5.38589e+03
103.10188 5.08369e+03
103.10628 4.73840e+03
103.11067 4.51130e+03
103.11507 4.63134e+03
103.11947 4.83230e+03
103.12387 5.34220e+03
103.12827 6.05312e+03
103.13266 6.91445e+03
103.13706 7.34647e+03
103.14146 7.37798e+03
103.14586 7.61610e+03
103.15026 8.66017e+03
103.15465 1.15512e+04
103.15905 1.70334e+04
103.16345 2.78399e+04
103.16785 4.83983e+04
103.17225 8.70420e+04
103.17664 1.59485e+05
103.18104 2.86796e+05
103.18544 4.88037e+05
103.18984 7.37552e+05
103.19424 8.96763e+05
103.19863 8.37226e+05
103.20303 6.23771e+05
103.20743 3.98131e+05
103.21183 2.29969e+05
103.21623 1.26145e+05
103.22062 6.65407e+04
103.22502 3.56536e+04
103.22942 1.98414e+04
103.23382 1.17675e+04
103.23822 8.10250e+03
103.24262 6.43542e+03
103.24701 5.63356e+03
103.25141 5.17696e+03
103.25581 4.84222e+03
103.26021 4.70884e+03
103.26461 4.54661e+03
103.26901 4.33516e+03
103.27340 4.28351e+03
103.27780 4.17509e+03
103.28220 4.19814e+03
103.28660 4.14499e+03
103.29100 4.17392e+03
103.29540 4.09596e+03
103.29979 3.94546e+03
103.30419 3.96543e+03
103.30859 4.03847e+03
103.31299 4.06274e+03
103.31739 4.17907e+03
103.32179 4.42536e+03
103.32619 4.69675e+03
103.33058 5.04969e+03
103.33498 5.19140e+03
103.33938 5.38847e+03
103.34378 5.45270e+03
103.34818 5.27538e+03
103.35258 4.76456e+03
103.35698 4.37192e+03
103.36137 4.33249e+03
103.36577 4.58741e+03
103.37017 4.67180e+03
103.37457 4.53551e+03
103.37897 4.61270e+03
103.38337 4.55417e+03
103.38777 4.84847e+03
103.39216 4.82237e+03
103.39656 4.89308e+03
103.40196 4.75940e+03
103.40636 4.71298e+03
103.41076 4.78033e+03
103.41516 4.69671e+03
103.41956 4.52818e+03
103.42396 4.51740e+03
103.42836 4.48727e+03
103.43275 4.62740e+03
103.43715 4.58017e+03
103.44155 4.33028e+03
103.44595 4.11236e+03
103.45035 3.97199e+03
103.45475 3.93708e+03
103.45915 4.08731e+03
103.46355 4.31725e+03
103.46795 4.26985e+03
103.47234 4.21997e+03
103.47674 4.18220e+03
103.48114 4.13434e+03
103.48554 3.97227e+03
103.48994 3.85693e+03
103.49434 3.85301e+03
103.49874 3.78415e+03
103.50248 3.87585e+03
103.50687 3.92663e+03
103.51126 4.02155e+03
103.51566 3.99522e+03
103.52005 4.18267e+03
103.52444 4.17731e+03
103.52883 4.14978e+03
103.53322 4.13936e+03
103.53761 4.17840e+03
103.54200 4.19911e+03
103.54639 4.22626e+03
103.55078 4.23647e+03
103.55517 4.51209e+03
103.55956 4.68386e+03
103.56395 5.28532e+03
103.56834 6.08892e+03
103.57274 6.89179e+03
103.57713 7.18217e+03
103.58152 6.55321e+03
103.58591 5.81131e+03
103.59030 5.36473e+03
103.59469 5.53702e+03
103.59908 6.13200e+03
103.60347 7.14356e+03
103.60786 9.09967e+03
103.61225 1.47007e+04
103.61664 2.81253e+04
103.62104 5.48842e+04
103.62543 9.77885e+04
103.62982 1.43568e+05
103.63421 1.62677e+05
103.63860 1.36581e+05
103.64299 8.79254e+04
103.64738 4.78565e+04
103.65177 2.56715e+04
103.65616 1.52057e+04
103.66056 1.01667e+04
103.66495 8.21241e+03
103.66934 7.84477e+03
103.67373 9.16700e+03
103.67812 1.35664e+04
103.68251 2.42849e+04
103.68690 4.65939e+04
103.69129 8.62804e+04
103.69569 1.39492e+05
103.70008 1.85271e+05
103.70447 1.87920e+05
103.70886 1.41195e+05
103.71325 8.19127e+04
103.71764 4.30196e+04
103.72203 2.50740e+04
103.72643 1.80147e+04
103.73082 1.68302e+04
103.73521 2.08943e+04
103.73960 3.22219e+04
103.74399 5.63271e+04
103.74838 1.00934e+05
103.75277 1.74335e+05
103.75717 2.77515e+05
103.76156 3.79851e+05
103.76595 4.28954e+05
103.77034 3.94361e+05
103.77473 2.93301e+05
103.77912 1.75799e+05
103.78351 9.01425e+04
103.78791 4.47536e+04
103.79230 2.31786e+04
103.79669 1.31248e+04
103.80108 8.56626e+03
103.80547 6.44327e+03
103.80986 5.54447e+03
103.81426 5.27182e+03
103.81865 5.40619e+03
103.82304 5.69608e+03
103.82743 6.19191e+03
103.83182 6.84997e+03
103.83621 7.40561e+03
103.84061 7.35284e+03
103.84500 6.80652e+03
103.84939 6.10736e+03
103.85378 5.52223e+03
103.85817 5.12180e+03
103.86257 4.74337e+03
103.86696 4.65801e+03
103.87135 4.45145e+03
103.87574 4.47622e+03
103.88013 4.71166e+03
103.88452 4.82808e+03
103.88892 4.75910e+03
103.89331 4.47870e+03
103.89770 4.45906e+03
103.90009 4.76456e+03
103.90448 5.64273e+03
103.90888 7.71174e+03
103.91327 1.21234e+04
103.91766 1.85239e+04
103.92205 2.34563e+04
103.92644 2.22002e+04
103.93084 1.53684e+04
103.93523 9.42418e+03
103.93962 6.85288e+03
103.94401 5.71355e+03
103.94841 5.01298e+03
103.95280 4.73596e+03
103.95719 4.61026e+03
103.96158 4.67155e+03
103.96597 4.97292e+03
103.97037 5.10522e+03
103.97476 5.38871e+03
103.97915 5.38413e+03
103.98354 5.32581e+03
103.98793 5.09890e+03
103.99233 4.85439e+03
103.99672 4.60714e+03
104.00111 4.33419e+03
104.00550 4.28508e+03
104.00990 4.39074e+03
104.01429 4.30353e+03
104.01868 4.22805e+03
104.02307 4.23431e+03
104.02747 4.51401e+03
104.03186 4.71507e+03
104.03625 4.69034e+03
104.04064 4.62918e+03
104.04504 4.64166e+03
104.04943 4.64747e+03
104.05382 4.42596e+03
104.05821 4.23407e+03
104.06261 4.17614e+03
104.06700 4.33543e+03
104.07139 4.67711e+03
104.07578 5.33254e+03
104.08018 7.63648e+03
104.08457 1.25986e+04
104.08896 1.96617e+04
104.09335 2.34416e+04
104.09775 1.99062e+04
104.10214 1.28697e+04
104.10653 7.79057e+03
104.11092 5.71726e+03
104.11532 4.97522e+03
104.11971 4.64266e+03
104.12410 4.38823e+03
104.12850 4.36717e+03
104.13289 4.47848e+03
104.13728 4.56340e+03
104.14167 4.52928e+03
104.14607 4.58789e+03
104.15046 5.19616e+03
104.15485 6.95227e+03
104.15924 1.09119e+04
104.16364 1.72684e+04
104.16803 2.14442e+04
104.17242 1.88692e+04
104.17682 1.21638e+04
104.18121 7.33942e+03
104.18560 5.55774e+03
104.18999 4.88772e+03
104.19439 4.48080e+03
104.19878 4.33992e+03
104.20317 4.18898e+03
104.20757 4.13300e+03
104.21196 4.22654e+03
104.21635 4.29592e+03
104.22075 4.18184e+03
104.22514 4.12618e+03
104.22953 4.05091e+03
104.23393 4.03207e+03
104.23832 4.03244e+03
104.24271 3.99755e+03
104.24710 3.96550e+03
104.25150 4.00952e+03
104.25589 4.06250e+03
104.26028 3.95527e+03
104.26468 3.89784e+03
104.26907 3.88825e+03
104.27346 3.89864e+03
104.27786 4.01463e+03
104.28225 4.25957e+03
104.28664 4.55168e+03
104.29104 4.83044e+03
104.29543 5.00120e+03
104.29982 5.27132e+03
104.30422 5.62071e+03
104.30861 5.59925e+03
104.31300 5.44799e+03
104.31740 5.13493e+03
104.32179 4.56932e+03
104.32618 4.21154e+03
104.33058 3.99053e+03
104.33497 3.96883e+03
104.33936 4.06398e+03
104.34376 4.11078e+03
104.34815 4.23472e+03
104.35254 4.37659e+03
104.35694 4.29335e+03
104.36133 4.33738e+03
104.36572 4.24028e+03
104.37012 4.38238e+03
104.37451 4.49174e+03
104.37891 4.65323e+03
104.38330 4.67005e+03
104.38769 4.57491e+03
104.39209 4.58542e+03
104.39648 4.70077e+03
104.40087 5.15867e+03
104.40527 5.46220e+03
104.40966 5.33551e+03
104.41405 4.92986e+03
104.41845 4.41350e+03
104.42284 4.30360e+03
104.42724 4.33640e+03
104.43163 4.45877e+03
104.43602 4.42964e+03
104.44042 4.50806e+03
104.44481 4.56406e+03
104.44920 4.61151e+03
104.45360 4.44398e+03
104.45799 4.62134e+03
104.46239 4.63826e+03
104.46678 4.44659e+03
104.47117 4.44612e+03
104.47557 4.32295e+03
104.47996 4.33362e+03
104.48436 4.23896e+03
104.48875 4.20008e+03
104.49314 4.18969e+03
104.49754 4.17290e+03
104.49898 4.60277e+03
104.50336 4.53321e+03
104.50775 4.45689e+03
104.51213 4.44633e+03
104.51652 4.42297e+03
104.52090 4.51359e+03
104.52529 4.73251e+03
104.52967 4.80109e+03
104.53406 4.87631e+03
104.53845 4.82591e+03
104.54283 4.77888e+03
104.54722 4.75978e+03
104.55160 4.76290e+03
104.55599 4.89727e+03
104.56037 5.24244e+03
104.56476 5.64848e+03
104.56914 6.18296e+03
104.57353 6.69078e+03
104.57792 6.74008e+03
104.58230 6.39664e+03
104.58669 5.71306e+03
104.59107 5.15745e+03
104.59546 4.98158e+03
104.59984 4.84678e+03
104.60423 4.59464e+03
104.60861 4.56139e+03
104.61300 4.54282e+03
104.61739 4.60641e+03
104.62177 4.71344e+03
104.62616 4.86285e+03
104.63054 4.90079e+03
104.63493 4.94921e+03
104.63931 4.98931e+03
104.64370 4.98412e+03
104.64809 4.81714e+03
104.65247 4.66060e+03
104.65686 4.62048e+03
104.66124 4.85329e+03
104.66563 4.87863e+03
104.67002 5.03741e+03
104.67440 4.80973e+03
104.67879 4.68249e+03
104.68317 4.51617e+03
104.68756 4.50541e+03
104.69194 4.58944e+03
104.69633 4.65872e+03
104.70072 4.73256e+03
104.70510 4.69456e+03
104.70949 4.78649e+03
104.71387 4.64428e+03
104.71826 4.74653e+03
104.72265 4.85293e+03
104.72703 4.95062e+03
104.73142 4.95741e+03
104.73580 4.94182e+03
104.74019 4.89600e+03
104.74458 4.90688e+03
104.74896 4.96513e+03
104.75335 5.07418e+03
104.75774 5.01796e+03
104.76212 4.91006e+03
104.76651 4.82210e+03
104.77089 4.83854e+03
104.77528 4.89434e+03
104.77967 4.84117e+03
104.78405 5.06927e+03
104.78844 5.08772e+03
104.79283 5.01873e+03
104.79721 5.02050e+03
104.80160 4.96097e+03
104.80598 4.96339e+03
104.81037 5.07847e+03
104.81476 5.69249e+03
104.81914 6.14761e+03
104.82353 6.34853e+03
104.82792 5.91921e+03
104.83230 5.46219e+03
104.83669 5.21138e+03
104.84108 5.17620e+03
104.84546 5.15214e+03
104.84985 5.17843e+03
104.85423 5.06461e+03
104.85862 5.09531e+03
104.86301 5.08503e+03
104.86739 4.99966e+03
104.87178 4.96459e+03
104.87617 4.80158e+03
104.88055 4.84476e+03
104.88494 4.83763e+03
104.88933 5.18955e+03
104.89371 5.26336e+03
104.89810 5.38039e+03
104.90249 5.49963e+03
104.90687 5.72893e+03
104.91126 5.76913e+03
104.91565 5.65985e+03
104.92003 5.68996e+03
104.92442 5.76729e+03
104.92881 6.10414e+03
104.93319 6.15014e+03
104.93758 6.01177e+03
104.94197 5.66596e+03
104.94635 5.66577e+03
104.95074 5.64492e+03
104.95513 5.59791e+03
104.95951 5.52204e+03
104.96390 5.32938e+03
104.96829 5.32375e+03
104.97268 5.55587e+03
104.97706 5.64161e+03
104.98145 5.56470e+03
104.98584 5.66069e+03
104.99022 5.62354e+03
104.99461 5.49091e+03
104.99900 5.40147e+03
105.00338 5.20260e+03
105.00777 5.15091e+03
105.01216 5.30093e+03
105.01654 5.66101e+03
105.02093 6.59499e+03
105.02532 7.99748e+03
105.02971 9.06160e+03
105.03409 8.50525e+03
105.03848 7.00596e+03
105.04287 6.42428e+03
105.04725 6.53593e+03
105.05164 6.60529e+03
105.05603 6.17952e+03
105.06042 5.60570e+03
105.06480 5.40753e+03
105.06919 5.53738e+03
105.07358 5.44723e+03
105.07797 5.27071e+03
105.08235 5.15373e+03
105.08674 5.10584e+03
105.09113 5.08332e+03
105.09551 5.01456e+03
105.09990 5.01516e+03
105.10429 5.05417e+03
105.10868 4.92292e+03
105.11306 5.00347e+03
105.11745 4.99396e+03
105.12184 4.90197e+03
105.12623 4.83990e+03
105.13061 4.94133e+03
105.13500 4.95974e+03
105.13939 5.18912e+03
105.14378 5.36088e+03
105.14816 5.32545e+03
105.15255 5.45340e+03
105.15694 5.50004e+03
105.16133 5.50753e+03
105.16571 5.75729e+03
105.17010 5.82278e+03
105.17449 5.55807e+03
105.17888 5.45910e+03
105.18326 5.54604e+03
105.18765 5.78394e+03
105.19204 5.89973e+03
105.19643 5.68950e+03
105.20081 5.70819e+03
105.20520 5.86406e+03
105.20959 6.23907e+03
105.21398 6.59746e+03
105.21836 6.76913e+03
105.22275 7.08520e+03
105.22714 6.92867e+03
105.23153 6.25330e+03
105.23592 5.60980e+03
105.24030 5.32260e+03
105.24469 5.30383e+03
105.24908 5.34970e+03
105.25347 5.33324e+03
105.25785 5.32304e+03
105.26224 5.36312e+03
105.26663 5.44250e+03
105.27102 5.45366e+03
105.27541 5.54784e+03
105.27979 5.85666e+03
105.28418 6.11020e+03
105.28857 6.13916e+03
105.29296 5.69533e+03
105.29735 5.60936e+03
105.30173 5.92870e+03
105.30612 6.34917e+03
105.31051 6.76680e+03
105.31490 7.19655e+03
105.31929 7.14428e+03
105.32367 6.75437e+03
105.32806 6.25249e+03
105.33245 5.77623e+03
105.33684 5.59320e+03
105.34123 5.56925e+03
105.34561 5.43096e+03
105.35000 5.34342e+03
105.35439 5.42179e+03
105.35878 5.46269e+03
105.36317 5.50141e+03
105.36756 5.44492e+03
105.37194 5.56241e+03
105.37633 5.72288e+03
105.38072 5.98949e+03
105.38511 5.85707e+03
105.38950 5.78455e+03
105.39389 5.70792e+03
105.39827 5.76824e+03
105.40266 5.82935e+03
105.40705 5.67147e+03
105.41144 5.56063e+03
105.41583 5.55635e+03
105.42022 5.78960e+03
105.42460 5.88283e+03
105.42899 5.90533e+03
105.43338 5.77413e+03
105.43777 5.65555e+03
105.44155 5.25271e+03
105.44593 5.11739e+03
105.45032 5.30918e+03
105.45471 5.73288e+03
105.45910 6.48749e+03
105.46349 7.25025e+03
105.46788 7.39851e+03
105.47227 6.61532e+03
105.47665 6.51038e+03
105.48104 6.94314e+03
105.48543 7.32329e+03
105.48982 7.50955e+03
105.49421 7.53477e+03
105.49860 7.11367e+03
105.50299 6.41265e+03
105.50738 6.03451e+03
105.51176 5.97856e+03
105.51615 5.94624e+03
105.52054 6.10720e+03
105.52493 6.03397e+03
105.52932 5.82677e+03
105.53371 5.67947e+03
105.53810 5.71103e+03
105.54249 5.74113e+03
105.54687 5.58808e+03
105.55126 5.48388e+03
105.55565 5.48412e+03
105.56004 5.54077e+03
105.56443 5.58360e+03
105.56882 5.80553e+03
105.57321 6.09085e+03
105.57760 6.26890e+03
105.58199 6.25821e+03
105.58637 6.15844e+03
105.59076 5.95467e+03
105.59515 5.75003e+03
105.59954 5.68259e+03
105.60393 5.71485e+03
105.60832 5.77948e+03
105.61271 5.87661e+03
105.61710 5.73142e+03
105.62149 5.73371e+03
105.62588 5.61815e+03
105.63027 5.77477e+03
105.63465 5.68010e+03
105.63904 5.59547e+03
105.64343 5.52676e+03
105.64782 5.57941e+03
105.65221 5.54565e+03
105.65660 5.66231e+03
105.66099 5.96451e+03
105.66538 6.28835e+03
105.66977 6.56308e+03
105.67416 7.02288e+03
105.67855 7.58689e+03
105.68294 7.81857e+03
105.68733 7.13912e+03
105.69171 6.56324e+03
105.69610 6.38978e+03
105.70049 6.41473e+03
105.70488 6.06899e+03
105.70927 6.04815e+03
105.71366 5.83871e+03
105.71805 5.83841e+03
105.72244 5.86063e+03
105.72683 5.90573e+03
105.73122 6.02713e+03
105.73561 6.01130e+03
105.74000 5.99431e+03
105.74439 5.90212e+03
105.74878 5.86139e+03
105.75317 5.70372e+03
105.75756 5.71169e+03
105.76195 5.77786e+03
105.76634 5.86729e+03
105.77073 5.87135e+03
105.77512 5.83444e+03
105.77950 5.96928e+03
105.79913 6.36083e+03
105.80351 6.07162e+03
105.80789 5.95810e+03
105.81227 5.97442e+03
105.81666 6.12880e+03
105.82104 6.21659e+03
105.82542 6.15596e+03
105.82980 6.35128e+03
105.83418 6.37709e+03
105.83856 6.29343e+03
105.84294 6.20948e+03
105.84732 6.26143e+03
105.85170 6.34617e+03
105.85608 6.48175e+03
105.86047 6.51881e+03
105.86485 6.42784e+03
105.86923 6.27394e+03
105.87361 6.36247e+03
105.87799 6.30980e+03
105.88237 6.39815e+03
105.88675 6.54333e+03
105.89113 6.80993e+03
105.89551 7.23616e+03
105.89990 7.62584e+03
105.90428 7.78161e+03
105.90866 7.25196e+03
105.91304 6.75112e+03
105.91742 6.57706e+03
105.92180 6.61149e+03
105.92618 6.86906e+03
105.93057 7.51762e+03
105.93495 8.88821e+03
105.93933 1.05575e+04
105.94371 1.10218e+04
105.94809 9.61529e+03
105.95247 8.08898e+03
105.95685 7.46966e+03
105.96123 7.28829e+03
105.96562 7.27429e+03
105.97000 6.92733e+03
105.97438 6.54250e+03
105.97876 6.28313e+03
105.98314 6.21946e+03
105.98752 6.37116e+03
105.99191 6.47313e+03
105.99629 6.59856e+03
106.00067 6.46162e+03
106.00505 6.45779e+03
106.00943 6.66167e+03
106.01381 6.74569e+03
106.01819 6.90309e+03
106.02258 6.89609e+03
106.02696 7.08678e+03
106.03134 6.96376e+03
106.03572 6.78450e+03
106.04010 6.75490e+03
106.04448 6.87790e+03
106.04887 6.60660e+03
106.05325 6.56639e+03
106.05763 6.57381e+03
106.06201 6.73933e+03
106.06639 6.89363e+03
106.07078 7.14044e+03
106.07516 7.16262e+03
106.07954 7.09319e+03
106.08392 6.80355e+03
106.08830 6.58096e+03
106.09268 6.60980e+03
106.09707 6.76223e+03
106.10145 6.91875e+03
106.10583 7.12952e+03
106.11021 7.21829e+03
106.11459 7.39444e+03
106.11898 7.55349e+03
106.12336 7.64507e+03
106.12774 7.46447e+03
106.13212 7.34839e+03
106.13650 7.29769e+03
106.14089 7.10133e+03
106.14527 7.23685e+03
106.14965 7.30596e+03
106.15403 7.36974e+03
106.15841 7.64160e+03
106.16280 7.79670e+03
106.16718 7.95657e+03
106.17156 7.77594e+03
106.17594 7.53310e+03
106.18033 7.47254e+03
106.18471 7.48496e+03
106.18909 7.53276e+03
106.19347 7.30021e+03
106.19785 6.96330e+03
106.20224 6.93168e+03
106.20662 6.78389e+03
106.21100 6.56160e+03
106.21538 6.64747e+03
106.21977 6.98740e+03
106.22415 7.33415e+03
106.22853 7.62200e+03
106.23291 7.90896e+03
106.23730 8.19240e+03
106.24168 8.86318e+03
106.24606 1.00698e+04
106.25044 1.18238e+04
106.25483 1.51668e+04
106.25921 1.95542e+04
106.26359 2.40640e+04
106.26797 2.59700e+04
106.27235 2.33153e+04
106.27674 1.77922e+04
106.28112 1.31323e+04
106.28550 1.06775e+04
106.28989 9.08762e+03
106.29427 8.05314e+03
106.29865 7.32321e+03
106.30303 6.99103e+03
106.30742 6.85127e+03
106.31180 6.86844e+03
106.31618 7.15465e+03
106.32056 7.78884e+03
106.32495 8.33005e+03
106.32933 8.21087e+03
106.33371 7.91555e+03
106.33809 7.71173e+03
106.34248 7.64913e+03
106.34686 7.80793e+03
106.35124 8.25785e+03
106.35563 8.13706e+03
106.36001 7.92268e+03
106.36439 7.62311e+03
106.36877 7.60669e+03
106.37316 7.73416e+03
106.37754 8.04456e+03
106.38192 8.57948e+03
106.38631 9.47488e+03
106.39069 1.00743e+04
106.39507 9.75909e+03
106.39945 8.70061e+03
106.40384 7.86520e+03
106.40822 7.48417e+03
106.41260 7.49929e+03
106.41699 7.41631e+03
106.42137 7.41813e+03
106.42575 7.26668e+03
106.43013 7.53071e+03
106.43452 7.75362e+03
106.43890 8.03544e+03
106.44328 8.05209e+03
106.44767 7.99161e+03
106.45205 8.15414e+03
106.45643 8.71185e+03
106.46082 9.46101e+03
106.46520 9.72655e+03
106.46958 9.18831e+03
106.47397 8.59903e+03
106.47835 8.24104e+03
106.48273 7.93197e+03
106.48712 7.60848e+03
106.49150 7.50371e+03
106.49588 7.46969e+03
106.50027 7.23309e+03
106.50465 7.19808e+03
106.50903 7.27530e+03
106.51342 7.41121e+03
106.51780 7.66379e+03
106.52218 7.49538e+03
106.52657 7.38936e+03
106.53095 7.54169e+03
106.53533 7.68837e+03
106.53972 7.70553e+03
106.54410 8.17626e+03
106.54848 8.58314e+03
106.55287 9.02870e+03
106.55725 9.29377e+03
106.56163 8.97687e+03
106.56602 8.87188e+03
106.57040 9.09602e+03
106.57478 9.17926e+03
106.57917 9.45215e+03
106.58355 9.77373e+03
106.58793 9.78628e+03
106.59232 9.68758e+03
106.59670 9.77319e+03
106.60109 9.64446e+03
106.60547 9.52725e+03
106.60985 1.05312e+04
106.61424 1.19260e+04
106.61862 1.22591e+04
106.62300 1.13676e+04
106.62739 9.93188e+03
106.63177 8.76585e+03
106.63616 8.24495e+03
106.64054 7.97458e+03
106.64492 7.87394e+03
106.64931 8.47827e+03
106.65369 1.03928e+04
106.65807 1.36158e+04
106.66246 1.70553e+04
106.66684 1.79602e+04
106.67123 1.54932e+04
106.67561 1.19454e+04
106.67999 9.41242e+03
106.68438 8.11234e+03
106.68876 7.58175e+03
106.69315 7.55022e+03
106.69753 7.77179e+03
106.70191 7.90380e+03
106.70630 7.84303e+03
106.71068 7.69628e+03
106.71507 7.68990e+03
106.71945 7.81536e+03
106.72383 8.25005e+03
106.72822 8.52236e+03
106.73260 8.89387e+03
106.73699 9.04688e+03
106.74137 8.38548e+03
106.74575 8.00444e+03
106.75014 8.02036e+03
106.75452 8.99122e+03
106.75891 1.00814e+04
106.76329 1.01202e+04
106.76767 9.29018e+03
106.77206 8.54927e+03
106.77644 8.23950e+03
106.78083 8.24856e+03
106.78521 8.16729e+03
106.78960 8.00981e+03
106.79398 8.06074e+03
106.79836 8.03721e+03
106.80275 8.21291e+03
106.80713 8.13742e+03
106.81152 8.45463e+03
106.81590 8.80979e+03
106.82029 8.88130e+03
106.82467 8.66974e+03
106.82905 8.70491e+03
106.83344 8.99859e+03
106.83782 9.42575e+03
106.84221 1.02677e+04
106.84659 1.07965e+04
106.85098 1.00434e+04
106.85536 9.44307e+03
106.85975 9.48494e+03
106.86413 9.61872e+03
106.86852 9.49764e+03
106.87290 9.02723e+03
106.87728 8.78006e+03
106.88167 8.57905e+03
106.88605 8.39136e+03
106.89044 8.23901e+03
106.89482 8.21563e+03
106.89921 8.17067e+03
106.90359 8.33051e+03
106.90798 8.79816e+03
106.91236 8.98159e+03
106.91675 8.79763e+03
106.92113 8.77108e+03
106.92552 8.35478e+03
106.92990 8.21412e+03
106.93429 8.13482e+03
106.93867 8.07964e+03
106.94305 7.98996e+03
106.94744 7.89545e+03
106.95182 7.83975e+03
106.95621 7.86061e+03
106.96059 8.09646e+03
106.96498 8.36994e+03
106.96936 8.38178e+03
106.97375 8.40783e+03
106.97813 8.46726e+03
106.98252 8.34496e+03
106.98690 8.20125e+03
106.99129 8.31125e+03
106.99567 8.79679e+03
107.00061 7.91255e+03
107.00499 7.82807e+03
107.00936 7.91728e+03
107.01374 8.14408e+03
107.01811 8.21846e+03
107.02249 8.18641e+03
107.02687 8.05645e+03
107.03124 7.89120e+03
107.03562 7.95276e+03
107.04000 8.29870e+03
107.04437 8.13400e+03
107.04875 8.06478e+03
107.05312 7.93211e+03
107.05750 7.96143e+03
107.06188 7.76635e+03
107.06625 7.59514e+03
107.07063 7.81360e+03
107.07501 7.93323e+03
107.07938 8.04860e+03
107.08376 7.97074e+03
107.08813 7.95072e+03
107.09251 8.27639e+03
107.09689 8.33552e+03
107.10126 8.08724e+03
107.10564 7.74474e+03
107.11002 7.71765e+03
107.11439 7.76605e+03
107.11877 7.83870e+03
107.12315 8.10804e+03
107.12752 8.48475e+03
107.13190 8.76215e+03
107.13628 8.95085e+03
107.14065 9.16068e+03
107.14503 9.49112e+03
107.14941 9.79485e+03
107.15378 1.00369e+04
107.15816 9.98959e+03
107.16254 9.79013e+03
107.16691 9.69290e+03
107.17129 9.80942e+03
107.17567 9.26522e+03
107.18004 8.95100e+03
107.18442 8.59057e+03
107.18880 8.46176e+03
107.19317 8.33961e+03
107.19755 8.14784e+03
107.20193 8.04359e+03
107.20630 7.94372e+03
107.21068 7.97004e+03
107.21506 8.24009e+03
107.21943 8.33452e+03
107.22381 8.41233e+03
107.22819 8.44268e+03
107.23256 8.45524e+03
107.23694 8.59065e+03
107.24132 8.39083e+03
107.24569 8.26272e+03
107.25007 8.40824e+03
107.25445 8.73564e+03
107.25883 9.26450e+03
107.26320 9.81525e+03
107.26758 1.04210e+04
107.27196 1.10951e+04
107.27633 1.28217e+04
107.28071 1.59438e+04
107.28509 2.17294e+04
107.28946 2.97339e+04
107.29384 3.59991e+04
107.29822 3.63574e+04
107.30260 3.04900e+04
107.30697 2.29821e+04
107.31135 1.70417e+04
107.31573 1.30696e+04
107.32010 1.09229e+04
107.32448 9.57982e+03
107.32886 8.88853e+03
107.33324 8.69842e+03
107.33761 9.09352e+03
107.34199 9.91348e+03
107.34637 1.05296e+04
107.35075 1.06883e+04
107.35512 1.01879e+04
107.35950 9.52522e+03
107.36388 9.12634e+03
107.36825 8.87076e+03
107.37263 8.60095e+03
107.37701 8.66387e+03
107.38139 8.48486e+03
107.38576 8.32120e+03
107.39014 8.82647e+03
107.39452 9.44445e+03
107.39890 9.97574e+03
107.40327 1.00734e+04
107.40765 9.79699e+03
107.41203 9.42051e+03
107.41641 9.12232e+03
107.42078 8.71501e+03
107.42516 8.41411e+03
107.42954 8.53396e+03
107.43392 8.42164e+03
107.43829 8.47026e+03
107.44267 8.44255e+03
107.44705 8.32154e+03
107.45143 8.39393e+03
107.45581 8.37189e+03
107.46018 8.09594e+03
107.46456 8.14491e+03
107.46894 7.90472e+03
107.47332 7.94368e+03
107.47769 8.08694e+03
107.48207 8.40820e+03
107.48645 8.84769e+03
107.49083 8.85682e+03
107.49520 9.33379e+03
107.49858 9.49459e+03
107.50296 9.38843e+03
107.50734 8.82965e+03
107.51172 8.47542e+03
107.51609 8.43850e+03
107.52047 8.34706e+03
107.52485 8.48834e+03
107.52923 8.50774e+03
107.53361 8.66500e+03
107.53798 8.86821e+03
107.54236 8.88289e+03
107.54674 8.96909e+03
107.55112 8.77382e+03
107.55550 8.39411e+03
107.55987 8.08749e+03
107.56425 8.32210e+03
107.56863 8.46057e+03
107.57301 8.48130e+03
107.57739 8.40746e+03
107.58176 8.58089e+03
107.58614 8.88116e+03
107.59052 8.94683e+03
107.59490 8.63254e+03
107.59928 8.41973e+03
107.60365 8.23801e+03
107.60803 8.19496e+03
107.61241 8.08650e+03
107.61679 8.07701e+03
107.62117 8.21103e+03
107.62555 8.45152e+03
107.62992 8.61404e+03
107.63430 8.73210e+03
107.63868 8.82617e+03
107.64306 8.82676e+03
107.64744 8.84210e+03
107.65182 9.03510e+03
107.65619 9.34004e+03
107.66057 9.38925e+03
107.66495 9.53350e+03
107.66933 9.15973e+03
107.67371 8.85361e+03
107.67809 8.73168e+03
107.68246 8.96801e+03
107.68684 9.12001e+03
107.69122 9.44333e+03
107.69560 1.02245e+04
107.69998 1.15230e+04
107.70436 1.41090e+04
107.70874 1.77068e+04
107.71311 2.06786e+04
107.71749 2.08005e+04
107.72187 1.77364e+04
107.72625 1.43976e+04
107.73063 1.21886e+04
107.73501 1.08321e+04
107.73939 9.82276e+03
107.74376 9.27432e+03
107.74814 9.00593e+03
107.75252 8.85466e+03
107.75690 8.93967e+03
107.76128 9.04762e+03
107.76566 8.89109e+03
107.77004 8.71847e+03
107.77442 8.62076e+03
107.77879 8.64463e+03
107.78317 8.73376e+03
107.78755 8.72736e+03
107.79193 8.53532e+03
107.79631 8.49462e+03
107.80069 8.25451e+03
107.80507 8.46017e+03
107.80945 8.83189e+03
107.81382 8.92818e+03
107.81820 8.76817e+03
107.82258 8.78575e+03
107.82696 8.69651e+03
107.83134 8.49018e+03
107.83572 8.71402e+03
107.84010 8.79132e+03
107.84448 8.63949e+03
107.84886 8.67871e+03
107.85324 8.77561e+03
107.85761 8.96814e+03
107.86199 9.08989e+03
107.86637 9.05790e+03
107.87075 9.15777e+03
107.87513 9.16246e+03
107.87951 9.03978e+03
107.88389 8.83977e+03
107.88827 8.66132e+03
107.89265 8.92056e+03
107.89703 9.05005e+03
107.90141 9.01850e+03
107.90579 9.06641e+03
107.91016 9.07743e+03
107.91454 9.11077e+03
107.91892 9.13039e+03
107.92330 8.90350e+03
107.92768 8.88698e+03
107.93206 9.05736e+03
107.93644 8.92607e+03
107.94082 8.92261e+03
107.94520 8.82361e+03
107.94958 8.86056e+03
107.95396 8.95790e+03
107.95834 8.73004e+03
107.96272 8.65477e+03
107.96710 8.91634e+03
107.97148 9.24395e+03
107.97586 9.22153e+03
107.98023 8.99561e+03
107.98461 8.60187e+03
107.98899 8.58841e+03
107.99337 8.73269e+03
107.99775 8.97625e+03
108.00213 8.94177e+03
108.00651 9.09957e+03
108.01089 9.20396e+03
108.01527 9.39636e+03
108.01965 9.76768e+03
108.02403 9.53806e+03
108.02841 9.25638e+03
108.03279 9.06785e+03
108.03717 8.71879e+03
108.04155 8.79160e+03
108.04593 8.91186e+03
108.05031 9.00906e+03
108.05469 9.29304e+03
108.05907 9.61142e+03
108.06345 9.57939e+03
108.06783 9.43723e+03
108.07221 9.25264e+03
108.07659 9.36802e+03
108.08097 9.24249e+03
108.08535 9.18920e+03
108.08973 9.40052e+03
108.09411 9.68726e+03
108.09849 9.76853e+03
108.10287 9.57899e+03
108.10725 9.57831e+03
108.11163 9.47799e+03
108.11601 9.30440e+03
108.12039 9.12288e+03
108.12477 9.16738e+03
108.12915 9.26805e+03
108.13353 9.26794e+03
108.13791 9.31490e+03
108.14229 9.14126e+03
108.14667 9.12837e+03
108.15105 9.18706e+03
108.15543 9.17962e+03
108.15981 9.33576e+03
108.16419 9.78482e+03
108.16857 1.01429e+04
108.17295 1.03420e+04
108.17733 1.04944e+04
108.18171 1.06217e+04
108.18609 1.02464e+04
108.19047 9.75024e+03
108.19485 9.30164e+03
108.20854 9.00342e+03
108.21291 9.15448e+03
108.21728 9.19208e+03
108.22165 9.03825e+03
108.22602 9.11321e+03
108.23039 9.17680e+03
108.23476 9.42096e+03
108.23913 9.41780e+03
108.24351 9.49053e+03
108.24788 9.56126e+03
108.25225 9.46689e+03
108.25662 9.43124e+03
108.26099 9.23096e+03
108.26536 9.17256e+03
108.26973 9.23033e+03
108.27411 9.31878e+03
108.27848 9.28027e+03
108.28285 9.30555e+03
108.28722 9.03001e+03
108.29159 9.10105e+03
108.29596 9.15500e+03
108.30034 9.18986e+03
108.30471 9.03914e+03
108.30908 8.86178e+03
108.31345 9.18423e+03
108.31782 9.53196e+03
108.32219 9.70208e+03
108.32657 9.73597e+03
108.33094 9.41834e+03
108.33531 9.38140e+03
108.33968 9.51864e+03
108.34405 9.38419e+03
108.34842 9.35927e+03
108.35280 9.36038e+03
108.35717 9.36417e+03
108.36154 9.58951e+03
108.36591 9.71350e+03
108.37028 1.03264e+04
108.37466 1.10238e+04
108.37903 1.23278e+04
108.38340 1.55980e+04
108.38777 2.21204e+04
108.39214 3.28783e+04
108.39652 4.43382e+04
108.40089 4.71565e+04
108.40526 3.75543e+04
108.40963 2.56926e+04
108.41400 1.81538e+04
108.41838 1.44097e+04
108.42275 1.25827e+04
108.42712 1.24233e+04
108.43149 1.33823e+04
108.43586 1.64087e+04
108.44024 2.31330e+04
108.44461 3.64307e+04
108.44898 5.78990e+04
108.45335 8.12473e+04
108.45772 9.18338e+04
108.46210 7.95518e+04
108.46647 5.46622e+04
108.47084 3.64168e+04
108.47521 2.86820e+04
108.47959 2.92134e+04
108.48396 3.60850e+04
108.48833 4.52297e+04
108.49270 5.10665e+04
108.49707 4.98716e+04
108.50145 4.19299e+04
108.50582 3.14343e+04
108.51019 2.32055e+04
108.51456 1.80680e+04
108.51894 1.46291e+04
108.52331 1.28801e+04
108.52768 1.21246e+04
108.53205 1.28878e+04
108.53643 1.54404e+04
108.54080 2.16679e+04
108.54517 3.38393e+04
108.54954 5.03860e+04
108.55392 6.54839e+04
108.55829 8.06259e+04
108.56266 1.08354e+05
108.56703 1.46742e+05
108.57141 1.66202e+05
108.57578 1.43144e+05
108.58015 9.16526e+04
108.58452 5.03365e+04
108.58890 2.94769e+04
108.59327 2.01797e+04
108.59764 1.56061e+04
108.60201 1.31224e+04
108.60639 1.18097e+04
108.61076 1.09775e+04
108.61513 1.05963e+04
108.61951 1.04643e+04
108.62388 1.04208e+04
108.62825 1.01709e+04
108.63262 1.00746e+04
108.63700 1.00637e+04
108.64137 1.00273e+04
108.64574 1.02365e+04
108.65011 1.03284e+04
108.65449 1.03041e+04
108.65886 1.01057e+04
108.66323 9.86181e+03
108.66761 9.72439e+03
108.67198 9.95438e+03
108.67635 9.91379e+03
108.68073 9.85056e+03
108.68510 1.01204e+04
108.68947 1.00013e+04
108.69384 1.00212e+04
108.69822 1.01176e+04
108.70259 1.00437e+04
108.70696 1.02141e+04
108.71134 1.04188e+04
108.71571 1.04673e+04
108.72008 1.06295e+04
108.72446 1.04723e+04
108.72883 1.03968e+04
108.73320 1.04173e+04
108.73758 1.05670e+04
108.74195 1.03439e+04
108.74632 9.98572e+03
108.75069 1.00236e+04
108.75507 9.91767e+03
108.75944 1.00756e+04
108.76381 1.04583e+04
108.76819 1.07725e+04
108.77256 1.08833e+04
108.77693 1.08449e+04
108.78131 1.09068e+04
108.78568 1.08435e+04
108.79005 1.08768e+04
108.79443 1.08292e+04
108.79880 1.07881e+04
108.80317 1.08903e+04
108.80755 1.08524e+04
108.81192 1.08288e+04
108.81629 1.07783e+04
108.82067 1.10293e+04
108.82504 1.09019e+04
108.82941 1.10331e+04
108.83379 1.11073e+04
108.83816 1.07219e+04
108.84254 1.05757e+04
108.84691 1.06298e+04
108.85128 1.04993e+04
108.85566 1.02525e+04
108.86003 1.02498e+04
108.86440 1.05252e+04
108.86878 1.07003e+04
108.87315 1.05837e+04
108.87752 1.03764e+04
108.88190 1.01587e+04
108.88627 9.87831e+03
108.89065 9.91117e+03
108.89502 9.87041e+03
108.89939 9.98084e+03
108.90377 1.01912e+04
108.90814 1.03938e+04
108.91251 1.06637e+04
108.91689 1.06469e+04
108.92126 1.08141e+04
108.92564 1.08486e+04
108.93001 1.08393e+04
108.93438 1.09446e+04
108.93876 1.10359e+04
108.94313 1.11854e+04
108.94750 1.11721e+04
108.95188 1.08837e+04
108.95625 1.09184e+04
108.96063 1.09554e+04
108.96500 1.08696e+04
108.96937 1.09929e+04
108.97375 1.10377e+04
108.97812 1.07459e+04
108.98250 1.03359e+04
108.98687 1.03118e+04
108.99124 1.04178e+04
108.99562 1.04875e+04
108.99999 1.04793e+04
109.00437 1.04472e+04
109.00874 1.04362e+04
109.01312 1.08045e+04
109.01749 1.10487e+04
109.02186 1.09500e+04
109.02624 1.09181e+04
109.03061 1.08182e+04
109.03499 1.05938e+04
109.03936 1.08147e+04
109.04373 1.10373e+04
109.04811 1.09495e+04
109.05248 1.08010e+04
109.05686 1.04862e+04
109.06123 1.05895e+04
109.06561 1.04679e+04
109.06998 1.03734e+04
109.07435 1.03773e+04
109.07873 1.02512e+04
109.08310 1.01928e+04
109.08748 1.03249e+04
109.09185 1.04957e+04
109.09623 1.07244e+04
109.10060 1.09264e+04
109.10498 1.06503e+04
109.10935 1.05739e+04
109.11372 1.06478e+04
109.11810 1.06810e+04
109.12247 1.07119e+04
109.12685 1.06544e+04
109.13122 1.07958e+04
109.13560 1.10208e+04
109.13997 1.12504e+04
109.14435 1.12613e+04
109.14872 1.14158e+04
109.15310 1.11865e+04
109.15747 1.11303e+04
109.16184 1.09236e+04
109.16622 1.10085e+04
109.17059 1.08638e+04
109.17497 1.10702e+04
109.17934 1.10593e+04
109.18372 1.09736e+04
109.18809 1.09859e+04
109.19247 1.12304e+04
109.19684 1.14479e+04
109.20122 1.14373e+04
109.20559 1.11688e+04
109.20997 1.11632e+04
109.21434 1.12802e+04
109.21872 1.12136e+04
109.22309 1.09760e+04
109.22747 1.08735e+04
109.23184 1.10703e+04
109.23622 1.11165e+04
109.24059 1.10428e+04
109.24497 1.10626e+04
109.24934 1.15116e+04
109.25372 1.20637e+04
109.25809 1.24065e+04
109.26247 1.32789e+04
109.26684 1.49338e+04
109.27122 1.64470e+04
109.27559 1.58892e+04
109.27997 1.39193e+04
109.28434 1.23445e+04
109.28872 1.19790e+04
109.29309 1.19048e+04
109.29747 1.25899e+04
109.30184 1.32638e+04
109.30622 1.44414e+04
109.31059 1.46525e+04
109.31497 1.39216e+04
109.31934 1.29717e+04
109.32372 1.24527e+04
109.32809 1.25270e+04
109.33247 1.28540e+04
109.33684 1.27216e+04
109.34122 1.25805e+04
109.34559 1.23836e+04
109.34997 1.23221e+04
109.35434 1.21636e+04
109.35872 1.20386e+04
109.36310 1.16236e+04
109.36747 1.17237e+04
109.37185 1.20332e+04
109.37622 1.22581e+04
109.38060 1.24319e+04
109.38497 1.23157e+04
109.38935 1.23321e+04
109.39372 1.24795e+04
109.39810 1.21768e+04
109.40247 1.20672e+04
109.40685 1.21170e+04
109.41123 1.24531e+04
109.41560 1.27861e+04
109.41998 1.29415e+04
109.42435 1.30382e+04
109.42873 1.29671e+04
109.43310 1.28629e+04
109.43748 1.30406e+04
109.44185 1.30115e+04
109.44623 1.33049e+04
109.45061 1.35179e+04
109.45498 1.36603e+04
109.45936 1.36135e+04
109.46373 1.32784e+04
109.46811 1.29314e+04
109.47248 1.26379e+04
109.47686 1.23741e+04
109.48124 1.22603e+04
109.48561 1.22059e+04
109.48999 1.20336e+04
109.49436 1.19168e+04
109.49874 1.14389e+04
109.50312 1.17874e+04
109.50900 1.24183e+04
109.51336 1.26373e+04
109.51773 1.28347e+04
109.52210 1.24676e+04
109.52646 1.23836e+04
109.53083 1.22292e+04
109.53520 1.23175e+04
109.53956 1.24663e+04
109.54393 1.26335e+04
109.54830 1.26887e+04
109.55267 1.29095e+04
109.55703 1.29167e+04
109.56140 1.28124e+04
109.56577 1.24891e+04
109.57013 1.24820e+04
109.57450 1.26377e+04
109.57887 1.30562e+04
109.58323 1.33832e+04
109.58760 1.38072e+04
109.59197 1.37694e+04
109.59633 1.32724e+04
109.60070 1.29115e+04
109.60507 1.26142e+04
109.60944 1.24429e+04
109.61380 1.23146e+04
109.61817 1.28435e+04
109.62254 1.35179e+04
109.62690 1.36271e+04
109.63127 1.34000e+04
109.63564 1.35736e+04
109.64001 1.36100e+04
109.64437 1.35738e+04
109.64874 1.36640e+04
109.65311 1.42442e+04
109.65747 1.47158e+04
109.66184 1.53797e+04
109.66621 1.57464e+04
109.67058 1.54972e+04
109.67494 1.47381e+04
109.67931 1.31175e+04
109.68368 1.20758e+04
109.68804 1.17966e+04
109.69241 1.25825e+04
109.69678 1.34525e+04
109.70115 1.41271e+04
109.70551 1.43716e+04
109.70988 1.51348e+04
109.71425 1.66783e+04
109.71862 1.79335e+04
109.72298 1.76859e+04
109.72735 1.64633e+04
109.73172 1.56599e+04
109.73609 1.58110e+04
109.74045 1.61307e+04
109.74482 1.49725e+04
109.74919 1.35844e+04
109.75356 1.31589e+04
109.75792 1.35326e+04
109.76229 1.37025e+04
109.76666 1.37476e+04
109.77103 1.39903e+04
109.77539 1.42493e+04
109.77976 1.41640e+04
109.78413 1.40542e+04
109.78850 1.40950e+04
109.79287 1.49879e+04
109.79723 1.72541e+04
109.80160 2.07026e+04
109.80597 2.34099e+04
109.81034 2.28171e+04
109.81470 2.09935e+04
109.81907 2.13606e+04
109.82344 2.14699e+04
109.82781 1.89311e+04
109.83218 1.60423e+04
109.83654 1.48673e+04
109.84091 1.43896e+04
109.84528 1.43644e+04
109.84965 1.39519e+04
109.85401 1.37513e+04
109.85838 1.37524e+04
109.86275 1.34730e+04
109.86712 1.33172e+04
109.87149 1.34903e+04
109.87585 1.38905e+04
109.88022 1.40712e+04
109.88459 1.42279e+04
109.88896 1.48659e+04
109.89333 1.53873e+04
109.89769 1.57479e+04
109.90206 1.58278e+04
109.90643 1.58088e+04
109.91080 1.53114e+04
109.91517 1.51887e+04
109.91954 1.51417e+04
109.92390 1.49920e+04
109.92827 1.46862e+04
109.93264 1.43974e+04
109.93701 1.43360e+04
109.94138 1.43942e+04
109.94574 1.48546e+04
109.95011 1.48530e+04
109.95448 1.49298e+04
109.95885 1.47730e+04
109.96322 1.43229e+04
109.96759 1.36105e+04
109.97195 1.35467e+04
109.97632 1.33665e+04
109.98069 1.34166e+04
109.98506 1.39015e+04
109.98943 1.42167e+04
109.99380 1.46585e+04
109.99817 1.44344e+04
110.00253 1.38481e+04
110.00490 1.39087e+04
110.00927 1.41320e+04
110.01364 1.43333e+04
110.01801 1.44241e+04
110.02238 1.48742e+04
110.02674 1.51308e+04
110.03111 1.56522e+04
110.03548 1.55389e+04
110.03985 1.48259e+04
110.04422 1.36263e+04
110.04859 1.29048e+04
110.05296 1.29387e+04
110.05732 1.34806e+04
110.06169 1.39625e+04
110.06606 1.44126e+04
110.07043 1.40774e+04
110.07480 1.38690e+04
110.07917 1.41738e+04
110.08354 1.41948e+04
110.08791 1.39218e+04
110.09227 1.38648e+04
110.09664 1.39826e+04
110.10101 1.43558e+04
110.10538 1.43344e+04
110.10975 1.46158e+04
110.11412 1.49471e+04
110.11849 1.53442e+04
110.12286 1.60031e+04
110.12723 1.64718e+04
110.13159 1.62227e+04
110.13596 1.55957e+04
110.14033 1.49057e+04
110.14470 1.46656e+04
110.14907 1.43543e+04
110.15344 1.44531e+04
110.15781 1.51063e+04
110.16218 1.57078e+04
110.16655 1.60269e+04
110.17092 1.57370e+04
110.17528 1.50888e+04
110.17965 1.44923e+04
110.18402 1.41138e+04
110.18839 1.40084e+04
110.19276 1.39285e+04
110.19713 1.39601e+04
110.20150 1.41713e+04
110.20587 1.45172e+04
110.21024 1.46717e+04
110.21461 1.47472e+04
110.21898 1.50932e+04
110.22335 1.53693e+04
110.22771 1.63174e+04
110.23208 1.75534e+04
110.23645 1.85162e+04
110.24082 1.82035e+04
110.24519 1.68291e+04
110.24956 1.54390e+04
110.25393 1.44805e+04
110.25830 1.39209e+04
110.26267 1.39831e+04
110.26704 1.36580e+04
110.27141 1.31159e+04
110.27578 1.35574e+04
110.28015 1.40385e+04
110.28452 1.35972e+04
110.28889 1.31194e+04
110.29326 1.32896e+04
110.29763 1.39454e+04
110.30199 1.41318e+04
110.30636 1.39452e+04
110.31073 1.41857e+04
110.31510 1.46317e+04
110.31947 1.42671e+04
110.32384 1.40505e+04
110.32821 1.43433e+04
110.33258 1.45472e+04
110.33695 1.46396e+04
110.34132 1.35611e+04
110.34569 1.24007e+04
110.35006 1.30021e+04
110.35443 1.44619e+04
110.35880 1.47713e+04
110.36317 1.31347e+04
110.36754 1.13343e+04
110.37191 1.12305e+04
110.37628 1.21285e+04
110.38065 1.40204e+04
110.38502 1.50677e+04
110.38939 1.43576e+04
110.39376 1.23279e+04
110.39813 1.12465e+04
110.40250 1.17902e+04
110.40687 1.25211e+04
110.41124 1.35970e+04
110.41561 1.51687e+04
110.41998 1.54639e+04
110.42435 1.40932e+04
110.42872 1.27119e+04
110.43309 1.23964e+04
110.43746 1.23988e+04
110.44183 1.24519e+04
110.44620 1.27926e+04
110.45057 1.42559e+04
110.45494 1.58189e+04
110.45931 1.57188e+04
110.46368 1.41853e+04
110.46805 1.18232e+04
110.47242 1.01094e+04
110.47679 9.52340e+03
110.48116 9.24681e+03
110.48553 9.89232e+03
110.48990 1.25491e+04
110.49427 1.55320e+04
110.49864 1.53448e+04
110.50301 1.23243e+04
110.50738 1.11275e+04
110.51175 1.21787e+04
110.51612 1.25734e+04
110.52049 1.15489e+04
110.52486 1.05344e+04
110.52923 1.05567e+04
110.53360 1.17206e+04
110.53797 1.31640e+04
110.54234 1.52477e+04
110.54671 1.63009e+04
110.55108 1.49403e+04
110.55545 1.17258e+04
110.55982 9.34164e+03
110.56420 9.21033e+03
110.56857 1.10818e+04
110.57294 1.30598e+04
110.57731 1.32804e+04
110.58168 1.19461e+04
110.58605 1.10973e+04
110.59042 1.15005e+04
110.59479 1.23980e+04
110.59916 1.31279e+04
110.60353 1.49536e+04
110.60790 1.59579e+04
110.61227 1.39266e+04
110.61664 1.11688e+04
110.62101 1.10804e+04
110.62538 1.23550e+04
110.62975 1.30457e+04
110.63412 1.24834e+04
110.63850 1.23009e+04
110.64287 1.38180e+04
110.64724 1.59143e+04
110.65161 1.60846e+04
110.65598 1.37645e+04
110.66035 1.11419e+04
110.66472 1.06636e+04
110.66909 1.20984e+04
110.67346 1.55780e+04
110.67783 1.90665e+04
110.68220 1.91196e+04
110.68657 1.52772e+04
110.69095 1.11230e+04
110.69532 9.34867e+03
110.69969 9.65970e+03
110.70406 1.02358e+04
110.70843 1.05590e+04
110.71280 1.14373e+04
110.71717 1.23947e+04
110.72154 1.30361e+04
110.72591 1.38988e+04
110.73028 1.43166e+04
110.73466 1.46129e+04
110.73903 1.34994e+04
110.74340 1.18918e+04
110.74777 1.14184e+04
110.75214 1.28287e+04
110.75651 1.51125e+04
110.76088 1.72276e+04
110.76525 1.89167e+04
110.76963 1.86407e+04
110.77400 1.49743e+04
110.77837 1.10463e+04
110.78274 9.64291e+03
110.78711 1.02119e+04
110.79148 1.10991e+04
110.79585 1.09132e+04
110.80022 1.01533e+04
110.80460 1.12184e+04
110.80897 1.40622e+04
110.81334 1.69627e+04
110.81771 1.76255e+04
110.82208 1.64047e+04
110.82645 1.57149e+04
110.83082 1.58349e+04
110.83520 1.80090e+04
110.83957 2.21468e+04
110.84394 2.53672e+04
110.84831 2.36395e+04
110.85268 1.82911e+04
110.85705 1.37490e+04
110.86142 1.12502e+04
110.86580 1.05521e+04
110.87017 1.26496e+04
110.87454 1.71186e+04
110.87891 2.05983e+04
110.88328 1.96443e+04
110.88765 1.61186e+04
110.89203 1.46025e+04
110.89640 1.67483e+04
110.90077 2.01888e+04
110.90514 2.16027e+04
110.90951 1.93285e+04
110.91388 1.61163e+04
110.91826 1.48186e+04
110.92263 1.53124e+04
110.92700 1.40940e+04
110.93137 1.09678e+04
110.93574 8.09110e+03
110.94011 7.07083e+03
110.94449 6.91475e+03
110.94886 7.65398e+03
110.95323 9.47602e+03
110.95760 1.24773e+04
110.96197 1.45105e+04
110.96635 1.41598e+04
110.97072 1.27923e+04
110.97509 1.35035e+04
110.97946 1.66890e+04
110.98383 2.04538e+04
110.98821 2.33475e+04
110.99258 2.70144e+04
110.99695 3.14239e+04
111.00132 3.30014e+04
111.00569 3.03738e+04
111.01007 2.59730e+04
111.01444 2.45254e+04
111.01881 2.53545e+04
111.02318 2.34197e+04
111.02755 1.83969e+04
111.03193 1.32498e+04
111.03630 1.18505e+04
111.04067 1.32016e+04
111.04504 1.36043e+04
111.04941 1.23864e+04
111.05379 1.15580e+04
111.05816 1.22258e+04
111.06253 1.41798e+04
111.06690 1.50601e+04
111.07128 1.31935e+04
111.07565 9.83470e+03
111.08002 7.83067e+03
111.08439 7.13907e+03
111.08877 7.44084e+03
111.09314 8.56116e+03
111.09751 1.05707e+04
111.10188 1.25435e+04
111.10626 1.21577e+04
111.11063 1.01760e+04
111.11500 8.48815e+03
111.11937 7.34798e+03
111.13593 1.07346e+04
111.14030 1.08211e+04
111.14466 9.99097e+03
111.14902 1.08616e+04
111.15338 1.32012e+04
111.15775 1.51749e+04
111.16211 1.48361e+04
111.16647 1.30096e+04
111.17084 1.07338e+04
111.17520 1.00388e+04
111.17956 1.17693e+04
111.18393 1.48599e+04
111.18829 1.82778e+04
111.19265 2.15807e+04
111.19702 2.36260e+04
111.20138 2.23824e+04
111.20575 1.81734e+04
111.21011 1.41555e+04
111.21447 1.34871e+04
111.21884 1.42258e+04
111.22320 1.33770e+04
111.22756 1.04514e+04
111.23193 9.15322e+03
111.23629 1.10378e+04
111.24065 1.44828e+04
111.24502 1.55510e+04
111.24938 1.24275e+04
111.25374 8.90182e+03
111.25811 7.29461e+03
111.26247 6.74163e+03
111.26684 7.02611e+03
111.27120 8.75383e+03
111.27556 1.12625e+04
111.27993 1.29261e+04
111.28429 1.16455e+04
111.28865 9.73691e+03
111.29302 9.23745e+03
111.29738 9.31141e+03
111.30175 1.12299e+04
111.30611 1.58743e+04
111.31047 2.39269e+04
111.31484 3.66435e+04
111.31920 5.00527e+04
111.32356 5.59890e+04
111.32793 5.00443e+04
111.33229 3.65360e+04
111.33666 2.33075e+04
111.34102 1.50611e+04
111.34538 1.06336e+04
111.34975 8.52844e+03
111.35411 7.73740e+03
111.35848 7.72383e+03
111.36284 8.32377e+03
111.36720 9.22991e+03
111.37157 1.06904e+04
111.37593 1.20185e+04
111.38030 1.11795e+04
111.38466 1.10413e+04
111.38902 1.27954e+04
111.39339 1.58680e+04
111.39775 1.69857e+04
111.40212 1.57895e+04
111.40648 1.42007e+04
111.41085 1.21735e+04
111.41521 1.10365e+04
111.41957 1.23871e+04
111.42394 1.70814e+04
111.42830 2.29600e+04
111.43267 2.59094e+04
111.43703 2.56617e+04
111.44140 2.48462e+04
111.44576 2.14995e+04
111.45012 1.59144e+04
111.45449 1.36110e+04
111.45885 1.50590e+04
111.46322 1.53796e+04
111.46758 1.20245e+04
111.47195 9.77216e+03
111.47631 1.09414e+04
111.48068 1.42922e+04
111.48504 1.65629e+04
111.48940 1.49991e+04
111.49377 1.09247e+04
111.49813 8.24186e+03
111.50250 7.86410e+03
111.50686 7.75676e+03
111.51123 8.47584e+03
111.51559 1.07058e+04
111.51996 1.34885e+04
111.52432 1.35879e+04
111.52869 1.09691e+04
111.53305 9.21547e+03
111.53741 9.10701e+03
111.54178 8.24140e+03
111.54614 6.96655e+03
111.55051 6.51122e+03
111.55487 6.27908e+03
111.55924 6.26284e+03
111.56360 6.32931e+03
111.56797 5.98551e+03
111.57233 5.35747e+03
111.57670 4.96580e+03
111.58106 4.88678e+03
111.58543 4.76877e+03
111.58979 4.81175e+03
111.59416 4.75539e+03
111.59852 4.65945e+03
111.60289 4.68131e+03
111.60725 4.89599e+03
111.61162 5.18675e+03
111.61598 5.13735e+03
111.62035 4.96238e+03
111.62471 4.86184e+03
111.62908 4.98584e+03
111.63344 5.17631e+03
111.63781 5.35023e+03
111.64217 5.34328e+03
111.64654 5.07293e+03
111.65090 4.93285e+03
111.65527 4.85266e+03
111.65963 4.67794e+03
111.66400 4.70994e+03
111.66836 4.71117e+03
111.67273 4.66278e+03
111.67709 4.70576e+03
111.68146 5.05704e+03
111.68582 6.11331e+03
111.69019 7.90158e+03
111.69455 1.06848e+04
111.69892 1.19587e+04
111.70328 1.12999e+04
111.70765 1.14101e+04
111.71201 1.42713e+04
111.71638 1.76896e+04
111.72074 1.77683e+04
111.72511 1.57291e+04
111.72948 1.42207e+04
111.73384 1.38176e+04
111.73821 1.26961e+04
111.74257 1.25175e+04
111.74694 1.49833e+04
111.75130 1.97346e+04
111.75567 2.42822e+04
111.76003 2.63859e+04
111.76440 2.59484e+04
111.76876 2.59051e+04
111.77313 2.49275e+04
111.77750 2.10064e+04
111.78186 1.80893e+04
111.78623 1.87158e+04
111.79059 1.82583e+04
111.79496 1.51734e+04
111.79932 1.26572e+04
111.80369 1.36773e+04
111.80805 1.67781e+04
111.81242 1.87682e+04
111.81679 1.69507e+04
111.82115 1.21251e+04
111.82552 8.25463e+03
111.82988 7.09869e+03
111.83425 7.92743e+03
111.83861 9.51899e+03
111.84298 1.21662e+04
111.84735 1.48089e+04
111.85171 1.41397e+04
111.85608 1.02426e+04
111.86044 7.06113e+03
111.86481 6.43551e+03
111.86918 7.14690e+03
111.87354 8.10509e+03
111.87791 8.33826e+03
111.88227 9.65362e+03
111.88664 1.20452e+04
111.89101 1.27579e+04
111.89537 1.05400e+04
111.89974 8.71925e+03
111.90410 8.99421e+03
111.90847 9.33394e+03
111.91284 7.77195e+03
111.91720 5.71718e+03
111.92157 5.05713e+03
111.92593 5.04914e+03
111.93030 5.16681e+03
111.93467 5.28360e+03
111.93903 5.33155e+03
111.94340 5.01015e+03
111.94776 4.69341e+03
111.95213 4.61190e+03
111.95650 4.47147e+03
111.96086 4.53509e+03
111.96523 4.53800e+03
111.96959 4.65012e+03
111.97396 4.67433e+03
111.97833 4.69037e+03
111.98269 4.63181e+03
111.98706 4.61251e+03
111.99143 4.51737e+03
111.99579 4.49007e+03
112.00016 4.39389e+03
112.00453 4.32558e+03
112.00889 4.36147e+03
112.01326 4.36373e+03
112.01762 4.25603e+03
112.02199 4.22328e+03
112.02636 4.28085e+03
112.03072 4.27755e+03
112.03509 4.40348e+03
112.03946 4.59217e+03
112.04382 4.88155e+03
112.04819 5.01206e+03
112.05256 5.11318e+03
112.05692 5.02540e+03
112.06129 4.70180e+03
112.06566 4.46440e+03
112.07002 4.31407e+03
112.07439 4.36841e+03
112.07876 4.43511e+03
112.08596 4.25967e+03
112.09032 4.26025e+03
112.09468 4.34883e+03
112.09903 4.34422e+03
112.10339 4.30928e+03
112.10775 4.34637e+03
112.11211 4.25853e+03
112.11646 4.30506e+03
112.12082 4.44866e+03
112.12518 4.53245e+03
112.12954 4.72525e+03
112.13025 5.10689e+03
112.13461 6.04742e+03
112.13897 8.07618e+03
112.14332 1.04313e+04
112.14768 1.20363e+04
112.15204 1.21970e+04
112.15640 1.21030e+04
112.16075 1.42135e+04
112.16511 1.69512e+04
112.16947 1.67834e+04
112.17383 1.43475e+04
112.17818 1.12802e+04
112.18254 9.47247e+03
112.18690 1.09116e+04
112.19126 1.41750e+04
112.19562 1.66012e+04
112.19997 1.80088e+04
112.20433 1.96823e+04
112.20869 2.20104e+04
112.21305 2.38258e+04
112.21740 2.55390e+04
112.22176 2.78239e+04
112.22612 3.06740e+04
112.23048 3.36184e+04
112.23484 3.63630e+04
112.23919 4.09976e+04
112.24355 5.16288e+04
112.24791 6.93620e+04
112.25227 8.31624e+04
112.25663 8.03405e+04
112.26098 6.21959e+04
112.26534 4.22067e+04
112.26970 2.99150e+04
112.27406 2.50532e+04
112.27842 2.26565e+04
112.28277 1.80307e+04
112.28713 1.22965e+04
112.29149 8.45418e+03
112.29585 7.88572e+03
112.30021 9.72443e+03
112.30456 1.40224e+04
112.30892 1.72902e+04
112.31328 1.60586e+04
112.31764 1.07084e+04
112.32200 6.65876e+03
112.32635 5.26805e+03
112.33071 5.18079e+03
112.33507 5.37980e+03
112.33943 6.12164e+03
112.34379 7.30579e+03
112.34815 7.36119e+03
112.35250 6.14035e+03
112.35686 5.18640e+03
112.36122 4.90448e+03
112.36558 4.83013e+03
112.36994 4.77124e+03
112.37430 4.81357e+03
112.37865 5.06893e+03
112.38301 5.11056e+03
112.38737 5.06683e+03
112.39173 4.96719e+03
112.39609 4.92572e+03
112.40045 5.03359e+03
112.40481 5.54543e+03
112.40916 6.61142e+03
112.41352 6.83634e+03
112.41788 5.87755e+03
112.42224 4.92180e+03
112.42660 4.56790e+03
112.43096 4.23239e+03
112.43532 4.34378e+03
112.43967 4.46901e+03
112.44403 4.53212e+03
112.44839 4.82197e+03
112.45275 4.95627e+03
112.45711 4.85044e+03
112.46147 5.09925e+03
112.46583 6.15606e+03
112.47018 8.73057e+03
112.47454 1.25646e+04
112.47890 1.72284e+04
112.48326 2.30576e+04
112.48762 2.93197e+04
112.49198 3.01851e+04
112.49634 2.45615e+04
112.50070 1.68096e+04
112.50506 1.04870e+04
112.50941 6.99052e+03
112.51377 5.52645e+03
112.51813 4.99259e+03
112.52249 4.80510e+03
112.52485 4.64457e+03
112.52921 4.74989e+03
112.53357 4.64627e+03
112.53793 4.59984e+03
112.54229 4.88970e+03
112.54665 5.11176e+03
112.55100 5.35231e+03
112.55536 5.79277e+03
112.55972 6.20937e+03
112.56408 6.34615e+03
112.56844 6.24333e+03
112.57280 5.72921e+03
112.57716 5.28663e+03
112.58152 4.93129e+03
112.58588 4.48907e+03
112.59024 4.44240e+03
112.59460 4.46466e+03
112.59895 4.30099e+03
112.60331 4.26115e+03
112.60767 4.28369e+03
112.61203 4.25148e+03
112.61639 4.10442e+03
112.62075 4.14060e+03
112.62511 4.26940e+03
112.62947 4.72282e+03
112.63383 5.60288e+03
112.63819 6.89422e+03
112.64255 7.53733e+03
112.64691 7.07699e+03
112.65127 6.96531e+03
112.65563 8.26933e+03
112.65999 9.79872e+03
112.66435 1.03911e+04
112.66870 1.14521e+04
112.67306 1.32654e+04
112.67742 1.35562e+04
112.68178 1.22286e+04
112.68614 9.82941e+03
112.69050 7.49409e+03
112.69486 5.95077e+03
112.69922 5.35284e+03
112.70358 5.06870e+03
112.70794 4.92386e+03
112.71230 4.84085e+03
112.71666 5.01579e+03
112.72102 4.89105e+03
112.72538 4.71056e+03
112.72974 4.53002e+03
112.73410 4.56812e+03
112.73846 4.74576e+03
112.74282 4.75677e+03
112.74718 4.49052e+03
112.75154 4.23645e+03
112.75590 4.28095e+03
112.76026 4.15650e+03
112.76462 4.13210e+03
112.76898 4.25711e+03
112.77334 4.55584e+03
112.77770 4.92328e+03
112.78206 5.30430e+03
112.78642 5.90576e+03
112.79078 7.15073e+03
112.79514 1.02677e+04
112.79950 1.62487e+04
112.80386 2.46753e+04
112.80822 3.10747e+04
112.81258 3.04024e+04
112.81694 2.72887e+04
112.82130 2.63799e+04
112.82566 2.99134e+04
112.83002 3.47420e+04
112.83438 3.79499e+04
112.83874 3.83791e+04
112.84310 3.46174e+04
112.84746 2.69979e+04
112.85182 1.99211e+04
112.85618 1.69903e+04
112.86054 1.99413e+04
112.86490 2.64992e+04
112.86926 3.33910e+04
112.87362 3.86944e+04
112.87798 3.83519e+04
112.88234 3.17552e+04
112.88670 2.46834e+04
112.89106 2.06498e+04
112.89542 1.84040e+04
112.89978 1.82434e+04
112.90414 2.33842e+04
112.90850 3.24936e+04
112.91286 4.03080e+04
112.91722 4.32495e+04
112.92158 3.96947e+04
112.92594 3.12066e+04
112.93030 2.35200e+04
112.93466 2.03168e+04
112.93902 1.88461e+04
112.94338 1.71849e+04
112.94775 1.41731e+04
112.95211 1.26641e+04
112.95647 1.43071e+04
112.96083 1.72040e+04
112.96519 1.71540e+04
112.96955 1.26354e+04
112.97391 8.82353e+03
112.97827 8.02536e+03
112.98263 9.53341e+03
112.98699 1.27409e+04
112.99135 1.67138e+04
112.99571 1.79415e+04
113.00007 1.43819e+04
113.00443 9.50300e+03
113.00879 7.05787e+03
113.01115 7.21018e+03
113.01552 8.45391e+03
113.01988 8.70056e+03
113.02424 7.78157e+03
113.02860 7.67179e+03
113.03296 8.65029e+03
113.03732 9.98703e+03
113.04168 1.13679e+04
113.04604 1.20335e+04
113.05040 1.06124e+04
113.05476 8.53884e+03
113.05912 6.57631e+03
113.06348 5.31809e+03
113.06785 5.07554e+03
113.07221 4.86852e+03
113.07657 4.90195e+03
113.08093 5.25037e+03
113.08529 5.73777e+03
113.08965 5.86256e+03
113.09401 5.67732e+03
113.09837 5.89445e+03
113.10273 6.01586e+03
113.10710 6.22671e+03
113.11146 6.59520e+03
113.11582 7.56989e+03
113.12018 8.59404e+03
113.12454 8.48840e+03
113.12890 7.22429e+03
113.13326 5.81066e+03
113.13762 5.12434e+03
113.14198 5.02979e+03
113.14635 5.17030e+03
113.15071 5.74564e+03
113.15507 7.61731e+03
113.15943 9.63516e+03
113.16379 9.37097e+03
113.16815 7.31898e+03
113.17251 5.83933e+03
113.17688 5.64263e+03
113.18124 6.23083e+03
113.18560 7.09030e+03
113.18996 7.42486e+03
113.19432 7.03596e+03
113.19868 6.52591e+03
113.20304 5.77763e+03
113.20741 5.15887e+03
113.21177 4.79840e+03
113.21613 4.59554e+03
113.22049 4.47223e+03
113.22485 4.51486e+03
113.22921 4.69278e+03
113.23357 5.07849e+03
113.23794 5.27450e+03
113.24230 5.07231e+03
113.24666 4.94447e+03
113.25102 4.87595e+03
113.25538 4.87891e+03
113.25974 4.86458e+03
113.26411 4.65250e+03
113.26847 4.53491e+03
113.27283 4.69810e+03
113.27719 4.98891e+03
113.28155 5.33397e+03
113.28591 5.58616e+03
113.29028 5.47885e+03
113.29464 5.05918e+03
113.29900 4.76114e+03
113.30336 4.62094e+03
113.30772 4.53536e+03
113.31209 4.59800e+03
113.31645 4.87832e+03
113.32081 4.96043e+03
113.32517 5.07989e+03
113.32953 5.13179e+03
113.33389 5.25341e+03
113.33826 5.43713e+03
113.34262 5.44327e+03
113.34698 5.39937e+03
113.35134 6.41402e+03
113.35570 9.40184e+03
113.36007 1.60320e+04
113.36443 2.47868e+04
113.36879 2.78456e+04
113.37315 2.06392e+04
113.37752 1.16606e+04
113.38188 7.22789e+03
113.38624 6.04208e+03
113.39060 5.40369e+03
113.39496 5.11590e+03
113.39933 5.55742e+03
113.40369 6.88599e+03
113.40805 1.03660e+04
113.41241 1.58552e+04
113.41677 1.96087e+04
113.42114 1.74910e+04
113.42550 1.28796e+04
113.42986 1.24466e+04
113.43422 1.83899e+04
113.43859 2.75668e+04
113.44295 3.03244e+04
113.44731 2.25092e+04
113.45167 1.24686e+04
113.45604 7.54839e+03
113.46040 5.96738e+03
113.46476 5.38448e+03
113.46912 5.19236e+03
113.47349 5.45572e+03
113.47785 5.97896e+03
113.48221 7.97585e+03
113.48657 1.25153e+04
113.49094 2.17749e+04
113.49530 3.28670e+04
113.49966 3.68647e+04
113.50402 2.92707e+04
113.50839 1.72636e+04
113.51275 9.48248e+03
113.51711 6.96943e+03
113.52147 6.33627e+03
113.52584 6.67928e+03
113.53020 7.83740e+03
113.53456 8.23874e+03
113.53892 8.07912e+03
113.54329 7.49339e+03
113.54765 6.93939e+03
113.55201 7.15761e+03
113.55638 7.82403e+03
113.56074 7.32477e+03
113.56510 6.01000e+03
113.56946 5.17805e+03
113.57383 4.89217e+03
113.57819 4.75991e+03
113.58255 4.63561e+03
113.58691 4.52103e+03
113.59128 4.42354e+03
113.59564 4.51793e+03
113.60563 4.63658e+03
113.60999 4.63217e+03
113.61434 4.56884e+03
113.61869 4.62444e+03
113.62305 4.84074e+03
113.62740 4.97097e+03
113.63175 5.08390e+03
113.63611 5.27142e+03
113.64046 5.83170e+03
113.64481 6.27762e+03
113.64917 6.50778e+03
113.65352 6.44595e+03
113.65787 6.21768e+03
113.66223 5.81826e+03
113.66658 5.69049e+03
113.67093 5.72304e+03
113.67529 5.77476e+03
113.67964 5.84836e+03
113.68400 5.76823e+03
113.68835 5.90734e+03
113.69270 5.79474e+03
113.69706 5.52261e+03
113.70141 5.50028e+03
113.70576 5.69577e+03
113.71012 5.73533e+03
113.71447 6.23058e+03
113.71883 6.78507e+03
113.72318 6.62516e+03
113.72753 5.52524e+03
113.73189 4.94052e+03
113.73624 4.66707e+03
113.74059 4.52198e+03
113.74495 4.59992e+03
113.74930 4.53510e+03
113.75366 4.49701e+03
113.75801 4.56464e+03
113.76236 4.70778e+03
113.76672 4.75256e+03
113.77107 4.81691e+03
113.77543 4.92761e+03
113.77978 4.90322e+03
113.78413 5.04080e+03
113.78849 5.15281e+03
113.79284 5.61638e+03
113.79720 6.32453e+03
113.80155 6.56943e+03
113.80590 6.00293e+03
113.81026 5.49208e+03
113.81461 5.46161e+03
113.81897 5.71462e+03
113.82332 6.66999e+03
113.82768 8.78782e+03
113.83203 1.14640e+04
113.83638 1.19796e+04
113.84074 1.05155e+04
113.84509 1.09265e+04
113.84945 1.50029e+04
113.85380 1.97551e+04
113.85815 2.06680e+04
113.86251 1.68645e+04
113.86686 1.25102e+04
113.87122 1.15224e+04
113.87557 1.23099e+04
113.87993 1.27330e+04
113.88428 1.48468e+04
113.88864 2.05574e+04
113.89299 2.39642e+04
113.89734 2.10922e+04
113.90170 1.93941e+04
113.90605 2.07717e+04
113.91041 1.82577e+04
113.91476 1.25328e+04
113.91912 1.02945e+04
113.92347 1.17130e+04
113.92783 1.39532e+04
113.93218 1.48713e+04
113.93653 1.61509e+04
113.94089 1.80465e+04
113.94524 1.81718e+04
113.94960 1.67976e+04
113.95395 1.47257e+04
113.95831 1.34276e+04
113.96266 1.49791e+04
113.96702 1.88806e+04
113.97137 2.49206e+04
113.97573 3.12414e+04
113.98008 3.35217e+04
113.98444 3.01920e+04
113.98879 2.42439e+04
113.99315 1.97521e+04
113.99750 1.94250e+04
114.00186 1.83976e+04
114.00621 1.48539e+04
114.01057 1.22625e+04
114.01492 1.16081e+04
114.01928 1.25076e+04
114.02363 1.43109e+04
114.02799 1.72448e+04
114.03234 1.98957e+04
114.03669 1.76955e+04
114.04105 1.22496e+04
114.04540 9.23380e+03
114.04976 1.03527e+04
114.05411 1.45372e+04
114.05847 1.84014e+04
114.06283 1.92396e+04
114.06718 1.66086e+04
114.07154 1.21610e+04
114.07589 8.41208e+03
114.08025 6.40880e+03
114.08460 5.66376e+03
114.08896 5.29839e+03
114.09331 5.10486e+03
114.09767 5.10353e+03
114.10202 5.21570e+03
114.10638 5.51289e+03
114.11073 5.45551e+03
114.11509 5.42703e+03
114.11944 5.68407e+03
114.12380 6.28310e+03
114.12815 7.64268e+03
114.13251 8.55966e+03
114.13686 7.71844e+03
114.14122 6.31031e+03
114.14557 5.94152e+03
114.14993 6.02077e+03
114.15428 6.33243e+03
114.15864 6.74309e+03
114.16300 7.55257e+03
114.16735 8.24570e+03
114.17171 7.59774e+03
114.17606 6.59249e+03
114.18042 6.04716e+03
114.18477 5.86720e+03
114.18913 5.58202e+03
114.19348 5.35891e+03
114.19784 5.29646e+03
114.20220 5.22719e+03
114.20655 5.27446e+03
114.21091 5.45184e+03
114.21526 5.88497e+03
114.21962 6.74528e+03
114.22397 8.60618e+03
114.22833 1.15711e+04
114.23268 1.29450e+04
114.23704 1.10135e+04
114.24140 8.67090e+03
114.24575 7.60901e+03
114.25011 7.44317e+03
114.25446 7.34336e+03
114.25882 7.11712e+03
114.26318 6.54517e+03
114.26753 5.82341e+03
114.27189 5.43248e+03
114.27624 5.47471e+03
114.28060 5.37782e+03
114.28495 5.64672e+03
114.28931 6.26343e+03
114.29367 7.21086e+03
114.29802 8.05645e+03
114.30238 8.35490e+03
114.30673 8.18806e+03
114.31109 7.63448e+03
114.31545 7.28785e+03
114.31980 7.25344e+03
114.32416 7.37649e+03
114.32851 6.83518e+03
114.33287 6.06997e+03
114.33723 5.70104e+03
114.34158 5.61928e+03
114.34594 5.70305e+03
114.35029 6.03920e+03
114.35465 6.98657e+03
114.35901 8.71465e+03
114.36336 1.07518e+04
114.36772 1.07174e+04
114.37208 9.06097e+03
114.37643 7.92818e+03
114.38079 7.01100e+03
114.38514 6.22536e+03
114.38950 5.70528e+03
114.39386 5.82731e+03
114.39821 6.27280e+03
114.40257 6.61027e+03
114.40693 6.58089e+03
114.41128 6.07232e+03
114.41564 5.96972e+03
114.42000 6.27796e+03
114.42435 6.89737e+03
114.42871 7.17470e+03
114.43306 6.64614e+03
114.43742 6.09828e+03
114.44178 5.68380e+03
114.44613 5.51787e+03
114.45049 5.51096e+03
114.45485 5.64866e+03
114.45920 5.94212e+03
114.46356 6.39131e+03
114.46792 6.87109e+03
114.47227 6.98542e+03
114.47663 6.70899e+03
114.48099 6.42960e+03
114.48534 6.98087e+03
114.48970 8.01868e+03
114.49406 9.05254e+03
114.49841 8.85664e+03
114.50277 7.67606e+03
114.50713 6.72137e+03
114.51148 6.39915e+03
114.51584 6.06418e+03
114.52020 6.12941e+03
114.52455 6.09978e+03
114.52891 5.76783e+03
114.53327 5.73188e+03
114.53762 5.82026e+03
114.54198 6.28986e+03
114.54634 7.34254e+03
114.55069 8.49178e+03
114.55505 9.33341e+03
114.55941 1.00585e+04
114.56377 1.04222e+04
114.56812 9.65888e+03
114.57248 8.53644e+03
114.57684 7.44329e+03
114.58119 6.49240e+03
114.58555 6.06650e+03
114.58991 5.63315e+03
114.59426 5.37291e+03
114.59862 5.17659e+03
114.60298 5.13385e+03
114.60734 5.28021e+03
114.61169 5.39857e+03
114.61605 5.55635e+03
114.62041 5.71410e+03
114.62476 5.86273e+03
114.62912 5.97416e+03
114.63348 6.10572e+03
114.63784 6.08452e+03
114.64219 5.77407e+03
114.64655 5.73359e+03
114.65091 5.63479e+03
114.65526 5.58462e+03
114.65962 5.42448e+03
114.67150 5.96662e+03
114.67585 6.62884e+03
114.68020 7.15670e+03
114.68454 7.72546e+03
114.68889 7.77882e+03
114.69324 7.62477e+03
114.69759 7.03578e+03
114.70194 6.53605e+03
114.70628 6.19209e+03
114.71063 5.70001e+03
114.71498 5.43857e+03
114.71933 5.39937e+03
114.72368 5.41063e+03
114.72802 5.72577e+03
114.73237 6.36096e+03
114.73672 7.16944e+03
114.74107 7.23215e+03
114.74541 6.55137e+03
114.74976 5.93483e+03
114.75411 5.45683e+03
114.75846 5.35344e+03
114.76281 5.26248e+03
114.76715 5.15262e+03
114.77150 5.14750e+03
114.77585 5.34861e+03
114.78020 5.54317e+03
114.78455 5.72988e+03
114.78890 5.82313e+03
114.79324 5.95423e+03
114.79759 6.33931e+03
114.80194 6.94629e+03
114.80629 7.01016e+03
114.81064 6.68230e+03
114.81498 6.38430e+03
114.81933 6.46120e+03
114.82368 7.02961e+03
114.82803 7.37792e+03
114.83238 6.99604e+03
114.83673 6.19303e+03
114.84107 5.90234e+03
114.84542 6.05680e+03
114.84977 6.24843e+03
114.85412 6.37645e+03
114.85847 6.69961e+03
114.86282 7.18573e+03
114.86716 7.76012e+03
114.87151 7.51435e+03
114.87586 6.62723e+03
114.88021 6.06613e+03
114.88456 6.06096e+03
114.88891 6.30092e+03
114.89326 6.64606e+03
114.89760 6.38641e+03
114.90195 5.87791e+03
114.90630 5.42950e+03
114.91065 5.42228e+03
114.91500 5.51957e+03
114.91935 5.63446e+03
114.92370 5.69004e+03
114.92804 5.64063e+03
114.93239 5.57541e+03
114.93674 5.47848e+03
114.94109 5.57179e+03
114.94544 5.79946e+03
114.94979 6.04488e+03
114.95414 6.44608e+03
114.95848 6.54020e+03
114.96283 6.20587e+03
114.96718 6.01473e+03
114.97153 6.17273e+03
114.97588 6.40456e+03
114.98023 6.27046e+03
114.98458 6.29600e+03
114.98893 6.87545e+03
114.99328 7.62843e+03
114.99762 7.80806e+03
115.00197 6.86871e+03
115.00632 6.09765e+03
115.01067 5.63862e+03
115.01502 5.44921e+03
115.01937 5.76408e+03
115.02372 6.19874e+03
115.02807 6.61390e+03
115.03242 6.59714e+03
115.03677 6.47430e+03
115.04111 6.55289e+03
115.04546 6.83316e+03
115.04981 7.09261e+03
115.05416 7.25359e+03
115.05851 7.44371e+03
115.06286 7.73206e+03
115.06721 8.33169e+03
115.07156 9.20206e+03
115.07591 1.07715e+04
115.08026 1.14926e+04
115.08461 1.00495e+04
115.08896 7.71683e+03
115.09330 6.45628e+03
115.09765 6.06781e+03
115.10200 6.28729e+03
115.10635 6.81262e+03
115.10970 7.35859e+03
115.11405 7.52058e+03
115.11840 6.78270e+03
115.12275 6.08352e+03
115.12710 5.83895e+03
115.13145 5.58789e+03
115.13580 5.69721e+03
115.14015 5.73357e+03
115.14450 5.79186e+03
115.14885 5.93529e+03
115.15320 5.93893e+03
115.15755 6.10340e+03
115.16190 6.30015e+03
115.16624 6.49967e+03
115.17059 6.50224e+03
115.17494 6.58575e+03
115.17929 6.46936e+03
115.18364 6.51533e+03
115.18799 7.06687e+03
115.19234 8.00271e+03
115.19669 1.07880e+04
115.20104 1.72338e+04
115.20539 3.24550e+04
115.20974 5.84130e+04
115.21409 8.24608e+04
115.21844 8.14678e+04
115.22279 5.32037e+04
115.22714 2.56245e+04
115.23149 1.33680e+04
115.23584 9.66786e+03
115.24019 8.48781e+03
115.24454 7.70519e+03
115.24889 6.93417e+03
115.25324 6.44063e+03
115.25759 6.13938e+03
115.26194 6.15125e+03
115.26629 6.15361e+03
115.27064 6.23097e+03
115.27499 6.74728e+03
115.27934 7.34712e+03
115.28369 7.85737e+03
115.28804 7.94358e+03
115.29239 7.27750e+03
115.29674 6.66504e+03
115.30109 6.79705e+03
115.30544 7.00534e+03
115.30979 6.67950e+03
115.31414 6.51738e+03
115.31849 6.67826e+03
115.32284 7.23838e+03
115.32719 7.72366e+03
115.33154 7.35605e+03
115.33589 6.60575e+03
115.34024 6.16206e+03
115.34459 5.94664e+03
115.34894 5.92998e+03
115.35329 5.92206e+03
115.35764 6.03561e+03
115.36199 6.15975e+03
115.36634 6.28056e+03
115.37069 6.31415e+03
115.37504 6.38870e+03
115.37939 6.47467e+03
115.38374 6.39761e+03
115.38809 6.65300e+03
115.39244 7.45077e+03
115.39679 8.18098e+03
115.40114 8.54370e+03
115.40550 8.02591e+03
115.40985 7.31760e+03
115.41420 6.90765e+03
115.41855 6.96505e+03
115.42290 7.01665e+03
115.42725 7.33441e+03
115.43160 7.43710e+03
115.43595 7.50640e+03
115.44030 7.64562e+03
115.44465 7.56541e+03
115.44900 7.01008e+03
115.45335 6.41713e+03
115.45770 6.36220e+03
115.46205 6.46704e+03
115.46640 6.67127e+03
115.47075 6.71502e+03
115.47510 6.51107e+03
115.47946 6.48907e+03
115.48381 6.57445e+03
115.48816 6.63047e+03
115.49251 6.77512e+03
115.49686 6.94638e+03
115.50121 7.20962e+03
115.50556 7.06036e+03
115.50991 6.70088e+03
115.51426 6.41654e+03
115.51861 6.34626e+03
115.52296 6.52548e+03
115.52731 6.51470e+03
115.53167 6.33502e+03
115.53602 6.25699e+03
115.54037 6.34643e+03
115.54472 6.48488e+03
115.54907 6.73257e+03
115.55342 6.68533e+03
115.55777 6.80439e+03
115.56212 6.76696e+03
115.56647 6.95577e+03
115.56982 7.83679e+03
115.57418 9.75083e+03
115.57853 1.29261e+04
115.58288 1.60904e+04
115.58723 1.70742e+04
115.59158 1.73005e+04
115.59593 2.11108e+04
115.60028 2.74155e+04
115.60463 2.99375e+04
115.60899 2.45627e+04
115.61334 1.80767e+04
115.61769 1.77071e+04
115.62204 2.31385e+04
115.62639 3.00701e+04
115.63074 3.08374e+04
115.63509 2.43388e+04
115.63944 2.00675e+04
115.64380 1.81747e+04
115.64815 1.57291e+04
115.65250 1.64928e+04
115.65685 1.85634e+04
115.66120 1.70593e+04
115.66555 1.22515e+04
115.66990 8.77648e+03
115.67426 7.74045e+03
115.67861 7.49368e+03
115.68296 7.28586e+03
115.68731 7.02207e+03
115.69166 7.04167e+03
115.69601 7.16349e+03
115.70037 7.29746e+03
115.70472 7.33182e+03
115.70907 7.52454e+03
115.71342 8.04358e+03
115.71777 8.83719e+03
115.72212 9.79382e+03
115.72647 1.07031e+04
115.73083 1.30009e+04
115.73518 1.57769e+04
115.73953 1.66321e+04
115.74388 1.51490e+04
115.74823 1.21652e+04
115.75259 9.54418e+03
115.75694 8.52913e+03
115.76129 8.21319e+03
115.76564 8.96175e+03
115.76999 1.13120e+04
115.77434 1.49739e+04
115.77870 1.84727e+04
115.78305 1.89621e+04
115.78740 1.89960e+04
115.79175 2.20656e+04
115.79610 2.49268e+04
115.80046 2.69391e+04
115.80481 2.81108e+04
115.80916 2.71806e+04
115.81351 2.44291e+04
115.81786 2.04127e+04
115.82222 1.57791e+04
115.82657 1.37438e+04
115.83092 1.57297e+04
115.83527 1.84577e+04
115.83962 1.96660e+04
115.84398 1.82615e+04
115.84833 1.55512e+04
115.85268 1.47399e+04
115.85703 1.40524e+04
115.86139 1.36231e+04
115.86574 1.57344e+04
115.87009 1.87777e+04
115.87444 1.95040e+04
115.87879 1.68667e+04
115.88315 1.39033e+04
115.88750 1.44973e+04
115.89185 1.77214e+04
115.89620 2.11834e+04
115.90056 2.09546e+04
115.90491 1.69683e+04
115.90926 1.38188e+04
115.91361 1.21758e+04
115.91796 1.07672e+04
115.92232 9.75736e+03
115.92667 9.04175e+03
115.93102 8.72845e+03
115.93537 8.89497e+03
115.93973 8.61435e+03
115.94408 8.47116e+03
115.94843 8.71683e+03
115.95278 9.12872e+03
115.95714 8.78700e+03
115.96149 8.11572e+03
115.96584 7.70538e+03
115.97019 7.53037e+03
115.97455 7.34389e+03
115.97890 7.18315e+03
115.98325 7.34540e+03
115.98761 7.70193e+03
115.99196 8.10830e+03
115.99631 8.50190e+03
116.00066 8.36645e+03
116.00502 8.23858e+03
116.00937 8.03583e+03
116.01372 7.83878e+03
116.01807 7.68614e+03
116.02243 7.71826e+03
116.02678 7.80220e+03
116.03113 7.86901e+03
116.03549 7.78895e+03
116.03984 8.08587e+03
116.04419 8.63897e+03
116.04854 9.76006e+03
116.05290 1.06478e+04
116.05725 1.01987e+04
116.06089 8.41027e+03
116.06523 8.67082e+03
116.06957 9.34121e+03
116.07392 1.03431e+04
116.07826 1.10796e+04
116.08260 1.03955e+04
116.08695 8.98986e+03
116.09129 8.25618e+03
116.09563 7.70819e+03
116.09997 7.54635e+03
116.10432 7.46483e+03
116.10866 7.72274e+03
116.11300 8.29113e+03
116.11735 9.19796e+03
116.12169 1.17590e+04
116.12603 1.75913e+04
116.13038 2.50896e+04
116.13472 2.56187e+04
116.13906 1.87308e+04
116.14341 1.37512e+04
116.14775 1.41707e+04
116.15210 1.80168e+04
116.15644 2.20589e+04
116.16078 2.19618e+04
116.16513 2.04696e+04
116.16947 2.26863e+04
116.17381 2.49605e+04
116.17816 2.02867e+04
116.18250 1.44878e+04
116.18684 1.31462e+04
116.19119 1.47777e+04
116.19553 1.61021e+04
116.19987 1.35035e+04
116.20422 1.00515e+04
116.20856 8.70592e+03
116.21291 8.31597e+03
116.21725 8.18623e+03
116.22159 8.08323e+03
116.22594 8.22024e+03
116.23028 8.22038e+03
116.23462 8.08518e+03
116.23897 7.87263e+03
116.24331 7.79033e+03
116.24766 8.00191e+03
116.25200 8.47029e+03
116.25634 8.87074e+03
116.26069 9.32401e+03
116.26503 9.12784e+03
116.26937 9.25620e+03
116.27372 9.32613e+03
116.27806 8.83708e+03
116.28241 8.43507e+03
116.28675 8.30840e+03
116.29109 8.41199e+03
116.29544 8.53028e+03
116.29978 8.52258e+03
116.30413 8.31747e+03
116.30847 8.11984e+03
116.31281 7.94447e+03
116.31716 8.19118e+03
116.32150 8.11869e+03
116.32585 8.25054e+03
116.33019 8.65588e+03
116.33454 8.46098e+03
116.33888 8.40627e+03
116.34322 8.49253e+03
116.34757 8.60630e+03
116.35191 8.89414e+03
116.35626 9.11104e+03
116.36060 9.15170e+03
116.36494 9.46481e+03
116.36929 1.03169e+04
116.37363 1.21255e+04
116.37798 1.46875e+04
116.38232 1.49982e+04
116.38667 1.47345e+04
116.39101 1.69749e+04
116.39535 2.16829e+04
116.39970 2.37029e+04
116.40404 1.86021e+04
116.40839 1.28497e+04
116.41273 1.08645e+04
116.41708 1.00314e+04
116.42142 9.81527e+03
116.42577 1.02355e+04
116.43011 1.04016e+04
116.43446 1.03921e+04
116.43880 1.00341e+04
116.44314 9.89742e+03
116.44749 1.00960e+04
116.45183 1.03031e+04
116.45618 1.02566e+04
116.46052 1.02730e+04
116.46487 9.95904e+03
116.46921 9.93719e+03
116.47356 1.00491e+04
116.47790 1.02433e+04
116.48225 1.04181e+04
116.48659 1.05912e+04
116.49094 1.07173e+04
116.49528 1.02212e+04
116.49963 9.82651e+03
116.50397 9.43036e+03
116.50831 9.55679e+03
116.51266 9.88873e+03
116.51700 1.04202e+04
116.52135 1.06778e+04
116.52569 1.07832e+04
116.53004 1.07914e+04
116.53438 1.06489e+04
116.53873 1.09974e+04
116.54307 1.07713e+04
116.54742 1.07733e+04
116.55176 1.12002e+04
116.55611 1.16850e+04
116.56045 1.22170e+04
116.56480 1.26007e+04
116.56914 1.24163e+04
116.57349 1.24814e+04
116.57783 1.26229e+04
116.58218 1.29855e+04
116.58652 1.31907e+04
116.59087 1.26537e+04
116.59521 1.25538e+04
116.59956 1.28922e+04
116.60390 1.29893e+04
116.60825 1.27744e+04
116.61260 1.28720e+04
116.61694 1.36907e+04
116.62129 1.42411e+04
116.62563 1.46239e+04
116.62998 1.45542e+04
116.63432 1.45066e+04
116.63867 1.43616e+04
116.64301 1.44228e+04
116.64736 1.49189e+04
116.65170 1.56429e+04
116.65605 1.63951e+04
116.66039 1.73553e+04
116.66474 1.83966e+04
116.66908 1.90408e+04
116.67343 1.98346e+04
116.67778 2.02685e+04
116.68212 2.07903e+04
116.68647 2.21505e+04
116.69081 2.32936e+04
116.69516 2.41560e+04
116.69950 2.49181e+04
116.70385 2.50722e+04
116.70819 2.49706e+04
116.71254 2.46295e+04
116.71689 2.41713e+04
116.72123 2.31630e+04
116.72558 2.20001e+04
116.72992 2.08245e+04
116.73427 2.00006e+04
116.73861 2.01472e+04
116.74296 2.21311e+04
116.74731 2.38896e+04
116.75165 2.12941e+04
116.75600 1.67913e+04
116.76034 1.38226e+04
116.76469 1.25803e+04
116.76903 1.18961e+04
116.77338 1.10504e+04
116.77773 1.02484e+04
116.78207 9.72802e+03
116.78642 9.39617e+03
116.79076 9.51351e+03
116.79511 9.95726e+03
116.79946 1.10381e+04
116.80380 1.30156e+04
116.80815 1.36115e+04
116.81249 1.21662e+04
116.81684 1.06956e+04
116.82119 1.07119e+04
116.82553 1.12513e+04
116.82988 1.23084e+04
116.83422 1.43825e+04
116.83857 1.62508e+04
116.84292 1.81190e+04
116.84726 2.46005e+04
116.85161 3.99350e+04
116.85595 6.46664e+04
116.86030 9.29721e+04
116.86465 1.18875e+05
116.86899 1.35673e+05
116.87334 1.39566e+05
116.87768 1.28472e+05
116.88203 1.04756e+05
116.88638 7.50732e+04
116.89072 4.82184e+04
116.89507 2.92829e+04
116.89942 1.92145e+04
116.90376 1.44541e+04
116.90811 1.27055e+04
116.91246 1.17865e+04
116.91680 1.13834e+04
116.92115 1.12219e+04
116.92549 1.12207e+04
116.92984 1.13641e+04
116.93419 1.11105e+04
116.93853 1.12108e+04
116.94288 1.15320e+04
116.94723 1.16636e+04
116.95157 1.17945e+04
116.95592 1.17066e+04
116.96027 1.22627e+04
116.96461 1.30642e+04
116.96896 1.42097e+04
116.97331 1.46508e+04
116.97765 1.44597e+04
116.98200 1.47436e+04
116.98635 1.51397e+04
116.99069 1.51477e+04
116.99504 1.54414e+04
116.99939 1.63453e+04
117.00373 1.73489e+04
117.00808 1.80026e+04
117.01243 1.81597e+04
117.01677 1.88725e+04
117.02112 2.04672e+04
117.02547 2.25536e+04
117.02981 2.41223e+04
117.03416 2.42435e+04
117.03851 2.47192e+04
117.04285 2.59542e+04
117.04720 2.79208e+04
117.05155 2.89883e+04
117.05589 2.87338e+04
117.06024 2.78711e+04
117.06459 2.70603e+04
117.06894 2.57119e+04
117.07328 2.51552e+04
117.07763 2.48804e+04
117.08198 2.44282e+04
117.08632 2.37432e+04
117.09067 2.32494e+04
117.09502 2.21910e+04
117.09936 2.07849e+04
117.10371 1.95679e+04
117.10806 1.88665e+04
117.11241 1.79103e+04
117.11675 1.71777e+04
117.12110 1.68373e+04
117.12545 1.68556e+04
117.12979 1.65517e+04
117.13414 1.61691e+04
117.13849 1.57026e+04
117.14284 1.56392e+04
117.14718 1.55505e+04
117.15153 1.50352e+04
117.15588 1.47297e+04
117.16023 1.46537e+04
117.16457 1.43867e+04
117.16892 1.44442e+04
117.17327 1.43456e+04
117.17762 1.45958e+04
117.18196 1.54564e+04
117.18631 1.86746e+04
117.19066 2.43882e+04
117.19500 2.91492e+04
117.19935 2.65784e+04
117.20370 2.03242e+04
117.20805 1.73860e+04
117.21239 1.65843e+04
117.21674 1.59113e+04
117.22109 1.54516e+04
117.22544 1.54121e+04
117.22978 1.56420e+04
117.23413 1.58411e+04
117.23848 1.60213e+04
117.24283 1.61646e+04
117.24718 1.66869e+04
117.25152 1.75673e+04
117.25587 1.81892e+04
117.26022 1.88351e+04
117.26457 1.90640e+04
117.26891 1.89896e+04
117.27326 1.88049e+04
117.27761 1.87650e+04
117.28196 1.91430e+04
117.28630 1.97184e+04
117.29065 1.95594e+04
117.29500 1.90665e+04
117.29935 1.80240e+04
117.30370 1.71217e+04
117.30804 1.55633e+04
117.31239 1.42710e+04
117.31674 1.33905e+04
117.32109 1.29809e+04
117.32544 1.25095e+04
117.32978 1.19143e+04
117.33632 1.01727e+04
117.34066 9.92305e+03
117.34500 9.62563e+03
117.34933 9.44624e+03
117.35367 9.26820e+03
117.35801 9.08242e+03
117.36235 9.00503e+03
117.36669 8.82792e+03
117.37103 8.93762e+03
117.37536 9.39343e+03
117.37970 9.70332e+03
117.38404 9.81355e+03
117.38838 9.62655e+03
117.39272 9.51649e+03
117.39705 9.66899e+03
117.40139 9.72509e+03
117.40573 9.74723e+03
117.41007 9.87078e+03
117.41441 1.01558e+04
117.41875 1.03567e+04
117.42308 1.03774e+04
117.42742 1.07542e+04
117.43176 1.11222e+04
117.43610 1.11688e+04
117.44044 1.12772e+04
117.44478 1.16397e+04
117.44911 1.25802e+04
117.45345 1.43264e+04
117.45779 1.68467e+04
117.46213 2.13827e+04
117.46647 2.81326e+04
117.47081 3.91344e+04
117.47514 5.67317e+04
117.47948 8.43172e+04
117.48382 1.18764e+05
117.48816 1.45393e+05
117.49250 1.45329e+05
117.49684 1.18652e+05
117.50118 8.75046e+04
117.50551 7.07661e+04
117.50985 7.21400e+04
117.51419 8.65443e+04
117.51853 1.06847e+05
117.52287 1.18319e+05
117.52721 1.14924e+05
117.53155 9.82423e+04
117.53589 8.33955e+04
117.54022 8.21818e+04
117.54456 9.83751e+04
117.54890 1.33476e+05
117.55324 1.88096e+05
117.55758 2.62594e+05
117.56192 3.53869e+05
117.56626 4.29967e+05
117.57060 4.40176e+05
117.57494 3.55828e+05
117.57927 2.37838e+05
117.58361 1.59594e+05
117.58795 1.33001e+05
117.59229 1.32777e+05
117.59663 1.30685e+05
117.60097 1.12312e+05
117.60531 8.55324e+04
117.60965 6.40856e+04
117.61399 5.54081e+04
117.61833 6.01075e+04
117.62266 7.59670e+04
117.62700 1.02523e+05
117.63134 1.31055e+05
117.63568 1.40464e+05
117.64002 1.23081e+05
117.64436 9.22462e+04
117.64870 6.35436e+04
117.65304 4.18768e+04
117.65738 2.90723e+04
117.66172 2.19259e+04
117.66606 1.74992e+04
117.67040 1.49871e+04
117.67473 1.36965e+04
117.67907 1.31427e+04
117.68341 1.28409e+04
117.68775 1.21939e+04
117.69209 1.14789e+04
117.69643 1.15746e+04
117.70077 1.19703e+04
117.70511 1.20936e+04
117.70945 1.19703e+04
117.71379 1.15128e+04
117.71813 1.11202e+04
117.72247 1.07950e+04
117.72681 1.08350e+04
117.73115 1.07167e+04
117.73549 1.08821e+04
117.73983 1.13196e+04
117.74417 1.14323e+04
117.74851 1.16704e+04
117.75284 1.24449e+04
117.75718 1.38920e+04
117.76152 1.60642e+04
117.76586 1.71928e+04
117.77020 1.59639e+04
117.77454 1.45460e+04
117.77888 1.45658e+04
117.78322 1.53942e+04
117.78756 1.66702e+04
117.79190 1.80912e+04
117.79624 1.86634e+04
117.80058 1.77977e+04
117.80492 1.66549e+04
117.80926 1.54802e+04
117.81360 1.49073e+04
117.81794 1.49006e+04
117.82228 1.49071e+04
117.82662 1.46719e+04
117.83096 1.46067e+04
117.83530 1.45528e+04
117.83964 1.46066e+04
117.84398 1.44329e+04
117.84832 1.41227e+04
117.85266 1.39891e+04
117.85700 1.40264e+04
117.86134 1.37870e+04
117.86568 1.36235e+04
117.87002 1.36619e+04
117.87436 1.34781e+04
117.87870 1.34427e+04
117.88304 1.33715e+04
117.88738 1.29281e+04
117.89172 1.24151e+04
117.89606 1.19586e+04
117.90040 1.19482e+04
117.90474 1.21448e+04
117.90908 1.22605e+04
117.91342 1.21221e+04
117.91776 1.24050e+04
117.92210 1.28747e+04
117.92644 1.28285e+04
117.93078 1.19663e+04
117.93512 1.11432e+04
117.93946 1.06258e+04
117.94380 1.05083e+04
117.94814 1.02601e+04
117.95248 1.02044e+04
117.95682 1.03909e+04
117.96117 1.04084e+04
117.96551 1.05948e+04
117.96985 1.07906e+04
117.97419 1.07484e+04
117.97853 1.06534e+04
117.98287 1.04746e+04
117.98721 1.06582e+04
117.99155 1.07541e+04
117.99589 1.09129e+04
118.00023 1.11267e+04
118.00457 1.12136e+04
118.00891 1.11795e+04
118.01325 1.08364e+04
118.01759 1.05400e+04
118.02193 1.05258e+04
118.02627 1.07425e+04
118.03061 1.06884e+04
118.03495 1.05482e+04
118.03930 1.07069e+04
118.04364 1.08850e+04
118.04798 1.06898e+04
118.05232 1.04445e+04
118.05666 1.04188e+04
118.06100 1.07881e+04
118.06534 1.09995e+04
118.06968 1.11526e+04
118.07402 1.11295e+04
118.07836 1.10226e+04
118.08270 1.09032e+04
118.08704 1.07250e+04
118.09139 1.09292e+04
118.09573 1.09029e+04
118.10007 1.11193e+04
118.10441 1.09905e+04
118.10875 1.09633e+04
118.11309 1.08464e+04
118.11743 1.08445e+04
118.12177 1.08844e+04
118.12611 1.08587e+04
118.13045 1.07503e+04
118.13480 1.08595e+04
118.13914 1.12768e+04
118.14348 1.18961e+04
118.14782 1.28452e+04
118.15216 1.44151e+04
118.15650 1.65130e+04
118.16084 1.71301e+04
118.16518 1.53362e+04
118.16952 1.33574e+04
118.17387 1.21058e+04
118.17821 1.14825e+04
118.18255 1.15407e+04
118.18689 1.18017e+04
118.19123 1.21382e+04
118.19557 1.21704e+04
118.19991 1.21088e+04
118.20425 1.19252e+04
118.20860 1.18229e+04
118.21294 1.18536e+04
118.21728 1.16961e+04
118.22162 1.16310e+04
118.22596 1.15849e+04
118.23030 1.17432e+04
118.23464 1.17370e+04
118.23899 1.18117e+04
118.24333 1.21110e+04
118.24767 1.19787e+04
118.25201 1.16911e+04
118.25635 1.16127e+04
118.26069 1.17879e+04
118.26504 1.16839e+04
118.26938 1.17359e+04
118.27372 1.16466e+04
118.27806 1.16772e+04
118.28240 1.18887e+04
118.28674 1.17536e+04
118.29109 1.14652e+04
118.29543 1.14563e+04
118.29977 1.17762e+04
118.30411 1.21997e+04
118.30845 1.20644e+04
118.31279 1.15763e+04
118.31714 1.12470e+04
118.32148 1.13924e+04
118.32582 1.15810e+04
118.33016 1.19060e+04
118.33450 1.25350e+04
118.33884 1.34596e+04
118.34319 1.45844e+04
118.34753 1.53189e+04
118.35187 1.48268e+04
118.35621 1.36030e+04
118.36055 1.28354e+04
118.36490 1.25793e+04
118.36924 1.28174e+04
118.37358 1.34370e+04
118.37792 1.46796e+04
118.38226 1.59132e+04
118.38661 1.55049e+04
118.39095 1.42781e+04
118.39529 1.33294e+04
118.39963 1.30234e+04
118.40397 1.28811e+04
118.40832 1.28377e+04
118.41266 1.27308e+04
118.41700 1.25714e+04
118.42134 1.28511e+04
118.42569 1.32155e+04
118.43003 1.30971e+04
118.43437 1.30106e+04
118.43871 1.27289e+04
118.44305 1.25921e+04
118.44740 1.26024e+04
118.45174 1.24865e+04
118.45608 1.24588e+04
118.46042 1.25184e+04
118.46477 1.27721e+04
118.46911 1.29026e+04
118.47345 1.27102e+04
118.47779 1.27469e+04
118.48214 1.27986e+04
118.48648 1.29177e+04
118.49082 1.31261e+04
118.49516 1.36734e+04
118.49951 1.40944e+04
118.50385 1.42005e+04
118.50819 1.40839e+04
118.51253 1.38664e+04
118.51688 1.35350e+04
118.52122 1.33205e+04
118.52556 1.32189e+04
118.52990 1.32736e+04
118.53425 1.33029e+04
118.53859 1.31271e+04
118.54293 1.28649e+04
118.54727 1.26333e+04
118.55162 1.27840e+04
118.55596 1.31477e+04
118.56030 1.34231e+04
118.56465 1.40968e+04
118.56899 1.50727e+04
118.57333 1.51062e+04
118.57767 1.41696e+04
118.58202 1.35605e+04
118.58636 1.37474e+04
118.59070 1.38471e+04
118.59504 1.41627e+04
118.59939 1.42141e+04
118.60373 1.41443e+04
118.60807 1.38839e+04
118.61242 1.36424e+04
118.61676 1.37566e+04
118.62110 1.39896e+04
118.62545 1.39348e+04
118.62979 1.37443e+04
118.63413 1.34357e+04
118.63847 1.32839e+04
118.64282 1.32706e+04
118.64716 1.34196e+04
118.65150 1.37175e+04
118.65585 1.39953e+04
118.66019 1.42600e+04
118.66453 1.41735e+04
118.66888 1.37227e+04
118.67322 1.36207e+04
118.67756 1.34366e+04
118.68191 1.34216e+04
118.68625 1.35851e+04
118.69059 1.34537e+04
118.69494 1.35045e+04
118.69928 1.35637e+04
118.70362 1.35943e+04
118.70558 1.23300e+04
118.70991 1.23907e+04
118.71424 1.18888e+04
118.71858 1.19626e+04
118.72291 1.20521e+04
118.72724 1.27687e+04
118.73158 1.33535e+04
118.73591 1.40984e+04
118.74024 1.45810e+04
118.74458 1.44850e+04
118.74891 1.38263e+04
118.75324 1.31302e+04
118.75758 1.30746e+04
118.76191 1.33603e+04
118.76624 1.40404e+04
118.77058 1.42947e+04
118.77491 1.39531e+04
118.77924 1.34077e+04
118.78358 1.31496e+04
118.78791 1.33112e+04
118.79225 1.33653e+04
118.79658 1.33826e+04
118.80091 1.34620e+04
118.80525 1.33336e+04
118.80958 1.31505e+04
118.81391 1.30262e+04
118.81825 1.30529e+04
118.82258 1.30667e+04
118.82692 1.32494e+04
118.83125 1.33113e+04
118.83558 1.32804e+04
118.83992 1.38470e+04
118.84425 1.42568e+04
118.84858 1.45373e+04
118.85292 1.43739e+04
118.85725 1.40386e+04
118.86159 1.41485e+04
118.86592 1.48819e+04
118.87025 1.66301e+04
118.87459 1.83362e+04
118.87892 1.95284e+04
118.88326 1.89037e+04
118.88759 1.81196e+04
118.89192 1.85998e+04
118.89626 2.00960e+04
118.90059 2.10797e+04
118.90493 2.07504e+04
118.90926 1.91946e+04
118.91360 1.76380e+04
118.91793 1.85016e+04
118.92226 2.06743e+04
118.92660 2.08476e+04
118.93093 1.93214e+04
118.93527 1.84835e+04
118.93960 1.91235e+04
118.94393 1.96790e+04
118.94827 1.92279e+04
118.95260 1.89029e+04
118.95694 2.01632e+04
118.96127 2.15920e+04
118.96561 2.06108e+04
118.96994 1.87544e+04
118.97428 1.74796e+04
118.97861 1.72929e+04
118.98294 1.70761e+04
118.98728 1.67889e+04
118.99161 1.66305e+04
118.99595 1.67228e+04
119.00028 1.74483e+04
119.00462 1.86611e+04
119.00895 1.98339e+04
119.01329 2.13441e+04
119.01762 2.27576e+04
119.02195 2.49439e+04
119.02629 2.89099e+04
119.03062 3.67630e+04
119.03496 5.28653e+04
119.03929 7.14723e+04
119.04363 7.77153e+04
119.04796 6.48711e+04
119.05230 4.28627e+04
119.05663 2.69243e+04
119.06097 2.06126e+04
119.06530 1.83806e+04
119.06964 1.69407e+04
119.07397 1.60796e+04
119.07831 1.55475e+04
119.08264 1.56370e+04
119.08698 1.64225e+04
119.09131 1.73219e+04
119.09564 1.77383e+04
119.09998 1.74813e+04
119.10431 1.68426e+04
119.10865 1.64342e+04
119.11298 1.62446e+04
119.11732 1.56843e+04
119.12165 1.57636e+04
119.12599 1.55779e+04
119.13032 1.56454e+04
119.13466 1.57234e+04
119.13899 1.61163e+04
119.14333 1.69670e+04
119.14766 1.76858e+04
119.15200 1.81936e+04
119.15633 1.79933e+04
119.16067 1.83304e+04
119.16500 1.78954e+04
119.16934 1.75238e+04
119.17368 1.78120e+04
119.17801 1.84527e+04
119.18235 1.95733e+04
119.18668 1.99331e+04
119.19102 1.92013e+04
119.19535 1.79976e+04
119.19969 1.70428e+04
119.20402 1.63352e+04
119.20836 1.58046e+04
119.21269 1.55990e+04
119.21703 1.54752e+04
119.22136 1.54330e+04
119.22570 1.56508e+04
119.23003 1.59270e+04
119.23437 1.62370e+04
119.23870 1.66222e+04
119.24304 1.70502e+04
119.24738 1.73149e+04
119.25171 1.71582e+04
119.25538 1.71236e+04
119.25972 1.75659e+04
119.26405 1.75099e+04
119.26839 1.74982e+04
119.27272 1.75017e+04
119.27706 1.74375e+04
119.28140 1.80619e+04
119.28573 1.93648e+04
119.29007 2.23522e+04
119.29440 2.73631e+04
119.29874 3.12455e+04
119.30307 3.09676e+04
119.30741 2.83960e+04
119.31175 2.93868e+04
119.31608 3.59398e+04
119.32042 4.46981e+04
119.32475 5.12480e+04
119.32909 5.30720e+04
119.33342 5.02706e+04
119.33776 4.22376e+04
119.34210 3.23333e+04
119.34643 2.48560e+04
119.35077 2.13081e+04
119.35510 2.10931e+04
119.35944 2.36135e+04
119.36378 2.52847e+04
119.36811 2.43086e+04
119.37245 2.15597e+04
119.37678 1.97587e+04
119.38112 1.93384e+04
119.38546 2.04180e+04
119.38979 2.25437e+04
119.39413 2.62446e+04
119.39846 3.03481e+04
119.40280 3.37708e+04
119.40714 3.48824e+04
119.41147 3.32045e+04
119.41581 3.01758e+04
119.42014 2.93594e+04
119.42448 3.09457e+04
119.42882 3.40380e+04
119.43315 3.93232e+04
119.43749 4.98113e+04
119.44183 6.63913e+04
119.44616 8.31353e+04
119.45050 9.10939e+04
119.45483 8.54099e+04
119.45917 6.73670e+04
119.46351 4.70082e+04
119.46784 3.38834e+04
119.47218 2.67650e+04
119.47652 2.28311e+04
119.48085 2.06429e+04
119.48519 1.94810e+04
119.48953 1.90275e+04
119.49386 1.91791e+04
119.49820 1.91194e+04
119.50253 1.87855e+04
119.50687 1.90507e+04
119.51121 1.94443e+04
119.51554 1.92364e+04
119.51988 1.91953e+04
119.52422 1.86048e+04
119.52855 1.86984e+04
119.53289 1.92581e+04
119.53723 1.92341e+04
119.54156 1.89939e+04
119.54590 1.91297e+04
119.55024 1.93411e+04
119.55457 1.91753e+04
119.55891 1.88187e+04
119.56325 1.91553e+04
119.56758 1.96909e+04
119.57192 2.02194e+04
119.57626 1.98203e+04
119.58059 1.90344e+04
119.58493 1.82350e+04
119.58927 1.83087e+04
119.59360 1.89046e+04
119.59794 1.93278e+04
119.60328 1.93168e+04
119.60762 1.94935e+04
119.61195 2.00988e+04
119.61629 2.07729e+04
119.62063 2.14556e+04
119.62496 2.12189e+04
119.62930 2.04249e+04
119.63364 1.98965e+04
119.63797 1.92793e+04
119.64231 1.90962e+04
119.64665 1.96562e+04
119.65099 1.99439e+04
119.65532 2.00803e+04
119.65966 2.04001e+04
119.66400 2.07403e+04
119.66833 2.07469e+04
119.67267 2.06040e+04
119.67701 2.03628e+04
119.68135 2.01653e+04
119.68568 2.02096e+04
119.69002 2.07211e+04
119.69436 2.12696e+04
119.69869 2.14518e+04
119.70303 2.15360e+04
119.70737 2.18484e+04
119.71171 2.21084e+04
119.71604 2.27216e+04
119.72038 2.41718e+04
119.72472 2.72402e+04
119.72906 3.39568e+04
119.73339 4.39520e+04
119.73773 5.13914e+04
119.74207 5.06587e+04
119.74640 4.24063e+04
119.75074 3.27528e+04
119.75508 2.63790e+04
119.75942 2.33576e+04
119.76375 2.28997e+04
119.76809 2.30792e+04
119.77243 2.29971e+04
119.77677 2.31097e+04
119.78111 2.30078e+04
119.78544 2.29367e+04
119.78978 2.21469e+04
119.79412 2.13494e+04
119.79846 2.12333e+04
119.80279 2.13141e+04
119.80713 2.12197e+04
119.81147 2.10990e+04
119.81581 2.07156e+04
119.82014 2.11842e+04
119.82448 2.15190e+04
119.82882 2.17895e+04
119.83316 2.16317e+04
119.83750 2.17529e+04
119.84183 2.09569e+04
119.84617 2.08552e+04
119.85051 2.10080e+04
119.85485 2.18269e+04
119.85918 2.31493e+04
119.86352 2.37144e+04
119.86786 2.38902e+04
119.87220 2.37060e+04
119.87654 2.25209e+04
119.88087 2.20302e+04
119.88521 2.28436e+04
119.88955 2.35516e+04
119.89389 2.36622e+04
119.89823 2.52887e+04
119.90256 2.78352e+04
119.90690 3.13224e+04
119.91124 3.67478e+04
119.91558 4.45318e+04
119.91992 5.15837e+04
119.92425 5.15421e+04
119.92859 4.53002e+04
119.93293 3.86441e+04
119.93727 3.71802e+04
119.94161 4.36910e+04
119.94595 5.87218e+04
119.95028 8.01399e+04
119.95462 9.21268e+04
119.95896 8.64335e+04
119.96330 6.78316e+04
119.96764 4.66879e+04
119.97198 3.22098e+04
119.97631 2.47766e+04
119.98065 2.25531e+04
119.98499 2.37844e+04
119.98933 2.64021e+04
119.99367 2.73813e+04
119.99801 2.48011e+04
120.00234 2.38101e+04
120.00668 2.78596e+04
120.01102 3.88455e+04
120.01536 5.64436e+04
120.01970 7.51408e+04
120.02404 8.11165e+04
120.02838 6.92731e+04
120.03271 4.71261e+04
120.03705 3.05921e+04
120.04139 2.43055e+04
120.04573 2.34706e+04
120.05007 2.56735e+04
120.05441 3.05655e+04
120.05875 3.74330e+04
120.06308 4.63244e+04
120.06742 5.87825e+04
120.07176 6.63732e+04
120.07610 5.99945e+04
120.08044 4.66105e+04
120.08478 3.63319e+04
120.08912 3.53342e+04
120.09346 4.11651e+04
120.09779 4.91926e+04
120.10213 5.29306e+04
120.10647 4.77864e+04
120.11081 3.95163e+04
120.11515 3.21757e+04
120.11949 2.68307e+04
120.12383 2.39392e+04
120.12817 2.29697e+04
120.13251 2.32619e+04
120.13684 2.46760e+04
120.14118 2.73824e+04
120.14552 3.15308e+04
120.14986 3.18625e+04
120.15420 2.72924e+04
120.15854 2.45370e+04
120.16288 2.38076e+04
120.16722 2.45828e+04
120.17156 2.54381e+04
120.17590 2.52157e+04
120.18024 2.47525e+04
120.18457 2.42512e+04
120.18891 2.42634e+04
120.19325 2.60056e+04
120.19759 3.05506e+04
120.20193 3.32975e+04
120.20627 2.92281e+04
120.21061 2.41163e+04
120.21495 2.20009e+04
120.21929 2.21919e+04
120.22363 2.33333e+04
120.22797 2.34154e+04
120.23231 2.35633e+04
120.23665 2.42289e+04
120.24099 2.47217e+04
120.24532 2.54919e+04
120.24966 2.52675e+04
120.25400 2.48722e+04
120.25834 2.55567e+04
120.26268 2.92318e+04
120.26702 3.40398e+04
120.27136 3.39260e+04
120.27570 2.83681e+04
120.28004 2.44270e+04
120.28438 2.40683e+04
120.28872 2.40794e+04
120.29306 2.47031e+04
120.29740 2.51771e+04
120.30275 2.53936e+04
120.30709 2.50966e+04
120.31143 2.55811e+04
120.31576 2.58610e+04
120.32010 2.67697e+04
120.32444 2.69664e+04
120.32878 2.72955e+04
120.33312 2.99145e+04
120.33746 3.55987e+04
120.34180 4.00757e+04
120.34614 3.57571e+04
120.35048 2.86458e+04
120.35482 2.60373e+04
120.35916 2.54891e+04
120.36350 2.58493e+04
120.36784 2.60466e+04
120.37218 2.58978e+04
120.37652 2.62693e+04
120.38086 2.66449e+04
120.38520 2.71047e+04
120.38954 2.73043e+04
120.39388 2.75973e+04
120.39822 2.70585e+04
120.40256 2.72237e+04
120.40690 2.82559e+04
120.41124 3.05582e+04
120.41558 3.54117e+04
120.41992 4.21814e+04
120.42426 5.02624e+04
120.42860 5.51342e+04
120.43294 5.51455e+04
120.43728 5.07269e+04
120.44162 4.11663e+04
120.44596 3.23315e+04
120.45030 2.80478e+04
120.45464 2.66575e+04
120.45898 2.58005e+04
120.46332 2.54755e+04
120.46766 2.66417e+04
120.47201 2.86052e+04
120.47635 2.98886e+04
120.48069 2.91744e+04
120.48503 2.84539e+04
120.48937 2.85486e+04
120.49371 2.73261e+04
120.49805 2.58903e+04
120.53711 3.88731e+04
120.54145 3.25877e+04
120.54579 3.39277e+04
120.55013 4.11896e+04
120.55447 4.79425e+04
120.55882 4.64011e+04
120.56316 3.88519e+04
120.56750 3.39103e+04
120.57184 3.17586e+04
120.57618 3.18017e+04
120.58052 3.21839e+04
120.58486 3.39806e+04
120.58920 3.55846e+04
120.59354 3.50210e+04
120.59788 3.35708e+04
120.60222 3.37782e+04
120.60656 3.65879e+04
120.61090 4.17672e+04
120.61525 5.05688e+04
120.61959 7.03041e+04
120.62393 1.06488e+05
120.62827 1.78003e+05
120.63261 3.15609e+05
120.63695 5.88882e+05
120.64129 1.04533e+06
120.64563 1.58601e+06
120.64997 1.87975e+06
120.65431 1.65810e+06
120.65865 1.08999e+06
120.66300 6.03849e+05
120.66734 3.15057e+05
120.67168 1.66823e+05
120.67602 9.87074e+04
120.68036 6.86430e+04
120.68470 5.53360e+04
120.68904 4.89495e+04
120.69338 5.03904e+04
120.69772 5.59974e+04
120.70207 6.05437e+04
120.70641 5.28704e+04
120.71075 4.39926e+04
120.71509 4.30626e+04
120.71943 4.12992e+04
120.72377 3.74042e+04
120.72811 3.47717e+04
120.73246 3.46136e+04
120.73680 3.48849e+04
120.74114 3.45738e+04
120.74548 3.42759e+04
120.74982 3.60999e+04
120.75416 3.70929e+04
120.75850 3.71685e+04
120.76284 3.70835e+04
120.76719 3.97701e+04
120.77153 4.25536e+04
120.77587 4.35088e+04
120.78021 4.01275e+04
120.78455 3.69910e+04
120.78889 3.47635e+04
120.79324 3.50527e+04
120.79758 3.48850e+04
120.80192 3.43070e+04
120.80626 3.50225e+04
120.81060 3.56070e+04
120.81494 3.77006e+04
120.81929 3.92138e+04
120.82363 3.97009e+04
120.82797 4.29097e+04
120.83231 4.43083e+04
120.83665 4.75284e+04
120.84099 4.87716e+04
120.84534 4.59279e+04
120.84968 4.14702e+04
120.85402 4.08424e+04
120.85836 4.14557e+04
120.86270 4.35088e+04
120.86704 4.46283e+04
120.87139 4.50702e+04
120.87573 4.63319e+04
120.88007 5.07983e+04
120.88441 5.89221e+04
120.88875 6.20875e+04
120.89310 5.66722e+04
120.89744 4.97804e+04
120.90178 4.81382e+04
120.90612 4.76548e+04
120.91046 4.90572e+04
120.91481 5.32937e+04
120.91915 5.57601e+04
120.92349 5.51051e+04
120.92783 5.27811e+04
120.93217 4.89487e+04
120.93652 4.77559e+04
120.94086 4.98850e+04
120.94520 5.03315e+04
120.94954 4.82014e+04
120.95389 4.76585e+04
120.95823 4.67334e+04
120.96257 4.49530e+04
120.96691 4.49235e+04
120.97125 4.68700e+04
120.97560 4.71661e+04
120.97994 5.00456e+04
120.98428 5.20992e+04
120.98862 5.20902e+04
120.99297 5.02430e+04
120.99731 4.96988e+04
121.00165 5.03395e+04
121.00599 5.30251e+04
121.01034 5.68132e+04
121.01468 6.11775e+04
121.01902 6.19042e+04
121.02336 5.71761e+04
121.02771 5.61832e+04
121.03205 5.65160e+04
121.03639 5.58945e+04
121.04073 5.69834e+04
121.04508 5.69824e+04
121.04942 5.90121e+04
121.05376 6.11754e+04
121.05810 6.07672e+04
121.06245 6.13003e+04
121.06679 6.12743e+04
121.07113 6.01128e+04
121.07547 5.99916e+04
121.07982 6.24556e+04
121.08416 6.62360e+04
121.08850 6.79920e+04
121.09285 7.07255e+04
121.09719 7.28269e+04
121.10153 7.38574e+04
121.10587 7.39227e+04
121.11022 7.46274e+04
121.11456 7.72954e+04
121.11890 8.57023e+04
121.12324 9.23908e+04
121.12759 8.83615e+04
121.13193 8.56687e+04
121.13627 8.62022e+04
121.14062 8.32872e+04
121.14496 8.27774e+04
121.14930 8.29544e+04
121.15365 8.53200e+04
121.15799 8.78396e+04
121.16233 9.34440e+04
121.16667 9.90499e+04
121.17102 9.64225e+04
121.17536 9.30609e+04
121.17970 9.27985e+04
121.18405 9.26828e+04
121.18839 9.37786e+04
121.19273 9.61099e+04
121.19708 1.02321e+05
121.19742 1.12388e+05
121.20176 1.20699e+05
121.20611 1.20917e+05
121.21045 1.11339e+05
121.21479 1.08799e+05
121.21914 1.14105e+05
121.22348 1.16340e+05
121.22782 1.20725e+05
121.23217 1.18946e+05
121.23651 1.19167e+05
121.24085 1.28315e+05
121.24520 1.38222e+05
121.24954 1.42642e+05
121.25388 1.45991e+05
121.25823 1.49155e+05
121.26257 1.54715e+05
121.26691 1.64790e+05
121.27126 1.71938e+05
121.27560 1.70136e+05
121.27994 1.67258e+05
121.28429 1.67948e+05
121.28863 1.75087e+05
121.29297 1.91403e+05
121.29732 2.09160e+05
121.30166 2.12026e+05
121.30600 2.03447e+05
121.31035 1.96272e+05
121.31469 1.95867e+05
121.31904 2.07060e+05
121.32338 2.30784e+05
121.32772 2.51214e+05
121.33207 2.66703e+05
121.33641 2.70517e+05
121.34075 2.79428e+05
121.34510 2.91089e+05
121.34944 2.99040e+05
121.35379 3.06509e+05
121.35813 3.18514e+05
121.36247 3.33348e+05
121.36682 3.53765e+05
121.37116 3.54888e+05
121.37550 3.50978e+05
121.37985 3.59902e+05
121.38419 3.83634e+05
121.38854 4.19779e+05
121.39288 4.61853e+05
121.39722 4.94616e+05
121.40157 5.04870e+05
121.40591 5.12821e+05
121.41026 5.45923e+05
121.41460 6.03763e+05
121.41894 6.62286e+05
121.42329 7.21593e+05
121.42763 7.64559e+05
121.43198 7.83057e+05
121.43632 7.94200e+05
121.44066 8.29896e+05
121.44501 8.86312e+05
121.44935 9.63068e+05
121.45370 1.04624e+06
121.45804 1.22369e+06
121.46239 1.62411e+06
121.49714 6.14144e+06
121.50148 7.13226e+06
121.50583 6.81202e+06
121.51017 6.74109e+06
121.51452 7.39461e+06
121.51886 9.46231e+06
121.52321 1.72365e+07
121.52755 3.07022e+07
121.53190 3.54771e+07
121.53624 3.52941e+07
121.54058 3.88735e+07
121.54493 4.72487e+07
121.54927 7.10487e+07
121.55362 9.81344e+07
121.55796 8.44925e+07
121.56231 6.28562e+07
121.56304 5.81034e+07
121.56735 6.76906e+07
121.57166 7.88650e+07
121.57597 8.62509e+07
121.58029 8.39567e+07
121.58460 7.24939e+07
121.58891 5.60888e+07
121.59322 4.02239e+07
121.59753 2.74494e+07
121.60184 2.11884e+07
121.60615 1.73501e+07
121.61046 1.30546e+07
121.61478 9.76800e+06
121.61909 7.82537e+06
121.62340 6.74482e+06
121.62771 6.08102e+06
121.63202 5.03021e+06
121.63633 3.70101e+06
121.64064 2.57375e+06
121.67945 1.27003e+06
121.68376 1.17620e+06
121.68807 1.07706e+06
121.69238 9.75723e+05
121.69669 9.16957e+05
121.70101 8.65800e+05
121.70532 7.94928e+05
121.70963 7.49921e+05
121.71394 7.07088e+05
121.71825 6.69391e+05
121.72256 6.50963e+05
121.72688 6.52765e+05
121.73119 6.56540e+05
121.73550 6.50064e+05
121.73981 6.36446e+05
121.74412 6.04026e+05
121.74843 5.73159e+05
121.75275 5.56171e+05
121.75706 5.54990e+05
121.76137 5.54616e+05
121.76568 5.38291e+05
121.76999 5.08895e+05
121.77431 4.80736e+05
121.77862 4.59810e+05
121.78293 4.62597e+05
121.78724 4.64468e+05
121.79155 4.56215e+05
121.79587 4.46240e+05
121.80018 4.22845e+05
121.80449 4.04808e+05
121.80880 4.03668e+05
121.81312 4.14544e+05
121.81743 4.28716e+05
121.82174 4.36979e+05
121.82605 4.25636e+05
121.83036 3.94466e+05
121.83468 3.65383e+05
121.83899 3.31948e+05
121.84330 2.93766e+05
121.84761 2.63272e+05
121.85193 2.36681e+05
121.85624 2.12843e+05
121.86055 1.94951e+05
121.86486 1.84543e+05
121.86917 1.84619e+05
121.87349 1.80431e+05
121.87780 1.82781e+05
121.88211 1.84315e+05
121.88642 1.87481e+05
121.89074 1.78581e+05
121.89505 1.65617e+05
121.89936 1.56186e+05
121.90367 1.47206e+05
121.90799 1.46216e+05
121.91230 1.47749e+05
121.91661 1.52220e+05
121.92092 1.53214e+05
121.92524 1.51250e+05
121.92955 1.49566e+05
121.93386 1.54497e+05
121.93817 1.64228e+05
121.94249 1.85341e+05
121.94680 2.07081e+05
121.95111 2.28715e+05
121.95543 2.44694e+05
121.95974 2.49725e+05
121.96405 2.33475e+05
121.96836 2.03001e+05
121.97268 1.69361e+05
121.97699 1.45886e+05
121.98130 1.24048e+05
121.98562 1.09399e+05
121.98993 1.04372e+05
121.99424 1.00459e+05
121.99855 9.76173e+04
122.00287 9.92420e+04
122.00718 1.02623e+05
122.01149 1.04256e+05
122.01581 1.02931e+05
122.02012 9.75814e+04
122.02443 9.03163e+04
122.02874 8.86913e+04
122.03306 8.41367e+04
122.03737 8.41255e+04
122.04168 8.30072e+04
122.04600 8.05230e+04
122.05031 7.95800e+04
122.05462 8.04691e+04
122.05894 8.13778e+04
122.06325 8.20207e+04
122.06756 7.69771e+04
122.07188 7.33427e+04
122.07619 7.03729e+04
122.08050 6.70091e+04
122.08482 6.61908e+04
122.08913 6.72056e+04
122.09344 6.84211e+04
122.09776 6.73055e+04
122.10207 6.63417e+04
122.10638 6.64768e+04
122.11070 6.57406e+04
122.11501 6.38364e+04
122.11932 6.27853e+04
122.12364 6.26633e+04
122.12795 6.14628e+04
122.13226 6.30112e+04
122.13658 6.17725e+04
122.14089 6.27466e+04
122.14520 6.39380e+04
122.14952 6.36587e+04
122.15383 6.24672e+04
122.15814 6.20560e+04
122.16246 6.12877e+04
122.16677 6.39184e+04
122.17108 6.07597e+04
122.17540 5.88477e+04
122.17971 5.61929e+04
122.18403 5.47520e+04
122.18834 5.43681e+04
122.19265 5.44086e+04
122.19697 5.36989e+04
122.20128 5.10702e+04
122.20559 5.11415e+04
122.20991 5.06109e+04
122.21422 4.88565e+04
122.21854 4.90966e+04
122.22285 4.88165e+04
122.22716 4.90679e+04
122.23148 5.04980e+04
122.23579 5.17711e+04
122.24010 5.13719e+04
122.24442 5.11718e+04
122.24873 4.94196e+04
122.25305 4.94678e+04
122.25736 4.96544e+04
122.26167 4.98151e+04
122.26599 4.86634e+04
122.27030 4.87364e+04
122.27462 4.69128e+04
122.27893 4.59522e+04
122.28324 4.54428e+04
122.28756 4.48659e+04
122.29187 4.55762e+04
122.29619 4.70397e+04
122.30050 4.69335e+04
122.30482 4.61327e+04
122.30913 4.39296e+04
122.31344 4.43002e+04
122.31776 4.32766e+04
122.32207 4.15625e+04
122.32639 4.23743e+04
122.33070 4.26518e+04
122.33502 4.42160e+04
122.33933 4.37001e+04
122.34364 4.34337e+04
122.34796 4.28893e+04
122.35227 4.34162e+04
122.35659 4.28939e+04
122.36090 4.23483e+04
122.36522 4.08021e+04
122.36953 4.07104e+04
122.37384 4.06233e+04
122.37816 4.01766e+04
122.38247 3.92832e+04
122.38679 4.08082e+04
122.39110 3.97857e+04
122.39542 3.90494e+04
122.39973 3.91599e+04
122.40405 4.01890e+04
122.40836 4.33296e+04
122.41268 4.39925e+04
122.41699 4.37270e+04
122.42130 4.15722e+04
122.42562 4.01000e+04
122.42993 3.96950e+04
122.43425 4.15895e+04
122.43856 4.23849e+04
122.44288 4.45681e+04
122.44719 4.65952e+04
122.45151 4.78103e+04
122.45582 4.48434e+04
122.46014 4.09764e+04
122.46445 3.76125e+04
122.46877 3.55990e+04
122.47308 3.51259e+04
122.47740 3.53128e+04
122.48171 3.83221e+04
122.48603 3.99430e+04
122.49034 4.02938e+04
122.49466 3.96211e+04
122.49897 4.05306e+04
122.50329 4.09034e+04
122.50760 4.02277e+04
122.57464 2.53010e+04
122.57896 2.47560e+04
122.58327 2.39498e+04
122.58759 2.39557e+04
122.59191 2.47101e+04
122.59622 2.59318e+04
122.60054 2.66195e+04
122.60485 2.66506e+04
122.60917 2.71060e+04
122.61348 2.73130e+04
122.61780 2.70316e+04
122.62211 2.75483e+04
122.62643 2.77315e+04
122.63074 2.71677e+04
122.63506 2.69705e+04
122.63938 2.64532e+04
122.64369 2.55355e+04
122.64801 2.57254e+04
122.65232 2.69587e+04
122.65664 2.71941e+04
122.66095 2.71168e+04
122.66527 2.64434e+04
122.66958 2.56185e+04
122.67390 2.52919e+04
122.67822 2.58106e+04
122.68253 2.67700e+04
122.68685 2.71796e+04
122.69116 2.65735e+04
122.69548 2.61263e+04
122.69980 2.62618e+04
122.70411 2.65878e+04
122.70843 2.74817e+04
122.71274 2.73333e+04
122.71706 2.62134e+04
122.72137 2.57414e+04
122.72569 2.56643e+04
122.73001 2.53412e+04
122.73432 2.53031e+04
122.73864 2.49490e+04
122.74295 2.49386e+04
122.74727 2.52009e+04
122.75159 2.56431e+04
122.75590 2.53832e+04
122.76022 2.54255e+04
122.76453 2.64108e+04
122.76885 2.72744e+04
122.77317 2.72758e+04
122.77748 2.65067e+04
122.78180 2.59419e+04
122.78611 2.58921e+04
122.79043 2.62355e+04
122.79475 2.76275e+04
122.79906 3.04528e+04
122.80338 3.40607e+04
122.80770 3.52889e+04
122.81201 3.20644e+04
122.81633 2.75503e+04
122.82064 2.51306e+04
122.82496 2.43392e+04
122.82928 2.41798e+04
122.83359 2.46454e+04
122.83791 2.46241e+04
122.84223 2.48070e+04
122.84654 2.43956e+04
122.85086 2.39188e+04
122.85518 2.36981e+04
122.85949 2.32711e+04
122.86381 2.36479e+04
122.86813 2.40715e+04
122.87244 2.39900e+04
122.87676 2.43749e+04
122.88107 2.42573e+04
122.88539 2.33801e+04
122.88971 2.29996e+04
122.89402 2.27202e+04
122.89834 2.28718e+04
122.90266 2.27426e+04
122.90697 2.23686e+04
122.91129 2.22062e+04
122.91561 2.21465e+04
122.91992 2.22043e+04
122.92424 2.23671e+04
122.92856 2.25398e+04
122.93288 2.22678e+04
122.93719 2.18967e+04
122.94151 2.17336e+04
122.94583 2.21215e+04
122.95014 2.26954e+04
122.95446 2.39900e+04
122.95878 2.61319e+04
122.96309 2.67273e+04
122.96741 2.42917e+04
122.97173 2.21349e+04
122.97604 2.11599e+04
122.98036 2.05412e+04
122.98468 2.02617e+04
122.98899 2.03284e+04
122.99331 2.07321e+04
122.99763 2.09562e+04
123.00195 2.16082e+04
123.00626 2.18915e+04
123.01058 2.16995e+04
123.01490 2.09039e+04
123.01921 2.07545e+04
123.02353 2.07969e+04
123.02785 2.14576e+04
123.03217 2.17862e+04
123.03648 2.24371e+04
123.04080 2.22453e+04
123.04512 2.20916e+04
123.04943 2.16633e+04
123.05375 2.04945e+04
123.05807 1.98134e+04
123.06239 1.97763e+04
123.06670 1.99283e+04
123.07102 1.97172e+04
123.07534 1.92146e+04
123.07966 1.94040e+04
123.08397 1.96657e+04
123.08829 1.99175e+04
123.09261 2.04886e+04
123.10302 1.91736e+04
123.10734 1.89941e+04
123.11165 1.91988e+04
123.11597 1.90104e+04
123.12029 1.87387e+04
123.12461 1.91387e+04
123.12892 1.95280e+04
123.13324 1.93768e+04
123.13756 1.89344e+04
123.14188 1.87459e+04
123.14620 1.79838e+04
123.15051 1.79375e+04
123.15483 1.80759e+04
123.15915 1.79728e+04
123.16347 1.80248e+04
123.16778 1.83097e+04
123.17210 1.82452e+04
123.17642 1.81987e+04
123.18074 1.82220e+04
123.18506 1.78551e+04
123.18937 1.81245e+04
123.19369 1.83515e+04
123.19801 1.84318e+04
123.20233 1.84392e+04
123.20664 1.81882e+04
123.21096 1.84546e+04
123.21528 1.85128e+04
123.21960 1.82234e+04
123.22392 1.77094e+04
123.22823 1.72024e+04
123.23255 1.68506e+04
123.23687 1.71569e+04
123.24119 1.76639e+04
123.24551 1.85688e+04
123.24983 1.90158e+04
123.25414 1.91185e+04
123.25846 1.88104e+04
123.26278 1.89311e+04
123.26710 1.82232e+04
123.27142 1.77975e+04
123.27573 1.72911e+04
123.28005 1.71286e+04
123.28437 1.71366e+04
123.28869 1.72376e+04
123.29301 1.77309e+04
123.29733 1.79533e+04
123.30164 1.81500e+04
123.30596 1.85629e+04
123.31028 1.89074e+04
123.31460 1.84535e+04
123.31892 1.74546e+04
123.32324 1.71054e+04
123.32755 1.71417e+04
123.33187 1.66290e+04
123.33619 1.66775e+04
123.34051 1.67782e+04
123.34483 1.70678e+04
123.34915 1.72615e+04
123.35346 1.67633e+04
123.35778 1.61812e+04
123.36210 1.57380e+04
123.36642 1.55439e+04
123.37074 1.54003e+04
123.37506 1.54715e+04
123.37938 1.56079e+04
123.38370 1.62164e+04
123.38801 1.67859e+04
123.39233 1.70102e+04
123.39665 1.71759e+04
123.40097 1.72547e+04
123.40529 1.73055e+04
123.40961 1.77649e+04
123.41393 1.81932e+04
123.41825 1.77991e+04
123.42256 1.72185e+04
123.42688 1.69212e+04
123.43120 1.63365e+04
123.43552 1.59741e+04
123.43984 1.58173e+04
123.44416 1.55461e+04
123.44848 1.54526e+04
123.45280 1.55462e+04
123.45712 1.55320e+04
123.46143 1.53761e+04
123.46575 1.51631e+04
123.47007 1.49950e+04
123.47439 1.48324e+04
123.47871 1.45489e+04
123.48303 1.48034e+04
123.48735 1.52760e+04
123.49167 1.59056e+04
123.49599 1.58540e+04
123.50031 1.57248e+04
123.50462 1.56396e+04
123.50894 1.53918e+04
123.51326 1.52861e+04
123.51758 1.55023e+04
123.52190 1.54056e+04
123.52622 1.54282e+04
123.53054 1.54365e+04
123.53486 1.52002e+04
123.53918 1.51972e+04
123.54350 1.52531e+04
123.54782 1.51157e+04
123.55214 1.52378e+04
123.55646 1.58547e+04
123.56078 1.68766e+04
123.56509 1.67725e+04
123.56941 1.55719e+04
123.57373 1.48291e+04
123.57805 1.44830e+04
123.58237 1.47581e+04
123.58669 1.46053e+04
123.59101 1.42856e+04
123.59533 1.43815e+04
123.59965 1.43123e+04
123.60197 1.41828e+04
123.60629 1.45263e+04
123.61061 1.50805e+04
123.61493 1.53543e+04
123.61925 1.52358e+04
123.62357 1.52313e+04
123.62789 1.54311e+04
123.63221 1.52669e+04
123.63653 1.47931e+04
123.64085 1.43359e+04
123.64517 1.43584e+04
123.64949 1.45257e+04
123.65381 1.42584e+04
123.65813 1.41407e+04
123.66245 1.44374e+04
123.66677 1.45447e+04
123.67109 1.43873e+04
123.67541 1.41223e+04
123.67973 1.41733e+04
123.68405 1.43118e+04
123.68837 1.48701e+04
123.69269 1.51666e+04
123.69701 1.66667e+04
123.70133 1.85355e+04
123.70565 1.88469e+04
123.70997 1.65247e+04
123.71429 1.47541e+04
123.71861 1.41606e+04
123.72293 1.44589e+04
123.72725 1.46908e+04
123.73157 1.42996e+04
123.73589 1.36906e+04
123.74021 1.33488e+04
123.74453 1.38554e+04
123.74885 1.45181e+04
123.75317 1.46468e+04
123.75749 1.42499e+04
123.76181 1.41229e+04
123.76613 1.45337e+04
123.77045 1.48639e+04
123.77477 1.50658e+04
123.77909 1.50034e+04
123.78341 1.43734e+04
123.78773 1.39715e+04
123.79205 1.36719e+04
123.79637 1.38254e+04
123.80069 1.40977e+04
123.80501 1.41138e+04
123.80933 1.43101e+04
123.81365 1.44568e+04
123.81797 1.47806e+04
123.82229 1.52514e+04
123.82661 1.57182e+04
123.83093 1.62884e+04
123.83525 1.64388e+04
123.83957 1.66002e+04
123.84389 1.75470e+04
123.84821 2.00692e+04
123.85254 2.38209e+04
123.85686 3.06532e+04
123.86118 4.27072e+04
123.86550 6.22556e+04
123.86982 9.09107e+04
123.87414 1.25112e+05
123.87846 1.55951e+05
123.88278 1.71753e+05
123.88710 1.59319e+05
123.89142 1.24573e+05
123.89574 8.50758e+04
123.90006 5.38723e+04
123.90438 3.50444e+04
123.90870 2.46600e+04
123.91303 1.95858e+04
123.91735 1.75789e+04
123.92167 1.69216e+04
123.92599 1.63581e+04
123.93031 1.57117e+04
123.93463 1.51737e+04
123.93895 1.44403e+04
123.94327 1.41672e+04
123.94759 1.38431e+04
123.95191 1.36261e+04
123.95624 1.32309e+04
123.96056 1.32980e+04
123.96488 1.30899e+04
123.96920 1.30476e+04
123.97352 1.34838e+04
123.97784 1.34867e+04
123.98216 1.37960e+04
123.98648 1.41324e+04
123.99080 1.44476e+04
123.99513 1.43153e+04
123.99945 1.38846e+04
124.00377 1.37972e+04
124.00809 1.42135e+04
124.01241 1.42867e+04
124.01673 1.43243e+04
124.02105 1.43876e+04
124.02537 1.43188e+04
124.02970 1.43294e+04
124.03402 1.47209e+04
124.03834 1.52294e+04
124.04266 1.48892e+04
124.04698 1.41053e+04
124.05130 1.35421e+04
124.05562 1.31977e+04
124.05995 1.34458e+04
124.06431 1.35477e+04
124.06862 1.41254e+04
124.07293 1.39757e+04
124.07724 1.36854e+04
124.08155 1.36375e+04
124.08586 1.39718e+04
124.09017 1.39313e+04
124.09448 1.35262e+04
124.09880 1.35986e+04
124.10311 1.37154e+04
124.10742 1.34148e+04
124.11173 1.29979e+04
124.11604 1.33030e+04
124.12035 1.33487e+04
124.12466 1.34569e+04
124.12897 1.37600e+04
124.13329 1.31829e+04
124.13760 1.27139e+04
124.14191 1.31722e+04
124.14622 1.34521e+04
124.15053 1.30402e+04
124.15484 1.34371e+04
124.15915 1.41637e+04
124.16347 1.35839e+04
124.16778 1.26587e+04
124.17209 1.36557e+04
124.17640 1.61473e+04
124.18071 1.89123e+04
124.18502 2.20113e+04
124.18933 2.48474e+04
124.19365 2.43930e+04
124.19796 2.22223e+04
124.20227 2.00891e+04
124.20658 1.70104e+04
124.21089 1.52081e+04
124.21520 1.53125e+04
124.21952 1.60370e+04
124.22383 1.58083e+04
124.22814 1.39556e+04
124.23245 1.25546e+04
124.23676 1.28804e+04
124.24107 1.52672e+04
124.24539 1.81986e+04
124.24970 1.96200e+04
124.25401 2.08855e+04
124.25832 2.51088e+04
124.26263 3.40323e+04
124.26695 4.77583e+04
124.27126 6.72698e+04
124.27557 8.99066e+04
124.27988 1.06964e+05
124.28419 1.07717e+05
124.28850 9.21527e+04
124.29282 6.85605e+04
124.29713 4.59969e+04
124.30144 3.07137e+04
124.30575 2.47154e+04
124.31006 2.57809e+04
124.31438 2.98697e+04
124.31869 3.07433e+04
124.32300 2.71092e+04
124.32731 2.45684e+04
124.33163 2.31220e+04
124.33594 1.92241e+04
124.34025 1.58399e+04
124.34456 1.67680e+04
124.34887 1.94691e+04
124.35319 1.92521e+04
124.35750 1.49702e+04
124.36181 1.06035e+04
124.36612 8.98419e+03
124.37044 9.48241e+03
124.37475 1.08805e+04
124.37906 1.13735e+04
124.38337 1.03705e+04
124.38768 1.01789e+04
124.39200 1.26085e+04
124.39631 1.69214e+04
124.40062 1.87272e+04
124.40493 1.55578e+04
124.40925 1.30202e+04
124.41356 1.19921e+04
124.41787 1.00042e+04
124.42218 8.08942e+03
124.42650 7.36108e+03
124.43081 7.30712e+03
124.43512 7.56499e+03
124.43943 8.99558e+03
124.44375 1.18181e+04
124.44806 1.76725e+04
124.45237 2.24524e+04
124.45669 2.02588e+04
124.46100 1.35242e+04
124.46531 9.24746e+03
124.46962 7.92821e+03
124.47394 7.39112e+03
124.47825 7.25420e+03
124.48256 7.32262e+03
124.48687 7.74543e+03
124.49119 9.32193e+03
124.49550 1.20343e+04
124.49981 1.46549e+04
124.50413 1.42729e+04
124.50844 1.30540e+04
124.51275 1.56483e+04
124.51706 2.02340e+04
124.52138 2.01472e+04
124.52569 1.43724e+04
124.53000 9.51016e+03
124.53432 7.81022e+03
124.53863 7.39328e+03
124.53994 8.07256e+03
124.54426 9.81133e+03
124.54857 1.25961e+04
124.55288 1.38264e+04
124.55719 1.14940e+04
124.56151 8.92442e+03
124.56582 8.30534e+03
124.57013 8.59268e+03
124.57445 8.88409e+03
124.57876 9.54039e+03
124.58307 1.27615e+04
124.58739 1.91729e+04
124.59170 2.35974e+04
124.59601 2.03182e+04
124.60033 1.35493e+04
124.60464 1.03623e+04
124.60895 1.12553e+04
124.61327 1.37980e+04
124.61758 1.40307e+04
124.62189 1.09993e+04
124.62621 7.99283e+03
124.63052 6.62468e+03
124.63483 6.32441e+03
124.63915 6.45203e+03
124.64346 6.46987e+03
124.64777 6.57570e+03
124.65209 6.54957e+03
124.65640 6.65628e+03
124.66071 6.80822e+03
124.66503 7.20304e+03
124.66934 8.38083e+03
124.67365 1.13041e+04
124.67797 1.75498e+04
124.68228 2.64858e+04
124.68660 2.96243e+04
124.69091 2.33986e+04
124.69522 1.54482e+04
124.69954 1.13723e+04
124.70385 1.06936e+04
124.70816 1.41328e+04
124.71248 2.06054e+04
124.71679 2.24964e+04
124.72111 1.63390e+04
124.72542 1.08110e+04
124.72973 9.67818e+03
124.73405 1.07555e+04
124.73836 1.18665e+04
124.74267 1.24830e+04
124.74699 1.21518e+04
124.75130 1.10929e+04
124.75562 9.84258e+03
124.75993 8.51174e+03
124.76424 7.57141e+03
124.76856 7.77409e+03
124.77287 9.47170e+03
124.77719 1.36065e+04
124.78150 1.99812e+04
124.78581 2.49228e+04
124.79013 2.43522e+04
124.79444 2.39337e+04
124.79876 2.79445e+04
124.80307 2.80075e+04
124.80738 2.01130e+04
124.81170 1.22048e+04
124.81601 8.63934e+03
124.82033 7.60244e+03
124.82464 7.20765e+03
124.82896 6.98514e+03
124.83327 7.50298e+03
124.83758 7.92568e+03
124.84190 7.61205e+03
124.84621 7.12670e+03
124.85053 6.50021e+03
124.85484 6.10843e+03
124.85916 6.14056e+03
124.86347 6.59155e+03
124.86778 7.26808e+03
124.87210 7.57999e+03
124.87641 7.26122e+03
124.88073 6.98845e+03
124.88504 7.45362e+03
124.88936 9.26004e+03
124.89367 1.33588e+04
124.89799 1.87003e+04
124.90230 2.06441e+04
124.90662 1.57426e+04
124.91093 9.78906e+03
124.91524 7.40527e+03
124.91956 7.16466e+03
124.92387 8.23278e+03
124.92819 1.07965e+04
124.93250 1.66842e+04
124.93682 2.57918e+04
124.94113 3.14179e+04
124.94545 2.51161e+04
124.94976 1.47750e+04
124.95408 9.37255e+03
124.95839 7.79110e+03
124.96271 7.48776e+03
124.96702 8.05660e+03
124.97134 9.27145e+03
124.97565 1.17287e+04
124.97997 1.53170e+04
124.98428 1.89057e+04
124.98860 2.10597e+04
124.99291 2.16453e+04
124.99722 2.05334e+04
125.00154 1.85107e+04
125.00585 1.59795e+04
125.01017 1.34704e+04
125.01448 1.07122e+04
125.01880 8.90608e+03
125.02311 8.06036e+03
125.02743 8.83761e+03
125.03175 1.17007e+04
125.03606 1.81704e+04
125.04038 2.62144e+04
125.04469 2.82277e+04
125.04901 2.49023e+04
125.05332 2.72310e+04
125.05764 3.64230e+04
125.06195 3.88836e+04
125.06627 2.83659e+04
125.07058 1.65890e+04
125.07490 1.15503e+04
125.07921 1.05707e+04
125.08353 1.02340e+04
125.08784 8.69365e+03
125.09216 7.27691e+03
125.09647 7.19176e+03
125.10379 8.12771e+03
125.10810 1.11791e+04
125.11242 1.84250e+04
125.11673 3.01047e+04
125.12105 3.80462e+04
125.12537 3.21220e+04
125.12968 1.92174e+04
125.13400 1.09873e+04
125.13831 8.40395e+03
125.14263 7.92942e+03
125.14694 7.56141e+03
125.15126 6.90334e+03
125.15557 6.50966e+03
125.15989 6.15894e+03
125.16421 5.89885e+03
125.16852 6.10534e+03
125.17284 6.22673e+03
125.17715 6.45749e+03
125.18147 6.70411e+03
125.18578 6.79929e+03
125.19010 6.76519e+03
125.19442 6.65994e+03
125.19873 6.47189e+03
125.20305 6.63797e+03
125.20736 7.55232e+03
125.21168 9.47859e+03
125.21599 1.42548e+04
125.22031 2.20716e+04
125.22463 2.56536e+04
125.22894 1.96939e+04
125.23326 1.20824e+04
125.23757 8.77082e+03
125.24189 7.83568e+03
125.24621 7.20178e+03
125.25052 6.46854e+03
125.25484 5.97872e+03
125.25915 5.84766e+03
125.26189 5.62304e+03
125.26619 5.55735e+03
125.27050 5.62672e+03
125.27480 5.73234e+03
125.27911 5.82893e+03
125.28341 5.70218e+03
125.28772 5.60395e+03
125.29202 5.69178e+03
125.29633 5.65540e+03
125.30063 5.65836e+03
125.30494 5.55091e+03
125.30925 5.98393e+03
125.31355 6.51402e+03
125.31786 8.30979e+03
125.32216 1.17963e+04
125.32647 1.73059e+04
125.33077 2.21360e+04
125.33508 2.51826e+04
125.33938 3.11068e+04
125.34369 3.84548e+04
125.34800 3.82414e+04
125.35230 2.84465e+04
125.35661 1.82430e+04
125.36091 1.35031e+04
125.36522 1.53215e+04
125.36952 2.34884e+04
125.37383 4.06279e+04
125.37814 5.93336e+04
125.38244 6.37045e+04
125.38675 4.79515e+04
125.39105 2.71038e+04
125.39536 1.47010e+04
125.39966 9.48846e+03
125.40397 7.70949e+03
125.40828 7.53612e+03
125.41258 7.29823e+03
125.41689 6.54386e+03
125.42119 5.85606e+03
125.42550 5.63797e+03
125.42981 6.23201e+03
125.43411 7.35066e+03
125.43842 9.95210e+03
125.44272 1.55201e+04
125.44703 2.31154e+04
125.45134 2.60878e+04
125.45564 1.98507e+04
125.45995 1.14049e+04
125.46426 7.88232e+03
125.46856 6.93860e+03
125.47287 6.43282e+03
125.47717 6.21026e+03
125.48148 6.08411e+03
125.48579 6.13159e+03
125.49009 6.30600e+03
125.49440 6.52438e+03
125.49870 6.94445e+03
125.50301 7.95217e+03
125.50732 9.31532e+03
125.51162 1.17912e+04
125.51593 1.62579e+04
125.52024 2.27927e+04
125.52454 2.80381e+04
125.52885 2.76808e+04
125.53316 2.21316e+04
125.53746 1.69143e+04
125.54177 1.39140e+04
125.54608 1.12790e+04
125.55038 8.92770e+03
125.55469 7.54994e+03
125.55899 6.99709e+03
125.56330 6.72282e+03
125.56761 6.70579e+03
125.57191 6.63567e+03
125.57622 6.66742e+03
125.58053 6.65235e+03
125.58483 6.46988e+03
125.58914 6.52613e+03
125.59345 6.80164e+03
125.59775 7.55871e+03
125.60106 9.30319e+03
125.60537 1.13205e+04
125.60967 1.19709e+04
125.61398 1.07156e+04
125.61829 9.93055e+03
125.62260 1.12079e+04
125.62690 1.43750e+04
125.63121 2.08447e+04
125.63552 3.29989e+04
125.63982 5.12717e+04
125.64413 7.03573e+04
125.64844 7.63798e+04
125.65274 6.26882e+04
125.65705 4.08611e+04
125.66136 2.54527e+04
125.66566 1.69519e+04
125.66997 1.24592e+04
125.67428 1.03185e+04
125.67859 9.34363e+03
125.68289 8.34000e+03
125.68720 7.61862e+03
125.69151 6.91082e+03
125.69581 6.55269e+03
125.70012 6.50583e+03
125.70443 6.45190e+03
125.70874 6.47950e+03
125.71304 6.60029e+03
125.71735 6.75002e+03
125.72166 6.65896e+03
125.72596 6.55885e+03
125.73027 6.60254e+03
125.73458 6.98367e+03
125.73889 7.98023e+03
125.74319 1.03381e+04
125.74750 1.60821e+04
125.75181 2.55133e+04
125.75612 3.24246e+04
125.76042 2.69573e+04
125.76473 1.52904e+04
125.76904 9.44041e+03
125.77335 8.70340e+03
125.77765 9.37024e+03
125.78196 1.02393e+04
125.78627 1.03467e+04
125.79058 9.35798e+03
125.79488 8.45291e+03
125.79919 7.94181e+03
125.80350 7.22504e+03
125.80781 6.83716e+03
125.81211 6.89362e+03
125.81642 7.02598e+03
125.82073 7.05736e+03
125.82504 7.44057e+03
125.82934 7.93019e+03
125.83365 7.99061e+03
125.83796 8.45383e+03
125.84227 9.18800e+03
125.84657 1.04945e+04
125.85088 1.18949e+04
125.85519 1.45880e+04
125.85950 1.85111e+04
125.86381 2.51506e+04
125.86811 3.67141e+04
125.87242 5.61851e+04
125.87673 7.73173e+04
125.88104 8.18281e+04
125.88535 6.51286e+04
125.88965 4.36112e+04
125.89396 2.98778e+04
125.89827 2.25505e+04
125.90258 1.89164e+04
125.90689 1.76260e+04
125.91119 1.72988e+04
125.91550 1.80088e+04
125.91981 2.04907e+04
125.92412 2.64943e+04
125.92843 3.82527e+04
125.93273 5.93465e+04
125.93704 9.38646e+04
125.94135 1.46975e+05
125.94566 2.19116e+05
125.94997 2.94688e+05
125.95428 3.40905e+05
125.95858 3.18487e+05
125.96289 2.33006e+05
125.96720 1.38803e+05
125.97151 7.48725e+04
125.97582 3.95670e+04
125.98012 2.22338e+04
125.98443 1.42822e+04
125.98874 1.08258e+04
125.99305 9.31676e+03
125.99736 8.76482e+03
126.00167 9.18206e+03
126.00598 1.03523e+04
126.01028 1.26102e+04
126.01459 1.61220e+04
126.01890 2.05122e+04
126.02321 2.69281e+04
126.02752 3.91066e+04
126.03183 6.24525e+04
126.03613 1.01524e+05
126.04044 1.40216e+05
126.04475 1.52258e+05
126.04906 1.41298e+05
126.05337 1.12787e+05
126.05768 8.01089e+04
126.06199 6.61835e+04
126.06630 6.19239e+04
126.07060 4.70418e+04
126.07491 3.24924e+04
126.07922 2.46907e+04
126.08353 1.95372e+04
126.08784 1.78060e+04
126.09215 2.07542e+04
126.09646 2.34062e+04
126.09677 2.38441e+04
126.10107 2.29923e+04
126.10538 2.27066e+04
126.10969 2.35878e+04
126.11400 2.27076e+04
126.11831 1.80129e+04
126.12262 1.30183e+04
126.12693 1.05003e+04
126.13124 1.09952e+04
126.13555 1.44291e+04
126.13985 1.92343e+04
126.14416 2.24508e+04
126.14847 2.34671e+04
126.15278 2.45696e+04
126.15709 2.55493e+04
126.16140 2.55205e+04
126.16571 2.89036e+04
126.17002 3.61680e+04
126.17433 3.56324e+04
126.17864 2.31816e+04
126.18295 1.21707e+04
126.18726 8.41548e+03
126.19156 7.35730e+03
126.19587 7.29749e+03
126.20018 7.46128e+03
126.20449 7.40481e+03
126.20880 7.32522e+03
126.21311 7.74946e+03
126.21742 7.90344e+03
126.22173 7.44771e+03
126.22604 6.90806e+03
126.23035 6.44143e+03
126.23466 6.13970e+03
126.23897 5.94987e+03
126.24328 6.08371e+03
126.24759 6.09346e+03
126.25190 6.04808e+03
126.25621 5.77924e+03
126.26052 5.78881e+03
126.26482 6.02711e+03
126.26913 6.56417e+03
126.27344 7.44201e+03
126.27775 9.60704e+03
126.28206 1.31608e+04
126.28637 1.58423e+04
126.29068 1.35373e+04
126.29499 9.34739e+03
126.29930 7.22187e+03
126.30361 6.80303e+03
126.30792 6.64183e+03
126.31223 6.53435e+03
126.31654 6.32113e+03
126.32085 6.12251e+03
126.32516 5.93888e+03
126.32947 5.78997e+03
126.33378 5.48095e+03
126.33809 5.55256e+03
126.34240 5.88409e+03
126.34671 5.97411e+03
126.35102 6.17308e+03
126.35533 6.37630e+03
126.35964 6.40166e+03
126.36395 6.46217e+03
126.36826 6.74051e+03
126.37257 6.72843e+03
126.37688 6.54155e+03
126.38119 6.53816e+03
126.38550 6.63955e+03
126.38981 6.73203e+03
126.39412 6.52261e+03
126.39843 6.44805e+03
126.40274 6.51257e+03
126.40705 6.68598e+03
126.41136 6.91700e+03
126.41567 7.32611e+03
126.41998 7.37877e+03
126.42429 7.25507e+03
126.42860 7.19405e+03
126.43291 7.59658e+03
126.43722 8.57510e+03
126.44153 1.05660e+04
126.44584 1.55192e+04
126.45015 2.73803e+04
126.45446 5.35162e+04
126.45877 1.07949e+05
126.46308 1.97586e+05
126.46739 3.00868e+05
126.47170 3.69091e+05
126.47602 3.76848e+05
126.48033 3.28318e+05
126.48464 2.39388e+05
126.48895 1.68220e+05
126.49326 1.52174e+05
126.49757 1.65046e+05
126.50188 1.62233e+05
126.50619 1.27763e+05
126.51050 7.73597e+04
126.51481 3.94351e+04
126.51912 2.18245e+04
126.52343 1.48023e+04
126.52774 1.10968e+04
126.53205 8.80158e+03
126.53636 7.84898e+03
126.54067 7.45307e+03
126.54498 7.52844e+03
126.54930 7.65785e+03
126.55361 8.01777e+03
126.55792 9.03264e+03
126.56223 1.07538e+04
126.56654 1.17116e+04
126.57085 1.05937e+04
126.57516 9.15932e+03
126.57947 8.53668e+03
126.58378 7.99937e+03
126.58809 7.17572e+03
126.59240 6.57057e+03
126.59672 6.35752e+03
126.60103 6.44629e+03
126.60534 6.80932e+03
126.60965 8.28485e+03
126.61396 1.11652e+04
126.61827 1.76822e+04
126.62258 2.80095e+04
126.62689 3.68364e+04
126.63120 3.64993e+04
126.63551 3.91960e+04
126.63983 5.48851e+04
126.64414 6.19701e+04
126.64845 4.67780e+04
126.65276 3.07326e+04
126.65707 2.30834e+04
126.66138 1.98157e+04
126.66569 1.69343e+04
126.67000 1.23910e+04
126.67432 9.19443e+03
126.67863 7.84879e+03
126.68294 7.86250e+03
126.68725 8.30863e+03
126.69156 8.42346e+03
126.69587 8.04731e+03
126.70018 7.45699e+03
126.70449 7.23053e+03
126.70881 7.06634e+03
126.71312 6.89505e+03
126.71743 7.03412e+03
126.72174 7.11762e+03
126.72605 7.11825e+03
126.73036 6.84357e+03
126.73468 6.77973e+03
126.73899 7.73599e+03
126.74330 9.37969e+03
126.74761 1.25526e+04
126.75192 2.03403e+04
126.75623 3.19481e+04
126.76054 3.96282e+04
126.76486 3.38706e+04
126.76917 1.93143e+04
126.77348 1.00016e+04
126.77779 7.21965e+03
126.78210 6.32468e+03
126.78642 6.07633e+03
126.79073 6.07801e+03
126.79504 6.39596e+03
126.79935 7.02792e+03
126.80366 8.20765e+03
126.80797 9.03836e+03
126.81229 8.93283e+03
126.81660 8.07979e+03
126.82091 7.65332e+03
126.82522 7.08640e+03
126.82953 6.48152e+03
126.83385 6.28486e+03
126.83816 6.10946e+03
126.84247 6.33381e+03
126.85887 5.85690e+03
126.86317 5.86266e+03
126.86747 5.97075e+03
126.87177 6.07359e+03
126.87608 6.01286e+03
126.88038 6.10119e+03
126.88468 6.25955e+03
126.88898 6.56453e+03
126.89328 6.80849e+03
126.89758 7.25282e+03
126.90188 7.80810e+03
126.90619 8.08882e+03
126.91049 9.03408e+03
126.91479 1.20907e+04
126.91909 1.49656e+04
126.92339 1.36370e+04
126.92769 9.60833e+03
126.93200 7.61245e+03
126.93630 7.24597e+03
126.94060 6.88456e+03
126.94490 6.35025e+03
126.94920 6.24600e+03
126.95350 6.17555e+03
126.95781 5.95274e+03
126.96211 5.83960e+03
126.96641 5.82292e+03
126.97071 5.98228e+03
126.97501 6.17928e+03
126.97931 6.46947e+03
126.98362 6.83719e+03
126.98792 7.02829e+03
126.99222 7.11936e+03
126.99652 7.36977e+03
127.00082 7.24641e+03
127.00513 7.45901e+03
127.00943 8.87946e+03
127.01373 1.04967e+04
127.01803 9.62398e+03
127.02233 7.87839e+03
127.02664 7.09393e+03
127.03094 7.21552e+03
127.03524 8.45732e+03
127.03954 9.71040e+03
127.04384 9.17357e+03
127.04815 7.77193e+03
127.05245 7.05594e+03
127.05675 7.42905e+03
127.06105 8.57886e+03
127.06535 1.12451e+04
127.06966 1.83865e+04
127.07396 3.24509e+04
127.07826 4.52830e+04
127.08256 3.84671e+04
127.08687 2.01344e+04
127.09117 1.02286e+04
127.09547 7.84060e+03
127.09977 7.32033e+03
127.10408 7.38438e+03
127.10838 7.12090e+03
127.11268 7.36999e+03
127.11698 7.92954e+03
127.12129 8.38087e+03
127.12559 7.89146e+03
127.12989 7.40967e+03
127.13419 7.11280e+03
127.13850 7.03857e+03
127.14280 6.55694e+03
127.14710 6.28846e+03
127.15140 6.38622e+03
127.15571 6.77690e+03
127.16001 7.23585e+03
127.16431 7.11358e+03
127.16861 6.50550e+03
127.17292 6.33021e+03
127.17722 6.44921e+03
127.18152 6.86335e+03
127.18582 7.46476e+03
127.19013 8.73779e+03
127.19443 1.03616e+04
127.19873 1.06839e+04
127.20304 1.04883e+04
127.20734 1.13038e+04
127.21164 1.13407e+04
127.21594 9.12034e+03
127.22025 7.42350e+03
127.22455 7.69254e+03
127.22885 7.95736e+03
127.23316 7.65079e+03
127.23746 6.91530e+03
127.24176 6.84446e+03
127.24606 6.84233e+03
127.25037 7.01683e+03
127.25467 7.66169e+03
127.25897 9.26659e+03
127.26328 1.19629e+04
127.26758 1.32126e+04
127.27188 1.14161e+04
127.27619 8.62491e+03
127.28049 7.04717e+03
127.28479 6.51156e+03
127.28910 6.16390e+03
127.29340 6.09607e+03
127.29770 6.31910e+03
127.30200 6.88698e+03
127.30331 7.52706e+03
127.30761 8.08167e+03
127.31191 8.27269e+03
127.31622 7.28128e+03
127.32052 6.53152e+03
127.32482 6.45782e+03
127.32913 6.41921e+03
127.33343 6.30567e+03
127.33773 6.12535e+03
127.34204 6.24822e+03
127.34634 6.41547e+03
127.35064 6.30212e+03
127.35495 6.09810e+03
127.35925 5.93072e+03
127.36356 5.83199e+03
127.36786 5.95452e+03
127.37216 6.05792e+03
127.37647 6.23457e+03
127.38077 6.42648e+03
127.38507 6.49158e+03
127.38938 6.54019e+03
127.39368 6.94859e+03
127.39798 7.83200e+03
127.40229 1.00753e+04
127.40659 1.43511e+04
127.41089 1.84880e+04
127.41520 1.78264e+04
127.41950 1.29368e+04
127.42381 8.93287e+03
127.42811 7.66585e+03
127.43241 7.16058e+03
127.43672 7.08054e+03
127.44102 6.93048e+03
127.44533 7.22451e+03
127.44963 7.92886e+03
127.45393 9.10486e+03
127.45824 1.06211e+04
127.46254 1.24978e+04
127.46684 1.58801e+04
127.47115 2.44600e+04
127.47545 3.38979e+04
127.47976 3.03270e+04
127.48406 2.16826e+04
127.48836 2.40251e+04
127.49267 4.20340e+04
127.49697 6.56459e+04
127.50128 6.73178e+04
127.50558 4.22406e+04
127.50989 2.24039e+04
127.51419 1.69607e+04
127.51849 1.57802e+04
127.52280 1.53772e+04
127.52710 1.75412e+04
127.53141 1.85266e+04
127.53571 1.45078e+04
127.54001 1.01054e+04
127.54432 7.82021e+03
127.54862 7.17070e+03
127.55293 7.55959e+03
127.55723 8.72061e+03
127.56154 9.62711e+03
127.56584 9.59374e+03
127.57014 9.48320e+03
127.57445 1.09564e+04
127.57875 1.40710e+04
127.58306 1.53429e+04
127.58736 1.30452e+04
127.59167 9.43047e+03
127.59597 7.65858e+03
127.60028 7.29731e+03
127.60458 7.39609e+03
127.60889 8.51702e+03
127.61319 1.11437e+04
127.61749 1.81589e+04
127.62180 2.98371e+04
127.62610 4.16036e+04
127.63041 4.44132e+04
127.63471 3.28052e+04
127.63902 1.93571e+04
127.64332 1.55178e+04
127.64763 1.68789e+04
127.65193 1.65252e+04
127.65624 1.32501e+04
127.66054 1.14078e+04
127.66485 1.20554e+04
127.66915 1.47565e+04
127.67346 1.83420e+04
127.67776 1.96453e+04
127.68207 1.69073e+04
127.68637 1.25350e+04
127.69067 9.87794e+03
127.69498 9.58100e+03
127.69928 1.18429e+04
127.70359 1.46874e+04
127.70789 1.59119e+04
127.71220 1.70970e+04
127.71650 2.20744e+04
127.72081 2.94304e+04
127.72511 3.42834e+04
127.72942 3.42154e+04
127.73372 2.96049e+04
127.73803 2.36690e+04
127.74234 2.20054e+04
127.74664 2.79879e+04
127.75095 3.52102e+04
127.75525 3.67712e+04
127.75956 3.45657e+04
127.76386 3.14690e+04
127.76817 3.10407e+04
127.77247 3.29825e+04
127.77678 3.00792e+04
127.78108 2.25078e+04
127.78539 1.70406e+04
127.78969 1.88100e+04
127.79100 2.55109e+04
127.79530 2.79147e+04
127.79961 2.20003e+04
127.80391 1.38024e+04
127.80822 9.67638e+03
127.81253 8.20976e+03
127.81683 7.85624e+03
127.82114 7.79312e+03
127.82544 7.85569e+03
127.82975 8.32988e+03
127.83405 8.69041e+03
127.83836 8.22917e+03
127.84266 7.72446e+03
127.84697 7.97461e+03
127.85127 8.74619e+03
127.85558 8.60292e+03
127.85989 7.85917e+03
127.86419 7.65974e+03
127.86850 7.51953e+03
127.87280 7.65258e+03
127.87711 7.40792e+03
127.88141 7.61314e+03
127.88572 7.99136e+03
127.89003 9.21058e+03
127.89433 1.27970e+04
127.89864 2.02990e+04
127.90294 2.78889e+04
127.90725 2.82496e+04
127.91156 2.35141e+04
127.91586 2.44742e+04
127.92017 2.98932e+04
127.92447 2.99326e+04
127.92878 2.22177e+04
127.93308 1.44128e+04
127.93739 1.26090e+04
127.94170 1.71316e+04
127.94600 2.53372e+04
127.95031 2.82394e+04
127.95461 2.09159e+04
127.95892 1.22719e+04
127.96323 8.61625e+03
127.96753 8.36094e+03
127.97184 8.99034e+03
127.97615 1.13347e+04
127.98045 1.75291e+04
127.98476 2.60536e+04
127.98906 2.92770e+04
127.99337 2.35616e+04
127.99768 1.68775e+04
128.00198 1.67787e+04
128.00629 2.32810e+04
128.01059 2.99263e+04
128.01490 2.80187e+04
128.01921 2.16126e+04
128.02351 1.90740e+04
128.02782 2.35975e+04
128.03213 2.92914e+04
128.03643 3.09207e+04
128.04074 2.84864e+04
128.04505 2.43357e+04
128.04935 1.97918e+04
128.05366 2.01699e+04
128.05797 2.48915e+04
128.06227 2.70849e+04
128.06658 2.17590e+04
128.07088 1.50835e+04
128.07519 1.36332e+04
128.07950 1.84797e+04
128.08380 2.44841e+04
128.08811 2.50919e+04
128.09242 1.86971e+04
128.09672 1.19788e+04
128.10103 8.88898e+03
128.10534 8.35028e+03
128.10964 8.19610e+03
128.11395 7.49497e+03
128.11826 6.97868e+03
128.12256 6.92782e+03
128.12687 7.01987e+03
128.13118 7.03787e+03
128.13549 7.33824e+03
128.13979 7.65023e+03
128.14410 7.38664e+03
128.14841 7.13098e+03
128.15271 7.06910e+03
128.15702 6.95610e+03
128.16133 6.83058e+03
128.16563 6.59494e+03
128.16994 6.64241e+03
128.17425 6.72097e+03
128.17855 7.09027e+03
128.18286 7.12192e+03
128.18717 7.16058e+03
128.19148 7.28846e+03
128.19578 7.10615e+03
128.20242 7.27284e+03
128.20671 7.30186e+03
128.21101 7.10669e+03
128.21531 7.11248e+03
128.21960 7.27217e+03
128.22390 7.37444e+03
128.22820 7.66109e+03
128.23249 7.51914e+03
128.23679 6.91875e+03
128.24108 6.75872e+03
128.24538 6.85561e+03
128.24968 7.18179e+03
128.25397 7.66901e+03
128.25827 7.57311e+03
128.26257 7.29224e+03
128.26686 7.25054e+03
128.27116 7.15196e+03
128.27546 7.15766e+03
128.27975 7.16394e+03
128.28405 7.32751e+03
128.28835 7.56080e+03
128.29264 8.21759e+03
128.29694 9.42009e+03
128.30123 1.12102e+04
128.30553 1.21267e+04
128.30983 1.09391e+04
128.31412 8.85160e+03
128.31842 7.33310e+03
128.32272 6.97222e+03
128.32701 7.04542e+03
128.33131 7.26234e+03
128.33561 7.25957e+03
128.33990 7.17579e+03
128.34420 6.99228e+03
128.34850 6.91456e+03
128.35480 7.06936e+03
128.35909 7.13866e+03
128.36339 7.17851e+03
128.36769 7.20062e+03
128.37198 7.20309e+03
128.37628 7.39185e+03
128.38058 7.46983e+03
128.38487 7.65708e+03
128.38917 7.70612e+03
128.39347 7.65705e+03
128.39776 7.67708e+03
128.40206 7.56653e+03
128.40636 7.41430e+03
128.41066 7.26347e+03
128.41495 7.20462e+03
128.41925 7.33776e+03
128.42355 7.31560e+03
128.42784 7.31253e+03
128.43214 7.46738e+03
128.43644 7.81145e+03
128.44074 7.87009e+03
128.44503 7.48463e+03
128.44933 6.96106e+03
128.45363 6.66854e+03
128.45792 6.66737e+03
128.46222 6.74664e+03
128.46652 6.72836e+03
128.47082 6.90020e+03
128.47511 7.19442e+03
128.47941 7.34928e+03
128.48371 7.31938e+03
128.48801 7.25811e+03
128.49230 7.16670e+03
128.49660 7.09918e+03
128.50090 7.37461e+03
128.50519 7.55702e+03
128.50949 7.53804e+03
128.51379 7.44405e+03
128.51809 7.25092e+03
128.52238 7.20721e+03
128.52668 7.16938e+03
128.53098 7.05487e+03
128.53528 6.97576e+03
128.53958 6.95918e+03
128.54387 6.95574e+03
128.54817 7.02465e+03
128.55247 7.19763e+03
128.55677 7.46124e+03
128.56106 8.06772e+03
128.56536 8.75571e+03
128.56966 9.12088e+03
128.57396 8.49531e+03
128.57825 7.96744e+03
128.58255 7.64550e+03
128.58685 7.51512e+03
128.59115 7.53439e+03
128.59545 7.27416e+03
128.59974 7.21053e+03
128.60404 7.37617e+03
128.60834 7.53961e+03
128.61264 7.49910e+03
128.61694 7.38737e+03
128.62123 7.38607e+03
128.62553 7.51122e+03
128.62983 7.89515e+03
128.63413 8.67760e+03
128.63843 9.44464e+03
128.64272 9.81067e+03
128.64702 9.40604e+03
128.65132 8.59865e+03
128.65562 8.34554e+03
128.65992 7.94421e+03
128.66421 7.48280e+03
128.66851 7.48713e+03
128.67281 7.36346e+03
128.67711 7.22566e+03
128.68141 7.13528e+03
128.68570 7.22551e+03
128.69000 7.23698e+03
128.69430 7.41049e+03
128.69860 7.87239e+03
128.70290 8.15579e+03
128.70720 8.03080e+03
128.71149 8.19355e+03
128.71579 8.70900e+03
128.72009 9.37795e+03
128.72439 9.09453e+03
128.72869 8.19798e+03
128.73299 8.10844e+03
128.73728 7.91352e+03
128.74158 7.89969e+03
128.74588 8.05160e+03
128.75018 8.63594e+03
128.75448 1.07693e+04
128.75878 1.34747e+04
128.76308 1.34496e+04
128.76737 1.06975e+04
128.77167 9.62711e+03
128.77597 1.00866e+04
128.78027 1.05959e+04
128.78457 1.02878e+04
128.78887 1.09023e+04
128.79317 1.49332e+04
128.79747 2.39706e+04
128.80176 3.41608e+04
128.80606 3.52080e+04
128.81036 2.55312e+04
128.81466 1.63610e+04
128.81896 1.36052e+04
128.82326 1.34514e+04
128.82756 1.55938e+04
128.83186 2.37462e+04
128.83615 4.23574e+04
128.84045 6.77806e+04
128.84475 7.61306e+04
128.84905 5.48248e+04
128.85335 2.78423e+04
128.85765 1.57433e+04
128.86195 1.52629e+04
128.86625 2.11608e+04
128.87055 2.76095e+04
128.87485 2.49218e+04
128.87914 1.68658e+04
128.88344 1.46007e+04
128.88774 1.95502e+04
128.89204 2.50771e+04
128.89634 2.16316e+04
128.90064 1.43684e+04
128.90494 1.09657e+04
128.90924 1.09425e+04
128.91354 1.04237e+04
128.91784 9.18613e+03
128.92214 8.82103e+03
128.92644 9.19657e+03
128.93073 9.87082e+03
128.93503 9.57584e+03
128.93933 8.75625e+03
128.94363 8.24311e+03
128.94793 8.10569e+03
128.95223 8.22824e+03
128.95653 8.13496e+03
128.96083 8.17777e+03
128.96513 8.30177e+03
128.96943 8.65112e+03
128.97373 9.59349e+03
128.97803 1.14207e+04
128.98233 1.61050e+04
128.98663 2.42301e+04
128.99093 3.43962e+04
128.99523 4.28512e+04
128.99953 4.43936e+04
129.00383 3.37487e+04
129.00813 2.00520e+04
129.01242 1.25450e+04
129.01672 1.01192e+04
129.02102 9.43564e+03
129.02532 9.05401e+03
129.02962 8.95711e+03
129.03392 9.10431e+03
129.03822 9.13044e+03
129.04252 8.66643e+03
129.04682 8.28849e+03
129.05112 7.92417e+03
129.05542 7.63301e+03
129.05972 7.78803e+03
129.06402 7.76609e+03
129.06832 7.67211e+03
129.07262 7.73501e+03
129.07692 7.45284e+03
129.08122 7.53149e+03
129.08552 8.03372e+03
129.08982 8.64524e+03
129.09412 8.75743e+03
129.09842 8.61777e+03
129.10272 8.54289e+03
129.10702 8.47502e+03
129.11132 8.62027e+03
129.11562 8.97544e+03
129.11992 1.05317e+04
129.12422 1.49034e+04
129.12852 2.17225e+04
129.13282 2.30524e+04
129.13712 1.63439e+04
129.14142 1.02720e+04
129.14572 8.78221e+03
129.15002 9.17443e+03
129.15432 1.03757e+04
129.15862 1.14464e+04
129.16292 1.08386e+04
129.16722 9.52616e+03
129.17153 8.51824e+03
129.17583 8.21992e+03
129.18013 8.20223e+03
129.18443 8.26550e+03
129.18873 8.57761e+03
129.19303 8.15853e+03
129.19733 7.89937e+03
129.20163 7.96000e+03
129.20593 7.80451e+03
129.21023 7.66698e+03
129.21453 7.68994e+03
129.21883 7.90516e+03
129.22313 7.97300e+03
129.22743 8.26280e+03
129.23173 8.42828e+03
129.23603 8.52644e+03
129.24033 9.38816e+03
129.24463 9.87058e+03
129.24893 9.74693e+03
129.25324 8.93894e+03
129.25754 8.33209e+03
129.26184 8.26649e+03
129.26614 8.23659e+03
129.27044 8.24028e+03
129.27474 8.10279e+03
129.27904 7.80041e+03
129.28334 7.84505e+03
129.28764 8.00379e+03
129.29194 7.90105e+03
129.29763 7.32067e+03
129.30192 7.23099e+03
129.30621 7.27957e+03
129.31050 7.35689e+03
129.31479 7.51458e+03
129.31908 7.65583e+03
129.32337 8.03626e+03
129.32766 8.26169e+03
129.33195 7.96277e+03
129.33624 7.30544e+03
129.34053 7.19277e+03
129.34482 7.30438e+03
129.34911 7.52350e+03
129.35340 7.90193e+03
129.35769 8.21668e+03
129.36198 8.18762e+03
129.36627 7.97791e+03
129.37056 7.94304e+03
129.37485 7.91125e+03
129.37914 7.59729e+03
129.38343 7.88050e+03
129.38772 7.96083e+03
129.39201 7.92197e+03
129.39630 7.69736e+03
129.40059 7.34380e+03
129.40488 7.47358e+03
129.40917 7.13794e+03
129.41346 7.21402e+03
129.41775 7.32658e+03
129.42204 7.41145e+03
129.42633 7.78604e+03
129.43062 8.05337e+03
129.43491 8.71242e+03
129.43920 9.79236e+03
129.44349 1.12219e+04
129.44778 1.36387e+04
129.45207 1.62814e+04
129.45636 1.75774e+04
129.46065 1.63874e+04
129.46495 1.41134e+04
129.46924 1.18133e+04
129.47353 1.01504e+04
129.47782 9.22005e+03
129.48211 8.97615e+03
129.48640 9.41813e+03
129.49069 9.43841e+03
129.49498 8.80286e+03
129.49927 7.93239e+03
129.50356 7.69663e+03
129.50785 7.53115e+03
129.51214 7.32421e+03
129.51643 7.19373e+03
129.52072 7.14913e+03
129.52501 7.37695e+03
129.52931 7.68323e+03
129.53360 7.89831e+03
129.53789 8.16413e+03
129.54218 8.65046e+03
129.54647 9.87103e+03
129.55076 1.25896e+04
129.55505 1.91052e+04
129.55934 3.17010e+04
129.56363 4.53364e+04
129.56792 4.42705e+04
129.57221 2.66346e+04
129.57651 1.37149e+04
129.58080 9.91781e+03
129.58509 9.15143e+03
129.58938 9.03749e+03
129.59367 9.23883e+03
129.59796 1.00927e+04
129.60225 1.29019e+04
129.60654 1.86236e+04
129.61083 2.58977e+04
129.61513 3.30506e+04
129.61942 3.28555e+04
129.62371 2.43357e+04
129.62800 1.65895e+04
129.63229 1.29415e+04
129.63658 1.03361e+04
129.64087 8.69483e+03
129.64516 8.36560e+03
129.64946 8.47154e+03
129.65375 8.75994e+03
129.65804 9.36574e+03
129.66233 1.04268e+04
129.66662 1.19841e+04
129.67091 1.42329e+04
129.67520 1.62690e+04
129.67950 1.63330e+04
129.68379 1.43806e+04
129.68808 1.16086e+04
129.69237 9.91822e+03
129.69666 8.84200e+03
129.70095 8.21124e+03
129.70525 8.06465e+03
129.70954 7.80451e+03
129.71383 7.92012e+03
129.71812 7.86934e+03
129.72241 7.47454e+03
129.72670 7.39186e+03
129.73099 7.26912e+03
129.73529 7.20541e+03
129.73958 7.07198e+03
129.74387 7.20862e+03
129.74816 7.46238e+03
129.75245 7.67094e+03
129.75675 7.88746e+03
129.76104 8.06521e+03
129.76533 8.13936e+03
129.76962 8.21397e+03
129.77391 8.09405e+03
129.77820 8.04204e+03
129.78250 8.03621e+03
129.78679 8.18556e+03
129.79108 8.43885e+03
129.79537 8.56378e+03
129.79966 8.38545e+03
129.80396 8.06346e+03
129.80525 7.90649e+03
129.80954 8.26471e+03
129.81383 8.29156e+03
129.81812 8.24216e+03
129.82242 8.43869e+03
129.82671 8.75177e+03
129.83100 8.53949e+03
129.83529 8.50910e+03
129.83959 8.64615e+03
129.84388 8.84565e+03
129.84817 8.67229e+03
129.85246 9.23490e+03
129.85675 9.55922e+03
129.86105 1.04800e+04
129.86534 1.13277e+04
129.86963 1.27232e+04
129.87392 1.46067e+04
129.87822 1.78037e+04
129.88251 2.28241e+04
129.88680 2.96404e+04
129.89109 3.60683e+04
129.89539 3.99863e+04
129.89968 3.82189e+04
129.90397 3.15688e+04
129.90826 2.44882e+04
129.91256 1.77300e+04
129.91685 1.34351e+04
129.92114 1.13742e+04
129.92543 1.09773e+04
129.92973 1.12078e+04
129.93402 1.13903e+04
129.93831 1.21585e+04
129.94260 1.32495e+04
129.94690 1.31239e+04
129.95119 1.12497e+04
129.95548 9.75220e+03
129.95977 8.87360e+03
129.96407 8.25178e+03
129.96836 8.69104e+03
129.97265 9.21405e+03
129.97695 9.92944e+03
129.98124 1.05846e+04
129.98553 1.02965e+04
129.98982 9.48402e+03
129.99412 9.00517e+03
129.99841 9.21191e+03
130.00270 9.09319e+03
130.00700 8.94344e+03
130.01129 8.70055e+03
130.01558 8.63279e+03
130.01987 8.44052e+03
130.02417 8.48862e+03
130.02846 8.58340e+03
130.03275 8.56767e+03
130.03705 8.47144e+03
130.04134 8.37225e+03
130.04563 8.44279e+03
130.04993 8.49213e+03
130.05422 8.63801e+03
130.05851 8.76950e+03
130.06281 9.28750e+03
130.06710 1.06133e+04
130.07139 1.29144e+04
130.07568 1.91452e+04
130.07998 3.64203e+04
130.08427 7.46852e+04
130.08856 1.23879e+05
130.09286 1.31451e+05
130.09715 8.38588e+04
130.10144 3.75983e+04
130.10574 1.89036e+04
130.11003 1.44035e+04
130.11432 1.34533e+04
130.11862 1.30754e+04
130.12291 1.29612e+04
130.12721 1.30652e+04
130.13150 1.25680e+04
130.13579 1.14687e+04
130.14009 1.04360e+04
130.14438 1.00407e+04
130.14867 9.99048e+03
130.15297 1.01097e+04
130.15726 1.02375e+04
130.16155 1.08291e+04
130.16585 1.15588e+04
130.17014 1.22050e+04
130.17443 1.31941e+04
130.17873 1.44808e+04
130.18302 1.75252e+04
130.18732 2.35038e+04
130.19161 3.62105e+04
130.19590 6.63650e+04
130.20020 1.39115e+05
130.20449 3.19172e+05
130.20878 7.15535e+05
130.21308 1.31323e+06
130.21737 1.75690e+06
130.22167 1.68730e+06
130.22596 1.12343e+06
130.23025 5.14421e+05
130.23455 1.95900e+05
130.23884 8.69912e+04
130.24314 4.40802e+04
130.24743 2.53167e+04
130.25172 1.77050e+04
130.25602 1.42698e+04
130.26031 1.26357e+04
130.26461 1.17974e+04
130.26890 1.18189e+04
130.27319 1.33528e+04
130.27749 1.78078e+04
130.28178 2.66258e+04
130.28608 3.54383e+04
130.29037 3.25673e+04
130.29466 2.17043e+04
130.29896 1.61624e+04
130.30325 1.84230e+04
130.30755 2.60087e+04
130.31184 3.03046e+04
130.31614 2.48075e+04
130.32043 1.78567e+04
130.32472 1.67719e+04
130.32902 1.96228e+04
130.33331 2.33338e+04
130.33761 2.75634e+04
130.34190 3.02993e+04
130.34620 2.72608e+04
130.35049 1.94456e+04
130.35478 1.33654e+04
130.35908 1.07973e+04
130.36337 1.05220e+04
130.36767 1.04840e+04
130.37196 1.05476e+04
130.37626 1.04476e+04
130.38055 1.05870e+04
130.38485 1.05061e+04
130.38914 1.02158e+04
130.39344 1.00768e+04
130.39773 1.02349e+04
130.40203 1.04968e+04
130.40632 1.10424e+04
130.41061 1.14778e+04
130.41491 1.35388e+04
130.41920 1.81690e+04
130.42350 2.95240e+04
130.42779 5.56794e+04
130.43209 1.01606e+05
130.43638 1.50125e+05
130.44068 1.60589e+05
130.44497 1.22134e+05
130.44927 6.85366e+04
130.44956 3.72020e+04
130.45386 3.00085e+04
130.45815 3.75579e+04
130.46245 6.23898e+04
130.46674 1.24977e+05
130.47104 2.74527e+05
130.47533 6.15393e+05
130.47963 1.19591e+06
130.48392 1.76323e+06
130.48822 1.83263e+06
130.49251 1.29285e+06
130.49681 6.08988e+05
130.50110 2.09110e+05
130.50540 7.13555e+04
130.50969 3.41822e+04
130.51399 2.26367e+04
130.51828 1.80874e+04
130.52258 1.60281e+04
130.52687 1.53479e+04
130.53117 1.61242e+04
130.53546 1.57946e+04
130.53976 1.45617e+04
130.54405 1.45791e+04
130.54835 1.53110e+04
130.55265 1.68437e+04
130.55694 1.84891e+04
130.56124 2.03042e+04
130.56553 2.15513e+04
130.56983 2.30913e+04
130.57412 2.94478e+04
130.57842 4.55946e+04
130.58271 8.25723e+04
130.58701 1.63406e+05
130.59130 3.39001e+05
130.59560 7.30843e+05
130.59990 1.38975e+06
130.60419 1.98423e+06
130.60849 1.88477e+06
130.61278 1.15680e+06
130.61708 4.74441e+05
130.62137 1.56209e+05
130.62567 6.04204e+04
130.62996 3.19487e+04
130.63426 2.16696e+04
130.63856 1.62508e+04
130.64285 1.37491e+04
130.64715 1.23000e+04
130.65144 1.17332e+04
130.65574 1.16538e+04
130.66004 1.13938e+04
130.66433 1.10782e+04
130.66863 1.07393e+04
130.67292 1.05422e+04
130.67722 1.05750e+04
130.68151 1.01804e+04
130.68581 1.01741e+04
130.69011 1.05578e+04
130.69440 1.06186e+04
130.69870 1.07484e+04
130.70299 1.07745e+04
130.70729 1.05105e+04
130.71159 1.01286e+04
130.71588 1.02383e+04
130.72018 1.05807e+04
130.72447 1.05474e+04
130.72877 1.00380e+04
130.73307 9.81342e+03
130.73736 9.63828e+03
130.74166 9.62591e+03
130.74596 9.49359e+03
130.75023 9.12447e+03
130.75451 9.17910e+03
130.75880 9.49127e+03
130.76308 9.42675e+03
130.76737 9.28364e+03
130.77165 9.54597e+03
130.77594 9.40772e+03
130.78022 9.22948e+03
130.78451 9.53807e+03
130.78879 9.83994e+03
130.79308 1.04563e+04
130.79736 1.10634e+04
130.80165 1.18338e+04
130.80593 1.24370e+04
130.81022 1.29781e+04
130.81450 1.28968e+04
130.81879 1.24649e+04
130.82308 1.18793e+04
130.82736 1.15070e+04
130.83165 1.13725e+04
130.83593 1.14361e+04
130.84022 1.15424e+04
130.84450 1.17076e+04
130.84879 1.17082e+04
130.85307 1.18122e+04
130.85736 1.15517e+04
130.86164 1.12401e+04
130.86593 1.15186e+04
130.87022 1.20650e+04
130.87450 1.29051e+04
130.87879 1.40094e+04
130.88307 1.53151e+04
130.88736 1.57826e+04
130.89164 1.59590e+04
130.89593 1.78172e+04
130.90022 2.06554e+04
130.90450 2.77567e+04
130.90879 4.27054e+04
130.91307 7.09317e+04
130.91736 1.17878e+05
130.92164 1.76603e+05
130.92593 2.31136e+05
130.93022 2.55965e+05
130.93450 2.11973e+05
130.93879 1.24092e+05
130.94307 6.02428e+04
130.94736 3.36594e+04
130.95165 2.27508e+04
130.95593 1.81136e+04
130.96022 1.60277e+04
130.96450 1.54192e+04
130.96879 1.52027e+04
130.97308 1.43924e+04
130.97736 1.29982e+04
130.98165 1.18403e+04
130.98593 1.05219e+04
130.99022 9.77799e+03
130.99451 9.45747e+03
130.99879 9.47561e+03
131.00308 1.01307e+04
131.00737 1.22530e+04
131.01165 1.65918e+04
131.01594 2.04781e+04
131.02022 1.86661e+04
131.02451 1.33814e+04
131.02880 1.04073e+04
131.03308 1.00073e+04
131.03737 1.05585e+04
131.04166 1.21410e+04
131.04594 1.58437e+04
131.05023 2.24217e+04
131.05452 3.01124e+04
131.05880 3.82697e+04
131.06309 3.85129e+04
131.06737 2.68965e+04
131.07166 1.54442e+04
131.07595 1.12394e+04
131.08023 1.02423e+04
131.08452 1.14670e+04
131.08881 1.31016e+04
131.09309 1.40237e+04
131.09738 1.26108e+04
131.10167 1.05748e+04
131.10595 9.83202e+03
131.11024 9.99698e+03
131.11453 1.09291e+04
131.11881 1.43362e+04
131.12310 2.31884e+04
131.12739 4.09993e+04
131.13167 6.59466e+04
131.13596 7.24738e+04
131.14025 5.21279e+04
131.14453 2.71754e+04
131.14882 1.48786e+04
131.15311 1.09589e+04
131.15739 9.64385e+03
131.16168 9.21418e+03
131.16597 9.14480e+03
131.17026 9.63743e+03
131.17454 1.06206e+04
131.17883 1.26594e+04
131.18312 1.72466e+04
131.18740 2.54279e+04
131.19169 3.12042e+04
131.19598 2.60901e+04
131.20026 1.64274e+04
131.20455 1.17902e+04
131.20884 1.13643e+04
131.21313 1.28013e+04
131.21741 1.76615e+04
131.22170 2.41406e+04
131.22599 2.57724e+04
131.23027 1.92302e+04
131.23456 1.28621e+04
131.23885 1.11246e+04
131.24314 1.08405e+04
131.24742 1.12927e+04
131.25171 1.18722e+04
131.25600 1.28583e+04
131.26029 1.36446e+04
131.26457 1.33658e+04
131.26886 1.28398e+04
131.27315 1.18185e+04
131.27744 1.13311e+04
131.28172 1.14286e+04
131.28601 1.10030e+04
131.29030 1.00308e+04
131.29459 9.53705e+03
131.29887 9.07196e+03
131.30316 9.11391e+03
131.30745 9.36406e+03
131.31174 1.01256e+04
131.31602 1.21988e+04
131.32031 1.52490e+04
131.32460 1.76751e+04
131.32889 1.90794e+04
131.33317 2.46797e+04
131.33746 3.41683e+04
131.34175 4.17647e+04
131.34604 4.25854e+04
131.35032 3.31870e+04
131.35461 2.01483e+04
131.35890 1.33748e+04
131.36319 1.11214e+04
131.36748 9.71546e+03
131.37176 9.01410e+03
131.37605 8.86990e+03
131.38034 8.75510e+03
131.38463 8.84225e+03
131.38891 8.84889e+03
131.39320 8.88868e+03
131.39749 9.44304e+03
131.40178 9.66005e+03
131.40607 9.37591e+03
131.41035 8.91592e+03
131.41464 8.91255e+03
131.41893 8.73958e+03
131.42322 8.54228e+03
131.42751 8.58921e+03
131.43179 8.75103e+03
131.43608 8.90359e+03
131.44037 9.39675e+03
131.44466 9.71843e+03
131.44895 1.00381e+04
131.45324 1.07607e+04
131.45752 1.18352e+04
131.46181 1.23429e+04
131.46610 1.21727e+04
131.47039 1.17995e+04
131.47468 1.14491e+04
131.47897 1.08117e+04
131.48325 1.01903e+04
131.48754 9.97606e+03
131.49183 9.63120e+03
131.49612 9.40050e+03
131.50041 9.17261e+03
131.50470 8.87452e+03
131.50898 9.05222e+03
131.51327 9.28591e+03
131.51756 9.25441e+03
131.52185 8.95024e+03
131.52614 8.78133e+03
131.53043 8.61577e+03
131.53471 8.81007e+03
131.53900 9.19992e+03
131.54329 9.67572e+03
131.54758 9.72744e+03
131.55187 9.69172e+03
131.55616 9.60074e+03
131.56045 9.50830e+03
131.56474 9.41619e+03
131.56902 9.48539e+03
131.57331 1.01287e+04
131.57760 1.24305e+04
131.58189 1.83584e+04
131.58618 2.93062e+04
131.59047 3.69697e+04
131.59476 3.05895e+04
131.59905 1.82704e+04
131.60333 1.14914e+04
131.60762 9.76248e+03
131.61191 9.36853e+03
131.61620 9.07672e+03
131.62049 9.23300e+03
131.62478 9.70415e+03
131.62907 1.02993e+04
131.63336 1.13176e+04
131.63765 1.39575e+04
131.64194 2.12768e+04
131.64622 3.97243e+04
131.65051 6.94085e+04
131.65480 8.61512e+04
131.65909 7.48723e+04
131.66338 4.91188e+04
131.66767 2.68330e+04
131.67196 1.50176e+04
131.67625 1.12921e+04
131.68054 9.92969e+03
131.68483 9.43606e+03
131.68912 9.28576e+03
131.69340 9.18956e+03
131.69769 9.82783e+03
131.70198 1.08477e+04
131.70627 1.32876e+04
131.71056 1.84269e+04
131.71485 2.84378e+04
131.71914 4.07885e+04
131.72343 4.42353e+04
131.72772 3.35468e+04
131.73201 2.01616e+04
131.73630 1.25570e+04
131.74059 9.97571e+03
131.74488 9.18917e+03
131.74917 9.01534e+03
131.75346 9.23049e+03
131.75775 9.67879e+03
131.76204 9.94004e+03
131.76633 1.00802e+04
131.77061 9.76883e+03
131.77490 9.42964e+03
131.77919 9.34244e+03
131.78348 9.17040e+03
131.78777 9.65134e+03
131.79206 9.67061e+03
131.79635 9.71569e+03
131.80064 9.81339e+03
131.80493 9.44374e+03
131.80922 9.34058e+03
131.81351 9.09446e+03
131.81780 8.98301e+03
131.82209 9.17515e+03
131.82638 9.32598e+03
131.83067 9.72989e+03
131.83496 9.67103e+03
131.83925 9.31629e+03
131.84354 9.09969e+03
131.84783 9.01541e+03
131.85212 8.67220e+03
131.85641 8.55814e+03
131.86070 8.55968e+03
131.86499 8.66550e+03
131.86928 9.09998e+03
131.87357 1.04028e+04
131.87786 1.29707e+04
131.88215 1.94194e+04
131.88644 3.58653e+04
131.89073 7.43057e+04
131.89502 1.21714e+05
131.89931 1.21801e+05
131.90360 7.06895e+04
131.90789 2.99313e+04
131.91218 1.61619e+04
131.91647 1.25965e+04
131.92076 1.14949e+04
131.92505 1.10989e+04
131.92934 1.05607e+04
131.93363 1.00554e+04
131.93792 9.62629e+03
131.94221 9.48143e+03
131.94651 9.38698e+03
131.95080 9.48289e+03
131.95509 9.77201e+03
131.95938 1.08080e+04
131.96367 1.31771e+04
131.96796 1.53419e+04
131.97225 1.46340e+04
131.97654 1.20599e+04
131.98083 1.02669e+04
131.98512 9.69502e+03
131.98941 9.14102e+03
131.99370 9.37437e+03
131.99799 9.72632e+03
132.00228 9.61242e+03
132.00657 9.94982e+03
132.01086 9.67358e+03
132.01515 9.60927e+03
132.01944 9.64115e+03
132.02374 9.53549e+03
132.02803 9.10588e+03
132.03232 9.27555e+03
132.03661 9.11835e+03
132.04090 9.18512e+03
132.04519 9.12907e+03
132.04948 8.78805e+03
132.05377 8.86914e+03
132.05806 9.29502e+03
132.06235 9.52668e+03
132.06664 9.69770e+03
132.07093 1.01242e+04
132.07523 1.04835e+04
132.07952 1.03788e+04
132.08381 1.01577e+04
132.08810 1.04973e+04
132.09239 1.02312e+04
132.09668 1.02736e+04
132.10086 1.00993e+04
132.10514 1.04454e+04
132.10942 1.05004e+04
132.11370 1.04224e+04
132.11798 1.03081e+04
132.12226 1.07278e+04
132.12654 1.07459e+04
132.13082 1.04533e+04
132.13510 9.98048e+03
132.13938 9.62130e+03
132.14366 9.39815e+03
132.14794 9.71029e+03
132.15222 1.00024e+04
132.15650 1.00997e+04
132.16078 1.00190e+04
132.16506 1.00864e+04
132.16934 1.00204e+04
132.17362 1.00831e+04
132.17790 1.01319e+04
132.18218 9.96098e+03
132.18646 9.77046e+03
132.19074 9.52179e+03
132.19502 9.52750e+03
132.19930 9.66944e+03
132.20358 9.91340e+03
132.20786 1.02281e+04
132.21214 1.04747e+04
132.21642 1.10208e+04
132.22070 1.13704e+04
132.22498 1.11364e+04
132.22926 1.11517e+04
132.23354 1.08092e+04
132.23783 1.03378e+04
132.24211 1.00408e+04
132.24639 9.98427e+03
132.25067 1.06054e+04
132.25495 1.08780e+04
132.25923 1.12203e+04
132.26351 1.14306e+04
132.26779 1.21357e+04
132.27207 1.33035e+04
132.27635 1.44205e+04
132.28063 1.55097e+04
132.28491 1.55448e+04
132.28919 1.51230e+04
132.29347 1.43203e+04
132.29775 1.27861e+04
132.30203 1.20925e+04
132.30631 1.15237e+04
132.31059 1.11457e+04
132.31487 1.08514e+04
132.31915 1.15028e+04
132.32344 1.21532e+04
132.32772 1.20138e+04
132.33200 1.20594e+04
132.33628 1.40665e+04
132.34056 2.07697e+04
132.34484 3.65329e+04
132.34912 5.55640e+04
132.35340 5.64229e+04
132.35768 3.51270e+04
132.36196 1.82029e+04
132.36624 1.32655e+04
132.37052 1.22186e+04
132.37481 1.23066e+04
132.37909 1.27978e+04
132.38337 1.39689e+04
132.38765 1.49772e+04
132.39193 1.65194e+04
132.39621 1.76036e+04
132.40049 1.69603e+04
132.40477 1.50751e+04
132.40905 1.31481e+04
132.41333 1.20371e+04
132.41762 1.15864e+04
132.42190 1.09394e+04
132.42618 1.10901e+04
132.43046 1.09859e+04
132.43474 1.10215e+04
132.43902 1.09604e+04
132.44330 1.08227e+04
132.44758 1.08014e+04
132.45187 1.08011e+04
132.45615 1.07961e+04
132.46043 1.05479e+04
132.46471 1.00329e+04
132.46899 9.96146e+03
132.47327 1.03673e+04
132.47755 1.08823e+04
132.48183 1.13117e+04
132.48612 1.10595e+04
132.49040 1.06139e+04
132.49468 1.01906e+04
132.49896 1.00058e+04
132.50324 1.00921e+04
132.50752 1.01771e+04
132.51181 1.06143e+04
132.51609 1.09353e+04
132.52037 1.12291e+04
132.52465 1.09902e+04
132.52893 1.09768e+04
132.53321 1.09182e+04
132.53750 1.09366e+04
132.54178 1.05763e+04
132.54606 1.03639e+04
132.55034 1.03612e+04
132.55462 1.08032e+04
132.55890 1.09340e+04
132.56319 1.05105e+04
132.56747 1.07775e+04
132.57175 1.07710e+04
132.57603 1.08067e+04
132.58031 1.06102e+04
132.58459 1.04905e+04
132.58888 1.06277e+04
132.59316 1.07094e+04
132.59744 1.06698e+04
132.59972 1.06414e+04
132.60400 1.05627e+04
132.60829 1.05397e+04
132.61257 1.06578e+04
132.61685 1.05480e+04
132.62113 1.06626e+04
132.62541 1.13427e+04
132.62970 1.19480e+04
132.63398 1.21290e+04
132.63826 1.19218e+04
132.64254 1.17981e+04
132.64683 1.30319e+04
132.65111 1.62946e+04
132.65539 2.37977e+04
132.65967 3.54511e+04
132.66395 4.22641e+04
132.66824 3.41271e+04
132.67252 2.02579e+04
132.67680 1.39402e+04
132.68108 1.23161e+04
132.68537 1.16021e+04
132.68965 1.10159e+04
132.69393 1.08359e+04
132.69821 1.07664e+04
132.70249 1.07697e+04
132.70678 1.08812e+04
132.71106 1.09786e+04
132.71534 1.10660e+04
132.71962 1.09293e+04
132.72391 1.07493e+04
132.72819 1.08192e+04
132.73247 1.09630e+04
132.73675 1.07093e+04
132.74104 1.07082e+04
132.74532 1.11147e+04
132.74960 1.14867e+04
132.75389 1.15476e+04
132.75817 1.13627e+04
132.76245 1.12418e+04
132.76673 1.15753e+04
132.77102 1.13390e+04
132.77530 1.10095e+04
132.77958 1.08561e+04
132.78386 1.13177e+04
132.78815 1.20673e+04
132.79243 1.21273e+04
132.79671 1.15391e+04
132.80100 1.09446e+04
132.80528 1.08807e+04
132.80956 1.10160e+04
132.81384 1.11707e+04
132.81813 1.16608e+04
132.82241 1.19327e+04
132.82669 1.19554e+04
132.83098 1.21287e+04
132.83526 1.19531e+04
132.83954 1.16594e+04
132.84383 1.14969e+04
132.84811 1.15597e+04
132.85239 1.16780e+04
132.85667 1.20415e+04
132.86096 1.27678e+04
132.86524 1.50469e+04
132.86952 2.08411e+04
132.87381 3.47241e+04
132.87809 5.28687e+04
132.88237 6.23716e+04
132.88666 5.46354e+04
132.89094 3.85482e+04
132.89522 3.07342e+04
132.89951 3.75334e+04
132.90379 5.23637e+04
132.90807 6.39995e+04
132.91236 6.39453e+04
132.91664 5.20913e+04
132.92092 3.42452e+04
132.92521 2.01093e+04
132.92949 1.47226e+04
132.93377 1.41314e+04
132.93806 1.50921e+04
132.94234 2.06755e+04
132.94662 3.32966e+04
132.95091 4.95279e+04
132.95519 5.85244e+04
132.95948 5.74107e+04
132.96376 4.82290e+04
132.96804 3.29588e+04
132.97233 2.06349e+04
132.97661 1.56214e+04
132.98089 1.45429e+04
132.98518 1.35979e+04
132.98946 1.21614e+04
132.99374 1.12734e+04
133.00103 1.10709e+04
133.00531 1.13061e+04
133.00960 1.10074e+04
133.01388 1.06242e+04
133.01816 1.02146e+04
133.02245 1.04575e+04
133.02673 1.05814e+04
133.03101 1.07223e+04
133.03530 1.10478e+04
133.03958 1.18329e+04
133.04387 1.19933e+04
133.04815 1.19308e+04
133.05243 1.14316e+04
133.05672 1.10629e+04
133.06100 1.09861e+04
133.06529 1.13632e+04
133.06957 1.15781e+04
133.07385 1.15216e+04
133.07814 1.18390e+04
133.08242 1.22249e+04
133.08671 1.26278e+04
133.09099 1.35941e+04
133.09528 1.37340e+04
133.09956 1.30265e+04
133.10384 1.18654e+04
133.10813 1.15151e+04
133.11241 1.11860e+04
133.11670 1.10627e+04
133.12098 1.09815e+04
133.12527 1.11683e+04
133.12955 1.06995e+04
133.13383 1.04379e+04
133.13812 1.01941e+04
133.14240 1.00204e+04
133.14669 1.02845e+04
133.15097 1.09962e+04
133.15526 1.14656e+04
133.15954 1.18804e+04
133.16382 1.16388e+04
133.16811 1.13581e+04
133.17239 1.13729e+04
133.17668 1.13125e+04
133.18096 1.11617e+04
133.18525 1.11750e+04
133.18953 1.16441e+04
133.19382 1.17146e+04
133.19810 1.19073e+04
133.20279 1.10547e+04
133.20707 1.13111e+04
133.21134 1.14950e+04
133.21561 1.15971e+04
133.21989 1.15280e+04
133.22416 1.16742e+04
133.22843 1.16765e+04
133.23271 1.15717e+04
133.23698 1.12312e+04
133.24125 1.09141e+04
133.24553 1.09659e+04
133.24980 1.10862e+04
133.25407 1.09360e+04
133.25835 1.11568e+04
133.26262 1.12711e+04
133.26689 1.13784e+04
133.27117 1.13278e+04
133.27544 1.15419e+04
133.27971 1.17500e+04
133.28399 1.13799e+04
133.28826 1.12832e+04
133.29254 1.13275e+04
133.29681 1.13423e+04
133.30108 1.15298e+04
133.30536 1.12764e+04
133.30963 1.11835e+04
133.31390 1.16597e+04
133.31818 1.15213e+04
133.32245 1.14295e+04
133.32672 1.16026e+04
133.33100 1.18441e+04
133.33527 1.18826e+04
133.33955 1.23390e+04
133.34382 1.26204e+04
133.34809 1.28279e+04
133.35237 1.27263e+04
133.35664 1.24297e+04
133.36092 1.25052e+04
133.36519 1.33505e+04
133.36946 1.45975e+04
133.37374 1.62209e+04
133.37801 1.73463e+04
133.38228 1.63452e+04
133.38656 1.49273e+04
133.39083 1.42307e+04
133.39511 1.41283e+04
133.39938 1.47603e+04
133.40266 1.59863e+04
133.40693 1.71782e+04
133.41120 1.92562e+04
133.41548 2.33819e+04
133.41975 3.12541e+04
133.42403 4.60262e+04
133.42830 8.00944e+04
133.43257 1.55703e+05
133.43685 3.20442e+05
133.44112 6.57552e+05
133.44540 1.24518e+06
133.44967 1.97003e+06
133.45395 2.32480e+06
133.45822 1.90900e+06
133.46249 1.11475e+06
133.46677 5.12516e+05
133.47104 2.15963e+05
133.47532 9.94243e+04
133.47959 5.34722e+04
133.48387 3.48429e+04
133.48814 2.62447e+04
133.49242 2.21437e+04
133.49669 1.99928e+04
133.50096 1.94365e+04
133.50524 1.97325e+04
133.50951 2.24128e+04
133.51379 2.85143e+04
133.51806 3.49022e+04
133.52234 3.68496e+04
133.52661 3.35084e+04
133.53089 3.24198e+04
133.53516 3.84438e+04
133.53944 5.39695e+04
133.54371 8.54114e+04
133.54799 1.49603e+05
133.55226 2.89099e+05
133.55654 5.74769e+05
133.56081 1.07913e+06
133.56508 1.77436e+06
133.56936 2.44419e+06
133.57363 2.77575e+06
133.57791 2.49456e+06
133.58218 1.68845e+06
133.58646 8.60702e+05
133.59073 3.67255e+05
133.59501 1.59166e+05
133.59928 7.98990e+04
133.60356 4.66018e+04
133.60783 3.12832e+04
133.61211 2.33558e+04
133.61638 1.91604e+04
133.62066 1.64710e+04
133.62493 1.52890e+04
133.62921 1.46050e+04
133.63348 1.42268e+04
133.63776 1.41646e+04
133.64203 1.38568e+04
133.64631 1.35452e+04
133.65059 1.38236e+04
133.65486 1.39943e+04
133.65914 1.40638e+04
133.66341 1.42791e+04
133.66769 1.44243e+04
133.67196 1.43475e+04
133.67624 1.39572e+04
133.68051 1.36116e+04
133.68479 1.32359e+04
133.68906 1.32023e+04
133.69334 1.31932e+04
133.69761 1.26002e+04
133.70189 1.23649e+04
133.70616 1.22223e+04
133.71044 1.22577e+04
133.71472 1.23355e+04
133.71899 1.23766e+04
133.72327 1.21943e+04
133.72754 1.17545e+04
133.73182 1.20397e+04
133.73609 1.21123e+04
133.74037 1.18609e+04
133.74464 1.22163e+04
133.74892 1.28041e+04
133.75320 1.33766e+04
133.75747 1.31706e+04
133.76175 1.30094e+04
133.76602 1.36058e+04
133.77030 1.40928e+04
133.77457 1.45772e+04
133.77885 1.54453e+04
133.78313 1.60127e+04
133.78740 1.58570e+04
133.79168 1.47714e+04
133.79595 1.38017e+04
133.80023 1.35407e+04
133.80451 1.32582e+04
133.80878 1.35719e+04
133.81306 1.38073e+04
133.81733 1.31755e+04
133.82161 1.28064e+04
133.82589 1.27930e+04
133.83016 1.27704e+04
133.83444 1.27288e+04
133.83871 1.25698e+04
133.84299 1.23827e+04
133.84727 1.23228e+04
133.85154 1.34048e+04
133.85582 1.47396e+04
133.86009 1.47921e+04
133.86437 1.36351e+04
133.86865 1.27736e+04
133.87292 1.21835e+04
133.87720 1.20765e+04
133.88148 1.19900e+04
133.88575 1.19995e+04
133.89003 1.18766e+04
133.89430 1.20043e+04
133.89858 1.19628e+04
133.90286 1.20751e+04
133.90713 1.22963e+04
133.91141 1.25845e+04
133.91569 1.21328e+04
133.91996 1.18652e+04
133.92424 1.13512e+04
133.92852 1.08472e+04
133.93279 1.10624e+04
133.93707 1.13852e+04
133.94135 1.16319e+04
133.94562 1.22472e+04
133.94990 1.31014e+04
133.95418 1.34217e+04
133.95845 1.36864e+04
133.96273 1.36692e+04
133.96701 1.32329e+04
133.97128 1.23353e+04
133.97556 1.18204e+04
133.97984 1.14691e+04
133.98411 1.13490e+04
133.98839 1.18376e+04
133.99267 1.21953e+04
133.99694 1.22228e+04
134.00122 1.20810e+04
134.00550 1.21271e+04
134.00977 1.19270e+04
134.01405 1.18198e+04
134.01833 1.16101e+04
134.02260 1.14203e+04
134.02688 1.16028e+04
134.03116 1.20969e+04
134.03543 1.30600e+04
134.03971 1.35255e+04
134.04399 1.30731e+04
134.04827 1.23998e+04
134.05254 1.20360e+04
134.05682 1.17026e+04
134.06110 1.13490e+04
134.06537 1.15625e+04
134.06965 1.19313e+04
134.07393 1.22384e+04
134.07821 1.23343e+04
134.08248 1.22643e+04
134.08676 1.21909e+04
134.09104 1.19047e+04
134.09531 1.20681e+04
134.09959 1.25497e+04
134.10387 1.28869e+04
134.10815 1.34820e+04
134.11242 1.44326e+04
134.11670 1.64737e+04
134.12098 1.67446e+04
134.12526 1.48212e+04
134.12953 1.33251e+04
134.13381 1.22465e+04
134.13809 1.17887e+04
134.14236 1.17339e+04
134.14664 1.17063e+04
134.15092 1.15749e+04
134.15520 1.15675e+04
134.15947 1.16994e+04
134.16375 1.21585e+04
134.16803 1.26298e+04
134.17231 1.30013e+04
134.17659 1.32605e+04
134.18086 1.31279e+04
134.18514 1.32656e+04
134.18942 1.37576e+04
134.19370 1.39900e+04
134.19797 1.38527e+04
134.20225 1.29948e+04
134.20653 1.31768e+04
134.21081 1.33863e+04
134.21508 1.37132e+04
134.21936 1.43921e+04
134.22364 1.64735e+04
134.22792 1.84746e+04
134.23220 1.79703e+04
134.23647 1.56079e+04
134.24075 1.36627e+04
134.24503 1.29145e+04
134.24931 1.26440e+04
134.25359 1.32298e+04
134.25786 1.43175e+04
134.26214 1.41371e+04
134.26642 1.28927e+04
134.27070 1.22637e+04
134.27498 1.24859e+04
134.27925 1.28356e+04
134.28353 1.29310e+04
134.28781 1.28919e+04
134.29209 1.26465e+04
134.29637 1.24442e+04
134.30064 1.18948e+04
134.30492 1.16420e+04
134.30920 1.14359e+04
134.31348 1.16598e+04
134.31776 1.22170e+04
134.32204 1.23025e+04
134.32631 1.23763e+04
134.33059 1.19654e+04
134.33487 1.17556e+04
134.33915 1.20194e+04
134.34343 1.23177e+04
134.34771 1.26372e+04
134.35198 1.30607e+04
134.35626 1.31990e+04
134.36054 1.31016e+04
134.36482 1.27715e+04
134.36910 1.21416e+04
134.37338 1.18229e+04
134.37766 1.17144e+04
134.38193 1.17914e+04
134.38621 1.17040e+04
134.39049 1.13677e+04
134.39477 1.12665e+04
134.39905 1.11210e+04
134.40333 1.12915e+04
134.40761 1.13244e+04
134.41188 1.10430e+04
134.41616 1.06060e+04
134.42044 1.03916e+04
134.42472 1.08232e+04
134.42900 1.13524e+04
134.43328 1.20511e+04
134.43756 1.26108e+04
134.44184 1.26295e+04
134.44611 1.22594e+04
134.45039 1.18273e+04
134.45467 1.15659e+04
134.45895 1.16153e+04
134.46323 1.13856e+04
134.46751 1.15587e+04
134.47179 1.17531e+04
134.47607 1.17846e+04
134.48035 1.20063e+04
134.48462 1.22451e+04
134.48890 1.25801e+04
134.49318 1.25198e+04
134.49746 1.30615e+04
134.50174 1.35466e+04
134.50602 1.31848e+04
134.51030 1.32166e+04
134.51458 1.36436e+04
134.51886 1.36318e+04
134.52314 1.30478e+04
134.52742 1.26472e+04
134.53170 1.18264e+04
134.53597 1.14776e+04
134.54025 1.18261e+04
134.54453 1.18207e+04
134.54881 1.22376e+04
134.55309 1.23132e+04
134.55737 1.26363e+04
134.56165 1.28461e+04
134.56593 1.24844e+04
134.57021 1.22151e+04
134.57449 1.19485e+04
134.57877 1.19006e+04
134.58305 1.19514e+04
134.58733 1.22105e+04
134.59161 1.35304e+04
134.59589 1.40033e+04
134.60017 1.29245e+04
134.60445 1.17003e+04
134.60872 1.13197e+04
134.61300 1.13875e+04
134.61728 1.17732e+04
134.62156 1.21399e+04
134.62584 1.25359e+04
134.63012 1.28803e+04
134.63440 1.30205e+04
134.63868 1.27615e+04
134.64296 1.27582e+04
134.64724 1.30715e+04
134.65152 1.29305e+04
134.65580 1.26714e+04
134.66008 1.24323e+04
134.66436 1.24066e+04
134.66864 1.26545e+04
134.67292 1.26532e+04
134.67720 1.24545e+04
134.68148 1.25502e+04
134.68576 1.29889e+04
134.69004 1.34598e+04
134.69432 1.42986e+04
134.69860 1.46082e+04
134.70380 1.66990e+04
134.70806 1.58743e+04
134.71233 1.51463e+04
134.71660 1.51111e+04
134.72087 1.52155e+04
134.72514 1.51868e+04
134.72941 1.45810e+04
134.73368 1.40267e+04
134.73794 1.39049e+04
134.74221 1.38083e+04
134.74648 1.33881e+04
134.75075 1.34303e+04
134.75502 1.40355e+04
134.75929 1.46878e+04
134.76356 1.51954e+04
134.76782 1.54002e+04
134.77209 1.50144e+04
134.77636 1.43147e+04
134.78063 1.40999e+04
134.78490 1.41638e+04
134.78917 1.39448e+04
134.79344 1.40893e+04
134.79771 1.42877e+04
134.80198 1.44170e+04
134.80624 1.44921e+04
134.81051 1.41493e+04
134.81478 1.33021e+04
134.81905 1.27944e+04
134.82332 1.26011e+04
134.82759 1.23184e+04
134.83186 1.24956e+04
134.83613 1.27830e+04
134.84040 1.32301e+04
134.84466 1.37470e+04
134.84893 1.44116e+04
134.85320 1.50666e+04
134.85747 1.51243e+04
134.86174 1.47250e+04
134.86601 1.48449e+04
134.87028 1.50863e+04
134.87455 1.56257e+04
134.87882 1.51640e+04
134.88309 1.47117e+04
134.88736 1.40794e+04
134.89163 1.41520e+04
134.89590 1.40294e+04
134.90016 1.42165e+04
134.90443 1.41990e+04
134.90870 1.40248e+04
134.91297 1.39837e+04
134.91724 1.39785e+04
134.92151 1.41422e+04
134.92578 1.48672e+04
134.93005 1.56082e+04
134.93432 1.56472e+04
134.93859 1.58552e+04
134.94286 1.60281e+04
134.94713 1.57155e+04
134.95140 1.54222e+04
134.95567 1.48356e+04
134.95994 1.49333e+04
134.96421 1.52798e+04
134.96848 1.57263e+04
134.97275 1.52796e+04
134.97702 1.49898e+04
134.98129 1.44644e+04
134.98555 1.41583e+04
134.98982 1.38304e+04
134.99409 1.42390e+04
134.99836 1.42670e+04
135.00263 1.44556e+04
135.00690 1.44107e+04
135.01117 1.44653e+04
135.01544 1.43029e+04
135.01971 1.41327e+04
135.02398 1.43613e+04
135.02825 1.44752e+04
135.03252 1.45858e+04
135.03679 1.44813e+04
135.04106 1.41874e+04
135.04533 1.38945e+04
135.04960 1.39902e+04
135.05387 1.41199e+04
135.05814 1.41522e+04
135.06241 1.40849e+04
135.06668 1.45597e+04
135.07095 1.50525e+04
135.07522 1.48242e+04
135.07949 1.45436e+04
135.08376 1.45545e+04
135.08803 1.44017e+04
135.09230 1.44501e+04
135.09657 1.42715e+04
135.10084 1.46382e+04
135.10511 1.49431e+04
135.10938 1.49676e+04
135.11366 1.48874e+04
135.11793 1.46529e+04
135.12220 1.47777e+04
135.12647 1.49591e+04
135.13074 1.54520e+04
135.13501 1.55693e+04
135.13928 1.64806e+04
135.14355 1.87391e+04
135.14782 2.35814e+04
135.15209 3.91040e+04
135.15636 8.21293e+04
135.16063 1.68837e+05
135.16490 2.46432e+05
135.16917 2.18626e+05
135.17344 1.18546e+05
135.17771 4.92597e+04
135.18198 2.60806e+04
135.18625 1.95143e+04
135.19052 1.69030e+04
135.19479 1.54297e+04
135.19907 1.46744e+04
135.20334 1.47672e+04
135.20761 1.52187e+04
135.21188 1.48787e+04
135.21615 1.46923e+04
135.22042 1.52479e+04
135.22469 1.56861e+04
135.22896 1.60338e+04
135.23323 1.59520e+04
135.23750 1.53874e+04
135.24177 1.50643e+04
135.24604 1.57176e+04
135.25031 1.62669e+04
135.25459 1.62617e+04
135.25886 1.60158e+04
135.26313 1.55023e+04
135.26740 1.57003e+04
135.27167 1.59246e+04
135.27594 1.59289e+04
135.28021 1.58241e+04
135.28448 1.54976e+04
135.28875 1.56409e+04
135.29303 1.57261e+04
135.29730 1.63138e+04
135.30157 1.72521e+04
135.30584 1.71148e+04
135.31011 1.63745e+04
135.31438 1.61137e+04
135.31865 1.60083e+04
135.32292 1.53577e+04
135.32719 1.51023e+04
135.33147 1.50940e+04
135.33574 1.51851e+04
135.34001 1.57731e+04
135.34428 1.65648e+04
135.34855 1.64464e+04
135.35282 1.66441e+04
135.35709 1.64721e+04
135.36137 1.61481e+04
135.36564 1.59443e+04
135.36991 1.66753e+04
135.37418 1.72207e+04
135.37845 1.70772e+04
135.38272 1.69653e+04
135.38699 1.66499e+04
135.39127 1.59141e+04
135.39554 1.56233e+04
135.39981 1.58310e+04
135.40408 1.61395e+04
135.40835 1.63660e+04
135.41262 1.67254e+04
135.41690 1.95121e+04
135.42117 2.60516e+04
135.42544 3.62984e+04
135.42971 4.33487e+04
135.43398 3.71428e+04
135.43826 2.53850e+04
135.44253 1.85128e+04
135.44680 1.62963e+04
135.45107 1.55687e+04
135.45534 1.56448e+04
135.45961 1.57042e+04
135.46389 1.62887e+04
135.46816 1.68074e+04
135.47243 1.75026e+04
135.47670 1.81016e+04
135.48097 1.76188e+04
135.48525 1.67120e+04
135.48952 1.60604e+04
135.49379 1.59322e+04
135.49806 1.57632e+04
135.50233 1.56171e+04
135.50661 1.53150e+04
135.51088 1.54397e+04
135.51515 1.55144e+04
135.51942 1.58025e+04
135.53617 2.03091e+04
135.54043 2.79576e+04
135.54469 5.05268e+04
135.54895 1.06364e+05
135.55321 1.99055e+05
135.55747 2.71961e+05
135.56173 2.37435e+05
135.56599 1.30615e+05
135.57026 6.29069e+04
135.57452 5.40998e+04
135.57878 7.38218e+04
135.58304 9.00049e+04
135.58730 7.88321e+04
135.59156 5.05036e+04
135.59582 2.86662e+04
135.60008 1.99319e+04
135.60434 1.73832e+04
135.60860 1.62547e+04
135.61286 1.54993e+04
135.61712 1.52485e+04
135.62138 1.53849e+04
135.62565 1.64115e+04
135.62991 1.70595e+04
135.63417 1.77999e+04
135.63843 1.74341e+04
135.64269 1.72552e+04
135.64695 1.70445e+04
135.65121 1.69717e+04
135.65547 1.68320e+04
135.65973 1.66472e+04
135.66399 1.65294e+04
135.66826 1.64037e+04
135.67252 1.66895e+04
135.67678 1.77133e+04
135.68104 1.87449e+04
135.68530 2.00384e+04
135.68956 2.16931e+04
135.69382 2.36024e+04
135.69808 2.56178e+04
135.70234 2.81474e+04
135.70661 3.65488e+04
135.71087 4.63532e+04
135.71513 4.50175e+04
135.71939 3.29958e+04
135.72365 2.30119e+04
135.72791 1.85363e+04
135.73217 1.76821e+04
135.73644 1.75042e+04
135.74070 1.77673e+04
135.74496 1.75729e+04
135.74922 1.81464e+04
135.75348 2.16330e+04
135.75774 3.10228e+04
135.76200 4.27359e+04
135.76627 4.38872e+04
135.77053 3.15212e+04
135.77479 2.02286e+04
135.77905 1.66799e+04
135.78331 1.61236e+04
135.78757 1.62021e+04
135.79184 1.57548e+04
135.79610 1.60062e+04
135.80036 1.59981e+04
135.80462 1.66074e+04
135.80888 1.88970e+04
135.81314 2.31724e+04
135.81741 2.69811e+04
135.82167 2.58769e+04
135.82593 2.17001e+04
135.83019 1.97341e+04
135.83445 2.21093e+04
135.83872 3.08732e+04
135.84298 5.35915e+04
135.84724 8.64997e+04
135.85150 9.96903e+04
135.85576 7.44091e+04
135.86003 3.99232e+04
135.86429 2.54059e+04
135.86855 2.50805e+04
135.87281 2.88054e+04
135.87707 3.21272e+04
135.88134 2.82654e+04
135.88560 2.15385e+04
135.88986 1.87360e+04
135.89412 1.82494e+04
135.89838 1.88333e+04
135.90265 1.98670e+04
135.90691 1.97688e+04
135.91117 2.03396e+04
135.91543 2.36593e+04
135.91970 3.36070e+04
135.92396 5.24078e+04
135.92822 6.60103e+04
135.93248 5.64544e+04
135.93674 3.93794e+04
135.94101 3.64992e+04
135.94527 3.85343e+04
135.94953 3.20585e+04
135.95379 2.38917e+04
135.95806 1.98221e+04
135.96232 1.73449e+04
135.96658 1.62043e+04
135.97084 1.57580e+04
135.97511 1.54763e+04
135.97937 1.59075e+04
135.98363 1.63145e+04
135.98789 1.63159e+04
135.99216 1.60960e+04
135.99642 1.65028e+04
136.00068 1.67718e+04
136.00495 1.72407e+04
136.00921 1.89566e+04
136.01047 2.19881e+04
136.01473 2.51423e+04
136.01900 2.47133e+04
136.02326 2.15579e+04
136.02752 1.86020e+04
136.03178 1.76755e+04
136.03605 1.71945e+04
136.04031 1.79339e+04
136.04457 1.78396e+04
136.04884 1.75806e+04
136.05310 1.68717e+04
136.05736 1.67001e+04
136.06162 1.67836e+04
136.06589 1.70101e+04
136.07015 1.71166e+04
136.07441 1.81949e+04
136.07868 1.86080e+04
136.08294 1.85877e+04
136.08720 1.81854e+04
136.09147 1.66633e+04
136.09573 1.57346e+04
136.09999 1.52180e+04
136.10426 1.50384e+04
136.10852 1.52858e+04
136.11278 1.60770e+04
136.11704 1.75831e+04
136.12131 2.03715e+04
136.12557 2.64119e+04
136.12983 3.81463e+04
136.13410 5.37546e+04
136.13836 6.20607e+04
136.14262 5.14393e+04
136.14689 3.36803e+04
136.15115 2.31425e+04
136.15541 1.91361e+04
136.15968 1.79557e+04
136.16394 1.74932e+04
136.16820 1.69995e+04
136.17247 1.70175e+04
136.17673 1.73609e+04
136.18100 1.80584e+04
136.18526 1.81245e+04
136.18952 1.78292e+04
136.19379 1.74894e+04
136.19805 1.74377e+04
136.20231 1.70738e+04
136.20658 1.69354e+04
136.21084 1.65438e+04
136.21510 1.68249e+04
136.21937 1.78744e+04
136.22363 1.80771e+04
136.22790 1.79814e+04
136.23216 1.79515e+04
136.23642 1.78326e+04
136.24069 1.81626e+04
136.24495 1.82839e+04
136.24921 1.77265e+04
136.25348 1.72336e+04
136.25774 1.71002e+04
136.26201 1.69196e+04
136.26627 1.72779e+04
136.27053 1.84502e+04
136.27480 1.92812e+04
136.27906 1.91200e+04
136.28333 1.79806e+04
136.28759 1.62964e+04
136.29185 1.61407e+04
136.29612 1.67737e+04
136.30038 1.72753e+04
136.30465 1.72751e+04
136.30891 1.73271e+04
136.31317 1.69915e+04
136.31744 1.66914e+04
136.32170 1.69677e+04
136.32597 1.77019e+04
136.33023 1.82896e+04
136.33449 1.96408e+04
136.33876 2.18640e+04
136.34302 2.43856e+04
136.34729 2.53383e+04
136.35155 2.54181e+04
136.35582 2.47484e+04
136.36008 2.21869e+04
136.36435 2.00958e+04
136.36861 1.92638e+04
136.37287 2.01749e+04
136.37714 2.15553e+04
136.38140 2.07072e+04
136.38567 1.86245e+04
136.38993 1.78451e+04
136.39420 1.83423e+04
136.39846 1.95545e+04
136.40273 2.22318e+04
136.40699 3.06269e+04
136.41125 5.13460e+04
136.41552 7.69332e+04
136.41978 7.95165e+04
136.42405 5.38522e+04
136.42831 3.13284e+04
136.43258 2.50362e+04
136.43684 2.68799e+04
136.44111 2.85543e+04
136.44537 2.61105e+04
136.44964 2.16123e+04
136.45390 1.93989e+04
136.45817 1.85823e+04
136.46243 1.75263e+04
136.46670 1.68159e+04
136.47096 1.68981e+04
136.47523 1.70754e+04
136.47949 1.73793e+04
136.48376 1.73328e+04
136.48802 1.76292e+04
136.49229 1.77124e+04
136.49655 1.79869e+04
136.50082 1.80647e+04
136.50508 1.78018e+04
136.50635 1.75854e+04
136.51061 1.73997e+04
136.51488 1.72205e+04
136.51914 1.69003e+04
136.52341 1.69684e+04
136.52767 1.71236e+04
136.53194 1.72470e+04
136.53620 1.78044e+04
136.54047 1.77822e+04
136.54473 1.78146e+04
136.54900 1.76142e+04
136.55326 1.76792e+04
136.55753 1.76723e+04
136.56179 1.77344e+04
136.56606 1.79930e+04
136.57032 1.79819e+04
136.57459 1.78225e+04
136.57885 1.78425e+04
136.58312 1.77766e+04
136.58739 1.78699e+04
136.59165 1.75379e+04
136.59592 1.72382e+04
136.60018 1.70286e+04
136.60445 1.71884e+04
136.60871 1.74483e+04
136.61298 1.79755e+04
136.61724 1.79167e+04
136.62151 1.80366e+04
136.62577 1.81588e+04
136.63004 1.89091e+04
136.63431 2.03899e+04
136.63857 2.26327e+04
136.64284 2.25016e+04
136.64710 2.10564e+04
136.65137 1.96361e+04
136.65563 1.92355e+04
136.65990 1.86986e+04
136.66417 1.83274e+04
136.66843 1.81397e+04
136.67270 1.77514e+04
136.67696 1.76679e+04
136.68123 1.74183e+04
136.68550 1.74166e+04
136.68976 1.73834e+04
136.69403 1.76282e+04
136.69829 1.79374e+04
136.70256 1.80049e+04
136.70683 1.82370e+04
136.71109 1.84559e+04
136.71536 1.88249e+04
136.71962 1.90353e+04
136.72389 1.92484e+04
136.72816 1.96312e+04
136.73242 1.95535e+04
136.73669 1.98072e+04
136.74095 1.90914e+04
136.74522 1.89848e+04
136.74949 1.87661e+04
136.75375 1.89338e+04
136.75802 1.92580e+04
136.76228 1.94968e+04
136.76655 1.88635e+04
136.77082 1.78960e+04
136.77508 1.74503e+04
136.77935 1.73989e+04
136.78362 1.77476e+04
136.78788 1.82183e+04
136.79215 1.92905e+04
136.79642 2.19792e+04
136.80068 2.70964e+04
136.80495 3.67858e+04
136.80921 4.18244e+04
136.81348 3.51379e+04
136.81775 2.49151e+04
136.82201 1.93090e+04
136.82628 1.82411e+04
136.83055 1.78270e+04
136.83481 1.79379e+04
136.83908 1.85007e+04
136.84335 1.93622e+04
136.84761 1.99108e+04
136.85188 2.06703e+04
136.85615 2.23429e+04
136.86041 2.26304e+04
136.86468 2.08297e+04
136.86895 1.92075e+04
136.87321 1.88936e+04
136.87748 1.85259e+04
136.88175 1.89332e+04
136.88601 1.87440e+04
136.89028 1.84610e+04
136.89455 1.83754e+04
136.89882 1.84722e+04
136.90308 1.77340e+04
136.90459 1.66186e+04
136.90884 1.64078e+04
136.91310 1.66013e+04
136.91735 1.71881e+04
136.92161 1.70409e+04
136.92586 1.70851e+04
136.93012 1.71863e+04
136.93437 1.76784e+04
136.93863 1.83435e+04
136.94288 1.90255e+04
136.94714 1.94525e+04
136.95139 1.95370e+04
136.95565 1.98214e+04
136.95990 2.05071e+04
136.96416 2.19382e+04
136.96841 2.31585e+04
136.97267 2.23289e+04
136.97692 2.08861e+04
136.98118 2.06811e+04
136.98543 2.06699e+04
136.98969 2.11259e+04
136.99394 2.25105e+04
136.99820 2.68914e+04
137.00245 3.49557e+04
137.00671 4.69006e+04
137.01097 5.57527e+04
137.01522 5.25209e+04
137.01948 3.83120e+04
137.02373 2.58828e+04
137.02799 2.02508e+04
137.03224 1.85770e+04
137.03650 1.82811e+04
137.04075 1.85814e+04
137.04501 1.85383e+04
137.04926 1.88710e+04
137.05352 1.85767e+04
137.05778 1.86567e+04
137.06203 1.81654e+04
137.06629 1.77749e+04
137.07054 1.77833e+04
137.07480 1.81405e+04
137.07905 1.80704e+04
137.08331 1.86566e+04
137.08757 1.95067e+04
137.09182 2.14949e+04
137.09608 2.45157e+04
137.10033 2.66855e+04
137.10459 2.92147e+04
137.10885 2.98485e+04
137.11310 2.95908e+04
137.11736 3.02602e+04
137.12161 3.20904e+04
137.12587 3.51745e+04
137.13013 3.67227e+04
137.13438 3.64160e+04
137.13864 3.49040e+04
137.14289 3.27705e+04
137.14715 3.01144e+04
137.15141 3.00306e+04
137.15566 3.31839e+04
137.15992 3.62677e+04
137.16417 3.83360e+04
137.16843 3.87962e+04
137.17269 3.67787e+04
137.17694 3.24149e+04
137.18120 2.83952e+04
137.18345 2.46158e+04
137.18771 2.14485e+04
137.19197 2.02883e+04
137.19622 1.94862e+04
137.20048 1.91943e+04
137.20474 2.01271e+04
137.20899 2.17118e+04
137.21325 2.36410e+04
137.21751 2.78854e+04
137.22176 3.39867e+04
137.22602 3.88001e+04
137.23027 3.55461e+04
137.23453 2.74912e+04
137.23879 2.31285e+04
137.24304 2.10192e+04
137.24730 1.99428e+04
137.25156 1.98849e+04
137.25581 2.03127e+04
137.26007 2.15313e+04
137.26433 2.28438e+04
137.26858 2.39639e+04
137.27284 2.47803e+04
137.27710 2.40234e+04
137.28135 2.27678e+04
137.28561 2.14297e+04
137.28987 2.10408e+04
137.29412 2.03378e+04
137.29838 1.95174e+04
137.30264 1.90276e+04
137.30689 1.90797e+04
137.31115 1.98742e+04
137.31541 2.08817e+04
137.31967 2.05194e+04
137.32392 2.00533e+04
137.32818 2.01247e+04
137.33244 1.97119e+04
137.33669 2.06825e+04
137.34095 2.19793e+04
137.34521 2.22719e+04
137.34946 2.20537e+04
137.35372 2.32385e+04
137.35798 2.34664e+04
137.36224 2.18776e+04
137.36649 1.95963e+04
137.37075 1.82038e+04
137.37501 1.77385e+04
137.37926 1.80168e+04
137.38352 1.86998e+04
137.38778 2.02763e+04
137.39204 2.25131e+04
137.39629 2.61935e+04
137.40055 2.92217e+04
137.40481 3.28397e+04
137.40906 3.58706e+04
137.41332 3.30794e+04
137.41758 2.67277e+04
137.42184 2.25912e+04
137.42609 2.14595e+04
137.43035 2.13530e+04
137.43461 2.13126e+04
137.43887 2.12882e+04
137.44312 2.09945e+04
137.44738 2.01576e+04
137.45164 1.93957e+04
137.45590 1.99744e+04
137.46015 2.08456e+04
137.46441 2.13316e+04
137.46867 2.22308e+04
137.47293 2.24544e+04
137.47718 2.23814e+04
137.48144 2.13194e+04
137.48570 2.01748e+04
137.48996 1.95304e+04
137.49422 1.96247e+04
137.49847 1.98412e+04
137.50273 1.99472e+04
137.50699 2.02049e+04
137.51125 2.10272e+04
137.51550 2.28406e+04
137.51976 2.50078e+04
137.52402 2.61038e+04
137.52828 2.42708e+04
137.53254 2.20763e+04
137.53679 2.02261e+04
137.54105 1.93411e+04
137.54531 1.88306e+04
137.54957 1.90806e+04
137.55383 1.95576e+04
137.55808 1.99243e+04
137.56234 1.92909e+04
137.56660 1.82314e+04
137.57086 1.85814e+04
137.57512 1.91385e+04
137.57937 1.95298e+04
137.58363 1.97388e+04
137.58789 2.00898e+04
137.59215 1.98630e+04
137.59641 1.95904e+04
137.60067 1.89963e+04
137.60492 1.84730e+04
137.60918 1.87811e+04
137.61344 1.88117e+04
137.61770 1.90552e+04
137.62196 1.92328e+04
137.62621 1.93746e+04
137.63047 1.95314e+04
137.63473 2.04927e+04
137.63899 2.08525e+04
137.64325 2.02978e+04
137.64751 1.95019e+04
137.65177 1.93943e+04
137.65602 2.12440e+04
137.66028 2.42691e+04
137.66454 3.00176e+04
137.66880 3.34953e+04
137.67306 2.97178e+04
137.67732 2.41706e+04
137.68158 2.18737e+04
137.68583 2.12161e+04
137.69009 2.09038e+04
137.69435 2.04132e+04
137.69861 2.00807e+04
137.70087 1.97119e+04
137.70513 1.93747e+04
137.70939 1.88882e+04
137.71364 1.88837e+04
137.71790 1.89293e+04
137.72216 1.95423e+04
137.72642 2.01819e+04
137.73068 2.08778e+04
137.73494 2.08008e+04
137.73920 2.04370e+04
137.74346 2.04781e+04
137.74772 2.04373e+04
137.75197 2.06800e+04
137.75623 2.00095e+04
137.76049 1.95967e+04
137.76475 1.94658e+04
137.76901 1.98513e+04
137.77327 2.10858e+04
137.77753 2.15207e+04
137.78179 2.10998e+04
137.78605 2.04813e+04
137.79031 2.02842e+04
137.79457 1.93913e+04
137.79882 1.96157e+04
137.80308 2.03018e+04
137.80734 2.04634e+04
137.81160 2.04853e+04
137.81586 2.01530e+04
137.82012 1.99869e+04
137.82438 1.97273e+04
137.82864 1.95484e+04
137.83290 1.94594e+04
137.83716 1.95094e+04
137.84142 1.99169e+04
137.84568 2.12087e+04
137.84994 2.34282e+04
137.85420 2.41825e+04
137.85845 2.22562e+04
137.86271 2.18733e+04
137.86697 2.22046e+04
137.87123 2.20549e+04
137.87549 2.04370e+04
137.87975 1.97392e+04
137.88401 1.96956e+04
137.88827 1.96581e+04
137.89253 1.96471e+04
137.89679 1.97111e+04
137.90105 1.98601e+04
137.90531 2.05880e+04
137.90957 2.23206e+04
137.91383 2.29817e+04
137.91809 2.33232e+04
137.92235 2.30644e+04
137.92661 2.28080e+04
137.93087 2.20924e+04
137.93513 2.23835e+04
137.93939 2.22080e+04
137.94365 2.31251e+04
137.94791 2.57272e+04
137.95217 3.04418e+04
137.95643 3.77090e+04
137.96069 4.36401e+04
137.96495 3.92808e+04
137.96921 2.86960e+04
137.97347 2.29199e+04
137.97773 2.12173e+04
137.98199 2.05703e+04
137.98625 2.03201e+04
137.99051 1.97917e+04
137.99477 1.94568e+04
137.99903 1.96630e+04
138.00329 2.03843e+04
138.00755 2.21323e+04
138.01181 2.33847e+04
138.01607 2.45415e+04
138.02033 2.45292e+04
138.02459 2.46576e+04
138.02885 2.39698e+04
138.03311 2.31187e+04
138.03737 2.25224e+04
138.04163 2.23524e+04
138.04589 2.19037e+04
138.05015 2.19458e+04
138.05441 2.12889e+04
138.05867 2.06492e+04
138.06293 1.99165e+04
138.06719 1.97421e+04
138.07145 2.01398e+04
138.07571 2.09211e+04
138.07997 2.07260e+04
138.08423 2.08392e+04
138.08850 2.10340e+04
138.09276 2.10471e+04
138.09702 2.07800e+04
138.10128 2.11100e+04
138.10554 2.25827e+04
138.10980 2.35131e+04
138.11406 2.36655e+04
138.11832 2.50164e+04
138.12258 2.93653e+04
138.12684 3.74054e+04
138.13110 4.64915e+04
138.13536 4.67886e+04
138.13962 3.79868e+04
138.14388 3.15359e+04
138.14815 2.90520e+04
138.15241 2.91304e+04
138.15667 2.98847e+04
138.16093 2.88186e+04
138.16519 2.57186e+04
138.16945 2.48536e+04
138.17371 2.45393e+04
138.17797 2.33539e+04
138.18223 2.26711e+04
138.18649 2.15308e+04
138.19075 2.07898e+04
138.19502 2.08624e+04
138.19928 2.11261e+04
138.20354 2.06664e+04
138.20780 1.97808e+04
138.21206 1.96964e+04
138.21632 1.97886e+04
138.22058 1.96797e+04
138.22484 1.94382e+04
138.22910 1.92915e+04
138.23337 1.86443e+04
138.23763 1.85463e+04
138.24189 1.91831e+04
138.24615 1.93840e+04
138.25041 2.05745e+04
138.25467 2.19477e+04
138.25893 2.25732e+04
138.26320 2.31465e+04
138.26746 2.32401e+04
138.27172 2.27605e+04
138.27598 2.21308e+04
138.28024 2.16688e+04
138.28450 2.12859e+04
138.28876 2.14324e+04
138.29303 2.18670e+04
138.29729 2.18835e+04
138.30103 2.10433e+04
138.30528 2.05605e+04
138.30953 2.01912e+04
138.31378 1.95560e+04
138.31803 1.93763e+04
138.32228 1.95384e+04
138.32653 1.97017e+04
138.33278 2.00045e+04
138.33703 1.96750e+04
138.34128 1.98584e+04
138.34553 2.03634e+04
138.34978 2.08658e+04
138.35403 2.13119e+04
138.35828 2.12593e+04
138.36253 2.19285e+04
138.36678 2.14118e+04
138.37103 2.09559e+04
138.37528 2.03725e+04
138.37953 2.03626e+04
138.38378 2.02515e+04
138.38803 2.00317e+04
138.39228 1.96911e+04
138.39653 1.99229e+04
138.40078 2.00627e+04
138.40503 2.00873e+04
138.40928 1.99943e+04
138.41353 1.96137e+04
138.41778 1.93022e+04
138.42203 1.91534e+04
138.42628 1.91974e+04
138.43053 1.96690e+04
138.43478 1.98903e+04
138.43903 1.98423e+04
138.44328 2.02462e+04
138.44753 2.02376e+04
138.45178 2.02635e+04
138.45603 2.07711e+04
138.46028 2.19229e+04
138.46453 2.19898e+04
138.46878 2.21496e+04
138.47303 2.22009e+04
138.47728 2.18707e+04
138.48153 2.12128e+04
138.48578 2.09014e+04
138.49003 2.05490e+04
138.49428 2.03583e+04
138.49853 1.94534e+04
138.50278 1.90833e+04
138.50703 1.85110e+04
138.51128 1.91769e+04
138.51554 1.98564e+04
138.51979 2.02813e+04
138.52404 2.06630e+04
138.52829 2.05620e+04
138.53254 2.07093e+04
138.53679 2.16014e+04
138.54104 2.35319e+04
138.54529 2.63221e+04
138.54954 2.70437e+04
138.55379 2.48711e+04
138.55804 2.14022e+04
138.56229 2.09946e+04
138.56654 2.14503e+04
138.57080 2.20129e+04
138.57505 2.15770e+04
138.57930 2.18087e+04
138.58355 2.15505e+04
138.58780 2.11036e+04
138.59205 2.08163e+04
138.59630 2.05940e+04
138.60055 2.08083e+04
138.60480 2.10339e+04
138.60905 2.08099e+04
138.61331 2.10120e+04
138.61756 2.12787e+04
138.62181 2.12107e+04
138.62606 2.08767e+04
138.63031 2.05550e+04
138.63456 1.98899e+04
138.63881 1.96550e+04
138.64306 1.95845e+04
138.64731 1.98456e+04
138.65157 2.01241e+04
138.65582 2.05472e+04
138.66007 2.07233e+04
138.66432 2.10041e+04
138.66857 2.11151e+04
138.67282 2.10274e+04
138.67707 2.07944e+04
138.68133 2.10818e+04
138.68558 2.14735e+04
138.68983 2.13822e+04
138.69408 2.15101e+04
138.69833 2.09728e+04
138.70258 2.13080e+04
138.70683 2.20952e+04
138.71109 2.38372e+04
138.71534 2.83659e+04
138.71959 3.50764e+04
138.72384 3.56456e+04
138.72809 2.93476e+04
138.73234 2.37087e+04
138.73660 2.20380e+04
138.74085 2.14737e+04
138.74510 2.07787e+04
138.74935 2.07623e+04
138.75360 2.12316e+04
138.75785 2.19499e+04
138.76211 2.18351e+04
138.76636 2.17802e+04
138.77061 2.16863e+04
138.77486 2.14425e+04
138.77911 2.21559e+04
138.78337 2.24322e+04
138.78762 2.24690e+04
138.79187 2.25077e+04
138.79612 2.24608e+04
138.80037 2.25207e+04
138.80463 2.21534e+04
138.80888 2.19807e+04
138.81313 2.23480e+04
138.81738 2.21300e+04
138.82163 2.15703e+04
138.82589 2.19951e+04
138.83014 2.34401e+04
138.83439 2.59019e+04
138.83864 3.02086e+04
138.84289 3.54510e+04
138.84715 3.49545e+04
138.85140 2.78950e+04
138.85565 2.31259e+04
138.85990 2.17523e+04
138.86416 2.11484e+04
138.86841 2.09372e+04
138.87266 2.09563e+04
138.87691 2.14080e+04
138.88116 2.13891e+04
138.88542 2.18954e+04
138.88967 2.20411e+04
138.89392 2.22056e+04
138.89817 2.20381e+04
138.90243 2.19540e+04
138.90668 2.23792e+04
138.91093 2.33047e+04
138.91518 2.50395e+04
138.91944 2.49775e+04
138.92369 2.33525e+04
138.92794 2.31021e+04
138.93219 2.34874e+04
138.93645 2.47537e+04
138.94070 2.45972e+04
138.94495 2.40141e+04
138.94921 2.36006e+04
138.95346 2.35748e+04
138.95771 2.40000e+04
138.96196 2.37533e+04
138.96622 2.37429e+04
138.97047 2.39349e+04
138.97472 2.29614e+04
138.97897 2.18241e+04
138.98323 2.15157e+04
138.98748 2.19374e+04
138.99173 2.29779e+04
138.99599 2.34039e+04
139.00024 2.27032e+04
139.00449 2.15494e+04
139.00875 2.11204e+04
139.01300 2.13807e+04
139.01725 2.21494e+04
139.02150 2.27168e+04
139.02576 2.33114e+04
139.03001 2.38511e+04
139.03426 2.40433e+04
139.03852 2.44543e+04
139.04277 2.41368e+04
139.04702 2.32897e+04
139.05128 2.27343e+04
139.05553 2.20073e+04
139.05978 2.15303e+04
139.06404 2.16580e+04
139.06829 2.23499e+04
139.07254 2.28288e+04
139.07680 2.30331e+04
139.08105 2.24501e+04
139.08530 2.21320e+04
139.08956 2.22466e+04
139.09381 2.23112e+04
139.09806 2.23442e+04
139.10232 2.24056e+04
139.10657 2.23640e+04
139.11082 2.30918e+04
139.11508 2.32349e+04
139.11933 2.29612e+04
139.12358 2.30373e+04
139.12784 2.34509e+04
139.13209 2.30131e+04
139.13634 2.19965e+04
139.14060 2.21259e+04
139.14485 2.21038e+04
139.14911 2.21462e+04
139.15336 2.27968e+04
139.15761 2.23678e+04
139.16187 2.22801e+04
139.16612 2.20891e+04
139.17037 2.19022e+04
139.17463 2.22399e+04
139.17888 2.25756e+04
139.18314 2.37367e+04
139.18739 2.43261e+04
139.19164 2.39463e+04
139.19590 2.35801e+04
139.20015 2.35868e+04
139.20440 2.45618e+04
139.20866 2.71146e+04
139.20991 3.01062e+04
139.21417 3.08772e+04
139.21842 2.77599e+04
139.22267 2.42180e+04
139.22693 2.31457e+04
139.23118 2.28974e+04
139.23544 2.28008e+04
139.23969 2.24336e+04
139.24394 2.27052e+04
139.24820 2.36027e+04
139.25245 2.65336e+04
139.25671 2.95226e+04
139.26096 2.99890e+04
139.26522 2.83242e+04
139.26947 2.84165e+04
139.27372 3.45322e+04
139.27798 4.31982e+04
139.28223 4.57872e+04
139.28649 3.71993e+04
139.29074 2.79551e+04
139.29500 2.44638e+04
139.29925 2.39780e+04
139.30350 2.44795e+04
139.30776 2.42422e+04
139.31201 2.42518e+04
139.31627 2.57096e+04
139.32052 2.90301e+04
139.32478 3.52684e+04
139.32903 4.44625e+04
139.33329 5.29254e+04
139.33754 5.29168e+04
139.34180 5.10393e+04
139.34605 5.54395e+04
139.35030 6.54267e+04
139.35456 8.44430e+04
139.35881 1.22478e+05
139.36307 1.89812e+05
139.36732 2.98190e+05
139.37158 4.40443e+05
139.37583 5.73945e+05
139.38009 6.36675e+05
139.38434 5.93324e+05
139.38860 4.69047e+05
139.39285 3.33624e+05
139.39711 2.19491e+05
139.40136 1.32174e+05
139.40562 7.66392e+04
139.40987 5.02122e+04
139.41413 3.83253e+04
139.41838 3.30586e+04
139.42264 2.97750e+04
139.42689 2.76485e+04
139.43115 2.60661e+04
139.43540 2.53271e+04
139.43966 2.50371e+04
139.44391 2.45232e+04
139.44817 2.43654e+04
139.45242 2.41844e+04
139.45668 2.42716e+04
139.46093 2.38173e+04
139.46519 2.30510e+04
139.46944 2.29750e+04
139.47370 2.34040e+04
139.47795 2.32488e+04
139.48221 2.26809e+04
139.48646 2.12688e+04
139.49072 2.05988e+04
139.49497 2.10235e+04
139.50718 2.31488e+04
139.51142 2.28745e+04
139.51566 2.28996e+04
139.51991 2.29022e+04
139.52415 2.26654e+04
139.52839 2.32767e+04
139.53264 2.32166e+04
139.53688 2.35939e+04
139.54112 2.31449e+04
139.54537 2.30741e+04
139.54961 2.38527e+04
139.55385 2.44564e+04
139.55810 2.44881e+04
139.56234 2.35910e+04
139.56658 2.30587e+04
139.57083 2.38950e+04
139.57507 2.41969e+04
139.57931 2.41978e+04
139.58356 2.37312e+04
139.58780 2.30666e+04
139.59205 2.30900e+04
139.59629 2.40943e+04
139.60053 2.71489e+04
139.60478 3.33596e+04
139.60902 3.80176e+04
139.61326 3.54873e+04
139.61751 3.08835e+04
139.62175 2.83381e+04
139.62599 2.65722e+04
139.63024 2.52225e+04
139.63448 2.46484e+04
139.63873 2.43353e+04
139.64297 2.40957e+04
139.64721 2.41573e+04
139.65146 2.38227e+04
139.65570 2.39508e+04
139.65995 2.38175e+04
139.66419 2.38699e+04
139.66843 2.38244e+04
139.67268 2.33027e+04
139.67692 2.34959e+04
139.68116 2.36357e+04
139.68541 2.38245e+04
139.68965 2.37607e+04
139.69390 2.32955e+04
139.69814 2.32614e+04
139.70238 2.36004e+04
139.70663 2.43084e+04
139.71087 2.51135e+04
139.71512 2.62673e+04
139.71936 2.73675e+04
139.72361 2.72806e+04
139.72785 2.71607e+04
139.73209 2.73311e+04
139.73634 2.67518e+04
139.74058 2.69519e+04
139.74483 2.64091e+04
139.74907 2.56985e+04
139.75332 2.48313e+04
139.75756 2.42709e+04
139.76180 2.43157e+04
139.76605 2.38190e+04
139.77029 2.34861e+04
139.77454 2.31124e+04
139.77878 2.26984e+04
139.78303 2.26509e+04
139.78727 2.29423e+04
139.79152 2.35350e+04
139.79576 2.39714e+04
139.80000 2.37816e+04
139.80425 2.35652e+04
139.80849 2.40831e+04
139.81274 2.43850e+04
139.81698 2.44718e+04
139.82123 2.50309e+04
139.82547 2.56578e+04
139.82972 2.54211e+04
139.83396 2.42795e+04
139.83821 2.41393e+04
139.84245 2.40809e+04
139.84670 2.47241e+04
139.85094 2.49614e+04
139.85519 2.54428e+04
139.85943 2.56523e+04
139.86368 2.57002e+04
139.86792 2.59950e+04
139.87216 2.93148e+04
139.87641 3.33715e+04
139.88065 3.36773e+04
139.88490 3.04225e+04
139.88914 2.93585e+04
139.89339 3.28614e+04
139.89763 3.76029e+04
139.90188 3.94264e+04
139.90612 3.50291e+04
139.91037 2.79570e+04
139.91461 2.40038e+04
139.91886 2.34988e+04
139.92311 2.41178e+04
139.92735 2.42859e+04
139.93160 2.49427e+04
139.93584 2.49823e+04
139.94009 2.52384e+04
139.94433 2.53390e+04
139.94858 2.54460e+04
139.95282 2.51676e+04
139.95707 2.60446e+04
139.96131 2.71304e+04
139.96556 2.81828e+04
139.96980 3.02056e+04
139.97405 3.27444e+04
139.97829 3.50462e+04
139.98254 3.71396e+04
139.98678 3.67343e+04
139.99103 3.44522e+04
139.99528 3.24863e+04
139.99952 3.01615e+04
140.00377 2.69452e+04
140.00526 2.49702e+04
140.00950 2.52544e+04
140.01375 2.51430e+04
140.01799 2.48271e+04
140.02224 2.52961e+04
140.02649 2.67036e+04
140.03073 2.74046e+04
140.03498 2.79000e+04
140.03922 2.82699e+04
140.04347 2.88414e+04
140.04772 2.96009e+04
140.05196 2.98829e+04
140.05621 2.94572e+04
140.06045 2.86041e+04
140.06470 2.70952e+04
140.06894 2.62025e+04
140.07319 2.67371e+04
140.07744 2.69663e+04
140.08168 2.76557e+04
140.08593 2.90574e+04
140.09017 3.06645e+04
140.09442 3.40591e+04
140.09867 4.16965e+04
140.10291 5.37130e+04
140.10716 6.97129e+04
140.11140 8.45943e+04
140.11565 9.26267e+04
140.11990 8.77059e+04
140.12414 7.68715e+04
140.12839 6.31713e+04
140.13264 5.11513e+04
140.13688 4.47508e+04
140.14113 4.46835e+04
140.14537 5.08890e+04
140.14962 5.24880e+04
140.15387 4.25331e+04
140.15811 3.16517e+04
140.16236 2.78519e+04
140.16661 2.74486e+04
140.17085 2.65170e+04
140.17510 2.59403e+04
140.17934 2.50081e+04
140.18359 2.55868e+04
140.18784 2.56988e+04
140.19208 2.58100e+04
140.19633 2.56113e+04
140.20058 2.64354e+04
140.20482 2.68910e+04
140.20907 2.64101e+04
140.21332 2.60144e+04
140.21756 2.64298e+04
140.22181 2.73982e+04
140.22606 2.83313e+04
140.23030 2.92862e+04
140.23455 3.11647e+04
140.23880 3.42255e+04
140.24304 3.87277e+04
140.24729 4.43918e+04
140.25154 5.49582e+04
140.25578 7.61452e+04
140.26003 1.11164e+05
140.26428 1.58895e+05
140.26852 2.15323e+05
140.27277 2.67449e+05
140.27702 2.95101e+05
140.28127 2.81958e+05
140.28551 2.35513e+05
140.28976 1.73765e+05
140.29401 1.18478e+05
140.29825 8.18241e+04
140.30250 5.89043e+04
140.30675 4.63387e+04
140.31099 3.88791e+04
140.31524 3.36546e+04
140.31949 3.02349e+04
140.32374 2.86385e+04
140.32798 2.63243e+04
140.33223 2.54823e+04
140.33648 2.59208e+04
140.34072 2.62297e+04
140.34497 2.64802e+04
140.34922 2.65821e+04
140.35347 2.64871e+04
140.35771 2.58577e+04
140.36196 2.55760e+04
140.36621 2.54726e+04
140.37046 2.53279e+04
140.37470 2.54531e+04
140.37895 2.56984e+04
140.38320 2.56697e+04
140.38744 2.66071e+04
140.39169 2.72196e+04
140.39594 2.74923e+04
140.40019 2.73524e+04
140.40443 2.62432e+04
140.40868 2.65095e+04
140.41293 2.66142e+04
140.41718 2.66139e+04
140.42142 2.66926e+04
140.42567 2.60668e+04
140.42992 2.61722e+04
140.43417 2.64896e+04
140.43842 2.74430e+04
140.44266 2.83082e+04
140.44691 3.07815e+04
140.45116 3.46073e+04
140.45541 3.98719e+04
140.45965 4.63221e+04
140.46390 5.34945e+04
140.46815 6.05784e+04
140.47240 6.62084e+04
140.47665 6.71338e+04
140.48089 6.47486e+04
140.48514 5.75671e+04
140.48939 4.89639e+04
140.49364 4.11130e+04
140.49789 3.56494e+04
140.50213 3.15470e+04
140.50638 2.89594e+04
140.51063 2.74692e+04
140.51488 2.66492e+04
140.51913 2.60646e+04
140.52337 2.59841e+04
140.52762 2.63975e+04
140.53187 2.72875e+04
140.53612 2.86658e+04
140.54037 3.05598e+04
140.54461 3.37876e+04
140.54886 3.92835e+04
140.55311 4.95272e+04
140.55736 5.95058e+04
140.56161 6.21692e+04
140.56586 5.91288e+04
140.57010 5.96856e+04
140.57435 6.26931e+04
140.57860 6.21728e+04
140.58285 5.73634e+04
140.58710 5.16879e+04
140.59135 4.63956e+04
140.59559 4.29687e+04
140.59984 4.21644e+04
140.60409 4.26927e+04
140.60834 4.16527e+04
140.61259 3.87194e+04
140.61684 3.41863e+04
140.62109 3.11974e+04
140.62533 2.86232e+04
140.62958 2.68778e+04
140.63383 2.66046e+04
140.63808 2.65713e+04
140.64233 2.63020e+04
140.64658 2.56549e+04
140.65083 2.53619e+04
140.65507 2.50821e+04
140.65932 2.54718e+04
140.66357 2.67676e+04
140.66782 2.82072e+04
140.67207 2.82990e+04
140.67632 2.72871e+04
140.68057 2.66395e+04
140.68482 2.62993e+04
140.68907 2.71062e+04
140.69331 2.76860e+04
140.69756 2.74165e+04
140.70181 2.78313e+04
140.70606 2.82397e+04
140.71031 2.79372e+04
140.71456 2.89570e+04
140.71881 2.94599e+04
140.72306 3.15931e+04
140.72731 3.44136e+04
140.73156 3.67414e+04
140.73580 3.83740e+04
140.74005 4.04793e+04
140.74430 4.22523e+04
140.74855 4.25942e+04
140.75280 4.40202e+04
140.75705 4.71764e+04
140.76130 5.43909e+04
140.76555 6.59733e+04
140.76980 7.78887e+04
140.77405 8.66985e+04
140.77830 8.72739e+04
140.78255 7.98880e+04
140.78680 6.63826e+04
140.79105 5.06502e+04
140.79529 4.01362e+04
140.79954 3.48924e+04
140.80379 3.14761e+04
140.80804 2.94963e+04
140.81229 2.94757e+04
140.81654 3.09675e+04
140.82079 3.11798e+04
140.82504 3.07292e+04
140.82929 3.04720e+04
140.83354 2.96175e+04
140.83779 2.85204e+04
140.84204 2.88805e+04
140.84629 2.78725e+04
140.85054 2.65413e+04
140.85479 2.71933e+04
140.85904 2.83504e+04
140.86329 2.88819e+04
140.86754 2.80753e+04
140.87692 2.67598e+04
140.88116 2.65954e+04
140.88539 2.63876e+04
140.88963 2.67363e+04
140.89387 2.71583e+04
140.89811 2.90098e+04
140.90234 3.10139e+04
140.90658 3.15001e+04
140.91082 3.03386e+04
140.91506 3.03153e+04
140.91929 3.19471e+04
140.92353 3.55592e+04
140.92777 4.42302e+04
140.93201 5.15684e+04
140.93624 4.72307e+04
140.94048 3.59711e+04
140.94472 2.96410e+04
140.94896 2.79176e+04
140.95319 2.75989e+04
140.95743 2.72882e+04
140.96167 2.70625e+04
140.96591 2.70344e+04
140.97015 2.71286e+04
140.97438 2.63031e+04
140.97862 2.57445e+04
140.98286 2.60874e+04
140.98710 2.59827e+04
140.99134 2.63106e+04
140.99557 2.66251e+04
140.99981 2.67983e+04
141.00405 2.58986e+04
141.00829 2.66995e+04
141.01253 2.67414e+04
141.01676 2.72820e+04
141.02100 2.77686e+04
141.02524 2.76422e+04
141.02948 2.79055e+04
141.03372 2.78002e+04
141.03795 2.77276e+04
141.04219 2.78013e+04
141.04643 2.78023e+04
141.05067 2.79601e+04
141.05491 2.87883e+04
141.05915 3.00338e+04
141.06338 3.17619e+04
141.06762 3.06835e+04
141.07186 2.92463e+04
141.07610 2.84468e+04
141.08034 2.90279e+04
141.08458 2.89304e+04
141.08881 2.95079e+04
141.09305 3.21498e+04
141.09729 3.68983e+04
141.10153 4.59585e+04
141.10577 5.99388e+04
141.11001 6.54560e+04
141.11425 5.45764e+04
141.11848 3.90098e+04
141.12272 3.29547e+04
141.12696 3.28217e+04
141.13120 3.54651e+04
141.13544 3.53697e+04
141.13968 3.36937e+04
141.14392 3.25309e+04
141.14815 3.08482e+04
141.15239 3.01714e+04
141.15663 2.95545e+04
141.16087 2.93965e+04
141.16511 2.85253e+04
141.16935 2.96542e+04
141.17359 3.09335e+04
141.17783 3.11806e+04
141.18206 3.17582e+04
141.18630 3.46730e+04
141.19054 4.12324e+04
141.19478 4.85256e+04
141.19902 4.95806e+04
141.20326 4.41190e+04
141.20750 4.15512e+04
141.21174 4.06571e+04
141.21598 3.99969e+04
141.22022 3.82787e+04
141.22445 3.53110e+04
141.22869 3.24043e+04
141.23293 3.01930e+04
141.23717 2.92176e+04
141.24141 2.92226e+04
141.24565 2.92093e+04
141.24989 2.85682e+04
141.25413 2.88222e+04
141.25837 2.89773e+04
141.26261 2.94920e+04
141.26509 3.28228e+04
141.26933 3.71657e+04
141.27357 4.61943e+04
141.27780 6.00733e+04
141.28204 7.34193e+04
141.28628 7.00860e+04
141.29052 5.11454e+04
141.29476 3.61067e+04
141.29900 3.01899e+04
141.30324 3.00980e+04
141.30748 3.02879e+04
141.31172 3.01938e+04
141.31596 2.95347e+04
141.32020 2.83589e+04
141.32444 2.82541e+04
141.32868 2.91292e+04
141.33292 2.95220e+04
141.33716 2.92377e+04
141.34140 2.83734e+04
141.34564 2.83653e+04
141.34988 2.77445e+04
141.35412 2.77175e+04
141.35836 2.88628e+04
141.36260 2.92108e+04
141.36684 2.95602e+04
141.37108 2.95685e+04
141.37532 2.88060e+04
141.37956 2.91874e+04
141.38380 3.10402e+04
141.38804 3.14220e+04
141.39228 3.01039e+04
141.39652 2.90088e+04
141.40076 2.91146e+04
141.40500 3.00685e+04
141.40924 3.00017e+04
141.41348 3.17432e+04
141.41772 3.29792e+04
141.42196 3.32168e+04
141.42620 3.36785e+04
141.43044 3.30587e+04
141.43468 3.20278e+04
141.43892 2.98848e+04
141.44316 2.88386e+04
141.44740 2.90165e+04
141.45164 2.92308e+04
141.45588 2.87107e+04
141.46012 2.92365e+04
141.46436 3.07573e+04
141.46860 3.08904e+04
141.47284 2.98952e+04
141.47708 2.92878e+04
141.48132 3.03765e+04
141.48556 3.09839e+04
141.48980 3.06883e+04
141.49404 2.93531e+04
141.49828 3.01154e+04
141.50252 3.12396e+04
141.50676 3.24785e+04
141.51100 3.12532e+04
141.51524 2.93333e+04
141.51948 2.93040e+04
141.52372 2.92958e+04
141.52797 2.93529e+04
141.53221 2.97485e+04
141.53645 3.08503e+04
141.54069 3.22606e+04
141.54493 3.22489e+04
141.54917 3.10587e+04
141.55341 3.12841e+04
141.55765 3.28709e+04
141.56189 3.39827e+04
141.56613 3.67518e+04
141.57037 4.06378e+04
141.57461 4.18496e+04
141.57885 3.81751e+04
141.58310 3.44078e+04
141.58734 3.39445e+04
141.59158 3.45321e+04
141.59582 3.34119e+04
141.60006 3.16321e+04
141.60430 2.92148e+04
141.60854 2.83612e+04
141.61278 2.90269e+04
141.61702 2.90218e+04
141.62126 2.97200e+04
141.62551 2.99381e+04
141.62975 3.07506e+04
141.63399 3.03549e+04
141.63823 2.96245e+04
141.64247 2.96794e+04
141.64671 2.93556e+04
141.65095 2.95181e+04
141.65519 3.04058e+04
141.65943 3.23495e+04
141.66368 3.38541e+04
141.66792 3.56203e+04
141.67216 3.67679e+04
141.67640 3.55254e+04
141.68064 3.38823e+04
141.68488 3.36475e+04
141.68912 3.61485e+04
141.69337 3.80066e+04
141.69761 3.78221e+04
141.70185 3.63419e+04
141.70609 3.43184e+04
141.71033 3.18507e+04
141.71457 3.05633e+04
141.71881 3.01360e+04
141.72306 3.07338e+04
141.72730 3.23630e+04
141.73154 3.28533e+04
141.73578 3.27940e+04
141.74002 3.28327e+04
141.74426 3.21977e+04
141.74851 3.18258e+04
141.75275 3.10009e+04
141.75699 3.04063e+04
141.76123 3.07334e+04
141.76547 3.21287e+04
141.76971 3.41038e+04
141.77396 3.42135e+04
141.77820 3.25402e+04
141.78244 3.00295e+04
141.78668 2.94648e+04
141.79092 2.91792e+04
141.79517 2.91667e+04
141.79941 2.90679e+04
141.80365 2.92049e+04
141.80789 2.91396e+04
141.81213 3.02815e+04
141.81638 3.20666e+04
141.82062 3.23537e+04
141.82486 3.32832e+04
141.82910 3.28625e+04
141.83334 3.18942e+04
141.83759 3.17225e+04
141.84183 3.14174e+04
141.84607 3.10730e+04
141.85031 3.05824e+04
141.85456 3.06523e+04
141.85880 3.06045e+04
141.86304 2.98418e+04
141.86728 2.98770e+04
141.87152 3.14272e+04
141.87577 3.45484e+04
141.88001 3.94594e+04
141.88425 4.51765e+04
141.88849 4.55175e+04
141.89274 3.80111e+04
141.89698 3.17537e+04
141.90122 2.99036e+04
141.90546 2.85358e+04
141.90971 2.82048e+04
141.91395 2.80526e+04
141.91819 2.84510e+04
141.92243 2.94449e+04
141.92668 2.93893e+04
141.93092 2.98811e+04
141.93516 3.06406e+04
141.93940 3.10785e+04
141.94365 3.19952e+04
141.94789 3.25889e+04
141.95213 3.17858e+04
141.95637 3.07730e+04
141.96062 3.10480e+04
141.96486 3.10555e+04
141.96566 2.93056e+04
141.96989 2.93884e+04
141.97412 2.89674e+04
141.97835 2.84813e+04
141.98258 2.93806e+04
141.98681 2.98443e+04
141.99104 3.04685e+04
141.99527 3.15440e+04
141.99950 3.21001e+04
142.00373 3.20316e+04
142.00797 3.18873e+04
142.01220 3.11972e+04
142.01643 3.05147e+04
142.02066 3.00547e+04
142.02489 2.94762e+04
142.02912 2.88314e+04
142.03335 2.89722e+04
142.03758 2.92143e+04
142.04181 3.04660e+04
142.04604 3.01684e+04
142.05027 3.12063e+04
142.05450 3.15635e+04
142.05873 3.27020e+04
142.06296 3.28385e+04
142.06719 3.30255e+04
142.07143 3.26182e+04
142.07566 3.23749e+04
142.07989 3.24141e+04
142.08412 3.36373e+04
142.08835 3.36872e+04
142.09258 3.21171e+04
142.09681 3.02951e+04
142.10104 2.94321e+04
142.10527 3.00749e+04
142.10950 3.06936e+04
142.11374 3.09301e+04
142.11797 3.06744e+04
142.12220 2.96658e+04
142.12643 2.89782e+04
142.13066 2.91132e+04
142.13489 2.97480e+04
142.13912 3.10548e+04
142.14335 3.23885e+04
142.14758 3.13068e+04
142.15182 3.04525e+04
142.15605 2.97559e+04
142.16028 3.00467e+04
142.16451 3.04817e+04
142.16874 3.04456e+04
142.17297 3.21665e+04
142.17720 3.22211e+04
142.18144 3.17251e+04
142.18567 3.16030e+04
142.18990 3.12215e+04
142.19413 3.13761e+04
142.19836 3.14859e+04
142.20259 3.09373e+04
142.20682 3.19754e+04
142.21106 3.11793e+04
142.21529 3.12339e+04
142.21952 3.01093e+04
142.22375 2.96265e+04
142.22798 3.02423e+04
142.23221 3.10870e+04
142.23645 3.23412e+04
142.24068 3.19133e+04
142.24491 3.23789e+04
142.24914 3.47383e+04
142.25337 3.53724e+04
142.25760 3.26192e+04
142.26184 3.04478e+04
142.26607 3.07278e+04
142.27030 3.10459e+04
142.27453 3.10506e+04
142.27876 3.15494e+04
142.28300 3.21475e+04
142.28723 3.17810e+04
142.29146 3.08635e+04
142.29569 3.09250e+04
142.29992 3.10546e+04
142.30415 3.11374e+04
142.30839 3.22780e+04
142.31262 3.42494e+04
142.31685 3.68538e+04
142.32108 3.86954e+04
142.32532 3.68570e+04
142.32955 3.36719e+04
142.33378 3.20528e+04
142.33801 3.14049e+04
142.34224 3.15857e+04
142.34648 3.17110e+04
142.35071 3.15242e+04
142.35494 3.18926e+04
142.35917 3.20444e+04
142.36341 3.14825e+04
142.36764 3.08074e+04
142.37187 3.08936e+04
142.37610 3.22375e+04
142.38033 3.38556e+04
142.38457 3.50477e+04
142.38880 3.58009e+04
142.39303 3.62972e+04
142.39726 3.62138e+04
142.40150 3.68386e+04
142.40573 3.72835e+04
142.40996 3.57310e+04
142.41419 3.33173e+04
142.41843 3.25483e+04
142.42266 3.21482e+04
142.42689 3.26723e+04
142.43112 3.24906e+04
142.43536 3.15600e+04
142.43959 3.06031e+04
142.44382 2.97586e+04
142.44806 3.00792e+04
142.45229 3.11312e+04
142.45652 3.45248e+04
142.46075 4.07591e+04
142.46499 5.03693e+04
142.46922 6.31262e+04
142.47345 7.12654e+04
142.47769 6.32938e+04
142.48192 4.70841e+04
142.48615 4.24270e+04
142.49038 5.26383e+04
142.49462 8.28066e+04
142.49885 1.35676e+05
142.50308 1.74665e+05
142.50732 1.51877e+05
142.51155 1.09999e+05
142.51578 1.11715e+05
142.52002 1.25938e+05
142.52425 1.03485e+05
142.52848 6.27194e+04
142.53271 4.10404e+04
142.53695 3.48580e+04
142.54118 3.32904e+04
142.54541 3.33730e+04
142.54965 3.20640e+04
142.55388 3.03461e+04
142.55811 3.04072e+04
142.56235 3.08047e+04
142.56658 3.21812e+04
142.57081 3.26500e+04
142.57505 3.19777e+04
142.57928 3.12508e+04
142.58351 3.12712e+04
142.58775 3.13208e+04
142.59198 3.12474e+04
142.59621 3.15144e+04
142.60045 3.12910e+04
142.60468 3.15316e+04
142.60891 3.09003e+04
142.61315 3.13276e+04
142.61738 3.20409e+04
142.62162 3.26113e+04
142.62585 3.17981e+04
142.63008 3.02798e+04
142.63432 3.00211e+04
142.63855 2.97687e+04
142.64278 3.09486e+04
142.64702 3.24224e+04
142.65125 3.36633e+04
142.65548 3.47282e+04
142.65972 3.36460e+04
142.66395 3.22722e+04
142.66819 3.18175e+04
142.67242 3.12567e+04
142.67665 3.10794e+04
142.68089 3.13252e+04
142.68512 3.18702e+04
142.68936 3.23486e+04
142.69359 3.21134e+04
142.69782 3.28228e+04
142.70206 3.40766e+04
142.70629 3.50738e+04
142.71053 3.57130e+04
142.71476 3.78157e+04
142.71899 3.82083e+04
142.72323 3.59340e+04
142.72746 3.40189e+04
142.73170 3.29122e+04
142.73593 3.29351e+04
142.74016 3.25732e+04
142.74440 3.30755e+04
142.74863 3.24477e+04
142.75287 3.25006e+04
142.75710 3.33979e+04
142.76134 3.44661e+04
142.76557 3.46303e+04
142.76980 3.46307e+04
142.77404 3.41080e+04
142.77827 3.35699e+04
142.78251 3.31048e+04
142.78674 3.17410e+04
142.79098 3.14360e+04
142.79521 3.19331e+04
142.79944 3.22657e+04
142.80368 3.25775e+04
142.80791 3.20488e+04
142.81215 3.17491e+04
142.81638 3.11928e+04
142.82062 3.13234e+04
142.82485 3.21313e+04
142.82909 3.23876e+04
142.83332 3.25152e+04
142.83756 3.30462e+04
142.84179 3.46024e+04
142.84603 3.50397e+04
142.85026 3.48579e+04
142.85449 3.41129e+04
142.85873 3.34770e+04
142.86296 3.27555e+04
142.86720 3.27065e+04
142.87143 3.24313e+04
142.87567 3.33691e+04
142.87990 3.40885e+04
142.88414 3.48886e+04
142.88837 3.54982e+04
142.89261 3.47563e+04
142.89684 3.38464e+04
142.90108 3.36257e+04
142.90531 3.36753e+04
142.90955 3.26822e+04
142.91378 3.28269e+04
142.91802 3.39172e+04
142.92225 3.39759e+04
142.92649 3.33253e+04
142.93072 3.37021e+04
142.93496 3.40897e+04
142.93919 3.41510e+04
142.94343 3.35983e+04
142.94766 3.29384e+04
142.95190 3.26312e+04
142.95613 3.34937e+04
142.96037 3.38684e+04
142.96161 3.38864e+04
142.96584 3.36631e+04
142.97008 3.41160e+04
142.97431 3.36295e+04
142.97855 3.31916e+04
142.98278 3.48766e+04
142.98702 3.63883e+04
142.99125 3.66533e+04
142.99549 3.67422e+04
142.99972 3.66265e+04
143.00396 3.60815e+04
143.00819 3.84222e+04
143.01243 4.26609e+04
143.01667 4.35244e+04
143.02090 4.07909e+04
143.02514 3.55979e+04
143.02937 3.32272e+04
143.03361 3.23381e+04
143.03784 3.33584e+04
143.04208 3.34287e+04
143.04632 3.35133e+04
143.05055 3.25954e+04
143.05479 3.22336e+04
143.05902 3.24077e+04
143.06326 3.22702e+04
143.06749 3.34840e+04
143.07173 3.42450e+04
143.07597 3.56271e+04
143.08020 3.56190e+04
143.08444 3.48322e+04
143.08867 3.42630e+04
143.09291 3.48068e+04
143.09715 3.58810e+04
143.10138 3.65579e+04
143.10562 3.59586e+04
143.10985 3.49848e+04
143.11409 3.44147e+04
143.11833 3.34098e+04
143.12256 3.33566e+04
143.12680 3.31772e+04
143.13103 3.29791e+04
143.13527 3.27421e+04
143.13951 3.46157e+04
143.14374 3.63705e+04
143.14798 4.06227e+04
143.15222 5.01470e+04
143.15645 6.40706e+04
143.16069 7.11433e+04
143.16492 5.96173e+04
143.16916 4.36080e+04
143.17340 3.59272e+04
143.17763 3.35516e+04
143.18187 3.23041e+04
143.18611 3.22049e+04
143.19034 3.26118e+04
143.19458 3.49838e+04
143.19882 4.07534e+04
143.20305 5.14884e+04
143.20729 6.91131e+04
143.21152 8.07910e+04
143.21576 7.21276e+04
143.22000 5.18405e+04
143.22423 4.04658e+04
143.22847 3.70404e+04
143.23271 3.68952e+04
143.23694 3.73244e+04
143.24118 4.04954e+04
143.24542 4.95317e+04
143.24965 6.31288e+04
143.25389 7.02420e+04
143.25813 6.20756e+04
143.26236 4.62785e+04
143.26660 3.82355e+04
143.27084 3.52704e+04
143.27508 3.42436e+04
143.27931 3.62219e+04
143.28355 3.89919e+04
143.28779 3.99753e+04
143.29202 3.94166e+04
143.29626 3.67401e+04
143.30050 3.69009e+04
143.30473 4.13226e+04
143.30897 4.40601e+04
143.31321 4.42525e+04
143.31744 4.86943e+04
143.32168 6.58424e+04
143.32592 1.00841e+05
143.33016 1.37141e+05
143.33439 1.38100e+05
143.33863 9.83761e+04
143.34287 5.84806e+04
143.34710 4.18961e+04
143.35134 3.74672e+04
143.35558 3.64480e+04
143.35982 3.69722e+04
143.37588 3.36011e+04
143.38010 3.37247e+04
143.38433 3.35653e+04
143.38855 3.31170e+04
143.39278 3.27729e+04
143.39700 3.29015e+04
143.40123 3.39958e+04
143.40545 3.48788e+04
143.40968 3.50445e+04
143.41390 3.49506e+04
143.41813 3.44627e+04
143.42235 3.33803e+04
143.42658 3.29318e+04
143.43080 3.34830e+04
143.43503 3.46091e+04
143.43925 3.61654e+04
143.44348 3.67209e+04
143.44770 3.71423e+04
143.45193 3.61358e+04
143.45615 3.53848e+04
143.46038 3.64202e+04
143.46460 3.73582e+04
143.46883 3.79676e+04
143.47305 3.66021e+04
143.47728 3.64955e+04
143.48150 3.91994e+04
143.48573 4.31203e+04
143.48995 5.05408e+04
143.49418 5.84398e+04
143.49841 5.77859e+04
143.50263 4.74381e+04
143.50686 3.84904e+04
143.51108 3.44556e+04
143.51531 3.29175e+04
143.51953 3.38118e+04
143.52376 3.45958e+04
143.52798 3.58092e+04
143.53221 3.69991e+04
143.53643 3.76259e+04
143.54066 3.76602e+04
143.54488 3.68144e+04
143.54911 3.61312e+04
143.55334 3.67831e+04
143.55756 3.81505e+04
143.56179 3.95283e+04
143.56601 3.78559e+04
143.57024 3.59161e+04
143.57446 3.47874e+04
143.57869 3.44859e+04
143.58292 3.32425e+04
143.58714 3.25001e+04
143.59137 3.21031e+04
143.59559 3.28950e+04
143.59982 3.42340e+04
143.60404 3.42253e+04
143.60827 3.31733e+04
143.61250 3.35541e+04
143.61672 3.50115e+04
143.62095 3.53469e+04
143.62517 3.54693e+04
143.62940 3.51760e+04
143.63363 3.55251e+04
143.63785 3.55163e+04
143.64208 3.72683e+04
143.64630 4.09882e+04
143.65053 4.65613e+04
143.65476 4.94939e+04
143.65898 4.64350e+04
143.66321 4.14526e+04
143.66743 3.97518e+04
143.67166 3.95886e+04
143.67589 4.18540e+04
143.68011 4.52216e+04
143.68434 5.51381e+04
143.68857 7.58647e+04
143.69279 1.05372e+05
143.69702 1.18414e+05
143.70124 9.40604e+04
143.70547 6.76871e+04
143.70970 5.63739e+04
143.71392 5.13913e+04
143.71815 4.77354e+04
143.72238 4.39956e+04
143.72660 4.12705e+04
143.73083 3.95288e+04
143.73506 3.78836e+04
143.73928 3.65656e+04
143.74351 3.65268e+04
143.74774 3.64072e+04
143.75196 3.57575e+04
143.75619 3.51288e+04
143.76042 3.57667e+04
143.76464 3.52760e+04
143.76887 3.53069e+04
143.77310 3.45323e+04
143.77732 3.39579e+04
143.78155 3.35612e+04
143.78578 3.41202e+04
143.79000 3.46768e+04
143.79423 3.48657e+04
143.79846 3.61470e+04
143.80268 3.74585e+04
143.80691 3.95820e+04
143.81114 4.11662e+04
143.81536 4.29096e+04
143.81959 3.96978e+04
143.82382 3.57314e+04
143.82804 3.42756e+04
143.83227 3.41365e+04
143.83650 3.49610e+04
143.84073 3.63889e+04
143.84495 3.65837e+04
143.84918 3.62007e+04
143.85341 3.63656e+04
143.85763 3.62086e+04
143.86186 3.63367e+04
143.86609 3.71223e+04
143.87032 3.69480e+04
143.87454 3.61247e+04
143.87877 3.55160e+04
143.88300 3.52400e+04
143.88722 3.41479e+04
143.89145 3.41744e+04
143.89568 3.45924e+04
143.89991 3.37925e+04
143.90413 3.32141e+04
143.90836 3.48068e+04
143.91259 3.67542e+04
143.91682 3.69286e+04
143.92104 3.59226e+04
143.92527 3.54658e+04
143.92950 3.46328e+04
143.93373 3.51736e+04
143.93795 3.53045e+04
143.94218 3.55936e+04
143.94641 3.56956e+04
143.95064 3.53393e+04
143.95486 3.57095e+04
143.95909 3.66484e+04
143.96332 3.66189e+04
143.96755 3.61497e+04
143.97177 3.63322e+04
143.97600 3.64635e+04
143.98023 3.60130e+04
143.98446 3.57160e+04
143.98869 3.61073e+04
143.99291 3.59745e+04
143.99714 3.55885e+04
144.00137 3.51719e+04
144.00560 3.56415e+04
144.00982 3.60359e+04
144.01405 3.63205e+04
144.01828 3.54401e+04
144.02251 3.51031e+04
144.02674 3.54927e+04
144.03096 3.52742e+04
144.03519 3.60555e+04
144.03942 3.57313e+04
144.04365 3.57224e+04
144.04788 3.58866e+04
144.05210 3.58228e+04
144.05633 3.55871e+04
144.06056 3.57807e+04
144.06479 3.60574e+04
144.06902 3.91331e+04
144.07325 4.14373e+04
144.07747 4.34817e+04
144.08170 4.47244e+04
144.08593 4.28447e+04
144.09016 4.18002e+04
144.09439 4.24344e+04
144.09861 4.09608e+04
144.10284 3.93629e+04
144.10707 3.94885e+04
144.11130 4.12621e+04
144.11553 4.16519e+04
144.11976 4.13835e+04
144.12399 3.82991e+04
144.12821 3.63610e+04
144.13244 3.56872e+04
144.13667 3.53905e+04
144.14090 3.57859e+04
144.14513 3.61260e+04
144.14936 3.64960e+04
144.15359 3.73286e+04
144.15781 3.75152e+04
144.16204 3.70489e+04
144.16627 3.69042e+04
144.17050 3.78345e+04
144.17473 3.73319e+04
144.17896 3.62769e+04
144.18319 3.66504e+04
144.18741 3.74412e+04
144.19164 3.73727e+04
144.19587 3.70498e+04
144.20010 3.63689e+04
144.20433 3.71537e+04
144.20856 3.70103e+04
144.21279 3.64402e+04
144.21702 3.54509e+04
144.22125 3.58774e+04
144.22547 3.69348e+04
144.22970 3.77911e+04
144.23393 3.82780e+04
144.23816 3.81798e+04
144.24239 3.75329e+04
144.24662 3.86244e+04
144.25085 3.91219e+04
144.25508 3.93415e+04
144.25931 4.05176e+04
144.26354 4.26633e+04
144.26777 4.63290e+04
144.27199 5.29226e+04
144.27622 5.84268e+04
144.28045 5.38797e+04
144.28468 4.39554e+04
144.28891 3.86595e+04
144.29314 3.65980e+04
144.29737 3.53646e+04
144.30160 3.53745e+04
144.30583 3.52849e+04
144.31006 3.62658e+04
144.31429 3.58833e+04
144.31852 3.59951e+04
144.32275 3.60599e+04
144.32698 3.53135e+04
144.33121 3.59605e+04
144.33544 3.62691e+04
144.33966 3.68062e+04
144.34389 3.83776e+04
144.34812 3.97107e+04
144.35235 4.15800e+04
144.35658 4.10096e+04
144.36081 3.98453e+04
144.36504 3.77102e+04
144.36927 3.69996e+04
144.37350 3.73632e+04
144.37773 3.77702e+04
144.38196 3.89162e+04
144.38619 3.88044e+04
144.39042 3.76068e+04
144.39465 3.67395e+04
144.39888 3.68434e+04
144.40311 3.72069e+04
144.40734 3.82328e+04
144.41157 3.93637e+04
144.41580 4.04072e+04
144.42003 4.23043e+04
144.42426 4.70684e+04
144.42849 5.79633e+04
144.43272 6.57719e+04
144.43695 5.99830e+04
144.44118 4.63061e+04
144.44541 3.83178e+04
144.44964 3.59750e+04
144.45387 3.54624e+04
144.45810 3.54559e+04
144.46233 3.65332e+04
144.46656 3.79324e+04
144.47079 3.93963e+04
144.47502 4.05933e+04
144.47925 3.98764e+04
144.48348 3.75602e+04
144.48771 3.67169e+04
144.49194 3.77448e+04
144.49617 4.13586e+04
144.50040 4.50405e+04
144.50463 4.58960e+04
144.50886 4.49356e+04
144.51309 4.41190e+04
144.51732 4.22603e+04
144.52156 4.04261e+04
144.52579 3.78054e+04
144.53002 3.74147e+04
144.53425 3.80332e+04
144.53848 3.73440e+04
144.54271 3.69414e+04
144.54694 3.60739e+04
144.55117 3.64748e+04
144.55540 3.78404e+04
144.55963 3.75129e+04
144.56231 4.07307e+04
144.56652 4.15484e+04
144.57074 4.36660e+04
144.57496 4.66248e+04
144.57918 4.73114e+04
144.58340 4.51736e+04
144.58761 4.08848e+04
144.59183 3.89081e+04
144.59605 3.86288e+04
144.60027 3.91301e+04
144.60449 3.88701e+04
144.60870 4.04840e+04
144.61292 4.17365e+04
144.61714 4.11214e+04
144.62136 3.94786e+04
144.62558 3.90939e+04
144.62980 3.86642e+04
144.63401 3.82201e+04
144.63823 3.72188e+04
144.64245 3.62105e+04
144.64667 3.86055e+04
144.65089 4.30157e+04
144.65510 4.72285e+04
144.65932 4.88504e+04
144.66354 4.37393e+04
144.66776 3.92265e+04
144.67198 3.79796e+04
144.67620 3.74842e+04
144.68042 3.76763e+04
144.68463 3.82057e+04
144.68885 3.78285e+04
144.69307 3.72298e+04
144.69729 3.75859e+04
144.70151 3.75380e+04
144.70573 3.80558e+04
144.70995 3.90293e+04
144.71416 4.02835e+04
144.71838 4.11754e+04
144.72260 4.28448e+04
144.72682 4.52932e+04
144.73104 4.39591e+04
144.73526 4.01858e+04
144.73948 3.78099e+04
144.74369 3.65280e+04
144.74791 3.66570e+04
144.75213 3.55984e+04
144.75635 3.56622e+04
144.76057 3.51100e+04
144.76479 3.43575e+04
144.76901 3.43049e+04
144.77323 3.43408e+04
144.77745 3.46789e+04
144.78166 3.47519e+04
144.78588 3.49195e+04
144.79010 3.57887e+04
144.79432 3.72781e+04
144.79854 3.85217e+04
144.80276 4.04480e+04
144.80698 4.03009e+04
144.81120 4.00076e+04
144.81542 4.18370e+04
144.81964 4.67946e+04
144.82386 5.25739e+04
144.82807 5.04441e+04
144.83229 4.29040e+04
144.83651 3.85773e+04
144.84073 3.76126e+04
144.84495 3.67686e+04
144.84917 3.51618e+04
144.85339 3.42484e+04
144.85761 3.55956e+04
144.86183 3.70301e+04
144.86605 3.78237e+04
144.87027 3.75733e+04
144.87449 3.68038e+04
144.87871 3.54765e+04
144.88293 3.55693e+04
144.88715 3.66902e+04
144.89137 3.58164e+04
144.89559 3.56737e+04
144.89980 3.53793e+04
144.90402 3.62630e+04
144.90824 3.67061e+04
144.91246 3.81800e+04
144.91668 3.89831e+04
144.92090 3.99981e+04
144.92512 3.90661e+04
144.92934 3.97205e+04
144.93356 3.91028e+04
144.93778 3.76573e+04
144.94200 3.61958e+04
144.94622 3.60098e+04
144.95044 3.77457e+04
144.95466 3.71407e+04
144.95888 3.70991e+04
144.96310 3.73558e+04
144.96732 3.70155e+04
144.97154 3.67007e+04
144.97576 3.49732e+04
144.97998 3.40591e+04
144.98420 3.32173e+04
144.98842 3.36736e+04
144.99264 3.51553e+04
144.99686 3.69144e+04
145.00108 4.18504e+04
145.00530 4.68759e+04
145.00952 4.72354e+04
145.01374 4.36390e+04
145.01796 4.04420e+04
145.02218 3.88259e+04
145.02640 3.69814e+04
145.03062 3.76760e+04
145.03484 3.79143e+04
145.03906 3.75393e+04
145.04328 3.82011e+04
145.04750 3.80352e+04
145.05172 3.75950e+04
145.05594 3.59873e+04
145.06016 3.57755e+04
145.06439 3.65705e+04
145.06861 3.70432e+04
145.07283 3.69538e+04
145.07705 3.75544e+04
145.08127 3.87570e+04
145.08549 3.94460e+04
145.08971 3.87398e+04
145.09393 3.80103e+04
145.09815 3.72078e+04
145.10237 3.67729e+04
145.10659 3.79134e+04
145.11081 3.92904e+04
145.11503 3.86594e+04
145.11925 3.77836e+04
145.12347 3.65466e+04
145.12769 3.65014e+04
145.13191 3.75931e+04
145.13614 3.86680e+04
145.14036 3.79885e+04
145.14458 3.85289e+04
145.14880 3.93711e+04
145.15302 3.81943e+04
145.15724 3.64166e+04
145.16146 3.53204e+04
145.16568 3.57040e+04
145.16990 3.53842e+04
145.17412 3.54464e+04
145.17834 3.72482e+04
145.18257 3.75569e+04
145.18679 3.82167e+04
145.19101 3.79743e+04
145.19523 3.73072e+04
145.19945 3.68064e+04
145.20367 3.73977e+04
145.20789 3.76274e+04
145.21211 3.89771e+04
145.21633 3.72569e+04
145.22056 3.70436e+04
145.22478 3.80636e+04
145.22900 3.94640e+04
145.23322 4.07043e+04
145.23744 4.23835e+04
145.24166 4.28617e+04
145.24588 4.18025e+04
145.25010 4.02065e+04
145.25433 4.03686e+04
145.25855 4.11131e+04
145.26277 4.14782e+04
145.26699 4.17013e+04
145.27121 4.17265e+04
145.27543 4.11133e+04
145.27966 4.25785e+04
145.28388 4.27690e+04
145.28810 4.15912e+04
145.29232 4.03032e+04
145.29654 4.17695e+04
145.30076 4.30563e+04
145.30498 4.54437e+04
145.30921 4.65473e+04
145.31343 4.31908e+04
145.31765 4.20540e+04
145.32187 3.92826e+04
145.32609 3.79180e+04
145.32754 4.06240e+04
145.33176 4.17738e+04
145.33598 4.18106e+04
145.34020 4.00215e+04
145.34442 3.69070e+04
145.34865 3.58600e+04
145.35287 3.66257e+04
145.35709 3.74032e+04
145.36131 3.77786e+04
145.36553 3.80957e+04
145.36976 4.04779e+04
145.37398 4.13690e+04
145.37820 4.26327e+04
145.38242 4.21105e+04
145.38664 3.97664e+04
145.39087 3.87248e+04
145.39509 3.74921e+04
145.39931 3.67330e+04
145.40353 3.74100e+04
145.40775 3.82426e+04
145.41198 3.79079e+04
145.41620 3.94715e+04
145.42042 4.00661e+04
145.42464 3.95296e+04
145.42887 3.88975e+04
145.43309 3.90777e+04
145.43731 3.89375e+04
145.44153 3.84293e+04
145.44576 3.92433e+04
145.44998 4.04637e+04
145.45420 4.21431e+04
145.45842 4.56408e+04
145.46265 4.66646e+04
145.46687 4.67864e+04
145.47109 4.77211e+04
145.47531 5.16519e+04
145.47954 6.11027e+04
145.48376 7.30707e+04
145.48798 7.57158e+04
145.49220 6.48590e+04
145.49643 5.24304e+04
145.50065 4.55392e+04
145.50487 4.22569e+04
145.50909 4.16748e+04
145.51332 4.21124e+04
145.51754 4.39218e+04
145.52176 4.70393e+04
145.52599 5.01163e+04
145.53021 4.94703e+04
145.53443 4.55717e+04
145.53865 4.23333e+04
145.54288 4.17095e+04
145.54710 4.16435e+04
145.55132 4.09317e+04
145.55555 4.11465e+04
145.55977 4.06207e+04
145.56399 3.97936e+04
145.56821 3.97296e+04
145.57244 3.96026e+04
145.57666 3.98093e+04
145.58088 4.08368e+04
145.58511 4.31345e+04
145.58933 4.55798e+04
145.59355 4.58905e+04
145.59778 4.34757e+04
145.60200 4.33523e+04
145.60622 4.46857e+04
145.61045 4.74143e+04
145.61467 4.98757e+04
145.61889 4.79484e+04
145.62312 4.48002e+04
145.62734 4.20459e+04
145.63156 4.12743e+04
145.63579 4.12239e+04
145.64001 4.14783e+04
145.64423 4.17995e+04
145.64846 4.12267e+04
145.65268 4.10713e+04
145.65690 3.95605e+04
145.66113 4.12113e+04
145.66535 4.21655e+04
145.66957 4.23577e+04
145.67380 4.21096e+04
145.67802 4.25632e+04
145.68224 4.12391e+04
145.68647 4.08925e+04
145.69069 4.02618e+04
145.69492 3.93089e+04
145.69914 3.91075e+04
145.70336 3.92147e+04
145.70759 3.93289e+04
145.71181 3.83634e+04
145.71603 3.93430e+04
145.72026 3.11856e+04
145.72448 4.16640e+04
145.72871 4.40223e+04
145.73293 4.55945e+04
145.73715 4.68523e+04
145.74138 4.74253e+04
145.74560 4.75573e+04
145.74982 4.66398e+04
145.75405 4.52610e+04
145.75827 4.42895e+04
145.76250 4.35096e+04
145.76672 4.32786e+04
145.77094 4.31378e+04
145.77517 4.28256e+04
145.77939 4.15604e+04
145.78362 4.04838e+04
145.78784 4.05776e+04
145.79207 4.20492e+04
145.79629 4.23275e+04
145.80051 4.38933e+04
145.80474 4.68621e+04
145.80896 4.77502e+04
145.81319 4.70021e+04
145.81741 4.55925e+04
145.82164 4.14264e+04
145.82586 3.86746e+04
145.83008 3.66623e+04
145.84199 3.89941e+04
145.84620 3.84312e+04
145.85042 3.96341e+04
145.85463 3.87411e+04
145.85884 3.85340e+04
145.86305 3.86199e+04
145.86726 3.80955e+04
145.87147 3.73763e+04
145.87568 3.71001e+04
145.87990 3.88233e+04
145.88411 4.15441e+04
145.88832 4.68495e+04
145.89253 5.67403e+04
145.89674 7.00582e+04
145.90095 7.76167e+04
145.90517 7.15740e+04
145.90938 5.64749e+04
145.91359 4.70549e+04
145.91780 4.32024e+04
145.92201 4.37148e+04
145.92623 4.69134e+04
145.93044 4.77795e+04
145.93465 4.74067e+04
145.93886 4.55002e+04
145.94307 4.26082e+04
145.94728 3.94822e+04
145.95150 3.77852e+04
145.95571 3.71024e+04
145.95992 3.72433e+04
145.96413 3.89574e+04
145.96834 4.01861e+04
145.97256 4.09653e+04
145.97677 4.06780e+04
145.98098 4.03732e+04
145.98519 4.03446e+04
145.98940 4.11015e+04
145.99362 4.14287e+04
145.99783 4.10322e+04
146.00204 4.05853e+04
146.00625 4.05986e+04
146.01047 4.18127e+04
146.01468 4.23326e+04
146.01889 4.08562e+04
146.02310 3.90561e+04
146.02732 3.88096e+04
146.03153 4.11857e+04
146.03574 4.45353e+04
146.03995 4.60316e+04
146.04416 4.71031e+04
146.04838 4.49018e+04
146.05259 4.12649e+04
146.05680 4.03946e+04
146.06101 3.99401e+04
146.06523 3.93608e+04
146.06944 3.97426e+04
146.07365 4.07018e+04
146.07786 4.17014e+04
146.08208 4.22780e+04
146.08629 4.10436e+04
146.09050 4.08434e+04
146.09472 4.07163e+04
146.09893 4.09703e+04
146.10314 4.29333e+04
146.10735 4.43979e+04
146.11157 4.42356e+04
146.11578 4.46748e+04
146.11999 4.58450e+04
146.12420 4.51079e+04
146.12842 4.25245e+04
146.13263 4.01291e+04
146.13684 3.98370e+04
146.14106 4.01585e+04
146.14527 4.07664e+04
146.14948 4.22737e+04
146.15370 4.19489e+04
146.15791 4.06632e+04
146.16212 4.06105e+04
146.16633 4.13250e+04
146.17055 4.19375e+04
146.17476 4.42747e+04
146.17897 4.60065e+04
146.18319 4.74977e+04
146.18740 4.72112e+04
146.19161 4.44276e+04
146.19583 4.26692e+04
146.20004 4.24268e+04
146.20425 4.35147e+04
146.20847 4.43320e+04
146.21268 4.51727e+04
146.21689 4.43628e+04
146.22111 4.33774e+04
146.22532 4.35571e+04
146.22953 4.34312e+04
146.23375 4.14378e+04
146.23796 4.06689e+04
146.24217 4.22219e+04
146.24639 4.30537e+04
146.25060 4.24086e+04
146.25481 4.13365e+04
146.25903 4.07200e+04
146.26324 3.92702e+04
146.26745 3.81529e+04
146.27167 3.74625e+04
146.27588 3.84691e+04
146.28009 4.04421e+04
146.28431 4.19283e+04
146.28852 4.12307e+04
146.29274 4.29267e+04
146.29695 4.26317e+04
146.30116 4.15488e+04
146.30538 4.05156e+04
146.30959 4.24939e+04
146.31380 4.53986e+04
146.31802 5.05546e+04
146.32223 6.16967e+04
146.32645 8.18132e+04
146.33066 1.12267e+05
146.33487 1.32705e+05
146.33909 1.22094e+05
146.34330 8.97117e+04
146.34752 6.26866e+04
146.35173 5.44577e+04
146.35594 5.45445e+04
146.36016 5.30194e+04
146.36437 4.92961e+04
146.36859 4.46723e+04
146.37280 4.24708e+04
146.37701 4.22553e+04
146.38123 4.18896e+04
146.38544 4.29700e+04
146.38966 4.42511e+04
146.39387 4.35804e+04
146.39809 4.21619e+04
146.39830 4.18547e+04
146.40251 4.20959e+04
146.40673 4.36249e+04
146.41094 4.33131e+04
146.41516 4.30497e+04
146.41937 4.25290e+04
146.42359 4.24908e+04
146.42780 4.15239e+04
146.43201 4.08324e+04
146.43623 4.05449e+04
146.44044 4.13300e+04
146.44466 4.05887e+04
146.44887 4.22943e+04
146.45309 4.56574e+04
146.45730 4.94309e+04
146.46152 4.79645e+04
146.46573 4.44449e+04
146.46995 4.23587e+04
146.47416 4.19124e+04
146.47838 4.20480e+04
146.48259 4.14419e+04
146.48680 4.32397e+04
146.49102 4.54399e+04
146.49523 4.84910e+04
146.49945 5.01249e+04
146.50366 4.92693e+04
146.50788 4.45345e+04
146.51209 4.25530e+04
146.51631 4.18071e+04
146.52052 4.11475e+04
146.52474 4.04971e+04
146.52895 3.95785e+04
146.53317 3.93554e+04
146.53738 4.09050e+04
146.54160 4.25516e+04
146.54581 4.17694e+04
146.55003 3.94367e+04
146.55424 3.99777e+04
146.55846 3.94179e+04
146.56267 3.94038e+04
146.56689 3.78609e+04
146.57110 3.82836e+04
146.57532 3.78228e+04
146.57953 3.83089e+04
146.58375 3.81301e+04
146.58796 3.73259e+04
146.59218 3.70340e+04
146.59639 3.72551e+04
146.60061 3.71636e+04
146.60483 3.81130e+04
146.60904 4.12377e+04
146.61326 4.51476e+04
146.61747 5.08834e+04
146.62169 5.38599e+04
146.62590 4.89906e+04
146.63012 4.20285e+04
146.63433 3.78506e+04
146.63855 3.71687e+04
146.64276 3.78885e+04
146.64698 3.74804e+04
146.65120 3.84308e+04
146.65541 3.94342e+04
146.65963 4.18382e+04
146.66384 4.03566e+04
146.66806 3.88701e+04
146.67227 3.79571e+04
146.67649 3.66963e+04
146.68071 3.65770e+04
146.68492 3.67368e+04
146.68914 3.81814e+04
146.69335 3.99589e+04
146.69757 4.07589e+04
146.70178 4.09268e+04
146.70600 4.15651e+04
146.71022 4.25497e+04
146.71443 4.45920e+04
146.71865 4.88588e+04
146.72286 5.78695e+04
146.72708 6.68946e+04
146.73130 7.36141e+04
146.73551 8.43655e+04
146.73973 9.49375e+04
146.74394 8.62956e+04
146.74816 6.47661e+04
146.75238 4.98854e+04
146.75659 4.59972e+04
146.76081 4.99385e+04
146.76502 5.56360e+04
146.76924 6.17463e+04
146.77346 6.85799e+04
146.77767 7.52138e+04
146.78189 8.26134e+04
146.78611 8.67305e+04
146.79032 8.28076e+04
146.79454 6.62279e+04
146.79875 5.19432e+04
146.80297 4.82845e+04
146.80719 4.72264e+04
146.81140 4.47182e+04
146.81562 4.30688e+04
146.81984 4.27261e+04
146.82405 4.35943e+04
146.82827 4.70070e+04
146.83249 6.06575e+04
146.83670 8.84016e+04
146.84092 1.07336e+05
146.84514 9.22424e+04
146.84935 6.05712e+04
146.85357 4.41142e+04
146.85779 3.93768e+04
146.86200 3.78902e+04
146.86622 3.68610e+04
146.87044 3.61260e+04
146.87465 3.59277e+04
146.87887 3.58097e+04
146.88309 3.67753e+04
146.88730 3.78615e+04
146.89152 3.95257e+04
146.89574 4.08620e+04
146.89795 4.02636e+04
146.90217 4.12167e+04
146.90639 4.26432e+04
146.91060 4.35879e+04
146.91482 4.13528e+04
146.91904 3.95674e+04
146.92325 3.84150e+04
146.92747 3.81844e+04
146.93169 3.68229e+04
146.93591 3.77128e+04
146.94012 3.72142e+04
146.94434 3.72714e+04
146.94856 3.68326e+04
146.95277 3.82785e+04
146.95699 3.89220e+04
146.96121 3.82759e+04
146.96543 3.80901e+04
146.96964 3.96210e+04
146.97386 3.89342e+04
146.97808 3.81333e+04
146.98229 3.82024e+04
146.98651 3.82293e+04
146.99073 3.92907e+04
146.99495 4.41534e+04
146.99916 5.35559e+04
147.00338 7.49978e+04
147.00760 9.95346e+04
147.01182 1.05908e+05
147.01603 8.17132e+04
147.02025 5.51953e+04
147.02447 4.39136e+04
147.02869 3.97476e+04
147.03290 3.99618e+04
147.03712 4.24898e+04
147.04134 4.56988e+04
147.04556 4.73885e+04
147.04977 4.58209e+04
147.05399 4.16058e+04
147.05821 3.97769e+04
147.06243 4.06880e+04
147.06664 4.05054e+04
147.07086 4.05251e+04
147.07508 4.00207e+04
147.07930 3.94004e+04
147.08352 3.85877e+04
147.08773 3.79517e+04
147.09195 3.74700e+04
147.10336 3.83493e+04
147.10757 3.83215e+04
147.11177 3.93826e+04
147.11598 4.02284e+04
147.12018 3.96098e+04
147.12439 3.88826e+04
147.12859 3.79249e+04
147.13280 3.76095e+04
147.13700 3.80051e+04
147.14121 3.95550e+04
147.14541 4.00940e+04
147.14962 4.13341e+04
147.15382 4.27836e+04
147.15803 4.14216e+04
147.16223 3.98636e+04
147.16644 4.11690e+04
147.17064 4.40262e+04
147.17485 4.76375e+04
147.17905 5.42597e+04
147.18326 5.58290e+04
147.18746 5.08483e+04
147.19167 4.64049e+04
147.19587 4.50941e+04
147.20008 4.47611e+04
147.20428 4.47427e+04
147.20849 4.76199e+04
147.21269 5.80925e+04
147.21690 7.79660e+04
147.22110 9.06380e+04
147.22531 7.86120e+04
147.22951 5.47113e+04
147.23372 4.38347e+04
147.23793 4.28569e+04
147.24213 4.41157e+04
147.24634 4.66994e+04
147.25054 4.86471e+04
147.25475 4.72259e+04
147.25895 4.57197e+04
147.26316 4.58263e+04
147.26736 4.65124e+04
147.27157 4.96088e+04
147.27577 5.52666e+04
147.27998 7.12162e+04
147.28419 1.15273e+05
147.28839 2.05358e+05
147.29260 3.45960e+05
147.29680 4.42855e+05
147.30101 3.76255e+05
147.30521 2.15607e+05
147.30942 1.09188e+05
147.31363 7.25323e+04
147.31783 6.54725e+04
147.32204 6.71448e+04
147.32624 6.28580e+04
147.33045 5.45367e+04
147.33466 4.84369e+04
147.33886 4.59357e+04
147.34307 4.67221e+04
147.34727 4.81445e+04
147.35148 4.75356e+04
147.35568 4.67823e+04
147.35989 4.65544e+04
147.36410 4.67203e+04
147.36830 4.78887e+04
147.37251 4.99525e+04
147.37672 5.49174e+04
147.38092 6.31289e+04
147.38513 7.93622e+04
147.38933 1.19570e+05
147.39354 2.09161e+05
147.39775 3.20487e+05
147.40195 3.38576e+05
147.40616 2.17266e+05
147.41036 1.03736e+05
147.41457 6.38005e+04
147.41878 5.54807e+04
147.42298 5.82034e+04
147.42719 7.07468e+04
147.43140 1.06185e+05
147.43560 1.58905e+05
147.43981 1.88190e+05
147.44402 1.50721e+05
147.44822 9.73643e+04
147.45243 8.70474e+04
147.45664 1.02742e+05
147.46084 1.03229e+05
147.46505 8.01755e+04
147.46926 6.34305e+04
147.47346 6.12893e+04
147.47767 6.25979e+04
147.48188 6.04093e+04
147.48608 5.70058e+04
147.49029 5.58706e+04
147.49450 5.59435e+04
147.49870 5.44401e+04
147.50291 5.31415e+04
147.50712 5.25978e+04
147.51132 5.34027e+04
147.51553 5.27450e+04
147.51974 5.06021e+04
147.52394 5.03041e+04
147.52815 5.12246e+04
147.53236 5.19513e+04
147.53656 5.17208e+04
147.54077 5.06073e+04
147.54498 4.92055e+04
147.54918 4.92716e+04
147.55339 4.95537e+04
147.55760 4.93852e+04
147.56181 4.82944e+04
147.56601 4.86320e+04
147.57022 5.04789e+04
147.57443 5.18241e+04
147.57863 5.36014e+04
147.58284 5.66003e+04
147.58705 5.64297e+04
147.59126 5.31117e+04
147.59546 5.29161e+04
147.59967 5.41758e+04
147.60388 5.50749e+04
147.60809 5.41225e+04
147.61229 5.18960e+04
147.61650 5.09459e+04
147.62071 5.00752e+04
147.62491 4.98855e+04
147.62912 5.02888e+04
147.63333 5.00731e+04
147.63754 4.90816e+04
147.64174 4.99562e+04
147.64595 5.09124e+04
147.65016 5.06136e+04
147.65437 5.11255e+04
147.65857 5.09686e+04
147.66278 5.15683e+04
147.66699 5.28281e+04
147.67120 5.68213e+04
147.67541 5.83479e+04
147.67961 5.40993e+04
147.68382 5.16564e+04
147.68803 5.14732e+04
147.69224 5.11548e+04
147.69644 5.23488e+04
147.70065 5.20876e+04
147.70486 5.16669e+04
147.70907 5.11152e+04
147.71328 5.22819e+04
147.71748 5.36922e+04
147.72169 5.87297e+04
147.72590 6.41660e+04
147.73011 6.28500e+04
147.73432 5.49167e+04
147.73852 4.89936e+04
147.74273 5.02016e+04
147.74694 5.18196e+04
147.75115 5.16849e+04
147.75536 4.86105e+04
147.75956 4.74115e+04
147.76377 4.79532e+04
147.76798 4.69146e+04
147.77219 4.69721e+04
147.77640 4.65812e+04
147.78060 4.66445e+04
147.78481 4.81940e+04
147.78902 4.94307e+04
147.79323 5.12675e+04
147.79744 5.16048e+04
147.80165 5.25329e+04
147.80585 5.27142e+04
147.81006 5.15730e+04
147.81427 5.03891e+04
147.81848 4.89639e+04
147.82269 4.84854e+04
147.82690 4.81536e+04
147.83110 4.88925e+04
147.83531 4.94379e+04
147.83952 4.98085e+04
147.84373 5.04716e+04
147.84794 5.02299e+04
147.85215 5.06281e+04
147.85636 4.87335e+04
147.86056 4.84446e+04
147.86477 4.92244e+04
147.86898 4.94460e+04
147.87319 4.74991e+04
147.87740 4.56375e+04
147.88161 4.69733e+04
147.88582 4.81590e+04
147.89003 4.61883e+04
147.89423 4.50783e+04
147.89844 4.79472e+04
147.90265 5.05955e+04
147.90686 5.10983e+04
147.91107 4.90457e+04
147.91528 4.74642e+04
147.91949 4.68400e+04
147.92370 4.76943e+04
147.92791 4.87264e+04
147.93211 4.95305e+04
147.93632 4.96181e+04
147.94053 5.10926e+04
147.94474 5.29584e+04
147.94895 5.45924e+04
147.95316 5.40017e+04
147.95737 5.24772e+04
147.96158 5.07205e+04
147.96579 4.92358e+04
147.97000 4.86002e+04
147.97421 4.93422e+04
147.97842 4.91977e+04
147.98262 4.96088e+04
147.98683 5.03035e+04
147.99104 5.10504e+04
147.99525 5.12813e+04
147.99946 5.13298e+04
148.00367 5.09250e+04
148.00788 4.97346e+04
148.01209 5.10318e+04
148.01630 5.18516e+04
148.02051 5.40936e+04
148.02472 5.25745e+04
148.02893 5.27830e+04
148.03314 5.27393e+04
148.03735 5.06647e+04
148.04156 5.01166e+04
148.04577 4.84516e+04
148.04998 4.79307e+04
148.05240 5.08938e+04
148.05660 5.05561e+04
148.06081 5.00692e+04
148.06502 4.88312e+04
148.06923 4.87409e+04
148.07344 4.90959e+04
148.07765 5.06430e+04
148.08186 5.31772e+04
148.08607 5.68803e+04
148.09028 6.04001e+04
148.09449 6.60062e+04
148.09870 6.94248e+04
148.10291 7.04076e+04
148.10712 7.53889e+04
148.11133 7.98993e+04
148.11554 7.14701e+04
148.11975 5.83243e+04
148.12396 5.25180e+04
148.12817 5.17837e+04
148.13238 5.36511e+04
148.13659 5.51913e+04
148.14080 5.76626e+04
148.14501 6.14806e+04
148.14922 6.47408e+04
148.15343 7.62784e+04
148.15764 1.12458e+05
148.16185 1.87131e+05
148.16606 2.81681e+05
148.17027 3.20065e+05
148.17449 2.77294e+05
148.17870 2.10045e+05
148.18291 1.44978e+05
148.18712 9.22247e+04
148.19133 6.35664e+04
148.19554 5.62477e+04
148.19975 5.25818e+04
148.20396 5.29520e+04
148.20817 5.21987e+04
148.21238 5.15579e+04
148.21659 5.19692e+04
148.22080 5.31364e+04
148.22501 5.23916e+04
148.22922 5.38602e+04
148.23343 5.75626e+04
148.23764 6.23563e+04
148.24185 6.41286e+04
148.24606 5.83544e+04
148.25027 5.46497e+04
148.25449 5.24295e+04
148.25870 5.17781e+04
148.26291 5.39440e+04
148.26712 5.89762e+04
148.27133 6.23515e+04
148.27554 6.09208e+04
148.27975 5.63003e+04
148.28396 5.30167e+04
148.28817 5.48865e+04
148.29238 6.73417e+04
148.29659 9.84778e+04
148.30080 1.59362e+05
148.30502 2.14103e+05
148.30923 1.91439e+05
148.31344 1.24532e+05
148.31765 9.92374e+04
148.32186 1.20771e+05
148.32607 1.33858e+05
148.33028 1.06704e+05
148.33449 7.25379e+04
148.33870 6.04612e+04
148.34292 5.63243e+04
148.34713 5.50655e+04
148.35134 5.39040e+04
148.35555 5.28911e+04
148.35976 5.22241e+04
148.36397 5.27217e+04
148.36818 5.38692e+04
148.37239 5.33339e+04
148.37661 5.03031e+04
148.38082 4.94664e+04
148.38503 5.03831e+04
148.38924 4.80444e+04
148.39345 4.72825e+04
148.39766 4.64066e+04
148.40187 4.70725e+04
148.40609 4.80084e+04
148.41030 4.97496e+04
148.41451 5.11819e+04
148.41872 5.15004e+04
148.42293 5.08612e+04
148.42714 4.92346e+04
148.43136 4.85710e+04
148.43557 4.95660e+04
148.43978 5.11274e+04
148.44399 5.11359e+04
148.44820 5.18065e+04
148.45241 5.20934e+04
148.45663 5.19377e+04
148.46084 5.24837e+04
148.46505 5.33864e+04
148.46926 5.26573e+04
148.47347 5.37424e+04
148.47768 5.27376e+04
148.48190 5.12280e+04
148.48611 5.07826e+04
148.49032 5.19089e+04
148.49453 5.29361e+04
148.50420 6.30481e+04
148.50842 5.99557e+04
148.51263 6.05479e+04
148.51684 5.95599e+04
148.52106 6.42775e+04
148.52527 6.09386e+04
148.52948 6.21930e+04
148.53370 6.22409e+04
148.53791 6.61534e+04
148.54212 7.33420e+04
148.54634 7.35464e+04
148.55055 8.30608e+04
148.55477 1.02855e+05
148.55898 1.58975e+05
148.56319 1.95935e+05
148.56741 1.50494e+05
148.57162 1.03946e+05
148.57583 7.74398e+04
148.58005 7.72666e+04
148.58426 7.20668e+04
148.58847 6.72139e+04
148.59269 6.97410e+04
148.59690 7.16150e+04
148.60112 7.17338e+04
148.60533 7.27227e+04
148.60954 6.99095e+04
148.61376 7.25147e+04
148.61797 6.91375e+04
148.62218 6.77924e+04
148.62640 7.14541e+04
148.63061 7.50336e+04
148.63482 7.40961e+04
148.63904 7.76030e+04
148.64325 8.47481e+04
148.64747 9.79427e+04
148.65168 1.13233e+05
148.65589 1.16875e+05
148.66011 1.12395e+05
148.66432 9.77792e+04
148.66853 8.56225e+04
148.67275 8.75524e+04
148.67696 8.21642e+04
148.68117 7.77135e+04
148.68539 7.03384e+04
148.68960 7.39641e+04
148.69382 7.05893e+04
148.69803 7.25010e+04
148.70224 7.77857e+04
148.70646 9.54527e+04
148.71067 1.42869e+05
148.71488 1.78981e+05
148.71910 1.54449e+05
148.72331 1.05855e+05
148.72752 8.16406e+04
148.73174 7.49476e+04
148.73595 7.15815e+04
148.74017 7.26096e+04
148.74438 7.20788e+04
148.74859 7.78121e+04
148.75281 7.26970e+04
148.75702 6.73098e+04
148.76123 6.71076e+04
148.76545 7.30495e+04
148.76966 7.32725e+04
148.77387 6.84666e+04
148.77809 6.59519e+04
148.78230 6.67424e+04
148.78652 6.80064e+04
148.79073 7.18118e+04
148.79494 7.28594e+04
148.79916 7.07002e+04
148.80337 6.80873e+04
148.80758 6.57012e+04
148.81180 6.97034e+04
148.81601 7.41436e+04
148.82022 7.29430e+04
148.82444 7.18448e+04
148.82865 6.69140e+04
148.83287 6.54441e+04
148.83708 6.85231e+04
148.84129 7.32633e+04
148.84551 7.35256e+04
148.84972 7.04546e+04
148.85393 6.97856e+04
148.85815 6.78291e+04
148.86236 6.75576e+04
148.86657 6.80050e+04
148.87079 6.77412e+04
148.87500 6.43591e+04
148.87921 6.77043e+04
148.88343 7.09098e+04
148.88764 7.26670e+04
148.89186 7.19181e+04
148.89607 7.05095e+04
148.90028 7.03200e+04
148.90450 7.15005e+04
148.90871 7.36418e+04
148.91292 7.55168e+04
148.91714 7.29467e+04
148.92135 6.55426e+04
148.92556 6.80107e+04
148.92978 6.80161e+04
148.93399 6.93730e+04
148.93821 7.02322e+04
148.94242 7.20362e+04
148.94663 6.81092e+04
148.95085 7.01001e+04
148.95506 7.22046e+04
148.95927 7.46489e+04
148.96349 7.62307e+04
148.96770 7.26783e+04
148.97191 7.20691e+04
148.97613 7.57460e+04
148.98034 7.75483e+04
148.98456 7.70195e+04
148.98877 8.01920e+04
148.99298 8.09305e+04
148.99720 7.47233e+04
149.00141 7.34301e+04
149.00562 6.90339e+04
149.00984 7.23247e+04
149.01405 7.01444e+04
149.01826 7.05919e+04
149.02248 6.86159e+04
149.02669 6.70124e+04
149.03091 6.35233e+04
149.03512 6.66480e+04
149.03933 6.86314e+04
149.04355 7.23506e+04
149.04776 7.00110e+04
149.05197 6.93038e+04
149.05619 7.18947e+04
149.06040 7.03072e+04
149.06461 6.91653e+04
149.06883 6.92352e+04
149.07304 7.12557e+04
149.07726 7.19489e+04
149.08147 6.99700e+04
149.08568 6.94595e+04
149.08990 6.74414e+04
149.09411 6.98174e+04
149.09832 7.23196e+04
149.10254 6.97954e+04
149.10675 7.33890e+04
149.11096 7.34769e+04
149.11518 7.63432e+04
149.11939 7.20646e+04
149.12361 6.83369e+04
149.12782 6.81670e+04
149.13203 7.01353e+04
149.13625 7.36942e+04
149.14046 6.97691e+04
149.14467 7.09015e+04
149.14889 7.19018e+04
149.15310 6.88525e+04
149.15731 6.77512e+04
149.16153 7.12808e+04
149.16574 6.88069e+04
149.16996 6.96396e+04
149.17417 7.10564e+04
149.17838 7.12928e+04
149.18260 7.07897e+04
149.18681 7.02329e+04
149.19102 7.14802e+04
149.19524 7.01180e+04
149.19945 7.30664e+04
149.20366 7.56478e+04
149.20788 7.33293e+04
149.21209 7.11786e+04
149.21631 6.84849e+04
149.22052 6.82652e+04
149.22473 6.81677e+04
149.22895 7.02838e+04
149.23316 7.22211e+04
149.23737 7.31021e+04
149.24159 7.48266e+04
149.24580 7.79722e+04
149.25001 8.39666e+04
149.25423 9.25778e+04
149.25844 9.31329e+04
149.26266 9.84490e+04
149.26687 1.04930e+05
149.27108 1.19888e+05
149.27530 1.19072e+05
149.27951 1.00021e+05
149.28372 8.42377e+04
149.28794 7.36259e+04
149.29215 7.08396e+04
149.29636 7.18009e+04
149.30058 7.23080e+04
149.30479 7.41598e+04
149.30901 7.34583e+04
149.31322 7.43523e+04
149.31743 7.38417e+04
149.32165 7.79310e+04
149.32586 8.15894e+04
149.33007 7.61148e+04
149.33429 7.31493e+04
149.33850 7.07240e+04
149.34271 7.02955e+04
149.34693 7.30128e+04
149.35114 7.00773e+04
149.35536 6.91623e+04
149.35957 6.74454e+04
149.36378 6.71251e+04
149.36800 6.85055e+04
149.37221 7.24669e+04
149.37642 7.43343e+04
149.38064 7.10635e+04
149.38485 7.32956e+04
149.38906 6.73715e+04
149.39328 7.16495e+04
149.39749 7.98664e+04
149.40170 8.02550e+04
149.40592 7.79038e+04
149.41013 7.34707e+04
149.41435 7.17789e+04
149.41856 7.62912e+04
149.42277 7.02831e+04
149.42699 7.14861e+04
149.43120 6.96147e+04
149.43541 6.50848e+04
149.43963 6.79113e+04
149.44384 7.28017e+04
149.44805 8.08009e+04
149.45227 9.08999e+04
149.45648 8.70496e+04
149.46070 7.89276e+04
149.46491 7.99745e+04
149.46912 7.48396e+04
149.47334 6.94708e+04
149.47755 7.02284e+04
149.48176 7.02690e+04
149.48598 7.06709e+04
149.49019 6.81752e+04
149.49440 6.78423e+04
149.49862 6.83876e+04
149.50372 7.05107e+04
149.50793 6.96137e+04
149.51214 6.98968e+04
149.51634 7.16423e+04
149.52055 7.10412e+04
149.52476 7.21943e+04
149.52897 7.23954e+04
149.53317 7.55015e+04
149.53738 7.60342e+04
149.54159 6.82165e+04
149.54579 7.16733e+04
149.55000 7.01602e+04
149.55421 7.15537e+04
149.55841 6.95865e+04
149.56262 7.03526e+04
149.56683 7.00502e+04
149.57104 7.05930e+04
149.57524 7.09792e+04
149.57945 7.09968e+04
149.58366 7.26208e+04
149.58786 6.98967e+04
149.59207 7.55721e+04
149.59628 7.48817e+04
149.60048 7.41157e+04
149.60469 7.48018e+04
149.60890 7.56627e+04
149.61311 7.18968e+04
149.61731 7.36021e+04
149.62152 7.80337e+04
149.62573 8.08299e+04
149.62993 8.07468e+04
149.63414 7.38863e+04
149.63835 7.32524e+04
149.64255 7.46822e+04
149.64676 7.22279e+04
149.65097 7.19137e+04
149.65518 7.23578e+04
149.65938 6.92968e+04
149.66359 7.02000e+04
149.66780 7.50474e+04
149.67200 7.82460e+04
149.67621 8.32473e+04
149.68042 8.56789e+04
149.68462 8.43725e+04
149.68883 8.29397e+04
149.69304 7.74877e+04
149.69725 7.19583e+04
149.70145 7.19293e+04
149.70566 7.22931e+04
149.70987 7.06658e+04
149.71407 7.42164e+04
149.71828 7.50238e+04
149.72249 7.32368e+04
149.72669 7.76127e+04
149.73090 7.34121e+04
149.73511 7.62784e+04
149.73931 7.42937e+04
149.74352 7.20215e+04
149.74773 6.90604e+04
149.75194 7.41148e+04
149.75614 7.33635e+04
149.76035 7.09689e+04
149.76456 7.08947e+04
149.76876 6.88892e+04
149.77297 6.28573e+04
149.77718 6.44758e+04
149.78138 6.62290e+04
149.78559 6.72933e+04
149.78980 6.26788e+04
149.79401 6.65053e+04
149.79821 6.84479e+04
149.80242 7.18781e+04
149.80663 7.41902e+04
149.81083 7.56410e+04
149.81504 7.55563e+04
149.81925 7.30773e+04
149.82345 8.36498e+04
149.82766 7.53106e+04
149.83187 7.60981e+04
149.83608 7.28058e+04
149.84028 7.35827e+04
149.84449 7.29639e+04
149.84870 7.17046e+04
149.85290 7.51318e+04
149.85711 7.72416e+04
149.86132 7.73637e+04
149.86552 7.38823e+04
149.86973 7.41102e+04
149.87394 7.50689e+04
149.87815 7.11798e+04
149.88235 7.27292e+04
149.88656 7.04706e+04
149.89077 7.61477e+04
149.89497 7.96042e+04
149.89918 7.84678e+04
149.90339 7.81247e+04
149.90759 8.02056e+04
149.91180 8.12815e+04
149.91601 8.39493e+04
149.92022 8.49814e+04
149.92442 7.73488e+04
149.92863 7.93488e+04
149.93284 7.75733e+04
149.93704 7.68824e+04
149.94125 7.71966e+04
149.94546 7.40704e+04
149.94966 7.52434e+04
149.95387 7.31350e+04
149.95808 7.43744e+04
149.96228 7.68231e+04
149.96649 7.44422e+04
149.97070 7.12907e+04
149.97491 7.41473e+04
149.97911 7.73780e+04
149.98332 8.10937e+04
149.98753 7.63093e+04
149.99173 7.81587e+04
149.99594 7.82549e+04
150.00015 7.76988e+04
150.00435 7.11355e+04
150.00856 7.69636e+04
150.01277 7.65116e+04
150.01698 7.19917e+04
150.02118 7.43534e+04
150.02539 8.72767e+04
150.02960 9.04941e+04
150.03380 1.05372e+05
150.03801 1.30525e+05
150.04222 1.50047e+05
150.04642 1.43933e+05
150.05063 1.20920e+05
150.05484 1.04471e+05
150.05905 9.39404e+04
150.06325 8.56911e+04
150.06746 7.91806e+04
150.07167 7.98380e+04
150.07587 7.90835e+04
150.08008 7.69661e+04
150.08429 7.31386e+04
150.08849 7.18311e+04
150.09270 7.24450e+04
150.09691 7.38042e+04
150.10112 7.52219e+04
150.10532 7.44913e+04
150.10953 7.34393e+04
150.11374 7.44916e+04
150.11794 7.36423e+04
150.12215 7.52603e+04
150.12636 7.17307e+04
150.13056 7.07444e+04
150.13477 7.08001e+04
150.13898 7.24127e+04
150.14319 7.76696e+04
150.14739 7.68773e+04
150.15160 7.63678e+04
150.15581 7.49427e+04
150.16001 7.13596e+04
150.16422 7.30879e+04
150.16843 7.56953e+04
150.17263 7.53109e+04
150.17684 7.43338e+04
150.18105 7.75739e+04
150.18525 8.21754e+04
150.18946 8.37020e+04
150.19367 8.33769e+04
150.19788 8.11779e+04
150.20208 7.88401e+04
150.20629 8.09621e+04
150.21050 8.74284e+04
150.21470 8.94900e+04
150.21891 8.43571e+04
150.22312 7.87799e+04
150.22732 7.69657e+04
150.23153 7.60309e+04
150.23574 7.95154e+04
150.23995 7.50561e+04
150.24415 7.39079e+04
150.24836 8.09203e+04
150.25257 7.69401e+04
150.25677 7.75890e+04
150.26098 8.05426e+04
150.26519 7.27672e+04
150.26939 7.53812e+04
150.27360 7.85431e+04
150.27781 7.70031e+04
150.28202 7.82005e+04
150.28622 7.86187e+04
150.29043 7.42504e+04
150.29464 7.29476e+04
150.29884 7.39805e+04
150.30305 7.90224e+04
150.30726 7.71887e+04
150.31146 7.90886e+04
150.31567 7.91057e+04
150.31988 7.76609e+04
150.32409 7.78674e+04
150.32829 7.68436e+04
150.33250 7.53111e+04
150.33671 7.73573e+04
150.34091 7.65444e+04
150.34512 7.74574e+04
150.34933 7.60900e+04
150.35353 7.46627e+04
150.35774 7.40062e+04
150.36195 7.34455e+04
150.36616 7.35505e+04
150.37036 7.67037e+04
150.37457 8.15653e+04
150.37878 8.12963e+04
150.38298 7.45985e+04
150.38719 7.50595e+04
150.39140 7.49596e+04
150.39560 7.73727e+04
150.39981 7.53928e+04
150.40402 7.54853e+04
150.40822 8.08235e+04
150.41243 7.72294e+04
150.41664 7.49787e+04
150.42085 7.08487e+04
150.42505 7.15925e+04
150.42926 7.29493e+04
150.43347 7.09084e+04
150.43767 7.73653e+04
150.44188 7.52310e+04
150.44609 7.67930e+04
150.45029 7.37346e+04
150.45450 7.37206e+04
150.45871 7.17919e+04
150.46292 7.88321e+04
150.46712 8.08538e+04
150.47133 8.15040e+04
150.47554 7.87744e+04
150.47974 7.32501e+04
150.48395 7.24359e+04
150.48816 7.59030e+04
150.49236 7.40364e+04
150.49657 7.70523e+04
150.50287 7.29582e+04
150.50707 8.25964e+04
150.51127 7.87293e+04
150.51547 7.88373e+04
150.51967 7.98305e+04
150.52387 7.67265e+04
150.52807 7.84645e+04
150.53227 7.53807e+04
150.53647 7.18305e+04
150.54067 7.25544e+04
150.54487 7.56833e+04
150.54907 7.33284e+04
150.55327 7.34736e+04
150.55747 7.22792e+04
150.56167 7.73753e+04
150.56587 7.92700e+04
150.57007 7.65803e+04
150.57427 7.92884e+04
150.57847 7.84733e+04
150.58267 7.86870e+04
150.58687 7.61303e+04
150.59107 7.92818e+04
150.59527 7.78272e+04
150.59947 7.83084e+04
150.60368 7.98018e+04
150.60788 7.71092e+04
150.61208 7.79944e+04
150.61628 8.20465e+04
150.62048 8.16989e+04
150.62468 7.77227e+04
150.62888 7.52627e+04
150.63308 7.46537e+04
150.63728 7.38116e+04
150.64148 7.25755e+04
150.64568 7.15591e+04
150.64988 7.32750e+04
150.65408 7.01824e+04
150.65828 6.93230e+04
150.66248 7.40702e+04
150.66668 8.05632e+04
150.67088 7.60328e+04
150.67508 7.37484e+04
150.67928 7.74564e+04
150.68348 8.40192e+04
150.68768 8.27983e+04
150.69188 8.38372e+04
150.69608 8.52721e+04
150.70028 8.03136e+04
150.70448 7.68396e+04
150.70868 7.69271e+04
150.71288 7.95897e+04
150.71708 8.16467e+04
150.72128 7.92926e+04
150.72548 7.97612e+04
150.72968 7.96869e+04
150.73388 7.67009e+04
150.73808 7.57699e+04
150.74228 8.00745e+04
150.74648 8.57488e+04
150.75068 8.97069e+04
150.75488 8.85140e+04
150.75908 8.45205e+04
150.76328 7.82669e+04
150.76749 7.09291e+04
150.77169 7.44469e+04
150.77589 7.97609e+04
150.78009 7.55512e+04
150.78429 7.56449e+04
150.78849 7.58692e+04
150.79269 8.07253e+04
150.79689 7.66992e+04
150.80109 7.78573e+04
150.80529 7.62244e+04
150.80949 7.81545e+04
150.81369 8.32099e+04
150.81789 8.29348e+04
150.82209 7.79122e+04
150.82629 7.67971e+04
150.83049 8.26780e+04
150.83469 7.94473e+04
150.83889 7.91137e+04
150.84309 8.14328e+04
150.84729 8.09422e+04
150.85149 7.97134e+04
150.85569 7.97569e+04
150.85989 7.96216e+04
150.86409 7.67392e+04
150.86829 7.67081e+04
150.87249 7.97379e+04
150.87669 8.11352e+04
150.88089 7.62238e+04
150.88509 7.75808e+04
150.88929 7.89891e+04
150.89349 7.92490e+04
150.89769 7.80131e+04
150.90189 7.55611e+04
150.90609 7.58591e+04
150.91029 7.86528e+04
150.91449 7.92886e+04
150.91869 8.42391e+04
150.92289 8.45994e+04
150.92709 7.98471e+04
150.93129 8.01811e+04
150.93550 7.80470e+04
150.93970 8.04689e+04
150.94390 8.00134e+04
150.94810 7.69863e+04
150.95230 7.61286e+04
150.95650 7.46634e+04
150.96070 7.07151e+04
150.96490 7.54950e+04
150.96910 7.74941e+04
150.97330 7.78088e+04
150.97750 7.87448e+04
150.98170 8.65910e+04
150.98590 8.43723e+04
150.99010 8.06652e+04
150.99430 8.30530e+04
150.99850 8.15888e+04
151.00270 7.99705e+04
151.00690 8.01112e+04
151.01110 8.52992e+04
151.01530 8.71024e+04
151.01950 8.10501e+04
151.02370 7.89623e+04
151.02790 7.50822e+04
151.03210 6.74880e+04
151.03630 6.57393e+04
151.04050 7.24079e+04
151.04470 6.79196e+04
151.04890 6.98535e+04
151.05310 7.38441e+04
151.05730 7.59413e+04
151.06150 9.40989e+04
151.06570 9.68073e+04
151.06990 9.60356e+04
151.07410 1.11173e+05
151.07830 1.45593e+05
151.08250 1.74136e+05
151.08670 1.73300e+05
151.09090 1.69242e+05
151.09510 1.53559e+05
151.09931 1.16680e+05
151.10351 8.44929e+04
151.10771 7.53194e+04
151.11191 7.43633e+04
151.11611 7.88343e+04
151.12031 8.19626e+04
151.12451 7.57577e+04
151.12871 7.34418e+04
151.13291 7.53832e+04
151.13711 7.45098e+04
151.14131 7.34784e+04
151.14551 7.77585e+04
151.14971 7.88195e+04
151.15391 7.74382e+04
151.15811 7.84375e+04
151.16231 7.62951e+04
151.16651 7.65037e+04
151.17071 8.04382e+04
151.17491 8.05002e+04
151.17911 8.42321e+04
151.18331 9.61658e+04
151.18751 9.25932e+04
151.19171 8.44579e+04
151.19591 7.83810e+04
151.20011 8.14722e+04
151.20431 7.77059e+04
151.20851 7.55624e+04
151.21271 7.91509e+04
151.21691 7.63148e+04
151.22111 7.52627e+04
151.22531 7.49671e+04
151.22951 7.76127e+04
151.23371 8.13400e+04
151.23791 8.22201e+04
151.24211 8.43689e+04
151.24631 8.73899e+04
151.25051 8.72842e+04
151.25471 7.42877e+04
151.25891 8.08660e+04
151.26312 7.75894e+04
151.26732 8.01063e+04
151.27152 7.75674e+04
151.27572 6.91045e+04
151.27992 7.62659e+04
151.28412 7.88686e+04
151.28832 8.09620e+04
151.29252 8.56751e+04
151.29672 8.45938e+04
151.30092 8.10848e+04
151.30512 9.32651e+04
151.30932 9.67111e+04
151.31352 9.20564e+04
151.31772 8.53455e+04
151.32192 7.67447e+04
151.32612 7.85432e+04
151.33032 8.21826e+04
151.33452 7.84036e+04
151.33872 7.85307e+04
151.34292 7.96031e+04
151.34712 7.65440e+04
151.35132 7.49473e+04
151.35552 7.44552e+04
151.35972 8.02647e+04
151.36392 7.98278e+04
151.36812 7.67938e+04
151.37232 7.48951e+04
151.37652 7.18507e+04
151.38072 6.88955e+04
151.38492 6.99899e+04
151.38912 7.19572e+04
151.39332 7.93227e+04
151.39752 8.20466e+04
151.40172 8.33702e+04
151.40592 7.64273e+04
151.41012 7.46678e+04
151.41432 7.65148e+04
151.41852 7.69408e+04
151.42272 8.23542e+04
151.42693 8.16406e+04
151.43113 7.98688e+04
151.43533 7.90457e+04
151.43953 8.18927e+04
151.44373 8.20425e+04
151.44793 7.64275e+04
151.45213 7.07848e+04
151.45633 6.83193e+04
151.46053 6.72718e+04
151.46473 6.91630e+04
151.46893 7.16435e+04
151.47313 7.86180e+04
151.47733 8.38685e+04
151.48153 8.45821e+04
151.48573 8.10900e+04
151.48993 7.48626e+04
151.49413 7.12853e+04
151.49833 6.93879e+04
151.50253 7.35960e+04
151.50673 7.60752e+04
151.51093 8.47851e+04
151.51513 8.04613e+04
151.51933 8.13066e+04
151.52353 8.25447e+04
151.52773 8.38985e+04
151.53193 7.77173e+04
151.53613 7.19274e+04
151.54033 6.76235e+04
151.54453 7.51627e+04
151.54873 7.66438e+04
151.55293 7.73649e+04
151.55713 7.89941e+04
151.56133 8.23784e+04
151.56553 7.87240e+04
151.56973 7.80773e+04
151.57393 7.79227e+04
151.57813 7.70097e+04
151.58233 7.77035e+04
151.58653 8.47215e+04
151.59074 8.92042e+04
151.59494 8.71431e+04
151.59914 8.43079e+04
151.60334 8.08820e+04
151.60754 7.85166e+04
151.61174 7.92999e+04
151.61594 7.78892e+04
151.62014 6.98854e+04
151.62434 7.38799e+04
151.62854 8.11036e+04
151.63274 7.74822e+04
151.63694 7.85642e+04
151.64114 7.76715e+04
151.64534 7.82663e+04
151.64954 7.95975e+04
151.65374 7.76999e+04
151.65794 7.21278e+04
151.66214 7.33014e+04
151.66634 7.84414e+04
151.67054 7.48117e+04
151.67474 7.39086e+04
151.67894 7.65722e+04
151.68314 7.85783e+04
151.68734 7.40596e+04
151.69154 7.80112e+04
151.69574 8.13762e+04
151.69994 7.73838e+04
151.70414 8.42444e+04
151.70834 8.79578e+04
151.71254 8.93866e+04
151.71674 9.42033e+04
151.72094 1.00293e+05
151.72514 1.05900e+05
151.72934 1.18864e+05
151.73354 1.22296e+05
151.73774 1.15885e+05
151.74194 1.06271e+05
151.74614 9.83140e+04
151.75034 9.27541e+04
151.75454 8.75514e+04
151.75875 8.05690e+04
151.76295 7.45961e+04
151.76715 7.63027e+04
151.77135 8.01118e+04
151.77555 7.65744e+04
151.77975 7.58381e+04
151.78395 7.82418e+04
151.78815 7.42593e+04
151.79235 7.44953e+04
151.79655 7.72694e+04
151.80075 7.53389e+04
151.80495 7.89867e+04
151.80915 8.36803e+04
151.81335 7.97095e+04
151.81755 7.53293e+04
151.82175 7.52292e+04
151.82595 7.97423e+04
151.83015 8.36903e+04
151.83435 8.53165e+04
151.83855 8.20825e+04
151.84275 8.09776e+04
151.84695 7.85586e+04
151.85115 7.61135e+04
151.85535 7.98540e+04
151.85955 8.10780e+04
151.86375 8.52932e+04
151.86795 8.95881e+04
151.87215 8.71703e+04
151.87635 9.03410e+04
151.88055 1.04297e+05
151.88475 1.11992e+05
151.88895 1.11141e+05
151.89315 1.00936e+05
151.89735 9.26865e+04
151.90155 8.57901e+04
151.90575 7.69309e+04
151.90995 8.00070e+04
151.91415 7.70206e+04
151.91835 7.90116e+04
151.92256 7.68338e+04
151.92676 7.43171e+04
151.93096 7.71022e+04
151.93516 7.67559e+04
151.93936 7.91225e+04
151.94356 7.91675e+04
151.94776 7.61136e+04
151.95196 7.95843e+04
151.95616 7.40234e+04
151.96036 8.00735e+04
151.96456 7.89496e+04
151.96876 7.98410e+04
151.97296 7.92748e+04
151.97716 7.99073e+04
151.98136 7.46507e+04
151.98556 7.45304e+04
151.98976 7.17849e+04
151.99396 7.44943e+04
151.99816 7.45899e+04
152.00236 7.54919e+04
152.00656 8.06610e+04
152.01076 7.39164e+04
152.01496 7.78986e+04
152.01916 8.13129e+04
152.02336 8.33349e+04
152.02756 8.35406e+04
152.03176 8.96601e+04
152.03596 9.55566e+04
152.04016 1.05581e+05
152.04436 1.07485e+05
152.04856 1.05595e+05
152.05276 9.70057e+04
152.05696 9.36305e+04
152.06116 9.56912e+04
152.06536 9.96732e+04
152.06956 1.13464e+05
152.07376 1.37303e+05
152.07796 1.62920e+05
152.08216 1.88569e+05
152.08637 2.05292e+05
152.09057 1.99716e+05
152.09477 1.70408e+05
152.09897 1.43005e+05
152.10317 1.22573e+05
152.10737 1.00955e+05
152.11157 8.79356e+04
152.11577 8.21752e+04
152.11997 8.49256e+04
152.12417 8.83376e+04
152.12837 9.01138e+04
152.13257 9.03367e+04
152.13677 9.18577e+04
152.14097 8.67731e+04
152.14517 8.78474e+04
152.14937 7.93934e+04
152.15357 7.12216e+04
152.15777 6.42145e+04
152.16197 6.87569e+04
152.16617 6.96867e+04
152.17037 7.00731e+04
152.17457 7.71209e+04
152.17877 7.49265e+04
152.18297 7.78096e+04
152.18717 7.49446e+04
152.19137 7.82761e+04
152.19557 8.60095e+04
152.19977 8.30235e+04
152.20112 8.26046e+04
152.20531 8.16663e+04
152.20950 8.04073e+04
152.21370 8.44877e+04
152.21789 8.26268e+04
152.22208 8.40225e+04
152.22628 8.58440e+04
152.23047 8.42741e+04
152.23466 8.22886e+04
152.23886 8.51388e+04
152.24305 8.98740e+04
152.24724 9.12543e+04
152.25144 8.59852e+04
152.25563 8.51640e+04
152.25982 8.34378e+04
152.26402 8.27237e+04
152.26821 7.89214e+04
152.27240 8.28586e+04
152.27660 7.64693e+04
152.28079 6.11289e+04
152.28499 6.50650e+04
152.28918 6.50648e+04
152.29337 7.09351e+04
152.29757 7.51415e+04
152.30176 7.76223e+04
152.30595 8.48556e+04
152.31015 9.03167e+04
152.31434 9.80367e+04
152.31853 9.83231e+04
152.32273 1.03058e+05
152.32692 1.02016e+05
152.33111 1.04655e+05
152.33531 1.10156e+05
152.33950 1.07114e+05
152.34369 9.48579e+04
152.34789 8.56600e+04
152.35208 8.58996e+04
152.35627 8.30406e+04
152.36047 8.62750e+04
152.36466 8.35384e+04
152.36885 8.26156e+04
152.37305 8.40076e+04
152.37724 8.34109e+04
152.38143 9.18601e+04
152.38563 1.04742e+05
152.38982 1.14324e+05
152.39401 1.23119e+05
152.39821 1.30272e+05
152.40240 1.29895e+05
152.40660 1.23038e+05
152.41079 1.13778e+05
152.41498 1.03554e+05
152.41918 9.60854e+04
152.42337 9.71401e+04
152.42756 9.39802e+04
152.43176 9.19356e+04
152.43595 9.51385e+04
152.44014 8.31601e+04
152.44434 8.00962e+04
152.44853 8.41686e+04
152.45272 8.21955e+04
152.45692 8.36162e+04
152.46111 8.52663e+04
152.46530 8.81659e+04
152.46950 9.90158e+04
152.47369 1.06158e+05
152.47788 9.66509e+04
152.48208 9.37480e+04
152.48627 9.00783e+04
152.49046 8.21566e+04
152.49466 8.00175e+04
152.49885 8.84570e+04
152.50304 8.69825e+04
152.50724 8.60089e+04
152.51143 8.33944e+04
152.51562 9.00635e+04
152.51982 8.49473e+04
152.52401 9.33676e+04
152.52821 9.98745e+04
152.53240 1.01805e+05
152.53659 9.05234e+04
152.54079 9.42515e+04
152.54498 8.80659e+04
152.54917 8.46685e+04
152.55337 8.21058e+04
152.55756 7.84685e+04
152.56175 7.59660e+04
152.56595 8.33120e+04
152.57014 8.79347e+04
152.57433 9.29314e+04
152.57853 9.87795e+04
152.58272 1.07898e+05
152.58691 1.06894e+05
152.59111 1.00484e+05
152.59530 9.48571e+04
152.59949 9.30505e+04
152.60369 8.74797e+04
152.60788 8.61143e+04
152.61207 8.93988e+04
152.61627 8.97553e+04
152.62046 8.73310e+04
152.62465 8.27019e+04
152.62885 7.85042e+04
152.63304 7.89031e+04
152.63723 8.20908e+04
152.64143 8.59191e+04
152.64562 1.05413e+05
152.64982 1.47117e+05
152.65401 2.10539e+05
152.65820 3.17800e+05
152.66240 4.75154e+05
152.66659 6.01564e+05
152.67078 6.03598e+05
152.67498 5.03584e+05
152.67917 3.49083e+05
152.68336 1.98173e+05
152.68756 1.20077e+05
152.69175 9.07897e+04
152.69594 7.84738e+04
152.70014 7.54863e+04
152.70433 7.61594e+04
152.70852 7.22876e+04
152.71272 7.16271e+04
152.71691 8.13586e+04
152.72110 8.75711e+04
152.72530 9.78842e+04
152.72949 1.05078e+05
152.73368 1.22136e+05
152.73788 1.30242e+05
152.74207 1.28000e+05
152.74626 1.00833e+05
152.75046 9.43657e+04
152.75465 9.70619e+04
152.75884 9.51545e+04
152.76304 8.96327e+04
152.76723 8.39271e+04
152.77143 9.06699e+04
152.77562 8.59568e+04
152.77981 8.28987e+04
152.78401 6.95349e+04
152.78820 7.21865e+04
152.79239 7.32456e+04
152.79659 8.03314e+04
152.80078 7.72153e+04
152.80497 8.25770e+04
152.80917 8.40405e+04
152.81336 8.52561e+04
152.81755 8.85822e+04
152.82175 9.39250e+04
152.82594 1.00715e+05
152.83013 1.04593e+05
152.83433 1.08113e+05
152.83852 1.02181e+05
152.84271 9.80032e+04
152.84691 9.36597e+04
152.85110 8.94432e+04
152.85529 9.54892e+04
152.85949 9.96358e+04
152.86368 1.02842e+05
152.86787 1.19977e+05
152.87207 1.33361e+05
152.87626 1.31893e+05
152.88045 1.25391e+05
152.88465 1.18640e+05
152.88884 1.11895e+05
152.89304 1.03811e+05
152.89723 1.05236e+05
152.90142 1.03895e+05
152.90562 9.70176e+04
152.90981 9.74434e+04
152.91400 1.04310e+05
152.91820 1.01107e+05
152.92239 9.69663e+04
152.92658 8.95756e+04
152.93078 8.90373e+04
152.93497 8.61260e+04
152.93916 1.03234e+05
152.94336 1.03793e+05
152.94755 1.17902e+05
152.95174 1.16896e+05
152.95594 9.98420e+04
152.96013 9.45644e+04
152.96432 8.66432e+04
152.96852 8.78599e+04
152.97271 9.56605e+04
152.97690 9.64372e+04
152.98110 9.99541e+04
152.98529 1.01329e+05
152.98948 1.03603e+05
152.99368 1.01989e+05
152.99787 1.07763e+05
153.00206 1.20604e+05
153.00626 1.42560e+05
153.01045 1.94325e+05
153.01465 2.75517e+05
153.01884 3.83529e+05
153.02303 5.09197e+05
153.02723 6.14116e+05
153.03142 6.58762e+05
153.03561 6.37372e+05
153.03981 5.23042e+05
153.04400 3.73283e+05
153.04819 2.59747e+05
153.05239 1.85028e+05
153.05658 1.39669e+05
153.06077 1.21893e+05
153.06497 1.18539e+05
153.06916 1.10403e+05
153.07335 1.08068e+05
153.07755 1.02848e+05
153.08174 1.08979e+05
153.08593 1.13908e+05
153.09013 1.26971e+05
153.09432 1.21154e+05
153.09851 1.13883e+05
153.10271 1.13732e+05
153.10690 1.06097e+05
153.11109 9.94063e+04
153.11529 9.64947e+04
153.11948 9.16962e+04
153.12367 8.74333e+04
153.12787 8.83058e+04
153.13206 8.02629e+04
153.13626 7.97093e+04
153.14045 8.80931e+04
153.14464 9.15077e+04
153.14884 9.24738e+04
153.15303 9.59531e+04
153.15722 1.09849e+05
153.16142 1.11746e+05
153.16561 9.76549e+04
153.16980 9.12297e+04
153.17400 8.54386e+04
153.17819 8.76836e+04
153.18238 8.39812e+04
153.18658 8.66930e+04
153.19077 7.94861e+04
153.19496 8.11286e+04
153.19916 8.58533e+04
153.20335 8.36927e+04
153.20754 8.17913e+04
153.21174 8.70095e+04
153.21593 8.76979e+04
153.22012 8.42451e+04
153.22432 9.50337e+04
153.22851 1.06284e+05
153.23270 1.01914e+05
153.23690 1.04056e+05
153.24109 1.16494e+05
153.24528 1.25929e+05
153.24948 1.21592e+05
153.25367 1.20766e+05
153.25787 1.23905e+05
153.26206 1.30958e+05
153.26625 1.22830e+05
153.27045 1.07708e+05
153.27464 1.05509e+05
153.27883 1.11839e+05
153.28303 1.08406e+05
153.28722 1.08463e+05
153.29141 1.04199e+05
153.29561 9.99364e+04
153.29980 9.21928e+04
153.30399 9.38854e+04
153.30819 8.28117e+04
153.31238 8.08506e+04
153.31657 8.65503e+04
153.32077 1.06697e+05
153.32496 1.43869e+05
153.32915 2.25836e+05
153.33335 3.72874e+05
153.33754 5.13073e+05
153.34173 5.47819e+05
153.34593 4.97851e+05
153.35012 4.07591e+05
153.35431 2.80574e+05
153.35851 1.67248e+05
153.36270 1.22787e+05
153.36689 1.10298e+05
153.37109 1.08101e+05
153.37528 9.16566e+04
153.37948 8.63884e+04
153.38367 8.44445e+04
153.38786 9.24727e+04
153.38947 9.34028e+04
153.39367 8.89564e+04
153.39787 9.64733e+04
153.40206 1.06924e+05
153.40626 1.30736e+05
153.41046 1.43952e+05
153.41465 1.44903e+05
153.41885 1.35216e+05
153.42305 1.25505e+05
153.42725 1.12587e+05
153.43144 1.09525e+05
153.43564 1.18624e+05
153.43984 1.12652e+05
153.44403 1.07872e+05
153.44823 1.02220e+05
153.45243 1.03022e+05
153.45663 1.10667e+05
153.46082 1.17956e+05
153.46502 1.30326e+05
153.46922 1.44313e+05
153.47341 1.45610e+05
153.47761 1.44405e+05
153.48181 1.27771e+05
153.48601 1.13022e+05
153.49020 1.12672e+05
153.49440 1.13827e+05
153.49860 1.10223e+05
153.50279 1.10513e+05
153.50699 1.01354e+05
153.51119 9.75215e+04
153.51539 9.90427e+04
153.51958 1.15762e+05
153.52378 1.20364e+05
153.52798 1.16741e+05
153.53217 1.07993e+05
153.53637 1.09583e+05
153.54057 9.70246e+04
153.54476 9.47882e+04
153.54896 8.85540e+04
153.55316 9.26511e+04
153.55736 9.16513e+04
153.56155 8.40192e+04
153.56575 8.66395e+04
153.56995 9.46765e+04
153.57414 1.00545e+05
153.57834 1.00291e+05
153.58254 1.09880e+05
153.58674 1.22456e+05
153.59093 1.22535e+05
153.59513 1.16891e+05
153.59933 1.19776e+05
153.60352 1.29260e+05
153.60772 1.34169e+05
153.61192 1.31570e+05
153.61612 1.22705e+05
153.62031 1.20262e+05
153.62451 1.16810e+05
153.62871 1.19158e+05
153.63290 1.21263e+05
153.63710 1.15375e+05
153.64130 1.02370e+05
153.64550 1.05606e+05
153.64969 1.06183e+05
153.65389 1.05992e+05
153.65809 9.70171e+04
153.66228 1.03978e+05
153.66648 1.19408e+05
153.67068 1.38363e+05
153.67488 1.38151e+05
153.67907 1.26310e+05
153.68327 1.17911e+05
153.68747 1.09987e+05
153.69166 1.22947e+05
153.69586 1.33690e+05
153.70006 1.22257e+05
153.70426 1.31088e+05
153.70845 1.35155e+05
153.71265 1.30320e+05
153.71685 1.18922e+05
153.72104 1.26330e+05
153.72524 1.40169e+05
153.72944 1.39981e+05
153.73364 1.29378e+05
153.73783 1.22402e+05
153.74203 1.35518e+05
153.74623 1.40987e+05
153.75042 1.50768e+05
153.75462 1.42801e+05
153.75882 1.47504e+05
153.76302 1.35119e+05
153.76721 1.26670e+05
153.77141 1.06108e+05
153.77561 1.09369e+05
153.77980 1.08719e+05
153.78400 1.15988e+05
153.78820 1.33141e+05
153.79240 1.48553e+05
153.79659 1.36708e+05
153.80079 1.30618e+05
153.80499 1.20717e+05
153.80918 1.17350e+05
153.81338 1.21799e+05
153.81758 1.11801e+05
153.82178 1.11926e+05
153.82597 1.18516e+05
153.83017 1.05281e+05
153.83437 1.02059e+05
153.83856 1.02892e+05
153.84276 1.07929e+05
153.84696 1.15194e+05
153.85116 1.16868e+05
153.85535 1.20601e+05
153.85955 1.19191e+05
153.86375 1.13692e+05
153.86794 1.11587e+05
153.87214 1.14813e+05
153.87634 1.29726e+05
153.88054 1.34073e+05
153.88473 1.35376e+05
153.88893 1.18902e+05
153.89313 1.20260e+05
153.89732 1.22791e+05
153.90152 1.13683e+05
153.90572 1.08040e+05
153.90992 1.14598e+05
153.91411 1.17290e+05
153.91831 1.19541e+05
153.92251 1.26494e+05
153.92670 1.22028e+05
153.93090 1.11902e+05
153.93510 1.06975e+05
153.93930 1.07048e+05
153.94349 1.10127e+05
153.94769 1.04087e+05
153.95189 1.06147e+05
153.95608 1.19750e+05
153.96028 1.24699e+05
153.96448 1.24608e+05
153.96868 1.21382e+05
153.97287 1.14640e+05
153.97707 1.08737e+05
153.98127 1.16466e+05
153.98546 1.12176e+05
153.98966 1.12841e+05
153.99386 1.21358e+05
153.99806 1.28216e+05
154.00225 1.26679e+05
154.00645 1.19052e+05
154.01065 1.14065e+05
154.01484 1.22755e+05
154.01904 1.38673e+05
154.02324 1.24593e+05
154.02744 1.15538e+05
154.03163 1.36222e+05
154.03583 1.27891e+05
154.04003 1.25241e+05
154.04422 1.43719e+05
154.04842 1.85917e+05
154.05262 2.28887e+05
154.05682 2.99391e+05
154.06101 4.38108e+05
154.06521 6.49325e+05
154.06941 9.48180e+05
154.07360 1.27415e+06
154.07780 1.53425e+06
154.08200 1.63936e+06
154.08620 1.60688e+06
154.09039 1.46593e+06
154.09459 1.20426e+06
154.09879 8.85665e+05
154.10298 5.96068e+05
154.10718 3.77756e+05
154.11138 2.61137e+05
154.11557 2.03095e+05
154.11977 1.61248e+05
154.12397 1.49196e+05
154.12817 1.56996e+05
154.13236 1.63601e+05
154.13656 1.54156e+05
154.14076 1.35507e+05
154.14495 1.39212e+05
154.14915 1.40536e+05
154.15335 1.49792e+05
154.15755 1.48519e+05
154.16174 1.30743e+05
154.16594 1.28027e+05
154.17014 1.19385e+05
154.17433 1.29898e+05
154.17853 1.15295e+05
154.18273 1.22411e+05
154.18693 1.23446e+05
154.19112 1.18942e+05
154.19532 1.18573e+05
154.19952 1.13925e+05
154.20371 1.22479e+05
154.20791 1.50458e+05
154.21211 2.02114e+05
154.21631 2.06242e+05
154.22050 2.00676e+05
154.22470 1.51750e+05
154.22890 1.25043e+05
154.23309 1.27077e+05
154.23729 1.34406e+05
154.24149 1.32513e+05
154.24569 1.31150e+05
154.24988 1.19027e+05
154.25408 1.13321e+05
154.25828 1.10544e+05
154.26247 1.01458e+05
154.26667 9.97895e+04
154.27087 9.44337e+04
154.27507 1.08444e+05
154.27926 1.16339e+05
154.28346 1.18104e+05
154.28766 1.22398e+05
154.29185 1.22044e+05
154.29605 1.14586e+05
154.30025 1.00998e+05
154.30445 1.04847e+05
154.30864 9.81708e+04
154.31284 9.88246e+04
154.31704 1.13889e+05
154.32123 1.13304e+05
154.32543 1.09991e+05
154.32963 1.08800e+05
154.33383 1.11216e+05
154.33802 1.06664e+05
154.34222 1.14946e+05
154.34642 1.15124e+05
154.35061 1.07849e+05
154.35481 1.00720e+05
154.35901 1.05152e+05
154.36321 1.21252e+05
154.36740 1.39069e+05
154.37160 1.49669e+05
154.37580 1.46615e+05
154.37999 1.28864e+05
154.38419 1.24760e+05
154.38839 1.38106e+05
154.39259 1.46141e+05
154.39678 1.44776e+05
154.40098 1.17933e+05
154.40518 1.09468e+05
154.40937 1.15086e+05
154.41357 1.21739e+05
154.41777 1.29309e+05
154.42197 1.23279e+05
154.42616 1.05893e+05
154.43036 1.04590e+05
154.43456 1.01880e+05
154.43875 1.14728e+05
154.44295 1.31113e+05
154.44715 1.40772e+05
154.45135 1.55016e+05
154.45554 1.69277e+05
154.45974 1.90087e+05
154.46394 1.75195e+05
154.46813 1.58806e+05
154.47233 1.38898e+05
154.47653 1.28077e+05
154.48073 1.10729e+05
154.48492 1.05628e+05
154.48912 1.09818e+05
154.49332 1.28295e+05
154.49751 1.27159e+05
154.50171 1.48096e+05
154.50591 1.65724e+05
154.51011 1.69363e+05
154.51430 1.65762e+05
154.51850 1.64227e+05
154.52270 1.44391e+05
154.52689 1.40262e+05
154.53109 1.23859e+05
154.53529 1.15188e+05
154.53949 9.96705e+04
154.54368 1.11324e+05
154.54788 1.27586e+05
154.55208 1.53993e+05
154.55627 1.92586e+05
154.56047 1.84853e+05
154.56467 1.52155e+05
154.56887 1.36316e+05
154.57306 1.31425e+05
154.57726 1.25682e+05
154.58146 1.16733e+05
154.58565 1.08289e+05
154.58985 1.04839e+05
154.59405 1.00990e+05
154.60412 9.90291e+04
154.60829 1.01868e+05
154.61247 1.04044e+05
154.61664 1.08253e+05
154.62081 9.98629e+04
154.62498 8.76479e+04
154.62915 8.39111e+04
154.63332 9.61946e+04
154.63749 1.05225e+05
154.64166 1.08065e+05
154.64584 1.16173e+05
154.65001 1.13312e+05
154.65418 1.34403e+05
154.65835 1.51216e+05
154.66252 1.56171e+05
154.66669 1.52607e+05
154.67086 1.40913e+05
154.67503 1.22821e+05
154.67920 1.17929e+05
154.68338 1.12608e+05
154.68755 1.03117e+05
154.69172 1.02100e+05
154.69589 1.11756e+05
154.70006 1.19536e+05
154.70423 1.26655e+05
154.70840 1.32558e+05
154.71257 1.28035e+05
154.71674 1.26602e+05
154.72092 1.19025e+05
154.72509 1.21954e+05
154.72926 1.34501e+05
154.73343 1.57297e+05
154.73760 1.74960e+05
154.74177 1.72053e+05
154.74594 1.42093e+05
154.75011 1.23665e+05
154.75429 1.16663e+05
154.75846 1.23651e+05
154.76263 1.18143e+05
154.76680 1.17888e+05
154.77097 1.18834e+05
154.77514 1.52802e+05
154.77931 1.36520e+05
154.78348 1.49200e+05
154.78765 1.74403e+05
154.79183 2.12234e+05
154.79600 2.63779e+05
154.80017 3.36261e+05
154.80434 4.57006e+05
154.80851 6.42440e+05
154.81268 8.41056e+05
154.81685 1.02676e+06
154.82102 1.13978e+06
154.82519 1.11228e+06
154.82937 9.82675e+05
154.83354 7.47177e+05
154.83771 5.62574e+05
154.84188 3.85890e+05
154.84605 2.87845e+05
154.85022 2.28562e+05
154.85439 1.88148e+05
154.85856 1.85640e+05
154.86273 2.00917e+05
154.86691 2.28787e+05
154.87108 2.58036e+05
154.87525 2.39062e+05
154.87942 1.87044e+05
154.88359 1.48488e+05
154.88776 1.49545e+05
154.89193 1.45009e+05
154.89610 1.55955e+05
154.90028 1.86010e+05
154.90445 1.90057e+05
154.90862 1.88366e+05
154.91279 1.60147e+05
154.91696 1.36299e+05
154.92113 1.35202e+05
154.92530 1.24162e+05
154.92947 1.17862e+05
154.93364 1.18303e+05
154.93782 1.19220e+05
154.94199 1.13147e+05
154.94616 1.14954e+05
154.95033 1.17509e+05
154.95450 1.21249e+05
154.95867 1.26003e+05
154.96284 1.38517e+05
154.96701 1.45848e+05
154.97118 1.46233e+05
154.97536 1.44626e+05
154.97953 1.37756e+05
154.98370 1.25735e+05
154.98787 1.23453e+05
154.99204 1.22519e+05
154.99621 1.27312e+05
155.00038 1.25311e+05
155.00455 1.14213e+05
155.00872 1.18009e+05
155.01290 1.23265e+05
155.01707 1.33562e+05
155.02124 1.73842e+05
155.02541 2.21879e+05
155.02958 2.19372e+05
155.03375 1.74509e+05
155.03792 1.53741e+05
155.04209 1.30823e+05
155.04627 1.42295e+05
155.05044 1.64218e+05
155.05461 1.82303e+05
155.05878 2.34113e+05
155.06295 2.95806e+05
155.06712 4.10123e+05
155.07129 5.67344e+05
155.07546 6.83253e+05
155.07963 6.98983e+05
155.08381 6.43188e+05
155.08798 5.36529e+05
155.09215 4.37938e+05
155.09632 3.41252e+05
155.10049 2.65069e+05
155.10466 2.11022e+05
155.10883 1.65252e+05
155.11300 1.73659e+05
155.11717 2.08884e+05
155.12135 2.24545e+05
155.12552 2.09749e+05
155.12969 1.57084e+05
155.13386 1.27660e+05
155.13803 1.10011e+05
155.14220 1.34355e+05
155.14637 1.48666e+05
155.15054 1.47040e+05
155.15472 1.42531e+05
155.15889 1.50917e+05
155.16306 1.45193e+05
155.16723 1.36799e+05
155.17140 1.31087e+05
155.17557 1.56124e+05
155.17974 2.14388e+05
155.18391 2.60654e+05
155.18808 2.60244e+05
155.19226 2.43687e+05
155.19643 2.14745e+05
155.20060 1.84425e+05
155.20477 1.80336e+05
155.20894 1.93988e+05
155.21311 2.07978e+05
155.21728 2.20873e+05
155.22145 2.16844e+05
155.22562 1.85197e+05
155.22980 1.50236e+05
155.23397 1.39493e+05
155.23814 1.32851e+05
155.24231 1.28216e+05
155.24648 1.27540e+05
155.25065 1.27366e+05
155.25482 1.21944e+05
155.25899 1.28306e+05
155.26316 1.44018e+05
155.26734 1.50823e+05
155.27151 1.63927e+05
155.27568 1.68986e+05
155.27985 1.56730e+05
155.28402 1.46798e+05
155.28819 1.59755e+05
155.29236 1.70093e+05
155.29653 1.58920e+05
155.30071 1.30751e+05
155.30488 1.35910e+05
155.30905 1.21795e+05
155.31322 1.08195e+05
155.31739 1.23884e+05
155.32156 1.09685e+05
155.32573 1.25942e+05
155.32990 1.65719e+05
155.33407 1.55631e+05
155.33825 1.65072e+05
155.34242 1.56326e+05
155.34659 1.43694e+05
155.35076 1.37943e+05
155.35493 1.53599e+05
155.35910 1.53705e+05
155.36327 1.46861e+05
155.36744 1.40435e+05
155.37161 1.37153e+05
155.37579 1.36833e+05
155.37996 1.43105e+05
155.38413 1.49616e+05
155.38830 1.42294e+05
155.39247 1.24515e+05
155.39664 1.15792e+05
155.40081 1.15628e+05
155.40498 1.25951e+05
155.40915 1.31051e+05
155.41333 1.35866e+05
155.41750 1.37891e+05
155.42167 1.37140e+05
155.42584 1.28235e+05
155.43001 1.28442e+05
155.43418 1.47009e+05
155.43835 1.52665e+05
155.44252 1.48686e+05
155.44670 1.31208e+05
155.45087 1.34277e+05
155.45504 1.16533e+05
155.45921 1.40205e+05
155.46338 1.72386e+05
155.46755 1.91551e+05
155.47172 1.80069e+05
155.47589 1.51695e+05
155.48006 1.46371e+05
155.48424 1.34040e+05
155.48841 1.43146e+05
155.49258 1.58475e+05
155.49675 1.53049e+05
155.50092 1.58247e+05
155.50509 1.30151e+05
155.50926 1.40187e+05
155.51343 1.32281e+05
155.51760 1.38473e+05
155.52178 1.50361e+05
155.52595 1.49698e+05
155.53012 1.40745e+05
155.53429 1.42035e+05
155.53846 1.59825e+05
155.54263 1.74376e+05
155.54680 1.67126e+05
155.55097 1.69935e+05
155.55515 1.72103e+05
155.55932 1.81665e+05
155.56349 1.76770e+05
155.56766 1.51520e+05
155.57183 1.44474e+05
155.57600 1.37754e+05
155.58017 1.40732e+05
155.58434 1.47713e+05
155.58851 1.68385e+05
155.59269 1.78834e+05
155.59686 1.81572e+05
155.60103 1.82367e+05
155.60520 1.80060e+05
155.60937 1.94806e+05
155.61354 2.08498e+05
155.61771 1.86546e+05
155.62188 1.68240e+05
155.62605 1.52120e+05
155.63023 1.49370e+05
155.63440 1.51770e+05
155.63857 1.61082e+05
155.64274 1.67724e+05
155.64691 1.88448e+05
155.65108 2.08758e+05
155.65525 1.86174e+05
155.65942 1.63423e+05
155.66359 1.55056e+05
155.66777 1.57050e+05
155.67194 1.60238e+05
155.67611 1.53726e+05
155.68028 1.62492e+05
155.68445 1.52357e+05
155.68862 1.47810e+05
155.69279 1.33824e+05
155.69696 1.57284e+05
155.70114 1.71452e+05
155.70531 1.67972e+05
155.70948 1.55525e+05
155.71365 1.57240e+05
155.71782 1.74221e+05
155.72199 1.78386e+05
155.72616 1.85662e+05
155.73033 1.79132e+05
155.73450 1.72341e+05
155.73868 1.56176e+05
155.74285 1.66004e+05
155.74702 1.60348e+05
155.75119 1.76536e+05
155.75536 1.58210e+05
155.75953 1.66270e+05
155.76370 1.45097e+05
155.76787 1.44584e+05
155.77204 1.39921e+05
155.77622 1.51328e+05
155.78039 1.72948e+05
155.78456 1.67520e+05
155.78873 1.63529e+05
155.79290 1.50055e+05
155.79707 1.46556e+05
155.80155 1.80749e+05
155.80572 1.54858e+05
155.80989 1.58669e+05
155.81406 1.89916e+05
155.81824 2.01789e+05
155.82241 2.07801e+05
155.82658 1.90452e+05
155.83075 1.58745e+05
155.83493 1.54762e+05
155.83910 1.62270e+05
155.84327 2.07097e+05
155.84744 2.33686e+05
155.85162 2.95157e+05
155.85579 2.77814e+05
155.85996 2.99651e+05
155.86413 2.94550e+05
155.86831 3.28026e+05
155.87248 2.97827e+05
155.87665 2.57636e+05
155.88082 1.98557e+05
155.88500 1.81195e+05
155.88917 1.90708e+05
155.89334 2.24258e+05
155.89751 2.92449e+05
155.90169 4.07409e+05
155.90586 5.15233e+05
155.91003 5.08725e+05
155.91420 4.01282e+05
155.91838 2.99502e+05
155.92255 2.43862e+05
155.92672 2.50834e+05
155.93089 2.63582e+05
155.93507 2.51007e+05
155.93924 2.18865e+05
155.94341 1.93274e+05
155.94758 1.78224e+05
155.95176 1.70292e+05
155.95593 1.74439e+05
155.96010 2.05282e+05
155.96428 2.38931e+05
155.96845 2.50594e+05
155.97262 2.51910e+05
155.97679 2.20741e+05
155.98097 2.29494e+05
155.98514 2.22527e+05
155.98931 2.13008e+05
155.99348 2.15893e+05
155.99766 2.18900e+05
156.00183 2.51743e+05
156.00600 2.89641e+05
156.01017 2.82525e+05
156.01435 3.01598e+05
156.01852 3.79811e+05
156.02269 5.56798e+05
156.02686 7.46797e+05
156.03104 8.19910e+05
156.03521 8.21675e+05
156.03938 6.85357e+05
156.04355 6.72812e+05
156.04773 8.34733e+05
156.05190 1.18094e+06
156.05607 1.65579e+06
156.06024 2.11515e+06
156.06442 2.39903e+06
156.06859 2.41456e+06
156.07276 2.16575e+06
156.07693 1.77062e+06
156.08111 1.23372e+06
156.08528 8.35257e+05
156.08945 5.83911e+05
156.09362 3.78014e+05
156.09780 3.11893e+05
156.10197 2.26573e+05
156.10614 2.41502e+05
156.11031 2.43177e+05
156.11449 2.37772e+05
156.11866 2.77559e+05
156.12283 4.85024e+05
156.12700 7.65340e+05
156.13118 9.54868e+05
156.13535 9.89443e+05
156.13952 9.22080e+05
156.14369 9.25176e+05
156.14787 8.24071e+05
156.15204 6.21597e+05
156.15621 3.91349e+05
156.16038 2.49128e+05
156.16456 2.03318e+05
156.16873 1.87109e+05
156.17290 2.00733e+05
156.17707 2.03156e+05
156.18125 2.07334e+05
156.18542 1.96001e+05
156.18959 1.89066e+05
156.19376 2.22028e+05
156.19794 2.40352e+05
156.20211 2.21977e+05
156.20628 2.07769e+05
156.21045 1.82468e+05
156.21463 1.64023e+05
156.21880 1.76079e+05
156.22297 2.04667e+05
156.22714 2.20164e+05
156.23132 2.14599e+05
156.23549 1.93889e+05
156.23966 1.75685e+05
156.24384 1.74683e+05
156.24801 1.73652e+05
156.25218 1.72738e+05
156.25635 1.74330e+05
156.26053 1.60669e+05
156.26470 1.54002e+05
156.26887 1.59931e+05
156.27304 1.52057e+05
156.27722 1.65896e+05
156.28139 1.66052e+05
156.28556 1.66497e+05
156.28973 1.77828e+05
156.29391 1.77228e+05
156.29808 1.78483e+05
156.30225 1.70414e+05
156.30642 1.53879e+05
156.31060 1.79239e+05
156.31477 1.71872e+05
156.31894 1.37404e+05
156.32311 1.64145e+05
156.32729 1.75471e+05
156.33146 2.03901e+05
156.33563 2.55440e+05
156.33980 2.04735e+05
156.34398 1.69558e+05
156.34815 1.65005e+05
156.35232 1.59449e+05
156.35649 1.64710e+05
156.36067 1.79816e+05
156.36484 2.12339e+05
156.36901 3.03235e+05
156.37318 4.24823e+05
156.37736 5.09395e+05
156.38153 4.80195e+05
156.38570 3.65844e+05
156.38987 2.59169e+05
156.39405 1.85616e+05
156.39822 1.70713e+05
156.40239 1.82022e+05
156.40656 1.75460e+05
156.41074 1.64088e+05
156.41491 1.78502e+05
156.41908 1.85498e+05
156.42325 1.64695e+05
156.42743 1.68379e+05
156.43160 1.77371e+05
156.43577 1.84087e+05
156.43994 1.71944e+05
156.44412 1.66374e+05
156.44829 1.81321e+05
156.45246 2.29449e+05
156.45663 2.91893e+05
156.46081 3.17096e+05
156.46498 2.86955e+05
156.46915 2.47853e+05
156.47332 2.51004e+05
156.47750 2.48745e+05
156.48167 2.26853e+05
156.48584 2.17652e+05
156.49001 2.07803e+05
156.49419 1.85004e+05
156.49836 1.68253e+05
156.50253 1.57843e+05
156.50670 1.54224e+05
156.51088 1.48015e+05
156.51505 1.62619e+05
156.51922 1.71692e+05
156.52339 2.02428e+05
156.52757 2.22167e+05
156.53174 2.40960e+05
156.53591 2.38760e+05
156.54009 2.15529e+05
156.54426 2.11196e+05
156.54843 2.05658e+05
156.55260 1.99104e+05
156.55678 1.86971e+05
156.56095 1.87386e+05
156.56512 1.82196e+05
156.56929 1.96097e+05
156.57347 1.97901e+05
156.57764 2.36051e+05
156.58181 2.17544e+05
156.58598 1.87649e+05
156.59016 1.71245e+05
156.59433 1.41512e+05
156.59850 1.87424e+05
156.60267 1.94383e+05
156.60685 1.79350e+05
156.61102 1.78627e+05
156.61519 1.86623e+05
156.61936 1.79365e+05
156.62354 1.74811e+05
156.62771 1.81207e+05
156.63188 1.94070e+05
156.63605 1.83062e+05
156.64023 1.81244e+05
156.64440 1.97696e+05
156.64857 2.17101e+05
156.65274 2.20310e+05
156.65692 2.16361e+05
156.66109 2.35214e+05
156.66526 2.57588e+05
156.66943 2.72551e+05
156.67361 3.47205e+05
156.67778 4.21314e+05
156.68195 4.25111e+05
156.68612 3.60980e+05
156.69030 2.66536e+05
156.69447 2.30609e+05
156.69864 2.14141e+05
156.70281 1.94859e+05
156.70699 2.03858e+05
156.71116 2.01291e+05
156.71533 1.98897e+05
156.71950 1.92686e+05
156.72368 1.72475e+05
156.72785 1.57668e+05
156.73202 1.55348e+05
156.73619 1.94066e+05
156.74037 1.98778e+05
156.74454 1.99328e+05
156.74871 2.02872e+05
156.75288 2.26983e+05
156.75706 1.92307e+05
156.76123 2.14947e+05
156.76540 2.40068e+05
156.76957 2.36172e+05
156.77375 2.18357e+05
156.77792 2.25152e+05
156.78209 2.07501e+05
156.78626 1.97626e+05
156.79044 2.11929e+05
156.79461 2.51575e+05
156.79878 3.26915e+05
156.80295 3.15044e+05
156.80713 2.57141e+05
156.81130 2.54996e+05
156.81547 2.84443e+05
156.81964 2.57362e+05
156.82382 2.23916e+05
156.82799 2.06406e+05
156.83216 1.91603e+05
156.83634 1.88926e+05
156.84051 1.86469e+05
156.84468 1.90425e+05
156.84885 2.01691e+05
156.85303 2.23186e+05
156.85720 2.35125e+05
156.86137 2.19910e+05
156.86554 1.92584e+05
156.86972 1.95853e+05
156.87389 2.01763e+05
156.87806 1.98662e+05
156.88223 1.95217e+05
156.88641 1.89145e+05
156.89058 1.72287e+05
156.89475 1.70986e+05
156.89892 1.91862e+05
156.90310 1.86188e+05
156.90727 1.84601e+05
156.91144 1.78507e+05
156.91561 1.80140e+05
156.91979 2.00382e+05
156.92396 2.30063e+05
156.92813 2.58580e+05
156.93230 2.63397e+05
156.93648 2.03269e+05
156.94065 2.08327e+05
156.94482 2.06773e+05
156.94899 1.90516e+05
156.95317 1.94465e+05
156.95734 2.51249e+05
156.96151 3.70117e+05
156.96568 4.13439e+05
156.96986 3.84141e+05
156.97403 3.11790e+05
156.97820 2.45669e+05
156.98237 2.16045e+05
156.98655 1.90020e+05
156.99072 1.76054e+05
156.99489 2.03819e+05
156.99906 2.19987e+05
157.00072 2.18965e+05
157.00488 2.46982e+05
157.00905 2.49387e+05
157.01321 3.00736e+05
157.01738 3.62945e+05
157.02155 4.30341e+05
157.02571 4.56768e+05
157.02988 3.61542e+05
157.03404 2.73772e+05
157.03821 2.05941e+05
157.04237 1.86372e+05
157.04654 2.16153e+05
157.05070 2.02694e+05
157.05487 2.11786e+05
157.05903 2.00284e+05
157.06320 2.11187e+05
157.06736 1.87955e+05
157.07153 1.89560e+05
157.07570 2.39464e+05
157.07986 2.12971e+05
157.08403 2.05490e+05
157.08819 2.20318e+05
157.09236 1.81156e+05
157.09652 1.81649e+05
157.10069 1.86455e+05
157.10485 2.53274e+05
157.10902 2.80249e+05
157.11318 3.01316e+05
157.11735 2.50172e+05
157.12152 1.92574e+05
157.12568 2.18824e+05
157.12985 2.53416e+05
157.13401 2.80596e+05
157.13818 3.04322e+05
157.14234 2.63687e+05
157.14651 2.53488e+05
157.15067 2.37101e+05
157.15484 2.04096e+05
157.15900 2.00719e+05
157.16317 2.38044e+05
157.16733 2.54034e+05
157.17150 2.53978e+05
157.17567 2.72949e+05
157.17983 2.36279e+05
157.18400 2.26655e+05
157.18816 2.28571e+05
157.19233 2.29051e+05
157.19649 2.35859e+05
157.20066 2.18695e+05
157.20482 2.09964e+05
157.20899 2.34152e+05
157.21315 2.48370e+05
157.21732 2.13334e+05
157.22148 1.90906e+05
157.22565 1.78634e+05
157.22982 1.85723e+05
157.23398 2.33837e+05
157.23815 2.56066e+05
157.24231 2.54866e+05
157.24648 2.52394e+05
157.25064 2.39783e+05
157.25481 2.53635e+05
157.25897 2.78827e+05
157.26314 3.16671e+05
157.26730 3.39569e+05
157.27147 3.66509e+05
157.27563 4.31686e+05
157.27980 6.06463e+05
157.28397 8.80166e+05
157.28813 1.21371e+06
157.29230 1.68178e+06
157.29646 2.06629e+06
157.30063 2.08660e+06
157.30479 1.78474e+06
157.30896 1.36579e+06
157.31312 9.61847e+05
157.31729 6.43830e+05
157.32145 4.77878e+05
157.32562 3.32867e+05
157.32979 2.69515e+05
157.33395 2.63619e+05
157.33812 2.64073e+05
157.34228 2.41130e+05
157.34645 2.30169e+05
157.35061 2.41004e+05
157.35478 2.54296e+05
157.35894 3.06267e+05
157.36311 3.37206e+05
157.36727 3.02592e+05
157.37144 2.71642e+05
157.37560 3.17816e+05
157.37977 3.87937e+05
157.38394 4.74786e+05
157.38810 4.23314e+05
157.39227 3.88085e+05
157.39643 3.47360e+05
157.40060 3.47560e+05
157.40476 3.51464e+05
157.40893 3.28138e+05
157.41309 2.44207e+05
157.41726 2.35225e+05
157.42142 2.33038e+05
157.42559 2.35519e+05
157.42975 2.63627e+05
157.43392 2.64096e+05
157.43809 2.31701e+05
157.44225 2.37845e+05
157.44642 2.47170e+05
157.45058 2.48861e+05
157.45475 2.62407e+05
157.45891 2.57390e+05
157.46308 2.72161e+05
157.46724 2.96797e+05
157.47141 3.26946e+05
157.47557 4.00742e+05
157.47974 4.85776e+05
157.48390 5.42729e+05
157.48807 6.17111e+05
157.49224 6.10253e+05
157.49640 5.49161e+05
157.50057 4.66534e+05
157.50473 4.42301e+05
157.50890 4.57652e+05
157.51306 4.83519e+05
157.51723 5.17323e+05
157.52139 6.72047e+05
157.52556 9.57017e+05
157.52972 1.44596e+06
157.53389 2.11118e+06
157.53806 3.00835e+06
157.54222 3.68942e+06
157.54639 3.87272e+06
157.55055 3.60107e+06
157.55472 2.94950e+06
157.55888 2.20395e+06
157.56305 1.59225e+06
157.56721 1.04989e+06
157.57138 6.96240e+05
157.57554 4.88181e+05
157.57971 3.58544e+05
157.58387 3.24295e+05
157.58804 2.93180e+05
157.59221 2.96324e+05
157.59637 2.97331e+05
157.60054 2.90054e+05
157.60470 3.37748e+05
157.60887 3.11277e+05
157.61303 2.66556e+05
157.61720 2.76046e+05
157.62136 2.79056e+05
157.62553 2.51409e+05
157.62969 2.50984e+05
157.63386 2.33247e+05
157.63802 2.50497e+05
157.64219 2.37898e+05
157.64636 2.44428e+05
157.65052 2.63651e+05
157.65469 2.74664e+05
157.65885 2.59610e+05
157.66302 2.32111e+05
157.66718 2.38955e+05
157.67135 2.81573e+05
157.67551 3.11736e+05
157.67968 3.01145e+05
157.68384 2.98895e+05
157.68801 2.65394e+05
157.69217 2.52803e+05
157.69634 2.44064e+05
157.70051 2.51135e+05
157.70467 2.82086e+05
157.70884 3.13094e+05
157.71300 3.67351e+05
157.71717 3.75744e+05
157.72133 3.32952e+05
157.72550 3.18656e+05
157.72966 3.03635e+05
157.73383 2.92557e+05
157.73799 2.85848e+05
157.74216 2.71432e+05
157.74632 2.91047e+05
157.75049 2.96587e+05
157.75466 2.88032e+05
157.75882 2.95474e+05
157.76299 2.79657e+05
157.76715 2.60424e+05
157.77132 2.63862e+05
157.77548 2.46122e+05
157.77965 2.27945e+05
157.78381 2.27403e+05
157.78798 2.32562e+05
157.79214 2.53529e+05
157.79631 2.50842e+05
157.80048 2.74255e+05
157.80464 3.01219e+05
157.80881 2.86662e+05
157.81297 2.61847e+05
157.81714 2.89376e+05
157.82130 3.08596e+05
157.82547 2.61575e+05
157.82963 2.55311e+05
157.83380 2.52700e+05
157.83796 2.79563e+05
157.84213 3.15420e+05
157.84629 3.16473e+05
157.85046 3.04118e+05
157.85463 2.65398e+05
157.85879 2.43985e+05
157.86296 2.38243e+05
157.86712 2.48417e+05
157.87129 2.81338e+05
157.87545 2.76260e+05
157.87962 2.69830e+05
157.88378 2.77174e+05
157.88795 2.72747e+05
157.89211 2.78900e+05
157.89628 2.62180e+05
157.90044 2.65116e+05
157.90461 2.89368e+05
157.90878 2.85342e+05
157.91294 2.65706e+05
157.91711 2.70079e+05
157.92127 2.85939e+05
157.92544 2.77489e+05
157.92960 2.77655e+05
157.93377 2.70611e+05
157.93793 2.62701e+05
157.94210 2.89522e+05
157.94626 2.93840e+05
157.95043 2.90465e+05
157.95459 2.84433e+05
157.95876 2.94182e+05
157.96293 2.70243e+05
157.96709 2.99808e+05
157.97126 2.87214e+05
157.97542 3.37261e+05
157.97959 3.28048e+05
157.98375 3.65652e+05
157.98792 3.43666e+05
157.99208 3.76705e+05
157.99625 4.38992e+05
158.00041 4.81803e+05
158.00458 6.46881e+05
158.00875 8.20016e+05
158.01291 1.13015e+06
158.01708 1.62217e+06
158.02124 2.48283e+06
158.02541 3.65337e+06
158.02957 4.92718e+06
158.03374 6.31188e+06
158.03790 7.53754e+06
158.04207 8.10121e+06
158.04623 7.48676e+06
158.05040 6.07365e+06
158.05456 4.54175e+06
158.05873 3.18821e+06
158.06290 2.18727e+06
158.06706 1.42903e+06
158.07123 9.05862e+05
158.07539 6.28545e+05
158.07956 5.11328e+05
158.08372 4.22726e+05
158.08789 3.65726e+05
158.09205 3.13792e+05
158.09622 2.92578e+05
158.10038 2.93480e+05
158.10455 2.58920e+05
158.10871 2.75943e+05
158.11288 2.78059e+05
158.11705 3.16390e+05
158.12121 3.59047e+05
158.12538 3.78216e+05
158.12954 3.51905e+05
158.13371 2.97625e+05
158.13787 2.94288e+05
158.14204 2.72072e+05
158.14620 2.74899e+05
158.15037 3.19800e+05
158.15453 3.02572e+05
158.15870 2.83021e+05
158.16286 2.67337e+05
158.16703 2.67056e+05
158.17120 2.71418e+05
158.17536 2.61312e+05
158.17953 2.68594e+05
158.18369 2.75586e+05
158.18786 2.59374e+05
158.19202 2.76079e+05
158.19619 2.82907e+05
158.20035 3.06041e+05
158.20452 3.04188e+05
158.20868 2.91585e+05
158.21285 2.47622e+05
158.21702 2.57170e+05
158.22118 2.46380e+05
158.22535 2.50976e+05
158.22951 2.69012e+05
158.23368 2.67515e+05
158.23784 2.47246e+05
158.24201 2.63559e+05
158.24617 2.76685e+05
158.25034 2.62659e+05
158.25450 2.71962e+05
158.25867 2.51474e+05
158.26283 2.69031e+05
158.26700 2.71664e+05
158.27117 2.26504e+05
158.27533 2.60863e+05
158.27950 2.72064e+05
158.28366 3.06498e+05
158.28783 3.04930e+05
158.29199 2.64884e+05
158.29616 2.82458e+05
158.30082 3.19692e+05
158.30498 3.04798e+05
158.30913 2.89105e+05
158.31329 3.23399e+05
158.31745 3.38510e+05
158.32161 3.14881e+05
158.32577 2.90147e+05
158.32992 3.08247e+05
158.33408 3.26815e+05
158.33824 3.22036e+05
158.34240 3.33391e+05
158.34656 3.32917e+05
158.35072 3.51115e+05
158.35487 3.78228e+05
158.35903 3.49925e+05
158.36319 3.25726e+05
158.36735 3.15649e+05
158.37151 2.85435e+05
158.37566 2.82597e+05
158.37982 2.86035e+05
158.38398 3.00325e+05
158.38814 3.22729e+05
158.39230 2.87177e+05
158.39646 2.82111e+05
158.40061 2.89945e+05
158.40477 3.17445e+05
158.40893 3.12334e+05
158.41309 3.03653e+05
158.41725 3.89727e+05
158.42140 3.29479e+05
158.42556 3.34257e+05
158.42972 3.69415e+05
158.43388 3.46787e+05
158.43804 3.36811e+05
158.44220 3.20865e+05
158.44635 3.10741e+05
158.45051 3.05803e+05
158.45467 2.78514e+05
158.45883 3.01005e+05
158.46299 3.01448e+05
158.46714 3.04704e+05
158.47130 3.10414e+05
158.47546 3.64371e+05
158.47962 3.91286e+05
158.48378 3.79303e+05
158.48794 4.57958e+05
158.49209 4.87064e+05
158.49625 4.91399e+05
158.50041 4.56803e+05
158.50457 3.62731e+05
158.50873 3.45538e+05
158.51288 3.23381e+05
158.51704 3.01709e+05
158.52120 3.26150e+05
158.52536 3.27943e+05
158.52952 2.93253e+05
158.53368 2.66828e+05
158.53783 2.59950e+05
158.54199 3.19879e+05
158.54615 2.88152e+05
158.55031 2.97131e+05
158.55447 3.22884e+05
158.55862 3.25116e+05
158.56278 3.04999e+05
158.56694 3.21328e+05
158.57110 3.53778e+05
158.57526 3.24221e+05
158.57941 3.12791e+05
158.58357 3.34989e+05
158.58773 3.44023e+05
158.59189 3.87161e+05
158.59605 3.58451e+05
158.60021 3.48652e+05
158.60436 3.33678e+05
158.60852 3.53462e+05
158.61268 2.98465e+05
158.61684 3.39125e+05
158.62100 3.08700e+05
158.62515 2.71511e+05
158.62931 2.65684e+05
158.63347 3.01098e+05
158.63763 3.11731e+05
158.64179 3.16899e+05
158.64595 3.15123e+05
158.65010 3.77416e+05
158.65426 3.66973e+05
158.65842 3.56789e+05
158.66258 3.16263e+05
158.66674 3.07021e+05
158.67089 3.09823e+05
158.67505 3.40468e+05
158.67921 3.77028e+05
158.68337 3.79075e+05
158.68753 3.74387e+05
158.69169 3.73223e+05
158.69584 3.20691e+05
158.70000 3.41812e+05
158.70416 3.42368e+05
158.70832 4.02717e+05
158.71248 4.20955e+05
158.71663 3.62122e+05
158.72079 3.52600e+05
158.72495 3.23103e+05
158.72911 2.96736e+05
158.73327 3.08325e+05
158.73743 3.20567e+05
158.74158 3.27306e+05
158.74574 3.19703e+05
158.74990 3.25503e+05
158.75406 3.40721e+05
158.75822 3.66343e+05
158.76237 3.60564e+05
158.76653 3.72296e+05
158.77069 4.03154e+05
158.77485 3.70812e+05
158.77901 3.72740e+05
158.78317 3.53722e+05
158.78732 3.61772e+05
158.79148 3.97891e+05
158.79564 3.24992e+05
158.79980 3.03835e+05
158.80396 3.49973e+05
158.80811 3.44972e+05
158.81227 3.96924e+05
158.81643 3.85039e+05
158.82059 5.21522e+05
158.82475 6.46982e+05
158.82891 7.00835e+05
158.83306 6.00719e+05
158.83722 4.50577e+05
158.84138 4.37915e+05
158.84554 3.78362e+05
158.84970 3.58167e+05
158.85385 3.27312e+05
158.85801 3.51183e+05
158.86217 3.38835e+05
158.86633 4.10585e+05
158.87049 4.10085e+05
158.87465 3.59273e+05
158.87880 3.60827e+05
158.88296 3.72857e+05
158.88712 3.69687e+05
158.89128 4.14596e+05
158.89544 3.60884e+05
158.89959 3.99260e+05
158.90375 3.56931e+05
158.90791 3.56187e+05
158.91207 3.92515e+05
158.91623 3.84207e+05
158.92039 3.37747e+05
158.92454 3.16174e+05
158.92870 3.72433e+05
158.93286 3.60898e+05
158.93702 3.52922e+05
158.94118 3.06579e+05
158.94533 3.30248e+05
158.94949 3.22443e+05
158.95365 3.60610e+05
158.95781 3.85755e+05
158.96197 3.87716e+05
158.96613 3.42214e+05
158.97028 3.67621e+05
158.97444 3.73556e+05
158.97860 3.68319e+05
158.98276 3.78201e+05
158.98692 3.84796e+05
158.99107 3.68903e+05
158.99523 3.59648e+05
158.99939 4.13229e+05
159.00355 4.14267e+05
159.00771 4.16491e+05
159.01187 3.78854e+05
159.01602 3.80470e+05
159.02018 3.95507e+05
159.02434 3.47313e+05
159.02850 3.45254e+05
159.03266 4.13359e+05
159.03681 4.37937e+05
159.04097 4.00289e+05
159.04513 3.84174e+05
159.04929 3.70005e+05
159.05345 3.07033e+05
159.05761 3.37852e+05
159.06176 3.93112e+05
159.06592 3.94019e+05
159.07008 3.94923e+05
159.07424 3.97752e+05
159.07840 3.66699e+05
159.08255 3.93729e+05
159.08671 4.00974e+05
159.09087 4.31076e+05
159.09503 4.23841e+05
159.09919 3.86454e+05
159.10335 3.80027e+05
159.10750 4.01932e+05
159.11166 4.11896e+05
159.11582 3.99779e+05
159.11998 3.63429e+05
159.12414 3.39642e+05
159.12829 3.63440e+05
159.13245 3.92462e+05
159.13661 3.67663e+05
159.14077 3.46641e+05
159.14493 3.45320e+05
159.14909 3.85774e+05
159.15324 3.84174e+05
159.15740 3.54172e+05
159.16156 3.62722e+05
159.16572 3.75000e+05
159.16988 3.71539e+05
159.17403 3.54073e+05
159.17819 3.62363e+05
159.18235 3.74414e+05
159.18651 3.82320e+05
159.19067 4.01082e+05
159.19483 4.22716e+05
159.19898 4.25937e+05
159.20314 3.97429e+05
159.20730 3.70031e+05
159.21146 4.03335e+05
159.21562 4.43983e+05
159.21977 4.09537e+05
159.22393 4.05266e+05
159.22809 3.95195e+05
159.23225 4.20413e+05
159.23641 4.59274e+05
159.24057 4.86706e+05
159.24472 4.78841e+05
159.24888 4.42645e+05
159.25304 4.00339e+05
159.25720 4.04506e+05
159.26136 3.94959e+05
159.26551 3.86201e+05
159.26967 3.22244e+05
159.27383 3.73080e+05
159.27799 3.97330e+05
159.28215 3.98471e+05
159.28630 3.91575e+05
159.29046 3.92939e+05
159.29462 4.08413e+05
159.29878 4.31246e+05
159.30294 4.23322e+05
159.30710 4.17934e+05
159.31125 4.03153e+05
159.31541 3.86355e+05
159.31957 5.09798e+05
159.32373 5.64954e+05
159.32789 6.40147e+05
159.33204 7.52240e+05
159.33620 7.54598e+05
159.34036 6.42695e+05
159.34452 6.12497e+05
159.34868 6.16418e+05
159.35284 5.51829e+05
159.35699 4.65010e+05
159.36115 4.31444e+05
159.36531 4.08197e+05
159.36947 3.90766e+05
159.37363 4.16150e+05
159.37778 3.80201e+05
159.38194 3.47398e+05
159.38610 4.01334e+05
159.39026 4.05403e+05
159.39442 4.03400e+05
159.39858 4.04758e+05
159.40273 4.33476e+05
159.40689 4.11673e+05
159.41105 3.85562e+05
159.41521 4.29001e+05
159.41937 4.29623e+05
159.42352 4.55726e+05
159.42768 4.22927e+05
159.43184 3.85749e+05
159.43600 3.83780e+05
159.44016 4.10856e+05
159.44432 4.35714e+05
159.44847 4.99875e+05
159.45263 5.24070e+05
159.45679 5.40337e+05
159.46095 4.54382e+05
159.46511 4.39156e+05
159.46926 4.54966e+05
159.47342 4.44505e+05
159.47758 4.17998e+05
159.48174 4.10463e+05
159.48590 3.92232e+05
159.49006 4.43501e+05
159.49421 4.84576e+05
159.49837 5.02158e+05
159.50253 4.74893e+05
159.50669 4.31549e+05
159.51085 4.45937e+05
159.51500 4.48206e+05
159.51916 4.35959e+05
159.52332 3.81560e+05
159.52748 4.01642e+05
159.53164 3.88357e+05
159.53580 4.03690e+05
159.53995 4.56028e+05
159.54411 4.23449e+05
159.54827 3.87189e+05
159.55243 4.10888e+05
159.55659 4.15306e+05
159.56074 4.50657e+05
159.56490 3.75014e+05
159.56906 4.17069e+05
159.57322 4.77135e+05
159.57738 4.39663e+05
159.58154 4.44363e+05
159.58569 4.20732e+05
159.58985 3.68456e+05
159.59401 3.60560e+05
159.59817 3.51935e+05
159.60233 3.74024e+05
159.60648 4.32453e+05
159.61064 4.00236e+05
159.61480 3.82032e+05
159.61896 4.41275e+05
159.62312 4.01917e+05
159.62728 3.94642e+05
159.63143 4.00480e+05
159.63559 3.95062e+05
159.63975 3.84961e+05
159.64391 3.83827e+05
159.64807 4.02657e+05
159.65222 4.25837e+05
159.65638 3.90917e+05
159.66054 3.98385e+05
159.66470 3.85371e+05
159.66886 3.79397e+05
159.67302 3.97779e+05
159.67717 3.91007e+05
159.68133 3.71153e+05
159.68549 3.83850e+05
159.68965 4.20478e+05
159.69381 4.15546e+05
159.69796 4.06677e+05
159.70212 3.96013e+05
159.70628 4.01086e+05
159.71044 4.36931e+05
159.71460 3.97244e+05
159.71876 3.84257e+05
159.72291 3.70661e+05
159.72707 3.93428e+05
159.73123 4.54252e+05
159.73539 3.99053e+05
159.73955 3.91787e+05
159.74370 3.53787e+05
159.74786 3.33421e+05
159.75202 3.61258e+05
159.75618 3.74732e+05
159.76034 4.08300e+05
159.76450 3.69828e+05
159.76865 3.65717e+05
159.77281 4.19536e+05
159.77697 3.49328e+05
159.78113 3.75245e+05
159.78529 4.06966e+05
159.78944 4.65455e+05
159.79360 4.57293e+05
159.79776 4.37910e+05
159.80192 4.14496e+05
159.80608 4.44170e+05
159.81024 4.09687e+05
159.81439 4.45030e+05
159.81855 3.99939e+05
159.82271 4.08262e+05
159.82687 4.07012e+05
159.83103 3.93306e+05
159.83518 3.60054e+05
159.83934 3.83168e+05
159.84350 4.03510e+05
159.84766 3.64480e+05
159.85182 4.41455e+05
159.85598 4.72081e+05
159.86013 4.49771e+05
159.86429 4.54853e+05
159.86845 3.99517e+05
159.87261 3.74664e+05
159.87677 4.08672e+05
159.88092 4.01693e+05
159.88508 3.94138e+05
159.88924 4.12515e+05
159.89340 4.47977e+05
159.89756 4.59835e+05
159.90172 4.22245e+05
159.90587 4.40661e+05
159.91003 4.50721e+05
159.91419 4.44839e+05
159.91835 4.58716e+05
159.92251 4.56960e+05
159.92666 5.03807e+05
159.93082 5.10005e+05
159.93498 5.02552e+05
159.93914 4.51125e+05
159.94330 4.53470e+05
159.94746 4.10096e+05
159.95161 4.49701e+05
159.95577 3.91944e+05
159.95993 4.54494e+05
159.96409 4.15548e+05
159.96825 4.28549e+05
159.97240 4.94403e+05
159.97656 4.44910e+05
159.98072 4.96580e+05
159.98488 4.91268e+05
159.98904 5.07620e+05
159.99320 4.52472e+05
159.99735 4.42707e+05
160.00151 5.06716e+05
160.00567 4.72391e+05
160.00983 4.54467e+05
160.01399 4.39251e+05
160.01814 4.54765e+05
160.02230 4.67449e+05
160.02646 5.31214e+05
160.03062 4.63003e+05
160.03478 4.36869e+05
160.03893 4.07613e+05
160.04309 4.29928e+05
160.04725 4.59027e+05
160.10431 5.88164e+05
160.10847 6.00632e+05
160.11262 5.43686e+05
160.11678 5.90521e+05
160.12094 5.46779e+05
160.12510 5.11334e+05
160.12926 5.26605e+05
160.13341 5.15428e+05
160.13757 4.93381e+05
160.14173 4.72804e+05
160.14589 4.25600e+05
160.15005 4.31984e+05
160.15421 4.13555e+05
160.15836 4.33131e+05
160.16252 4.51963e+05
160.16668 4.31626e+05
160.17084 4.37932e+05
160.17500 4.33322e+05
160.17915 4.28959e+05
160.18331 4.46019e+05
160.18747 4.53027e+05
160.19163 4.50188e+05
160.19579 4.78073e+05
160.19995 5.61477e+05
160.20410 5.51752e+05
160.20826 5.19930e+05
160.21242 5.15588e+05
160.21658 5.47907e+05
160.22074 5.63509e+05
160.22489 5.18086e+05
160.22905 4.99441e+05
160.23321 4.96505e+05
160.23737 4.93148e+05
160.24153 4.52862e+05
160.24569 4.84151e+05
160.24984 5.97095e+05
160.25400 6.49824e+05
160.25816 6.38781e+05
160.26232 5.31662e+05
160.26648 5.49011e+05
160.27063 5.55628e+05
160.27479 5.08830e+05
160.27895 4.81228e+05
160.28311 4.77526e+05
160.28727 5.24215e+05
160.29143 6.12729e+05
160.29558 6.66776e+05
160.29974 6.06020e+05
160.30390 5.21660e+05
160.30806 4.61724e+05
160.31222 4.84726e+05
160.31637 4.88743e+05
160.32053 4.43085e+05
160.32469 4.43702e+05
160.32885 5.00697e+05
160.33301 4.60312e+05
160.33717 4.30860e+05
160.34132 5.16373e+05
160.34548 4.21301e+05
160.34964 4.71994e+05
160.35380 4.38736e+05
160.35796 5.09746e+05
160.36211 5.14042e+05
160.36627 4.85953e+05
160.37043 5.46477e+05
160.37459 5.05113e+05
160.37875 4.83158e+05
160.38291 5.08090e+05
160.38706 4.90337e+05
160.39122 4.63857e+05
160.39538 4.68072e+05
160.39954 4.90020e+05
160.40370 4.95130e+05
160.40785 4.69985e+05
160.41201 4.15582e+05
160.41617 4.08452e+05
160.42033 4.40026e+05
160.42449 4.43586e+05
160.42865 4.91878e+05
160.43280 5.21330e+05
160.43696 4.93486e+05
160.44112 4.57508e+05
160.44528 4.93930e+05
160.44944 5.23558e+05
160.45359 5.49014e+05
160.45775 5.25276e+05
160.46191 4.96961e+05
160.46607 4.51597e+05
160.47023 5.06560e+05
160.47439 5.01701e+05
160.47854 4.67975e+05
160.48270 4.63418e+05
160.48686 4.96376e+05
160.49102 4.56928e+05
160.49518 4.21610e+05
160.49933 4.38202e+05
160.50349 4.93619e+05
160.50765 4.62932e+05
160.51181 4.50241e+05
160.51597 4.89806e+05
160.52013 4.58194e+05
160.52428 4.78470e+05
160.52844 5.49034e+05
160.53260 5.59444e+05
160.53676 5.59721e+05
160.54092 5.01777e+05
160.54507 4.70723e+05
160.54923 4.33560e+05
160.55339 4.41230e+05
160.55755 4.46954e+05
160.56171 5.07717e+05
160.56587 5.05491e+05
160.57002 5.21199e+05
160.57418 5.54923e+05
160.57834 5.49631e+05
160.58250 5.35373e+05
160.58666 5.21335e+05
160.59081 5.00182e+05
160.59497 4.64919e+05
160.59913 4.50340e+05
160.60329 4.32996e+05
160.60745 4.48772e+05
160.61161 4.31471e+05
160.61576 4.72416e+05
160.61992 4.48261e+05
160.62408 4.63769e+05
160.62824 4.86613e+05
160.63240 5.20177e+05
160.63655 5.27729e+05
160.64071 5.60685e+05
160.64487 5.29408e+05
160.64903 5.05494e+05
160.65319 5.03410e+05
160.65735 5.12083e+05
160.66150 5.25763e+05
160.66566 5.18072e+05
160.66982 4.63797e+05
160.67398 4.46383e+05
160.67814 5.33779e+05
160.68229 5.58970e+05
160.68645 5.84090e+05
160.69061 5.86000e+05
160.69477 5.59936e+05
160.69893 5.29676e+05
160.70309 4.99689e+05
160.70724 5.07623e+05
160.71140 5.14115e+05
160.71556 5.06279e+05
160.71972 5.15905e+05
160.72388 5.25876e+05
160.72803 4.87716e+05
160.73219 4.55587e+05
160.73635 4.72180e+05
160.74051 4.93909e+05
160.74467 4.99656e+05
160.74883 5.13192e+05
160.75298 5.13310e+05
160.75714 4.04224e+05
160.76130 4.38572e+05
160.76546 4.35761e+05
160.76962 4.24663e+05
160.77377 4.71010e+05
160.77793 4.61500e+05
160.78209 4.75873e+05
160.78625 4.69491e+05
160.79041 4.88870e+05
160.79456 4.97061e+05
160.79872 5.32269e+05
160.80288 5.66639e+05
160.80704 5.59421e+05
160.81120 5.35677e+05
160.81536 5.46169e+05
160.81951 5.06823e+05
160.82367 4.78135e+05
160.82783 5.69233e+05
160.83199 6.30506e+05
160.83615 7.13760e+05
160.84030 7.65821e+05
160.84446 8.58558e+05
160.84862 8.49187e+05
160.85278 6.88748e+05
160.85694 5.96595e+05
160.86110 6.47993e+05
160.86525 5.17174e+05
160.86941 5.65665e+05
160.87357 5.99846e+05
160.87773 5.30938e+05
160.88189 5.22418e+05
160.88604 5.20956e+05
160.89020 5.57990e+05
160.89436 5.56649e+05
160.89852 5.46872e+05
160.90268 5.77014e+05
160.90684 5.42015e+05
160.91099 4.97887e+05
160.91515 4.83831e+05
160.91931 5.24460e+05
160.92347 5.26481e+05
160.92763 5.51762e+05
160.93178 5.59952e+05
160.93594 4.99403e+05
160.94010 4.96817e+05
160.94426 4.41613e+05
160.94842 4.34871e+05
160.95258 4.60444e+05
160.95673 4.73167e+05
160.96089 4.37972e+05
160.97500 4.37972e+05
161.02500 4.49012e+05
161.07500 4.61771e+05
161.12500 4.76463e+05
161.17500 4.92020e+05
161.22500 5.05231e+05
161.27500 5.12883e+05
161.32500 5.13470e+05
161.37500 5.05701e+05
161.42500 4.89353e+05
161.47500 4.68492e+05
161.52500 4.47833e+05
161.57500 4.32095e+05
161.62500 4.23215e+05
161.67500 4.22273e+05
161.72500 4.27557e+05
161.77500 4.35208e+05
161.82500 4.42433e+05
161.87500 4.49233e+05
161.92500 4.55392e+05
161.97500 4.62415e+05
162.02500 4.72670e+05
162.07500 4.85943e+05
162.12500 5.00086e+05
162.17500 5.13376e+05
162.22500 5.23659e+05
162.27500 5.30069e+05
162.32500 5.34759e+05
162.37500 5.39451e+05
162.42500 5.46303e+05
162.47500 5.54885e+05
162.52500 5.61746e+05
162.57500 5.64509e+05
162.62500 5.62740e+05
162.67500 5.56216e+05
162.72500 5.47312e+05
162.77500 5.40564e+05
162.82500 5.36838e+05
162.87500 5.35057e+05
162.92500 5.33274e+05
162.97500 5.31057e+05
163.02500 5.28406e+05
163.07500 5.27052e+05
163.12500 5.30896e+05
163.17500 5.42109e+05
163.22500 5.57447e+05
163.27500 5.73227e+05
163.32500 5.85331e+05
163.37500 5.88764e+05
163.42500 5.82868e+05
163.47500 5.72627e+05
163.52500 5.62380e+05
163.57500 5.55601e+05
163.62500 5.56206e+05
163.67500 5.63113e+05
163.72500 5.75025e+05
163.77500 5.93902e+05
163.82500 6.19535e+05
163.87500 6.50623e+05
163.92500 6.85213e+05
163.97500 7.15251e+05
164.02500 7.31151e+05
164.07500 7.31592e+05
164.12500 7.17867e+05
164.17500 6.95850e+05
164.22500 6.75128e+05
164.27500 6.61373e+05
164.32500 6.51973e+05
164.37500 6.44969e+05
164.42500 6.35995e+05
164.47500 6.22867e+05
164.52500 6.08201e+05
164.57500 5.95492e+05
164.62500 5.86055e+05
164.67500 5.81860e+05
164.72500 5.80943e+05
164.77500 5.81775e+05
164.82500 5.83484e+05
164.87500 5.84537e+05
164.92500 5.83400e+05
164.97500 5.80510e+05
165.02500 5.76303e+05
165.07500 5.70121e+05
165.12500 5.65251e+05
165.17500 5.64545e+05
165.22500 5.69323e+05
165.27500 5.81785e+05
165.32500 6.06328e+05
165.37500 6.49113e+05
165.42500 7.20039e+05
165.47500 8.30338e+05
165.52500 9.85102e+05
165.57500 1.17558e+06
165.62500 1.37804e+06
165.67500 1.55577e+06
165.72500 1.66847e+06
165.77500 1.69010e+06
165.82500 1.61927e+06
165.87500 1.47505e+06
165.92500 1.29131e+06
165.97500 1.10921e+06
166.02500 9.57655e+05
166.07500 8.48785e+05
166.12500 7.81762e+05
166.17500 7.49120e+05
166.22500 7.36543e+05
166.27500 7.32128e+05
166.32500 7.30361e+05
166.37500 7.29034e+05
166.42500 7.27706e+05
166.47500 7.27704e+05
166.52500 7.29470e+05
166.57500 7.30795e+05
166.62500 7.30351e+05
166.67500 7.27029e+05
166.72500 7.22819e+05
166.77500 7.25029e+05
166.82500 7.41860e+05
166.87500 7.74212e+05
166.92500 8.20769e+05
166.97500 8.73340e+05
167.02500 9.14853e+05
167.07500 9.31987e+05
167.12500 9.25165e+05
167.17500 8.99026e+05
167.22500 8.64211e+05
167.27500 8.35372e+05
167.32500 8.20958e+05
167.37500 8.18759e+05
167.42500 8.23005e+05
167.47500 8.28365e+05
167.52500 8.30615e+05
167.57500 8.29083e+05
167.62500 8.25324e+05
167.67500 8.22230e+05
167.72500 8.21139e+05
167.77500 8.21829e+05
167.82500 8.25640e+05
167.87500 8.33910e+05
167.92500 8.45085e+05
167.97500 8.58050e+05
168.02500 8.70799e+05
168.07500 8.79539e+05
168.12500 8.82480e+05
168.17500 8.81179e+05
168.22500 8.77420e+05
168.27500 8.75447e+05
168.32500 8.80848e+05
168.37500 8.98324e+05
168.42500 9.27441e+05
168.47500 9.66194e+05
168.52500 1.00945e+06
168.57500 1.04959e+06
168.62500 1.07834e+06
168.67500 1.09456e+06
168.72500 1.10004e+06
168.77500 1.09834e+06
168.82500 1.09710e+06
168.87500 1.10281e+06
168.92500 1.11659e+06
168.97500 1.13734e+06
169.02500 1.16192e+06
169.07500 1.18359e+06
169.12500 1.19966e+06
169.17500 1.20990e+06
169.22500 1.21700e+06
169.27500 1.22500e+06
169.32500 1.23750e+06
169.37500 1.25451e+06
169.42500 1.27580e+06
169.47500 1.29958e+06
169.52500 1.32360e+06
169.57500 1.34673e+06
169.62500 1.36718e+06
169.67500 1.38448e+06
169.72500 1.39705e+06
169.77500 1.40310e+06
169.82500 1.40351e+06
169.87500 1.40596e+06
169.92500 1.41517e+06
169.97500 1.43387e+06
170.02500 1.46432e+06
170.07500 1.50427e+06
170.12500 1.54357e+06
170.17500 1.57023e+06
170.22500 1.57906e+06
170.27500 1.56980e+06
170.32500 1.54538e+06
170.37500 1.51348e+06
170.42500 1.48247e+06
170.47500 1.45733e+06
170.52500 1.44009e+06
170.57500 1.43100e+06
170.62500 1.43301e+06
170.67500 1.44861e+06
170.72500 1.47624e+06
170.77500 1.51182e+06
170.82500 1.55014e+06
170.87500 1.58077e+06
170.92500 1.59372e+06
170.97500 1.58987e+06
171.02500 1.57103e+06
171.07500 1.54015e+06
171.12500 1.50606e+06
171.17500 1.47627e+06
171.22500 1.45010e+06
171.27500 1.42823e+06
171.32500 1.41341e+06
171.37500 1.40495e+06
171.42500 1.40513e+06
171.47500 1.41874e+06
171.52500 1.44968e+06
171.57500 1.49361e+06
171.62500 1.54350e+06
171.67500 1.59046e+06
171.72500 1.62695e+06
171.77500 1.64795e+06
171.82500 1.65550e+06
171.87500 1.65804e+06
171.92500 1.66194e+06
171.97500 1.66814e+06
172.02500 1.67159e+06
172.07500 1.66842e+06
172.12500 1.65428e+06
172.17500 1.62938e+06
172.22500 1.60173e+06
172.27500 1.58297e+06
172.32500 1.58206e+06
172.37500 1.60198e+06
172.42500 1.63633e+06
172.47500 1.67505e+06
172.52500 1.71035e+06
172.57500 1.73445e+06
172.62500 1.74229e+06
172.67500 1.73637e+06
172.72500 1.71945e+06
172.77500 1.69035e+06
172.82500 1.65091e+06
172.87500 1.60754e+06
172.92500 1.56599e+06
172.97500 1.53405e+06
173.02500 1.51910e+06
173.07500 1.52161e+06
173.12500 1.53860e+06
173.17500 1.56457e+06
173.22500 1.59193e+06
173.27500 1.61678e+06
173.32500 1.63934e+06
173.37500 1.65984e+06
173.42500 1.67875e+06
173.47500 1.69697e+06
173.52500 1.71335e+06
173.57500 1.72652e+06
173.62500 1.73486e+06
173.67500 1.74159e+06
173.72500 1.74878e+06
173.77500 1.75920e+06
173.82500 1.77471e+06
173.87500 1.79716e+06
173.92500 1.82515e+06
173.97500 1.85756e+06
174.02500 1.89368e+06
174.07500 1.93236e+06
174.12500 1.97176e+06
174.17500 2.01141e+06
174.22500 2.04900e+06
174.27500 2.08268e+06
174.32500 2.11222e+06
174.37500 2.13667e+06
174.42500 2.15326e+06
174.47500 2.16037e+06
174.52500 2.15496e+06
174.57500 2.13611e+06
174.62500 2.10542e+06
174.67500 2.07030e+06
174.72500 2.03702e+06
174.77500 2.01648e+06
174.82500 2.01544e+06
174.87500 2.03807e+06
174.92500 2.08163e+06
174.97500 2.14030e+06
175.02500 2.20576e+06
175.07500 2.26939e+06
175.12500 2.32259e+06
175.17500 2.36326e+06
175.22500 2.39884e+06
175.27500 2.42978e+06
175.32500 2.46306e+06
175.37500 2.50102e+06
175.42500 2.53668e+06
175.47500 2.56536e+06
175.52500 2.58474e+06
175.57500 2.59480e+06
175.62500 2.60253e+06
175.67500 2.61494e+06
175.72500 2.62968e+06
175.77500 2.65144e+06
175.82500 2.67554e+06
175.87500 2.69732e+06
175.92500 2.71911e+06
175.97500 2.73624e+06
176.02500 2.75571e+06
176.07500 2.77052e+06
176.12500 2.77599e+06
176.17500 2.76508e+06
176.22500 2.74012e+06
176.27500 2.70111e+06
176.32500 2.65037e+06
176.37500 2.59960e+06
176.42500 2.55582e+06
176.47500 2.52843e+06
176.52500 2.53149e+06
176.57500 2.57675e+06
176.62500 2.65722e+06
176.67500 2.75885e+06
176.72500 2.86288e+06
176.77500 2.94115e+06
176.82500 2.98894e+06
176.87500 3.01328e+06
176.92500 3.03527e+06
176.97500 3.07608e+06
177.02500 3.14746e+06
177.07500 3.25416e+06
177.12500 3.37973e+06
177.17500 3.49832e+06
177.22500 3.58402e+06
177.27500 3.61328e+06
177.32500 3.57192e+06
177.37500 3.46223e+06
177.42500 3.31242e+06
177.47500 3.15311e+06
177.52500 3.02435e+06
177.57500 2.94739e+06
177.62500 2.93643e+06
177.67500 2.98208e+06
177.72500 3.06787e+06
177.77500 3.17968e+06
177.82500 3.29864e+06
177.87500 3.41766e+06
177.92500 3.52021e+06
177.97500 3.59683e+06
178.02500 3.64039e+06
178.07500 3.64614e+06
178.12500 3.62351e+06
178.17500 3.58667e+06
178.22500 3.54981e+06
178.27500 3.53424e+06
178.32500 3.53760e+06
178.37500 3.55991e+06
178.42500 3.59407e+06
178.47500 3.62826e+06
178.52500 3.65061e+06
178.57500 3.66349e+06
178.62500 3.66926e+06
178.67500 3.67740e+06
178.72500 3.69267e+06
178.77500 3.72219e+06
178.82500 3.76597e+06
178.87500 3.82403e+06
178.92500 3.88212e+06
178.97500 3.93073e+06
179.02500 3.95798e+06
179.07500 3.95195e+06
179.12500 3.90311e+06
179.17500 3.81379e+06
179.22500 3.69348e+06
179.27500 3.56121e+06
179.32500 3.44076e+06
179.37500 3.35121e+06
179.42500 3.31164e+06
179.47500 3.31495e+06
179.52500 3.34925e+06
179.57500 3.40264e+06
179.62500 3.45606e+06
179.67500 3.50473e+06
179.72500 3.54867e+06
179.77500 3.59262e+06
179.82500 3.64615e+06
179.87500 3.71165e+06
179.92500 3.78914e+06
179.97500 3.87861e+06
180.02500 3.97292e+06
180.07500 4.05532e+06
180.12500 4.12581e+06
180.17500 4.17958e+06
180.22500 4.21425e+06
180.27500 4.23696e+06
180.32500 4.25729e+06
180.37500 4.28003e+06
180.42500 4.30757e+06
180.47500 4.34710e+06
180.52500 4.41063e+06
180.57500 4.50776e+06
180.62500 4.64572e+06
180.67500 4.81254e+06
180.72500 4.98906e+06
180.77500 5.13446e+06
180.82500 5.21752e+06
180.87500 5.21896e+06
180.92500 5.13872e+06
180.97500 5.00317e+06
181.02500 4.83869e+06
181.07500 4.67894e+06
181.12500 4.54073e+06
181.17500 4.42892e+06
181.22500 4.34832e+06
181.27500 4.30379e+06
181.32500 4.32665e+06
181.37500 4.45548e+06
181.42500 4.72652e+06
181.47500 5.15675e+06
181.52500 5.71738e+06
181.57500 6.32653e+06
181.62500 6.87331e+06
181.67500 7.24912e+06
181.72500 7.37901e+06
181.77500 7.24587e+06
181.82500 6.90744e+06
181.87500 6.45290e+06
181.92500 5.98845e+06
181.97500 5.59624e+06
182.02500 5.33190e+06
182.07500 5.20765e+06
182.12500 5.20424e+06
182.17500 5.28792e+06
182.22500 5.42003e+06
182.27500 5.55948e+06
182.32500 5.67479e+06
182.37500 5.74657e+06
182.42500 5.76026e+06
182.47500 5.71822e+06
182.52500 5.63011e+06
182.57500 5.51771e+06
182.62500 5.40283e+06
182.67500 5.30486e+06
182.72500 5.23595e+06
182.77500 5.20097e+06
182.82500 5.19511e+06
182.87500 5.21110e+06
182.92500 5.23925e+06
182.97500 5.27955e+06
183.02500 5.32231e+06
183.07500 5.37238e+06
183.12500 5.42735e+06
183.17500 5.48720e+06
183.22500 5.55196e+06
183.27500 5.62161e+06
183.32500 5.69131e+06
183.37500 5.75860e+06
183.42500 5.81863e+06
183.47500 5.85919e+06
183.52500 5.88272e+06
183.57500 5.88920e+06
183.62500 5.88836e+06
183.67500 5.88997e+06
183.72500 5.90133e+06
183.77500 5.92002e+06
183.82500 5.93627e+06
183.87500 5.93056e+06
183.92500 5.88577e+06
183.97500 5.79454e+06
184.02500 5.65684e+06
184.07500 5.49461e+06
184.12500 5.33963e+06
184.17500 5.21880e+06
184.22500 5.15172e+06
184.27500 5.13844e+06
184.32500 5.16431e+06
184.37500 5.20244e+06
184.42500 5.22589e+06
184.47500 5.21261e+06
184.52500 5.15766e+06
184.57500 5.06593e+06
184.62500 4.94718e+06
184.67500 4.82345e+06
184.72500 4.71929e+06
184.77500 4.65187e+06
184.82500 4.63349e+06
184.87500 4.66420e+06
184.92500 4.72685e+06
184.97500 4.79199e+06
185.02500 4.83505e+06
185.07500 4.84619e+06
185.12500 4.84012e+06
185.17500 4.84389e+06
185.22500 4.90177e+06
185.27500 5.03594e+06
185.32500 5.25385e+06
185.37500 5.53834e+06
185.42500 5.84760e+06
185.47500 6.12994e+06
185.52500 6.34837e+06
185.57500 6.47329e+06
185.62500 6.50215e+06
185.67500 6.45706e+06
185.72500 6.36015e+06
185.77500 6.23852e+06
185.82500 6.12176e+06
185.87500 6.02962e+06
185.92500 5.96953e+06
185.97500 5.95384e+06
186.02500 5.97768e+06
186.07500 6.03364e+06
186.12500 6.11188e+06
186.17500 6.19263e+06
186.22500 6.26353e+06
186.27500 6.30973e+06
186.32500 6.32379e+06
186.37500 6.31559e+06
186.42500 6.30243e+06
186.47500 6.31650e+06
186.52500 6.37764e+06
186.57500 6.50074e+06
186.62500 6.68586e+06
186.67500 6.91074e+06
186.72500 7.14814e+06
186.77500 7.37078e+06
186.82500 7.55880e+06
186.87500 7.70475e+06
186.92500 7.80858e+06
186.97500 7.87770e+06
187.02500 7.91706e+06
187.07500 7.93159e+06
187.12500 7.92377e+06
187.17500 7.90104e+06
187.22500 7.87083e+06
187.27500 7.84309e+06
187.32500 7.81782e+06
187.37500 7.80249e+06
187.42500 7.78715e+06
187.47500 7.77181e+06
187.52500 7.74649e+06
187.57500 7.71617e+06
187.62500 7.67837e+06
187.67500 7.63805e+06
187.72500 7.59522e+06
187.77500 7.54987e+06
187.82500 7.50200e+06
187.87500 7.44911e+06
187.92500 7.39370e+06
187.97500 7.34325e+06
188.02500 7.31525e+06
188.07500 7.31719e+06
188.12500 7.36910e+06
188.17500 7.47600e+06
188.22500 7.63544e+06
188.27500 7.82747e+06
188.32500 8.02710e+06
188.37500 8.20933e+06
188.42500 8.35662e+06
188.47500 8.45644e+06
188.52500 8.51626e+06
188.57500 8.54356e+06
188.62500 8.54582e+06
188.67500 8.54057e+06
188.72500 8.54033e+06
188.77500 8.55011e+06
188.82500 8.58497e+06
188.87500 8.65747e+06
188.92500 8.76763e+06
188.97500 8.91047e+06
189.02500 9.07849e+06
189.07500 9.25412e+06
189.12500 9.40976e+06
189.17500 9.52779e+06
189.22500 9.60318e+06
189.27500 9.63839e+06
189.32500 9.64093e+06
189.37500 9.62588e+06
189.42500 9.60830e+06
189.47500 9.58819e+06
189.52500 9.55800e+06
189.57500 9.50514e+06
189.62500 9.41952e+06
189.67500 9.29356e+06
189.72500 9.13730e+06
189.77500 8.96331e+06
189.82500 8.79932e+06
189.87500 8.66801e+06
189.92500 8.58959e+06
189.97500 8.56410e+06
190.02500 8.59411e+06
190.07500 8.67209e+06
190.12500 8.79050e+06
190.17500 8.94433e+06
190.22500 9.13107e+06
190.27500 9.33054e+06
190.32500 9.51748e+06
190.37500 9.67165e+06
190.42500 9.77533e+06
190.47500 9.82848e+06
190.52500 9.84877e+06
190.57500 9.87160e+06
190.62500 9.91975e+06
190.67500 1.00059e+07
190.72500 1.01276e+07
190.77500 1.02619e+07
190.82500 1.03736e+07
190.87500 1.04371e+07
190.92500 1.04424e+07
190.97500 1.03893e+07
191.02500 1.03008e+07
191.07500 1.02146e+07
191.12500 1.01539e+07
191.17500 1.01388e+07
191.22500 1.01744e+07
191.27500 1.02685e+07
191.32500 1.04058e+07
191.37500 1.05763e+07
191.42500 1.07671e+07
191.47500 1.09454e+07
191.52500 1.10856e+07
191.57500 1.11597e+07
191.62500 1.11651e+07
191.67500 1.11095e+07
191.72500 1.10310e+07
191.77500 1.09676e+07
191.82500 1.09552e+07
191.87500 1.10167e+07
191.92500 1.11469e+07
191.97500 1.13283e+07
192.02500 1.15199e+07
192.07500 1.16887e+07
192.12500 1.17989e+07
192.17500 1.18402e+07
192.22500 1.18127e+07
192.27500 1.17341e+07
192.32500 1.16299e+07
192.37500 1.15179e+07
192.42500 1.14187e+07
192.47500 1.13374e+07
192.52500 1.12815e+07
192.57500 1.12486e+07
192.62500 1.12464e+07
192.67500 1.12596e+07
192.72500 1.12779e+07
192.77500 1.12680e+07
192.82500 1.11941e+07
192.87500 1.10177e+07
192.92500 1.07234e+07
192.97500 1.03137e+07
193.02500 9.82166e+06
193.07500 9.30889e+06
193.12500 8.84202e+06
193.17500 8.47494e+06
193.22500 8.23596e+06
193.27500 8.12003e+06
193.32500 8.08876e+06
193.37500 8.08829e+06
193.42500 8.06983e+06
193.47500 8.01283e+06
193.52500 7.92753e+06
193.57500 7.86018e+06
193.62500 7.87764e+06
193.67500 8.03911e+06
193.72500 8.37302e+06
193.77500 8.87178e+06
193.82500 9.49690e+06
193.87500 1.01867e+07
193.92500 1.08820e+07
193.97500 1.15390e+07
194.02500 1.21526e+07
194.07500 1.27278e+07
194.12500 1.32673e+07
194.17500 1.37657e+07
194.22500 1.42025e+07
194.27500 1.45390e+07
194.32500 1.47440e+07
194.37500 1.48046e+07
194.42500 1.47464e+07
194.47500 1.46211e+07
194.52500 1.44879e+07
194.57500 1.44116e+07
194.62500 1.44359e+07
194.67500 1.45637e+07
194.72500 1.47588e+07
194.77500 1.49643e+07
194.82500 1.51027e+07
194.87500 1.51143e+07
194.92500 1.49733e+07
194.97500 1.47001e+07
195.02500 1.43439e+07
195.07500 1.39798e+07
195.12500 1.36802e+07
195.17500 1.35075e+07
195.22500 1.34798e+07
195.27500 1.35844e+07
195.32500 1.37694e+07
195.37500 1.39831e+07
195.42500 1.41761e+07
195.47500 1.43147e+07
195.52500 1.43989e+07
195.57500 1.44389e+07
195.62500 1.44608e+07
195.67500 1.44852e+07
195.72500 1.45279e+07
195.77500 1.45914e+07
195.82500 1.46680e+07
195.87500 1.47367e+07
195.92500 1.47613e+07
195.97500 1.47286e+07
196.02500 1.46335e+07
196.07500 1.44940e+07
196.12500 1.43571e+07
196.17500 1.42644e+07
196.22500 1.42654e+07
196.27500 1.43863e+07
196.32500 1.46298e+07
196.37500 1.49803e+07
196.42500 1.54067e+07
196.47500 1.58776e+07
196.52500 1.63409e+07
196.57500 1.67705e+07
196.62500 1.71482e+07
196.67500 1.74607e+07
196.72500 1.76924e+07
196.77500 1.78406e+07
196.82500 1.79026e+07
196.87500 1.78680e+07
196.92500 1.77417e+07
196.97500 1.75475e+07
197.02500 1.73139e+07
197.07500 1.70749e+07
197.12500 1.68672e+07
197.17500 1.67091e+07
197.22500 1.66008e+07
197.27500 1.65316e+07
197.32500 1.64782e+07
197.37500 1.64273e+07
197.42500 1.63764e+07
197.47500 1.63203e+07
197.52500 1.62667e+07
197.57500 1.62184e+07
197.62500 1.61752e+07
197.67500 1.61373e+07
197.72500 1.61020e+07
197.77500 1.60719e+07
197.82500 1.60550e+07
197.87500 1.60696e+07
197.92500 1.61341e+07
197.97500 1.62643e+07
198.02500 1.64630e+07
198.07500 1.67144e+07
198.12500 1.69685e+07
198.17500 1.71833e+07
198.22500 1.73219e+07
198.27500 1.73737e+07
198.32500 1.73438e+07
198.37500 1.72665e+07
198.42500 1.71550e+07
198.47500 1.70170e+07
198.52500 1.68420e+07
198.57500 1.66327e+07
198.62500 1.63889e+07
198.67500 1.61345e+07
198.72500 1.59064e+07
198.77500 1.57335e+07
198.82500 1.56425e+07
198.87500 1.56385e+07
198.92500 1.57164e+07
198.97500 1.58815e+07
199.02500 1.61260e+07
199.07500 1.64446e+07
199.12500 1.68242e+07
199.17500 1.72463e+07
199.22500 1.76738e+07
199.27500 1.80567e+07
199.32500 1.83523e+07
199.37500 1.85370e+07
199.42500 1.85972e+07
199.47500 1.85489e+07
199.52500 1.84317e+07
199.57500 1.82879e+07
199.62500 1.81573e+07
199.67500 1.80823e+07
199.72500 1.80762e+07
199.77500 1.81285e+07
199.82500 1.82286e+07
199.87500 1.83472e+07
199.92500 1.84607e+07
199.97500 1.85688e+07
200.02500 1.86850e+07
200.07500 1.88252e+07
200.12500 1.89867e+07
200.17500 1.91669e+07
200.22500 1.93471e+07
200.27500 1.94956e+07
200.32500 1.96148e+07
200.37500 1.97181e+07
200.42500 1.98215e+07
200.47500 1.99409e+07
200.52500 2.00711e+07
200.57500 2.01773e+07
200.62500 2.02462e+07
200.67500 2.02699e+07
200.72500 2.02617e+07
200.77500 2.02534e+07
200.82500 2.02771e+07
200.87500 2.03248e+07
200.92500 2.03886e+07
200.97500 2.04497e+07
201.02500 2.05082e+07
201.07500 2.05800e+07
201.12500 2.07053e+07
201.17500 2.09001e+07
201.22500 2.11511e+07
201.27500 2.14103e+07
201.32500 2.16268e+07
201.37500 2.17525e+07
201.42500 2.17820e+07
201.47500 2.17553e+07
201.52500 2.17366e+07
201.57500 2.17875e+07
201.62500 2.19535e+07
201.67500 2.22401e+07
201.72500 2.25992e+07
201.77500 2.29665e+07
201.82500 2.32697e+07
201.87500 2.34470e+07
201.92500 2.34689e+07
201.97500 2.33406e+07
202.02500 2.31050e+07
202.07500 2.28048e+07
202.12500 2.25152e+07
202.17500 2.23033e+07
202.22500 2.21961e+07
202.27500 2.21666e+07
202.32500 2.21479e+07
202.37500 2.20298e+07
202.42500 2.17288e+07
202.47500 2.12449e+07
202.52500 2.06746e+07
202.57500 2.01848e+07
202.62500 1.99530e+07
202.67500 2.00979e+07
202.72500 2.06116e+07
202.77500 2.13841e+07
202.82500 2.22727e+07
202.87500 2.31402e+07
202.92500 2.39058e+07
202.97500 2.45612e+07
203.02500 2.51226e+07
203.07500 2.55845e+07
203.12500 2.58983e+07
203.17500 2.60072e+07
203.22500 2.58571e+07
203.27500 2.54639e+07
203.32500 2.49221e+07
203.37500 2.43963e+07
203.42500 2.40511e+07
203.47500 2.39949e+07
203.52500 2.42629e+07
203.57500 2.47744e+07
203.62500 2.53753e+07
203.67500 2.59035e+07
203.72500 2.62291e+07
203.77500 2.62923e+07
203.82500 2.61256e+07
203.87500 2.58477e+07
203.92500 2.56185e+07
203.97500 2.55787e+07
204.02500 2.58207e+07
204.07500 2.63310e+07
204.12500 2.70070e+07
204.17500 2.76805e+07
204.22500 2.82296e+07
204.27500 2.85620e+07
204.32500 2.87047e+07
204.37500 2.87117e+07
204.42500 2.87187e+07
204.47500 2.87801e+07
204.52500 2.88957e+07
204.57500 2.90386e+07
204.62500 2.91001e+07
204.67500 2.90528e+07
204.72500 2.89512e+07
204.77500 2.87951e+07
204.82500 2.86933e+07
204.87500 2.86731e+07
204.92500 2.88162e+07
204.97500 2.90137e+07
205.02500 2.92931e+07
205.07500 2.95997e+07
205.12500 2.99066e+07
205.17500 3.01863e+07
205.22500 3.04117e+07
205.27500 3.05281e+07
205.32500 3.05083e+07
205.37500 3.02975e+07
205.42500 2.99776e+07
205.47500 2.96029e+07
205.52500 2.92553e+07
205.57500 2.89895e+07
205.62500 2.88327e+07
205.67500 2.87851e+07
205.72500 2.87921e+07
205.77500 2.88537e+07
205.82500 2.89701e+07
205.87500 2.91411e+07
205.92500 2.93123e+07
205.97500 2.94835e+07
206.02500 2.95454e+07
206.07500 2.94978e+07
206.12500 2.93407e+07
206.17500 2.91562e+07
206.22500 2.90264e+07
206.27500 2.90608e+07
206.32500 2.92870e+07
206.37500 2.96230e+07
206.42500 3.00413e+07
206.47500 3.04324e+07
206.52500 3.07688e+07
206.57500 3.10232e+07
206.62500 3.12502e+07
206.67500 3.14224e+07
206.72500 3.15947e+07
206.77500 3.17671e+07
206.82500 3.19121e+07
206.87500 3.20571e+07
206.92500 3.22297e+07
206.97500 3.24024e+07
207.02500 3.26027e+07
207.07500 3.28580e+07
207.12500 3.31685e+07
207.17500 3.34516e+07
207.22500 3.37898e+07
207.27500 3.41558e+07
207.32500 3.45770e+07
207.37500 3.50259e+07
207.42500 3.55301e+07
207.47500 3.60346e+07
207.52500 3.65668e+07
207.57500 3.70717e+07
207.62500 3.74942e+07
207.67500 3.77790e+07
207.72500 3.79260e+07
207.77500 3.79627e+07
207.82500 3.78891e+07
207.87500 3.77878e+07
207.92500 3.76864e+07
207.97500 3.75850e+07
208.02500 3.74560e+07
208.07500 3.72992e+07
208.12500 3.70594e+07
208.17500 3.67919e+07
208.22500 3.65796e+07
208.27500 3.64224e+07
208.32500 3.64311e+07
208.37500 3.66612e+07
208.42500 3.71682e+07
208.47500 3.80353e+07
208.52500 3.92627e+07
208.57500 4.08230e+07
208.62500 4.25781e+07
208.67500 4.43616e+07
208.72500 4.59797e+07
208.77500 4.72105e+07
208.82500 4.79428e+07
208.87500 4.82316e+07
208.92500 4.81599e+07
208.97500 4.80882e+07
209.02500 4.83495e+07
209.07500 4.91662e+07
209.12500 5.06497e+07
209.17500 5.26338e+07
209.22500 5.47856e+07
209.27500 5.67161e+07
209.32500 5.81750e+07
209.37500 5.91897e+07
209.42500 5.99547e+07
209.47500 6.08034e+07
209.52500 6.19864e+07
209.57500 6.35874e+07
209.62500 6.54119e+07
209.67500 6.72093e+07
209.72500 6.85342e+07
209.77500 6.91077e+07
209.82500 6.89012e+07
209.87500 6.82210e+07
209.92500 6.76518e+07
209.97500 6.78631e+07
210.02500 6.92179e+07
210.07500 7.16054e+07
210.12500 7.44684e+07
210.17500 7.68025e+07
210.22500 7.80769e+07
210.27500 7.82630e+07
210.32500 7.81140e+07
210.37500 7.86354e+07
210.42500 8.06938e+07
210.47500 8.43741e+07
210.52500 8.90626e+07
210.57500 9.34736e+07
210.62500 9.64044e+07
210.67500 9.69308e+07
210.72500 9.48273e+07
210.77500 9.04837e+07
210.82500 8.47664e+07
210.87500 7.88223e+07
210.92500 7.39957e+07
210.97500 7.14640e+07
211.02500 7.18452e+07
211.07500 7.51134e+07
211.12500 8.04857e+07
211.17500 8.65335e+07
211.22500 9.16866e+07
211.27500 9.47101e+07
211.32500 9.52376e+07
211.37500 9.38006e+07
211.42500 9.17173e+07
211.47500 9.06158e+07
211.52500 9.17607e+07
211.57500 9.55750e+07
211.62500 1.01414e+08
211.67500 1.08043e+08
211.72500 1.14142e+08
211.77500 1.18949e+08
211.82500 1.22409e+08
211.87500 1.25054e+08
211.92500 1.27363e+08
211.97500 1.29307e+08
212.02500 1.30126e+08
212.07500 1.28776e+08
212.12500 1.24272e+08
212.17500 1.16328e+08
212.22500 1.05450e+08
212.27500 9.28471e+07
212.32500 8.03229e+07
212.37500 6.96822e+07
212.42500 6.24777e+07
212.47500 5.97557e+07
212.52500 6.16887e+07
212.57500 6.75744e+07
212.62500 7.60038e+07
212.67500 8.52278e+07
212.72500 9.34676e+07
212.77500 9.93662e+07
212.82500 1.02187e+08
212.87500 1.02070e+08
212.92500 9.95776e+07
212.97500 9.57550e+07
213.02500 9.17042e+07
213.07500 8.84438e+07
213.12500 8.63703e+07
213.17500 8.55131e+07
213.22500 8.54482e+07
213.27500 8.56099e+07
213.32500 8.55733e+07
213.37500 8.53383e+07
213.42500 8.53300e+07
213.47500 8.61720e+07
213.52500 8.82053e+07
213.57500 9.12887e+07
213.62500 9.46005e+07
213.67500 9.70060e+07
213.72500 9.77382e+07
213.77500 9.69946e+07
213.82500 9.58816e+07
213.87500 9.61312e+07
213.92500 9.92499e+07
213.97500 1.05808e+08
214.02500 1.14898e+08
214.07500 1.24931e+08
214.12500 1.34030e+08
214.17500 1.40830e+08
214.22500 1.44646e+08
214.27500 1.45533e+08
214.32500 1.43831e+08
214.37500 1.40022e+08
214.42500 1.34503e+08
214.47500 1.27955e+08
214.52500 1.21177e+08
214.57500 1.15137e+08
214.62500 1.10746e+08
214.67500 1.08634e+08
214.72500 1.08859e+08
214.77500 1.10995e+08
214.82500 1.14130e+08
214.87500 1.17095e+08
214.92500 1.18863e+08
214.97500 1.18834e+08
215.02500 1.17148e+08
215.07500 1.14634e+08
215.12500 1.12490e+08
215.17500 1.11801e+08
215.22500 1.13199e+08
215.27500 1.16484e+08
215.32500 1.20686e+08
215.37500 1.24460e+08
215.42500 1.26577e+08
215.47500 1.26149e+08
215.52500 1.22858e+08
215.57500 1.16933e+08
215.62500 1.09000e+08
215.67500 9.99473e+07
215.72500 9.08327e+07
215.77500 8.27454e+07
215.82500 7.69183e+07
215.87500 7.43563e+07
215.92500 7.55204e+07
215.97500 8.02698e+07
216.02500 8.77751e+07
216.07500 9.66323e+07
216.12500 1.05178e+08
216.17500 1.12120e+08
216.22500 1.16769e+08
216.27500 1.18949e+08
216.32500 1.18919e+08
216.37500 1.17079e+08
216.42500 1.13629e+08
216.47500 1.08596e+08
216.52500 1.02181e+08
216.57500 9.47854e+07
216.62500 8.72710e+07
216.67500 8.07026e+07
216.72500 7.60880e+07
216.77500 7.39179e+07
216.82500 7.41941e+07
216.87500 7.63422e+07
216.92500 7.97875e+07
216.97500 8.39547e+07
217.02500 8.84984e+07
217.07500 9.32459e+07
217.12500 9.79091e+07
217.17500 1.01969e+08
217.22500 1.04675e+08
217.27500 1.05420e+08
217.32500 1.04002e+08
217.37500 1.00706e+08
217.42500 9.63988e+07
217.47500 9.20894e+07
217.52500 8.86734e+07
217.57500 8.64692e+07
217.62500 8.55644e+07
217.67500 8.58731e+07
217.72500 8.76274e+07
217.77500 9.13489e+07
217.82500 9.76463e+07
217.87500 1.06724e+08
217.92500 1.18207e+08
217.97500 1.30883e+08
218.02500 1.43362e+08
218.07500 1.54137e+08
218.12500 1.62051e+08
218.17500 1.66433e+08
218.22500 1.67138e+08
218.27500 1.64597e+08
218.32500 1.59706e+08
218.37500 1.53538e+08
218.42500 1.46989e+08
218.47500 1.40611e+08
218.52500 1.34463e+08
218.57500 1.28399e+08
218.62500 1.22448e+08
218.67500 1.17221e+08
218.72500 1.13356e+08
218.77500 1.11464e+08
218.82500 1.11780e+08
218.87500 1.13927e+08
218.92500 1.17064e+08
218.97500 1.20405e+08
219.02500 1.23690e+08
219.07500 1.27180e+08
219.12500 1.31428e+08
219.17500 1.36987e+08
219.22500 1.43685e+08
219.27500 1.50618e+08
219.32500 1.56186e+08
219.37500 1.58697e+08
219.42500 1.57277e+08
219.47500 1.52125e+08
219.52500 1.44873e+08
219.57500 1.37791e+08
219.62500 1.33273e+08
219.67500 1.32633e+08
219.72500 1.36018e+08
219.77500 1.42061e+08
219.82500 1.48544e+08
219.87500 1.53132e+08
219.92500 1.54160e+08
219.97500 1.51391e+08
220.02500 1.45874e+08
220.07500 1.40063e+08
220.12500 1.36471e+08
220.17500 1.37203e+08
220.22500 1.42732e+08
220.27500 1.52241e+08
220.32500 1.63568e+08
220.37500 1.74228e+08
220.42500 1.81994e+08
220.47500 1.85695e+08
220.52500 1.84976e+08
220.57500 1.80214e+08
220.62500 1.72257e+08
220.67500 1.62216e+08
220.72500 1.51145e+08
220.77500 1.39922e+08
220.82500 1.29339e+08
220.87500 1.19690e+08
220.92500 1.10829e+08
220.97500 1.02579e+08
221.02500 9.50894e+07
221.07500 8.88876e+07
221.12500 8.50319e+07
221.17500 8.46694e+07
221.22500 8.84192e+07
221.27500 9.58434e+07
221.32500 1.05534e+08
221.37500 1.15434e+08
221.42500 1.23428e+08
221.47500 1.27750e+08
221.52500 1.27514e+08
221.57500 1.23071e+08
221.62500 1.15624e+08
221.67500 1.07143e+08
221.72500 1.00042e+08
221.77500 9.64722e+07
221.82500 9.77605e+07
221.87500 1.04058e+08
221.92500 1.14336e+08
221.97500 1.26771e+08
222.02500 1.39182e+08
222.07500 1.49652e+08
222.12500 1.57088e+08
222.17500 1.61106e+08
222.22500 1.62146e+08
222.27500 1.61090e+08
222.32500 1.59001e+08
222.37500 1.56675e+08
222.42500 1.54406e+08
222.47500 1.52225e+08
222.52500 1.49896e+08
222.57500 1.47329e+08
222.62500 1.44790e+08
222.67500 1.42812e+08
222.72500 1.41986e+08
222.77500 1.42639e+08
222.82500 1.44447e+08
222.87500 1.46610e+08
222.92500 1.48419e+08
222.97500 1.49666e+08
223.02500 1.51151e+08
223.07500 1.54354e+08
223.12500 1.60847e+08
223.17500 1.71374e+08
223.22500 1.85373e+08
223.27500 2.01098e+08
223.32500 2.16178e+08
223.37500 2.28565e+08
223.42500 2.37101e+08
223.47500 2.41457e+08
223.52500 2.41837e+08
223.57500 2.38774e+08
223.62500 2.32948e+08
223.67500 2.25011e+08
223.72500 2.16119e+08
223.77500 2.07610e+08
223.82500 2.00702e+08
223.87500 1.95990e+08
223.92500 1.93298e+08
223.97500 1.91617e+08
224.02500 1.89696e+08
224.07500 1.86525e+08
224.12500 1.81805e+08
224.17500 1.75803e+08
224.22500 1.69322e+08
224.27500 1.63314e+08
224.32500 1.58734e+08
224.37500 1.56296e+08
224.42500 1.56569e+08
224.47500 1.59883e+08
224.52500 1.66030e+08
224.57500 1.74506e+08
224.62500 1.84179e+08
224.67500 1.93588e+08
224.72500 2.01091e+08
224.77500 2.05344e+08
224.82500 2.05539e+08
224.87500 2.01822e+08
224.92500 1.95088e+08
224.97500 1.86976e+08
225.02500 1.79129e+08
225.07500 1.72863e+08
225.12500 1.68746e+08
225.17500 1.66511e+08
225.22500 1.65412e+08
225.27500 1.64581e+08
225.32500 1.63451e+08
225.37500 1.61841e+08
225.42500 1.59901e+08
225.47500 1.57931e+08
225.52500 1.56259e+08
225.57500 1.55095e+08
225.62500 1.54590e+08
225.67500 1.54924e+08
225.72500 1.55948e+08
225.77500 1.57331e+08
225.82500 1.58446e+08
225.87500 1.58511e+08
225.92500 1.56956e+08
225.97500 1.53900e+08
226.02500 1.49972e+08
226.07500 1.46103e+08
226.12500 1.43193e+08
226.17500 1.41513e+08
226.22500 1.40523e+08
226.27500 1.39292e+08
226.32500 1.36918e+08
226.37500 1.32801e+08
226.42500 1.27147e+08
226.47500 1.20650e+08
226.52500 1.14240e+08
226.57500 1.08639e+08
226.62500 1.04269e+08
226.67500 1.01072e+08
226.72500 9.87760e+07
226.77500 9.69609e+07
226.82500 9.54161e+07
226.87500 9.40514e+07
226.92500 9.29874e+07
226.97500 9.24352e+07
227.02500 9.26365e+07
227.07500 9.36820e+07
227.12500 9.54519e+07
227.17500 9.77353e+07
227.22500 1.00231e+08
227.27500 1.02637e+08
227.32500 1.04742e+08
227.37500 1.06577e+08
227.42500 1.08201e+08
227.47500 1.09916e+08
227.52500 1.12085e+08
227.57500 1.14950e+08
227.62500 1.18633e+08
227.67500 1.23073e+08
227.72500 1.27938e+08
227.77500 1.32835e+08
227.82500 1.37463e+08
227.87500 1.41911e+08
227.92500 1.46572e+08
227.97500 1.52023e+08
228.02500 1.58506e+08
228.07500 1.65900e+08
228.12500 1.73357e+08
228.17500 1.79758e+08
228.22500 1.84282e+08
228.27500 1.86717e+08
228.32500 1.87425e+08
228.37500 1.87284e+08
228.42500 1.86719e+08
228.47500 1.85728e+08
228.52500 1.83614e+08
228.57500 1.79830e+08
228.62500 1.74162e+08
228.67500 1.67277e+08
228.72500 1.60329e+08
228.77500 1.54470e+08
228.82500 1.50341e+08
228.87500 1.47791e+08
228.92500 1.46212e+08
228.97500 1.44998e+08
229.02500 1.43843e+08
229.07500 1.42932e+08
229.12500 1.42811e+08
229.17500 1.43877e+08
229.22500 1.46191e+08
229.27500 1.49632e+08
229.32500 1.53837e+08
229.37500 1.58469e+08
229.42500 1.63165e+08
229.47500 1.67406e+08
229.52500 1.70337e+08
229.57500 1.70893e+08
229.62500 1.68155e+08
229.67500 1.61726e+08
229.72500 1.52153e+08
229.77500 1.40958e+08
229.82500 1.30216e+08
229.87500 1.21790e+08
229.92500 1.16931e+08
229.97500 1.15888e+08
230.02500 1.18112e+08
230.07500 1.22537e+08
230.12500 1.27972e+08
230.17500 1.33440e+08
230.22500 1.38300e+08
230.27500 1.42519e+08
230.32500 1.46831e+08
230.37500 1.52278e+08
230.42500 1.60082e+08
230.47500 1.71012e+08
230.52500 1.84640e+08
230.57500 1.99406e+08
230.62500 2.13077e+08
230.67500 2.23231e+08
230.72500 2.27936e+08
230.77500 2.26361e+08
230.82500 2.18840e+08
230.87500 2.06533e+08
230.92500 1.90970e+08
230.97500 1.73928e+08
231.02500 1.56971e+08
231.07500 1.41357e+08
231.12500 1.28099e+08
231.17500 1.18027e+08
231.22500 1.11943e+08
231.27500 1.10340e+08
231.32500 1.13619e+08
231.37500 1.21478e+08
231.42500 1.32967e+08
231.47500 1.46243e+08
231.52500 1.59248e+08
231.57500 1.70167e+08
231.62500 1.77739e+08
231.67500 1.81685e+08
231.72500 1.82401e+08
231.77500 1.80255e+08
231.82500 1.75646e+08
231.87500 1.68848e+08
231.92500 1.60385e+08
231.97500 1.51487e+08
232.02500 1.44187e+08
232.07500 1.41013e+08
232.12500 1.43910e+08
232.17500 1.53560e+08
232.22500 1.68764e+08
232.27500 1.86381e+08
232.32500 2.02215e+08
232.37500 2.12256e+08
232.42500 2.14092e+08
232.47500 2.07316e+08
232.52500 1.93930e+08
232.57500 1.77449e+08
232.62500 1.61858e+08
232.67500 1.50276e+08
232.72500 1.44560e+08
232.77500 1.44777e+08
232.82500 1.49383e+08
232.87500 1.56033e+08
232.92500 1.62036e+08
232.97500 1.65257e+08
233.02500 1.64395e+08
233.07500 1.59571e+08
233.12500 1.51743e+08
233.17500 1.42796e+08
233.22500 1.34620e+08
233.27500 1.29228e+08
233.32500 1.27676e+08
233.37500 1.30306e+08
233.42500 1.36471e+08
233.47500 1.44654e+08
233.52500 1.52716e+08
233.57500 1.58425e+08
233.62500 1.59979e+08
233.67500 1.56538e+08
233.72500 1.48688e+08
233.77500 1.38104e+08
233.82500 1.27205e+08
233.87500 1.18474e+08
233.92500 1.13747e+08
233.97500 1.13585e+08
234.02500 1.17494e+08
234.07500 1.23828e+08
234.12500 1.30321e+08
234.17500 1.34827e+08
234.22500 1.35664e+08
234.27500 1.32209e+08
234.32500 1.25050e+08
234.37500 1.15709e+08
234.42500 1.06239e+08
234.47500 9.84474e+07
234.52500 9.35169e+07
234.57500 9.14811e+07
234.62500 9.17187e+07
234.67500 9.32651e+07
234.72500 9.53421e+07
234.77500 9.78563e+07
234.82500 1.01182e+08
234.87500 1.06069e+08
234.92500 1.13142e+08
234.97500 1.22526e+08
235.02500 1.33849e+08
235.07500 1.46332e+08
235.12500 1.58852e+08
235.17500 1.70564e+08
235.22500 1.80471e+08
235.27500 1.87726e+08
235.32500 1.91828e+08
235.37500 1.92869e+08
235.42500 1.91503e+08
235.47500 1.89261e+08
235.52500 1.87706e+08
235.57500 1.87902e+08
235.62500 1.89851e+08
235.67500 1.92332e+08
235.72500 1.93218e+08
235.77500 1.90473e+08
235.82500 1.83186e+08
235.87500 1.71824e+08
235.92500 1.58296e+08
235.97500 1.45388e+08
236.02500 1.35986e+08
236.07500 1.31751e+08
236.12500 1.33033e+08
236.17500 1.38706e+08
236.22500 1.46515e+08
236.27500 1.53919e+08
236.32500 1.58784e+08
236.37500 1.60104e+08
236.42500 1.57846e+08
236.47500 1.53075e+08
236.52500 1.47298e+08
236.57500 1.41863e+08
236.62500 1.37902e+08
236.67500 1.36077e+08
236.72500 1.36578e+08
236.77500 1.39405e+08
236.82500 1.44528e+08
236.87500 1.51604e+08
236.92500 1.60288e+08
236.97500 1.70013e+08
237.02500 1.79869e+08
237.07500 1.88501e+08
237.12500 1.94334e+08
237.17500 1.96013e+08
237.22500 1.92715e+08
237.27500 1.84911e+08
237.32500 1.74141e+08
237.37500 1.62925e+08
237.42500 1.53974e+08
237.47500 1.49497e+08
237.52500 1.50317e+08
237.57500 1.55964e+08
237.62500 1.64548e+08
237.67500 1.73482e+08
237.72500 1.80021e+08
237.77500 1.82459e+08
237.82500 1.79781e+08
237.87500 1.72396e+08
237.92500 1.61375e+08
237.97500 1.48232e+08
238.02500 1.34262e+08
238.07500 1.20633e+08
238.12500 1.08138e+08
238.17500 9.74708e+07
238.22500 8.93933e+07
238.27500 8.46346e+07
238.32500 8.38296e+07
238.37500 8.72973e+07
238.42500 9.48821e+07
238.47500 1.05827e+08
238.52500 1.18644e+08
238.57500 1.31531e+08
238.62500 1.42332e+08
238.67500 1.49365e+08
238.72500 1.51742e+08
238.77500 1.49904e+08
238.82500 1.45559e+08
238.87500 1.41275e+08
238.92500 1.39497e+08
238.97500 1.41842e+08
239.02500 1.48410e+08
239.07500 1.57870e+08
239.12500 1.68127e+08
239.17500 1.76895e+08
239.22500 1.82428e+08
239.27500 1.83705e+08
239.32500 1.80375e+08
239.37500 1.72784e+08
239.42500 1.61661e+08
239.47500 1.48467e+08
239.52500 1.34981e+08
239.57500 1.23270e+08
239.62500 1.14992e+08
239.67500 1.10878e+08
239.72500 1.10679e+08
239.77500 1.13185e+08
239.82500 1.17062e+08
239.87500 1.21227e+08
239.92500 1.25362e+08
239.97500 1.29658e+08
240.02500 1.34561e+08
240.07500 1.40136e+08
240.12500 1.45745e+08
240.17500 1.50272e+08
240.22500 1.52473e+08
240.27500 1.51356e+08
240.32500 1.46632e+08
240.37500 1.38939e+08
240.42500 1.29518e+08
240.47500 1.20061e+08
240.52500 1.12134e+08
240.57500 1.07174e+08
240.62500 1.05886e+08
240.67500 1.08305e+08
240.72500 1.13634e+08
240.77500 1.20435e+08
240.82500 1.26856e+08
240.87500 1.31264e+08
240.92500 1.32507e+08
240.97500 1.30582e+08
241.02500 1.26321e+08
241.07500 1.21257e+08
241.12500 1.16928e+08
241.17500 1.14647e+08
241.22500 1.14991e+08
241.27500 1.18026e+08
241.32500 1.23466e+08
241.37500 1.30927e+08
241.42500 1.39866e+08
241.47500 1.49739e+08
241.52500 1.60033e+08
241.57500 1.70234e+08
241.62500 1.79863e+08
241.67500 1.88725e+08
241.72500 1.96852e+08
241.77500 2.04245e+08
241.82500 2.11191e+08
241.87500 2.17915e+08
241.92500 2.24674e+08
241.97500 2.31467e+08
242.02500 2.38168e+08
242.07500 2.44260e+08
242.12500 2.48972e+08
242.17500 2.51307e+08
242.22500 2.50747e+08
242.27500 2.47132e+08
242.32500 2.41327e+08
242.37500 2.34747e+08
242.42500 2.29290e+08
242.47500 2.26569e+08
242.52500 2.27421e+08
242.57500 2.31719e+08
242.62500 2.38210e+08
242.67500 2.45026e+08
242.72500 2.50266e+08
242.77500 2.52767e+08
242.82500 2.52207e+08
242.87500 2.49518e+08
242.92500 2.46021e+08
242.97500 2.42942e+08
243.02500 2.40830e+08
243.07500 2.39459e+08
243.12500 2.38023e+08
243.17500 2.35747e+08
243.22500 2.32146e+08
243.27500 2.27413e+08
243.32500 2.21935e+08
243.37500 2.16196e+08
243.42500 2.10487e+08
243.47500 2.05261e+08
243.52500 2.01067e+08
243.57500 1.98585e+08
243.62500 1.98367e+08
243.67500 2.00576e+08
243.72500 2.04500e+08
243.77500 2.08880e+08
243.82500 2.12322e+08
243.87500 2.14050e+08
243.92500 2.14223e+08
243.97500 2.13975e+08
244.02500 2.14700e+08
244.07500 2.17531e+08
244.12500 2.22503e+08
244.17500 2.28644e+08
244.22500 2.34236e+08
244.27500 2.37787e+08
244.32500 2.38355e+08
244.37500 2.35937e+08
244.42500 2.31215e+08
244.47500 2.25321e+08
244.52500 2.18971e+08
244.57500 2.12521e+08
244.62500 2.05970e+08
244.67500 1.99255e+08
244.72500 1.92406e+08
244.77500 1.85848e+08
244.82500 1.79969e+08
244.87500 1.75096e+08
244.92500 1.71164e+08
244.97500 1.67978e+08
245.02500 1.65020e+08
245.07500 1.62059e+08
245.12500 1.59033e+08
245.17500 1.56200e+08
245.22500 1.53855e+08
245.27500 1.52454e+08
245.32500 1.52126e+08
245.37500 1.52842e+08
245.42500 1.54372e+08
245.47500 1.56359e+08
245.52500 1.58542e+08
245.57500 1.60857e+08
245.62500 1.63206e+08
245.67500 1.65653e+08
245.72500 1.68036e+08
245.77500 1.70094e+08
245.82500 1.71336e+08
245.87500 1.71371e+08
245.92500 1.69871e+08
245.97500 1.66835e+08
246.02500 1.62557e+08
246.07500 1.57493e+08
246.12500 1.52263e+08
246.17500 1.47685e+08
246.22500 1.44511e+08
246.27500 1.43199e+08
246.32500 1.44046e+08
246.37500 1.46791e+08
246.42500 1.50976e+08
246.47500 1.55818e+08
246.52500 1.60727e+08
246.57500 1.65278e+08
246.62500 1.69339e+08
246.67500 1.72976e+08
246.72500 1.76320e+08
246.77500 1.79436e+08
246.82500 1.82324e+08
246.87500 1.84951e+08
246.92500 1.87218e+08
246.97500 1.89092e+08
247.02500 1.90344e+08
247.07500 1.90842e+08
247.12500 1.90355e+08
247.17500 1.88884e+08
247.22500 1.86756e+08
247.27500 1.84856e+08
247.32500 1.84040e+08
247.37500 1.85161e+08
247.42500 1.88385e+08
247.47500 1.93254e+08
247.52500 1.98683e+08
247.57500 2.03424e+08
247.62500 2.06359e+08
247.67500 2.06861e+08
247.72500 2.04666e+08
247.77500 2.00002e+08
247.82500 1.93659e+08
247.87500 1.86621e+08
247.92500 1.80075e+08
247.97500 1.75041e+08
248.02500 1.71980e+08
248.07500 1.70236e+08
248.12500 1.68689e+08
248.17500 1.65856e+08
248.22500 1.60846e+08
248.27500 1.53725e+08
248.32500 1.45809e+08
248.37500 1.38946e+08
248.42500 1.34916e+08
248.47500 1.34712e+08
248.52500 1.37974e+08
248.57500 1.43216e+08
248.62500 1.48428e+08
248.67500 1.51760e+08
248.72500 1.51857e+08
248.77500 1.48485e+08
248.82500 1.42204e+08
248.87500 1.34202e+08
248.92500 1.25768e+08
248.97500 1.18321e+08
249.02500 1.13054e+08
249.07500 1.10927e+08
249.12500 1.12670e+08
249.17500 1.18681e+08
249.22500 1.28898e+08
249.27500 1.42693e+08
249.32500 1.58911e+08
249.37500 1.76095e+08
249.42500 1.92789e+08
249.47500 2.07503e+08
249.52500 2.19307e+08
249.57500 2.27868e+08
249.62500 2.33449e+08
249.67500 2.36744e+08
249.72500 2.38649e+08
249.77500 2.39924e+08
249.82500 2.40801e+08
249.87500 2.40882e+08
249.92500 2.39371e+08
249.97500 2.35635e+08
250.02500 2.29573e+08
250.07500 2.21915e+08
250.12500 2.14288e+08
250.17500 2.08650e+08
250.22500 2.06266e+08
250.27500 2.07238e+08
250.32500 2.10437e+08
250.37500 2.13671e+08
250.42500 2.14511e+08
250.47500 2.11262e+08
250.52500 2.03852e+08
250.57500 1.93678e+08
250.62500 1.83201e+08
250.67500 1.75182e+08
250.72500 1.71788e+08
250.77500 1.73654e+08
250.82500 1.79850e+08
250.87500 1.88447e+08
250.92500 1.96914e+08
250.97500 2.03152e+08
251.02500 2.05992e+08
251.07500 2.05267e+08
251.12500 2.01539e+08
251.17500 1.95776e+08
251.22500 1.88643e+08
251.27500 1.80706e+08
251.32500 1.72233e+08
251.37500 1.63321e+08
251.42500 1.54206e+08
251.47500 1.45288e+08
251.52500 1.37134e+08
251.57500 1.30213e+08
251.62500 1.24927e+08
251.67500 1.21442e+08
251.72500 1.19829e+08
251.77500 1.19919e+08
251.82500 1.21582e+08
251.87500 1.24649e+08
251.92500 1.28956e+08
251.97500 1.34134e+08
252.02500 1.39515e+08
252.07500 1.44162e+08
252.12500 1.47170e+08
252.17500 1.47802e+08
252.22500 1.45788e+08
252.27500 1.41730e+08
252.32500 1.36733e+08
252.37500 1.32135e+08
252.42500 1.29245e+08
252.47500 1.28701e+08
252.52500 1.30336e+08
252.57500 1.33146e+08
252.62500 1.35755e+08
252.67500 1.36889e+08
252.72500 1.35876e+08
252.77500 1.33016e+08
252.82500 1.29484e+08
252.87500 1.26890e+08
252.92500 1.26714e+08
252.97500 1.30031e+08
253.02500 1.36978e+08
253.07500 1.46649e+08
253.12500 1.57669e+08
253.17500 1.68458e+08
253.22500 1.77536e+08
253.27500 1.84028e+08
253.32500 1.87731e+08
253.37500 1.88811e+08
253.42500 1.87839e+08
253.47500 1.85553e+08
253.52500 1.82628e+08
253.57500 1.79734e+08
253.62500 1.77379e+08
253.67500 1.76066e+08
253.72500 1.75932e+08
253.77500 1.76978e+08
253.82500 1.78934e+08
253.87500 1.81430e+08
253.92500 1.83961e+08
253.97500 1.86189e+08
254.02500 1.88148e+08
254.07500 1.90007e+08
254.12500 1.92272e+08
254.17500 1.95280e+08
254.22500 1.99166e+08
254.27500 2.03392e+08
254.32500 2.07214e+08
254.37500 2.09687e+08
254.42500 2.10134e+08
254.47500 2.08519e+08
254.52500 2.05214e+08
254.57500 2.00962e+08
254.62500 1.96471e+08
254.67500 1.92147e+08
254.72500 1.88227e+08
254.77500 1.85016e+08
254.82500 1.83158e+08
254.87500 1.83702e+08
254.92500 1.87867e+08
254.97500 1.96368e+08
255.02500 2.09105e+08
255.07500 2.24964e+08
255.12500 2.42115e+08
255.17500 2.58596e+08
255.22500 2.72813e+08
255.27500 2.84018e+08
255.32500 2.92143e+08
255.37500 2.97490e+08
255.42500 3.00261e+08
255.47500 3.00863e+08
255.52500 2.99666e+08
255.57500 2.97316e+08
255.62500 2.94726e+08
255.67500 2.93154e+08
255.72500 2.93687e+08
255.77500 2.97107e+08
255.82500 3.03279e+08
255.87500 3.11221e+08
255.92500 3.19268e+08
255.97500 3.25414e+08
256.02500 3.27654e+08
256.07500 3.24691e+08
256.12500 3.16423e+08
256.17500 3.03830e+08
256.22500 2.89226e+08
256.27500 2.75671e+08
256.32500 2.66535e+08
256.37500 2.64476e+08
256.42500 2.71065e+08
256.47500 2.86034e+08
256.52500 3.07584e+08
256.57500 3.32480e+08
256.62500 3.57454e+08
256.67500 3.80018e+08
256.72500 3.98500e+08
256.77500 4.13580e+08
256.82500 4.25596e+08
256.87500 4.36594e+08
256.92500 4.46913e+08
256.97500 4.57237e+08
257.02500 4.66199e+08
257.07500 4.74824e+08
257.12500 4.81745e+08
257.17500 4.88327e+08
257.22500 4.93887e+08
257.27500 4.98082e+08
257.32500 4.97837e+08
257.37500 4.90415e+08
257.42500 4.73761e+08
257.47500 4.47870e+08
257.52500 4.15472e+08
257.57500 3.81692e+08
257.62500 3.53716e+08
257.67500 3.36369e+08
257.72500 3.33799e+08
257.77500 3.46734e+08
257.82500 3.73504e+08
257.87500 4.10558e+08
257.92500 4.54475e+08
257.97500 4.99437e+08
258.02500 5.40648e+08
258.07500 5.73307e+08
258.12500 5.92612e+08
258.17500 5.96155e+08
258.22500 5.83584e+08
258.27500 5.56604e+08
258.32500 5.18981e+08
258.37500 4.74480e+08
258.42500 4.28247e+08
258.47500 3.84399e+08
258.52500 3.47742e+08
258.57500 3.23020e+08
258.62500 3.13776e+08
258.67500 3.22561e+08
258.72500 3.48699e+08
258.77500 3.88969e+08
258.82500 4.36128e+08
258.87500 4.82617e+08
258.92500 5.20186e+08
258.97500 5.42982e+08
259.02500 5.48246e+08
259.07500 5.37000e+08
259.12500 5.12674e+08
259.17500 4.80423e+08
259.22500 4.46439e+08
259.27500 4.15196e+08
259.32500 3.90484e+08
259.37500 3.74372e+08
259.42500 3.67210e+08
259.47500 3.65558e+08
259.52500 3.65629e+08
259.57500 3.62942e+08
259.62500 3.53359e+08
259.67500 3.34773e+08
259.72500 3.08144e+08
259.77500 2.76711e+08
259.82500 2.45230e+08
259.87500 2.18983e+08
259.92500 2.02631e+08
259.97500 1.99287e+08
260.02500 2.09718e+08
260.07500 2.32516e+08
260.12500 2.64234e+08
260.17500 3.00180e+08
260.22500 3.35309e+08
260.27500 3.64957e+08
260.32500 3.85768e+08
260.37500 3.95522e+08
260.42500 3.93523e+08
260.47500 3.80456e+08
260.52500 3.59081e+08
260.57500 3.32023e+08
260.62500 3.04194e+08
260.67500 2.80023e+08
260.72500 2.63217e+08
260.77500 2.56134e+08
260.82500 2.58573e+08
260.87500 2.68287e+08
260.92500 2.80950e+08
260.97500 2.91954e+08
261.02500 2.97070e+08
261.07500 2.94319e+08
261.12500 2.83835e+08
261.17500 2.68179e+08
261.22500 2.51304e+08
261.27500 2.37579e+08
261.32500 2.30754e+08
261.37500 2.33192e+08
261.42500 2.45387e+08
261.47500 2.65501e+08
261.52500 2.89791e+08
261.57500 3.13500e+08
261.62500 3.32354e+08
261.67500 3.44023e+08
261.72500 3.48919e+08
261.77500 3.49681e+08
261.82500 3.50443e+08
261.87500 3.53987e+08
261.92500 3.61706e+08
261.97500 3.72211e+08
262.02500 3.84112e+08
262.07500 3.94973e+08
262.12500 4.04098e+08
262.17500 4.12182e+08
262.22500 4.20269e+08
262.27500 4.28707e+08
262.32500 4.36452e+08
262.37500 4.41761e+08
262.42500 4.41497e+08
262.47500 4.33913e+08
262.52500 4.19704e+08
262.57500 3.99910e+08
262.62500 3.77668e+08
262.67500 3.55766e+08
262.72500 3.36786e+08
262.77500 3.20939e+08
262.82500 3.07704e+08
262.87500 2.95790e+08
262.92500 2.83767e+08
262.97500 2.71285e+08
263.02500 2.59497e+08
263.07500 2.51477e+08
263.12500 2.51070e+08
263.17500 2.62196e+08
263.22500 2.86887e+08
263.27500 3.25046e+08
263.32500 3.73780e+08
263.37500 4.28756e+08
263.42500 4.85503e+08
263.47500 5.41572e+08
263.52500 5.96962e+08
263.57500 6.52723e+08
263.62500 7.10605e+08
263.67500 7.70960e+08
263.72500 8.30638e+08
263.77500 8.84734e+08
263.82500 9.27290e+08
263.87500 9.53745e+08
263.92500 9.63738e+08
263.97500 9.62869e+08
264.02500 9.59195e+08
264.07500 9.61831e+08
264.12500 9.77094e+08
264.17500 1.00674e+09
264.22500 1.04588e+09
264.27500 1.08573e+09
264.32500 1.11647e+09
264.37500 1.13072e+09
264.42500 1.12427e+09
264.47500 1.09919e+09
264.52500 1.05901e+09
264.57500 1.00967e+09
264.62500 9.56807e+08
264.67500 9.03216e+08
264.72500 8.52418e+08
264.77500 8.06170e+08
264.82500 7.66235e+08
264.87500 7.35429e+08
264.92500 7.14813e+08
264.97500 7.05800e+08
265.02500 7.07693e+08
265.07500 7.19441e+08
265.12500 7.38939e+08
265.17500 7.64431e+08
265.22500 7.94862e+08
265.27500 8.30588e+08
265.32500 8.70908e+08
265.37500 9.14767e+08
265.42500 9.60052e+08
265.47500 1.00289e+09
265.52500 1.03974e+09
265.57500 1.06674e+09
265.62500 1.08175e+09
265.67500 1.08584e+09
265.72500 1.08004e+09
265.77500 1.06860e+09
265.82500 1.05539e+09
265.87500 1.04288e+09
265.92500 1.03213e+09
265.97500 1.02243e+09
266.02500 1.01132e+09
266.07500 9.97027e+08
266.12500 9.77072e+08
266.17500 9.52515e+08
266.22500 9.25120e+08
266.27500 8.98423e+08
266.32500 8.76312e+08
266.37500 8.61975e+08
266.42500 8.56123e+08
266.47500 8.58053e+08
266.52500 8.65292e+08
266.57500 8.75011e+08
266.62500 8.85088e+08
266.67500 8.94107e+08
266.72500 9.01712e+08
266.77500 9.07549e+08
266.82500 9.10908e+08
266.87500 9.11787e+08
266.92500 9.11249e+08
266.97500 9.10356e+08
267.02500 9.08399e+08
267.07500 9.05378e+08
267.12500 8.98808e+08
267.17500 8.89397e+08
267.22500 8.79629e+08
267.27500 8.75179e+08
267.32500 8.83507e+08
267.37500 9.08170e+08
267.42500 9.46690e+08
267.47500 9.91973e+08
267.52500 1.03230e+09
267.57500 1.05630e+09
267.62500 1.05756e+09
267.67500 1.03608e+09
267.72500 9.96455e+08
267.77500 9.48285e+08
267.82500 9.01519e+08
267.87500 8.64695e+08
267.92500 8.43155e+08
267.97500 8.38330e+08
268.02500 8.47740e+08
268.07500 8.67120e+08
268.12500 8.89356e+08
268.17500 9.08750e+08
268.22500 9.21386e+08
268.27500 9.26188e+08
268.32500 9.25292e+08
268.37500 9.22613e+08
268.42500 9.22073e+08
268.47500 9.26522e+08
268.52500 9.35609e+08
268.57500 9.46838e+08
268.62500 9.56289e+08
268.67500 9.59321e+08
268.72500 9.53433e+08
268.77500 9.37550e+08
268.82500 9.13452e+08
268.87500 8.83989e+08
268.92500 8.54515e+08
268.97500 8.30030e+08
269.02500 8.14109e+08
269.07500 8.09616e+08
269.12500 8.17271e+08
269.17500 8.34579e+08
269.22500 8.57970e+08
269.27500 8.81728e+08
269.32500 9.00131e+08
269.37500 9.08167e+08
269.42500 9.02611e+08
269.47500 8.84888e+08
269.52500 8.58926e+08
269.57500 8.30450e+08
269.62500 8.06258e+08
269.67500 7.92084e+08
269.72500 7.90082e+08
269.77500 8.02050e+08
269.82500 8.27995e+08
269.87500 8.66134e+08
269.92500 9.12889e+08
269.97500 9.62528e+08
270.02500 1.00896e+09
270.07500 1.04465e+09
270.12500 1.06636e+09
270.17500 1.07517e+09
270.22500 1.07573e+09
270.27500 1.07521e+09
270.32500 1.07900e+09
270.37500 1.08853e+09
270.42500 1.10022e+09
270.47500 1.10905e+09
270.52500 1.10889e+09
270.57500 1.09688e+09
270.62500 1.07337e+09
270.67500 1.04230e+09
270.72500 1.00978e+09
270.77500 9.80841e+08
270.82500 9.59086e+08
270.87500 9.45595e+08
270.92500 9.39654e+08
270.97500 9.39108e+08
271.02500 9.43240e+08
271.07500 9.50613e+08
271.12500 9.62308e+08
271.17500 9.76889e+08
271.22500 9.91475e+08
271.27500 1.00210e+09
271.32500 1.00301e+09
271.37500 9.90582e+08
271.42500 9.65175e+08
271.47500 9.32550e+08
271.52500 8.99552e+08
271.57500 8.71950e+08
271.62500 8.50831e+08
271.67500 8.31508e+08
271.72500 8.05683e+08
271.77500 7.67217e+08
271.82500 7.13218e+08
271.87500 6.49090e+08
271.92500 5.85660e+08
271.97500 5.34125e+08
272.02500 5.04604e+08
272.07500 5.00000e+08
272.12500 5.17437e+08
272.17500 5.48974e+08
272.22500 5.85222e+08
272.27500 6.18952e+08
272.32500 6.46186e+08
272.37500 6.66197e+08
272.42500 6.81512e+08
272.47500 6.93215e+08
272.52500 7.03474e+08
272.57500 7.13738e+08
272.62500 7.26539e+08
272.67500 7.45862e+08
272.72500 7.76418e+08
272.77500 8.20024e+08
272.82500 8.75239e+08
272.87500 9.35547e+08
272.92500 9.90803e+08
272.97500 1.03231e+09
273.02500 1.05425e+09
273.07500 1.05517e+09
273.12500 1.03759e+09
273.17500 1.00658e+09
273.22500 9.66497e+08
273.27500 9.22404e+08
273.32500 8.78295e+08
273.37500 8.37437e+08
273.42500 8.02010e+08
273.47500 7.71653e+08
273.52500 7.45281e+08
273.57500 7.19989e+08
273.62500 6.93597e+08
273.67500 6.65016e+08
273.72500 6.35697e+08
273.77500 6.06730e+08
273.82500 5.79935e+08
273.87500 5.56767e+08
273.92500 5.37591e+08
273.97500 5.22046e+08
274.02500 5.09406e+08
274.07500 4.98217e+08
274.12500 4.87024e+08
274.17500 4.74735e+08
274.22500 4.59892e+08
274.27500 4.45408e+08
274.32500 4.33469e+08
274.37500 4.28083e+08
274.42500 4.29983e+08
274.47500 4.39173e+08
274.52500 4.50918e+08
274.57500 4.60844e+08
274.62500 4.65304e+08
274.67500 4.63200e+08
274.72500 4.55259e+08
274.77500 4.43666e+08
274.82500 4.30245e+08
274.87500 4.18279e+08
274.92500 4.11419e+08
274.97500 4.14779e+08
275.02500 4.33480e+08
275.07500 4.70084e+08
275.12500 5.23141e+08
275.17500 5.85717e+08
275.22500 6.47220e+08
275.27500 6.96318e+08
275.32500 7.23498e+08
275.37500 7.24726e+08
275.42500 7.01452e+08
275.47500 6.59879e+08
275.52500 6.10609e+08
275.57500 5.66077e+08
275.62500 5.38731e+08
275.67500 5.38829e+08
275.72500 5.71511e+08
275.77500 6.34232e+08
275.82500 7.18219e+08
275.87500 8.09929e+08
275.92500 8.93245e+08
275.97500 9.54970e+08
276.02500 9.87763e+08
276.07500 9.91241e+08
276.12500 9.71255e+08
276.17500 9.39527e+08
276.22500 9.09254e+08
276.27500 8.92177e+08
276.32500 8.94540e+08
276.37500 9.15986e+08
276.42500 9.51389e+08
276.47500 9.89741e+08
276.52500 1.02003e+09
276.57500 1.03454e+09
276.62500 1.03068e+09
276.67500 1.01030e+09
276.72500 9.80347e+08
276.77500 9.48551e+08
276.82500 9.23359e+08
276.87500 9.10658e+08
276.92500 9.11926e+08
276.97500 9.25331e+08
277.02500 9.45729e+08
277.07500 9.68710e+08
277.12500 9.90596e+08
277.17500 1.00918e+09
277.22500 1.02482e+09
277.27500 1.03752e+09
277.32500 1.04618e+09
277.37500 1.04821e+09
277.42500 1.04177e+09
277.47500 1.02501e+09
277.52500 9.98659e+08
277.57500 9.64561e+08
277.62500 9.26028e+08
277.67500 8.84530e+08
277.72500 8.42649e+08
277.77500 8.01122e+08
277.82500 7.61055e+08
277.87500 7.23926e+08
277.92500 6.91212e+08
277.97500 6.64022e+08
278.02500 6.43837e+08
278.07500 6.29922e+08
278.12500 6.22649e+08
278.17500 6.19437e+08
278.22500 6.19548e+08
278.27500 6.21507e+08
278.32500 6.24205e+08
278.37500 6.28384e+08
278.42500 6.33303e+08
278.47500 6.39333e+08
278.52500 6.44995e+08
278.57500 6.48810e+08
278.62500 6.48186e+08
278.67500 6.41272e+08
278.72500 6.26953e+08
278.77500 6.05226e+08
278.82500 5.77937e+08
278.87500 5.46565e+08
278.92500 5.13700e+08
278.97500 4.80823e+08
279.02500 4.48676e+08
279.07500 4.18370e+08
279.12500 3.89536e+08
279.17500 3.62137e+08
279.22500 3.35655e+08
279.27500 3.10832e+08
279.32500 2.88522e+08
279.37500 2.69543e+08
279.42500 2.54936e+08
279.47500 2.44776e+08
279.52500 2.38139e+08
279.57500 2.33541e+08
279.62500 2.29907e+08
279.67500 2.26309e+08
279.72500 2.22969e+08
279.77500 2.20706e+08
279.82500 2.20300e+08
279.87500 2.22011e+08
279.92500 2.25396e+08
279.97500 2.29563e+08
280.02500 2.33285e+08
280.07500 2.35818e+08
280.12500 2.36790e+08
280.17500 2.36349e+08
280.22500 2.34903e+08
280.27500 2.33196e+08
280.32500 2.32232e+08
280.37500 2.33353e+08
280.42500 2.37826e+08
280.47500 2.47030e+08
280.52500 2.61788e+08
280.57500 2.82437e+08
280.62500 3.08794e+08
280.67500 3.40230e+08
280.72500 3.75740e+08
280.77500 4.13835e+08
280.82500 4.53062e+08
280.87500 4.91184e+08
280.92500 5.26336e+08
280.97500 5.56650e+08
281.02500 5.81377e+08
281.07500 6.00515e+08
281.12500 6.17047e+08
281.17500 6.33584e+08
281.22500 6.54982e+08
281.27500 6.83857e+08
281.32500 7.21334e+08
281.37500 7.65549e+08
281.42500 8.12023e+08
281.47500 8.55149e+08
281.52500 8.90066e+08
281.57500 9.15274e+08
281.62500 9.31891e+08
281.67500 9.43277e+08
281.72500 9.55041e+08
281.77500 9.70176e+08
281.82500 9.90930e+08
281.87500 1.01656e+09
281.92500 1.04407e+09
281.97500 1.06971e+09
282.02500 1.09050e+09
282.07500 1.10567e+09
282.12500 1.11636e+09
282.17500 1.12517e+09
282.22500 1.13587e+09
282.27500 1.14919e+09
282.32500 1.16401e+09
282.37500 1.17809e+09
282.42500 1.18730e+09
282.47500 1.18863e+09
282.52500 1.18247e+09
282.57500 1.17142e+09
282.62500 1.15962e+09
282.67500 1.15232e+09
282.72500 1.15327e+09
282.77500 1.16436e+09
282.82500 1.18560e+09
282.87500 1.21436e+09
282.92500 1.24763e+09
282.97500 1.28092e+09
283.02500 1.30970e+09
283.07500 1.33136e+09
283.12500 1.34400e+09
283.17500 1.34800e+09
283.22500 1.34485e+09
283.27500 1.33456e+09
283.32500 1.31749e+09
283.37500 1.29251e+09
283.42500 1.26037e+09
283.47500 1.22371e+09
283.52500 1.18853e+09
283.57500 1.16314e+09
283.62500 1.15393e+09
283.67500 1.16430e+09
283.72500 1.19201e+09
283.77500 1.22877e+09
283.82500 1.26441e+09
283.87500 1.29064e+09
283.92500 1.30143e+09
283.97500 1.29789e+09
284.02500 1.28341e+09
284.07500 1.26213e+09
284.12500 1.23859e+09
284.17500 1.21390e+09
284.22500 1.18694e+09
284.27500 1.15808e+09
284.32500 1.12771e+09
284.37500 1.09883e+09
284.42500 1.07334e+09
284.47500 1.05086e+09
284.52500 1.02951e+09
284.57500 1.00513e+09
284.62500 9.73186e+08
284.67500 9.30643e+08
284.72500 8.76742e+08
284.77500 8.13748e+08
284.82500 7.43923e+08
284.87500 6.69535e+08
284.92500 5.93229e+08
284.97500 5.17274e+08
285.02500 4.42807e+08
285.07500 3.72477e+08
285.12500 3.09506e+08
285.17500 2.57304e+08
285.22500 2.20233e+08
285.27500 2.01521e+08
285.32500 2.02617e+08
285.37500 2.23494e+08
285.42500 2.62267e+08
285.47500 3.15647e+08
285.52500 3.79511e+08
285.57500 4.51245e+08
285.62500 5.27936e+08
285.67500 6.07308e+08
285.72500 6.89744e+08
285.77500 7.74105e+08
285.82500 8.60774e+08
285.87500 9.47093e+08
285.92500 1.03116e+09
285.97500 1.10881e+09
286.02500 1.17623e+09
286.07500 1.23151e+09
286.12500 1.27466e+09
286.17500 1.30794e+09
286.22500 1.33515e+09
286.27500 1.35934e+09
286.32500 1.38238e+09
286.37500 1.40468e+09
286.42500 1.42318e+09
286.47500 1.43598e+09
286.52500 1.43928e+09
286.57500 1.43230e+09
286.62500 1.41390e+09
286.67500 1.38598e+09
286.72500 1.35272e+09
286.77500 1.31906e+09
286.82500 1.29225e+09
286.87500 1.27952e+09
286.92500 1.28737e+09
286.97500 1.31960e+09
287.02500 1.37471e+09
287.07500 1.44661e+09
287.12500 1.52426e+09
287.17500 1.59545e+09
287.22500 1.64836e+09
287.27500 1.67573e+09
287.32500 1.67641e+09
287.37500 1.65495e+09
287.42500 1.61745e+09
287.47500 1.57307e+09
287.52500 1.52906e+09
287.57500 1.48961e+09
287.62500 1.45626e+09
287.67500 1.42825e+09
287.72500 1.40099e+09
287.77500 1.36837e+09
287.82500 1.32389e+09
287.87500 1.26220e+09
287.92500 1.17983e+09
287.97500 1.07947e+09
288.02500 9.67984e+08
288.07500 8.56074e+08
288.12500 7.58281e+08
288.17500 6.88770e+08
288.22500 6.60186e+08
288.27500 6.80205e+08
288.32500 7.50002e+08
288.37500 8.63092e+08
288.42500 1.00686e+09
288.47500 1.16370e+09
288.52500 1.31370e+09
288.57500 1.44268e+09
288.62500 1.54027e+09
288.67500 1.60379e+09
288.72500 1.63742e+09
288.77500 1.64882e+09
288.82500 1.64604e+09
288.87500 1.63712e+09
288.92500 1.62743e+09
288.97500 1.61965e+09
289.02500 1.61494e+09
289.07500 1.61330e+09
289.12500 1.61396e+09
289.17500 1.61616e+09
289.22500 1.61990e+09
289.27500 1.62671e+09
289.32500 1.63852e+09
289.37500 1.65955e+09
289.42500 1.69404e+09
289.47500 1.74353e+09
289.52500 1.80650e+09
289.57500 1.87833e+09
289.62500 1.95172e+09
289.67500 2.02091e+09
289.72500 2.08358e+09
289.77500 2.14243e+09
289.82500 2.20206e+09
289.87500 2.26595e+09
289.92500 2.33410e+09
289.97500 2.40150e+09
290.02500 2.45929e+09
290.07500 2.50170e+09
290.12500 2.52871e+09
290.17500 2.54495e+09
290.22500 2.55887e+09
290.27500 2.57743e+09
290.32500 2.60100e+09
290.37500 2.62420e+09
290.42500 2.64008e+09
290.47500 2.64130e+09
290.52500 2.62363e+09
290.57500 2.58974e+09
290.62500 2.54388e+09
290.67500 2.49337e+09
290.72500 2.44361e+09
290.77500 2.39963e+09
290.82500 2.36374e+09
290.87500 2.33711e+09
290.92500 2.32013e+09
290.97500 2.31396e+09
291.02500 2.32054e+09
291.07500 2.34104e+09
291.12500 2.37662e+09
291.17500 2.42497e+09
291.22500 2.47875e+09
291.27500 2.52829e+09
291.32500 2.56316e+09
291.37500 2.57443e+09
291.42500 2.55862e+09
291.47500 2.51919e+09
291.52500 2.46349e+09
291.57500 2.40197e+09
291.62500 2.34236e+09
291.67500 2.29125e+09
291.72500 2.25175e+09
291.77500 2.22424e+09
291.82500 2.20873e+09
291.87500 2.20446e+09
291.92500 2.21065e+09
291.97500 2.22576e+09
292.02500 2.24670e+09
292.07500 2.26880e+09
292.12500 2.28703e+09
292.17500 2.29479e+09
292.22500 2.28781e+09
292.27500 2.26143e+09
292.32500 2.21679e+09
292.37500 2.15621e+09
292.42500 2.08630e+09
292.47500 2.01403e+09
292.52500 1.94640e+09
292.57500 1.88807e+09
292.62500 1.84177e+09
292.67500 1.80672e+09
292.72500 1.78254e+09
292.77500 1.77002e+09
292.82500 1.77343e+09
292.87500 1.79979e+09
292.92500 1.85649e+09
292.97500 1.94512e+09
293.02500 2.06023e+09
293.07500 2.18940e+09
293.12500 2.31471e+09
293.17500 2.42138e+09
293.22500 2.49889e+09
293.27500 2.54721e+09
293.32500 2.57179e+09
293.37500 2.58041e+09
293.42500 2.57579e+09
293.47500 2.55362e+09
293.52500 2.50573e+09
293.57500 2.42390e+09
293.62500 2.30774e+09
293.67500 2.16697e+09
293.72500 2.02147e+09
293.77500 1.89582e+09
293.82500 1.80680e+09
293.87500 1.76340e+09
293.92500 1.76292e+09
293.97500 1.79445e+09
294.02500 1.84394e+09
294.07500 1.90127e+09
294.12500 1.96057e+09
294.17500 2.01871e+09
294.22500 2.07414e+09
294.27500 2.12646e+09
294.32500 2.17333e+09
294.37500 2.21474e+09
294.42500 2.24991e+09
294.47500 2.27493e+09
294.52500 2.28118e+09
294.57500 2.25771e+09
294.62500 2.19511e+09
294.67500 2.09179e+09
294.72500 1.96026e+09
294.77500 1.82595e+09
294.82500 1.72016e+09
294.87500 1.66916e+09
294.92500 1.68824e+09
294.97500 1.77548e+09
295.02500 1.91172e+09
295.07500 2.06642e+09
295.12500 2.20863e+09
295.17500 2.31091e+09
295.22500 2.36030e+09
295.27500 2.36070e+09
295.32500 2.32934e+09
295.37500 2.28776e+09
295.42500 2.25402e+09
295.47500 2.23557e+09
295.52500 2.23203e+09
295.57500 2.23751e+09
295.62500 2.24809e+09
295.67500 2.26378e+09
295.72500 2.28655e+09
295.77500 2.31757e+09
295.82500 2.35567e+09
295.87500 2.39339e+09
295.92500 2.42523e+09
295.97500 2.44883e+09
296.02500 2.46575e+09
296.07500 2.48229e+09
296.12500 2.50709e+09
296.17500 2.54251e+09
296.22500 2.58463e+09
296.27500 2.61969e+09
296.32500 2.62997e+09
296.37500 2.59499e+09
296.42500 2.50333e+09
296.47500 2.35219e+09
296.52500 2.15847e+09
296.57500 1.94618e+09
296.62500 1.74721e+09
296.67500 1.58757e+09
296.72500 1.48579e+09
296.77500 1.44032e+09
296.82500 1.43978e+09
296.87500 1.46564e+09
296.92500 1.50059e+09
296.97500 1.53515e+09
297.02500 1.56696e+09
297.07500 1.59681e+09
297.12500 1.62548e+09
297.17500 1.65338e+09
297.22500 1.68010e+09
297.27500 1.70999e+09
297.32500 1.75054e+09
297.37500 1.81125e+09
297.42500 1.90002e+09
297.47500 2.01805e+09
297.52500 2.16061e+09
297.57500 2.31982e+09
297.62500 2.48303e+09
297.67500 2.63642e+09
297.72500 2.76495e+09
297.77500 2.85517e+09
297.82500 2.89519e+09
297.87500 2.87907e+09
297.92500 2.80834e+09
297.97500 2.69051e+09
298.02500 2.53702e+09
298.07500 2.36290e+09
298.12500 2.18081e+09
298.17500 2.00063e+09
298.22500 1.83108e+09
298.27500 1.67653e+09
298.32500 1.53935e+09
298.37500 1.42194e+09
298.42500 1.32906e+09
298.47500 1.26389e+09
298.52500 1.23120e+09
298.57500 1.23418e+09
298.62500 1.27364e+09
298.67500 1.34643e+09
298.72500 1.45058e+09
298.77500 1.58333e+09
298.82500 1.73914e+09
298.87500 1.91087e+09
298.92500 2.08703e+09
298.97500 2.25134e+09
299.02500 2.38512e+09
299.07500 2.47210e+09
299.12500 2.50230e+09
299.17500 2.47054e+09
299.22500 2.38354e+09
299.27500 2.25677e+09
299.32500 2.11287e+09
299.37500 1.97886e+09
299.42500 1.88338e+09
299.47500 1.84591e+09
299.52500 1.87207e+09
299.57500 1.95314e+09
299.62500 2.06208e+09
299.67500 2.16508e+09
299.72500 2.22753e+09
299.77500 2.22830e+09
299.82500 2.16657e+09
299.87500 2.05305e+09
299.92500 1.90843e+09
299.97500 1.75738e+09
300.02500 1.62023e+09
300.07500 1.49818e+09
300.12500 1.39959e+09
300.17500 1.33008e+09
300.22500 1.29322e+09
300.27500 1.29025e+09
300.32500 1.32675e+09
300.37500 1.39677e+09
300.42500 1.48955e+09
300.47500 1.58955e+09
300.52500 1.68119e+09
300.57500 1.75092e+09
300.62500 1.78953e+09
300.67500 1.79582e+09
300.72500 1.77695e+09
300.77500 1.74530e+09
300.82500 1.71603e+09
300.87500 1.70353e+09
300.92500 1.71620e+09
300.97500 1.75485e+09
301.02500 1.81350e+09
301.07500 1.88456e+09
301.12500 1.95725e+09
301.17500 2.02436e+09
301.22500 2.08109e+09
301.27500 2.12624e+09
301.32500 2.16020e+09
301.37500 2.18497e+09
301.42500 2.20054e+09
301.47500 2.20651e+09
301.52500 2.20087e+09
301.57500 2.18162e+09
301.62500 2.14593e+09
301.67500 2.09101e+09
301.72500 2.01563e+09
301.77500 1.92060e+09
301.82500 1.80830e+09
301.87500 1.68313e+09
301.92500 1.55352e+09
301.97500 1.43028e+09
302.02500 1.32704e+09
302.07500 1.25747e+09
302.12500 1.23321e+09
302.17500 1.25989e+09
302.22500 1.33434e+09
302.27500 1.44534e+09
302.32500 1.57645e+09
302.37500 1.70800e+09
302.42500 1.82514e+09
302.47500 1.91863e+09
302.52500 1.98884e+09
302.57500 2.04381e+09
302.62500 2.09679e+09
302.67500 2.15983e+09
302.72500 2.23938e+09
302.77500 2.33463e+09
302.82500 2.43594e+09
302.87500 2.53085e+09
302.92500 2.60609e+09
302.97500 2.65479e+09
303.02500 2.67817e+09
303.07500 2.68545e+09
303.12500 2.68992e+09
303.17500 2.70405e+09
303.22500 2.73590e+09
303.27500 2.78508e+09
303.32500 2.84595e+09
303.37500 2.90483e+09
303.42500 2.94681e+09
303.47500 2.95858e+09
303.52500 2.93126e+09
303.57500 2.86281e+09
303.62500 2.76088e+09
303.67500 2.63915e+09
303.72500 2.51577e+09
303.77500 2.40809e+09
303.82500 2.32739e+09
303.87500 2.27774e+09
303.92500 2.25511e+09
303.97500 2.25105e+09
304.02500 2.25626e+09
304.07500 2.26471e+09
304.12500 2.27517e+09
304.17500 2.29009e+09
304.22500 2.31551e+09
304.27500 2.35791e+09
304.32500 2.41851e+09
304.37500 2.49489e+09
304.42500 2.57695e+09
304.47500 2.65096e+09
304.52500 2.70194e+09
304.57500 2.71896e+09
304.62500 2.69757e+09
304.67500 2.64299e+09
304.72500 2.56938e+09
304.77500 2.49533e+09
304.82500 2.43989e+09
304.87500 2.41802e+09
304.92500 2.43785e+09
304.97500 2.49859e+09
305.02500 2.59216e+09
305.07500 2.70560e+09
305.12500 2.82232e+09
305.17500 2.92531e+09
305.22500 3.00036e+09
305.27500 3.03896e+09
305.32500 3.03783e+09
305.37500 3.00021e+09
305.42500 2.93217e+09
305.47500 2.84179e+09
305.52500 2.73515e+09
305.57500 2.61631e+09
305.62500 2.48809e+09
305.67500 2.35252e+09
305.72500 2.21407e+09
305.77500 2.08004e+09
305.82500 1.96140e+09
305.87500 1.87033e+09
305.92500 1.82068e+09
305.97500 1.82138e+09
306.02500 1.87572e+09
306.07500 1.97723e+09
306.12500 2.11169e+09
306.17500 2.25799e+09
306.22500 2.39417e+09
306.27500 2.50111e+09
306.32500 2.56741e+09
306.37500 2.58980e+09
306.42500 2.57232e+09
306.47500 2.52350e+09
306.52500 2.45431e+09
306.57500 2.37695e+09
306.62500 2.30121e+09
306.67500 2.23724e+09
306.72500 2.19484e+09
306.77500 2.18176e+09
306.82500 2.20167e+09
306.87500 2.25459e+09
306.92500 2.33525e+09
306.97500 2.43305e+09
307.02500 2.53495e+09
307.07500 2.62874e+09
307.12500 2.70461e+09
307.17500 2.75686e+09
307.22500 2.78464e+09
307.27500 2.79080e+09
307.32500 2.78024e+09
307.37500 2.75783e+09
307.42500 2.72889e+09
307.47500 2.69831e+09
307.52500 2.67016e+09
307.57500 2.64895e+09
307.62500 2.63713e+09
307.67500 2.63674e+09
307.72500 2.64779e+09
307.77500 2.66824e+09
307.82500 2.69443e+09
307.87500 2.72021e+09
307.92500 2.73987e+09
307.97500 2.74645e+09
308.02500 2.73544e+09
308.07500 2.70766e+09
308.12500 2.66637e+09
308.17500 2.62056e+09
308.22500 2.58129e+09
308.27500 2.56001e+09
308.32500 2.56534e+09
308.37500 2.60056e+09
308.42500 2.66200e+09
308.47500 2.73903e+09
308.52500 2.81690e+09
308.57500 2.88005e+09
308.62500 2.91412e+09
308.67500 2.91377e+09
308.72500 2.88022e+09
308.77500 2.82001e+09
308.82500 2.74296e+09
308.87500 2.65892e+09
308.92500 2.57238e+09
308.97500 2.48500e+09
309.02500 2.39472e+09
309.07500 2.29948e+09
309.12500 2.20093e+09
309.17500 2.10481e+09
309.22500 2.02057e+09
309.27500 1.95806e+09
309.32500 1.92675e+09
309.37500 1.92789e+09
309.42500 1.95737e+09
309.47500 2.00453e+09
309.52500 2.05623e+09
309.57500 2.10014e+09
309.62500 2.12843e+09
309.67500 2.13618e+09
309.72500 2.12295e+09
309.77500 2.09039e+09
309.82500 2.04053e+09
309.87500 1.97667e+09
309.92500 1.90333e+09
309.97500 1.82955e+09
310.02500 1.76604e+09
310.07500 1.72556e+09
310.12500 1.72049e+09
310.17500 1.76030e+09
310.22500 1.84874e+09
310.27500 1.98170e+09
310.32500 2.14931e+09
310.37500 2.33677e+09
310.42500 2.52758e+09
310.47500 2.70608e+09
310.52500 2.86403e+09
310.57500 2.99893e+09
310.62500 3.11325e+09
310.67500 3.21069e+09
310.72500 3.29703e+09
310.77500 3.37225e+09
310.82500 3.43470e+09
310.87500 3.48149e+09
310.92500 3.51012e+09
310.97500 3.52060e+09
311.02500 3.51703e+09
311.07500 3.50562e+09
311.12500 3.49255e+09
311.17500 3.48154e+09
311.22500 3.47508e+09
311.27500 3.47150e+09
311.32500 3.46751e+09
311.37500 3.46104e+09
311.42500 3.44754e+09
311.47500 3.42369e+09
311.52500 3.38701e+09
311.57500 3.33584e+09
311.62500 3.26934e+09
311.67500 3.18833e+09
311.72500 3.09696e+09
311.77500 2.99934e+09
311.82500 2.90045e+09
311.87500 2.80608e+09
311.92500 2.72120e+09
311.97500 2.65205e+09
312.02500 2.60317e+09
312.07500 2.57831e+09
312.12500 2.57955e+09
312.17500 2.60608e+09
312.22500 2.65334e+09
312.27500 2.71389e+09
312.32500 2.77736e+09
312.37500 2.83380e+09
312.42500 2.87574e+09
312.47500 2.90151e+09
312.52500 2.91318e+09
312.57500 2.91489e+09
312.62500 2.91411e+09
312.67500 2.91624e+09
312.72500 2.92418e+09
312.77500 2.93794e+09
312.82500 2.95627e+09
312.87500 2.97461e+09
312.92500 2.99087e+09
312.97500 3.00008e+09
313.02500 3.00139e+09
313.07500 2.99355e+09
313.12500 2.97823e+09
313.17500 2.95708e+09
313.22500 2.93260e+09
313.27500 2.90936e+09
313.32500 2.89068e+09
313.37500 2.88033e+09
313.42500 2.88162e+09
313.47500 2.89748e+09
313.52500 2.93000e+09
313.57500 2.97960e+09
313.62500 3.04670e+09
313.67500 3.12757e+09
313.72500 3.21764e+09
313.77500 3.30939e+09
313.82500 3.39535e+09
313.87500 3.46799e+09
313.92500 3.52107e+09
313.97500 3.54956e+09
314.02500 3.54887e+09
314.07500 3.51357e+09
314.12500 3.44072e+09
314.17500 3.32821e+09
314.22500 3.17896e+09
314.27500 3.00085e+09
314.32500 2.80892e+09
314.37500 2.62027e+09
314.42500 2.45494e+09
314.47500 2.32922e+09
314.52500 2.25441e+09
314.57500 2.23389e+09
314.62500 2.26558e+09
314.67500 2.34198e+09
314.72500 2.45268e+09
314.77500 2.58431e+09
314.82500 2.72435e+09
314.87500 2.86066e+09
314.92500 2.98281e+09
314.97500 3.08407e+09
315.02500 3.16195e+09
315.07500 3.21684e+09
315.12500 3.25208e+09
315.17500 3.27143e+09
315.22500 3.27865e+09
315.27500 3.27582e+09
315.32500 3.26461e+09
315.37500 3.24419e+09
315.42500 3.21204e+09
315.47500 3.16437e+09
315.52500 3.09784e+09
315.57500 3.00908e+09
315.62500 2.89765e+09
315.67500 2.76608e+09
315.72500 2.62062e+09
315.77500 2.47009e+09
315.82500 2.32412e+09
315.87500 2.19363e+09
315.92500 2.08826e+09
315.97500 2.01517e+09
316.02500 1.97898e+09
316.07500 1.98097e+09
316.12500 2.01906e+09
316.17500 2.08865e+09
316.22500 2.18262e+09
316.27500 2.29174e+09
316.32500 2.40719e+09
316.37500 2.52057e+09
316.42500 2.62475e+09
316.47500 2.71635e+09
316.52500 2.79328e+09
316.57500 2.85593e+09
316.62500 2.90683e+09
316.67500 2.95018e+09
316.72500 2.98892e+09
316.77500 3.03019e+09
316.82500 3.07947e+09
316.87500 3.14307e+09
316.92500 3.22395e+09
316.97500 3.32336e+09
317.02500 3.43755e+09
317.07500 3.55850e+09
317.12500 3.67697e+09
317.17500 3.78326e+09
317.22500 3.86810e+09
317.27500 3.92601e+09
317.32500 3.95612e+09
317.37500 3.96264e+09
317.42500 3.95231e+09
317.47500 3.93227e+09
317.52500 3.90675e+09
317.57500 3.87616e+09
317.62500 3.83291e+09
317.67500 3.76771e+09
317.72500 3.67296e+09
317.77500 3.54399e+09
317.82500 3.38207e+09
317.87500 3.19815e+09
317.92500 3.00573e+09
317.97500 2.82127e+09
318.02500 2.65956e+09
318.07500 2.53200e+09
318.12500 2.44538e+09
318.17500 2.40056e+09
318.22500 2.39502e+09
318.27500 2.42287e+09
318.32500 2.47651e+09
318.37500 2.54834e+09
318.42500 2.63246e+09
318.47500 2.72337e+09
318.52500 2.81727e+09
318.57500 2.91247e+09
318.62500 3.00812e+09
318.67500 3.10380e+09
318.72500 3.19951e+09
318.77500 3.29314e+09
318.82500 3.37959e+09
318.87500 3.45126e+09
318.92500 3.49880e+09
318.97500 3.51163e+09
319.02500 3.48423e+09
319.07500 3.41529e+09
319.12500 3.30904e+09
319.17500 3.17733e+09
319.22500 3.03625e+09
319.27500 2.90361e+09
319.32500 2.79551e+09
319.37500 2.72386e+09
319.42500 2.69290e+09
319.47500 2.70223e+09
319.52500 2.74465e+09
319.57500 2.81340e+09
319.62500 2.90127e+09
319.67500 3.00233e+09
319.72500 3.11190e+09
319.77500 3.22406e+09
319.82500 3.33328e+09
319.87500 3.43235e+09
319.92500 3.51530e+09
319.97500 3.57915e+09
320.02500 3.62390e+09
320.07500 3.65422e+09
320.12500 3.67732e+09
320.17500 3.69915e+09
320.22500 3.72609e+09
320.27500 3.76325e+09
320.32500 3.81062e+09
320.37500 3.86525e+09
320.42500 3.92371e+09
320.47500 3.97965e+09
320.52500 4.02708e+09
320.57500 4.06091e+09
320.62500 4.07474e+09
320.67500 4.06431e+09
320.72500 4.02449e+09
320.77500 3.95228e+09
320.82500 3.84724e+09
320.87500 3.71278e+09
320.92500 3.55569e+09
320.97500 3.38533e+09
321.02500 3.21322e+09
321.07500 3.05044e+09
321.12500 2.90593e+09
321.17500 2.78655e+09
321.22500 2.69698e+09
321.27500 2.63981e+09
321.32500 2.61377e+09
321.37500 2.61887e+09
321.42500 2.65171e+09
321.47500 2.70805e+09
321.52500 2.78361e+09
321.57500 2.87371e+09
321.62500 2.97452e+09
321.67500 3.08347e+09
321.72500 3.19716e+09
321.77500 3.31216e+09
321.82500 3.42208e+09
321.87500 3.52005e+09
321.92500 3.59712e+09
321.97500 3.64556e+09
322.02500 3.66109e+09
322.07500 3.64327e+09
322.12500 3.59892e+09
322.17500 3.53788e+09
322.22500 3.46997e+09
322.27500 3.40504e+09
322.32500 3.34564e+09
322.37500 3.29009e+09
322.42500 3.23451e+09
322.47500 3.17421e+09
322.52500 3.10532e+09
322.57500 3.02614e+09
322.62500 2.93921e+09
322.67500 2.84841e+09
322.72500 2.75971e+09
322.77500 2.68171e+09
322.82500 2.62211e+09
322.87500 2.58779e+09
322.92500 2.58262e+09
322.97500 2.60661e+09
323.02500 2.65634e+09
323.07500 2.72453e+09
323.12500 2.80046e+09
323.17500 2.87385e+09
323.22500 2.93395e+09
323.27500 2.97475e+09
323.32500 2.99282e+09
323.37500 2.99027e+09
323.42500 2.97184e+09
323.47500 2.94610e+09
323.52500 2.92035e+09
323.57500 2.90275e+09
323.62500 2.89891e+09
323.67500 2.91139e+09
323.72500 2.93978e+09
323.77500 2.98150e+09
323.82500 3.03399e+09
323.87500 3.09295e+09
323.92500 3.15751e+09
323.97500 3.22554e+09
324.02500 3.29531e+09
324.07500 3.36381e+09
324.12500 3.42716e+09
324.17500 3.48193e+09
324.22500 3.52466e+09
324.27500 3.55663e+09
324.32500 3.58001e+09
324.37500 3.59865e+09
324.42500 3.61644e+09
324.47500 3.63552e+09
324.52500 3.65375e+09
324.57500 3.66595e+09
324.62500 3.66694e+09
324.67500 3.65112e+09
324.72500 3.61719e+09
324.77500 3.56772e+09
324.82500 3.50875e+09
324.87500 3.44804e+09
324.92500 3.39464e+09
324.97500 3.35546e+09
325.02500 3.33396e+09
325.07500 3.33146e+09
325.12500 3.34708e+09
325.17500 3.37825e+09
325.22500 3.42282e+09
325.27500 3.47992e+09
325.32500 3.55130e+09
325.37500 3.63783e+09
325.42500 3.73993e+09
325.47500 3.85590e+09
325.52500 3.98054e+09
325.57500 4.10739e+09
325.62500 4.22909e+09
325.67500 4.34174e+09
325.72500 4.43756e+09
325.77500 4.52043e+09
325.82500 4.58602e+09
325.87500 4.63865e+09
325.92500 4.67831e+09
325.97500 4.70500e+09
326.02500 4.71438e+09
326.07500 4.71510e+09
326.12500 4.69850e+09
326.17500 4.66891e+09
326.22500 4.63064e+09
326.27500 4.57502e+09
326.32500 4.51506e+09
326.37500 4.45075e+09
326.42500 4.39075e+09
326.47500 4.35241e+09
326.52500 4.33313e+09
326.57500 4.34073e+09
326.62500 4.37175e+09
326.67500 4.42448e+09
326.72500 4.48589e+09
326.77500 4.54298e+09
326.82500 4.58274e+09
326.87500 4.60080e+09
326.92500 4.59716e+09
326.97500 4.56313e+09
327.02500 4.51606e+09
327.07500 4.46029e+09
327.12500 4.40885e+09
327.17500 4.36608e+09
327.22500 4.34415e+09
327.27500 4.34178e+09
327.32500 4.35939e+09
327.37500 4.38614e+09
327.42500 4.41724e+09
327.47500 4.44401e+09
327.52500 4.46208e+09
327.57500 4.46711e+09
327.62500 4.45909e+09
327.67500 4.43367e+09
327.72500 4.39953e+09
327.77500 4.36103e+09
327.82500 4.32426e+09
327.87500 4.28922e+09
327.92500 4.26027e+09
327.97500 4.23740e+09
328.02500 4.22149e+09
328.07500 4.21081e+09
328.12500 4.20404e+09
328.17500 4.20076e+09
328.22500 4.20053e+09
328.27500 4.20292e+09
328.32500 4.20574e+09
328.37500 4.20725e+09
328.42500 4.20047e+09
328.47500 4.18018e+09
328.52500 4.14286e+09
328.57500 4.08721e+09
328.62500 4.01802e+09
328.67500 3.94749e+09
328.72500 3.89091e+09
328.77500 3.86225e+09
328.82500 3.87506e+09
328.87500 3.93330e+09
328.92500 4.03391e+09
328.97500 4.16557e+09
329.02500 4.31300e+09
329.07500 4.46135e+09
329.12500 4.59751e+09
329.17500 4.71622e+09
329.22500 4.81748e+09
329.27500 4.89691e+09
329.32500 4.96325e+09
329.37500 5.01649e+09
329.42500 5.06099e+09
329.47500 5.09676e+09
329.52500 5.12379e+09
329.57500 5.14207e+09
329.62500 5.15598e+09
329.67500 5.16114e+09
329.72500 5.17068e+09
329.77500 5.18022e+09
329.82500 5.20290e+09
329.87500 5.23435e+09
329.92500 5.27019e+09
329.97500 5.30604e+09
330.02500 5.33752e+09
330.07500 5.34272e+09
330.12500 5.32161e+09
330.17500 5.26542e+09
330.22500 5.18290e+09
330.27500 5.07405e+09
330.32500 4.94762e+09
330.37500 4.81238e+09
330.42500 4.67270e+09
330.47500 4.53299e+09
330.52500 4.40640e+09
330.57500 4.29250e+09
330.62500 4.20271e+09
330.67500 4.14407e+09
330.72500 4.12010e+09
330.77500 4.13390e+09
330.82500 4.18285e+09
330.87500 4.25905e+09
330.92500 4.35153e+09
330.97500 4.44756e+09
331.02500 4.53174e+09
331.07500 4.59837e+09
331.12500 4.63424e+09
331.17500 4.63933e+09
331.22500 4.61365e+09
331.27500 4.57035e+09
331.32500 4.51385e+09
331.37500 4.45293e+09
331.42500 4.40079e+09
331.47500 4.37021e+09
331.52500 4.36206e+09
331.57500 4.38121e+09
331.62500 4.42547e+09
331.67500 4.48779e+09
331.72500 4.55894e+09
331.77500 4.62571e+09
331.82500 4.68369e+09
331.87500 4.71965e+09
331.92500 4.73799e+09
331.97500 4.72989e+09
332.02500 4.69533e+09
332.07500 4.63430e+09
332.12500 4.56003e+09
332.17500 4.46809e+09
332.22500 4.37657e+09
332.27500 4.29472e+09
332.32500 4.23359e+09
332.37500 4.20245e+09
332.42500 4.20573e+09
332.47500 4.24124e+09
332.52500 4.30148e+09
332.57500 4.37455e+09
332.62500 4.44764e+09
332.67500 4.50132e+09
332.72500 4.53292e+09
332.77500 4.53802e+09
332.82500 4.51219e+09
332.87500 4.46867e+09
332.92500 4.42027e+09
332.97500 4.37716e+09
333.02500 4.35173e+09
333.07500 4.34884e+09
333.12500 4.36807e+09
333.17500 4.40412e+09
333.22500 4.44682e+09
333.27500 4.48289e+09
333.32500 4.50126e+09
333.37500 4.48866e+09
333.42500 4.44506e+09
333.47500 4.36735e+09
333.52500 4.26570e+09
333.57500 4.15384e+09
333.62500 4.04770e+09
333.67500 3.96235e+09
333.72500 3.90932e+09
333.77500 3.89528e+09
333.82500 3.91759e+09
333.87500 3.97004e+09
333.92500 4.04114e+09
333.97500 4.11935e+09
334.02500 4.19315e+09
334.07500 4.25588e+09
334.12500 4.30709e+09
334.17500 4.34945e+09
334.22500 4.39004e+09
334.27500 4.43642e+09
334.32500 4.49257e+09
334.37500 4.55984e+09
334.42500 4.63158e+09
334.47500 4.70333e+09
334.52500 4.76622e+09
334.57500 4.80692e+09
334.62500 4.81652e+09
334.67500 4.78613e+09
334.72500 4.72018e+09
334.77500 4.62309e+09
334.82500 4.50374e+09
334.87500 4.38168e+09
334.92500 4.27872e+09
334.97500 4.21086e+09
335.02500 4.18746e+09
335.07500 4.21167e+09
335.12500 4.27771e+09
335.17500 4.37359e+09
335.22500 4.48686e+09
335.27500 4.60328e+09
335.32500 4.71528e+09
335.37500 4.81396e+09
335.42500 4.89484e+09
335.47500 4.96239e+09
335.52500 5.00323e+09
335.57500 5.02180e+09
335.62500 5.00918e+09
335.67500 4.94752e+09
335.72500 4.82790e+09
335.77500 4.65027e+09
335.82500 4.41596e+09
335.87500 4.13386e+09
335.92500 3.82759e+09
335.97500 3.52703e+09
336.02500 3.26297e+09
336.07500 3.06398e+09
336.12500 2.95152e+09
336.17500 2.93544e+09
336.22500 3.01445e+09
336.27500 3.17341e+09
336.32500 3.38914e+09
336.37500 3.63262e+09
336.42500 3.87260e+09
336.47500 4.08004e+09
336.52500 4.23436e+09
336.57500 4.32259e+09
336.62500 4.34245e+09
336.67500 4.29884e+09
336.72500 4.20469e+09
336.77500 4.07384e+09
336.82500 3.92372e+09
336.87500 3.76953e+09
336.92500 3.62335e+09
336.97500 3.49502e+09
337.02500 3.39082e+09
337.07500 3.31255e+09
337.12500 3.26156e+09
337.17500 3.23832e+09
337.22500 3.24372e+09
337.27500 3.28003e+09
337.32500 3.35039e+09
337.37500 3.45661e+09
337.42500 3.59871e+09
337.47500 3.77356e+09
337.52500 3.97087e+09
337.57500 4.17496e+09
337.62500 4.36701e+09
337.67500 4.52414e+09
337.72500 4.63243e+09
337.77500 4.67349e+09
337.82500 4.64278e+09
337.87500 4.55374e+09
337.92500 4.41710e+09
337.97500 4.25844e+09
338.02500 4.10243e+09
338.07500 3.97240e+09
338.12500 3.88364e+09
338.17500 3.84290e+09
338.22500 3.84976e+09
338.27500 3.89659e+09
338.32500 3.97354e+09
338.37500 4.06938e+09
338.42500 4.17514e+09
338.47500 4.28227e+09
338.52500 4.38314e+09
338.57500 4.47191e+09
338.62500 4.54586e+09
338.67500 4.59600e+09
338.72500 4.62816e+09
338.77500 4.64684e+09
338.82500 4.65202e+09
338.87500 4.64821e+09
338.92500 4.63989e+09
338.97500 4.61357e+09
339.02500 4.57374e+09
339.07500 4.51138e+09
339.12500 4.42333e+09
339.17500 4.31319e+09
339.22500 4.19266e+09
339.27500 4.07660e+09
339.32500 3.98168e+09
339.37500 3.92278e+09
339.42500 3.90939e+09
339.47500 3.94377e+09
339.52500 4.02190e+09
339.57500 4.13567e+09
339.62500 4.27292e+09
339.67500 4.42239e+09
339.72500 4.57416e+09
339.77500 4.72372e+09
339.82500 4.86429e+09
339.87500 4.99137e+09
339.92500 5.10495e+09
339.97500 5.20050e+09
340.02500 5.26899e+09
340.07500 5.31041e+09
340.12500 5.32474e+09
340.17500 5.30293e+09
340.22500 5.25854e+09
340.27500 5.19153e+09
340.32500 5.10644e+09
340.37500 5.01679e+09
340.42500 4.92713e+09
340.47500 4.83743e+09
340.52500 4.75223e+09
340.57500 4.67605e+09
340.62500 4.60437e+09
340.67500 4.54171e+09
340.72500 4.48537e+09
340.77500 4.43897e+09
340.82500 4.40523e+09
340.87500 4.38868e+09
340.92500 4.39022e+09
340.97500 4.40671e+09
341.02500 4.43272e+09
341.07500 4.45873e+09
341.12500 4.47343e+09
341.17500 4.46593e+09
341.22500 4.42943e+09
341.27500 4.36210e+09
341.32500 4.26893e+09
341.37500 4.16031e+09
341.42500 4.05392e+09
341.47500 3.96474e+09
341.52500 3.90818e+09
341.57500 3.89197e+09
341.62500 3.92021e+09
341.67500 3.99020e+09
341.72500 4.09469e+09
341.77500 4.22599e+09
341.82500 4.37413e+09
341.87500 4.52911e+09
341.92500 4.68096e+09
341.97500 4.81333e+09
342.02500 4.91849e+09
342.07500 4.98734e+09
342.12500 5.01533e+09
342.17500 4.99789e+09
342.22500 4.94409e+09
342.27500 4.86300e+09
342.32500 4.76826e+09
342.37500 4.67803e+09
342.42500 4.60142e+09
342.47500 4.55207e+09
342.52500 4.52499e+09
342.57500 4.51973e+09
342.62500 4.53040e+09
342.67500 4.55473e+09
342.72500 4.58725e+09
342.77500 4.63798e+09
342.82500 4.70239e+09
342.87500 4.78503e+09
342.92500 4.88590e+09
342.97500 4.98680e+09
343.02500 5.07863e+09
343.07500 5.14770e+09
343.12500 5.17123e+09
343.17500 5.15376e+09
343.22500 5.09526e+09
343.27500 5.00940e+09
343.32500 4.91895e+09
343.37500 4.84216e+09
343.42500 4.79270e+09
343.47500 4.76603e+09
343.52500 4.76217e+09
343.57500 4.76742e+09
343.62500 4.76812e+09
343.67500 4.74599e+09
343.72500 4.69648e+09
343.77500 4.61499e+09
343.82500 4.49696e+09
343.87500 4.34146e+09
343.92500 4.15439e+09
343.97500 3.94261e+09
344.02500 3.71843e+09
344.07500 3.49693e+09
344.12500 3.29319e+09
344.17500 3.12137e+09
344.22500 2.99430e+09
344.27500 2.91931e+09
344.32500 2.89733e+09
344.37500 2.92610e+09
344.42500 2.99787e+09
344.47500 3.10031e+09
344.52500 3.22290e+09
344.57500 3.35743e+09
344.62500 3.49886e+09
344.67500 3.64445e+09
344.72500 3.79558e+09
344.77500 3.95224e+09
344.82500 4.11353e+09
344.87500 4.27623e+09
344.92500 4.43349e+09
344.97500 4.57476e+09
345.02500 4.69133e+09
345.07500 4.77449e+09
345.12500 4.82101e+09
345.17500 4.83087e+09
345.22500 4.82240e+09
345.27500 4.80476e+09
345.32500 4.79170e+09
345.37500 4.78323e+09
345.42500 4.79309e+09
345.47500 4.80755e+09
345.52500 4.82660e+09
345.57500 4.84106e+09
345.62500 4.83258e+09
345.67500 4.80115e+09
345.72500 4.74676e+09
345.77500 4.65562e+09
345.82500 4.54287e+09
345.87500 4.41080e+09
345.92500 4.27042e+09
345.97500 4.13230e+09
346.02500 4.00884e+09
346.07500 3.91154e+09
346.12500 3.84914e+09
346.17500 3.82901e+09
346.22500 3.85393e+09
346.27500 3.92116e+09
346.32500 4.02059e+09
346.37500 4.13845e+09
346.42500 4.25681e+09
346.47500 4.36140e+09
346.52500 4.44209e+09
346.57500 4.49658e+09
346.62500 4.53082e+09
346.67500 4.55541e+09
346.72500 4.58139e+09
346.77500 4.61843e+09
346.82500 4.66975e+09
346.87500 4.73491e+09
346.92500 4.80930e+09
346.97500 4.88371e+09
347.02500 4.94432e+09
347.07500 4.98190e+09
347.12500 4.98261e+09
347.17500 4.95106e+09
347.22500 4.87801e+09
347.27500 4.76804e+09
347.32500 4.62576e+09
347.37500 4.46221e+09
347.42500 4.28478e+09
347.47500 4.10592e+09
347.52500 3.93900e+09
347.57500 3.80065e+09
347.62500 3.70611e+09
347.67500 3.66555e+09
347.72500 3.68270e+09
347.77500 3.75481e+09
347.82500 3.87035e+09
347.87500 4.01364e+09
347.92500 4.16621e+09
347.97500 4.30959e+09
348.02500 4.42851e+09
348.07500 4.51095e+09
348.12500 4.55274e+09
348.17500 4.55478e+09
348.22500 4.52446e+09
348.27500 4.47239e+09
348.32500 4.41244e+09
348.37500 4.35802e+09
348.42500 4.32025e+09
348.47500 4.30930e+09
348.52500 4.32889e+09
348.57500 4.37811e+09
348.62500 4.44679e+09
348.67500 4.52058e+09
348.72500 4.58096e+09
348.77500 4.60848e+09
348.82500 4.59247e+09
348.87500 4.52966e+09
348.92500 4.42699e+09
348.97500 4.29927e+09
349.02500 4.16409e+09
349.07500 4.04000e+09
349.12500 3.94184e+09
349.17500 3.87842e+09
349.22500 3.85301e+09
349.27500 3.86191e+09
349.32500 3.89493e+09
349.37500 3.93909e+09
349.42500 3.98142e+09
349.47500 4.01122e+09
349.52500 4.02340e+09
349.57500 4.02026e+09
349.62500 4.00969e+09
349.67500 4.00562e+09
349.72500 4.02245e+09
349.77500 4.07179e+09
349.82500 4.16156e+09
349.87500 4.28991e+09
349.92500 4.45036e+09
349.97500 4.62991e+09
350.02500 4.81509e+09
350.07500 4.99242e+09
350.12500 5.15120e+09
350.17500 5.29143e+09
350.22500 5.40380e+09
350.27500 5.48829e+09
350.32500 5.54954e+09
350.37500 5.58290e+09
350.42500 5.58835e+09
350.47500 5.56588e+09
350.52500 5.52944e+09
350.57500 5.47437e+09
350.62500 5.41928e+09
350.67500 5.36418e+09
350.72500 5.31371e+09
350.77500 5.26789e+09
350.82500 5.22672e+09
350.87500 5.18553e+09
350.92500 5.13967e+09
350.97500 5.08448e+09
351.02500 5.01995e+09
351.07500 4.94608e+09
351.12500 4.86752e+09
351.17500 4.77962e+09
351.22500 4.68702e+09
351.27500 4.59207e+09
351.32500 4.49896e+09
351.37500 4.41468e+09
351.42500 4.34905e+09
351.47500 4.31420e+09
351.52500 4.32041e+09
351.57500 4.37518e+09
351.62500 4.48039e+09
351.67500 4.62905e+09
351.72500 4.80578e+09
351.77500 4.98864e+09
351.82500 5.15285e+09
351.87500 5.27507e+09
351.92500 5.33657e+09
351.97500 5.34200e+09
352.02500 5.28199e+09
352.07500 5.17054e+09
352.12500 5.02633e+09
352.17500 4.85870e+09
352.22500 4.67698e+09
352.27500 4.49428e+09
352.32500 4.31106e+09
352.37500 4.13341e+09
352.42500 3.96740e+09
352.47500 3.82287e+09
352.52500 3.71013e+09
352.57500 3.63950e+09
352.62500 3.62082e+09
352.67500 3.66020e+09
352.72500 3.75533e+09
352.77500 3.90014e+09
352.82500 4.08247e+09
352.87500 4.28359e+09
352.92500 4.48383e+09
352.97500 4.66351e+09
353.02500 4.80480e+09
353.07500 4.90393e+09
353.12500 4.96089e+09
353.17500 4.98504e+09
353.22500 4.99044e+09
353.27500 4.99584e+09
353.32500 5.01062e+09
353.37500 5.03948e+09
353.42500 5.08712e+09
353.47500 5.13947e+09
353.52500 5.19184e+09
353.57500 5.23952e+09
353.62500 5.27313e+09
353.67500 5.30205e+09
353.72500 5.33098e+09
353.77500 5.35522e+09
353.82500 5.38417e+09
353.87500 5.40843e+09
353.92500 5.43269e+09
353.97500 5.44756e+09
354.02500 5.44362e+09
354.07500 5.43029e+09
354.12500 5.40284e+09
354.17500 5.37539e+09
354.22500 5.34793e+09
354.27500 5.33457e+09
354.32500 5.34003e+09
354.37500 5.35490e+09
354.42500 5.38859e+09
354.47500 5.42701e+09
354.52500 5.46544e+09
354.57500 5.49916e+09
354.62500 5.52348e+09
354.67500 5.53368e+09
354.72500 5.53446e+09
354.77500 5.52582e+09
354.82500 5.52189e+09
354.87500 5.51795e+09
354.92500 5.51873e+09
354.97500 5.52893e+09
355.02500 5.53443e+09
355.07500 5.53992e+09
355.12500 5.52656e+09
355.17500 5.48960e+09
355.22500 5.43378e+09
355.27500 5.34963e+09
355.32500 5.25130e+09
355.37500 5.14350e+09
355.42500 5.04040e+09
355.47500 4.95615e+09
355.52500 4.90019e+09
355.57500 4.87255e+09
355.62500 4.87324e+09
355.67500 4.88809e+09
355.72500 4.90767e+09
355.77500 4.93198e+09
355.82500 4.95158e+09
355.87500 4.96645e+09
355.92500 4.97660e+09
355.97500 4.99148e+09
356.02500 5.01109e+09
356.07500 5.04489e+09
356.12500 5.10234e+09
356.17500 5.16927e+09
356.22500 5.23622e+09
356.27500 5.28426e+09
356.32500 5.29446e+09
356.37500 5.24315e+09
356.42500 5.13030e+09
356.47500 4.95115e+09
356.52500 4.73408e+09
356.57500 4.50132e+09
356.62500 4.28081e+09
356.67500 4.09197e+09
356.72500 3.94428e+09
356.77500 3.83398e+09
356.82500 3.75018e+09
356.87500 3.68247e+09
356.92500 3.62184e+09
356.97500 3.56784e+09
357.02500 3.52615e+09
357.07500 3.50436e+09
357.12500 3.51101e+09
357.17500 3.55134e+09
357.22500 3.62631e+09
357.27500 3.73166e+09
357.32500 3.85982e+09
357.37500 4.00224e+09
357.42500 4.14708e+09
357.47500 4.28484e+09
357.52500 4.40650e+09
357.57500 4.50540e+09
357.62500 4.57441e+09
357.67500 4.60925e+09
357.72500 4.60561e+09
357.77500 4.55923e+09
357.82500 4.46674e+09
357.87500 4.32955e+09
357.92500 4.15098e+09
357.97500 3.94194e+09
358.02500 3.71715e+09
358.07500 3.49658e+09
358.12500 3.29925e+09
358.17500 3.14038e+09
358.22500 3.02713e+09
358.27500 2.95858e+09
358.32500 2.92426e+09
358.37500 2.90991e+09
358.42500 2.90318e+09
358.47500 2.89406e+09
358.52500 2.87923e+09
358.57500 2.86202e+09
358.62500 2.85051e+09
358.67500 2.85424e+09
358.72500 2.88275e+09
358.77500 2.94317e+09
358.82500 3.04126e+09
358.87500 3.17749e+09
358.92500 3.34999e+09
358.97500 3.55399e+09
359.02500 3.78093e+09
359.07500 4.01890e+09
359.12500 4.25455e+09
359.17500 4.47500e+09
359.22500 4.66833e+09
359.27500 4.82784e+09
359.32500 4.95734e+09
359.37500 5.05347e+09
359.42500 5.13531e+09
359.47500 5.20762e+09
359.52500 5.28473e+09
359.57500 5.36663e+09
359.62500 5.45810e+09
359.67500 5.55438e+09
359.72500 5.65068e+09
359.77500 5.74224e+09
359.82500 5.82426e+09
359.87500 5.89197e+09
359.92500 5.94058e+09
359.97500 5.97486e+09
360.02500 5.99004e+09
360.07500 5.97652e+09
360.12500 5.93432e+09
360.17500 5.85862e+09
360.22500 5.74464e+09
360.27500 5.60670e+09
360.32500 5.44002e+09
360.37500 5.25894e+09
360.42500 5.08259e+09
360.47500 4.91577e+09
360.52500 4.77235e+09
360.57500 4.65093e+09
360.62500 4.55149e+09
360.67500 4.46592e+09
360.72500 4.38367e+09
360.77500 4.29709e+09
360.82500 4.20474e+09
360.87500 4.11332e+09
360.92500 4.03481e+09
360.97500 3.98360e+09
361.02500 3.97073e+09
361.07500 4.00101e+09
361.12500 4.07205e+09
361.17500 4.17429e+09
361.22500 4.29526e+09
361.27500 4.42393e+09
361.32500 4.55025e+09
361.37500 4.66652e+09
361.42500 4.76699e+09
361.47500 4.84781e+09
361.52500 4.89648e+09
361.57500 4.90676e+09
361.62500 4.86422e+09
361.67500 4.77365e+09
361.72500 4.62878e+09
361.77500 4.44351e+09
361.82500 4.24137e+09
361.87500 4.05024e+09
361.92500 3.89893e+09
361.97500 3.81247e+09
362.02500 3.80146e+09
362.07500 3.86497e+09
362.12500 3.99052e+09
362.17500 4.15891e+09
362.22500 4.34899e+09
362.27500 4.54393e+09
362.32500 4.73267e+09
362.37500 4.91281e+09
362.42500 5.08192e+09
362.47500 5.25108e+09
362.52500 5.41547e+09
362.57500 5.58472e+09
362.62500 5.74920e+09
362.67500 5.90410e+09
362.72500 6.03014e+09
362.77500 6.11768e+09
362.82500 6.15225e+09
362.87500 6.11455e+09
362.92500 5.99973e+09
362.97500 5.81259e+09
363.02500 5.56273e+09
363.07500 5.27423e+09
363.12500 4.98084e+09
363.17500 4.69796e+09
363.22500 4.45842e+09
363.27500 4.27767e+09
363.32500 4.16247e+09
363.37500 4.11286e+09
363.42500 4.12260e+09
363.47500 4.18060e+09
363.52500 4.27337e+09
363.57500 4.38982e+09
363.62500 4.51838e+09
363.67500 4.65325e+09
363.72500 4.79298e+09
363.77500 4.93662e+09
363.82500 5.08706e+09
363.87500 5.23271e+09
363.92500 5.38323e+09
363.97500 5.51446e+09
364.02500 5.62639e+09
364.07500 5.70451e+09
364.12500 5.74881e+09
364.17500 5.75444e+09
364.22500 5.72137e+09
364.27500 5.64960e+09
364.32500 5.55363e+09
364.37500 5.43343e+09
364.42500 5.29868e+09
364.47500 5.16390e+09
364.52500 5.02908e+09
364.57500 4.90390e+09
364.62500 4.78063e+09
364.67500 4.66652e+09
364.72500 4.56304e+09
364.77500 4.47454e+09
364.82500 4.40976e+09
364.87500 4.37548e+09
364.92500 4.37996e+09
364.97500 4.42708e+09
365.02500 4.51929e+09
365.07500 4.65322e+09
365.12500 4.82209e+09
365.17500 5.01380e+09
365.22500 5.21817e+09
365.27500 5.42260e+09
365.32500 5.60768e+09
365.37500 5.76855e+09
365.42500 5.90520e+09
365.47500 6.01277e+09
365.52500 6.10096e+09
365.57500 6.17461e+09
365.62500 6.23857e+09
365.67500 6.29769e+09
365.72500 6.35682e+09
365.77500 6.41597e+09
365.82500 6.47514e+09
365.87500 6.53432e+09
365.92500 6.57895e+09
365.97500 6.61386e+09
366.02500 6.63421e+09
366.07500 6.63025e+09
366.12500 6.60685e+09
366.17500 6.56399e+09
366.22500 6.49681e+09
366.27500 6.41988e+09
366.32500 6.34293e+09
366.37500 6.26596e+09
366.42500 6.20356e+09
366.47500 6.15574e+09
366.52500 6.12252e+09
366.57500 6.09415e+09
366.62500 6.07550e+09
366.67500 6.05199e+09
366.72500 6.01873e+09
366.77500 5.98059e+09
366.82500 5.93756e+09
366.87500 5.88966e+09
366.92500 5.85148e+09
366.97500 5.82304e+09
367.02500 5.82384e+09
367.07500 5.84900e+09
367.12500 5.90342e+09
367.17500 5.97736e+09
367.22500 6.06107e+09
367.27500 6.14967e+09
367.32500 6.23343e+09
367.37500 6.29769e+09
367.42500 6.34734e+09
367.47500 6.37260e+09
367.52500 6.36371e+09
367.57500 6.33041e+09
367.62500 6.26293e+09
367.67500 6.17102e+09
367.72500 6.05467e+09
367.77500 5.92852e+09
367.82500 5.79257e+09
367.87500 5.65659e+09
367.92500 5.53033e+09
367.97500 5.41871e+09
368.02500 5.34125e+09
368.07500 5.29310e+09
368.12500 5.27916e+09
368.17500 5.29943e+09
368.22500 5.34905e+09
368.27500 5.41334e+09
368.32500 5.48255e+09
368.37500 5.54688e+09
368.42500 5.58677e+09
368.47500 5.59731e+09
368.52500 5.56871e+09
368.57500 5.50585e+09
368.62500 5.41849e+09
368.67500 5.32131e+09
368.72500 5.22411e+09
368.77500 5.15137e+09
368.82500 5.11779e+09
368.87500 5.13318e+09
368.92500 5.20245e+09
368.97500 5.32564e+09
369.02500 5.49297e+09
369.07500 5.68484e+09
369.12500 5.88657e+09
369.17500 6.07855e+09
369.22500 6.23626e+09
369.27500 6.34988e+09
369.32500 6.40959e+09
369.37500 6.42517e+09
369.42500 6.40642e+09
369.47500 6.36313e+09
369.52500 6.31492e+09
369.57500 6.28143e+09
369.62500 6.26755e+09
369.67500 6.28313e+09
369.72500 6.32816e+09
369.77500 6.40758e+09
369.82500 6.50175e+09
369.87500 6.61067e+09
369.92500 6.71963e+09
369.97500 6.80897e+09
370.02500 6.87376e+09
370.07500 6.89926e+09
370.12500 6.88053e+09
370.17500 6.81265e+09
370.22500 6.69559e+09
370.27500 6.52932e+09
370.32500 6.32368e+09
370.37500 6.08355e+09
370.42500 5.83352e+09
370.47500 5.57850e+09
370.52500 5.34310e+09
370.57500 5.12731e+09
370.62500 4.95576e+09
370.67500 4.82550e+09
370.72500 4.74197e+09
370.77500 4.70667e+09
370.82500 4.71863e+09
370.87500 4.77541e+09
370.92500 4.87604e+09
370.97500 5.01955e+09
371.02500 5.19266e+09
371.07500 5.40523e+09
371.12500 5.63757e+09
371.17500 5.89462e+09
371.22500 6.15666e+09
371.27500 6.42864e+09
371.32500 6.68096e+09
371.37500 6.91363e+09
371.42500 7.10691e+09
371.47500 7.25091e+09
371.52500 7.34069e+09
371.57500 7.37128e+09
371.62500 7.34266e+09
371.67500 7.24988e+09
371.72500 7.08797e+09
371.77500 6.86184e+09
371.82500 6.57640e+09
371.87500 6.23164e+09
371.92500 5.85220e+09
371.97500 5.45785e+09
372.02500 5.07327e+09
372.07500 4.72565e+09
372.12500 4.44265e+09
372.17500 4.24558e+09
372.22500 4.15224e+09
372.27500 4.16763e+09
372.32500 4.28733e+09
372.37500 4.49508e+09
372.42500 4.76520e+09
372.47500 5.06457e+09
372.52500 5.36204e+09
372.57500 5.62002e+09
372.62500 5.82858e+09
372.67500 5.97782e+09
372.72500 6.06276e+09
372.77500 6.10812e+09
372.82500 6.11884e+09
372.87500 6.11966e+09
372.92500 6.11058e+09
372.97500 6.09654e+09
373.02500 6.06764e+09
373.07500 6.02387e+09
373.12500 5.94540e+09
373.17500 5.82232e+09
373.22500 5.64469e+09
373.27500 5.41249e+09
373.32500 5.12570e+09
373.37500 4.79917e+09
373.42500 4.45718e+09
373.47500 4.12452e+09
373.52500 3.82650e+09
373.57500 3.58643e+09
373.62500 3.42170e+09
373.67500 3.34773e+09
373.72500 3.37200e+09
373.77500 3.49653e+09
373.82500 3.71441e+09
373.87500 4.01327e+09
373.92500 4.36832e+09
373.97500 4.74878e+09
374.02500 5.12041e+09
374.07500 5.44893e+09
374.12500 5.70301e+09
374.17500 5.86276e+09
374.22500 5.91821e+09
374.27500 5.86930e+09
374.32500 5.73588e+09
374.37500 5.52786e+09
374.42500 5.27504e+09
374.47500 5.01221e+09
374.52500 4.74980e+09
374.57500 4.50970e+09
374.62500 4.29690e+09
374.67500 4.11141e+09
374.72500 3.95074e+09
374.77500 3.81392e+09
374.82500 3.70693e+09
374.87500 3.64271e+09
374.92500 3.63672e+09
374.97500 3.70293e+09
375.02500 3.85132e+09
375.07500 4.07894e+09
375.12500 4.37536e+09
375.17500 4.72118e+09
375.22500 5.09698e+09
375.27500 5.47637e+09
375.32500 5.84590e+09
375.37500 6.18561e+09
375.42500 6.48056e+09
375.47500 6.71575e+09
375.52500 6.88119e+09
375.57500 6.95691e+09
375.62500 6.94288e+09
375.67500 6.82907e+09
375.72500 6.63540e+09
375.77500 6.38680e+09
375.82500 6.10819e+09
375.87500 5.83450e+09
375.92500 5.60566e+09
375.97500 5.43666e+09
376.02500 5.34252e+09
376.07500 5.31327e+09
376.12500 5.33395e+09
376.17500 5.39460e+09
376.22500 5.46526e+09
376.27500 5.53593e+09
376.32500 5.59164e+09
376.37500 5.63236e+09
376.42500 5.65810e+09
376.47500 5.66385e+09
376.52500 5.66460e+09
376.57500 5.65535e+09
376.62500 5.64110e+09
376.67500 5.62184e+09
376.72500 5.60758e+09
376.77500 5.60332e+09
376.82500 5.60907e+09
376.87500 5.62483e+09
376.92500 5.65060e+09
376.97500 5.68639e+09
377.02500 5.73721e+09
377.07500 5.80306e+09
377.12500 5.89897e+09
377.17500 6.00994e+09
377.22500 6.15098e+09
377.27500 6.29708e+09
377.32500 6.45323e+09
377.37500 6.60441e+09
377.42500 6.74060e+09
377.47500 6.85678e+09
377.52500 6.95794e+09
377.57500 7.03407e+09
377.62500 7.09517e+09
377.67500 7.14124e+09
377.72500 7.17730e+09
377.77500 7.20835e+09
377.82500 7.24944e+09
377.87500 7.29555e+09
377.92500 7.36176e+09
377.97500 7.43299e+09
378.02500 7.51931e+09
378.07500 7.61067e+09
378.12500 7.70205e+09
378.17500 7.78844e+09
378.22500 7.86480e+09
378.27500 7.92611e+09
378.32500 7.96233e+09
378.37500 7.96338e+09
378.42500 7.91921e+09
378.47500 7.81472e+09
378.52500 7.65994e+09
378.57500 7.45485e+09
378.62500 7.21451e+09
378.67500 6.94897e+09
378.72500 6.68839e+09
378.77500 6.44282e+09
378.82500 6.23240e+09
378.87500 6.06721e+09
378.92500 5.95732e+09
378.97500 5.89268e+09
379.02500 5.87333e+09
379.07500 5.88921e+09
379.12500 5.91012e+09
379.17500 5.93607e+09
379.22500 5.94693e+09
379.27500 5.93260e+09
379.32500 5.89309e+09
379.37500 5.82838e+09
379.42500 5.74854e+09
379.47500 5.65356e+09
379.52500 5.54343e+09
379.57500 5.43328e+09
379.62500 5.31806e+09
379.67500 5.20280e+09
379.72500 5.09760e+09
379.77500 5.00347e+09
379.82500 4.93604e+09
379.87500 4.90643e+09
379.92500 4.92170e+09
379.97500 4.98643e+09
380.02500 5.10163e+09
380.07500 5.26380e+09
380.12500 5.46134e+09
380.17500 5.69427e+09
380.22500 5.94746e+09
380.27500 6.20577e+09
380.32500 6.44899e+09
380.37500 6.66702e+09
380.42500 6.83964e+09
380.47500 6.96684e+09
380.52500 7.03345e+09
380.57500 7.04953e+09
380.62500 7.01508e+09
380.67500 6.96040e+09
380.72500 6.89054e+09
380.77500 6.83077e+09
380.82500 6.79627e+09
380.87500 6.79716e+09
380.92500 6.83346e+09
380.97500 6.90012e+09
381.02500 6.98197e+09
381.07500 7.05373e+09
381.12500 7.09514e+09
381.17500 7.08595e+09
381.22500 7.01601e+09
381.27500 6.88024e+09
381.32500 6.68873e+09
381.37500 6.44147e+09
381.42500 6.16882e+09
381.47500 5.88597e+09
381.52500 5.62331e+09
381.57500 5.40617e+09
381.62500 5.24473e+09
381.67500 5.14912e+09
381.72500 5.10925e+09
381.77500 5.10485e+09
381.82500 5.11058e+09
381.87500 5.10111e+09
381.92500 5.06577e+09
381.97500 4.99796e+09
382.02500 4.90833e+09
382.07500 4.81105e+09
382.12500 4.72492e+09
382.17500 4.66210e+09
382.22500 4.62668e+09
382.27500 4.61053e+09
382.32500 4.60047e+09
382.37500 4.57823e+09
382.42500 4.52551e+09
382.47500 4.43163e+09
382.52500 4.30066e+09
382.57500 4.14273e+09
382.62500 3.97408e+09
382.67500 3.81708e+09
382.72500 3.69155e+09
382.77500 3.60766e+09
382.82500 3.56899e+09
382.87500 3.57149e+09
382.92500 3.60195e+09
382.97500 3.64260e+09
383.02500 3.67664e+09
383.07500 3.69034e+09
383.12500 3.67709e+09
383.17500 3.63687e+09
383.22500 3.57628e+09
383.27500 3.50906e+09
383.32500 3.44844e+09
383.37500 3.40562e+09
383.42500 3.38875e+09
383.47500 3.39887e+09
383.52500 3.42936e+09
383.57500 3.46851e+09
383.62500 3.50462e+09
383.67500 3.52597e+09
383.72500 3.52592e+09
383.77500 3.50752e+09
383.82500 3.47638e+09
383.87500 3.44574e+09
383.92500 3.43089e+09
383.97500 3.44664e+09
384.02500 3.50420e+09
384.07500 3.61226e+09
384.12500 3.77187e+09
384.17500 3.97794e+09
384.22500 4.21978e+09
384.27500 4.48413e+09
384.32500 4.75467e+09
384.37500 5.01610e+09
384.42500 5.25768e+09
384.47500 5.47279e+09
384.52500 5.65731e+09
384.57500 5.81124e+09
384.62500 5.92946e+09
384.67500 6.01707e+09
384.72500 6.07915e+09
384.77500 6.11571e+09
384.82500 6.12161e+09
384.87500 6.10197e+09
384.92500 6.06187e+09
384.97500 6.00131e+09
385.02500 5.93563e+09
385.07500 5.88016e+09
385.12500 5.83490e+09
385.17500 5.81519e+09
385.22500 5.81083e+09
385.27500 5.81159e+09
385.32500 5.81234e+09
385.37500 5.80286e+09
385.42500 5.76779e+09
385.47500 5.70712e+09
385.52500 5.62595e+09
385.57500 5.52428e+09
385.62500 5.40723e+09
385.67500 5.28502e+09
385.72500 5.15254e+09
385.77500 5.01593e+09
385.82500 4.87057e+09
385.87500 4.71800e+09
385.92500 4.56641e+09
385.97500 4.43170e+09
386.02500 4.33335e+09
386.07500 4.29187e+09
386.12500 4.32370e+09
386.17500 4.43348e+09
386.22500 4.61612e+09
386.27500 4.85471e+09
386.32500 5.12721e+09
386.37500 5.40749e+09
386.42500 5.66474e+09
386.47500 5.88101e+09
386.52500 6.04087e+09
386.57500 6.13918e+09
386.62500 6.18105e+09
386.67500 6.17158e+09
386.72500 6.12616e+09
386.77500 6.04478e+09
386.82500 5.93770e+09
386.87500 5.80490e+09
386.92500 5.65152e+09
386.97500 5.46727e+09
387.02500 5.26755e+09
387.07500 5.06624e+09
387.12500 4.88287e+09
387.17500 4.74160e+09
387.22500 4.66612e+09
387.27500 4.67083e+09
387.32500 4.75733e+09
387.37500 4.91740e+09
387.42500 5.12792e+09
387.47500 5.35599e+09
387.52500 5.56251e+09
387.57500 5.72277e+09
387.62500 5.81615e+09
387.67500 5.83750e+09
387.72500 5.78676e+09
387.77500 5.68968e+09
387.82500 5.56682e+09
387.87500 5.43878e+09
387.92500 5.31586e+09
387.97500 5.21866e+09
388.02500 5.14153e+09
388.07500 5.08757e+09
388.12500 5.05730e+09
388.17500 5.05022e+09
388.22500 5.06376e+09
388.27500 5.09380e+09
388.32500 5.13365e+09
388.37500 5.17247e+09
388.42500 5.20408e+09
388.47500 5.22023e+09
388.52500 5.21574e+09
388.57500 5.18545e+09
388.62500 5.13658e+09
388.67500 5.06912e+09
388.72500 4.99131e+09
388.77500 4.91245e+09
388.82500 4.84597e+09
388.87500 4.80786e+09
388.92500 4.81210e+09
388.97500 4.86643e+09
389.02500 4.97657e+09
389.07500 5.14046e+09
389.12500 5.34780e+09
389.17500 5.58103e+09
389.22500 5.81949e+09
389.27500 6.05284e+09
389.32500 6.25523e+09
389.37500 6.42148e+09
389.42500 6.54641e+09
389.47500 6.63517e+09
389.52500 6.69809e+09
389.57500 6.74550e+09
389.62500 6.78258e+09
389.67500 6.82485e+09
389.72500 6.86712e+09
389.77500 6.90423e+09
389.82500 6.93100e+09
389.87500 6.95260e+09
389.92500 6.96384e+09
389.97500 6.96474e+09
390.02500 6.96563e+09
390.07500 6.95616e+09
390.12500 6.93633e+09
390.17500 6.90614e+09
390.22500 6.86039e+09
390.27500 6.79390e+09
390.32500 6.71184e+09
390.37500 6.61422e+09
390.42500 6.50101e+09
390.47500 6.38259e+09
390.52500 6.27970e+09
390.57500 6.20271e+09
390.62500 6.16719e+09
390.67500 6.18355e+09
390.72500 6.26216e+09
390.77500 6.38749e+09
390.82500 6.55438e+09
390.87500 6.74206e+09
390.92500 6.93499e+09
390.97500 7.12796e+09
391.02500 7.30541e+09
391.07500 7.47251e+09
391.12500 7.61369e+09
391.17500 7.73932e+09
391.22500 7.84421e+09
391.27500 7.92315e+09
391.32500 7.97612e+09
391.37500 7.99793e+09
391.42500 7.99895e+09
391.47500 7.97918e+09
391.52500 7.94380e+09
391.57500 7.89282e+09
391.62500 7.82103e+09
391.67500 7.73882e+09
391.72500 7.64098e+09
391.77500 7.52750e+09
391.82500 7.38799e+09
391.87500 7.22762e+09
391.92500 7.05160e+09
391.97500 6.87034e+09
392.02500 6.68382e+09
392.07500 6.51287e+09
392.12500 6.36791e+09
392.17500 6.25936e+09
392.22500 6.19245e+09
392.27500 6.15678e+09
392.32500 6.14715e+09
392.37500 6.15314e+09
392.42500 6.15393e+09
392.47500 6.13386e+09
392.52500 6.07731e+09
392.57500 5.97904e+09
392.62500 5.82862e+09
392.67500 5.63644e+09
392.72500 5.40249e+09
392.77500 5.14032e+09
392.82500 4.85566e+09
392.87500 4.55735e+09
392.92500 4.25428e+09
392.97500 3.95322e+09
393.02500 3.65625e+09
393.07500 3.36130e+09
393.12500 3.07097e+09
393.17500 2.78892e+09
393.22500 2.51828e+09
393.27500 2.26742e+09
393.32500 2.04679e+09
393.37500 1.86579e+09
393.42500 1.73386e+09
393.47500 1.65676e+09
393.52500 1.64077e+09
393.57500 1.68592e+09
393.62500 1.79172e+09
393.67500 1.95347e+09
393.72500 2.16702e+09
393.77500 2.42507e+09
393.82500 2.72032e+09
393.87500 3.04022e+09
393.92500 3.37484e+09
393.97500 3.71112e+09
394.02500 4.03441e+09
394.07500 4.33214e+09
394.12500 4.59488e+09
394.17500 4.81424e+09
394.22500 4.98551e+09
394.27500 5.11231e+09
394.32500 5.20564e+09
394.37500 5.27856e+09
394.42500 5.35255e+09
394.47500 5.43704e+09
394.52500 5.55822e+09
394.57500 5.70562e+09
394.62500 5.88451e+09
394.67500 6.07392e+09
394.72500 6.26861e+09
394.77500 6.45288e+09
394.82500 6.63194e+09
394.87500 6.79008e+09
394.92500 6.94302e+09
394.97500 7.07501e+09
395.02500 7.19655e+09
395.07500 7.30238e+09
395.12500 7.38725e+09
395.17500 7.45640e+09
395.22500 7.50982e+09
395.27500 7.54227e+09
395.32500 7.56422e+09
395.37500 7.57567e+09
395.42500 7.58188e+09
395.47500 7.58284e+09
395.52500 7.57330e+09
395.57500 7.56375e+09
395.62500 7.54369e+09
395.67500 7.52363e+09
395.72500 7.50882e+09
395.77500 7.49925e+09
395.82500 7.47918e+09
395.87500 7.43807e+09
395.92500 7.36015e+09
395.97500 7.22963e+09
396.02500 7.04124e+09
396.07500 6.79494e+09
396.12500 6.49072e+09
396.17500 6.15487e+09
396.22500 5.80840e+09
396.27500 5.46185e+09
396.32500 5.13310e+09
396.37500 4.82690e+09
396.42500 4.54010e+09
396.47500 4.26429e+09
396.52500 3.99156e+09
396.57500 3.71192e+09
396.62500 3.42220e+09
396.67500 3.12714e+09
396.72500 2.83886e+09
396.77500 2.57368e+09
396.82500 2.34901e+09
396.87500 2.18172e+09
396.92500 2.08133e+09
396.97500 2.05313e+09
397.02500 2.09345e+09
397.07500 2.19706e+09
397.12500 2.35553e+09
397.17500 2.55993e+09
397.22500 2.80182e+09
397.27500 3.07121e+09
397.32500 3.36177e+09
397.37500 3.66770e+09
397.42500 3.98426e+09
397.47500 4.30882e+09
397.52500 4.63769e+09
397.57500 4.96927e+09
397.62500 5.30094e+09
397.67500 5.62900e+09
397.72500 5.95186e+09
397.77500 6.26951e+09
397.82500 6.58197e+09
397.87500 6.88922e+09
397.92500 7.18598e+09
397.97500 7.47224e+09
398.02500 7.73215e+09
398.07500 7.95513e+09
398.12500 8.14644e+09
398.17500 8.28493e+09
398.22500 8.37586e+09
398.27500 8.42451e+09
398.32500 8.43614e+09
398.37500 8.42662e+09
398.42500 8.40123e+09
398.47500 8.37054e+09
398.52500 8.35042e+09
398.57500 8.34617e+09
398.62500 8.36310e+09
398.67500 8.39591e+09
398.72500 8.44991e+09
398.77500 8.52510e+09
398.82500 8.61620e+09
398.87500 8.71791e+09
398.92500 8.81435e+09
398.97500 8.90022e+09
399.02500 8.98081e+09
399.07500 9.05082e+09
399.12500 9.11555e+09
399.17500 9.16970e+09
399.22500 9.21326e+09
399.27500 9.25152e+09
399.32500 9.28450e+09
399.37500 9.29626e+09
399.42500 9.29743e+09
399.47500 9.27737e+09
399.52500 9.23610e+09
399.57500 9.17358e+09
399.62500 9.09514e+09
399.67500 9.01136e+09
399.72500 8.93287e+09
399.77500 8.87029e+09
399.82500 8.83954e+09
399.87500 8.85127e+09
399.92500 8.90548e+09
399.97500 8.99157e+09
400.02500 9.10424e+09
400.07500 9.22756e+09
400.12500 9.35091e+09
400.17500 9.46367e+09
400.22500 9.54988e+09
400.27500 9.59359e+09
400.32500 9.57885e+09
400.37500 9.50030e+09
400.42500 9.36856e+09
400.47500 9.19425e+09
400.52500 9.00925e+09
400.57500 8.84017e+09
400.62500 8.71892e+09
400.67500 8.65616e+09
400.72500 8.66789e+09
400.77500 8.73283e+09
400.82500 8.84569e+09
400.87500 8.99051e+09
400.92500 9.14069e+09
400.97500 9.28559e+09
401.02500 9.41987e+09
401.07500 9.52756e+09
401.12500 9.60864e+09
401.17500 9.66311e+09
401.22500 9.70161e+09
401.27500 9.73478e+09
401.32500 9.75198e+09
401.37500 9.76919e+09
401.42500 9.78107e+09
401.47500 9.78762e+09
401.52500 9.77817e+09
401.57500 9.75806e+09
401.62500 9.73261e+09
401.67500 9.70182e+09
401.72500 9.67102e+09
401.77500 9.64555e+09
401.82500 9.63074e+09
401.87500 9.62661e+09
401.92500 9.63314e+09
401.97500 9.65569e+09
402.02500 9.68358e+09
402.07500 9.72216e+09
402.12500 9.76074e+09
402.17500 9.79400e+09
402.22500 9.82726e+09
402.27500 9.84985e+09
402.32500 9.85642e+09
402.37500 9.85764e+09
402.42500 9.84284e+09
402.47500 9.83337e+09
402.52500 9.82925e+09
402.57500 9.84116e+09
402.62500 9.86911e+09
402.67500 9.91846e+09
402.72500 9.96782e+09
402.77500 1.00118e+10
402.82500 1.00345e+10
402.87500 1.00197e+10
402.92500 9.96207e+09
402.97500 9.85094e+09
403.02500 9.69697e+09
403.07500 9.50549e+09
403.12500 9.28720e+09
403.17500 9.06886e+09
403.22500 8.86117e+09
403.27500 8.68556e+09
403.32500 8.54739e+09
403.37500 8.46811e+09
403.42500 8.44773e+09
403.47500 8.48628e+09
403.52500 8.58914e+09
403.57500 8.73489e+09
403.62500 8.92892e+09
403.67500 9.14979e+09
403.72500 9.38144e+09
403.77500 9.61850e+09
403.82500 9.83418e+09
403.87500 1.00231e+10
403.92500 1.01638e+10
403.97500 1.02562e+10
404.02500 1.03058e+10
404.07500 1.03124e+10
404.12500 1.02922e+10
404.17500 1.02398e+10
404.22500 1.01606e+10
404.27500 1.00384e+10
404.32500 9.86783e+09
404.37500 9.63817e+09
404.42500 9.34937e+09
404.47500 9.02828e+09
404.52500 8.69637e+09
404.57500 8.40735e+09
404.62500 8.18810e+09
404.67500 8.07627e+09
404.72500 8.09339e+09
404.77500 8.22339e+09
404.82500 8.45017e+09
404.87500 8.74152e+09
404.92500 9.05446e+09
404.97500 9.35133e+09
405.02500 9.60526e+09
405.07500 9.79470e+09
405.12500 9.90888e+09
405.17500 9.95852e+09
405.22500 9.93822e+09
405.27500 9.87487e+09
405.32500 9.78460e+09
405.37500 9.67277e+09
405.42500 9.55553e+09
405.47500 9.44364e+09
405.52500 9.33172e+09
405.57500 9.22517e+09
405.62500 9.12936e+09
405.67500 9.03891e+09
405.72500 8.95921e+09
405.77500 8.90105e+09
405.82500 8.85903e+09
405.87500 8.84396e+09
405.92500 8.86122e+09
405.97500 8.89465e+09
406.02500 8.94966e+09
406.07500 8.99929e+09
406.12500 9.04354e+09
406.17500 9.05005e+09
406.22500 9.01880e+09
406.27500 8.93359e+09
406.32500 8.80520e+09
406.37500 8.64441e+09
406.42500 8.47817e+09
406.47500 8.32269e+09
406.52500 8.21036e+09
406.57500 8.15738e+09
406.62500 8.15839e+09
406.67500 8.22419e+09
406.72500 8.33861e+09
406.77500 8.50168e+09
406.82500 8.68639e+09
406.87500 8.87115e+09
406.92500 9.03974e+09
406.97500 9.16514e+09
407.02500 9.23653e+09
407.07500 9.24848e+09
407.12500 9.21718e+09
407.17500 9.15343e+09
407.22500 9.08426e+09
407.27500 9.02588e+09
407.32500 8.98913e+09
407.37500 8.98483e+09
407.42500 8.99675e+09
407.47500 9.01950e+09
407.52500 9.02601e+09
407.57500 9.01089e+09
407.62500 8.96328e+09
407.67500 8.87776e+09
407.72500 8.76516e+09
407.77500 8.65794e+09
407.82500 8.56153e+09
407.87500 8.51384e+09
407.92500 8.52571e+09
407.97500 8.59718e+09
408.02500 8.72827e+09
408.07500 8.90815e+09
408.12500 9.10433e+09
408.17500 9.29515e+09
408.22500 9.45890e+09
408.27500 9.57391e+09
408.32500 9.64014e+09
408.37500 9.65759e+09
408.42500 9.63708e+09
408.47500 9.60029e+09
408.52500 9.56892e+09
408.57500 9.56467e+09
408.62500 9.59297e+09
408.67500 9.66468e+09
408.72500 9.77441e+09
408.77500 9.91130e+09
408.82500 1.00591e+10
408.87500 1.02015e+10
408.92500 1.03113e+10
408.97500 1.03940e+10
409.02500 1.04333e+10
409.07500 1.04346e+10
409.12500 1.04033e+10
409.17500 1.03502e+10
409.22500 1.02754e+10
409.27500 1.01897e+10
409.32500 1.00931e+10
409.37500 9.99108e+09
409.42500 9.87814e+09
409.47500 9.75429e+09
409.52500 9.63041e+09
409.57500 9.49562e+09
409.62500 9.36080e+09
409.67500 9.22051e+09
409.72500 9.07474e+09
409.77500 8.91805e+09
409.82500 8.75589e+09
409.87500 8.58280e+09
409.92500 8.39333e+09
409.97500 8.19294e+09
410.02500 7.98705e+09
410.07500 7.78110e+09
410.12500 7.59145e+09
410.17500 7.42353e+09
410.22500 7.29371e+09
410.27500 7.21288e+09
410.32500 7.18107e+09
410.37500 7.21464e+09
410.42500 7.31361e+09
410.47500 7.46712e+09
410.52500 7.67517e+09
410.57500 7.91598e+09
410.62500 8.18412e+09
410.67500 8.45777e+09
410.72500 8.71512e+09
410.77500 8.94527e+09
410.82500 9.14274e+09
410.87500 9.30207e+09
410.92500 9.42325e+09
410.97500 9.50625e+09
411.02500 9.57290e+09
411.07500 9.61773e+09
411.12500 9.65712e+09
411.17500 9.70197e+09
411.22500 9.75775e+09
411.27500 9.82447e+09
411.32500 9.91305e+09
411.37500 1.00126e+10
411.42500 1.01285e+10
411.47500 1.02445e+10
411.52500 1.03605e+10
411.57500 1.04656e+10
411.62500 1.05434e+10
411.67500 1.05939e+10
411.72500 1.06061e+10
411.77500 1.05855e+10
411.82500 1.05376e+10
411.87500 1.04732e+10
411.92500 1.04034e+10
411.97500 1.03390e+10
412.02500 1.02855e+10
412.07500 1.02485e+10
412.12500 1.02224e+10
412.17500 1.02181e+10
412.22500 1.02248e+10
412.27500 1.02425e+10
412.32500 1.02711e+10
412.37500 1.02998e+10
412.42500 1.03284e+10
412.47500 1.03515e+10
412.52500 1.03638e+10
412.57500 1.03650e+10
412.62500 1.03553e+10
412.67500 1.03346e+10
412.72500 1.03030e+10
412.77500 1.02659e+10
412.82500 1.02233e+10
412.87500 1.01807e+10
412.92500 1.01326e+10
412.97500 1.00789e+10
413.02500 1.00198e+10
413.07500 9.93877e+09
413.12500 9.84124e+09
413.17500 9.72721e+09
413.22500 9.60768e+09
413.27500 9.49909e+09
413.32500 9.42340e+09
413.37500 9.39161e+09
413.42500 9.41470e+09
413.47500 9.49819e+09
413.52500 9.64211e+09
413.57500 9.81901e+09
413.62500 1.00234e+10
413.67500 1.02333e+10
413.72500 1.04379e+10
413.77500 1.06204e+10
413.82500 1.07756e+10
413.87500 1.08978e+10
413.92500 1.09815e+10
413.97500 1.10213e+10
414.02500 1.10062e+10
414.07500 1.09305e+10
414.12500 1.07999e+10
414.17500 1.06197e+10
414.22500 1.04175e+10
414.27500 1.02042e+10
414.32500 1.00019e+10
414.37500 9.83250e+09
414.42500 9.70712e+09
414.47500 9.63674e+09
414.52500 9.61589e+09
414.57500 9.64457e+09
414.62500 9.71731e+09
414.67500 9.81208e+09
414.72500 9.93442e+09
414.77500 1.00623e+10
414.82500 1.01847e+10
414.87500 1.02906e+10
414.92500 1.03745e+10
414.97500 1.04308e+10
415.02500 1.04541e+10
415.07500 1.04499e+10
415.12500 1.04291e+10
415.17500 1.03917e+10
415.22500 1.03379e+10
415.27500 1.02784e+10
415.32500 1.02080e+10
415.37500 1.01320e+10
415.42500 1.00450e+10
415.47500 9.95790e+09
415.52500 9.87634e+09
415.57500 9.80027e+09
415.62500 9.74626e+09
415.67500 9.71432e+09
415.72500 9.70997e+09
415.77500 9.73874e+09
415.82500 9.79512e+09
415.87500 9.87913e+09
415.92500 9.97973e+09
415.97500 1.00969e+10
416.02500 1.02141e+10
416.07500 1.03424e+10
416.12500 1.04652e+10
416.17500 1.05936e+10
416.22500 1.07109e+10
416.27500 1.08283e+10
416.32500 1.09291e+10
416.37500 1.10134e+10
416.42500 1.10700e+10
416.47500 1.11045e+10
416.52500 1.11058e+10
416.57500 1.10850e+10
416.62500 1.10310e+10
416.67500 1.09549e+10
416.72500 1.08677e+10
416.77500 1.07749e+10
416.82500 1.06876e+10
416.87500 1.06170e+10
416.92500 1.05573e+10
416.97500 1.05088e+10
417.02500 1.04547e+10
417.07500 1.03784e+10
417.12500 1.02744e+10
417.17500 1.01427e+10
417.22500 9.98322e+09
417.27500 9.81820e+09
417.32500 9.66976e+09
417.37500 9.54899e+09
417.42500 9.46699e+09
417.47500 9.43487e+09
417.52500 9.43600e+09
417.57500 9.47039e+09
417.62500 9.52698e+09
417.67500 9.60022e+09
417.72500 9.67348e+09
417.77500 9.74675e+09
417.82500 9.82004e+09
417.87500 9.88780e+09
417.92500 9.95003e+09
417.97500 1.00012e+10
418.02500 1.00412e+10
418.07500 1.00646e+10
418.12500 1.00714e+10
418.17500 1.00615e+10
418.22500 1.00516e+10
418.27500 1.00417e+10
418.32500 1.00318e+10
418.37500 1.00385e+10
418.42500 1.00453e+10
418.47500 1.00520e+10
418.52500 1.00532e+10
418.57500 1.00378e+10
418.62500 1.00000e+10
418.67500 9.95121e+09
418.72500 9.90236e+09
418.77500 9.85905e+09
418.82500 9.83798e+09
418.87500 9.85028e+09
418.92500 9.89596e+09
418.97500 9.96390e+09
419.02500 1.00652e+10
419.07500 1.01889e+10
419.12500 1.03236e+10
419.17500 1.04585e+10
419.22500 1.05877e+10
419.27500 1.07004e+10
419.32500 1.07796e+10
419.37500 1.08198e+10
419.42500 1.08267e+10
419.47500 1.07834e+10
419.52500 1.07067e+10
419.57500 1.05854e+10
419.62500 1.04363e+10
419.67500 1.02648e+10
419.72500 1.00765e+10
419.77500 9.88817e+09
419.82500 9.71096e+09
419.87500 9.56716e+09
419.92500 9.45120e+09
419.97500 9.36868e+09
