Wavelength (nm)  Solar flux (mW/m^2/nm)
 0.5000  0.9909575379689203  
 1.5000  0.6605979625129735  
 2.5000  9.187292522125945  
 3.5000  5.992766326594485  
 4.5000  8.291710254107072  
 5.5000  14.251755712993154  
 6.5000  12.676306527033027  
 7.5000  13.306486201417078  
 8.5000  8.108715771737856  
 9.5000  9.100036874903537  
 10.5000  3.160593443833856  
 11.5000  2.2650111758149833  
 12.5000  1.419116151353315  
 13.5000  1.3694289077961108  
 14.5000  4.350663521228353  
 15.5000  5.247457673236425  
 16.5000  7.135572928410178  
 17.5000  31.630172118122562  
 18.5000  15.790848379277278  
 19.5000  16.263483135065318  
 20.5000  7.884517233735839  
 21.5000  6.093352697698093  
 22.5000  8.557112847741895  
 23.5000  4.293704973735948  
 24.5000  10.789403155848474  
 25.5000  17.826813481133446  
 26.5000  5.949138502983282  
 27.5000  10.459770710786048  
 28.5000  12.797494925953037  
 29.5000  3.6611015313734967  
 30.5000  77.68176370772629  
 31.5000  15.087955665541223  
 32.5000  20.953474173269697  
 33.5000  20.57779013661767  
 34.5000  8.798277761592713  
 35.5000  7.569427396543813  
 36.5000  10.258597968578831  
 37.5000  1.691790048923337  
 38.5000  0.7254337559351788  
 39.5000  0.7210709735740585  
 40.5000  1.209339032822778  
 41.5000  2.3728688508537923  
 42.5000  0.5869154159696075  
 43.5000  1.368217023806911  
 44.5000  0.5368646072156434  
 45.5000  0.6007308934464887  
 46.5000  2.1716961086465756  
 47.5000  0.8623766467147899  
 48.5000  1.4360825272021163  
 49.5000  5.112938550435214  
 50.5000  2.083228577434969  
 51.5000  0.7139208580377778  
 52.5000  1.257935580789702  
 53.5000  0.927091251738075  
 54.5000  0.5975799950745684  
 55.5000  2.675839848153817  
 56.5000  0.8158403015295062  
 57.5000  0.8128105915565059  
 58.5000  4.603947274971174  
 59.5000  0.9607816266378377  
 60.5000  3.9519536887815203  
 61.5000  1.2017041636908172  
 62.5000  5.218372457495623  
 63.5000  1.320953548228107  
 64.5000  0.30139554811406444  
 65.5000  0.23801401547889928  
 66.5000  0.2109890025197371  
 67.5000  0.21644248047113754  
 68.5000  0.7466417257461805  
 69.5000  0.5538309830644449  
 70.5000  1.446989483104917  
 71.5000  0.6339365147505714  
 72.5000  0.47857298733511877  
 73.5000  0.6235143124434506  
 74.5000  0.7683344491528623  
 75.5000  1.1698316147748549  
 76.5000  2.948513745723839  
 77.5000  2.71704390378662  
 78.5000  3.7859255822611066  
 79.5000  1.7693506242321433  
 80.5000  1.8323685916705483  
 81.5000  2.0820166934457687  
 82.5000  3.076973448579049  
 83.5000  5.218372457495623  
 84.5000  3.8210702179479097  
 85.5000  4.254924686081545  
 86.5000  4.510632207802765  
 87.5000  5.368646072156435  
 88.5000  6.135768637320097  
 89.5000  7.462781605494205  
 90.5000  8.788582689679112  
 91.5000  6.717472952136144  
 92.5000  2.3983184146269942  
 93.5000  2.0989830692945697  
 94.5000  1.4966767266621213  
 95.5000  0.8612859511245097  
 96.5000  0.8955822680188725  
 97.5000  16.081700536685304  
 98.5000  1.8238854037461476  
 99.5000  2.8139946229226283  
 100.5000  1.1398980802416123  
 101.5000  1.3173178962605065  
 102.5000  12.130958731892981  
 103.5000  12.518761608437014  
 104.5000  1.8178259838001471  
 105.5000  1.5390926662841247  
 106.5000  1.4651677429429186  
 107.5000  1.554847158143726  
 108.5000  2.6079743447586115  
 109.5000  1.754808016361742  
 110.5000  1.8711488793249516  
 111.5000  1.6978494688693375  
 112.5000  1.8747845312925517  
 113.5000  1.444565715126517  
 114.5000  0.9773844372898791  
 115.5000  1.6057462856901301  
 116.5000  1.815402215821747  
 117.5000  7.826346802254234  
 118.5000  2.0432364057913657  
 119.5000  6.849568306958955  
 119.7500  6.615674697043336  
 119.8000  6.91258627439736  
 119.8500  7.2749395871681894  
 119.9000  7.611843336165817  
 119.9500  7.820287382308234  
 120.0000  7.819075498319033  
 120.0500  7.6082076841982165  
 120.1000  7.2410068354705865  
 120.1500  6.8338138150993535  
 120.2000  6.506605138015328  
 120.2500  6.42419702674972  
 120.3000  7.202226547816183  
 120.3500  10.029551894620013  
 120.4000  15.948393297873292  
 120.4500  25.098117416334034  
 120.5000  36.34440083611094  
 120.5500  47.05745530063981  
 120.6000  54.09850127789238  
 120.6500  55.10436498892846  
 120.7000  49.67512471731202  
 120.7500  39.858864404791234  
 120.8000  29.02462154134235  
 120.8500  19.911253942557614  
 120.9000  13.924547035909129  
 120.9500  11.405040222362123  
 121.0000  11.558949488990537  
 121.0500  13.318605041309079  
 121.1000  16.80883093020536  
 121.1500  26.77051732143017  
 121.2000  66.94447156341343  
 121.2500  201.0515538082963  
 121.3000  513.8388114208417  
 121.3500  1042.3414191110046  
 121.4000  1739.0535245021408  
 121.4500  2479.514641903401  
 121.5000  3070.914028633049  
 121.5500  3313.2908264730686  
 121.6000  3125.448808147053  
 121.6500  2580.101013007009  
 121.7000  1860.2419234221506  
 121.7500  1155.7737605001337  
 121.8000  607.8810089827692  
 121.8500  270.1289411927019  
 121.9000  109.91787782044891  
 121.9500  50.79005798737611  
 122.0000  29.99412873270243  
 122.0500  20.662622015861675  
 122.1000  15.269738263921237  
 122.1500  12.074000184400578  
 122.2000  10.105900585939619  
 122.2500  8.770404429841111  
 122.3000  7.797261586513431  
 122.3500  7.060436121079772  
 122.4000  6.4835793422205255  
 122.4500  6.027910962281288  
 122.5000  5.672828953445659  
 122.5500  5.413485779756838  
 122.6000  5.242610137279625  
 122.6500  5.133540578251616  
 122.7000  5.05719188693201  
 122.7500  4.991750151515204  
 122.8000  4.902070736314397  
 122.8500  4.771187265480787  
 122.9000  4.613642346884774  
 122.9500  4.431859748504759  
 123.0000  4.237958310232743  
 123.0500  4.058599479831129  
 123.1000  3.9168090530947173  
 123.1500  3.813798914012709  
 123.2000  3.7471452946067036  
 123.2500  3.7095768909415003  
 123.3000  3.6841273271682984  
 123.3500  3.662313415362697  
 123.4000  3.6332281996218945  
 123.4500  3.589600376010691  
 123.5000  3.57990530409709  
 123.5500  3.7253313828011017  
 123.6000  4.162821502902337  
 123.6500  4.9456985599256  
 123.7000  6.059419946000491  
 123.7500  7.316143642800992  
 123.8000  8.352304453567076  
 123.8500  8.822515441376716  
 123.9000  8.638309075018299  
 123.9500  7.906331145541441  
 124.0000  6.942883374127362  
 124.0500  6.1636419690716995  
 124.1000  5.818255032149671  
 124.1500  5.865518507728475  
 124.2000  6.073962553870892  
 124.2500  6.1636419690716995  
 124.3000  5.92490082319928  
 124.3500  5.333501436469632  
 124.4000  4.557895683381569  
 124.4500  3.82349398592631  
 124.5000  3.278146190786266  
 124.5500  2.9606325856158398  
 124.6000  2.8394441866958298  
 124.6500  2.824901578825429  
 124.7000  2.824901578825429  
 124.7500  2.8091470869658273  
 124.8000  2.7909688271278257  
 124.8500  2.7849094071818254  
 124.9000  2.803087667019827  
 124.9500  2.83702041871743  
 125.0000  2.8551986785554315  
 125.0500  2.8600462145122316  
 125.1000  2.8830720103070333  
 125.1500  2.9400305577994383  
 125.2000  3.0648546086870483  
 125.2500  3.270874886851065  
 125.3000  3.496285308842283  
 125.3500  3.6732203712654976  
 125.4000  3.775018626358306  
 125.4500  3.7883493502395074  
 125.5000  3.7374502226931026  
 125.5500  3.6853392111574985  
 125.6000  3.6768560232330976  
 125.6500  3.7532047145527043  
 125.7000  3.9713438326087216  
 125.7500  4.372477433033954  
 125.8000  4.980843195612403  
 125.8500  5.747965760776066  
 125.9000  6.521147745885727  
 125.9500  7.078614380917773  
 126.0000  7.248278139405787  
 126.0500  6.935612070192162  
 126.1000  6.1757608089637  
 126.1500  5.243822021268826  
 126.2000  4.607582926938773  
 126.2500  4.673024662355578  
 126.3000  5.56133562643925  
 126.3500  7.098004524744975  
 126.4000  8.838269933236315  
 126.4500  10.151952177529221  
 126.5000  10.47916085461325  
 126.5500  9.710826405460388  
 126.6000  8.179005043111461  
 126.6500  6.355119639365315  
 126.7000  4.666965242409578  
 126.7500  3.4211485015118774  
 126.8000  2.6843230360782173  
 126.8500  2.3292410272425887  
 126.9000  2.1789674125817764  
 126.9500  2.129280169024572  
 127.0000  2.1280682850353725  
 127.0500  2.135339588970573  
 127.1000  2.124432633067772  
 127.1500  2.1014068372729704  
 127.2000  2.1062543732297705  
 127.2500  2.176543644603376  
 127.3000  2.3413598671345897  
 127.3500  2.6007030408234106  
 127.4000  2.9194285299830365  
 127.4500  3.2320945991966616  
 127.5000  3.5023447287882834  
 127.5500  3.7047293549847002  
 127.6000  3.8174345659803093  
 127.6500  3.8586386216131126  
 127.7000  3.8562148536347127  
 127.7500  3.8089513780559083  
 127.8000  3.7362383387039024  
 127.8500  3.6647371833410967  
 127.9000  3.58232907207549  
 127.9500  3.463564441133881  
 128.0000  3.2939006826458668  
 128.0500  3.0575833047518475  
 128.1000  2.7618836113870238  
 128.1500  2.4540650781301987  
 128.2000  2.182603064549377  
 128.2500  1.9777946703745604  
 128.3000  1.8566062714545504  
 128.3500  1.7984358399729459  
 128.4000  1.7681387402429434  
 128.4500  1.754808016361742  
 128.5000  1.7705625082213434  
 128.5500  1.8493349675193498  
 128.6000  2.016574958028963  
 128.6500  2.284401319642185  
 128.7000  2.627364488585813  
 128.7500  2.9836583814106414  
 128.8000  3.262391698926664  
 128.8500  3.3981227057170753  
 128.9000  3.3738850259330735  
 128.9500  3.1993737314882593  
 129.0000  2.929123601896637  
 129.0500  2.6358476765102132  
 129.1000  2.370445082875392  
 129.1500  2.1668485726897755  
 129.2000  2.0529314777049663  
 129.2500  2.0480839417481658  
 129.3000  2.149882196840974  
 129.3500  2.3534787070265906  
 129.4000  2.628576372575013  
 129.4500  2.9157928780154365  
 129.5000  3.147262719952655  
 129.5500  3.2878412626998665  
 129.6000  3.342376042213871  
 129.6500  3.346011694181471  
 129.7000  3.3666137219978727  
 129.7500  3.464776325123081  
 129.8000  3.6574658794058963  
 129.8500  4.012547888241525  
 129.9000  4.828145812973191  
 129.9500  6.615674697043336  
 130.0000  9.664774813870784  
 130.0500  13.621576038609103  
 130.1000  17.838932321025446  
 130.1500  21.644248047113756  
 130.2000  24.44370006216598  
 130.2500  26.26152604596613  
 130.3000  28.091470869658277  
 130.3500  30.93939824427851  
 130.4000  34.781070490042815  
 130.4500  38.53791085656312  
 130.5000  40.65870783766329  
 130.5500  39.88310208457523  
 130.6000  35.76269652129489  
 130.6500  29.085215740802354  
 130.7000  21.668485726897753  
 130.7500  15.318213623489243  
 130.8000  10.883930107006082  
 130.8500  8.360787641491477  
 130.9000  7.238583067492186  
 130.9500  6.7562532397905475  
 131.0000  6.313915583732512  
 131.0500  5.743118224819265  
 131.1000  5.094760290597213  
 131.1500  4.475487572115962  
 131.2000  3.960436876705921  
 131.2500  3.568998348194289  
 131.3000  3.262391698926664  
 131.3500  3.0381931609246458  
 131.4000  2.9315473698750374  
 131.4500  2.95699693364824  
 131.5000  3.0927279404386505  
 131.5500  3.3108670584946682  
 131.6000  3.5496082043670873  
 131.6500  3.7362383387039024  
 131.7000  3.852579201667112  
 131.7500  3.911961517137917  
 131.8000  3.8901476053323147  
 131.8500  3.766535438433905  
 131.9000  3.5459725523994874  
 131.9500  3.2430015550994624  
 132.0000  2.893978966209834  
 132.0500  2.580101013007009  
 132.1000  2.378928270799793  
 132.1500  2.321969723307388  
 132.2000  2.391047110691794  
 132.2500  2.531625653439005  
 132.3000  2.675839848153817  
 132.3500  2.764307379365424  
 132.4000  2.7788499872358248  
 132.4500  2.736434047613822  
 132.5000  2.6746279641646167  
 132.5500  2.6249407206074125  
 132.6000  2.631000140553413  
 132.6500  2.7412815835706223  
 132.7000  2.970327657529441  
 132.7500  3.2987482186026673  
 132.8000  3.665949067330297  
 132.8500  3.9810389045223222  
 132.9000  4.1397957071075355  
 132.9500  4.092532231528732  
 133.0000  3.852579201667112  
 133.0500  3.529006176550686  
 133.1000  3.5265824085722857  
 133.1500  5.0087165273640055  
 133.2000  9.423609900019963  
 133.2500  17.89952652048545  
 133.3000  31.157537362334523  
 133.3500  48.1117943712439  
 133.4000  64.96910066101726  
 133.4500  77.24548547161426  
 133.5000  81.85064463057464  
 133.5500  76.93039563442224  
 133.6000  63.70874131224915  
 133.6500  46.46363214593177  
 133.7000  29.848702653998416  
 133.7500  16.723999050961357  
 133.8000  8.309888513945074  
 133.8500  4.19190671864314  
 133.9000  2.7994520150522266  
 133.9500  2.518294929557804  
 134.0000  2.492845365784602  
 134.0500  2.517083045568604  
 134.1000  2.5607108691798075  
 134.1500  2.5922198528990097  
 134.2000  2.6128218807154115  
 134.2500  2.616457532683012  
 134.3000  2.6043386927910106  
 134.3500  2.5958555048666105  
 134.4000  2.603126808801811  
 134.4500  2.6079743447586115  
 134.5000  2.616457532683012  
 134.5500  2.641907096456214  
 134.6000  2.6734160801754165  
 134.6500  2.702501295916219  
 134.7000  2.7412815835706223  
 134.7500  2.7909688271278257  
 134.8000  2.864893750469032  
 134.8500  3.0321337409786455  
 134.9000  3.342376042213871  
 134.9500  3.8041038420991082  
 135.0000  4.382172504947555  
 135.0500  4.951757979871601  
 135.1000  5.335925204448032  
 135.1500  5.43166403959484  
 135.2000  5.260788397117626  
 135.2500  5.003868991407205  
 135.3000  4.911765808227997  
 135.3500  5.160202026014018  
 135.4000  5.7831103964628685  
 135.4500  6.605979625129735  
 135.5000  7.319779294768593  
 135.5500  7.690615795463823  
 135.6000  7.6518355078094205  
 135.6500  7.27615147115739  
 135.7000  6.78412657154215  
 135.7500  6.347848335430115  
 135.8000  6.012156470421687  
 135.8500  5.756448948700466  
 135.9000  5.503165194957646  
 135.9500  5.1771684018628195  
 136.0000  4.837840884886791  
 136.0500  4.492453947964764  
 136.1000  4.180999762740339  
 136.1500  3.991945860425123  
 136.2000  3.902266445224316  
 136.2500  3.9034783292135167  
 136.3000  3.9240803570299176  
 136.3500  3.9471061528247198  
 136.4000  3.8986307932567157  
 136.4500  3.8065276100775085  
 136.5000  3.6853392111574985  
 136.5500  3.590812259999891  
 136.6000  3.519311104637085  
 136.6500  3.5120398007018845  
 136.7000  3.554455740323888  
 136.7500  3.665949067330297  
 136.8000  3.812587030023509  
 136.8500  3.983462672500723  
 136.9000  4.159185850934738  
 136.9500  4.350663521228353  
 137.0000  4.510632207802765  
 137.0500  4.623337418798375  
 137.1000  4.666965242409578  
 137.1500  4.654846402517577  
 137.2000  4.57486205923037  
 137.2500  4.44155482041836  
 137.3000  4.263407874005946  
 137.3500  4.08041339163673  
 137.4000  3.913173401127117  
 137.4500  3.781078046304306  
 137.5000  3.6744322552546977  
 137.5500  3.6126261718054926  
 137.6000  3.5847528400538904  
 137.6500  3.6005073319134917  
 137.7000  3.651406459459896  
 137.7500  3.7350264547147027  
 137.8000  3.8428841297535117  
 137.8500  3.987098324468323  
 137.9000  4.116769911312733  
 137.9500  4.231898890286743  
 138.0000  4.32279018947675  
 138.0500  4.371265549044754  
 138.1000  4.350663521228353  
 138.1500  4.290069321768348  
 138.2000  4.19675425459994  
 138.2500  4.093744115517931  
 138.3000  4.000429048349524  
 138.3500  3.939834848889519  
 138.4000  3.907113981181116  
 138.4500  3.9192328210731175  
 138.5000  3.967708180641121  
 138.5500  4.046480639939128  
 138.6000  4.134948171150735  
 138.6500  4.230687006297543  
 138.7000  4.3046119296387495  
 138.7500  4.359146709152753  
 138.8000  4.370053665055554  
 138.8500  4.362782361120353  
 138.9000  4.3385446813363515  
 138.9500  4.326425841444351  
 139.0000  4.56274321933837  
 139.0500  5.575878234309652  
 139.1000  7.878457813789838  
 139.1500  11.648628904191343  
 139.2000  16.505859932905334  
 139.2500  21.426108929057737  
 139.3000  25.267781174822044  
 139.3500  27.109844838406197  
 139.4000  26.467546324130144  
 139.4500  23.4620740309139  
 139.5000  19.099291669793544  
 139.5500  14.506251350725176  
 139.6000  10.515517374289251  
 139.6500  7.559732324630212  
 139.7000  5.883696767566477  
 139.7500  5.317746944610031  
 139.8000  5.42196896768124  
 139.8500  5.7794747444952685  
 139.9000  6.370874131224916  
 139.9500  7.407034941991  
 140.0000  9.01641687964873  
 140.0500  11.161451540532905  
 140.1000  13.670051398177106  
 140.1500  16.021106337225298  
 140.2000  17.64503088275343  
 140.2500  18.238854037461476  
 140.3000  17.669268562537432  
 140.3500  16.0332251771173  
 140.4000  13.815477476881119  
 140.4500  11.518957317346933  
 140.5000  9.51086554724237  
 140.5500  7.968137228990646  
 140.6000  6.946519026094963  
 140.6500  6.380569203138517  
 140.7000  6.118802261471296  
 140.7500  5.963681110853683  
 140.8000  5.849764015868874  
 140.8500  5.80250054029007  
 140.9000  5.827950104063272  
 140.9500  5.912781983307279  
 141.0000  6.03760603419489  
 141.0500  6.1697013890177  
 141.1000  6.300584859851311  
 141.1500  6.373297899203316  
 141.2000  6.374509783192517  
 141.2500  6.3187631196893115  
 141.3000  6.243626312358906  
 141.3500  6.135768637320097  
 141.4000  6.058208062011291  
 141.4500  6.012156470421687  
 141.5000  6.010944586432487  
 141.5500  6.031546614248889  
 141.6000  6.069115017914092  
 141.6500  6.095776465676494  
 141.7000  6.118802261471296  
 141.7500  6.115166609503695  
 141.8000  6.092140813708894  
 141.8500  6.061843713978892  
 141.9000  6.0291228462704884  
 141.9500  5.9951900945728855  
 142.0000  5.969740530799683  
 142.0500  5.958833574896882  
 142.1000  5.953986038940083  
 142.1500  6.009732702443287  
 142.2000  6.153946897158098  
 142.2500  6.430256446695721  
 142.3000  6.820483091218152  
 142.3500  7.262820747276188  
 142.4000  7.64819985584182  
 142.4500  7.89057665368184  
 142.5000  7.911178681498241  
 142.5500  7.707582171312625  
 142.6000  7.3525001624769954  
 142.6500  6.940459606148963  
 142.7000  6.576894409388933  
 142.7500  6.311491815754112  
 142.8000  6.150311245190498  
 142.8500  6.121226029449696  
 142.9000  6.229083704488505  
 142.9500  6.42419702674972  
 143.0000  6.702930344265742  
 143.0500  7.0931569887881745  
 143.1000  7.5209520369758085  
 143.1500  7.932992593303843  
 143.2000  8.249294314485068  
 143.2500  8.417746188983882  
 143.3000  8.408051117070281  
 143.3500  8.26383692235547  
 143.4000  8.02146012451545  
 143.4500  7.775447674707829  
 143.5000  7.568215512554613  
 143.5500  7.415518129915401  
 143.6000  7.320991178757793  
 143.6500  7.265244515254589  
 143.7000  7.2143453877081845  
 143.7500  7.139208580377778  
 143.8000  7.068919309004173  
 143.8500  6.9986300376305675  
 143.9000  6.939247722159762  
 143.9500  6.895619898548558  
 144.0000  6.902891202483759  
 144.0500  6.908950622429759  
 144.1000  6.952578446040963  
 144.1500  6.999841921619767  
 144.2000  7.053164817144571  
 144.2500  7.117394668572176  
 144.3000  7.217981039675785  
 144.3500  7.2919059630169905  
 144.4000  7.382797262206998  
 144.4500  7.465205373472605  
 144.5000  7.52337580495421  
 144.5500  7.554884788673412  
 144.6000  7.553672904684213  
 144.6500  7.502773777137808  
 144.7000  7.442179577677803  
 144.7500  7.3621952343905965  
 144.8000  7.273727703178989  
 144.8500  7.211921619729784  
 144.9000  7.170717564096981  
 144.9500  7.15496307223738  
 145.0000  7.175565100053781  
 145.0500  7.215557271697385  
 145.1000  7.262820747276188  
 145.1500  7.330686250671394  
 145.2000  7.417941897893801  
 145.2500  7.541554064792211  
 145.3000  7.674861303604222  
 145.3500  7.808168542416233  
 145.4000  7.935416361282242  
 145.4500  8.03236708041825  
 145.5000  8.060240412169852  
 145.5500  8.051757224245453  
 145.6000  8.004493748666649  
 145.6500  7.968137228990646  
 145.7000  7.951170853141845  
 145.7500  7.960865925055445  
 145.8000  8.009341284623448  
 145.8500  8.092961279878256  
 145.9000  8.149919827370661  
 145.9500  8.175369391143864  
 146.0000  8.197183302949465  
 146.0500  8.244446778528268  
 146.1000  8.352304453567076  
 146.1500  8.52075632806589  
 146.2000  8.741319214100308  
 146.2500  8.959458332156325  
 146.3000  9.13154585862274  
 146.3500  9.199411362017946  
 146.4000  9.199411362017946  
 146.4500  9.170326146277143  
 146.5000  9.220013389834346  
 146.5500  9.411491060127963  
 146.6000  9.760513649017591  
 146.6500  10.190732465183626  
 146.7000  10.623375049328061  
 146.7500  10.950583726412086  
 146.8000  11.079043429267298  
 146.8500  11.006330389915291  
 146.9000  10.799098227762075  
 146.9500  10.591866065608858  
 147.0000  10.542178822051653  
 147.0500  10.853633007276079  
 147.1000  11.586822820742139  
 147.1500  12.688425366925028  
 147.2000  13.96090355558513  
 147.2500  15.100074505433223  
 147.3000  15.827204898953282  
 147.3500  15.972630977657294  
 147.4000  15.475758542085254  
 147.4500  14.506251350725176  
 147.5000  13.258010841849075  
 147.5500  11.996439609091771  
 147.6000  10.889989526952082  
 147.6500  10.076815370198817  
 147.7000  9.565400326756375  
 147.7500  9.289090777218751  
 147.8000  9.158207306385142  
 147.8500  9.232132229726348  
 147.9000  9.524196271123571  
 147.9500  10.039246966533613  
 148.0000  10.788191271859274  
 148.0500  11.704375567694548  
 148.1000  12.57935580789702  
 148.1500  13.245892001957072  
 148.2000  13.573100679041099  
 148.2500  13.488268799797092  
 148.3000  13.112584763145064  
 148.3500  12.59147464778902  
 148.4000  12.077635836368179  
 148.4500  11.762545999176153  
 148.5000  11.668019048018547  
 148.5500  11.72618947950015  
 148.6000  11.813445126722556  
 148.6500  11.84616599443096  
 148.7000  11.72861324747855  
 148.7500  11.465634421822129  
 148.8000  11.1008573410729  
 148.8500  10.73608026032367  
 148.9000  10.417354771164042  
 148.9500  10.24041970874083  
 149.0000  10.205275073054025  
 149.0500  10.307073328146835  
 149.1000  10.49612723046205  
 149.1500  10.709418812561267  
 149.2000  10.894837062908882  
 149.2500  11.022084881774893  
 149.3000  11.052381981504896  
 149.3500  11.020872997785691  
 149.4000  10.944524306466088  
 149.4500  10.836666631427278  
 149.5000  10.72638518841007  
 149.5500  10.651248381079663  
 149.6000  10.60034925353326  
 149.6500  10.588230413641257  
 149.7000  10.591866065608858  
 149.7500  10.663367220971663  
 149.8000  10.805157647708075  
 149.8500  10.99784720199089  
 149.9000  11.218410088025308  
 149.9500  11.48502456564933  
 150.0000  11.73224889944615  
 150.0500  11.935823595719961  
 150.1000  12.067897136630966  
 150.1500  12.111501934446375  
 150.2000  12.094513744685768  
 150.2500  12.035110827187147  
 150.3000  11.934502642171733  
 150.3500  11.831473112945897  
 150.4000  11.756315703587676  
 150.4500  11.686005830186254  
 150.5000  11.645993056514833  
 150.5500  11.627794194649017  
 150.6000  11.661705132434813  
 150.6500  11.728335726045025  
 150.7000  11.803449507579634  
 150.7500  11.902799757014257  
 150.8000  12.06637743410851  
 150.8500  12.276009126560341  
 150.9000  12.542587247664688  
 150.9500  12.845521888445036  
 151.0000  13.124230968281276  
 151.0500  13.342333729817616  
 151.1000  13.42714137138184  
 151.1500  13.36652293424205  
 151.2000  13.196834938074252  
 151.2500  12.966564861286342  
 151.3000  12.724175944606431  
 151.3500  12.542381227386525  
 151.4000  12.40906186973462  
 151.4500  12.384799952270836  
 151.5000  12.396894554483051  
 151.5500  12.433226836479271  
 151.6000  12.46955911847549  
 151.6500  12.50589140047171  
 151.7000  12.505867162791924  
 151.7500  12.517961765004141  
 151.8000  12.505818687432356  
 151.8500  12.505806568592465  
 151.9000  12.542126731748791  
 151.9500  12.590577853637011  
 152.0000  12.675385495201235  
 152.0500  12.784418697709569  
 152.1000  12.954046099677905  
 152.1500  13.147911181430246  
 152.2000  13.378132782858588  
 152.2500  13.571985745771036  
 152.3000  13.826432908143488  
 152.3500  14.250531710164061  
 152.4000  15.074515872100994  
 152.4500  16.334741913630282  
 152.5000  17.910021435831922  
 152.5500  19.545870919813783  
 152.6000  20.878785763015298  
 152.6500  21.569450567300322  
 152.7000  21.387655850080417  
 152.7500  20.406078294187907  
 152.8000  18.97616425649082  
 152.8500  17.461442577229505  
 152.9000  16.116360418776424  
 152.9500  15.219626860967812  
 153.0000  14.953012383343792  
 153.0500  15.389217906416476  
 153.1000  16.467649230725858  
 153.1500  18.091355637135933  
 153.2000  19.99375900454236  
 153.2500  21.750748412084658  
 153.3000  22.998795019522486  
 153.3500  23.386513064187273  
 153.4000  22.80483298705101  
 153.4500  21.532475986789827  
 153.5000  20.0177785452083  
 153.5500  18.57578202413889  
 153.6000  17.448838983741826  
 153.6500  16.746006864205228  
 153.7000  16.370347065232984  
 153.7500  16.188564466852966  
 153.8000  16.091589510037174  
 153.8500  16.079446432465392  
 153.9000  16.261180555485836  
 153.9500  16.612542080474622  
 154.0000  17.02448568608352  
 154.0500  17.3879660509643  
 154.1000  17.58180689503686  
 154.1500  17.47272521716896  
 154.2000  17.133421937872715  
 154.2500  16.72141773806436  
 154.3000  16.369995618876114  
 154.3500  16.1518565008201  
 154.4000  16.151832263140314  
 154.4500  16.57588258980132  
 154.5000  18.320680444412268  
 154.5500  22.5736539972712  
 154.6000  29.213626968298  
 154.6500  37.525696873423634  
 154.7000  46.51626426758273  
 154.7500  54.489006655732325  
 154.8000  59.97777466889828  
 154.8500  62.48582917874734  
 154.9000  61.62430085082499  
 154.9500  58.327976400200725  
 155.0000  53.807649120484356  
 155.0500  48.46324072811192  
 155.1000  42.65831641984345  
 155.1500  37.076693855425  
 155.2000  31.79381281318425  
 155.2500  26.825985251615855  
 155.3000  22.48822829487249  
 155.3500  19.144034426674814  
 155.4000  17.193252650419524  
 155.4500  16.490469006242495  
 155.5000  16.46620708877871  
 155.5500  16.720617894631484  
 155.6000  17.31429562326083  
 155.6500  18.344154637283076  
 155.7000  19.88289585721033  
 155.7500  22.112253406063047  
 155.8000  25.10494032319323  
 155.8500  28.727649369788868  
 155.9000  32.50786697846084  
 155.9500  35.779190262387914  
 156.0000  37.94791725526095  
 156.0500  38.54154650853072  
 156.1000  37.42678290222512  
 156.1500  34.906561077124486  
 156.2000  31.623034121426173  
 156.2500  28.242592803111528  
 156.3000  25.310451610081785  
 156.3500  23.008356784197275  
 156.4000  21.481698047642343  
 156.4500  20.633536800120872  
 156.5000  20.27002007872041  
 156.5500  20.245758161256624  
 156.6000  20.427455927757396  
 156.6500  20.790899936118503  
 156.7000  21.34818478855217  
 156.7500  22.038752642118062  
 156.8000  22.802009297356175  
 156.8500  23.553147112702288  
 156.9000  24.146776365972066  
 156.9500  24.534445935277287  
 157.0000  24.570741860753824  
 157.0500  24.3526148615377  
 157.1000  24.00121698002924  
 157.1500  23.795208820705113  
 157.2000  23.989013308257995  
 157.2500  24.667450203091995  
 157.3000  25.672998824290882  
 157.3500  26.73912952610989  
 157.4000  27.526587504612326  
 157.4500  27.659809911545093  
 157.5000  27.078214666288073  
 157.5500  25.915072651133606  
 157.6000  24.436937749506242  
 157.6500  22.92245844704277  
 157.7000  21.650295348219863  
 157.7500  20.765838175221845  
 157.8000  20.341751492041166  
 157.8500  20.329608414469376  
 157.9000  20.65668378431459  
 157.9500  21.09279235666814  
 158.0000  21.480449807133468  
 158.0500  21.710598695522457  
 158.1000  21.66209909827467  
 158.1500  21.395520977170325  
 158.2000  21.06837289428576  
 158.2500  20.91084009452964  
 158.3000  21.019836940518296  
 158.3500  21.334793470471507  
 158.4000  21.807246443661167  
 158.4500  22.267580576958824  
 158.5000  22.61886938890826  
 158.5500  22.89748151802536  
 158.6000  23.151855967358458  
 158.6500  23.43045597763567  
 158.7000  23.793863629477105  
 158.7500  24.133045720374426  
 158.8000  24.351063650031524  
 158.8500  24.375252854455958  
 158.9000  24.169256813971728  
 158.9500  23.757301089522937  
 159.0000  23.321119804130035  
 159.0500  22.93340175946525  
 159.1000  22.691073436984798  
 159.1500  22.64257383973701  
 159.2000  22.84847292950211  
 159.2500  23.17553618050743  
 159.3000  23.57527611434508  
 159.3500  23.938683766186518  
 159.4000  24.168808416895722  
 159.4500  24.168772060376046  
 159.5000  23.877980497167485  
 159.5500  23.332778128106142  
 159.6000  22.69066139642847  
 159.6500  22.060651385802906  
 159.7000  21.51546113558146  
 159.7500  21.176218450484676  
 159.8000  21.091374452400775  
 159.8500  21.24882242027765  
 159.9000  21.612217953279195  
 159.9500  22.278475414021734  
 160.0000  23.150668321049043  
 160.0500  24.156132110368688  
 160.1000  25.14946494095644  
 160.1500  25.96107576736364  
 160.2000  26.44561122392562  
 160.2500  26.494013870454275  
 160.3000  26.154771185357493  
 160.3500  25.561117694407933  
 160.4000  24.882680799573933  
 160.4500  24.252695026628153  
 160.5000  23.864989100803257  
 160.5500  23.78014510271936  
 160.6000  24.058732994156674  
 160.6500  24.603826293658987  
 160.7000  25.294285077665855  
 160.7500  25.99685058272483  
 160.8000  26.7236537675678  
 160.8500  27.377768150738554  
 160.9000  27.983419293181196  
 160.9500  28.589058316783944  
 161.0000  29.31584938278703  
 161.0500  30.13954269256655  
 161.1000  31.12072032674262  
 161.1500  32.1018979609187  
 161.2000  32.90135359091422  
 161.2500  33.32528272917631  
 161.3000  33.252533333304626  
 161.3500  32.574096438470626  
 161.4000  31.42323080812675  
 161.4500  30.114880853386328  
 161.5000  28.85499413937401  
 161.5500  27.885838394370804  
 161.6000  27.40124234360936  
 161.6500  27.38907502835779  
 161.7000  27.703983082951435  
 161.7500  28.20058890404585  
 161.8000  28.64874360325205  
 161.8500  29.036328340678022  
 161.9000  29.436031917996  
 161.9500  29.908400059306416  
 162.0000  30.562478085957494  
 162.0500  31.48304940183367  
 162.1000  32.46419067949007  
 162.1500  33.32417991474614  
 162.2000  34.02670906328543  
 162.2500  34.486958364703845  
 162.3000  34.765497780781594  
 162.3500  34.97136051402702  
 162.4000  35.17722324727244  
 162.4500  35.4921070641863  
 162.5000  35.78276532015605  
 162.5500  35.91595137056914  
 162.6000  35.84320197469746  
 162.6500  35.58875481232501  
 162.7000  35.24952424606811  
 162.7500  34.94662596180744  
 162.8000  34.7285232002711  
 162.8500  34.58310924040698  
 162.9000  34.49825312348319  
 162.9500  34.4133970065594  
 163.0000  34.41333641235994  
 163.0500  34.52228478298903  
 163.1000  34.97041524451544  
 163.1500  35.794035841255614  
 163.2000  36.70243984188022  
 163.2500  37.513941598728394  
 163.3000  38.04685546413924  
 163.3500  38.01043835026378  
 163.4000  37.50162885739812  
 163.4500  36.87169155981191  
 163.5000  36.2296354223337  
 163.5500  35.91464253586081  
 163.6000  36.02359090648989  
 163.6500  36.54437381316885  
 163.7000  37.69502130439467  
 163.7500  39.75413339044456  
 163.8000  42.52788134608585  
 163.8500  45.78612840176945  
 163.9000  49.14189576206398  
 163.9500  51.8807535776562  
 164.0000  53.29865784502032  
 164.0500  53.116875246640305  
 164.1000  51.51718838089617  
 164.1500  48.8985615758725  
 164.2000  46.10046687088817  
 164.2500  43.75055110278983  
 164.3000  42.04259452145056  
 164.3500  41.000846925494265  
 164.4000  40.41937286863617  
 164.4500  39.71677100705752  
 164.5000  38.82038889560577  
 164.5500  37.92399466531413  
 164.6000  37.20929820152327  
 164.6500  36.83374747211005  
 164.7000  36.87000704106692  
 164.7500  37.06373881558044  
 164.8000  37.28169615103808  
 164.8500  37.39064452166718  
 164.9000  37.269444003907275  
 164.9500  36.918130954278055  
 165.0000  36.42145242014429  
 165.0500  35.86422816191008  
 165.1000  35.52502183333297  
 165.1500  35.60974464301795  
 165.2000  36.130503312017126  
 165.2500  37.20841352621115  
 165.3000  39.15839545903357  
 165.3500  42.561814097783454  
 165.4000  47.98792770870775  
 165.4500  55.93332999406101  
 165.5000  66.49489895993986  
 165.5500  78.78843192898404  
 165.6000  91.04884410860338  
 165.6500  101.05900585939618  
 165.7000  106.74274176874465  
 165.7500  106.92452436712466  
 165.8000  101.71342321356424  
 165.8500  92.25595327488602  
 165.9000  80.65264883189076  
 165.9500  69.29163635485628  
 166.0000  59.820096443063456  
 166.0500  52.988948772740336  
 166.1000  48.79819334388694  
 166.1500  46.71489205341262  
 166.2000  45.81853417964066  
 166.2500  45.45510229011944  
 166.3000  45.30968833025532  
 166.3500  45.22482009449164  
 166.4000  45.07939401578763  
 166.4500  45.04297690191216  
 166.5000  45.103462031813145  
 166.5500  45.115483920986  
 166.6000  45.07906680711054  
 166.6500  44.93365284724643  
 166.7000  44.70345548349786  
 166.7500  44.945602023379934  
 166.8000  46.277777617348036  
 166.8500  48.83319255349504  
 166.9000  52.39385313984363  
 166.9500  56.378394389094744  
 167.0000  59.74525048789046  
 167.0500  61.622398192961946  
 167.1000  61.5496124405706  
 167.1500  59.74492327921337  
 167.2000  57.0197839903789  
 167.2500  54.28253798049231  
 167.3000  52.16297712106112  
 167.3500  50.95175966805508  
 167.4000  50.57622105748176  
 167.4500  50.660907510647064  
 167.5000  50.72138052170814  
 167.5500  50.49117103911969  
 167.6000  50.06719342549804  
 167.6500  49.71588037586882  
 167.7000  49.53412201516859  
 167.7500  49.53403718328935  
 167.8000  49.739827203495416  
 167.8500  50.1878485954628  
 167.9000  50.75697355447095  
 167.9500  51.36241867663543  
 168.0000  51.90731807469947  
 168.0500  52.24633050183831  
 168.1000  52.36733711815993  
 168.1500  52.221923158295816  
 168.2000  51.88271682971871  
 168.2500  51.64041274491804  
 168.3000  51.82197720418  
 168.3500  52.71808058231422  
 168.4000  54.42558876657749  
 168.4500  56.82341030876891  
 168.5000  59.56032910997841  
 168.5500  62.18822682751948  
 168.6000  64.25903359406513  
 168.6500  65.51842343564189  
 168.7000  65.9300640702535  
 168.7500  65.76038819292557  
 168.8000  65.37273074246025  
 168.8500  65.23939926596844  
 168.9000  65.57837533658761  
 168.9500  66.41388451526184  
 169.0000  67.66113127926678  
 169.0500  69.0173870081003  
 169.1000  70.11930464412038  
 169.1500  70.97901514605893  
 169.2000  71.76606108400505  
 169.2500  72.50465590006293  
 169.3000  73.26747627706493  
 169.3500  74.16350694215981  
 169.4000  75.28962590144421  
 169.4500  76.63372643386604  
 169.5000  78.06259825133242  
 169.5500  79.44301894691058  
 169.6000  80.7386683574442  
 169.6500  81.77999179400426  
 169.7000  82.51856237238238  
 169.7500  82.79694424354153  
 169.8000  82.7604665354666  
 169.8500  82.82086683348834  
 169.9000  83.35356255978112  
 169.9500  84.45541960160175  
 170.0000  86.3080993689313  
 170.0500  88.71799127565515  
 170.1000  91.09156301922268  
 170.1500  92.71429991844138  
 170.2000  93.31980563480533  
 170.2500  92.83540348548216  
 170.3000  91.40642259845676  
 170.3500  89.40826827706364  
 170.4000  87.41011395567051  
 170.4500  85.71471249245937  
 170.5000  84.61269790572014  
 170.5500  84.27361276554196  
 170.6000  84.74590819381301  
 170.6500  85.90846850465266  
 170.7000  87.61597668891594  
 170.7500  89.66257001335738  
 170.8000  91.79393462284338  
 170.8500  93.58622621099109  
 170.9000  94.51869822764121  
 170.9500  94.49447266669709  
 171.0000  93.68310421708775  
 171.0500  92.33889461510688  
 171.1000  90.64349315189573  
 171.1500  88.9965306917329  
 171.2000  87.5554309648155  
 171.2500  86.3323249298754  
 171.3000  85.30297490712863  
 171.3500  84.57636562372392  
 171.4000  84.3705028904785  
 171.4500  84.92755748495422  
 171.5000  86.40497737502794  
 171.5500  88.66955227260682  
 171.6000  91.35798359540843  
 171.6500  93.9858570752697  
 171.7000  96.20198085096035  
 171.7500  97.521977010837  
 171.8000  98.06692488426062  
 171.8500  98.29701317845014  
 171.9000  98.34546430033835  
 171.9500  98.29701317845014  
 172.0000  98.16380289035726  
 172.0500  97.65518729892987  
 172.1000  96.61373055513099  
 172.1500  95.16052410716148  
 172.2000  93.69521093813984  
 172.2500  92.82328464559016  
 172.3000  92.88384248853049  
 172.3500  93.93741807222138  
 172.4000  95.81446882657374  
 172.4500  98.03059260226438  
 172.5000  100.08930476659783  
 172.5500  101.54249909572746  
 172.6000  102.1480048120914  
 172.6500  102.02690124505062  
 172.7000  101.21553279544128  
 172.7500  99.60490261727466  
 172.8000  97.43720572579244  
 172.8500  95.01520709801649  
 172.9000  92.5568761882443  
 172.9500  90.40128601781419  
 173.0000  88.96019840973669  
 173.0500  88.4757962604135  
 173.1000  88.86332040364003  
 173.1500  89.92899058954313  
 173.2000  91.38219703751264  
 173.2500  92.9201747705267  
 173.3000  94.32493009660801  
 173.3500  95.5601549714401  
 173.4000  96.58950499418688  
 173.4500  97.42509900474035  
 173.5000  98.15169616930515  
 173.5500  98.7814153277733  
 173.6000  99.3263753200368  
 173.6500  99.91976219650874  
 173.7000  100.56158807602901  
 173.7500  101.30030408048582  
 173.8000  102.13589809103928  
 173.8500  103.20158039578229  
 173.9000  104.55789671881526  
 173.9500  106.19275245792598  
 174.0000  108.13034893637875  
 174.0500  110.39492383395763  
 174.1000  112.78060229857726  
 174.1500  115.06939063826036  
 174.2000  117.22498080869046  
 174.2500  119.08992484199071  
 174.3000  120.53101245006822  
 174.3500  121.70563100660041  
 174.4000  122.4322766465248  
 174.4500  122.55334385704589  
 174.5000  122.19014222548263  
 174.5500  121.22124097611713  
 174.6000  119.73175072151098  
 174.6500  118.0121236973557  
 174.7000  116.42571908013322  
 174.7500  115.42058249949065  
 174.8000  115.36003677539023  
 174.8500  116.41360024024122  
 174.9000  118.54496484972722  
 174.9500  121.46349658555823  
 175.0000  124.85434798734013  
 175.0500  128.12401099020195  
 175.1000  130.9092839625806  
 175.1500  133.21016690447587  
 175.2000  135.02665981588788  
 175.2500  136.96434112621992  
 175.3000  138.78083403763196  
 175.3500  140.83946137008616  
 175.4000  142.89820989093928  
 175.4500  144.83577001287242  
 175.5000  146.2890612927212  
 175.5500  147.25784135368772  
 175.6000  147.98436580521317  
 175.6500  148.34768862517538  
 175.7000  148.83207865565865  
 175.7500  149.43765708506194  
 175.8000  150.28536993550742  
 175.8500  151.25414999647398  
 175.9000  152.46518566688164  
 175.9500  153.79728854781038  
 176.0000  155.00820302981913  
 176.0500  155.97698309078567  
 176.1000  156.21923870022678  
 176.1500  155.73484866974349  
 176.2000  154.40274578881477  
 176.2500  152.34399726796164  
 176.3000  149.55872429558303  
 176.3500  146.53119571376337  
 176.4000  143.74592274138476  
 176.4500  142.17156425101493  
 176.5000  142.41381986045602  
 176.5500  144.59363559183024  
 176.6000  148.95326705457865  
 176.6500  154.40274578881477  
 176.7000  159.73115731252975  
 176.7500  163.96960037635816  
 176.8000  166.87606174765676  
 176.8500  168.69255465906878  
 176.9000  170.26691314943864  
 176.9500  172.44660769241392  
 177.0000  176.0797147036369  
 177.0500  181.52919343787298  
 177.1000  188.31077505303782  
 177.1500  195.33461227764374  
 177.2000  201.14741383184202  
 177.2500  204.1749424136617  
 177.3000  203.44829677373733  
 177.3500  199.20985370990888  
 177.4000  192.06494927478187  
 177.4500  183.4667535598061  
 177.5000  175.7163918836747  
 177.5500  169.78240193055643  
 177.6000  166.87606174765676  
 177.6500  167.23938456761897  
 177.7000  170.3879803599597  
 177.7500  175.5953246731536  
 177.8000  182.25571788939843  
 177.8500  189.27955511400438  
 177.9000  195.69793509760595  
 177.9500  201.02634662132093  
 178.0000  204.05375401474168  
 178.0500  205.02265526410716  
 178.1000  204.2960096241828  
 178.1500  202.35844950224967  
 178.2000  200.29970098139654  
 178.2500  198.9675981004678  
 178.3000  198.8465308899467  
 178.3500  199.93637816143436  
 178.4000  201.75287107284638  
 178.4500  203.6905523831784  
 178.5000  205.50704529459045  
 178.5500  206.47582535555702  
 178.6000  206.9602153860403  
 178.6500  207.08128259656138  
 178.7000  207.92899544700686  
 178.7500  209.2610983279356  
 178.8000  211.56198126983088  
 178.8500  214.71057706217167  
 178.9000  218.10142846395357  
 178.9500  221.12895704577323  
 179.0000  222.94544995718528  
 179.0500  223.06651716770637  
 179.1000  220.88670143633215  
 179.1500  216.4060027630626  
 179.2000  210.35106678782216  
 179.2500  203.6905523831784  
 179.3000  197.63549521953905  
 179.3500  193.15479654626952  
 179.4000  190.9749808148953  
 179.4500  190.85391360437424  
 179.5000  192.42815090634514  
 179.5500  194.72915503663938  
 179.6000  197.39323961009796  
 179.6500  199.81531095091324  
 179.7000  201.75287107284638  
 179.7500  204.05375401474168  
 179.8000  206.59689256607808  
 179.8500  209.74548835841887  
 179.9000  213.25740697072183  
 179.9500  216.7693255830248  
 180.0000  220.88670143633215  
 180.0500  224.03529722867293  
 180.1000  226.4573685694882  
 180.1500  228.03160587145916  
 180.2000  228.87931872190464  
 180.2500  229.2426415418668  
 180.3000  229.4848971513079  
 180.3500  230.57474442279556  
 180.4000  232.39123733420757  
 180.4500  234.8133086750229  
 180.5000  237.71964885792258  
 180.5500  242.68473756167538  
 180.6000  251.52506769769334  
 180.6500  265.93594377846847  
 180.7000  284.1009940809876  
 180.7500  299.72290583217045  
 180.8000  305.6568957852887  
 180.8500  301.17619711201917  
 180.9000  290.03498403410595  
 180.9500  276.3506324048563  
 181.0000  263.15067080608986  
 181.0500  251.64613490821444  
 181.1000  243.29031599107864  
 181.1500  238.32510609892694  
 181.2000  235.41876591602727  
 181.2500  232.6334929436487  
 181.3000  229.72703157235009  
 181.3500  228.15279427037916  
 181.4000  232.87562736469087  
 181.4500  249.82964199680237  
 181.5000  283.13221402002114  
 181.5500  330.1191376724895  
 181.6000  381.22343717826516  
 181.6500  423.487285359624  
 181.7000  447.2230027952993  
 181.7500  446.617424365896  
 181.8000  422.88182811861964  
 181.8500  384.1297773611648  
 181.9000  341.62367357036493  
 181.9500  304.44586011488104  
 182.0000  278.2881925267894  
 182.0500  265.81487656794735  
 182.1000  266.4204549973507  
 182.1500  274.5341394934443  
 182.2000  285.0697741419542  
 182.2500  295.12113994837983  
 182.3000  303.7192144749567  
 182.3500  309.89533884911714  
 182.4000  312.5595446109747  
 182.4500  310.9853073090037  
 182.5000  305.05131735588543  
 182.5500  295.9688527988253  
 182.6000  286.76519984284516  
 182.6500  280.10468543820144  
 182.7000  276.3506324048563  
 182.7500  275.26066394496974  
 182.8000  276.10837679541515  
 182.8500  278.0460581057472  
 182.9000  280.4680082581636  
 182.9500  282.52675677901675  
 183.0000  284.5853841114709  
 183.0500  287.1285226628073  
 183.1000  290.3981856656692  
 183.1500  294.0312926768922  
 183.2000  297.5430901007962  
 183.2500  301.0550087130992  
 183.3000  304.80918293484325  
 183.3500  309.2898816081128  
 183.4000  313.1651230403779  
 183.4500  315.46600598227326  
 183.5000  314.98161595179  
 183.5500  312.5595446109747  
 183.6000  310.1375944585582  
 183.6500  309.532016029155  
 183.7000  310.9853073090037  
 183.7500  313.1651230403779  
 183.8000  315.2237503728321  
 183.8500  315.34481758335323  
 183.9000  311.8330201594492  
 183.9500  303.7192144749567  
 184.0000  292.9413242170056  
 184.0500  281.6790439285713  
 184.1000  271.99100094210786  
 184.1500  266.2992665984306  
 184.2000  266.2992665984306  
 184.2500  271.02222088114127  
 184.3000  277.1983452553017  
 184.3500  280.7102638676047  
 184.4000  281.073465499168  
 184.4500  278.89377095619267  
 184.5000  275.0185295239275  
 184.5500  268.96347236028816  
 184.6000  260.97085507471564  
 184.6500  251.8883905176555  
 184.7000  244.0168404426041  
 184.7500  240.1417201987379  
 184.8000  241.11050025970445  
 184.8500  245.83333335401616  
 184.9000  252.25171333761773  
 184.9500  258.4278377117782  
 185.0000  261.57643350411894  
 185.0500  259.88100780322804  
 185.1000  254.9159190994752  
 185.1500  250.67735484724787  
 185.2000  251.16174487773117  
 185.2500  258.4278377117782  
 185.3000  272.1120681526289  
 185.3500  291.2458985161147  
 185.4000  312.8018002204157  
 185.4500  332.1777650049437  
 185.5000  345.49879381423114  
 185.5500  351.9171737978327  
 185.6000  351.7959853989127  
 185.6500  346.3465066646766  
 185.7000  337.8694993486208  
 185.7500  328.66584639264073  
 185.8000  320.9154847165093  
 185.8500  315.34481758335323  
 185.9000  312.07515458049136  
 185.9500  311.2274417300459  
 186.0000  312.43847740045356  
 186.0500  315.46600598227326  
 186.1000  319.7044490461017  
 186.1500  324.79072614877447  
 186.2000  330.3612720935317  
 186.2500  335.4475491962045  
 186.3000  338.11175495806197  
 186.3500  337.62736492757864  
 186.4000  334.72090355628006  
 186.4500  331.2089849439771  
 186.5000  328.5447791821196  
 186.5500  329.63474764200623  
 186.6000  336.65846367821314  
 186.6500  350.10068088642066  
 186.7000  366.3280498786078  
 186.7500  381.1022487793452  
 186.8000  392.00132743621623  
 186.8500  399.99394472178875  
 186.9000  406.65445912643247  
 186.9500  412.2250050711896  
 187.0000  416.10024650345474  
 187.0500  417.79567220434575  
 187.1000  417.5534165949046  
 187.1500  415.6158564729715  
 187.2000  412.8305835005929  
 187.2500  409.6818665198532  
 187.3000  407.5021719768779  
 187.3500  406.89659354747465  
 187.4000  407.13884915691574  
 187.4500  406.53327072751244  
 187.5000  404.83796621502046  
 187.5500  402.4158948742051  
 187.6000  400.1150119323098  
 187.6500  398.05626341145665  
 187.7000  396.1187032895236  
 187.7500  393.8178203476283  
 187.8000  391.51693740573296  
 187.8500  389.33712167435874  
 187.9000  387.27837315350564  
 187.9500  385.09855742213136  
 188.0000  382.43435166027393  
 188.0500  379.7701458984164  
 188.1000  379.16468865741206  
 188.1500  383.03993008967717  
 188.2000  392.2434618572584  
 188.2500  405.3223562455037  
 188.3000  418.7644522653123  
 188.3500  429.6634097337845  
 188.4000  437.6560270193569  
 188.4500  442.3789813020676  
 188.5000  444.55879703344175  
 188.5500  444.92211985340396  
 188.6000  444.1954742134796  
 188.6500  443.3477613630341  
 188.7000  442.9844385430719  
 188.7500  442.86337133255086  
 188.8000  443.5900169724752  
 188.8500  446.3752899448538  
 188.9000  452.3091587095732  
 188.9500  461.5128116655533  
 189.0000  473.1384147739498  
 189.0500  485.24840791282963  
 189.1000  495.7841637497386  
 189.1500  502.80800097434445  
 189.2000  505.35101833728197  
 189.2500  504.6244938857566  
 189.3000  502.80800097434445  
 189.3500  500.99150806293244  
 189.4000  499.1750151515204  
 189.4500  496.8740110212262  
 189.5000  493.6043480183643  
 189.5500  489.7291065860992  
 189.6000  485.24840791282963  
 189.6500  478.9512163281481  
 189.7000  469.3843617406047  
 189.7500  456.66879017232156  
 189.8000  444.3165414240007  
 189.8500  435.960601318466  
 189.9000  434.144108407054  
 189.9500  437.05056977835255  
 190.0000  441.410201241101  
 190.0500  445.16425427444614  
 190.1000  449.40281852667346  
 190.1500  455.82107732187615  
 190.2000  465.14579748837735  
 190.2500  476.4080777768117  
 190.3000  488.2759364946494  
 190.3500  499.29608236204155  
 190.4000  507.167511248694  
 190.4500  510.19503983051374  
 190.5000  508.4996141296227  
 190.5500  504.9878167057187  
 190.6000  503.1712026059078  
 190.6500  504.5033054868365  
 190.7000  509.22625976954714  
 190.7500  516.8555542351575  
 190.8000  525.2114943406921  
 190.8500  531.5086859253737  
 190.9000  533.809568867269  
 190.9500  531.6297531358947  
 191.0000  525.3325615512132  
 191.0500  517.0978098445986  
 191.1000  510.3162282294337  
 191.1500  508.2574797085806  
 191.2000  511.7693983208835  
 191.2500  518.1876571160861  
 191.3000  524.3637814902467  
 191.3500  529.4500585929195  
 191.4000  536.5949630280464  
 191.4500  547.9783105270019  
 191.5000  561.5415949457305  
 191.5500  571.471772353236  
 191.6000  573.7726552951314  
 191.6500  569.0498222008197  
 191.7000  561.5415949457305  
 191.7500  554.2755021116834  
 191.8000  550.5214490783383  
 191.8500  552.0956863803092  
 191.9000  559.8461692448395  
 191.9500  572.0772295942404  
 192.0000  585.7615812234901  
 192.0500  598.1138299718111  
 192.1000  606.2275144679046  
 192.1500  607.4385501383123  
 192.2000  602.1101386145973  
 192.2500  593.3908756891004  
 192.3000  585.1561239824858  
 192.3500  578.6166767883632  
 192.4000  573.7726552951314  
 192.4500  570.2607366828285  
 192.5000  567.7177193198909  
 192.5500  565.90110522008  
 192.6000  564.5690023391512  
 192.6500  564.3268679181091  
 192.7000  566.2644280400423  
 192.7500  569.8974138628663  
 192.8000  570.0186022617862  
 192.8500  561.7837293667726  
 192.9000  543.2554774326902  
 192.9500  516.7344870246363  
 193.0000  485.85398634223293  
 193.0500  454.61004165146846  
 193.1000  428.2102396423346  
 193.1500  410.52957937029873  
 193.2000  402.4158948742051  
 193.2500  401.81043763320076  
 193.3000  406.29113630647026  
 193.3500  411.4984806196642  
 193.4000  412.8305835005929  
 193.4500  407.25991636743686  
 193.5000  397.5718733809734  
 193.5500  388.2471532144722  
 193.6000  384.1297773611648  
 193.6500  389.33712167435874  
 193.7000  408.4709520378445  
 193.7500  441.77352406106314  
 193.8000  482.94752497093435  
 193.8500  523.8793914597634  
 193.9000  560.0883036658818  
 193.9500  590.968925536684  
 194.0000  618.5797632162256  
 194.0500  644.0107851643929  
 194.1000  669.9261971430435  
 194.1500  697.5370348225849  
 194.2000  723.9368368317188  
 194.2500  744.160635655091  
 194.3000  754.57520309308  
 194.3500  754.6963914920001  
 194.4000  746.7037742064275  
 194.4500  734.1092698486655  
 194.5000  721.030496648819  
 194.5500  712.0690993022802  
 194.6000  709.8892835709058  
 194.6500  715.8231523356253  
 194.7000  729.9918939953582  
 194.7500  749.367979968285  
 194.8000  766.4430618109176  
 194.8500  774.193423487049  
 194.9000  770.4393704537039  
 194.9500  757.2394088549374  
 195.0000  737.1367984304852  
 195.0500  714.4910494546965  
 195.1000  692.9352689387944  
 195.1500  676.7077787582083  
 195.2000  668.8363498715557  
 195.2500  671.2583000239722  
 195.3000  683.6105487722931  
 195.3500  700.8068190138457  
 195.4000  714.7333050641375  
 195.4500  721.3938194687813  
 195.5000  722.8469895602311  
 195.5500  723.5736352001555  
 195.6000  725.6322625326097  
 195.6500  728.1754010839461  
 195.7000  728.6597911144295  
 195.7500  728.1754010839461  
 195.8000  729.3864367543538  
 195.8500  734.5936598791487  
 195.9000  741.2541742837925  
 195.9500  744.4027700761333  
 196.0000  740.7697842533092  
 196.0500  731.3239968762869  
 196.1000  719.4561381584493  
 196.1500  708.9205035099393  
 196.2000  703.4710247757032  
 196.2500  705.5296521081574  
 196.3000  716.5497979755496  
 196.3500  735.1992383085521  
 196.4000  759.6614801957528  
 196.4500  786.9089950553322  
 196.5000  813.7931870949493  
 196.5500  837.5289045306246  
 196.6000  856.5415464951903  
 196.6500  870.9525437643643  
 196.7000  881.003788382391  
 196.7500  887.4221683659925  
 196.8000  889.965306917329  
 196.8500  888.7542712469213  
 196.9000  882.9414696927231  
 196.9500  872.2846466452932  
 197.0000  856.9048693151525  
 197.0500  841.1618903534486  
 197.1000  829.294031635611  
 197.1500  824.0866873224171  
 197.2000  822.3913828099251  
 197.2500  820.574889898513  
 197.3000  816.6996484662479  
 197.3500  812.3400170034994  
 197.4000  808.9491656017176  
 197.4500  806.163892629339  
 197.5000  803.3786196569605  
 197.5500  800.1089566540986  
 197.6000  796.1126480113122  
 197.6500  792.7217966095304  
 197.7000  790.9053036981185  
 197.7500  790.0575908476728  
 197.8000  788.8465551772653  
 197.8500  786.5456722353699  
 197.9000  786.3035378143277  
 197.9500  791.8740837590849  
 198.0000  804.468466928448  
 198.0500  820.6959571090341  
 198.1000  836.438936070738  
 198.1500  848.4278619990966  
 198.2000  855.0883764037404  
 198.2500  854.6039863732572  
 198.3000  848.1857275780545  
 198.3500  840.1931102924821  
 198.4000  834.2591203393638  
 198.4500  829.7784216660943  
 198.5000  822.8757728404083  
 198.5500  809.918066851083  
 198.6000  792.2374065790472  
 198.6500  774.9200691269734  
 198.7000  761.841295927127  
 198.7500  754.8174587025211  
 198.8000  753.1220330016301  
 198.8500  755.5441043424455  
 198.9000  761.3569058966438  
 198.9500  769.2283347832962  
 199.0000  778.5530549497975  
 199.0500  791.8740837590849  
 199.1000  810.7657797015286  
 199.1500  834.9857659792881  
 199.2000  860.9011779579387  
 199.2500  884.3946397841729  
 199.3000  902.5596900866921  
 199.3500  913.8219703751264  
 199.4000  916.2440417159418  
 199.4500  910.9156301922268  
 199.5000  900.3798743553178  
 199.5500  888.0276256069969  
 199.6000  877.0074797396048  
 199.6500  869.2571180634734  
 199.7000  866.5929123016159  
 199.7500  869.3781852739945  
 199.8000  876.4020224986004  
 199.8500  885.6056754545806  
 199.9000  894.0826827706363  
 199.9500  898.5633814439059  
 200.0000  898.8055158649481  
 200.0500  899.6532287153935  
 200.1000  906.3137431200372  
 200.1500  919.1503818988415  
 200.2250  935.6200065004697  
 200.2750  942.0383864840712  
 200.3250  947.8511880382696  
 200.3750  950.394205401207  
 200.4250  946.761219578383  
 200.4750  943.8548793954833  
 200.5250  951.3629854621736  
 200.5750  967.9537984627218  
 200.6250  979.2160787511563  
 200.6750  980.1848588121228  
 200.7250  971.9501071055081  
 200.7750  965.2895927008643  
 200.8250  967.8326100638019  
 200.8750  975.8252273493744  
 200.9250  986.118848765241  
 200.9750  997.0178062337133  
 201.0250  1002.5884733668693  
 201.0750  997.8655190841587  
 201.1250  988.4197317071364  
 201.1750  989.1462561586618  
 201.2250  1008.1590193116264  
 201.2750  1032.8635168082685  
 201.3250  1048.606495769972  
 201.3750  1053.2082616537627  
 201.4250  1046.7900028585602  
 201.4750  1037.2230270826178  
 201.5250  1034.074431290277  
 201.5750  1033.9533640797558  
 201.6250  1036.3753142321723  
 201.6750  1048.485428559451  
 201.7250  1068.3457833744624  
 201.7750  1085.0576635855318  
 201.8250  1094.9878409930373  
 201.8750  1093.8979937215495  
 201.9250  1084.3310179456073  
 201.9750  1078.63928360193  
 202.0250  1077.4283691199212  
 202.0750  1073.6741948981773  
 202.1250  1062.8963046402264  
 202.1750  1046.9110700690812  
 202.2250  1037.9496727225423  
 202.2750  1046.184424429157  
 202.3250  1067.4980705240168  
 202.3750  1083.8466279151241  
 202.4250  1082.5145250341952  
 202.4750  1066.1659676430882  
 202.5250  1036.8598254510546  
 202.5750  999.4397563861297  
 202.6250  976.0674829588155  
 202.6750  984.3022346654301  
 202.7250  1022.6910837913216  
 202.7750  1075.9750778400726  
 202.8250  1112.1841112345899  
 202.8750  1125.3839516449573  
 202.9250  1129.8647715066259  
 202.9750  1133.4977573294498  
 203.0250  1145.9710732882918  
 203.0750  1167.6479210147152  
 203.1250  1190.4148583894237  
 203.1750  1207.0055502015732  
 203.2250  1208.2165858719807  
 203.2750  1191.2624500514703  
 203.3250  1164.2571908013322  
 203.3750  1140.0370833351735  
 203.4250  1128.0481574068149  
 203.4750  1132.7711116895255  
 203.5250  1154.0847577843856  
 203.5750  1183.63315558586  
 203.6250  1209.7908231739518  
 203.6750  1222.8697175621971  
 203.7250  1222.142587168677  
 203.7750  1216.3303915564734  
 203.8250  1205.7945145311655  
 203.8750  1198.5285428855175  
 203.9250  1187.8717198380873  
 203.9750  1187.5083970181252  
 204.0250  1201.556071467337  
 204.0750  1232.7998949697026  
 204.1250  1269.1297531979433  
 204.1750  1300.979276318111  
 204.2250  1326.1682850336351  
 204.2750  1342.6377884468643  
 204.3250  1343.2437304414645  
 204.3750  1330.285054944948  
 204.4250  1315.3897888336892  
 204.4750  1309.9411584182458  
 204.5250  1321.929114839413  
 204.5750  1348.0876307462972  
 204.6250  1371.5812137609303  
 204.6750  1376.4251140657632  
 204.7250  1361.8922012672754  
 204.7750  1341.5483047405735  
 204.8250  1333.6759063467296  
 204.8750  1341.9106580533442  
 204.9250  1351.599670546999  
 204.9750  1355.7164404583118  
 205.0250  1363.4664385692465  
 205.0750  1372.6706974672213  
 205.1250  1375.697983672243  
 205.1750  1376.061548869003  
 205.2250  1381.632579567356  
 205.2750  1391.6827334897923  
 205.3250  1399.433943484716  
 205.3750  1399.6763202825562  
 205.4250  1389.1402008804505  
 205.4750  1371.701190275861  
 205.5250  1352.20440065761  
 205.5750  1333.5547179478096  
 205.6250  1332.4652342415186  
 205.6750  1349.540679649348  
 205.7250  1365.1618642701374  
 205.7750  1364.7995109573665  
 205.8250  1346.3922050454062  
 205.8750  1336.7044044357408  
 205.9250  1351.599670546999  
 205.9750  1374.9720651627122  
 206.0250  1393.7417243874434  
 206.0750  1397.4961409859852  
 206.1250  1379.694777068625  
 206.1750  1350.145409759959  
 206.2250  1331.9804806458387  
 206.2750  1343.0013536436243  
 206.3250  1373.638992774592  
 206.3750  1398.828001490116  
 206.4250  1413.8444560002945  
 206.4750  1429.345664106153  
 206.5250  1436.6109086214076  
 206.5750  1429.2244757072328  
 206.6250  1426.318377901131  
 206.6750  1442.6666929154405  
 206.7250  1468.4604317415753  
 206.7750  1485.7782539472448  
 206.8250  1488.9267285511864  
 206.8750  1486.8677376535356  
 206.9250  1487.7160564459757  
 206.9750  1498.9780943576122  
 207.0250  1518.2325071780233  
 207.0750  1535.7927061815328  
 207.1250  1551.6562676001622  
 207.1750  1561.2240916948967  
 207.2250  1562.7983289968677  
 207.2750  1571.8801876119333  
 207.3250  1590.4086819228137  
 207.3750  1610.6326019345847  
 207.4250  1629.5246614422254  
 207.4750  1643.4504203621236  
 207.5250  1654.350104960989  
 207.5750  1669.9712895817786  
 207.6250  1688.3785954937389  
 207.6750  1703.2738616049971  
 207.7250  1709.691999211801  
 207.7750  1705.454040901568  
 207.8250  1699.6406334053752  
 207.8750  1697.5828543917135  
 207.9250  1707.1494666024591  
 207.9750  1727.3733866142302  
 208.0250  1740.2096618278379  
 208.0750  1735.2445731240848  
 208.1250  1721.4387907191176  
 208.1750  1715.8689719047538  
 208.2250  1718.5326929130156  
 208.2750  1729.915919223572  
 208.3250  1759.585263047169  
 208.3750  1780.2939366546202  
 208.4250  1774.3593407595074  
 208.4750  1780.7786902503003  
 208.5250  1835.7582311883411  
 208.5750  1920.6494927478186  
 208.6250  1993.7939627999801  
 208.6750  2039.5692448400462  
 208.7250  2069.844530658243  
 208.7750  2129.183218305436  
 208.8250  2200.027532546096  
 208.8750  2231.8758437822744  
 208.9250  2212.621430961863  
 208.9750  2178.7129169440445  
 209.0250  2184.1627592434775  
 209.0750  2223.036361965049  
 209.1250  2279.3477634072206  
 209.1750  2338.202909342723  
 209.2250  2441.3802884152415  
 209.2750  2602.443306231902  
 209.3250  2715.793239509766  
 209.3750  2689.151181891191  
 209.4250  2583.187681527502  
 209.4750  2570.1090295160543  
 209.5250  2679.221004483685  
 209.5750  2814.6102599891415  
 209.6250  2895.142374839467  
 209.6750  2909.916452551805  
 209.7250  2957.265971893842  
 209.7750  3058.869113664389  
 209.8250  3144.8510708141466  
 209.8750  3137.221049218143  
 209.9250  3044.0950359520507  
 209.9750  2948.6688668744564  
 210.0250  2927.9601932670053  
 210.0750  3062.017588268331  
 210.1250  3356.896836172466  
 210.1750  3624.285707665587  
 210.2250  3719.5919002282503  
 210.2750  3559.9819313146404  
 210.3250  3266.072190601865  
 210.3750  3162.652434731507  
 210.4250  3284.8430617105855  
 210.4750  3569.307378611535  
 210.5250  3906.6922455528747  
 210.5750  4106.991219403878  
 210.6250  4103.238014689325  
 210.6750  4016.045385434357  
 210.7250  3943.022103781115  
 210.7750  3865.2761102219615  
 210.8250  3704.091904006381  
 210.8750  3483.8101750574574  
 210.9250  3322.504780442957  
 210.9750  3276.3659332061306  
 211.0250  3358.228696676597  
 211.0750  3525.9534407818905  
 211.1250  3816.3511416939646  
 211.1750  4190.187055262464  
 211.2250  4419.430666311523  
 211.2750  4404.0506466045845  
 211.3250  4242.260498394404  
 211.3750  4077.200687181361  
 211.4250  3971.9643172111923  
 211.4750  3893.734781940348  
 211.5250  3901.605968450202  
 211.5750  4122.977181105416  
 211.6250  4487.488859261011  
 211.6750  4811.673885791983  
 211.7250  4977.823180711317  
 211.7750  4961.474865697007  
 211.8250  4768.44113636126  
 211.8750  4598.900990040144  
 211.9250  4681.490883904131  
 211.9750  4939.555519984346  
 212.0250  5193.9869278649385  
 212.0750  5171.9463937533565  
 212.1250  4866.289861533264  
 212.1750  4525.997684901833  
 212.2250  4230.513706887087  
 212.2750  3970.1489149953704  
 212.3250  3670.9093084980927  
 212.3750  3345.02885626623  
 212.4250  3122.6893483036447  
 212.4750  3069.7687982632547  
 212.5250  3223.203006367901  
 212.5750  3505.1235787755195  
 212.6250  3806.542152685379  
 212.6750  4065.6962724718846  
 212.7250  4203.992837667432  
 212.7750  4246.378480189705  
 212.8250  4250.858815297778  
 212.8750  4232.936262981498  
 212.9250  4159.428227732577  
 212.9750  3977.2929711117054  
 213.0250  3759.7973634539526  
 213.0750  3646.205053378249  
 213.1250  3683.7467955956895  
 213.1750  3799.518073083975  
 213.2250  3853.2869419168046  
 213.2750  3858.252030620558  
 213.3250  3914.078678467049  
 213.3750  3991.341130314512  
 213.4250  3974.023308108843  
 213.4750  3861.6428820223396  
 213.5250  3799.396884685055  
 213.5750  3877.627631839889  
 213.6250  4098.998844495103  
 213.6750  4385.5221522937045  
 213.7250  4633.656610966413  
 213.7750  4677.857655704508  
 213.8250  4379.467579883661  
 213.8750  4046.4418596514734  
 213.9250  3990.9775651177524  
 213.9750  4109.292587099369  
 214.0250  4392.061478299428  
 214.0750  4888.813937356537  
 214.1250  5403.005407018236  
 214.1750  5644.964104881981  
 214.2250  5599.793552952527  
 214.2750  5522.289936191212  
 214.3250  5544.935200413405  
 214.3750  5585.261852038027  
 214.4250  5555.228943017672  
 214.4750  5413.0567728246615  
 214.5250  5185.146234163723  
 214.5750  4949.000943796171  
 214.6250  4799.199963891147  
 214.6750  4751.72925615019  
 214.7250  4780.7926579791865  
 214.7750  4859.9929123253805  
 214.8250  4975.764189813666  
 214.8750  5115.513803912264  
 214.9250  5247.271043102088  
 214.9750  5294.0158323335145  
 215.0250  5139.007386926897  
 215.0750  4828.264577604133  
 215.1250  4558.089584819842  
 215.1750  4543.436695506423  
 215.2250  4694.327159117738  
 215.2750  4869.559524536126  
 215.3250  5088.992934692609  
 215.3750  5255.142229611944  
 215.4250  5230.559162891019  
 215.4750  5055.2056090737115  
 215.5250  4867.379345239555  
 215.5750  4691.663438109476  
 215.6250  4493.664620069975  
 215.6750  4268.660179215139  
 215.7250  4024.8860791355714  
 215.7750  3809.8118156882406  
 215.8250  3683.3832303989298  
 215.8750  3647.174560569609  
 215.9250  3715.3539419180174  
 215.9750  3942.0525965897555  
 216.0250  4304.747660645539  
 216.0750  4614.158609464173  
 216.1250  4757.179098449623  
 216.1750  4733.321950238229  
 216.2250  4632.565915376133  
 216.2750  4590.302673136769  
 216.3250  4597.205564339253  
 216.3750  4575.04384182875  
 216.4250  4480.2224028617675  
 216.4750  4375.349598088359  
 216.5250  4265.1481394144375  
 216.5750  4058.7933812694005  
 216.6250  3751.562611747338  
 216.6750  3473.637620852112  
 216.7250  3388.261605696954  
 216.7750  3515.4173213797853  
 216.8250  3719.47071182933  
 216.8750  3870.3623873246343  
 216.9250  3850.259655711783  
 216.9750  3780.627225460324  
 217.0250  3845.535731921881  
 217.0750  4032.514888847586  
 217.1250  4223.247250487843  
 217.1750  4319.885303554638  
 217.2250  4405.988449103315  
 217.2750  4491.000899061713  
 217.3250  4473.440700058204  
 217.3750  4312.256493842623  
 217.4250  4126.730385819969  
 217.4750  3996.1850306193455  
 217.5250  3951.62042068449  
 217.5750  4083.982389984925  
 217.6250  4308.986830839761  
 217.6750  4449.70474024573  
 217.7250  4443.407791037846  
 217.7750  4314.799026451964  
 217.8250  4274.957128423022  
 217.8750  4511.587172386255  
 217.9250  4961.474865697007  
 217.9750  5457.7425711584365  
 218.0250  5830.973754616326  
 218.0750  6014.562060140249  
 218.1250  6106.356212902211  
 218.1750  6243.319705709639  
 218.2250  6414.191712534884  
 218.2750  6479.1014308804315  
 218.3250  6338.504709873381  
 218.3750  6046.895124972108  
 218.4250  5708.057209127717  
 218.4750  5590.59050593854  
 218.5250  5753.953679566704  
 218.5750  5914.8967208684335  
 218.6250  5860.038368329312  
 218.6750  5469.368174266834  
 218.7250  5026.626960840394  
 218.7750  4925.264983983698  
 218.8250  5132.346872522254  
 218.8750  5381.5708149012535  
 218.9250  5441.757821340888  
 218.9750  5432.070020731222  
 219.0250  5523.137043099664  
 219.0750  5648.112579485924  
 219.1250  5639.029508986869  
 219.1750  5554.138247427391  
 219.2250  5577.8742072398645  
 219.2750  5874.933634440571  
 219.3250  6401.597814119117  
 219.3750  6742.494720861159  
 219.4250  6684.366705319177  
 219.4750  6362.119481286934  
 219.5250  5937.299608292787  
 219.5750  5571.819634829821  
 219.6250  5439.335265246476  
 219.6750  5564.7955552284175  
 219.7250  5883.047197748266  
 219.7750  6293.940099938526  
 219.8250  6642.708193190423  
 219.8750  6817.455805013131  
 219.9250  6792.509173095446  
 219.9750  6559.754734129676  
 220.0250  6138.689277734069  
 220.0750  5686.380240212895  
 220.1250  5473.001402466455  
 220.1750  5637.697648482738  
 220.2250  6113.500269018545  
 220.2750  6603.95577886777  
 220.3250  6938.1933830891585  
 220.3750  7143.336257244994  
 220.4250  7126.866753831765  
 220.4750  6909.975876284622  
 220.5250  6733.291673847173  
 220.5750  6651.427698492716  
 220.6250  6414.071736019954  
 220.6750  6041.566471071595  
 220.7250  5729.249424446859  
 220.7750  5465.37259275444  
 220.8250  5197.98372126132  
 220.8750  5018.99693924439  
 220.9250  5015.9696530393685  
 220.9750  4971.2838547055935  
 221.0250  4702.8042876221925  
 221.0750  4320.248868751398  
 221.1250  4034.6950681441567  
 221.1750  3981.1685761091667  
 221.2250  4145.501256928689  
 221.2750  4518.368875189819  
 221.3250  4993.3243888171755  
 221.3750  5301.644642045529  
 221.4250  5342.334858866911  
 221.4750  5292.805160228304  
 221.5250  5285.41751543014  
 221.5750  5215.906273577601  
 221.6250  4960.747735303487  
 221.6750  4597.326752738173  
 221.7250  4326.545817959281  
 221.7750  4278.953921819405  
 221.8250  4432.75169512081  
 221.8750  4761.901810355535  
 221.9250  5239.883398303924  
 221.9750  5694.85736871735  
 222.0250  5961.520321700939  
 222.0750  6100.058051810338  
 222.1250  6219.342580983314  
 222.1750  6357.033204184262  
 222.2250  6382.584566212557  
 222.2750  6245.499885006209  
 222.3250  6091.218569993112  
 222.3750  6086.011104491519  
 222.4250  6212.923231492521  
 222.4750  6264.99667462446  
 222.5250  6271.536000630184  
 222.5750  6315.253503656589  
 222.6250  6336.082153778971  
 222.6750  6277.712973323137  
 222.7250  6183.375076067844  
 222.7750  6171.265931247757  
 222.8250  6337.05166097033  
 222.8750  6649.4898959939865  
 222.9250  6884.788079453088  
 222.9750  6948.485913809434  
 223.0250  6900.0456988771175  
 223.0750  6752.667275066505  
 223.1250  6656.99872919107  
 223.1750  6807.162062408865  
 223.2250  7196.620372482144  
 223.2750  7817.258884219223  
 223.3250  8508.74049831297  
 223.3750  8914.789500198398  
 223.4250  8939.736132116082  
 223.4750  8814.155865619212  
 223.5250  8806.163490710438  
 223.5750  8915.880195788679  
 223.6250  8921.571203001962  
 223.6750  8757.48089898028  
 223.7250  8498.205590794854  
 223.7750  8188.067511582701  
 223.8250  7890.766919468144  
 223.8750  7709.237604841872  
 223.9250  7767.123243586014  
 223.9750  8044.927046082321  
 224.0250  8206.1112522979  
 224.0750  8050.134511583913  
 224.1250  7750.168986577105  
 224.1750  7455.65330386973  
 224.2250  7270.128407731065  
 224.2750  7181.361541174125  
 224.3250  7090.900460800284  
 224.3750  6990.750367932788  
 224.4250  6878.368729962295  
 224.4750  6865.896019945448  
 224.5250  7022.357514255116  
 224.5750  7347.753212891299  
 224.6250  7640.331093099943  
 224.6750  7772.573085885447  
 224.7250  7885.195888769791  
 224.7750  8000.726001344226  
 224.8250  8067.935875501273  
 224.8750  7806.118034706506  
 224.9250  7353.687808786412  
 224.9750  7064.500779979549  
 225.0250  6938.919301598688  
 225.0750  6894.839445259514  
 225.1250  6800.622736403142  
 225.1750  6767.562541177763  
 225.2250  6889.994333070692  
 225.2750  7017.150048753522  
 225.3250  6916.274037376496  
 225.3750  6623.574968768931  
 225.4250  6408.743082119441  
 225.4750  6432.115476735154  
 225.5250  6546.433705320388  
 225.5750  6478.7390775676595  
 225.6250  6273.352614729995  
 225.6750  6157.944902438469  
 225.7250  6244.410401299919  
 225.7750  6347.1030267767555  
 225.8250  6334.871481673759  
 225.8750  6316.100610565039  
 225.9250  6319.976215562501  
 225.9750  6107.688073406342  
 226.0250  5717.381444540622  
 226.0750  5456.653087452147  
 226.1250  5426.983743628549  
 226.1750  5586.472524143239  
 226.2250  5732.397899050801  
 226.2750  5713.62823982607  
 226.3250  5541.544349011623  
 226.3750  5268.58444682015  
 226.4250  5031.228484347387  
 226.4750  4824.146595808831  
 226.5250  4622.031007858017  
 226.5750  4494.996480574106  
 226.6250  4448.3728797416  
 226.6750  4428.512524926588  
 226.7250  4362.996864586442  
 226.7750  4290.33714812996  
 226.8250  4244.198300893135  
 226.8750  4193.094364952556  
 226.9250  4139.931438114326  
 226.9750  4095.486804694401  
 227.0250  4078.412571170561  
 227.0750  4107.960726595237  
 227.1250  4152.040582934414  
 227.1750  4208.351984376585  
 227.2250  4287.915803919539  
 227.2750  4400.175041607122  
 227.3250  4500.325134474619  
 227.3750  4545.979228115765  
 227.4250  4555.90940552327  
 227.4750  4639.832371775377  
 227.5250  4784.062320982048  
 227.5750  4839.163050319009  
 227.6250  4856.359684125759  
 227.6750  4994.777437720226  
 227.7250  5235.887816791532  
 227.7750  5437.035109434974  
 227.8250  5569.63945553325  
 227.8750  5703.939227332416  
 227.9250  5815.714923308308  
 227.9750  5852.287158334388  
 228.0250  5913.806025278153  
 228.0750  6112.410785312255  
 228.1250  6467.8393929687945  
 228.1750  6831.261587418098  
 228.2250  7034.830224271963  
 228.2750  7069.102303486542  
 228.3250  6885.513997962618  
 228.3750  6634.352253084888  
 228.4250  6610.7374816713345  
 228.4750  6791.7832545859155  
 228.5250  6994.98832624302  
 228.5750  7092.838263299015  
 228.6250  6909.734711370772  
 228.6750  6484.430084780944  
 228.7250  6072.447698884392  
 228.7750  5889.828900551829  
 228.8250  6066.150749676508  
 228.8750  6341.895561275163  
 228.9250  6408.5007053216  
 228.9750  6248.7695480090715  
 229.0250  5996.518319425049  
 229.0750  5860.400721642083  
 229.1250  5873.23820873968  
 229.1750  5925.431628386549  
 229.2250  5996.033565829369  
 229.2750  6082.862629887578  
 229.3250  6163.151156056073  
 229.3750  6209.533591974729  
 229.4250  6202.993054085016  
 229.4750  6202.267135575485  
 229.5250  6346.012331186475  
 229.5750  6571.501525636992  
 229.6250  6635.562925190098  
 229.6750  6242.956140512879  
 229.7250  5669.0624180072255  
 229.7750  5314.482129143125  
 229.8250  5155.476890340126  
 229.8750  5151.843662140504  
 229.9250  5274.034289119583  
 229.9750  5416.811189423203  
 230.0250  5503.5190650824925  
 230.0750  5590.831670852392  
 230.1250  5752.017088951962  
 230.1750  5985.982200022943  
 230.2250  6196.938481674972  
 230.2750  6256.0360044083145  
 230.3250  6107.203319810661  
 230.3750  6026.671204960337  
 230.4250  6183.738641264605  
 230.4750  6437.806483948438  
 230.5250  6851.606695828789  
 230.5750  7466.916553665355  
 230.6250  7946.352402400785  
 230.6750  8076.534192404649  
 230.7250  7977.717171925272  
 230.7750  7720.257265955669  
 230.8250  7418.597527131958  
 230.8750  7177.729524858492  
 230.9250  6846.882772038887  
 230.9750  6441.439712148059  
 231.0250  6160.487435047811  
 231.0750  5960.550814509579  
 231.1250  5730.58128495099  
 231.1750  5523.137043099664  
 231.2250  5390.532697001389  
 231.2750  5340.76062156494  
 231.3250  5346.089275465453  
 231.3750  5393.07522961073  
 231.4250  5609.723730360031  
 231.4750  6106.23502450329  
 231.5250  6645.735479395445  
 231.5750  6948.123560496664  
 231.6250  6958.7796564137  
 231.6750  6794.568163993098  
 231.7250  6685.940942621147  
 231.7750  6685.093835712696  
 231.8250  6755.694561271526  
 231.8750  6842.038871734055  
 231.9250  6780.52000479029  
 231.9750  6492.422459689718  
 232.0250  6110.351794414603  
 232.0750  5825.887477513654  
 232.1250  5797.186428997428  
 232.1750  5913.080106768622  
 232.2250  6147.166406238523  
 232.2750  6645.977856193284  
 232.3250  7413.268873231445  
 232.3750  8044.927046082321  
 232.4250  8215.920241306487  
 232.4750  7981.229211725974  
 232.5250  7356.715094991433  
 232.5750  6582.8847519475485  
 232.6250  6042.293601465115  
 232.6750  5807.237794803853  
 232.7250  5745.235386148398  
 232.7750  5799.366608293999  
 232.8250  5999.42441723115  
 232.8750  6327.726213673436  
 232.9250  6608.920867571524  
 232.9750  6701.563339125925  
 233.0250  6592.089010845524  
 233.0750  6361.392350893414  
 233.1250  6068.69328228585  
 233.1750  5730.58128495099  
 233.2250  5451.445621950553  
 233.2750  5279.846484731786  
 233.3250  5194.108116263858  
 233.3750  5228.257795195528  
 233.4250  5457.380217845666  
 233.4750  5732.155522252961  
 233.5250  5917.924007073455  
 233.5750  6104.901952115171  
 233.6250  6249.4954665186015  
 233.6750  6135.177237933368  
 233.7250  5710.599741737059  
 233.7750  5217.601699278492  
 233.8250  4817.607269803107  
 233.8750  4563.297050321434  
 233.9250  4511.223607189495  
 233.9750  4595.872491951132  
 234.0250  4778.613690566604  
 234.0750  4993.565553731026  
 234.1250  5185.630987759404  
 234.1750  5342.818400578602  
 234.2250  5407.849307323068  
 234.2750  5293.773455535675  
 234.3250  4952.997737192552  
 234.3750  4535.807885794408  
 234.4250  4210.047410077476  
 234.4750  4065.332707275125  
 234.5250  4142.110405526907  
 234.5750  4279.6810522129235  
 234.6250  4376.681458592489  
 234.6750  4483.249689066789  
 234.7250  4620.577958954966  
 234.7750  4688.151398308774  
 234.8250  4622.878114766468  
 234.8750  4594.419443048082  
 234.9250  4785.395393370169  
 234.9750  5231.769834996229  
 235.0250  5716.291960834333  
 235.0750  6011.2923971373875  
 235.1250  6175.382701159069  
 235.1750  6344.438093884505  
 235.2250  6601.2920578595085  
 235.2750  6880.791286056706  
 235.3250  7043.792106372098  
 235.3750  6993.53527733997  
 235.4250  6794.0834103974175  
 235.4750  6557.695743232024  
 235.5250  6377.135935797113  
 235.5750  6414.191712534884  
 235.6250  6728.688938456191  
 235.6750  7090.415707204604  
 235.7250  7258.623993021588  
 235.7750  7252.084667015865  
 235.8250  7127.836261023125  
 235.8750  6798.201392192719  
 235.9250  6317.433682953159  
 235.9750  5835.212924810548  
 236.0250  5454.715284953415  
 236.0750  5348.1470544791155  
 236.1250  5496.252608683249  
 236.1750  5686.016675016134  
 236.2250  5864.518703437386  
 236.2750  6149.588962332935  
 236.3250  6474.499907373438  
 236.3750  6581.795268241258  
 236.4250  6393.726627609262  
 236.4750  6052.82972086722  
 236.5250  5769.0913224758015  
 236.5750  5681.778716705902  
 236.6250  5710.720930135979  
 236.6750  5716.6555260310915  
 236.7250  5662.765468799342  
 236.7750  5667.004638993564  
 236.8250  5771.271501772372  
 236.8750  5888.98058175939  
 236.9250  6061.428037770595  
 236.9750  6324.577739069494  
 237.0250  6546.070140123628  
 237.0750  6683.640786809645  
 237.1250  6858.146021834514  
 237.1750  7090.173330406764  
 237.2250  7188.506809174449  
 237.2750  7001.770029046585  
 237.3250  6535.655209120443  
 237.3750  5937.784361888466  
 237.4250  5587.199654536759  
 237.4750  5588.28913824305  
 237.5250  5694.37261512167  
 237.5750  5842.114604129043  
 237.6250  6156.4906416514295  
 237.6750  6550.914040428461  
 237.7250  6801.349866796661  
 237.7750  6820.846656414913  
 237.8250  6549.94574512109  
 237.8750  6115.922825112956  
 237.9250  5717.623821338463  
 237.9750  5394.287113599931  
 238.0250  5188.415897166586  
 238.0750  5029.1694934497355  
 238.1250  4804.40742939274  
 238.1750  4539.92465570572  
 238.2250  4326.0622762475905  
 238.2750  4191.156562453824  
 238.3250  4172.264502946185  
 238.3750  4274.835940024102  
 238.4250  4487.8512125737825  
 238.4750  4797.746914988096  
 238.5250  5152.328415736185  
 238.5750  5482.931579873961  
 238.6250  5742.934018452907  
 238.6750  5908.357394862709  
 238.7250  5904.845355062008  
 238.7750  5702.486178429364  
 238.8250  5386.172338408247  
 238.8750  5090.203606797821  
 238.9250  4972.009773215124  
 238.9750  5146.878573436752  
 239.0250  5544.692823615565  
 239.0750  5998.818475236551  
 239.1250  6338.747086671222  
 239.1750  6419.036824723706  
 239.2250  6351.219796688069  
 239.2750  6325.910811457614  
 239.3250  6299.87348394965  
 239.3750  6178.046422167331  
 239.4250  5899.637889560415  
 239.4750  5476.877007463918  
 239.5250  5015.9696530393685  
 239.5750  4667.927478297003  
 239.6250  4531.689903999107  
 239.6750  4567.1726553188955  
 239.7250  4752.8187398564805  
 239.7750  5031.107295948467  
 239.8250  5244.243756897066  
 239.8750  5258.654269412645  
 239.9250  5087.661074188479  
 239.9750  4905.889382764367  
 240.0250  4956.872130306026  
 240.0750  5238.551537799794  
 240.1250  5508.362965387325  
 240.1750  5630.673568881334  
 240.2250  5610.692025667403  
 240.2750  5515.991775099339  
 240.3250  5424.561187534138  
 240.3750  5331.072820955275  
 240.4250  5134.769428616664  
 240.4750  4795.930300888285  
 240.5250  4465.448325149429  
 240.5750  4328.483620458012  
 240.6250  4368.083141689114  
 240.6750  4459.877294451076  
 240.7250  4513.6461632839055  
 240.7750  4607.378118544599  
 240.8250  4846.187129920413  
 240.8750  5154.750971830596  
 240.9250  5379.391847488672  
 240.9750  5432.917127639673  
 241.0250  5318.720087453358  
 241.0750  5060.170697777463  
 241.1250  4774.010955175623  
 241.1750  4656.544251986446  
 241.2250  4792.903014683264  
 241.2750  5082.453608686886  
 241.3250  5311.817196250874  
 241.3750  5395.013032109461  
 241.4250  5499.40108328719  
 241.4750  5759.645898663976  
 241.5250  6133.845377429237  
 241.5750  6480.070938071791  
 241.6250  6773.254760275036  
 241.6750  7037.010403568534  
 241.7250  7240.822629104228  
 241.7750  7391.470715917703  
 241.8250  7547.326268232771  
 241.8750  7767.729185580615  
 241.9250  7990.917012335641  
 241.9750  8151.858841753381  
 242.0250  8320.067127570364  
 242.0750  8550.279033926794  
 242.1250  8752.636998675447  
 242.1750  8915.03187699624  
 242.2250  9072.946420208958  
 242.2750  9139.551564255396  
 242.3250  8939.857320515002  
 242.3750  8624.755364483086  
 242.4250  8398.903816719798  
 242.4750  8304.444731065587  
 242.5250  8353.127322795743  
 242.5750  8502.564737504008  
 242.6250  8745.855295871883  
 242.6750  9095.47170791622  
 242.7250  9407.182812546356  
 242.7750  9476.089324288285  
 242.8250  9323.867000172839  
 242.8750  8986.23854454967  
 242.9250  8663.386590406817  
 242.9750  8593.511783357517  
 243.0250  8714.126961150636  
 243.0750  8881.729304973021  
 243.1250  8971.94922043301  
 243.1750  8866.955227260683  
 243.2250  8650.06556159753  
 243.2750  8410.770584742046  
 243.3250  8224.276181412022  
 243.3750  8198.603630984806  
 243.4250  8256.610458127869  
 243.4750  8208.291431594473  
 243.5250  7968.029371315607  
 243.5750  7724.25405935205  
 243.6250  7691.678617722351  
 243.6750  7789.042589298677  
 243.7250  7945.3828952094245  
 243.7750  8172.808680274682  
 243.8250  8385.340411112671  
 243.8750  8409.075159041156  
 243.9250  8213.741273893904  
 243.9750  7960.156972921764  
 244.0250  7793.886489603509  
 244.0750  7844.628072231318  
 244.1250  8075.444708698356  
 244.1750  8351.916650690531  
 244.2250  8576.67871474753  
 244.2750  8666.65625340968  
 244.3250  8582.975663955413  
 244.3750  8361.725639699118  
 244.4250  8055.826730681186  
 244.4750  7844.8704490291575  
 244.5250  7777.295797791361  
 244.5750  7733.337129851105  
 244.6250  7664.551806508096  
 244.6750  7507.241993405988  
 244.7250  7308.638445255877  
 244.7750  7125.656081726554  
 244.8250  6928.261993797663  
 244.8750  6767.683729576683  
 244.9250  6755.3309960747665  
 244.9750  6790.328993798876  
 245.0250  6742.009967265479  
 245.0750  6607.346630269552  
 245.1250  6455.124306154107  
 245.1750  6349.887936183938  
 245.2250  6252.039211011933  
 245.2750  6163.151156056073  
 245.3250  6126.2165677172225  
 245.3750  6116.527555223567  
 245.4250  6100.421617007098  
 245.4750  6114.348587810985  
 245.5250  6200.935275071354  
 245.5750  6266.813288724271  
 245.6250  6218.130696994114  
 245.6750  6145.713357335473  
 245.7250  6128.0331818170325  
 245.7750  6213.6503618860415  
 245.8250  6348.919640876567  
 245.8750  6398.812904711935  
 245.9250  6328.574532465876  
 245.9750  6200.086956278914  
 246.0250  6132.634705324026  
 246.0750  6081.046015787766  
 246.1250  5968.180836105583  
 246.1750  5846.111397525425  
 246.2250  5730.097743239299  
 246.2750  5635.881034382926  
 246.3250  5586.472524143239  
 246.3750  5658.042756893429  
 246.4250  5862.338524140814  
 246.4750  6066.150749676508  
 246.5250  6210.5018872821  
 246.5750  6271.293623832344  
 246.6250  6283.767545733181  
 246.6750  6309.440096160396  
 246.7250  6372.29203549228  
 246.7750  6488.305689778405  
 246.8250  6620.184117367149  
 246.8750  6719.607079841126  
 246.9250  6757.026421775657  
 246.9750  6775.433727687618  
 247.0250  6812.6119047082975  
 247.0750  6847.7310908313275  
 247.1250  6888.662472566561  
 247.1750  6959.1432216104595  
 247.2250  7002.981913035785  
 247.2750  6884.666891054168  
 247.3250  6593.784436546415  
 247.3750  6479.707372875031  
 247.4250  6719.7282682400455  
 247.4750  7081.817390301229  
 247.5250  7298.223514252691  
 247.5750  7319.174564657982  
 247.6250  7280.664527133171  
 247.6750  7214.906489995184  
 247.7250  7105.916915310462  
 247.7750  7000.680545340293  
 247.8250  6876.432139347553  
 247.8750  6679.159239817583  
 247.9250  6445.072940347682  
 247.9750  6226.486637099649  
 248.0250  6180.832543458502  
 248.0750  6327.726213673436  
 248.1250  6473.895177262827  
 248.1750  6511.435707596279  
 248.2250  6352.91522238896  
 248.2750  5949.652341794703  
 248.3250  5488.7449873701535  
 248.3750  5133.1939794307045  
 248.4250  4999.742526423979  
 248.4750  5116.966852815315  
 248.5250  5352.869766385028  
 248.5750  5636.608164776447  
 248.6250  5875.780741349021  
 248.6750  5921.798400186928  
 248.7250  5810.266292892864  
 248.7750  5637.576460083817  
 248.8250  5400.220497611054  
 248.8750  5171.461640157676  
 248.9250  5079.0627572851035  
 248.9750  5073.00818487506  
 249.0250  5046.608504054326  
 249.0750  4996.956405132808  
 249.1250  4995.624544628677  
 249.1750  5132.346872522254  
 249.2250  5395.255408907302  
 249.2750  5792.584905490435  
 249.3250  6229.51513518866  
 249.3750  6574.286435044174  
 249.4250  6905.73791797439  
 249.4750  7256.807378921778  
 249.5250  7609.6934539689755  
 249.5750  7872.7231787529445  
 249.6250  7952.406974810828  
 249.6750  7864.971968758019  
 249.7250  7840.146525239256  
 249.7750  7946.352402400785  
 249.8250  8041.052652968848  
 249.8750  8065.514531290853  
 249.9250  8094.941498316609  
 249.9750  8237.356045307459  
 250.0250  8366.690728402871  
 250.0750  8337.868491487727  
 250.1250  8042.989243583589  
 250.1750  7538.849139728317  
 250.2250  7219.871578698937  
 250.2750  7271.217891437356  
 250.3250  7495.011660186981  
 250.3750  7726.797803845381  
 250.4250  7888.3443633737315  
 250.4750  7980.138516135694  
 250.5250  7916.560658294278  
 250.5750  7620.470738284932  
 250.6250  7181.482729573046  
 250.6750  6737.772008955246  
 250.7250  6405.231042318738  
 250.7750  6270.325328524973  
 250.8250  6448.8273569462235  
 250.8750  6849.426516532219  
 250.9250  7169.735938065729  
 250.9750  7314.45064086808  
 251.0250  7349.56982699111  
 251.0750  7181.482729573046  
 251.1250  6851.485507429869  
 251.1750  6585.790849753651  
 251.2250  6465.901590470063  
 251.2750  6404.625100324139  
 251.3250  6307.503505545654  
 251.3750  6140.26351503604  
 251.4250  5875.780741349021  
 251.4750  5571.0925044363  
 251.5250  5362.5587788786825  
 251.5750  5268.220881623391  
 251.6250  5179.09166175368  
 251.6750  5047.697987760616  
 251.7250  4984.4836951159605  
 251.7750  5026.626960840394  
 251.8250  5059.808344464693  
 251.8750  5058.354083677653  
 251.9250  5045.033054868365  
 251.9750  5065.984105273656  
 252.0250  5161.29029783632  
 252.0750  5352.869766385028  
 252.1250  5508.120588589485  
 252.1750  5479.298351674339  
 252.2250  5338.33806547053  
 252.2750  5169.040295947254  
 252.3250  4968.861298611183  
 252.3750  4818.939130307238  
 252.4250  4780.550281181347  
 252.4750  4820.029825897518  
 252.5250  4929.74653097576  
 252.5750  5138.6438217301375  
 252.6250  5348.631808074795  
 252.6750  5446.965286842481  
 252.7250  5444.663919146989  
 252.7750  5314.2397523452855  
 252.8250  5112.971271302922  
 252.8750  4972.009773215124  
 252.9250  4939.191954787585  
 252.9750  5038.372540463722  
 253.0250  5293.531078737835  
 253.0750  5651.503430887706  
 253.1250  6010.201701547107  
 253.1750  6311.135521861287  
 253.2250  6488.790443374086  
 253.2750  6523.909629497116  
 253.3250  6502.473825496144  
 253.3750  6492.543648088638  
 253.4250  6501.020776593094  
 253.4750  6522.940122305755  
 253.5250  6532.506734516501  
 253.5750  6512.162837989799  
 253.6250  6443.74107984355  
 253.6750  6404.020370213529  
 253.7250  6453.186503655375  
 253.7750  6567.625920639531  
 253.8250  6697.081792133864  
 253.8750  6759.206601072227  
 253.9250  6737.408443758485  
 253.9750  6788.392403184134  
 254.0250  6956.115935405438  
 254.0750  7067.28568938673  
 254.1250  6994.74716132917  
 254.1750  6873.524829657463  
 254.2250  6905.49554117655  
 254.2750  7040.401254970316  
 254.3250  7245.060587414461  
 254.3750  7464.372809172025  
 254.4250  7572.757653746135  
 254.4750  7560.406132128207  
 254.5250  7517.173382697484  
 254.5750  7462.435006673293  
 254.6250  7367.4923793073895  
 254.6750  7283.813001737112  
 254.7250  7278.24197103876  
 254.7750  7391.591904316623  
 254.8250  7503.125223494676  
 254.8750  7502.5192815000755  
 254.9250  7455.169762158039  
 254.9750  7404.3069911313105  
 255.0250  7488.108768984497  
 255.0750  7817.986014612742  
 255.1250  8328.90782127158  
 255.1750  8904.254592680283  
 255.2250  9485.41355970119  
 255.2750  9852.711359147956  
 255.3250  9882.017137774792  
 255.3750  9824.252687429569  
 255.4250  9983.983844742099  
 255.4750  10320.76276968884  
 255.5250  10466.32579128363  
 255.5750  10346.315343601123  
 255.6250  10186.341809490754  
 255.6750  10180.28723708071  
 255.7250  10239.747113126823  
 255.7750  10266.267982346479  
 255.8250  10358.18332350736  
 255.8750  10675.707835633688  
 255.9250  11135.525706351948  
 255.9750  11497.85720521097  
 256.0250  11643.176638123932  
 256.0750  11545.812666547608  
 256.1250  11408.000854947739  
 256.1750  11303.370426972171  
 256.2250  11096.773292029295  
 256.2750  10743.644840184257  
 256.3250  10447.67610857383  
 256.3750  10442.832208268997  
 256.4250  10750.18416618998  
 256.4750  11235.432210537612  
 256.5250  11888.64737578838  
 256.5750  12736.343259858  
 256.6250  13479.664423473772  
 256.6750  13936.326548284154  
 256.7250  14176.837044780805  
 256.7750  14220.670888670173  
 256.8250  14262.577837016712  
 256.8750  14420.728697607323  
 256.9250  14658.573049327735  
 256.9750  15013.642939323472  
 257.0250  15453.350807124943  
 257.0750  15751.134940951191  
 257.1250  15797.99849481356  
 257.1750  15725.830803256693  
 257.2250  15813.86205623219  
 257.2750  16023.978502279702  
 257.3250  16221.248978041693  
 257.3750  16512.488938326263  
 257.4250  16678.153479649915  
 257.4750  16277.444038620903  
 257.5250  15383.231199509826  
 257.5750  14318.518401958187  
 257.6250  13443.332141477553  
 257.6750  13135.974124136625  
 257.7250  13362.923638794126  
 257.7750  13861.250335153207  
 257.8250  14502.349084279951  
 257.8750  15262.988070101392  
 257.9250  16000.116506532353  
 257.9750  16661.683976236687  
 258.0250  17280.023544046253  
 258.0750  17838.42332974998  
 258.1250  18397.780503805177  
 258.1750  18856.03019664141  
 258.2250  18821.879305825754  
 258.2750  17877.40963768255  
 258.3250  16485.488163046884  
 258.3750  15743.269813861283  
 258.4250  15598.546627871008  
 258.4750  15310.57875435728  
 258.5250  14431.272088313364  
 258.5750  13418.258261741003  
 258.6250  12872.462069524954  
 258.6750  12721.20682883289  
 258.7250  13118.777490329874  
 258.7750  13984.523174534641  
 258.8250  14802.556986084599  
 258.8750  15389.411807854747  
 258.9250  16131.387780242509  
 258.9750  17288.385543571734  
 259.0250  18042.347048612683  
 259.0750  17855.98352875349  
 259.1250  16973.283587539812  
 259.1750  15728.860513229694  
 259.2250  14749.39163547839  
 259.2750  14353.638799965207  
 259.3250  14091.096252544898  
 259.3750  13416.816119793855  
 259.4250  12570.921095332187  
 259.4750  12320.121703767225  
 259.5250  12719.38900284909  
 259.5750  13207.063238943103  
 259.6250  13356.137088454605  
 259.6750  13083.305645965987  
 259.7250  12642.373775335423  
 259.7750  12045.713600208659  
 259.8250  11109.246002046142  
 259.8750  10094.790033526633  
 259.9250  9355.474146495168  
 259.9750  8946.881400116408  
 260.0250  8893.839661677099  
 260.0750  9349.054797004374  
 260.1250  10144.92567415984  
 260.1750  10942.613165415118  
 260.2250  11761.491660105548  
 260.2750  12398.966876104583  
 260.3250  12646.615369297624  
 260.3750  12615.978942050646  
 260.4250  12429.724491750481  
 260.4750  12094.759757135576  
 260.5250  11618.351194605168  
 260.5750  11044.095118786745  
 260.6250  10405.411654450478  
 260.6750  9798.336548320525  
 260.7250  9379.814836418249  
 260.7750  9283.661536947136  
 260.8250  9512.176805718686  
 260.8750  10004.933683263402  
 260.9250  10592.996753370782  
 260.9750  11017.331872769251  
 261.0250  11181.664553588773  
 261.0750  11113.969925836045  
 261.1250  10763.384006600347  
 261.1750  10100.965794335594  
 261.2250  9483.476969086449  
 261.2750  9188.718909581234  
 261.3250  9242.003024818383  
 261.3750  9480.086117684667  
 261.4250  9676.147133225437  
 261.4750  9987.011130947121  
 261.5250  10564.659270051316  
 261.5750  11395.043391335214  
 261.6250  12211.742918613061  
 261.6750  12625.783083523274  
 261.7250  12647.100122893304  
 261.7750  12330.665094473266  
 261.8250  11802.66663052261  
 261.8750  11645.962759415102  
 261.9250  12066.05870861935  
 261.9750  12755.72128484531  
 262.0250  13454.832920535062  
 262.0750  13734.572101762122  
 262.1250  13555.104201801478  
 262.1750  13367.395490714274  
 262.2250  13323.925212021668  
 262.2750  13629.586591777716  
 262.3250  14133.839400843985  
 262.3750  14377.500795712558  
 262.4250  14400.987107423254  
 262.4750  14385.487111201386  
 262.5250  14062.27765128172  
 262.5750  13334.335295488896  
 262.6250  12605.193174546765  
 262.6750  12240.56151987624  
 262.7250  12309.469243502157  
 262.7750  12443.52785038747  
 262.8250  12342.408250328617  
 262.8750  12103.962804149562  
 262.9250  12112.924686249695  
 262.9750  12361.059144922405  
 263.0250  12490.39140424984  
 263.0750  12339.863293951295  
 263.1250  12094.275003539897  
 263.1750  12042.322748806877  
 263.2250  12440.013386818791  
 263.2750  13227.653147919613  
 263.3250  14352.790481172768  
 263.3750  15770.75534273634  
 263.4250  17337.6728654125  
 263.4750  18778.033343096493  
 263.5250  19985.166747058927  
 263.5750  20912.791227752252  
 263.6250  21760.249582559987  
 263.6750  22909.97604195401  
 263.7250  24308.80525532812  
 263.7750  25849.558202677446  
 263.8250  27611.322433137197  
 263.8750  29276.08746910137  
 263.9250  30373.860461878387  
 263.9750  30656.75054147737  
 264.0250  30162.423062282647  
 264.0750  29691.218329601863  
 264.1250  29652.353210068217  
 264.1750  29994.334752980594  
 264.2250  30760.53628631246  
 264.2750  32323.0910266275  
 264.3250  34346.30710891729  
 264.3750  35697.30326123766  
 264.4250  35637.96942112643  
 264.4750  34338.80554702413  
 264.5250  32997.746843415196  
 264.5750  32165.909673228252  
 264.6250  31437.84612903651  
 264.6750  30638.220835282496  
 264.7250  29997.122086155752  
 264.7750  29482.689451580205  
 264.8250  28824.13957300898  
 264.8750  27878.954893312148  
 264.9250  27167.978913368126  
 264.9750  27316.93157448071  
 265.0250  27918.92282727597  
 265.0750  28334.05368777646  
 265.1250  28558.44612721675  
 265.1750  28799.44137730908  
 265.2250  29138.999152243057  
 265.2750  29746.686259787555  
 265.3250  30524.025006980173  
 265.3750  31165.984193739245  
 265.4250  31735.630262862756  
 265.4750  32633.830200298296  
 265.5250  33908.65944389745  
 265.5750  34752.60333513651  
 265.6250  34517.425128192335  
 265.6750  33865.05585796603  
 265.7250  33772.419445831576  
 265.7750  34004.56794280275  
 265.8250  33717.19389244373  
 265.8750  33094.74603791077  
 265.9250  32798.05259967481  
 265.9750  33170.42819303632  
 266.0250  33701.693896221856  
 266.0750  33713.08560572034  
 266.1250  33268.03332952649  
 266.1750  32388.48428668474  
 266.2250  31350.542006454536  
 266.2750  30938.913490682826  
 266.3250  30930.68479839616  
 266.3750  30562.90224535371  
 266.4250  29771.869209083132  
 266.4750  29691.824271596466  
 266.5250  30744.187971298154  
 266.5750  31565.009116023277  
 266.6250  31402.11978903489  
 266.6750  30383.67672219091  
 266.7250  29791.731987666124  
 266.7750  30361.39017562952  
 266.8250  31330.55803947262  
 266.8750  31684.767491836024  
 266.9250  31191.89427342835  
 266.9750  30493.630956531033  
 267.0250  30062.27296941515  
 267.0750  30314.405433368232  
 267.1250  31358.891887140122  
 267.1750  32179.834220264158  
 267.2250  32028.094225976416  
 267.2750  30776.884601326772  
 267.3250  29114.058579745317  
 267.3750  28795.56334854364  
 267.4250  29917.319525466926  
 267.4750  31864.12632223764  
 267.5250  33942.93152311203  
 267.5750  34820.905116767826  
 267.6250  34696.28708615838  
 267.6750  34281.03503725897  
 267.7250  33469.908964447444  
 267.7750  32191.21381092275  
 267.8250  31100.833310479848  
 267.8750  30367.9343491712  
 267.9250  29702.731227499266  
 267.9750  29299.46471125304  
 268.0250  29485.840349952126  
 268.0750  30105.25849451208  
 268.1250  30735.232148617964  
 268.1750  31268.424747346333  
 268.2250  31625.07008652803  
 268.2750  31704.266705222257  
 268.3250  31586.556413351253  
 268.3750  31272.181587712854  
 268.4250  30825.808357970778  
 268.4750  30473.646989549125  
 268.5250  30309.31552061359  
 268.5750  30509.009764353985  
 268.6250  31152.411093060207  
 268.6750  31821.855808694345  
 268.7250  31985.702524034194  
 268.7750  31715.416037922896  
 268.8250  31117.30281389308  
 268.8750  30332.692762765262  
 268.9250  29652.353210068217  
 268.9750  29026.015207929933  
 269.0250  28347.493481216687  
 269.0750  27952.588964495942  
 269.1250  28177.950911127595  
 269.1750  28777.39720754553  
 269.2250  29583.809051639062  
 269.2750  30280.49691935041  
 269.3250  30516.159879890263  
 269.3750  30615.82521916208  
 269.4250  30788.14300358644  
 269.4750  30874.489737816948  
 269.5250  30146.07474726834  
 269.5750  28835.89484770422  
 269.6250  27861.637071106477  
 269.6750  27602.003045260248  
 269.7250  28296.75189858888  
 269.7750  29472.024872475242  
 269.8250  30312.46641898551  
 269.8750  30641.008168457658  
 269.9250  30718.883833603657  
 269.9750  31355.1350467736  
 270.0250  33203.24601146385  
 270.0750  35233.97577448667  
 270.1250  36135.690175490905  
 270.1750  35203.09697044186  
 270.2250  33503.69629006635  
 270.2750  32920.84068546056  
 270.3250  33695.404218317904  
 270.3750  34691.08810384471  
 270.4250  35007.88669746151  
 270.4750  35319.59537832366  
 270.5250  36044.617093702516  
 270.5750  36302.687789202675  
 270.6250  35303.489440107194  
 270.6750  33673.602425352205  
 270.7250  32659.025268433772  
 270.7750  32416.333380756558  
 270.8250  32591.329428797053  
 270.8750  32470.710615351963  
 270.9250  32018.520342461732  
 270.9750  31865.33820622684  
 271.0250  32090.821341257415  
 271.0750  32219.184093393484  
 271.1250  31927.338191114315  
 271.1750  31484.830871297796  
 271.2250  31251.834055534186  
 271.2750  31834.56847174105  
 271.3250  32844.31021154257  
 271.3750  32836.06940041601  
 271.4250  31306.090101730675  
 271.4750  28823.77600781222  
 271.5250  27005.707647214233  
 271.5750  26704.651426617143  
 271.6250  27052.69238947552  
 271.6750  27595.337683319645  
 271.7250  27954.649167277585  
 271.7750  27648.866599122615  
 271.8250  26512.822309966657  
 271.8750  24748.14955793283  
 271.9250  22394.93746538386  
 271.9750  20541.009457545442  
 272.0250  20080.3481155707  
 272.0750  20174.196411694356  
 272.1250  20411.071256223408  
 272.1750  21273.060100061655  
 272.2250  22563.510528281593  
 272.2750  23542.603721996245  
 272.3250  23976.264288691607  
 272.3750  23876.720137818713  
 272.4250  23560.163920999756  
 272.4750  23561.375804988955  
 272.5250  24023.733784548578  
 272.5750  24646.557323118184  
 272.6250  25196.825367254383  
 272.6750  25503.09268900503  
 272.7250  25605.181796255245  
 272.7750  25536.63763782609  
 272.8250  25617.167328908436  
 272.8750  26591.30391710726  
 272.9250  28415.310509252326  
 272.9750  30292.96720559928  
 273.0250  31693.129491361506  
 273.0750  31773.90155924169  
 273.1250  30596.689570972612  
 273.1750  29408.449438401807  
 273.2250  28896.0770066079  
 273.2750  28716.245541450495  
 273.3250  28096.694089651726  
 273.3750  26915.725261016123  
 273.4250  25547.290098091158  
 273.4750  24762.20741220755  
 273.5250  24598.106201229963  
 273.5750  24447.33571413358  
 273.6250  24137.9296128509  
 273.6750  23603.028257697766  
 273.7250  22449.43588837819  
 273.7750  20872.45972859167  
 273.8250  19839.352865478373  
 273.8750  19853.41071975309  
 273.9250  19900.274273615458  
 273.9750  19117.96680206712  
 274.0250  18082.19379417758  
 274.0750  17576.24434752643  
 274.1250  17784.167283553492  
 274.1750  18004.93618986607  
 274.2250  17652.6536330455  
 274.2750  16819.725767268268  
 274.3250  15769.301081949301  
 274.3750  15115.962304531637  
 274.4250  15233.187842806963  
 274.4750  15753.558708929591  
 274.5250  16407.139863145097  
 274.5750  17206.159214904506  
 274.6250  17587.74512658394  
 274.6750  17120.660799466437  
 274.7250  16269.08203909542  
 274.7750  15623.741696006477  
 274.8250  15988.130973879162  
 274.8750  16722.241819177016  
 274.9250  16751.423985636953  
 274.9750  16157.431167170418  
 275.0250  15612.24091694897  
 275.0750  15930.118087316154  
 275.1250  17260.887895856784  
 275.1750  19079.45312889034  
 275.2250  21062.713396056195  
 275.2750  22807.038615911355  
 275.3250  23743.146284529077  
 275.3750  23712.75223407994  
 275.4250  22901.49285402961  
 275.4750  22029.093926724137  
 275.5250  21348.754374027092  
 275.5750  20634.748684110073  
 275.6250  19910.441980284846  
 275.6750  19735.458051084246  
 275.7250  20584.249478280104  
 275.7750  22148.50085618002  
 275.8250  24350.700084834767  
 275.8750  27299.9773174718  
 275.9250  30075.833951254303  
 275.9750  31247.362203614037  
 276.0250  30993.290725278235  
 276.0750  30497.630173695394  
 276.1250  30263.906227538264  
 276.1750  29810.26169386099  
 276.2250  28744.821765915833  
 276.2750  27814.773517244106  
 276.3250  27807.393143749883  
 276.3750  28930.470274221396  
 276.4250  30387.30025531862  
 276.4750  31661.523556923166  
 276.5250  32827.11357773583  
 276.5750  33698.05824425426  
 276.6250  33678.20758451116  
 276.6750  32876.03733437983  
 276.7250  32039.958570230683  
 276.7750  31446.81407055659  
 276.8250  31117.908755887685  
 276.8750  30735.353337016884  
 276.9250  30285.586832105055  
 276.9750  30132.87733062595  
 277.0250  30601.052353333733  
 277.0750  31535.814830723444  
 277.1250  32316.789229883663  
 277.1750  32686.631985707743  
 277.2250  32312.19618956459  
 277.2750  31563.918420432994  
 277.3250  31449.48021533283  
 277.3750  31954.823719989377  
 277.4250  32521.815763176535  
 277.4750  32498.81420506152  
 277.5250  31816.535637981753  
 277.5750  30975.730526274725  
 277.6250  30051.135755554405  
 277.6750  28928.773636636517  
 277.7250  27947.983805336986  
 277.7750  27388.020689287187  
 277.8250  26693.25971711866  
 277.8750  25501.03248622339  
 277.9250  24377.834167352954  
 277.9750  23700.754582586862  
 278.0250  23153.867694780532  
 278.0750  22705.676639054658  
 278.1250  22394.69508858602  
 278.1750  22129.971149985155  
 278.2250  21945.534525668787  
 278.2750  21858.581849443683  
 278.3250  21604.873936304644  
 278.3750  21081.24310225106  
 278.4250  20689.23498826451  
 278.4750  20562.690062112233  
 278.5250  20618.27918069684  
 278.5750  20589.933214189452  
 278.6250  20356.0880796334  
 278.6750  20052.377833099963  
 278.7250  19619.20202000028  
 278.7750  18919.60563071485  
 278.8250  18005.905697057435  
 278.8750  17143.904734379295  
 278.9250  16487.790742626366  
 278.9750  15928.070003374405  
 279.0250  15266.369226431261  
 279.0750  14578.285735043228  
 279.1250  13940.568142246353  
 279.1750  13335.547179478097  
 279.2250  12683.553593288443  
 279.2750  12079.864491024317  
 279.3250  11544.359617644555  
 279.3750  11011.882030469817  
 279.4250  10498.41769120164  
 279.4750  10052.889144600038  
 279.5250  10033.149978183947  
 279.5750  10432.174900467971  
 279.6250  10806.133214319381  
 279.6750  10473.471059283955  
 279.7250  9661.494243912019  
 279.7750  9109.882220431798  
 279.8250  8894.929145383388  
 279.8750  8908.613739389437  
 279.9250  9067.618978192435  
 279.9750  9277.122210941414  
 280.0250  9460.588116182425  
 280.0750  9530.220546433884  
 280.1250  9465.795581684019  
 280.1750  9388.896695033316  
 280.2250  9438.669982353753  
 280.2750  9876.68848387428  
 280.3250  10467.294086591  
 280.3750  10691.209043739547  
 280.4250  10606.19659378115  
 280.4750  10629.32661159902  
 280.5250  11013.092702575028  
 280.5750  11673.69430073997  
 280.6250  12394.361716945625  
 280.6750  13111.760682032407  
 280.7250  13848.416483707577  
 280.7750  14649.483919408734  
 280.8250  15519.22882077786  
 280.8750  16435.231334014756  
 280.9250  17420.383947675407  
 280.9750  18446.340695252424  
 281.0250  19356.053530585374  
 281.0750  20007.562363179342  
 281.1250  20480.706110242845  
 281.1750  20943.670031797068  
 281.2250  21473.84503939233  
 281.2750  22134.21274394735  
 281.3250  22834.524144786414  
 281.3750  23622.04271748831  
 281.4250  24929.689779515003  
 281.4750  26622.66747474776  
 281.5250  28024.04164449918  
 281.5750  28913.879582409245  
 281.6250  29277.784106686253  
 281.6750  29384.96312669111  
 281.7250  29548.80984203096  
 281.7750  29863.669421265036  
 281.8250  30363.0868132144  
 281.8750  31277.392688866414  
 281.9250  32289.66726620536  
 281.9750  33060.231581898355  
 282.0250  33793.130543207  
 282.0750  34530.864921632565  
 282.1250  34988.75104927204  
 282.1750  35101.73499358517  
 282.2250  35184.6884526459  
 282.2750  35371.54884494068  
 282.3250  35648.25831619473  
 282.3750  36294.204601278274  
 282.4250  37356.142184494645  
 282.4750  38359.327631914595  
 282.5250  38486.61180730029  
 282.5750  37735.18313979676  
 282.6250  36870.16458598552  
 282.6750  36506.74481530419  
 282.7250  37146.14692684605  
 282.7750  37964.05954999709  
 282.8250  38293.44961826168  
 282.8750  38596.808418438246  
 282.9250  39268.434525252946  
 282.9750  40223.30215802348  
 283.0250  41024.260524165606  
 283.0750  41323.13535358214  
 283.1250  41235.33435856459  
 283.1750  41225.28784029413  
 283.2250  41090.01734941961  
 283.2750  40622.811833903186  
 283.3250  40306.619182280985  
 283.3750  40569.1617297013  
 283.4250  40724.17381075989  
 283.4750  40085.01407601586  
 283.5250  39025.13669558113  
 283.5750  37653.32037632629  
 283.6250  36462.77766417601  
 283.6750  36628.0786403029  
 283.7250  38052.2241102114  
 283.7750  39781.17052224361  
 283.8250  40788.47637522684  
 283.8750  40676.09837290832  
 283.9250  40233.84554872952  
 283.9750  39696.520425597984  
 284.0250  38901.13672580618  
 284.0750  37787.13660641377  
 284.1250  36736.348355898044  
 284.1750  36244.917279437504  
 284.2250  36343.2495463212  
 284.2750  36265.74956521185  
 284.3250  35082.235780198935  
 284.3750  33117.26284243011  
 284.4250  31435.907114653786  
 284.4750  31033.016282444212  
 284.5250  31477.69287460141  
 284.5750  31447.541200950105  
 284.6250  30399.41909521062  
 284.6750  28612.94455021108  
 284.7250  26889.209239332427  
 284.7750  25471.72913136453  
 284.8250  24069.021889224987  
 284.8750  22502.104366548825  
 284.9250  20868.230253469363  
 284.9750  19499.431525347638  
 285.0250  18283.584675502854  
 285.0750  17101.888716473728  
 285.1250  15987.888597081324  
 285.1750  14920.994408349125  
 285.2250  14101.021582416446  
 285.2750  13587.437266633337  
 285.3250  13513.815314289432  
 285.3750  13998.096275213682  
 285.4250  14916.752814386924  
 285.4750  16084.403037981217  
 285.5250  17278.56928325921  
 285.5750  18637.92743510507  
 285.6250  20023.910678193653  
 285.6750  21361.467037073802  
 285.7250  22771.43346430866  
 285.7750  24339.562870974016  
 285.8250  25983.61680956276  
 285.8750  27522.92761496494  
 285.9250  28951.060183197904  
 285.9750  30704.583602531096  
 286.0250  32998.704231766664  
 286.0750  35075.21897190147  
 286.1250  36284.27927140673  
 286.1750  36972.738446831405  
 286.2250  37807.83558494931  
 286.2750  38675.64147193571  
 286.3250  39296.88956131936  
 286.3750  40024.57742147445  
 286.4250  40946.396977859506  
 286.4750  42165.50379563523  
 286.5250  43020.475831176016  
 286.5750  43147.626699322886  
 286.6250  43343.93978673341  
 286.6750  43755.07143006955  
 286.7250  43454.37877466922  
 286.7750  42522.876265210456  
 286.8250  41880.32325529667  
 286.8750  41804.26541613447  
 286.9250  41678.932373971395  
 286.9750  41492.43554687339  
 287.0250  42029.27591640925  
 287.0750  43703.60271704821  
 287.1250  46089.88712366245  
 287.1750  48126.05824579678  
 287.2250  49057.318378457705  
 287.2750  49044.84809220884  
 287.3250  48295.84319268372  
 287.3750  46956.46900781977  
 287.4250  45367.761811017794  
 287.4750  44207.9888333533  
 287.5250  43838.02488913029  
 287.5750  43600.665291005556  
 287.6250  42896.7182381989  
 287.6750  41785.250956343916  
 287.7250  41047.03182432268  
 287.7750  41016.88015067138  
 287.8250  41214.63538002906  
 287.8750  40681.91541605648  
 287.9250  39126.86223763459  
 287.9750  37047.81465996236  
 288.0250  35029.918748385164  
 288.0750  33379.332755094634  
 288.1250  31869.325304551312  
 288.1750  30263.5426623415  
 288.2250  29123.62034442011  
 288.2750  29370.190260862757  
 288.3250  31028.895876880935  
 288.3750  33542.45234004097  
 288.4250  36442.91488559302  
 288.4750  39467.522826998735  
 288.5250  42471.89230578481  
 288.5750  44985.448768944836  
 288.6250  46406.07977528465  
 288.6750  46822.90727337002  
 288.7250  46876.302881934185  
 288.7750  47140.542066939364  
 288.8250  47446.0822582965  
 288.8750  47734.42581584688  
 288.9250  48320.18994202675  
 288.9750  48925.198785955115  
 289.0250  49271.179546031846  
 289.0750  49791.18684695772  
 289.1250  50627.62917630363  
 289.1750  51329.285768370704  
 289.2250  52030.09404164533  
 289.2750  52865.55474495999  
 289.3250  53360.015531393525  
 289.3750  53780.58775100552  
 289.4250  54552.48513908663  
 289.4750  55636.33358482774  
 289.5250  56848.30240590708  
 289.5750  58786.86839155123  
 289.6250  61548.19453630323  
 289.6750  63707.42035870094  
 289.7250  64651.02958921181  
 289.7750  65154.44619832553  
 289.8250  65669.0000213  
 289.8750  66536.44234308964  
 289.9250  67827.48659446428  
 289.9750  69701.50763884364  
 290.0250  72119.03441469946  
 290.0750  74546.48652042683  
 290.1250  76267.32542857129  
 290.1750  75877.86227096205  
 290.2250  74017.03864322508  
 290.2750  72989.50644646211  
 290.3250  74150.85487331256  
 290.3750  76541.85350864478  
 290.4250  78259.42033001842  
 290.4750  78809.57930459558  
 290.5250  78902.5792819268  
 290.5750  78594.74862983008  
 290.6250  77496.00612986171  
 290.6750  76280.52284521368  
 290.7250  75506.92881954768  
 290.7750  75254.92966283341  
 290.8250  74839.5443066952  
 290.8750  73922.82678190467  
 290.9250  73398.09313342092  
 290.9750  73352.32027514883  
 291.0250  73272.63890285893  
 291.0750  73046.1741417971  
 291.1250  72886.08426682377  
 291.1750  72984.65891050531  
 291.2250  73320.22958711482  
 291.2750  74393.17107695312  
 291.3250  76674.09428954631  
 291.3750  78428.72052330966  
 291.4250  77976.89381561619  
 291.4750  75708.80445446864  
 291.5250  73193.91491892049  
 291.5750  71434.81683323697  
 291.6250  70399.16501374636  
 291.6750  70182.88007819382  
 291.7250  70561.93315233583  
 291.7750  70321.18027904132  
 291.8250  69189.86233744325  
 291.8750  68329.93369638665  
 291.9250  68383.22023539178  
 291.9750  69094.07502693689  
 292.0250  69591.4322161046  
 292.0750  69301.1496441715  
 292.1250  68917.50352971043  
 292.1750  69091.7724473574  
 292.2250  69194.83106179898  
 292.2750  68900.67046110044  
 292.3250  68017.49788513097  
 292.3750  66204.50731844774  
 292.4250  63826.451604120164  
 292.4750  62399.167354679645  
 292.5250  62450.27250250422  
 292.5750  62588.815080149565  
 292.6250  61636.84385011321  
 292.6750  60386.24016745817  
 292.7250  60087.97128003624  
 292.7750  61094.319744668006  
 292.8250  62351.213105227  
 292.8750  61716.52522240312  
 292.9250  60069.92632743705  
 292.9750  59963.244179867776  
 293.0250  63224.108904968045  
 293.0750  68103.22655852699  
 293.1250  71157.13785479155  
 293.1750  71915.8257073904  
 293.2250  72401.56092910169  
 293.2750  72873.37160377706  
 293.3250  71924.67246051155  
 293.3750  70590.63056520009  
 293.4250  70241.9836603471  
 293.4750  71361.19488089308  
 293.5250  73112.53690904571  
 293.5750  73420.25849158339  
 293.6250  71265.75901674356  
 293.6750  66420.18631200568  
 293.7250  60710.91600700477  
 293.7750  58112.709447199115  
 293.8250  58897.07712152909  
 293.8750  60359.60295737556  
 293.9250  61187.804475594894  
 293.9750  61824.91612639718  
 294.0250  63060.14100122926  
 294.0750  63984.251018353905  
 294.1250  63588.37699444181  
 294.1750  62294.545409892  
 294.2250  62159.153730618564  
 294.2750  63849.22290427724  
 294.3250  66043.55700584207  
 294.3750  67220.16305211655  
 294.4250  65929.60355433759  
 294.4750  64219.18684850025  
 294.5250  64226.688410393384  
 294.5750  66251.00730711335  
 294.6250  68894.01721799973  
 294.6750  69341.602331731  
 294.7250  66840.63734321875  
 294.7750  62165.44340852251  
 294.8250  57002.34497977431  
 294.8750  54541.4691136248  
 294.9250  55055.05342940791  
 294.9750  56810.75823992166  
 295.0250  59762.94399413278  
 295.0750  63596.48449832955  
 295.1250  67063.70882911082  
 295.1750  69389.55658118366  
 295.2250  71387.95327937462  
 295.2750  72668.10269368635  
 295.3250  71691.55445634903  
 295.3750  68678.9441664364  
 295.4250  65439.032915509386  
 295.4750  64630.68205703313  
 295.5250  67368.03713647874  
 295.5750  70475.46522970639  
 295.6250  71534.84573770556  
 295.6750  70393.72365463484  
 295.7250  68315.40320735614  
 295.7750  67425.43196220727  
 295.8250  68571.40158123476  
 295.8750  71525.88991502537  
 295.9250  73995.4792270572  
 295.9750  73910.9503188105  
 296.0250  72065.86906409326  
 296.0750  70517.36005921305  
 296.1250  70102.95632910606  
 296.1750  70713.41865098584  
 296.2250  71971.17244917716  
 296.2750  73520.65096124873  
 296.3250  74640.21362815156  
 296.3750  74163.0827827636  
 296.4250  71757.67484679978  
 296.4750  67709.65511419438  
 296.5250  62718.02615107808  
 296.5750  57750.501560506986  
 296.6250  54086.73388435725  
 296.6750  51839.59799738297  
 296.7250  50511.251956820735  
 296.7750  51187.71348075235  
 296.8250  54128.99227906065  
 296.8750  56608.88260500071  
 296.9250  56889.95485861589  
 296.9750  55331.39933546521  
 297.0250  53117.9295857109  
 297.0750  52678.82765990404  
 297.1250  54853.056606088045  
 297.1750  58070.56012205473  
 297.2250  59807.98972201134  
 297.2750  58650.51932392633  
 297.3250  56539.00537418343  
 297.3750  55866.54306741619  
 297.4250  58293.51041954788  
 297.4750  63251.83681064094  
 297.5250  67403.9937344383  
 297.5750  69455.31340643765  
 297.6250  69953.27653759996  
 297.6750  70820.84004778853  
 297.7250  73627.69667401478  
 297.7750  76847.51488840084  
 297.8250  78282.67638377116  
 297.8750  76956.13605035284  
 297.9250  73096.67334762707  
 297.9750  69450.34468208192  
 298.0250  67271.26819994111  
 298.0750  65455.62360732153  
 298.1250  62753.7524910797  
 298.1750  59088.530554142926  
 298.2250  56045.76859057899  
 298.2750  54956.23640892854  
 298.3250  54547.637603129835  
 298.3750  52563.165451974775  
 298.4250  50016.8032892271  
 298.4750  48654.41542740825  
 298.5250  48480.15862860116  
 298.5750  48950.030288893824  
 298.6250  49853.429208643036  
 298.6750  51524.01128775537  
 298.7250  53196.64145080945  
 298.7750  53996.87268655806  
 298.8250  55021.508480586854  
 298.8750  57212.20693018409  
 298.9250  60149.36532292912  
 298.9750  63448.01659081265  
 299.0250  66946.4832908355  
 299.0750  69511.99322061252  
 299.1250  70389.60324907157  
 299.1750  69620.85675936239  
 299.2250  67617.26107885774  
 299.2750  65950.7994053087  
 299.3250  64824.55925762536  
 299.3750  63356.228497470634  
 299.4250  60255.4536473437  
 299.4750  56203.32562801489  
 299.5250  54254.21625166471  
 299.5750  55473.819941876005  
 299.6250  59049.1806810136  
 299.6750  62878.600779647095  
 299.7250  65317.2022180751  
 299.7750  66751.03064105731  
 299.8250  66801.77222368511  
 299.8750  64430.50305969707  
 299.9250  59898.57805020405  
 299.9750  55144.66013156937  
 300.0250  52144.77462354334  
 300.0750  49173.21084434491  
 300.1250  47192.0107799607  
 300.1750  46283.88551265361  
 300.2250  46207.94886189033  
 300.2750  46070.14553347838  
 300.3250  45529.42713517709  
 300.3750  45772.967341646734  
 300.4250  47491.612739770746  
 300.4750  51166.63881818015  
 300.5250  55126.857555768016  
 300.5750  57015.05764282101  
 300.6250  57297.34178042539  
 300.6750  56531.14024709353  
 300.7250  54784.51244765888  
 300.7750  52852.47851671652  
 300.8250  51445.541799454666  
 300.8750  50962.23034572177  
 300.9250  51557.91980177319  
 300.9750  52911.94566406657  
 301.0250  54990.872053339874  
 301.0750  58037.62111522828  
 301.1250  61148.92723722136  
 301.1750  61993.85275449167  
 301.2250  60315.635806247374  
 301.2750  59372.87489452894  
 301.3250  60368.195214858984  
 301.3750  61816.432938472775  
 301.4250  62377.983622548425  
 301.4750  61993.12562409815  
 301.5250  61541.541293202514  
 301.5750  61156.562106353325  
 301.6250  60712.73383298857  
 301.6750  60107.95524701816  
 301.7250  59116.391767054636  
 301.7750  57316.356240215944  
 301.8250  54803.16334225267  
 301.8750  52589.69359249837  
 301.9250  50996.86599013311  
 301.9750  49446.90272446586  
 302.0250  47707.29173332869  
 302.0750  45655.62061497249  
 302.1250  44068.11318331982  
 302.1750  44294.3355675838  
 302.2250  46555.153624796156  
 302.2750  50966.581009243004  
 302.3250  56552.69966326139  
 302.3750  60915.324479463154  
 302.4250  62597.89209122867  
 302.4750  62399.894485073164  
 302.5250  62118.70104305907  
 302.5750  62013.097472240166  
 302.6250  61396.58784925429  
 302.6750  61200.39595024269  
 302.7250  63916.19161352043  
 302.7750  69838.2323905052  
 302.8250  75323.70407922052  
 302.8750  78341.52547028672  
 302.9250  78872.91236187117  
 302.9750  77867.6545928297  
 303.0250  76919.44020315987  
 303.0750  76681.48678188042  
 303.1250  76759.1079513887  
 303.1750  76022.45214971351  
 303.2250  76125.14719895834  
 303.2750  79106.03036603371  
 303.3250  82634.2851745111  
 303.3750  84288.27656181128  
 303.4250  83868.78291894967  
 303.4750  83241.35422122109  
 303.5250  83407.3823277415  
 303.5750  84029.59992431651  
 303.6250  83888.64569753266  
 303.6750  81850.15987697894  
 303.7250  78493.50784137231  
 303.7750  73502.00006665495  
 303.8250  68956.5019564829  
 303.8750  68472.94812595216  
 303.9250  70909.9741151942  
 303.9750  73734.7545056207  
 304.0250  75136.49224056888  
 304.0750  74497.4415753839  
 304.1250  73037.33950751585  
 304.1750  71661.03921750096  
 304.2250  70227.57435971552  
 304.2750  69528.34153562684  
 304.3250  70718.26618694264  
 304.3750  73692.48399207741  
 304.4250  76784.18183112523  
 304.4750  78641.9757488892  
 304.5250  79553.49429136606  
 304.5750  80247.0312607055  
 304.6250  81070.15498501009  
 304.6750  81243.09083026895  
 304.7250  78552.72049308462  
 304.7750  73783.19350866904  
 304.8250  70228.18030171012  
 304.8750  69516.58626093161  
 304.9250  72207.07778651486  
 304.9750  76400.41452826525  
 305.0250  79676.53687278955  
 305.0750  81071.60924579714  
 305.1250  80329.1364009738  
 305.1750  80888.62688226781  
 305.2250  84081.67457933245  
 305.2750  87022.83218924183  
 305.3250  87223.0111865779  
 305.3750  84123.20584364232  
 305.4250  79672.53765562519  
 305.4750  76339.97787372384  
 305.5250  74569.13663218498  
 305.5750  74432.77544572018  
 305.6250  75060.79796660345  
 305.6750  74573.85086090297  
 305.7250  72064.05123810946  
 305.7750  67384.38545149306  
 305.8250  62748.05663633045  
 305.8750  60472.465713289756  
 305.9250  59922.06436191475  
 305.9750  59964.092498660204  
 306.0250  61463.78681645544  
 306.0750  64640.25594054781  
 306.1250  68317.46341013779  
 306.1750  71568.02712132985  
 306.2250  74161.26495677979  
 306.2750  75362.33894079622  
 306.3250  75247.65835889822  
 306.3750  74240.21919867619  
 306.4250  72192.54729748434  
 306.4750  69930.27497948495  
 306.5250  69034.00193759224  
 306.5750  69895.88171187145  
 306.6250  70877.64105036235  
 306.6750  69726.82389537802  
 306.7250  67216.05476539316  
 306.7750  65861.66533790303  
 306.8250  66351.76334197543  
 306.8750  68654.8397938912  
 306.9250  72203.1997577494  
 306.9750  75608.16960800547  
 307.0250  77879.89462112062  
 307.0750  79251.22618677978  
 307.1250  80006.53288304873  
 307.1750  80182.60750783961  
 307.2250  79799.56733537314  
 307.2750  78697.44367907489  
 307.3250  77884.12409624293  
 307.3750  78491.0840733939  
 307.4250  79535.08577357011  
 307.4750  79817.49109957341  
 307.5250  79172.63551008014  
 307.5750  76985.31821681278  
 307.6250  74901.07165682688  
 307.6750  75213.62865648148  
 307.7250  78063.72530344238  
 307.7750  80574.85799862401  
 307.8250  80000.47346310274  
 307.8750  78313.55518781597  
 307.9250  77980.5294675838  
 307.9750  79654.97745662168  
 308.0250  81845.19115262323  
 308.0750  82271.1077806276  
 308.1250  81229.76010638775  
 308.1750  79221.43807832523  
 308.2250  76357.1745075306  
 308.2750  74335.41268602785  
 308.3250  74140.43267100543  
 308.3750  74606.6686793305  
 308.4250  75453.2908341857  
 308.4750  77971.92509126048  
 308.5250  81322.77220255886  
 308.5750  83410.16966091667  
 308.6250  83681.55896145814  
 308.6750  82369.31885911238  
 308.7250  80035.10910751407  
 308.7750  77505.44670613758  
 308.8250  75056.3139958434  
 308.8750  73478.98638970003  
 308.9250  73611.95430099507  
 308.9750  73604.21036230407  
 309.0250  72258.54649953617  
 309.0750  70475.22285290856  
 309.1250  68148.89034724004  
 309.1750  65304.00480143272  
 309.2250  63091.50455886977  
 309.2750  61484.13434863411  
 309.3250  59400.372542243895  
 309.3750  57461.67324936092  
 309.4250  57573.44530968485  
 309.4750  59974.01782853176  
 309.5250  63454.318387556494  
 309.5750  65892.42295354891  
 309.6250  66272.19103924457  
 309.6750  64562.01671020506  
 309.7250  61351.166437339074  
 309.7750  59172.574708793945  
 309.8250  59645.11251386285  
 309.8750  61452.40722579685  
 309.9250  62791.7814106608  
 309.9750  62362.10794228991  
 310.0250  59765.24657371226  
 310.0750  57042.785548493914  
 310.1250  55917.890592038595  
 310.1750  56877.9693259627  
 310.2250  59094.22640889216  
 310.2750  62070.14085161182  
 310.3250  66585.12372293581  
 310.3750  72723.81300066988  
 310.4250  78182.88985610042  
 310.4750  81438.78585684497  
 310.5250  83413.32055928858  
 310.5750  84572.12402976172  
 310.6250  85553.39861465694  
 310.6750  87226.28327334874  
 310.7250  89574.0540067862  
 310.7750  91826.87362966985  
 310.8250  93836.54084896036  
 310.8750  96216.52345883075  
 310.9250  97762.60869573256  
 310.9750  98022.96985197232  
 311.0250  97448.82769324888  
 311.0750  95926.4832636955  
 311.1250  94906.45262882566  
 311.1750  95391.46072014344  
 311.2250  96238.31313295657  
 311.2750  96903.87981982528  
 311.3250  97925.00115028537  
 311.3750  98456.14566507199  
 311.4250  97192.46575417349  
 311.4750  94523.04889116244  
 311.5250  92822.69082243546  
 311.5750  93354.5624676156  
 311.6250  93917.07054004271  
 311.6750  92582.42270273664  
 311.7250  89046.65421352621  
 311.7750  85824.7879151984  
 311.8250  84397.14010056111  
 311.8750  83417.31977645295  
 311.9250  82268.19925905352  
 311.9750  81097.51932548624  
 312.0250  79893.18537353884  
 312.0750  79151.56084750795  
 312.1250  79100.45569968339  
 312.1750  79264.0721570653  
 312.2250  79262.73908467717  
 312.2750  79404.90519545024  
 312.3250  80477.49523893167  
 312.3750  82736.01071656455  
 312.4250  85283.23331694455  
 312.4750  86688.95815021721  
 312.5250  86323.84174195101  
 312.5750  83815.01162634885  
 312.6250  81340.45358996128  
 312.6750  81132.15496989757  
 312.7250  82163.92876062274  
 312.7750  83614.9538174117  
 312.8250  85068.40264217905  
 312.8750  85677.77426846854  
 312.9250  85345.96043222555  
 312.9750  85370.41625112761  
 313.0250  86417.94453371239  
 313.0750  86750.72787714674  
 313.1250  85855.66671924322  
 313.1750  85430.61052887118  
 313.2250  85814.37783173118  
 313.2750  85891.39305924485  
 313.3250  85593.00298342398  
 313.3750  85672.44197891606  
 313.4250  85558.12496221482  
 313.4750  84739.72758546809  
 313.5250  84991.9812378201  
 313.5750  86761.98627940641  
 313.6250  88210.10281462129  
 313.6750  88611.79388168154  
 313.7250  88800.09641592346  
 313.7750  90185.84940105409  
 313.8250  92252.18431567961  
 313.8750  94045.06972698202  
 313.9250  95116.6902632721  
 313.9750  95098.0393686783  
 314.0250  94113.61388541118  
 314.0750  92665.98210379199  
 314.1250  91924.96351975569  
 314.1750  92093.53658265343  
 314.2250  91485.1344635553  
 314.2750  89301.69519905337  
 314.3250  85423.58160173382  
 314.3750  80038.62357108275  
 314.4250  74495.0178074055  
 314.4750  70641.73571302465  
 314.5250  69618.91774497966  
 314.5750  71599.6330557682  
 314.6250  75080.29717998968  
 314.6750  78011.28708322969  
 314.7250  79896.33627191077  
 314.7750  80624.2665088637  
 314.8250  81478.62048356999  
 314.8750  83644.98430266407  
 314.9250  86378.7037301421  
 314.9750  88474.46318802539  
 315.0250  88543.49210005022  
 315.0750  87253.88999062273  
 315.1250  86573.42924952676  
 315.1750  86729.04727257995  
 315.2250  86904.51595537624  
 315.2750  86460.32411681472  
 315.3250  86147.28236356445  
 315.3750  86283.03760803463  
 315.4250  86039.37621316606  
 315.4750  84583.39455086128  
 315.5250  82840.765968591  
 315.5750  81851.37176096815  
 315.6250  81011.29377965465  
 315.6750  79205.5745169066  
 315.7250  75917.9513933248  
 315.7750  71971.77839117177  
 315.8250  68678.4594128407  
 315.8750  66699.1983628392  
 315.9250  65289.474312402206  
 315.9750  64477.00304836267  
 316.0250  64755.4212760415  
 316.0750  65714.65169117316  
 316.1250  66285.40057472684  
 316.1750  66654.86764651428  
 316.2250  67816.83413419922  
 316.2750  69969.01891061968  
 316.3250  73011.7808741836  
 316.3750  76378.9763004963  
 316.4250  78606.49178568543  
 316.4750  79114.63474235703  
 316.5250  79069.94046083534  
 316.5750  80047.09464016726  
 316.6250  81501.87653732274  
 316.6750  82371.74262709077  
 316.7250  83906.4361544941  
 316.7750  87036.99911307558  
 316.8250  88962.74336611401  
 316.8750  88581.3877123925  
 316.9250  88478.22002839191  
 316.9750  90220.36385706652  
 317.0250  93433.88027470875  
 317.0750  96913.45370333995  
 317.1250  99975.35131509334  
 317.1750  102417.45509825015  
 317.2250  103727.15024421859  
 317.2750  104385.0941807952  
 317.3250  104667.4995067985  
 317.3750  104186.96326740088  
 317.4250  103274.83878292944  
 317.4750  102330.2600452272  
 317.5250  101013.77834891924  
 317.5750  99813.18911849849  
 317.6250  99915.64179094546  
 317.6750  101341.59296799787  
 317.7250  101832.29691406488  
 317.7750  100396.89304189672  
 317.8250  96887.65269320988  
 317.8750  91502.33109736205  
 317.9250  86820.95655432089  
 317.9750  83245.35343838546  
 318.0250  79688.8859706395  
 318.0750  77662.15542478104  
 318.1250  77217.23645582602  
 318.1750  76523.44499084885  
 318.2250  75677.80446202491  
 318.2750  75758.33415310725  
 318.3250  76798.46994335791  
 318.3750  77765.2140392226  
 318.4250  78672.7333645351  
 318.4750  79780.08024082679  
 318.5250  80722.59877574739  
 318.5750  81804.87177230253  
 318.6250  83482.59184811127  
 318.6750  84942.33035078256  
 318.7250  85437.62733716864  
 318.7750  85958.36176848804  
 318.8250  87238.99593639547  
 318.8750  88463.0835973668  
 318.9250  90105.80446356743  
 318.9750  93358.1860007433  
 319.0250  95257.52330165704  
 319.0750  93465.00145555139  
 319.1250  89920.3983320597  
 319.1750  86045.31444471315  
 319.2250  82640.22340605817  
 319.2750  80141.31862032757  
 319.3250  78381.8569694473  
 319.3750  78391.05516892533  
 319.4250  80527.75206796381  
 319.4750  83224.03639901543  
 319.5250  85110.66103688246  
 319.5750  86452.81043608168  
 319.6250  87652.06659411432  
 319.6750  88423.96398219542  
 319.7250  88907.03305913048  
 319.7750  89701.9320053266  
 319.8250  92040.2621624882  
 319.8750  96612.15510594503  
 319.9250  100346.7574012635  
 319.9750  101436.90764374845  
 320.0250  99939.5037866928  
 320.0750  97247.08536556675  
 320.1250  96672.70083004546  
 320.1750  99033.79016852423  
 320.2250  101925.78164499176  
 320.2750  102467.59073888336  
 320.3250  101771.26643636875  
 320.3750  102199.10995991596  
 320.4250  104091.0547684956  
 320.4750  106552.6577650386  
 320.5250  107448.67631129359  
 320.5750  106372.70511148228  
 320.6250  104824.9232369956  
 320.6750  104507.03394778853  
 320.7250  104939.48263049469  
 320.7750  104090.44882650099  
 320.8250  102076.794508886  
 320.8750  99173.42344175986  
 320.9250  95427.18706014506  
 320.9750  92124.90014029393  
 321.0250  89908.8975530022  
 321.0750  87828.274526144  
 321.1250  85342.80953385364  
 321.1750  83042.8718614699  
 321.2250  81382.34841946793  
 321.2750  80610.22077342887  
 321.3250  80761.70627207888  
 321.3750  80392.84514228605  
 321.4250  79420.88994526779  
 321.4750  79384.67885167048  
 321.5250  80851.93103507483  
 321.5750  83362.33659986295  
 321.6250  85795.2421835417  
 321.6750  86878.4846872882  
 321.7250  86702.51913205636  
 321.7750  86836.21417374491  
 321.8250  88850.3532449556  
 321.8750  92237.89620344694  
 321.9250  95117.53858206453  
 321.9750  96177.64622045722  
 322.0250  95189.7062736214  
 322.0750  95078.78253208991  
 322.1250  96353.7208452481  
 322.1750  95885.4246341414  
 322.2250  92394.59280325052  
 322.2750  88406.40378319191  
 322.3250  86832.83301741505  
 322.3750  86924.49992235814  
 322.4250  87993.81787906874  
 322.4750  89694.18806663562  
 322.5250  89516.28349702104  
 322.5750  86770.9421020866  
 322.6250  83268.73068053712  
 322.6750  80939.00489969886  
 322.7250  80309.04336443286  
 322.7750  79665.87229368459  
 322.8250  78314.2823182095  
 322.8750  76594.65529405423  
 322.9250  75428.82289644374  
 322.9750  75026.88945258563  
 323.0250  74938.49463441338  
 323.0750  75952.70822613504  
 323.1250  78558.6587246317  
 323.1750  81183.74487131782  
 323.2250  83068.67287159998  
 323.2750  84192.477132465  
 323.3250  84027.53972153486  
 323.3750  83031.977024407  
 323.4250  81847.25135540486  
 323.4750  80542.16136859539  
 323.5250  79457.58579246077  
 323.5750  80645.20786419709  
 323.6250  82720.26834354483  
 323.6750  82851.539617255  
 323.7250  82389.54520289213  
 323.7750  83489.4995868497  
 323.8250  86758.47181583774  
 323.8750  89604.81162243211  
 323.9250  89973.80605946375  
 323.9750  88621.23445795741  
 324.0250  88999.548282866  
 324.0750  92450.18192183512  
 324.1250  95766.87814231784  
 324.1750  97110.4818023041  
 324.2250  96247.40226287558  
 324.2750  95252.4333889024  
 324.3250  95795.93912037885  
 324.3750  96213.25137205992  
 324.4250  95708.25931376024  
 324.4750  95853.33394610738  
 324.5250  97395.55327308364  
 324.5750  98947.44343429372  
 324.6250  100115.45722308477  
 324.6750  101004.70133784013  
 324.7250  100443.39303056232  
 324.7750  97973.19777653586  
 324.8250  95284.65738417524  
 324.8750  94220.06577502252  
 324.9250  94451.729518398  
 324.9750  95147.81144411476  
 325.0250  96249.58365405614  
 325.0750  97148.98335664098  
 325.1250  97541.35503582431  
 325.1750  98331.04288086688  
 325.2250  99878.4611901568  
 325.2750  101537.42130181272  
 325.3250  102942.29781629292  
 325.3750  104199.08210729288  
 325.4250  105155.16162405262  
 325.4750  105943.1649503502  
 325.5250  108797.73344923125  
 325.5750  113981.07034059911  
 325.6250  117690.97444021767  
 325.6750  119028.63986865686  
 325.7250  119783.8253765269  
 325.7750  120484.9972149983  
 325.8250  120684.08551674409  
 325.8750  120611.54214115057  
 325.9250  121797.73418977963  
 325.9750  124088.92205976133  
 326.0250  125607.53388662796  
 326.0750  125682.67069395838  
 326.1250  125358.00697325167  
 326.1750  124695.59118475491  
 326.2250  123714.69228389634  
 326.2750  123753.47257155075  
 326.3250  124597.54977002862  
 326.3750  124624.21121779103  
 326.4250  123005.13420821968  
 326.4750  120118.18416914721  
 326.5250  117938.01699141612  
 326.5750  117046.10673188453  
 326.6250  118138.19598875221  
 326.6750  121440.47078976344  
 326.7250  124063.47249598814  
 326.7750  124819.20335165331  
 326.8250  124785.27059995572  
 326.8750  124808.2963957505  
 326.9250  124856.65056691959  
 326.9750  124103.46466763175  
 327.0250  122772.57367069219  
 327.0750  121424.71629790384  
 327.1250  119918.85349060358  
 327.1750  117869.47283298697  
 327.2250  116163.54009790966  
 327.2750  116745.06263012733  
 327.3250  119502.0259925182  
 327.3750  121320.61546323154  
 327.4250  120936.09679229825  
 327.4750  119994.17208053237  
 327.5250  120540.21064954625  
 327.5750  121761.37767010361  
 327.6250  121323.03923120994  
 327.6750  119167.54601149898  
 327.7250  116718.04973600806  
 327.7750  115758.8193208764  
 327.8250  116282.08658973321  
 327.8750  116649.62676597784  
 327.9250  115579.35142091576  
 327.9750  114025.51012648306  
 328.0250  113549.95473028105  
 328.0750  114105.79744076758  
 328.1250  115304.56884520453  
 328.1750  116097.05614226215  
 328.2250  115643.5327969838  
 328.2750  114511.12415979544  
 328.3250  113620.91053784873  
 328.3750  114380.09526288313  
 328.4250  116427.77928291487  
 328.4750  117549.1597758015  
 328.5250  116950.31942137815  
 328.5750  115612.41161614114  
 328.6250  114410.24693653443  
 328.6750  112686.6328140547  
 328.7250  110197.16860459997  
 328.7750  108844.23343789687  
 328.8250  110405.34603626475  
 328.8750  113600.45393611102  
 328.9250  116259.81216201172  
 328.9750  119483.8598515201  
 329.0250  124380.74372436073  
 329.0750  127988.4011718105  
 329.1250  128828.84271832077  
 329.1750  128971.72384064744  
 329.2250  129357.95126800552  
 329.2750  129894.4523100244  
 329.3250  130956.54743815938  
 329.3750  132891.68379211408  
 329.4250  135272.5510772966  
 329.4750  136791.16290416324  
 329.5250  136531.94091887333  
 329.5750  135570.43216184198  
 329.6250  135604.36491353958  
 329.6750  136677.24580917842  
 329.7250  138020.25564601  
 329.7750  138703.27346232315  
 329.8250  138447.80831739976  
 329.8750  137422.0697089408  
 329.9250  136709.96667688683  
 329.9750  137379.6537693188  
 330.0250  138970.97863553744  
 330.0750  141297.31114120598  
 330.1250  142984.25365417253  
 330.1750  141436.55661156506  
 330.2250  137333.7233661281  
 330.2750  133144.846357458  
 330.3250  129290.20695300924  
 330.3750  127443.41694186721  
 330.4250  127763.11193821818  
 330.4750  127529.3395167015  
 330.5250  126108.89029296007  
 330.5750  122914.24290902968  
 330.6250  118716.44643419902  
 330.6750  115352.52309465718  
 330.7250  113801.71151019749  
 330.7750  114896.34572344249  
 330.8250  117621.58196299609  
 330.8750  120025.89920336963  
 330.9250  121307.28473935035  
 330.9750  122446.8192543952  
 331.0250  123180.73619825479  
 331.0750  123074.09040720516  
 331.1250  123225.45471745626  
 331.1750  123925.43890961824  
 331.2250  123847.99952270836  
 331.2750  122205.7755289433  
 331.3250  120748.26689281213  
 331.3750  120538.7685075991  
 331.4250  119662.11586749154  
 331.4750  117979.4270673271  
 331.5250  116836.48715827259  
 331.5750  117102.54416926159  
 331.6250  118727.94721325654  
 331.6750  121159.51972454718  
 331.7250  123070.45475523757  
 331.7750  123793.46474319434  
 331.8250  124417.10024403673  
 331.8750  125188.58559156151  
 331.9250  125376.18523308968  
 331.9750  124816.77958367491  
 332.0250  123845.57575472996  
 332.0750  122556.97950901349  
 332.1250  121461.07281757984  
 332.1750  121119.56390942325  
 332.2250  120432.07424118993  
 332.2750  117959.93997278076  
 332.3250  114504.94355145052  
 332.3750  112694.98269474029  
 332.4250  113372.89847945892  
 332.4750  115279.14351911111  
 332.5250  117851.30669198887  
 332.5750  121197.00329633315  
 332.6250  124162.84698310254  
 332.6750  125052.85458477108  
 332.7250  123016.0411641225  
 332.7750  120255.15129760662  
 332.8250  119349.3164910391  
 332.8750  119386.98184542343  
 332.9250  118669.82525713451  
 332.9750  116027.90604183839  
 333.0250  113870.13448022772  
 333.0750  114449.60892850364  
 333.1250  117093.34596978355  
 333.1750  119980.00515669862  
 333.2250  119871.50518314553  
 333.2750  118494.70802069508  
 333.3250  118663.52346039066  
 333.3750  119876.21941186352  
 333.4250  119820.76360051772  
 333.4750  117381.31384329728  
 333.5250  114802.84887367568  
 333.5750  112633.95221704416  
 333.6250  109617.70627516393  
 333.6750  106936.18269110077  
 333.7250  106262.99325394  
 333.7750  107601.26462437377  
 333.8250  110608.421436335  
 333.8750  113764.54302824872  
 333.9250  115735.19970192689  
 333.9750  116785.50319884694  
 334.0250  116877.18222262994  
 334.0750  116550.80974549845  
 334.1250  117617.34036903389  
 334.1750  118768.03633561927  
 334.2250  118243.78744073119  
 334.2750  116611.73115363554  
 334.3250  116784.89725685235  
 334.3750  119905.0501319666  
 334.4250  123000.28667226288  
 334.4750  124429.21908392872  
 334.5250  124895.43085457399  
 334.5750  125275.720050385  
 334.6250  125957.52598270898  
 334.6750  126365.56732187264  
 334.7250  125780.71210868467  
 334.7750  124854.34798734011  
 334.8250  124090.13394375052  
 334.8750  122845.2867100442  
 334.9250  119311.40875985692  
 334.9750  113999.11529319828  
 335.0250  111276.53307958103  
 335.0750  112903.63276116086  
 335.1250  117866.56431141289  
 335.1750  122661.2015320847  
 335.2250  124412.25270807993  
 335.2750  124983.8983857856  
 335.3250  125778.28834070628  
 335.3750  125783.13587666307  
 335.4250  124556.34571439581  
 335.4750  123731.65865974514  
 335.5250  124125.27857943732  
 335.5750  125556.63475908159  
 335.6250  126764.03477752164  
 335.6750  126057.99116541365  
 335.7250  124262.10028181803  
 335.7750  122544.86066912148  
 335.8250  120198.9562370274  
 335.8750  115786.66841494822  
 335.9250  109425.28333535873  
 335.9750  102659.40773669395  
 336.0250  96925.31804759422  
 336.0750  92933.3721871691  
 336.1250  90485.33017246521  
 336.1750  89153.34847993539  
 336.2250  89431.99696557217  
 336.2750  92618.87617313178  
 336.3250  98190.6945960776  
 336.3750  103426.33640041933  
 336.4250  106758.41142872501  
 336.4750  109053.01681155626  
 336.5250  111158.33803411435  
 336.5750  112326.23063450647  
 336.6250  111406.47128090306  
 336.6750  108747.47662019913  
 336.7250  105662.09269673502  
 336.7750  102853.66062132282  
 336.8250  100651.81283902495  
 336.8750  99113.3503524152  
 336.9250  97871.22985768456  
 336.9750  96121.08759468124  
 337.0250  94979.23838121702  
 337.0750  95378.14211510212  
 337.1250  96634.55072206544  
 337.1750  97446.05247891361  
 337.2250  97219.83009464963  
 337.2750  96494.80837927078  
 337.3250  96287.2368896006  
 337.3750  98916.07987665322  
 337.4250  102850.87328814766  
 337.4750  105101.14795465398  
 337.5250  107306.75257731837  
 337.5750  111607.25622023374  
 337.6250  116127.32900431237  
 337.6750  118660.85731561441  
 337.7250  119675.07090733609  
 337.7750  120052.54853229213  
 337.8250  119565.96499178841  
 337.8750  117673.89899480985  
 337.9250  114460.98851916225  
 337.9750  111122.5026245537  
 338.0250  107948.57845683863  
 338.0750  104417.30605722815  
 338.1250  102495.43983295516  
 338.1750  104588.16958086546  
 338.2250  110187.7280283241  
 338.2750  114514.63862336412  
 338.3250  115364.7631229481  
 338.3750  114972.63382056261  
 338.4250  114282.97487998863  
 338.4750  114926.61858549269  
 338.5250  117208.874870474  
 338.5750  119195.51629396972  
 338.6250  120258.53245393647  
 338.6750  121607.58959187413  
 338.7250  123309.07471271107  
 338.7750  122742.27657096219  
 338.8250  119668.5388526343  
 338.8750  116771.09389821536  
 338.9250  117238.90535572637  
 338.9750  120733.6152153827  
 339.0250  123753.47257155075  
 339.0750  124555.1338304066  
 339.1250  122377.74186701079  
 339.1750  118731.34048842629  
 339.2250  116373.7656135162  
 339.2750  114465.23011312443  
 339.3250  111263.45685133756  
 339.3750  109027.33698982511  
 339.4250  109964.65654243203  
 339.4750  112307.094986317  
 339.5250  114607.75978909426  
 339.5750  117513.06987060311  
 339.6250  120067.4425865194  
 339.6750  121698.35970266521  
 339.7250  123505.27873056257  
 339.7750  125840.09442415548  
 339.8250  128114.31591828838  
 339.8750  130004.73375304161  
 339.9250  131169.71783185969  
 339.9750  131576.54728703413  
 340.0250  132984.99885928247  
 340.0750  135960.41642956657  
 340.1250  138228.57850375347  
 340.1750  137657.0540144467  
 340.2250  134577.4144210914  
 340.2750  131820.01478046444  
 340.3250  130691.26603292346  
 340.3750  130139.13168744389  
 340.4250  129643.83470105781  
 340.4750  128209.93356503628  
 340.5250  125907.83873915176  
 340.5750  124052.56554008533  
 340.6250  124097.40524768572  
 340.6750  124769.5161080961  
 340.7250  122985.74406439248  
 340.7750  119383.46738185476  
 340.8250  117138.63407445996  
 340.8750  117836.65501455944  
 340.9250  118598.97851912586  
 340.9750  117509.56752587431  
 341.0250  116327.14443645168  
 341.0750  116722.04895317242  
 341.1250  118541.22012820058  
 341.1750  120280.69781209894  
 341.2250  121047.9900410211  
 341.2750  120093.9586082031  
 341.3250  116477.67254675023  
 341.3750  112392.59340175508  
 341.4250  109820.06666368057  
 341.4750  107738.83769482777  
 341.5250  106204.85917897808  
 341.5750  106834.4571490473  
 341.6250  109967.20149880936  
 341.6750  113659.4242110255  
 341.7250  116564.24953893867  
 341.7750  117681.88531029869  
 341.8250  118240.28509600242  
 341.8750  119591.51150628073  
 341.9250  121755.31825015762  
 341.9750  124969.35577791522  
 342.0250  128090.07823850439  
 342.0750  129583.24050159781  
 342.1250  129178.83481440174  
 342.1750  127714.6365786502  
 342.2250  126623.57742317332  
 342.2750  125278.1438183634  
 342.3250  122764.09048276777  
 342.3750  120313.51563052648  
 342.4250  119047.53314004849  
 342.4750  119773.41529305968  
 342.5250  122050.77556672461  
 342.5750  124642.38947762901  
 342.6250  126747.06840167282  
 342.6750  126601.76351136775  
 342.7250  124004.21136891625  
 342.7750  122391.07259089198  
 342.8250  123398.63293951296  
 342.8750  125109.81313226349  
 342.9250  126816.14578905725  
 342.9750  129327.77535667444  
 343.0250  132936.5234997145  
 343.0750  135466.3313271697  
 343.1250  135353.62611617407  
 343.1750  133655.89783570365  
 343.2250  130681.57096100987  
 343.2750  127445.84070984561  
 343.3250  124575.73585822301  
 343.3750  121589.41133203612  
 343.4250  118723.5965497353  
 343.4750  118508.64468657089  
 343.5250  122225.1656727705  
 343.5750  125798.89036852268  
 343.6250  125660.85678215278  
 343.6750  123226.66660144545  
 343.7250  119906.14082755687  
 343.7750  116352.20619734834  
 343.8250  113287.27887562194  
 343.8750  111114.38300182605  
 343.9250  110030.8981212817  
 343.9750  108413.36020437666  
 344.0250  104725.62146292054  
 344.0750  99792.12657476618  
 344.1250  92809.48128695316  
 344.1750  87300.38997928833  
 344.2250  86751.56407709929  
 344.2750  87674.35314067571  
 344.3250  88649.56830562493  
 344.3750  91482.7106955769  
 344.4250  91641.60080540093  
 344.4750  92470.16588881704  
 344.5250  95614.16864083875  
 344.5750  99641.9620296644  
 344.6250  101753.22148376958  
 344.6750  101561.75593231585  
 344.7250  101891.26718897936  
 344.7750  104506.42800579393  
 344.8250  108662.2205815589  
 344.8750  112140.21856100415  
 344.9250  114120.57030659592  
 344.9750  115235.66112157861  
 345.0250  116938.09151192712  
 345.0750  120082.09426394883  
 345.1250  122996.65102029529  
 345.1750  124391.65068026351  
 345.2250  123112.87069485958  
 345.2750  119378.49865749903  
 345.3250  116326.29611765925  
 345.3750  114948.90513205407  
 345.4250  115613.25993493357  
 345.4750  119781.76517374527  
 345.5250  124111.94785555614  
 345.5750  125361.64262521926  
 345.6250  124247.55767394762  
 345.6750  122049.5636827354  
 345.7250  120216.51643603091  
 345.7750  119172.63592425363  
 345.8250  117934.50252784743  
 345.8750  115170.63142671813  
 345.9250  111790.23858376306  
 345.9750  110344.30343972874  
 346.0250  110071.10843204337  
 346.0750  108874.0336651913  
 346.1250  107570.74938552572  
 346.1750  106911.84806059762  
 346.2250  106655.35281428343  
 346.2750  107521.34087528603  
 346.3250  110828.82677745083  
 346.3750  115213.8714474528  
 346.4250  118317.30032351609  
 346.4750  120292.5621563532  
 346.5250  121697.14781867602  
 346.5750  121091.94507330938  
 346.6250  117461.24971122491  
 346.6750  114017.76618779208  
 346.7250  113699.876898585  
 346.7750  116599.49112534462  
 346.8250  120258.89601913323  
 346.8750  122580.00530480828  
 346.9250  123482.25293476776  
 346.9750  122580.00530480828  
 347.0250  122110.15788219542  
 347.0750  123845.57575472996  
 347.1250  125813.43297639307  
 347.1750  125767.38138480348  
 347.2250  122711.97947123217  
 347.2750  118387.78349632796  
 347.3250  115636.26149304859  
 347.3750  114528.56317040004  
 347.4250  113507.80540513668  
 347.4750  111621.55645130629  
 347.5250  109408.57145514767  
 347.5750  106919.47081088969  
 347.6250  103941.3749769895  
 347.6750  102285.33550574754  
 347.7250  102418.06104024475  
 347.7750  103154.34115788326  
 347.8250  105447.26202196952  
 347.8750  110265.47038623127  
 347.9250  114445.36733454144  
 347.9750  116456.9614493748  
 348.0250  117676.56513958609  
 348.0750  117994.80587515004  
 348.1250  117811.21756962611  
 348.1750  117698.35481371192  
 348.2250  117754.79225108896  
 348.2750  117481.22155936694  
 348.3250  116082.75591118958  
 348.3750  113716.46759039715  
 348.4250  111871.50752407881  
 348.4750  111793.38948213498  
 348.5250  112683.36072728386  
 348.5750  112954.6167205865  
 348.6250  113125.73473986157  
 348.6750  114791.4692830171  
 348.7250  118643.41830500984  
 348.7750  122412.8865026976  
 348.8250  123126.20141874078  
 348.8750  121285.47082754475  
 348.9250  117265.90613100576  
 348.9750  112532.2266749907  
 349.0250  109222.92294684211  
 349.0750  106800.30625823165  
 349.1250  104605.97215666682  
 349.1750  104319.2040483024  
 349.2250  107115.52940266248  
 349.2750  109938.38289754618  
 349.3250  109442.60115756441  
 349.3750  107226.7076398317  
 349.4250  108429.82970778988  
 349.4750  112693.89199915  
 349.5250  115683.60980050665  
 349.5750  115800.71415038305  
 349.6250  113314.2917697412  
 349.6750  110533.46641160299  
 349.7250  109362.30172444001  
 349.7750  109316.04411257224  
 349.8250  109927.59713004228  
 349.8750  112992.76682856653  
 349.9250  118269.46726246235  
 349.9750  124360.14169654432  
 350.0250  129456.11387113073  
 350.0750  131064.28392479925  
 350.1250  130715.50371270748  
 350.1750  131486.98906023224  
 350.2250  133120.608677674  
 350.2750  133565.00653651365  
 350.3250  133649.83841575767  
 350.3750  135557.10143796078  
 350.4250  138582.20625180207  
 350.4750  139280.97855997484  
 350.5250  135908.30541803097  
 350.5750  132478.79491699362  
 350.6250  131193.83432324475  
 350.6750  130599.28403814317  
 350.7250  129938.08013363561  
 350.7750  130159.7337152603  
 350.8250  131623.81076261293  
 350.8750  132636.2186471907  
 350.9250  132775.4641175498  
 350.9750  132057.3016655498  
 351.0250  129986.5554932036  
 351.0750  125779.50022469547  
 351.1250  122102.88657826022  
 351.1750  122273.6410323385  
 351.2250  124184.66089490813  
 351.2750  124053.77742407453  
 351.3250  121830.45505748803  
 351.3750  119188.98423926793  
 351.4250  116981.68297901865  
 351.4750  115663.39557556678  
 351.5250  114885.92352113537  
 351.5750  115031.25264912023  
 351.6250  118166.89340161646  
 351.6750  122483.17577407119  
 351.7250  125486.46667610687  
 351.7750  128358.87410730895  
 351.8250  131150.32768803247  
 351.8750  131964.1077867803  
 351.9250  130905.64831061296  
 351.9750  129692.18887222692  
 352.0250  127530.5514006907  
 352.0750  124721.04074852812  
 352.1250  122343.93030371211  
 352.1750  119722.43133363403  
 352.2250  116991.25686253334  
 352.2750  116455.38600018884  
 352.3250  117070.81704642432  
 352.3750  116174.07136977582  
 352.4250  113164.0060362405  
 352.4750  108406.58577287704  
 352.5250  105321.79567256763  
 352.5750  105612.19943289965  
 352.6250  106700.64091895983  
 352.6750  105311.14321230257  
 352.7250  104152.93356498414  
 352.7750  107149.92267027599  
 352.8250  112004.233058576  
 352.8750  117199.66455215607  
 352.9250  121774.70839398482  
 352.9750  124259.67651383963  
 353.0250  124960.87258999079  
 353.0750  125204.21889502218  
 353.1250  126466.15369297624  
 353.1750  128119.16345424518  
 353.2250  128171.27446578076  
 353.2750  126351.14590240117  
 353.3250  124223.31999416361  
 353.3750  124308.15187340762  
 353.4250  127183.104260987  
 353.4750  131381.55515317182  
 353.5250  135035.1430038123  
 353.5750  136126.32334768807  
 353.6250  135340.2953922929  
 353.6750  134935.8897050968  
 353.7250  134995.27202056762  
 353.7750  134984.3650646648  
 353.8250  134740.8975712345  
 353.8750  134835.4245223921  
 353.9250  136507.70323908934  
 353.9750  140195.2238414274  
 354.0250  143386.23557339015  
 354.0750  142859.4296032849  
 354.1250  139920.3685526768  
 354.1750  136885.56866692193  
 354.2250  135033.9311198231  
 354.2750  134969.8224567944  
 354.3250  136030.58451254125  
 354.3750  137769.6380370434  
 354.4250  139716.89323089013  
 354.4750  141435.34472757584  
 354.5250  142439.26942422922  
 354.5750  142142.60022367304  
 354.6250  140755.96256323028  
 354.6750  140644.59042462282  
 354.7250  141918.52287406992  
 354.7750  142061.40399639664  
 354.8250  140062.0377910143  
 354.8750  137254.9509068301  
 354.9250  136920.71330260872  
 354.9750  139192.51102876326  
 355.0250  141267.01404147598  
 355.0750  141597.61599372976  
 355.1250  140529.46144564878  
 355.1750  139095.68149802613  
 355.2250  137868.8913357589  
 355.2750  136401.17863643865  
 355.3250  134511.9726856746  
 355.3750  132340.76133062373  
 355.4250  130005.94563703082  
 355.4750  127730.39107050978  
 355.5250  125605.11011864957  
 355.5750  125471.92406823649  
 355.6250  128024.63650308757  
 355.6750  130880.19874683976  
 355.7250  131078.82653266966  
 355.7750  129728.54539190291  
 355.8250  129549.30774990021  
 355.8750  129017.65424383813  
 355.9250  126644.17945098974  
 355.9750  124719.82886453891  
 356.0250  125266.02497847138  
 356.0750  126452.82296909505  
 356.1250  126743.43274970523  
 356.1750  126527.83858802653  
 356.2250  126691.32173816962  
 356.2750  127577.81487626949  
 356.3250  128867.50181757624  
 356.3750  130012.0050569768  
 356.4250  129448.84256719553  
 356.4750  125503.43305195568  
 356.5250  118964.82205778558  
 356.5750  111492.21207313897  
 356.6250  104457.14068395316  
 356.6750  100930.46132466172  
 356.7250  101606.2078370397  
 356.7750  104516.48664290429  
 356.8250  107775.65473041969  
 356.8750  108848.95978545475  
 356.9250  107246.5704184147  
 356.9750  103835.17758301589  
 357.0250  99100.88006616634  
 357.0750  94556.23027478672  
 357.1250  93560.425200861  
 357.1750  95703.77534300019  
 357.2250  98723.17218325235  
 357.2750  100624.3273101499  
 357.3250  102216.91253571732  
 357.3750  104866.34543174645  
 357.4250  106455.90094734087  
 357.4750  106435.31103836437  
 357.5250  106412.6730454461  
 357.5750  106995.28627325407  
 357.6250  107531.3873935565  
 357.6750  108236.43726079333  
 357.7250  109184.894027261  
 357.7750  109733.3563642533  
 357.8250  108995.60986698786  
 357.8750  105889.75722294615  
 357.9250  101172.54727034435  
 357.9750  97864.44330734506  
 358.0250  96424.32520645889  
 358.0750  94365.74634936426  
 358.1250  88886.0795849572  
 358.1750  82635.37587010137  
 358.2250  80099.29048358211  
 358.2750  80847.93181791046  
 358.3250  83507.65360900792  
 358.3750  87018.46940688071  
 358.4250  89311.02670577021  
 358.4750  89521.85816337135  
 358.5250  87852.48796824823  
 358.5750  84554.69713799703  
 358.6250  82626.52911698021  
 358.6750  83709.77162072672  
 358.7250  85645.5623920356  
 358.7750  87132.91973082078  
 358.8250  89672.26508527099  
 358.8750  93873.58814251021  
 358.9250  97626.3686976667  
 358.9750  100274.10495611097  
 359.0250  102674.54416771905  
 359.0750  106398.49400277247  
 359.1250  111636.81407073032  
 359.1750  117057.98319497869  
 359.2250  121938.19154412791  
 359.2750  124569.67643827702  
 359.3250  124803.4488597937  
 359.3750  123673.60941666245  
 359.4250  122762.87859877858  
 359.4750  124233.01506607723  
 359.5250  127093.42484578623  
 359.5750  129594.14745750063  
 359.6250  131858.67387971992  
 359.6750  134476.94923838673  
 359.7250  136909.80634670594  
 359.7750  138077.21419350238  
 359.8250  137945.2400270785  
 359.8750  137345.72101762122  
 359.9250  136997.06199392834  
 359.9750  137024.814137281  
 360.0250  137492.35898031443  
 360.0750  138802.64794943755  
 360.1250  140108.0893826039  
 360.1750  139580.07152850943  
 360.2250  136641.01047790135  
 360.2750  131718.21652537162  
 360.3250  126469.78934494384  
 360.3750  123481.04105077856  
 360.4250  122181.65903755822  
 360.4750  121213.96967218193  
 360.5250  119640.08381656787  
 360.5750  116982.65248621  
 360.6250  115235.53993317968  
 360.6750  115561.30646831657  
 360.7250  116557.47510743905  
 360.7750  117462.57066477314  
 360.8250  116560.02006381637  
 360.8750  112754.92247684613  
 360.9250  107754.09531425181  
 360.9750  104332.77714898145  
 361.0250  104299.47457695822  
 361.0750  105700.59425107192  
 361.1250  107519.28067250439  
 361.1750  110407.4062390464  
 361.2250  114270.97722849555  
 361.2750  116867.48715071633  
 361.3250  116933.97110636384  
 361.3750  115332.41793927635  
 361.4250  113604.07746923873  
 361.4750  114259.71882623587  
 361.5250  116683.77765679349  
 361.5750  119107.72741779206  
 361.6250  121131.67063047536  
 361.6750  121723.80926643842  
 361.7250  120771.15938136811  
 361.7750  118812.59730990216  
 361.8250  115447.71658200884  
 361.8750  110104.04743886982  
 361.9250  103894.9961767228  
 361.9750  100305.1049485547  
 362.0250  100631.70768364413  
 362.0750  105789.97069527542  
 362.1250  112183.57977013773  
 362.1750  115181.2960058231  
 362.2250  116935.18299035305  
 362.2750  119865.08219800277  
 362.3250  125033.46444094389  
 362.3750  128309.30805215068  
 362.4250  127918.11190043688  
 362.4750  126721.61883789962  
 362.5250  126974.78140324353  
 362.5750  130306.2504895546  
 362.6250  134853.4815938312  
 362.6750  138694.79027439875  
 362.7250  141475.33689921946  
 362.7750  142459.8714520456  
 362.8250  141960.93881369193  
 362.8750  141042.9366918729  
 362.9250  139971.26768022322  
 362.9750  139122.34294578855  
 363.0250  136781.46783224962  
 363.0750  132265.6245232933  
 363.1250  126018.12018216898  
 363.1750  117144.3299292092  
 363.2250  111000.79311551832  
 363.2750  111332.72814016024  
 363.3250  114360.71723789582  
 363.3750  117808.92710888652  
 363.4250  120460.28690045851  
 363.4750  121091.82388491045  
 363.5250  120149.66891518663  
 363.5750  119953.97388861059  
 363.6250  122719.25077516737  
 363.6750  126140.39927667927  
 363.7250  127238.7297360913  
 363.7750  127546.30589255028  
 363.8250  128607.18913669608  
 363.8750  130422.47016411887  
 363.9250  132685.784702349  
 363.9750  135258.0084694262  
 364.0250  137282.82423858173  
 364.0750  138199.49328801266  
 364.1250  138548.27350010446  
 364.1750  138268.5706753971  
 364.2250  137184.6616354565  
 364.2750  135697.55879230905  
 364.3250  133988.92355593585  
 364.3750  131966.53155475872  
 364.4250  130248.080058073  
 364.4750  128974.14760862583  
 364.5250  126709.49999800762  
 364.5750  124082.86263981533  
 364.6250  123246.05674527267  
 364.6750  124639.96570965061  
 364.7250  126165.84884045244  
 364.7750  124492.23705136712  
 364.8250  120485.11840339722  
 364.8750  117793.79067786143  
 364.9250  119279.80282541858  
 364.9750  123068.03098725918  
 365.0250  125275.720050385  
 365.0750  126674.47655071974  
 365.1250  129948.98708953841  
 365.1750  133205.3193685191  
 365.2250  135151.48386677552  
 365.2750  138002.077386172  
 365.3250  143060.4811570932  
 365.3750  147323.1619007056  
 365.4250  148482.08655957767  
 365.4750  148621.45321833566  
 365.5250  149521.15589191782  
 365.5750  150383.41135023368  
 365.6250  150546.8945003768  
 365.6750  151400.66677076826  
 365.7250  153592.60134203447  
 365.7750  156100.5952576841  
 365.8250  157001.50981525544  
 365.8750  156939.82492020517  
 365.9250  158619.49612923648  
 365.9750  161150.39465228198  
 366.0250  161644.47975467885  
 366.0750  160186.4621272722  
 366.1250  159137.69772301844  
 366.1750  159469.51155926145  
 366.2250  160088.42071254592  
 366.2750  159360.56318863234  
 366.3250  157506.50187355513  
 366.3750  155702.1278020351  
 366.4250  153907.44880242867  
 366.4750  152161.12397399134  
 366.5250  151606.56586053336  
 366.5750  152951.9994653433  
 366.6250  155392.12787759773  
 366.6750  155666.98316634828  
 366.7250  152982.1753766744  
 366.7750  151472.16792613108  
 366.8250  152488.0902742775  
 366.8750  153485.9555509849  
 366.9250  152061.87067527586  
 366.9750  148623.87698631408  
 367.0250  146336.20357990105  
 367.0750  145913.61963286696  
 367.1250  147405.57001197123  
 367.1750  150142.4888131807  
 367.2250  153097.3043556484  
 367.2750  155937.11210754098  
 367.3250  157311.50973969282  
 367.3750  156181.67029656156  
 367.4250  154223.50814681206  
 367.4750  152798.21138711384  
 367.5250  152207.17556558092  
 367.5750  153148.0822947959  
 367.6250  154155.64264341682  
 367.6750  153627.74597772126  
 367.7250  151623.53223638216  
 367.7750  148633.5720582277  
 367.8250  144191.53248421365  
 367.8750  140320.047892315  
 367.9250  140241.275433017  
 367.9750  141087.77639947328  
 368.0250  139232.50320040685  
 368.0750  136089.96682801205  
 368.1250  134582.2619570482  
 368.1750  135061.80445157472  
 368.2250  138243.12111162388  
 368.2750  141105.95465931128  
 368.3250  141243.98824568116  
 368.3750  141603.67541367575  
 368.4250  143328.0651419086  
 368.4750  144995.61751104792  
 368.5250  144744.99990208133  
 368.5750  142714.1247129798  
 368.6250  139808.99641406935  
 368.6750  137906.45973942408  
 368.7250  137684.8061577994  
 368.7750  136875.8735950083  
 368.8250  134344.85388356392  
 368.8750  133580.76102837326  
 368.9250  136390.27168053587  
 368.9750  139676.9010592465  
 369.0250  142261.2436662157  
 369.0750  145607.2553603972  
 369.1250  149837.2152363012  
 369.1750  153735.48246436118  
 369.2250  157177.11180529054  
 369.2750  159745.69992040016  
 369.3250  159920.09002644604  
 369.3750  157921.93570505292  
 369.4250  155271.0606670766  
 369.4750  152502.6328821479  
 369.5250  151974.61502805343  
 369.5750  153982.46442136017  
 369.6250  155411.5180214249  
 369.6750  155556.82291173  
 369.7250  155451.51019306853  
 369.7750  155681.5257742187  
 369.8250  156267.7140597948  
 369.8750  157230.43470081533  
 369.9250  158722.38507991956  
 369.9750  160686.6066496151  
 370.0250  162781.71169014424  
 370.0750  164038.67776374257  
 370.1250  163638.9984241044  
 370.1750  161237.65029950437  
 370.2250  158484.97700643528  
 370.2750  156540.14558056695  
 370.3250  155032.44070960314  
 370.3750  153148.0822947959  
 370.4250  149040.40151340218  
 370.4750  143782.27926106076  
 370.5250  139811.42018204773  
 370.5750  136864.96663910552  
 370.6250  133262.27791601146  
 370.6750  130111.25835569229  
 370.7250  130266.25831791098  
 370.7750  132444.862165296  
 370.8250  133436.66802205736  
 370.8750  133222.28574436787  
 370.9250  133947.71950030306  
 370.9750  134661.03441634623  
 371.0250  134693.63409565573  
 371.0750  137689.6536937562  
 371.1250  143156.21999224  
 371.1750  147359.51842038162  
 371.2250  149986.1557785739  
 371.2750  152205.96368159173  
 371.3250  154997.2960739163  
 371.3750  157651.80676386022  
 371.4250  160095.69201648113  
 371.4750  162774.44038620903  
 371.5250  164577.60257373986  
 371.5750  164106.54326713778  
 371.6250  161420.52359347467  
 371.6750  157989.6800200492  
 371.7250  155612.5695752332  
 371.7750  154581.98343081743  
 371.8250  153408.51616407497  
 371.8750  150216.29254812302  
 371.9250  144462.87330939554  
 371.9750  136963.12924223073  
 372.0250  128700.38301546556  
 372.0750  121295.16589945834  
 372.1250  117376.23604938253  
 372.1750  117322.22237998388  
 372.2250  118074.74174307768  
 372.2750  117973.74333141773  
 372.3250  118856.80683782818  
 372.3750  122831.955986163  
 372.4250  128974.14760862583  
 372.4750  134046.97279901855  
 372.5250  136997.06199392834  
 372.5750  139524.3248650062  
 372.6250  142570.0317066639  
 372.6750  145005.31258296152  
 372.7250  144196.38002017044  
 372.7750  138303.71531108388  
 372.8250  130902.01265864537  
 372.8750  128821.57141438557  
 372.9250  131892.60663141753  
 372.9750  136702.69537295162  
 373.0250  139716.89323089013  
 373.0750  137936.75683915408  
 373.1250  133961.05022418426  
 373.1750  130721.56313265346  
 373.2250  129021.28989580573  
 373.2750  127193.89002849092  
 373.3250  123241.20920931586  
 373.3750  117506.05306230564  
 373.4250  111644.43682102239  
 373.4750  106607.03499963402  
 373.5250  102043.12837166601  
 373.5750  98504.70585651924  
 373.6250  97563.0356403911  
 373.6750  99449.76934781717  
 373.7250  101180.77596263101  
 373.7750  100941.96210371924  
 373.8250  101616.61792050693  
 373.8750  106075.16335445388  
 373.9250  112989.73711859353  
 373.9750  118699.73455398796  
 374.0250  122220.3181368137  
 374.0750  125452.53392440928  
 374.1250  129475.50401495793  
 374.1750  132245.0224954769  
 374.2250  132104.56514112864  
 374.2750  130501.2426234169  
 374.3250  127414.3317261264  
 374.3750  122408.03896674079  
 374.4250  117382.16216208972  
 374.4750  114806.96927923897  
 374.5250  114956.40669394724  
 374.5750  113500.90978523812  
 374.6250  109469.96549804055  
 374.6750  106035.4377972879  
 374.7250  105579.98755646673  
 374.7750  108443.76637366568  
 374.8250  110696.10124295363  
 374.8750  109553.40371069696  
 374.9250  105967.49958085334  
 374.9750  102294.6548936245  
 375.0250  101212.38189706935  
 375.0750  103452.37978734724  
 375.1250  108591.74952758692  
 375.1750  116455.8707537845  
 375.2250  124390.43879627432  
 375.2750  130282.0128097706  
 375.3250  134233.48174495643  
 375.3750  136611.92526216054  
 375.4250  138958.85979564546  
 375.4750  142641.5328620267  
 375.5250  146893.30664973633  
 375.5750  150085.53026568834  
 375.6250  152030.36169155664  
 375.6750  152415.49842332443  
 375.7250  150724.92025839028  
 375.7750  147074.96805971744  
 375.8250  139665.99410334372  
 375.8750  130159.7337152603  
 375.9250  124367.41300047952  
 375.9750  123668.76188070566  
 376.0250  126952.96749143793  
 376.0750  131471.23456837263  
 376.1250  134549.54108933982  
 376.1750  136237.69548629556  
 376.2250  136372.09342069784  
 376.2750  136275.26388996077  
 376.3250  137250.10337087332  
 376.3750  137693.28934572378  
 376.4250  135067.8638715207  
 376.4750  131507.59108804868  
 376.5250  132635.0067632015  
 376.5750  137350.56855357802  
 376.6250  140104.4537306363  
 376.6750  140203.7070293518  
 376.7250  137526.17054361312  
 376.7750  133939.23631237863  
 376.8250  132815.4562891934  
 376.8750  134917.7114452588  
 376.9250  139288.24986391005  
 376.9750  143452.8891927962  
 377.0250  145194.2452968778  
 377.0750  144599.69501177623  
 377.1250  143291.82981063146  
 377.1750  143635.7624867665  
 377.2250  146705.58581980923  
 377.2750  150866.58949672777  
 377.3250  155108.78940092272  
 377.3750  158661.79088045956  
 377.4250  161046.2938176097  
 377.4750  162348.09959880845  
 377.5250  163026.2698791648  
 377.5750  163560.34715320528  
 377.6250  163875.19461359945  
 377.6750  164185.19453803686  
 377.7250  165230.32329032302  
 377.7750  167008.03591408065  
 377.8250  168283.18024751698  
 377.8750  168142.7228931687  
 377.9250  167704.38445427504  
 377.9750  167950.1545272848  
 378.0250  169884.20018564924  
 378.0750  173203.55043206832  
 378.1250  175531.094821726  
 378.1750  175992.4590564145  
 378.2250  175263.51083691066  
 378.2750  174224.44150457048  
 378.3250  173731.5682861628  
 378.3750  173714.60191031397  
 378.4250  173463.8631129485  
 378.4750  173466.2868809269  
 378.5250  174282.49074765318  
 378.5750  173953.10067938856  
 378.6250  170207.53083396784  
 378.6750  162633.8618434618  
 378.7250  154629.24690639626  
 378.7750  150819.32602114897  
 378.8250  149842.06277225804  
 378.8750  148296.9106860279  
 378.9250  146475.57023865907  
 378.9750  144998.0412790263  
 379.0250  142978.19423422648  
 379.0750  140593.69129707638  
 379.1250  140030.5288072951  
 379.1750  142238.21787042092  
 379.2250  144636.05153145225  
 379.2750  145001.6769309939  
 379.3250  143374.11673349817  
 379.3750  140428.9962629441  
 379.4250  137541.9250354727  
 379.4750  135752.09357182306  
 379.5250  134173.00873389535  
 379.5750  131439.72558465344  
 379.6250  129878.69781816482  
 379.6750  130855.96106705574  
 379.7250  132206.2422078225  
 379.7750  131606.84438676413  
 379.8250  128536.89986532244  
 379.8750  125707.99906933267  
 379.9250  124660.56773746702  
 379.9750  125367.7020451653  
 380.0250  127333.25668724891  
 380.0750  130503.6663913953  
 380.1250  135618.90752141  
 380.1750  141614.58236957854  
 380.2250  144975.13667163043  
 380.2750  145771.9503945295  
 380.3250  147868.1461306489  
 380.3750  151739.75191094645  
 380.4250  155970.92367083966  
 380.4750  158518.90975813288  
 380.5250  159000.87602063775  
 380.5750  158288.8941769827  
 380.6250  157375.73959112042  
 380.6750  156540.14558056695  
 380.7250  154418.50028067434  
 380.7750  151341.28445529746  
 380.8250  149125.23339264616  
 380.8750  149660.40136227693  
 380.9250  152530.50621389953  
 380.9750  154976.6940460999  
 381.0250  156042.42482620248  
 381.0750  156971.21271552544  
 381.1250  157483.4760777603  
 381.1750  156544.99311652375  
 381.2250  154384.56752897674  
 381.2750  151771.26089466564  
 381.3250  148409.49470862458  
 381.3750  142883.66728306888  
 381.4250  136741.47566060603  
 381.4750  132430.3195574256  
 381.5250  129864.1552102944  
 381.5750  127201.16133242611  
 381.6250  123219.39529751026  
 381.6750  119222.16562289222  
 381.7250  117625.09642656476  
 381.7750  120426.49957483962  
 381.8250  124099.82901566412  
 381.8750  125021.4667894508  
 381.9250  124304.51622144002  
 381.9750  121951.52226800912  
 382.0250  116707.15489894515  
 382.0750  110157.81873147063  
 382.1250  105188.22181927801  
 382.1750  102661.22556267775  
 382.2250  103736.11818573867  
 382.2750  106807.45637376793  
 382.3250  109935.83794116885  
 382.3750  112190.83895523303  
 382.4250  111406.59246930199  
 382.4750  106968.39456753372  
 382.5250  101641.80086980251  
 382.5750  97371.2065237406  
 382.6250  93836.66203735927  
 382.6750  90858.92976865583  
 382.7250  89022.07720622525  
 382.7750  89105.87898407842  
 382.8250  89679.28189356846  
 382.8750  89169.93917174755  
 382.9250  88853.86770852427  
 382.9750  89583.97933665775  
 383.0250  89932.50505311182  
 383.0750  90459.05652757936  
 383.1250  92001.14254731682  
 383.1750  93109.32562356105  
 383.2250  92527.31833774771  
 383.2750  89536.0250872051  
 383.3250  85557.03426662454  
 383.3750  83742.8318159521  
 383.4250  84142.82624542748  
 383.4750  85004.45152406897  
 383.5250  85434.48855763662  
 383.5750  86504.15796070409  
 383.6250  88745.12535817335  
 383.6750  91217.1384381836  
 383.7250  93051.32485583794  
 383.7750  93780.10341158332  
 383.8250  93323.42916793303  
 383.8750  91761.23799281476  
 383.9250  89698.29635335901  
 383.9750  89397.96726315543  
 384.0250  91546.6496948471  
 384.0750  94017.2206329102  
 384.1250  95536.29297569275  
 384.1750  96967.09168870194  
 384.2250  100859.00864465849  
 384.2750  107006.18111031696  
 384.3250  113582.53017191075  
 384.3750  118898.58047893591  
 384.4250  121160.73160853639  
 384.4750  122990.59160034927  
 384.5250  126041.02478956484  
 384.5750  128343.24080384827  
 384.6250  129213.85826168962  
 384.6750  129607.47818138183  
 384.7250  130338.971357263  
 384.7750  131535.34323140132  
 384.8250  133858.04008510226  
 384.8750  136060.88161227125  
 384.9250  136642.22236189054  
 384.9750  135668.5947649672  
 385.0250  132722.141222025  
 385.0750  128787.63866268794  
 385.1250  126466.15369297624  
 385.1750  126616.30611923813  
 385.2250  129649.89412100382  
 385.2750  133264.70168398987  
 385.3250  134180.15884943164  
 385.3750  132994.6939311961  
 385.4250  130852.32541508815  
 385.4750  128271.73964848548  
 385.5250  126335.39141054156  
 385.5750  125534.82084727597  
 385.6250  124799.8132078261  
 385.6750  122296.66682813331  
 385.7250  119471.75313046799  
 385.7750  119113.65353049924  
 385.8250  120421.6641577227  
 385.8750  120464.89205961747  
 385.9250  117261.31309068669  
 385.9750  113039.0244404343  
 386.0250  110410.06026498273  
 386.0750  109058.83385470443  
 386.1250  109576.16289201415  
 386.1750  112190.83895523303  
 386.2250  115973.89237243975  
 386.2750  121099.94350763809  
 386.3250  127534.1870526583  
 386.3750  132541.6916960331  
 386.4250  134338.91565201685  
 386.4750  134547.1173213614  
 386.5250  134625.88978065943  
 386.5750  134148.77105411133  
 386.6250  132489.7018728964  
 386.6750  130835.48022763828  
 386.7250  130917.76715050495  
 386.7750  131771.53942089644  
 386.8250  131362.16500934464  
 386.8750  130231.11368222418  
 386.9250  129394.30778768152  
 386.9750  128569.62073303084  
 387.0250  126881.46633607513  
 387.0750  124259.67651383963  
 387.1250  121526.51455299664  
 387.1750  118673.33972070318  
 387.2250  116329.93176962684  
 387.2750  115583.45970763914  
 387.3250  115819.00147978008  
 387.3750  116915.19902337113  
 387.4250  119888.2170633566  
 387.4750  124609.66860992061  
 387.5250  128982.63079655025  
 387.5750  132221.99669968212  
 387.6250  134307.40666829763  
 387.6750  134257.71942474044  
 387.7250  132938.94726769289  
 387.7750  131253.21663871553  
 387.8250  128666.57145216687  
 387.8750  123299.37964079746  
 387.9250  118371.19280451581  
 387.9750  117607.29385076342  
 388.0250  119940.88554152724  
 388.0750  123093.48055103238  
 388.1250  124130.12611539412  
 388.1750  123451.95583503776  
 388.2250  122546.07255311069  
 388.2750  120767.76610619835  
 388.3250  118244.99932472041  
 388.3750  118014.78984213196  
 388.4250  121058.76368968507  
 388.4750  125273.2962824066  
 388.5250  128327.48631198869  
 388.5750  128094.92577446118  
 388.6250  125901.77931920576  
 388.6750  122856.19366594698  
 388.7250  119456.1319458472  
 388.7750  119131.4561063006  
 388.8250  121518.03136507225  
 388.8750  123439.83699514576  
 388.9250  123117.71823081638  
 388.9750  121825.60752153123  
 389.0250  122674.5322559659  
 389.0750  126216.62677959994  
 389.1250  131115.18305234567  
 389.1750  135951.9332416422  
 389.2250  139879.16449704402  
 389.2750  143075.02376496358  
 389.3250  145461.9504700921  
 389.3750  146353.16995574988  
 389.4250  146388.31459143668  
 389.4750  147125.86718726385  
 389.5250  148416.7660125598  
 389.5750  148769.18187661917  
 389.6250  147204.51845816293  
 389.6750  146813.44349484806  
 389.7250  150063.71635388272  
 389.7750  154313.06637361395  
 389.8250  155501.0762482268  
 389.8750  153760.93202813438  
 389.9250  152650.36154043142  
 389.9750  152715.80327584821  
 390.0250  151486.58934560255  
 390.0750  150193.2667523282  
 390.1250  150902.9460164038  
 390.1750  152947.1519293865  
 390.2250  154953.78943870403  
 390.2750  154339.72782137632  
 390.3250  151250.51434450637  
 390.3750  148311.4532938983  
 390.4250  146932.08693739073  
 390.4750  147857.2391747461  
 390.5250  148782.51260050037  
 390.5750  147455.2572555284  
 390.6250  145282.7128280894  
 390.6750  144065.61773773574  
 390.7250  146060.13640716128  
 390.7750  150138.8531612131  
 390.8250  153957.13604598586  
 390.8750  157281.33382836173  
 390.9250  159752.97122433534  
 390.9750  161700.22641818205  
 391.0250  162919.74527651412  
 391.0750  163267.3136046167  
 391.1250  163330.2103836562  
 391.1750  164225.18670968048  
 391.2250  166081.6717927361  
 391.2750  167745.58850990783  
 391.3250  168767.69146639918  
 391.3750  168509.6813650985  
 391.4250  167165.45964427775  
 391.4750  165547.5945186956  
 391.5250  164885.17873019882  
 391.5750  165247.28966617183  
 391.6250  164558.21242991267  
 391.6750  162315.37873110003  
 391.7250  160016.9195571831  
 391.7750  158644.82450461076  
 391.8250  158116.9278389152  
 391.8750  156760.58727820247  
 391.9250  153724.5755084584  
 391.9750  150479.0289969816  
 392.0250  147946.9185899469  
 392.0750  144963.01783173843  
 392.1250  141143.52306297648  
 392.1750  137452.3668086708  
 392.2250  135733.91531198507  
 392.2750  135726.64400804986  
 392.3250  134692.4222116665  
 392.3750  132733.0481779278  
 392.4250  131864.7332996659  
 392.4750  132035.48775374424  
 392.5250  131092.15725655085  
 392.5750  128311.73182012908  
 392.6250  124312.99940936442  
 392.6750  120018.03407627971  
 392.7250  116595.98878061582  
 392.7750  113003.54047723052  
 392.8250  108153.24142493475  
 392.8750  102516.02974193169  
 392.9250  97328.46337544153  
 392.9750  93647.98381908072  
 393.0250  90185.00108226166  
 393.0750  86236.16193533238  
 393.1250  82348.97132693371  
 393.1750  78979.72781667927  
 393.2250  76208.221846418  
 393.2750  73300.00324333506  
 393.3250  70347.45392392718  
 393.3750  67628.03472752174  
 393.4250  65446.41328900361  
 393.4750  64733.25591787903  
 393.5250  65026.071327349564  
 393.5750  66374.03776969694  
 393.6250  68723.98989431495  
 393.6750  71258.01507805257  
 393.7250  74594.92552347515  
 393.7750  78675.64188610918  
 393.8250  82929.64554035894  
 393.8750  86987.5906028359  
 393.9250  90904.82381532683  
 393.9750  95473.68704881067  
 394.0250  100147.42672271987  
 394.0750  104189.14465858144  
 394.1250  107689.30799618916  
 394.1750  110443.84759060164  
 394.2250  112807.11832026097  
 394.2750  115292.70450095026  
 394.3250  117822.48809072569  
 394.3750  119914.00595464678  
 394.4250  120972.29576705566  
 394.4750  121722.59738244922  
 394.5250  123953.31224136984  
 394.5750  127770.38324215337  
 394.6250  133013.96288662436  
 394.6750  138262.51125545107  
 394.7250  141992.3266090122  
 394.7750  144032.89687002733  
 394.8250  144437.42374562236  
 394.8750  144757.11874197333  
 394.9250  146283.00187277514  
 394.9750  148311.4532938983  
 395.0250  150644.9359151031  
 395.0750  153275.33011366188  
 395.1250  155141.38908023218  
 395.1750  156202.272324378  
 395.2250  156977.27213547143  
 395.2750  156709.68815065606  
 395.3250  155185.0169038434  
 395.3750  153828.67634313068  
 395.4250  154126.678616075  
 395.4750  156538.93369657776  
 395.5250  158845.87605841906  
 395.5750  158986.33341276736  
 395.6250  157808.0186100681  
 395.6750  156002.43265455886  
 395.7250  153494.4387389093  
 395.7750  151790.65103849286  
 395.8250  151399.45488677907  
 395.8750  151011.8943870329  
 395.9250  150155.69834866302  
 395.9750  148806.75028028438  
 396.0250  146351.95807176066  
 396.0750  142783.2021003642  
 396.1250  137923.4261152729  
 396.1750  131094.58102452927  
 396.2250  123960.58354530504  
 396.2750  118575.734584213  
 396.3250  114997.95007709702  
 396.3750  112332.89599644709  
 396.4250  109539.96391725675  
 396.4750  106400.67539395303  
 396.5250  103345.44314414023  
 396.5750  99996.6562356235  
 396.6250  96054.11888543805  
 396.6750  91725.63284121206  
 396.7250  87483.49353121658  
 396.7750  84659.31908278467  
 396.8250  82101.92877573526  
 396.8750  80101.95662835836  
 396.9250  79181.71252115925  
 396.9750  79156.6507602626  
 397.0250  80846.35636872452  
 397.0750  83611.56054224193  
 397.1250  86749.15242796078  
 397.1750  89967.01950912423  
 397.2250  93617.34739183374  
 397.2750  97865.29162613749  
 397.3250  102355.33392496375  
 397.3750  106657.77658226182  
 397.4250  110738.49294489586  
 397.4750  114759.499783382  
 397.5250  119221.3173040998  
 397.5750  124258.46462985044  
 397.6250  129434.29995932512  
 397.6750  134272.26203261083  
 397.7250  138262.51125545107  
 397.7750  142349.5900090284  
 397.8250  147030.12835211706  
 397.8750  151772.47277865486  
 397.9250  156471.06819318255  
 397.9750  160905.8364632614  
 398.0250  164803.98250292242  
 398.0750  168406.7924144154  
 398.1250  171700.69309706127  
 398.1750  173775.07492137508  
 398.2250  174912.30685684044  
 398.2750  175842.3066301526  
 398.3250  176946.69650951066  
 398.3750  178271.5280865042  
 398.4250  178995.74995845018  
 398.4750  179546.79360833945  
 398.5250  180811.030985873  
 398.5750  182793.43081540652  
 398.6250  184652.33966644056  
 398.6750  185903.36750849182  
 398.7250  186262.9334880875  
 398.7750  186628.68007602807  
 398.8250  189058.0227207786  
 398.8750  192590.42217249903  
 398.9250  194872.03615896608  
 398.9750  195673.69741782194  
 399.0250  195179.61231542507  
 399.0750  194905.84772226476  
 399.1250  195696.72321361673  
 399.1750  197188.67359272097  
 399.2250  198508.6576337577  
 399.2750  199259.41976506717  
 399.3250  199994.54859291596  
 399.3750  200794.99796778263  
 399.4250  201440.44738043062  
 399.4750  201461.049408247  
 399.5250  200885.76807857372  
 399.5750  200290.00590948292  
 399.6250  199982.429753024  
 399.6750  199966.67526116435  
 399.7250  199760.77617139925  
 399.7750  199177.1328422005  
 399.8250  198104.13075816273  
 399.8750  197739.59605421135  
 399.9250  199002.7427361546  
 399.9750  201280.5998822551  
 400.0250  203891.4827485878  
 400.0750  205871.57999854183  
 400.1250  206339.00365317633  
 400.1750  205997.4947450197  
 400.2250  206066.45094400522  
 400.2750  206931.1301702995  
 400.3250  208403.69040557652  
 400.3750  209153.3618412957  
 400.4250  208915.9537678114  
 400.4750  207895.06269530926  
 400.5250  205115.84914287666  
 400.5750  200700.59220502395  
 400.6250  197490.19032923397  
 400.6750  197237.02776389004  
 400.7250  199188.0397981033  
 400.7750  201591.8116906817  
 400.8250  203983.585931767  
 400.8750  206549.62909049928  
 400.9250  208762.16568958192  
 400.9750  209911.39527654037  
 401.0250  210421.23487079685  
 401.0750  211127.27848290483  
 401.1250  211934.99916170668  
 401.1750  212868.63458698645  
 401.2250  213916.187107251  
 401.2750  214440.5693093779  
 401.3250  214848.73183694048  
 401.3750  215719.34929478183  
 401.4250  216478.7158024146  
 401.4750  216240.0958449411  
 401.5250  215555.86614463874  
 401.5750  215669.78323962356  
 401.6250  216582.8166370869  
 401.6750  217105.98695522457  
 401.7250  216894.0284455135  
 401.7750  215744.79885855503  
 401.8250  214124.5099649945  
 401.8750  213977.99319070022  
 401.9250  215623.73164803395  
 401.9750  217721.13926814255  
 402.0250  219399.5985931847  
 402.0750  219458.9809086555  
 402.1250  218687.49556113072  
 402.1750  218722.64019681752  
 402.2250  218967.31957423702  
 402.2750  218924.903634615  
 402.3250  218958.8363863126  
 402.3750  219138.0740283153  
 402.4250  219075.0560608769  
 402.4750  218353.37914530825  
 402.5250  216978.8603247575  
 402.5750  216004.02084384495  
 402.6250  215968.87620815815  
 402.6750  216852.9455782796  
 402.7250  217808.39491536494  
 402.7750  218084.46208810474  
 402.8250  218072.34324821274  
 402.8750  217768.40274372135  
 402.9250  217152.0385468142  
 402.9750  216179.62283388  
 403.0250  214481.77336501068  
 403.0750  211502.720142759  
 403.1250  207177.02143170818  
 403.1750  204070.7203905905  
 403.2250  203772.8393060451  
 403.2750  203849.18799736473  
 403.3250  202750.73634955374  
 403.3750  201549.5169394586  
 403.4250  201622.1087904117  
 403.4750  203121.33047345112  
 403.5250  204762.22139482806  
 403.5750  206279.62133770552  
 403.6250  207953.23312679084  
 403.6750  210042.15755897504  
 403.7250  212534.39698276506  
 403.7750  214989.18919128878  
 403.8250  217053.875943689  
 403.8750  218045.68180045034  
 403.9250  217998.53951327046  
 403.9750  217483.85238305718  
 404.0250  216655.52967643892  
 404.0750  215537.68788480075  
 404.1250  214409.06032565868  
 404.1750  213363.9315733725  
 404.2250  213090.28816861112  
 404.2750  213945.2723229918  
 404.3250  214506.0110447947  
 404.3750  213348.29826991184  
 404.4250  210313.49838415696  
 404.4750  205636.59569303595  
 404.5250  200947.57416202294  
 404.5750  196877.4617842944  
 404.6250  192598.90536042344  
 404.6750  190296.81053453893  
 404.7250  192129.05793781058  
 404.7750  196287.6378467507  
 404.8250  200757.42956411742  
 404.8750  204803.42545046087  
 404.9250  207325.96197398085  
 404.9750  208470.34402498254  
 405.0250  209651.08259566018  
 405.0750  211214.4129417283  
 405.1250  212511.49237536918  
 405.1750  212925.59313447884  
 405.2250  212416.96542421155  
 405.2750  211065.47239945564  
 405.3250  209239.28441613  
 405.3750  208002.92037034803  
 405.4250  207753.39345697174  
 405.4750  207655.35204224545  
 405.5250  206552.0528584777  
 405.5750  204941.45903683075  
 405.6250  204088.8986504285  
 405.6750  203812.8314776887  
 405.7250  203774.05119003428  
 405.7750  202965.11862724324  
 405.8250  201022.71096935333  
 405.8750  199408.36030733987  
 405.9250  199042.7349077982  
 405.9750  199837.12486271886  
 406.0250  201015.43966541812  
 406.0750  202185.27128019297  
 406.1250  203306.62753539984  
 406.1750  203769.20365407752  
 406.2250  202609.06711121625  
 406.2750  200443.79398771242  
 406.3250  198227.62173666223  
 406.3750  194836.89152327928  
 406.4250  190610.4461109439  
 406.4750  187259.58688080564  
 406.5250  188734.69207246002  
 406.5750  191899.0423566604  
 406.6250  195002.79844140075  
 406.6750  196474.1467926886  
 406.7250  196492.32505252658  
 406.7750  196730.82382160117  
 406.8250  198190.17452139594  
 406.8750  200916.06517830372  
 406.9250  203758.2966981747  
 406.9750  205969.62141326815  
 407.0250  207007.47886161908  
 407.0750  206484.3085434814  
 407.1250  204514.02755383987  
 407.1750  201744.387884922  
 407.2250  198038.81021114485  
 407.2750  195517.48557161403  
 407.3250  197512.00424103954  
 407.3750  201159.53267173402  
 407.4250  203481.01764144574  
 407.4750  204283.8907842908  
 407.5250  203933.89868820983  
 407.5750  203255.72840785343  
 407.6250  202433.46512118116  
 407.6750  200982.71879770973  
 407.7250  198328.20810776582  
 407.7750  195688.24002569233  
 407.8250  194233.73686185436  
 407.8750  194093.2795075061  
 407.9250  195941.28140263734  
 407.9750  198517.14082168211  
 408.0250  200815.59999559904  
 408.0750  203247.24521992903  
 408.1250  206372.93640487394  
 408.1750  209626.8449158762  
 408.2250  211678.32213279413  
 408.2750  212436.35556803877  
 408.3250  212106.96549977417  
 408.3750  210866.96580202464  
 408.4250  209225.9536922488  
 408.4750  208222.0289955954  
 408.5250  207646.86885432107  
 408.5750  207329.5976259485  
 408.6250  207932.63109897444  
 408.6750  209427.0052460571  
 408.7250  211361.0509044215  
 408.7750  213619.51790669482  
 408.8250  216447.2068186954  
 408.8750  218823.2265679211  
 408.9250  219779.8877889957  
 408.9750  220062.01438168145  
 409.0250  219933.6758672252  
 409.0750  219256.717470858  
 409.1250  218246.73335425864  
 409.1750  217705.38477628297  
 409.2250  217138.70782293298  
 409.2750  215368.14531471164  
 409.3250  213451.18722059493  
 409.3750  212992.24675388486  
 409.4250  213894.3731954454  
 409.4750  214880.11963226076  
 409.5250  212241.36343417648  
 409.5750  208962.005359401  
 409.6250  206130.68079543283  
 409.6750  203642.0770236104  
 409.7250  201504.6772318582  
 409.7750  200176.21000289707  
 409.8250  199029.404183917  
 409.8360  198753.21582277832  
 409.8530  197539.87757279116  
 409.8700  196188.38454803522  
 409.8860  194988.25583353036  
 409.9030  193372.81447592663  
 409.9200  191284.9807393327  
 409.9370  189532.71767934828  
 409.9540  187911.0957133996  
 409.9700  186272.6285600011  
 409.9870  184699.60314201936  
 410.0040  182593.59114558744  
 410.0210  179638.77560311975  
 410.0380  176530.1719824226  
 410.0550  173895.0514363059  
 410.0710  171848.42175534475  
 410.0880  170714.9466602459  
 410.1050  169851.47931794083  
 410.1220  168590.8775923749  
 410.1390  167051.66373769185  
 410.1550  165770.4599843095  
 410.1720  164738.66195590454  
 410.1890  164130.65975852287  
 410.2060  164724.11934803415  
 410.2230  165408.3490483365  
 410.2400  165395.01832445533  
 410.2560  165180.63604676584  
 410.2730  165018.3647806119  
 410.2900  164366.85594801794  
 410.3070  163749.27986712157  
 410.3240  163498.5410697561  
 410.3410  162917.3215085357  
 410.3570  162583.08390431435  
 410.3740  163163.09158154548  
 410.3910  164428.66203146716  
 410.4080  166651.98439805364  
 410.4250  170289.8177568345  
 410.4420  174226.86527254886  
 410.4580  177512.28276727034  
 410.4750  180377.54008293612  
 410.4920  183059.92410463162  
 410.5090  185636.87421926673  
 410.5260  188773.35117171548  
 410.5430  192701.91549950547  
 410.5600  196953.68928721506  
 410.5760  200408.64935202562  
 410.5930  202818.60185294895  
 410.6100  204414.65306672547  
 410.6270  205775.84116339503  
 410.6440  207208.4092270285  
 410.6610  208998.361879077  
 410.6780  210740.92986714782  
 410.6940  212340.73792129089  
 410.7110  213730.8900453023  
 410.7280  214343.7397786408  
 410.7450  214829.3416931133  
 410.7620  215980.99504805013  
 410.7790  217065.99478358097  
 410.7960  217533.41843821545  
 410.8130  217528.57090225865  
 410.8290  217437.80079146757  
 410.8460  217658.24248910305  
 410.8630  218423.54722828293  
 410.8800  219273.68384670682  
 410.8970  220718.37075023222  
 410.9140  222106.22029466418  
 410.9310  221924.55888468312  
 410.9480  220505.32154493086  
 410.9650  219115.04823252052  
 410.9810  218464.7512839157  
 410.9980  218409.00462041254  
 411.0150  218773.5393243639  
 411.0320  219400.8104771739  
 411.0490  219829.5750325529  
 411.0660  219293.073990534  
 411.0830  218643.9889259184  
 411.1000  218711.7332409147  
 411.1170  218484.14142774293  
 411.1330  217664.3019090491  
 411.1500  216674.9198202661  
 411.1670  215389.95922651727  
 411.1840  213971.93377075423  
 411.2010  213598.91587887844  
 411.2180  214101.4841691997  
 411.2350  215325.85056348858  
 411.2520  217061.14724762418  
 411.2690  218107.48788389956  
 411.2860  218140.20875160795  
 411.3030  218189.77480676622  
 411.3200  218197.04611070146  
 411.3360  217925.82647391845  
 411.3530  217728.41057207776  
 411.3700  217610.97901352428  
 411.3870  217480.2167310896  
 411.4040  217291.28401717328  
 411.4210  216626.4444606981  
 411.4380  216442.35928273862  
 411.4550  217070.84231953777  
 411.4720  217581.89379778347  
 411.4890  217864.02039046926  
 411.5060  218384.76694062853  
 411.5230  218595.51356635045  
 411.5400  218400.5214324881  
 411.5570  218710.5213569255  
 411.5730  219905.80253547357  
 411.5900  221408.65987048062  
 411.6070  222854.55865799525  
 411.6240  224553.6200108538  
 411.6410  226602.67345979332  
 411.6580  228827.32889876794  
 411.6750  230613.52471044994  
 411.6920  231449.1187210034  
 411.7090  230740.65134091704  
 411.7260  228634.76053288404  
 411.7430  225916.01999151256  
 411.7600  223199.70321811945  
 411.7770  221547.9053408397  
 411.7940  221522.4557770665  
 411.8110  222320.60257235367  
 411.8280  223190.00814620586  
 411.8450  224048.6279525541  
 411.8620  224634.81623813018  
 411.8790  225293.5963746594  
 411.8960  226215.11296004715  
 411.9130  227014.35045092457  
 411.9290  228014.63949561035  
 411.9460  229084.00592768053  
 411.9630  228933.85350141863  
 411.9800  228018.27514757795  
 411.9970  227095.546678201  
 412.0140  225475.25778464047  
 412.0310  223923.9250900654  
 412.0480  223573.93299398443  
 412.0650  223351.06752837054  
 412.0820  222125.6104384914  
 412.0990  220605.78672763557  
 412.1160  219197.3351553872  
 412.1330  217740.52941196976  
 412.1500  216396.307691149  
 412.1670  215307.67230365056  
 412.1840  214595.56927159659  
 412.2010  213568.61877914844  
 412.2180  212909.83864261923  
 412.2350  213534.68602745084  
 412.2520  215020.69817500797  
 412.2690  216702.67196361878  
 412.2860  218475.65823981856  
 412.3030  219658.82057847458  
 412.3200  219744.7431533089  
 412.3370  219559.44609136018  
 412.3540  220149.27002890388  
 412.3710  221576.9905565805  
 412.3880  222620.90742487746  
 412.4050  222956.35691308806  
 412.4220  222861.82996193046  
 412.4390  221514.093777541  
 412.4560  218933.38682253944  
 412.4730  216935.2325011463  
 412.4900  216128.72370633364  
 412.5070  215916.76519662252  
 412.5240  216941.29192109228  
 412.5410  219070.2085249201  
 412.5580  220748.66784996222  
 412.5750  221560.0241807317  
 412.5920  222097.73710673978  
 412.6090  222002.1194599919  
 412.6260  220994.55911137094  
 412.6430  219479.58293647188  
 412.6600  217990.05632534606  
 412.6770  216909.7829373731  
 412.6940  216300.69004440113  
 412.7110  216670.0722843093  
 412.7290  218217.64813851783  
 412.7460  219842.90575643408  
 412.7630  220600.93919167877  
 412.7800  220909.72723212696  
 412.7970  220506.53342892008  
 412.8140  219606.70956693898  
 412.8310  218928.5392865826  
 412.8480  218682.76921357284  
 412.8650  218406.58085243416  
 412.8820  217339.75937674128  
 412.8990  215934.94345646052  
 412.9160  215054.50973830666  
 412.9330  214691.30810674338  
 412.9500  214929.80687581797  
 412.9670  216464.17319454422  
 412.9840  218456.26809599134  
 413.0010  219864.5984798408  
 413.0180  220231.55695177056  
 413.0350  218772.3274403747  
 413.0520  215594.64643229314  
 413.0700  211604.3972094529  
 413.0870  207256.88458659645  
 413.1040  203858.88306927832  
 413.1210  202285.73646289765  
 413.1380  202089.53244504618  
 413.1550  203209.79800466273  
 413.1720  205290.23924892256  
 413.1890  207203.6828794706  
 413.2060  208302.01333888262  
 413.2230  208848.20945281512  
 413.2400  208432.77562131733  
 413.2570  207281.12226638047  
 413.2740  205473.11254289284  
 413.2910  203332.07709917304  
 413.3090  201201.94861135603  
 413.3260  199278.80990889439  
 413.3430  197674.27550719347  
 413.3600  196538.37664411622  
 413.3770  195648.24785404874  
 413.3940  195370.96879731974  
 413.4110  195525.96875953843  
 413.4280  195763.25564462383  
 413.4450  196440.214040991  
 413.4620  197900.65543637602  
 413.4790  198923.9702768566  
 413.4970  199088.6653109889  
 413.5140  198939.7247687162  
 413.5310  198435.9445944057  
 413.5480  198410.49503063253  
 413.5650  199462.89508685388  
 413.5820  201530.12679563143  
 413.5990  204655.6967921774  
 413.6160  208017.46297821845  
 413.6330  210968.64286871854  
 413.6500  213648.60312243563  
 413.6680  215928.88403651453  
 413.6850  217124.1652150626  
 413.7020  217880.98676631803  
 413.7190  218502.31968758095  
 413.7360  219322.1592062748  
 413.7530  220223.07376384616  
 413.7700  221751.3806626264  
 413.7870  224472.5449719763  
 413.8050  227989.31112023606  
 413.8220  230974.42376243375  
 413.8390  233685.77181147115  
 413.8560  235928.60551028373  
 413.8730  237043.9023455446  
 413.8900  236955.55600273193  
 413.9070  236877.9954274231  
 413.9240  237085.1064011774  
 413.9420  237223.1399875473  
 413.9590  237319.96951828437  
 413.9760  237111.7678489398  
 413.9930  236818.7343003512  
 414.0100  235945.57188613256  
 414.0270  234541.967849841  
 414.0440  233636.20575631285  
 414.0620  232942.28098409687  
 414.0790  232256.8393998053  
 414.0960  231782.1444412356  
 414.1130  231560.49085961093  
 414.1300  231054.28691732202  
 414.1470  230883.53246324376  
 414.1640  229813.0753355833  
 414.1820  227524.19004518108  
 414.1990  224350.1446890671  
 414.2160  220038.98858588666  
 414.2330  214594.3573876074  
 414.2500  209278.0647037844  
 414.2670  205163.11261845546  
 414.2850  202238.47298731888  
 414.3020  200369.99025277013  
 414.3190  199666.37040864056  
 414.3360  200063.50479190145  
 414.3530  200613.33655780152  
 414.3700  200919.70083027132  
 414.3880  201537.3980995666  
 414.4050  202512.23758047918  
 414.4220  202810.11866502455  
 414.4390  202698.74652641706  
 414.4560  202794.36417316497  
 414.4730  203013.59398681126  
 414.4910  202758.00765348892  
 414.5080  202636.94044296787  
 414.5250  203598.44919999922  
 414.5420  204822.81559428805  
 414.5590  205866.73246258503  
 414.5770  206714.3241246316  
 414.5940  207310.20748212127  
 414.6110  206841.5719434976  
 414.6280  206667.1818374517  
 414.6450  206905.6806065263  
 414.6620  207300.51241020768  
 414.6800  208689.57383862883  
 414.6970  211514.838982651  
 414.7140  214856.0031408757  
 414.7310  219100.5056246501  
 414.7480  224289.671678006  
 414.7660  228328.39626041424  
 414.7830  230800.03365638785  
 414.8000  231927.4493315407  
 414.8170  231148.81386847966  
 414.8340  229586.5742180018  
 414.8520  227984.46358427926  
 414.8690  225871.18028391214  
 414.8860  224176.96646701038  
 414.9030  223381.36462810053  
 414.9210  222435.61036292877  
 414.9380  222063.8043550422  
 414.9550  223541.21212627602  
 414.9720  225312.98651848655  
 414.9890  226658.42012329653  
 415.0070  227929.92880476525  
 415.0240  228444.61593497856  
 415.0410  227085.8516062874  
 415.0580  224585.128994573  
 415.0760  222330.2976442673  
 415.0930  220510.16908088766  
 415.1100  220596.09165572195  
 415.1270  222832.86593458857  
 415.1440  226102.52893745044  
 415.1620  228713.41180378315  
 415.1790  230417.32069259847  
 415.1960  230540.81167109797  
 415.2130  228753.40397542674  
 415.2310  225349.22184976365  
 415.2480  221394.1172626102  
 415.2650  217769.61462771057  
 415.2820  214366.6443860367  
 415.3000  211701.22674018997  
 415.3170  210599.26062881036  
 415.3340  210776.0745028346  
 415.3510  211100.61703514244  
 415.3690  212068.18521211977  
 415.3860  214228.61079966679  
 415.4030  216668.86040032012  
 415.4200  218779.59874430994  
 415.4380  221116.8382058812  
 415.4550  222494.99267839958  
 415.4720  222108.64406264262  
 415.4890  220361.10735021604  
 415.5070  217347.0306806765  
 415.5240  213246.50001481903  
 415.5410  210183.94798571145  
 415.5590  209074.5893819977  
 415.5760  209403.9794502623  
 415.5930  210698.63511592476  
 415.6100  212160.288395299  
 415.6280  212322.55966145286  
 415.6450  210615.01512066994  
 415.6620  207682.01349000787  
 415.6790  205166.74827042306  
 415.6970  203279.9660876374  
 415.7140  201138.9306439176  
 415.7310  200240.31866592573  
 415.7490  200993.62575361252  
 415.7660  201513.1604197826  
 415.7830  203334.50086715142  
 415.8000  206900.8330705695  
 415.8180  210816.06667447824  
 415.8350  214541.03449208257  
 415.8520  218593.08979837204  
 415.8700  221345.76309144113  
 415.8870  222996.34908473166  
 415.9040  223676.94313306644  
 415.9210  223355.91506432733  
 415.9390  222037.14290727978  
 415.9560  220312.75317904697  
 415.9730  218665.80283772404  
 415.9910  216753.5710911652  
 416.0080  215720.56117877102  
 416.0250  216597.3592449573  
 416.0430  219033.85200524412  
 416.0600  221677.57692768413  
 416.0770  224141.9430197225  
 416.0950  225389.21402140727  
 416.1120  225282.68941875655  
 416.1290  224684.38229328848  
 416.1460  224835.8677919385  
 416.1640  226031.02778208765  
 416.1810  227675.55435543216  
 416.1980  228517.20778593162  
 416.2160  229314.1426972296  
 416.2330  230221.11667474697  
 416.2500  230258.68507841218  
 416.2680  230465.79605216646  
 416.2850  231791.8395131492  
 416.3020  232513.51642871788  
 416.3200  232204.7283882697  
 416.3370  232089.7205976946  
 416.3540  231337.62539399703  
 416.3720  229844.46313090358  
 416.3890  228582.64952134842  
 416.4060  227748.26739478417  
 416.4240  227033.74059475178  
 416.4410  226924.7922241227  
 416.4580  227848.73257748884  
 416.4760  229022.19984423133  
 416.4930  230901.71072308172  
 416.5100  232666.09262295818  
 416.5280  234102.41752695813  
 416.5450  234343.3400640111  
 416.5630  232981.06127175127  
 416.5800  230110.95642012867  
 416.5970  226875.1049805655  
 416.6150  223422.56868373335  
 416.6320  220713.52321427542  
 416.6490  219525.51333966258  
 416.6670  218428.39476423973  
 416.6840  217441.43644343517  
 416.7010  216986.1316286927  
 416.7190  217074.47797150537  
 416.7360  216657.9534444173  
 416.7540  216895.2403295027  
 416.7710  217793.85230749458  
 416.7880  218338.83653743783  
 416.8060  217210.08778989688  
 416.8230  216524.64620560533  
 416.8400  216018.56345171534  
 416.8580  215416.62067427966  
 416.8750  215691.59715142916  
 416.8920  217267.0463373893  
 416.9100  218300.05624978343  
 416.9270  218102.64034794277  
 416.9450  217577.04626182668  
 416.9620  216622.8088087305  
 416.9790  215469.94356980445  
 416.9970  214189.9517004113  
 417.0140  212776.65259220614  
 417.0320  210645.31222039994  
 417.0490  207583.85088688266  
 417.0660  205652.35018489553  
 417.0840  204661.75621212338  
 417.1010  204065.8728546337  
 417.1190  204352.9681716752  
 417.1360  206439.468835881  
 417.1530  207427.63904067478  
 417.1710  207060.68056874498  
 417.1880  206412.8073881186  
 417.2060  206438.25695189182  
 417.2230  204776.76400269847  
 417.2400  202812.54243300293  
 417.2580  201996.33856627668  
 417.2750  201871.635703788  
 417.2930  200768.33652002024  
 417.3100  200897.88691846572  
 417.3270  200790.15043182584  
 417.3450  200206.50710262707  
 417.3620  199770.47124331287  
 417.3800  199069.2751671617  
 417.3970  196515.3508483214  
 417.4150  193987.96678884458  
 417.4320  192587.99840452065  
 417.4490  192445.11728219394  
 417.4670  192825.40647800494  
 417.4840  193596.7706371308  
 417.5020  193650.0935326556  
 417.5190  193327.9747683262  
 417.5370  192414.82018246394  
 417.5540  193028.88179979162  
 417.5710  194034.0183804342  
 417.5890  194811.44195950608  
 417.6060  194964.01815374635  
 417.6240  195383.08763721175  
 417.6410  194815.07761147365  
 417.6590  194537.7985547447  
 417.6760  195763.25564462383  
 417.6930  198712.1329555444  
 417.7110  200998.47328956932  
 417.7280  201855.88121192838  
 417.7460  204134.9502420181  
 417.7630  206427.349995989  
 417.7810  207168.53824378378  
 417.7980  208057.33396146313  
 417.8160  209373.6823505323  
 417.8330  210364.39751170337  
 417.8510  212046.37130031417  
 417.8680  214234.67021961277  
 417.8850  215765.40088637144  
 417.9030  218148.69193953235  
 417.9200  219533.99652758698  
 417.9380  220851.55680064534  
 417.9550  221246.38860432673  
 417.9730  221352.91320697742  
 417.9900  219772.61648506048  
 418.0080  218280.66610595622  
 418.0250  216165.08022600962  
 418.0430  215278.58708790975  
 418.0600  214284.35746317  
 418.0780  213436.6446127245  
 418.0950  213590.432690954  
 418.1130  214019.197246333  
 418.1300  214571.33159181257  
 418.1480  216387.8245032246  
 418.1650  218447.78490806694  
 418.1830  219294.2858745232  
 418.2000  220241.25202368415  
 418.2180  220287.3036152738  
 418.2350  220846.83045308746  
 418.2530  222147.424350297  
 418.2700  222964.84010101247  
 418.2880  223793.16280763072  
 418.3050  224394.9843966675  
 418.3230  222669.38278444548  
 418.3400  220745.03219799465  
 418.3580  219491.70177636392  
 418.3750  217885.83430227486  
 418.3930  216634.9276486225  
 418.4100  215869.50172104372  
 418.4280  216054.7987829924  
 418.4450  216037.83240714364  
 418.4630  215846.59711364785  
 418.4800  214759.05242173967  
 418.4980  213879.830587575  
 418.5150  213097.55947254633  
 418.5330  212648.31407774988  
 418.5500  211503.93202674823  
 418.5680  210904.4130172909  
 418.5850  211187.87268236483  
 418.6030  208953.5221714766  
 418.6200  206165.82543111962  
 418.6380  204895.40744524117  
 418.6550  204164.0354577589  
 418.6730  203569.3639842584  
 418.6900  205580.84902953275  
 418.7080  208334.73420659103  
 418.7250  209490.0232134955  
 418.7430  209156.9974932633  
 418.7600  207872.15808791335  
 418.7780  205066.16189931944  
 418.7960  201777.1087526304  
 418.8130  199223.06324539118  
 418.8310  198782.3010385191  
 418.8480  199235.18208528316  
 418.8660  200320.30300921295  
 418.8830  202004.82175420108  
 418.9010  203253.30463987502  
 418.9180  204019.942451443  
 418.9360  204804.6373344501  
 418.9530  205797.65507520063  
 418.9710  205330.23142056615  
 418.9890  204622.97592446898  
 419.0060  203735.2709023799  
 419.0240  202896.04123985884  
 419.0410  202320.88109858448  
 419.0590  204429.1956745959  
 419.0760  207487.0213561456  
 419.0940  209378.5298864891  
 419.1110  212410.90600426556  
 419.1290  217242.8086576053  
 419.1470  221613.3470762565  
 419.1640  225821.61422875387  
 419.1820  230257.473194423  
 419.1990  232393.661102186  
 419.2170  231895.9403478215  
 419.2340  229837.19182696837  
 419.2520  228193.87713761305  
 419.2700  226982.96265560432  
 419.2870  227134.32696585538  
 419.3050  228434.92086306497  
 419.3220  229712.48896447968  
 419.3400  230274.43957027176  
 419.3580  230692.17598134905  
 419.3750  229620.5069696994  
 419.3930  227077.368418363  
 419.4100  225461.92706075925  
 419.4280  223910.59436618423  
 419.4450  221721.0835628964  
 419.4630  218515.65041146215  
 419.4810  216283.72366855232  
 419.4980  213589.22080696482  
 419.5160  211834.533979002  
 419.5330  211112.7358750344  
 419.5510  212888.02473081366  
 419.5690  214785.71386950207  
 419.5860  216464.17319454422  
 419.6040  218020.35342507606  
 419.6210  219650.3373905502  
 419.6390  219871.86978377597  
 419.6570  217923.40270594007  
 419.6740  214608.89999547778  
 419.6920  209750.33589437566  
 419.7100  204816.75617434207  
 419.7270  200672.71887327233  
 419.7450  197208.06373654818  
 419.7620  195992.18053018372  
 419.7800  196454.7566488614  
 419.7980  197206.851852559  
 419.8150  198064.1385865191  
 419.8330  199787.43761916165  
 419.8510  201067.42948855483  
 419.8680  201441.6592644198  
 419.8860  201819.5246922524  
 419.9030  202479.51671277074  
 419.9210  203088.60960574273  
 419.9390  203427.69474592092  
 419.9560  204448.58581842307  
 419.9740  206446.74013981622  
 419.9920  207996.86095040204  
 420.0090  208821.54800505273  
 420.0270  209180.02328905812  
 420.0450  207790.96186063698  
 420.0620  205089.18769511426  
 420.0800  202873.13663246293  
 420.0970  201206.79614731282  
 420.1150  199797.13269107524  
 420.1330  199063.2157472157  
 420.1500  197366.69935073447  
 420.1680  196606.12095911248  
 420.1860  196265.8239349451  
 420.2030  196523.8340362458  
 420.2210  197627.01203161463  
 420.2390  198811.3862542599  
 420.2560  201120.7523840796  
 420.2740  204378.4177354484  
 420.2920  207459.14802439397  
 420.3090  208636.250943104  
 420.3270  210141.53204608947  
 420.3450  209462.14988174388  
 420.3620  208294.74203494744  
 420.3800  205591.75598543553  
 420.3980  204345.69686774  
 420.4150  205135.23928670384  
 420.4330  207288.39357031567  
 420.4510  209885.94571276716  
 420.4680  213952.543626927  
 420.4860  216484.77522236062  
 420.5040  215870.7136050329  
 420.5210  214713.00083015006  
 420.5390  212269.23676592807  
 420.5570  210283.20128442693  
 420.5750  211132.12601886163  
 420.5920  215249.50187216894  
 420.6100  218750.51352856914  
 420.6280  222691.07550785216  
 420.6450  226118.28342931002  
 420.6630  228993.23581688944  
 420.6810  230052.78598864708  
 420.6980  230246.56623852017  
 420.7160  230760.04148474426  
 420.7340  231363.0749577702  
 420.7510  232982.27315574046  
 420.7690  234986.4868970796  
 420.7870  236653.91807782  
 420.8050  236681.79140957163  
 420.8220  237519.80918810348  
 420.8400  236463.89466831344  
 420.8580  234698.17969604887  
 420.8750  232164.73621662607  
 420.8930  231840.1936843183  
 420.9110  231507.1679640861  
 420.9290  230443.98214036087  
 420.9460  229987.4654416292  
 420.9640  230598.98210257958  
 420.9820  229367.3444043555  
 420.9990  227054.3426225682  
 421.0170  226709.19806244402  
 421.0350  226079.50314165562  
 421.0530  226293.88541934514  
 421.0700  228332.03191238185  
 421.0880  231057.92256928966  
 421.1060  232029.1263982346  
 421.1240  233001.54211116873  
 421.1410  233674.86485556833  
 421.1590  232580.1700481239  
 421.1770  230567.47311886036  
 421.1940  227817.3447821686  
 421.2120  225541.79021564755  
 421.2300  223135.59455509076  
 421.2480  221560.0241807317  
 421.2650  219021.73316535208  
 421.2830  217890.68183823166  
 421.3010  216978.8603247575  
 421.3190  216421.7572549222  
 421.3360  215611.61280814194  
 421.3540  215365.72154673326  
 421.3720  213958.603046873  
 421.3900  212129.99129556897  
 421.4080  210751.83682305063  
 421.4250  208323.82725068825  
 421.4430  206658.6986495273  
 421.4610  205639.01946101434  
 421.4790  205241.76388935454  
 421.4960  203719.5164105203  
 421.5140  203330.86521518382  
 421.5320  203138.29684929995  
 421.5500  202749.52446556455  
 421.5670  201741.96411694356  
 421.5850  200346.96445697534  
 421.6030  198573.97818077562  
 421.6210  197830.48735340135  
 421.6380  198274.88521224103  
 421.6560  198454.12285424373  
 421.6740  199591.23360131017  
 421.6920  200834.99013942623  
 421.7100  200767.12463603102  
 421.7270  201278.1761142767  
 421.7450  202256.65124715687  
 421.7630  202223.93037944846  
 421.7810  203013.59398681126  
 421.7990  204404.95799481188  
 421.8160  204861.59588194248  
 421.8340  205055.25494341666  
 421.8520  206289.31640961912  
 421.8700  204692.05331185338  
 421.8880  203732.8471344015  
 421.9050  204782.82342264446  
 421.9230  206784.61339600518  
 421.9410  209751.54777836488  
 421.9590  215597.07020027153  
 421.9770  220810.47393341144  
 421.9940  223726.50918822474  
 422.0120  226964.7843957663  
 422.0300  229417.0316479127  
 422.0480  229218.4038620828  
 422.0660  228531.75039380204  
 422.0830  228669.78398017192  
 422.1010  228616.58227304602  
 422.1190  229737.9385282529  
 422.1370  232295.6196874597  
 422.1550  234268.32444507963  
 422.1720  235038.47672021628  
 422.1900  234350.6113679463  
 422.2080  232868.35606075567  
 422.2260  233034.26297887717  
 422.2440  232368.21153841278  
 422.2620  231413.97408531661  
 422.2790  230936.85535876855  
 422.2970  231008.23532573244  
 422.3150  229481.2614993403  
 422.3330  229328.68530510002  
 422.3510  230049.15033667948  
 422.3690  229087.64157964813  
 422.3870  228015.85137959957  
 422.4040  226743.13081414162  
 422.4220  224610.5785583462  
 422.4400  221367.4558148478  
 422.4580  218325.50581355664  
 422.4760  215725.40871472785  
 422.4940  209505.77770535508  
 422.5110  203093.45714169953  
 422.5290  196281.5784268047  
 422.5470  188978.03837749138  
 422.5650  183287.5159178034  
 422.5830  178855.29260410188  
 422.6010  175160.50069782863  
 422.6190  172601.72884303154  
 422.6360  171087.9645521217  
 422.6540  170111.79199882102  
 422.6720  169203.60613731446  
 422.6900  168576.3349845045  
 422.7080  169081.32704280416  
 422.7260  168171.80810890952  
 422.7440  168268.7588280455  
 422.7610  168094.3687219996  
 422.7790  167476.67145270432  
 422.7970  166790.01798442355  
 422.8150  165600.9174142204  
 422.8330  165363.5093407361  
 422.8510  165368.3568766929  
 422.8690  165916.97675860382  
 422.8870  166870.00232771074  
 422.9050  169335.58030373836  
 422.9220  172343.71874173085  
 422.9400  175419.72268311854  
 422.9580  178978.78358260138  
 422.9760  183321.44866950103  
 422.9940  187776.69777899733  
 423.0120  192806.01633417775  
 423.0300  199031.82795189542  
 423.0480  205572.36584160835  
 423.0660  211902.2782939983  
 423.0830  218344.89595738385  
 423.1010  224012.2714328781  
 423.1190  228158.85369032517  
 423.1370  231137.90691257684  
 423.1550  232317.4335992653  
 423.1730  231767.60183336522  
 423.1910  229276.57429356442  
 423.2090  226397.9862540174  
 423.2270  224109.22215201412  
 423.2450  222636.6619167371  
 423.2630  222455.00050675598  
 423.2800  224216.958638654  
 423.2980  227296.5982320093  
 423.3160  230769.73655665785  
 423.3340  235023.9341123459  
 423.3520  238147.20152931235  
 423.3700  239914.0071971672  
 423.3880  240451.72012317527  
 423.4060  239623.397416557  
 423.4240  236282.23325833236  
 423.4420  232275.0176596433  
 423.4600  228540.23358172644  
 423.4780  224352.56845704548  
 423.4960  220018.38655807028  
 423.5130  217036.90956784016  
 423.5310  214336.46847470562  
 423.5490  211195.14398630004  
 423.5670  208819.1242370743  
 423.5850  207212.04487899606  
 423.6030  205469.47689092523  
 423.6210  204414.65306672547  
 423.6390  204074.3560425581  
 423.6570  204351.756287686  
 423.6750  205206.74044206666  
 423.6930  206678.08879335452  
 423.7110  208483.67474886373  
 423.7290  210248.05664874014  
 423.7470  211348.93206452954  
 423.7650  211109.1002230668  
 423.7830  210026.52425551438  
 423.8010  207772.78360079895  
 423.8190  204337.2136798156  
 423.8370  200282.73460554774  
 423.8550  196698.2241422917  
 423.8720  193378.87389587265  
 423.8900  190766.65795715182  
 423.9080  189439.40261217987  
 423.9260  189460.00463999627  
 423.9440  190724.36320592873  
 423.9620  193457.52516677172  
 423.9800  197616.10507571185  
 423.9980  202862.22967656015  
 424.0160  208253.53797931466  
 424.0340  213224.68610301343  
 424.0520  217317.94546493568  
 424.0700  219977.30369083636  
 424.0880  220782.60060165985  
 424.1060  220002.75325460956  
 424.1240  218921.2679826474  
 424.1420  218016.71777310845  
 424.1600  216915.84235731908  
 424.1780  215696.32349898704  
 424.1960  215259.19694408256  
 424.2140  214629.5020232942  
 424.2320  214520.5536526651  
 424.2500  215524.47834931847  
 424.2680  217418.41064764038  
 424.2860  219754.4382252225  
 424.3040  222475.60253457236  
 424.3220  225300.86767859457  
 424.3400  228063.11485517834  
 424.3580  229885.6671865364  
 424.3760  231200.8036916163  
 424.3940  233213.50062087984  
 424.4120  234753.92635955208  
 424.4300  235363.01925252407  
 424.4480  236724.2073491936  
 424.4660  238630.37967580644  
 424.4840  239398.10818296473  
 424.5020  238821.61496930223  
 424.5200  237277.6747670613  
 424.5380  235411.4946120921  
 424.5560  232733.9581263534  
 424.5740  229547.7939303474  
 424.5920  227428.5723984332  
 424.6100  227352.22370711356  
 424.6280  228407.04753131335  
 424.6460  229090.0653476265  
 424.6650  229687.03940070648  
 424.6830  230298.67725005577  
 424.7010  230163.0674316643  
 424.7190  229120.3624473565  
 424.7370  228798.24368302713  
 424.7550  228417.95448721614  
 424.7730  226905.4020802955  
 424.7910  224832.2321399709  
 424.8090  222553.04192148228  
 424.8270  219380.20844935748  
 424.8450  215296.76534774777  
 424.8630  211685.5934367293  
 424.8810  209347.1420911688  
 424.8990  206770.0707881348  
 424.9170  203213.43365663034  
 424.9350  200382.10909266217  
 424.9530  198369.41216339864  
 424.9710  195815.3666561594  
 424.9890  193876.59465023712  
 425.0070  193885.0778381615  
 425.0250  195540.51136740885  
 425.0440  197502.30916912595  
 425.0620  199333.34468840837  
 425.0800  202148.914760517  
 425.0980  205728.57768781623  
 425.1160  208685.93818666122  
 425.1340  210661.06671225955  
 425.1520  212409.69412027637  
 425.1700  213815.72192454632  
 425.1880  214704.5176422257  
 425.2060  215525.56904490874  
 425.2240  216505.37725017703  
 425.2420  217568.56307390225  
 425.2600  217086.59681139738  
 425.2790  215517.20704538326  
 425.2970  214371.4919219935  
 425.3150  213489.96750824933  
 425.3330  212205.0069145005  
 425.3510  212057.278256217  
 425.3690  213412.40693294053  
 425.3870  213930.7297151214  
 425.4050  213938.00101905662  
 425.4230  215494.18124958844  
 425.4410  217646.12364921108  
 425.4600  218913.99667871222  
 425.4780  220495.62647301724  
 425.4960  222565.16076137425  
 425.5140  223679.2457126459  
 425.5320  224075.2894003165  
 425.5500  224531.80609904818  
 425.5680  224881.79819512917  
 425.5860  224908.45964289157  
 425.6040  224863.61993529118  
 425.6220  225038.01004133705  
 425.6410  224996.92717410318  
 425.6590  224351.35657305628  
 425.6770  223136.80643907996  
 425.6950  221240.3291843807  
 425.7130  218767.4799044179  
 425.7310  216354.01293992592  
 425.7490  214309.8070269432  
 425.7670  213062.41483685953  
 425.7860  213600.12776286763  
 425.8040  214784.50198551288  
 425.8220  215300.40099971538  
 425.8400  215254.34940812574  
 425.8580  214506.0110447947  
 425.8760  211709.70992811437  
 425.8940  207789.74997664776  
 425.9130  204946.30657278755  
 425.9310  203149.20380520273  
 425.9490  201811.041504328  
 425.9670  201467.108828193  
 425.9850  201528.9149116422  
 426.0030  200407.43746803643  
 426.0210  198102.91887417354  
 426.0400  195297.04387397855  
 426.0580  192349.49963544606  
 426.0760  189743.34311667125  
 426.0940  187771.85024304054  
 426.1120  186701.39311538008  
 426.1300  186284.7473998931  
 426.1480  185745.94377829472  
 426.1670  185621.11972740712  
 426.1850  186387.7575389751  
 426.2030  187797.29980681374  
 426.2210  189585.91938647418  
 426.2390  191833.60062124356  
 426.2570  193676.75498041802  
 426.2760  194697.64605292017  
 426.2940  194967.65380571396  
 426.3120  194818.71326344126  
 426.3300  195051.27380096877  
 426.3480  196188.38454803522  
 426.3670  198147.75858177393  
 426.3850  201286.65930220112  
 426.4030  206363.24133296032  
 426.4210  211878.0406142143  
 426.4390  216831.13166647402  
 426.4570  221847.1194977732  
 426.4760  226234.50310387433  
 426.4940  229260.8198017048  
 426.5120  231740.94038560282  
 426.5300  234183.49256583562  
 426.5480  236433.59756858344  
 426.5670  238109.63312564717  
 426.5850  238864.0309089242  
 426.6030  238595.23504011965  
 426.6210  237037.84292559858  
 426.6390  234041.8233274981  
 426.6580  230997.32836982966  
 426.6760  228783.70107515674  
 426.6940  226919.94468816588  
 426.7120  225794.95278099144  
 426.7300  225809.49538886183  
 426.7490  226301.15672328032  
 426.7670  226918.7328041767  
 426.7850  228082.50499900556  
 426.8030  229201.437486234  
 426.8210  229639.89711352662  
 426.8400  229219.615746072  
 426.8580  228187.81771766703  
 426.8760  227059.190158525  
 426.8940  226497.36074113182  
 426.9130  226217.53672802553  
 426.9310  225860.27332800932  
 426.9490  224543.92493894018  
 426.9670  221406.2361025022  
 426.9850  216519.91985804742  
 427.0040  210226.24273693454  
 427.0220  203295.72057949702  
 427.0400  197457.46946152556  
 427.0580  193077.23597096073  
 427.0770  189902.09991925646  
 427.0950  188324.10577691902  
 427.1130  188490.0126950405  
 427.1310  189870.59093553727  
 427.1500  192426.93902235595  
 427.1680  194832.04398732248  
 427.1860  196097.49324884522  
 427.2040  196274.3071228695  
 427.2230  194887.79065082566  
 427.2410  192001.93130734348  
 427.2590  189070.1415606706  
 427.2770  186910.80666871386  
 427.2960  184722.62893781415  
 427.3140  182386.60136023205  
 427.3320  180857.08257746263  
 427.3500  180228.59954066342  
 427.3690  178995.74995845018  
 427.3870  177707.27490113265  
 427.4050  176612.45890528927  
 427.4230  175269.44906845773  
 427.4420  173997.94038698895  
 427.4600  174265.64556020327  
 427.4780  176381.2314401499  
 427.4970  179599.99531546535  
 427.5150  183843.40710364952  
 427.5330  189181.5136992781  
 427.5510  194259.1864256276  
 427.5700  198414.1306826001  
 427.5880  201878.9070077232  
 427.6060  204448.58581842307  
 427.6250  205956.29068938692  
 427.6430  206366.8769849279  
 427.6610  205738.27275972982  
 427.6790  205916.29851774333  
 427.6980  207183.08085165417  
 427.7160  208555.0547158276  
 427.7340  210776.0745028346  
 427.7530  214613.7475314346  
 427.7710  217896.74125817764  
 427.7890  219327.0067422316  
 427.8070  219728.98866144926  
 427.8260  219775.0402530389  
 427.8440  219182.91373591573  
 427.8620  218013.08212114088  
 427.8810  217380.84224397517  
 427.8990  217534.63032220464  
 427.9170  217744.16506393737  
 427.9360  217188.3950664902  
 427.9540  216481.13957039302  
 427.9720  215813.87624593946  
 427.9910  214481.77336501068  
 428.0090  213320.42493816026  
 428.0270  212998.30617383085  
 428.0460  212902.56733868405  
 428.0640  212509.06860739077  
 428.0820  211746.0664477904  
 428.1010  210825.76174639183  
 428.1190  209193.3540129393  
 428.1370  206790.6728159512  
 428.1560  204854.32457800728  
 428.1740  204543.11276958068  
 428.1920  204285.10266828  
 428.2110  204423.13625464987  
 428.2290  205548.12816182434  
 428.2470  206273.5619177595  
 428.2660  205272.06098908454  
 428.2840  203871.00190917033  
 428.3020  202477.09294479236  
 428.3210  200958.48111792572  
 428.3390  200179.84565486465  
 428.3570  200718.77046486194  
 428.3760  201188.61788747483  
 428.3940  201932.10871484908  
 428.4120  203546.45937686253  
 428.4310  204328.73049189118  
 428.4490  204545.41534916015  
 428.4670  204918.43324103593  
 428.4860  204652.0611402098  
 428.5040  203881.7876766742  
 428.5220  202932.39775953483  
 428.5410  201507.1009998366  
 428.5590  200076.83551578267  
 428.5780  199518.64175035708  
 428.5960  199845.60805064326  
 428.6140  201104.99789222  
 428.6330  202555.74421569146  
 428.6510  204503.1205979371  
 428.6690  206669.6056054301  
 428.6880  207964.14008269363  
 428.7060  207967.77573466123  
 428.7250  206634.4609697433  
 428.7430  203432.54228187772  
 428.7610  199283.65744485118  
 428.7800  195000.37467342237  
 428.7980  190953.1669030897  
 428.8160  187423.07003094873  
 428.8350  185594.45827964472  
 428.8530  183872.4923193903  
 428.8720  181580.09256541939  
 428.8900  180853.44692549502  
 428.9080  181016.9300756381  
 428.9270  179836.19150496044  
 428.9450  178453.1894964853  
 428.9640  177939.7142502612  
 428.9820  177047.28288061425  
 429.0000  177070.30867640907  
 429.0190  178071.80960508404  
 429.0370  179124.08847290647  
 429.0560  179653.31821099017  
 429.0740  179855.58164878763  
 429.0920  179941.50422362195  
 429.1110  179423.30262983998  
 429.1290  178694.2332219372  
 429.1480  178705.14017784  
 429.1660  179417.24320989396  
 429.1850  179362.70843037995  
 429.2030  179345.74205453118  
 429.2210  179792.56368134925  
 429.2400  179654.53009497936  
 429.2580  178350.30054580222  
 429.2770  178353.93619776983  
 429.2950  179390.58176213157  
 429.3140  180858.29446145182  
 429.3320  183030.8388888908  
 429.3500  184906.71411577365  
 429.3690  186253.2384161739  
 429.3870  188154.56320682992  
 429.4060  189416.37681638508  
 429.4240  190013.47205786395  
 429.4430  192480.26191788074  
 429.4610  195915.8318388641  
 429.4790  199447.14059499427  
 429.4980  202946.94036740524  
 429.5160  205716.45884792422  
 429.5350  206494.00361539502  
 429.5530  205860.67304263904  
 429.5720  204621.7640404798  
 429.5900  203665.10281940523  
 429.6090  203248.45710391822  
 429.6270  202785.88098524054  
 429.6460  201970.88900250348  
 429.6640  201259.9978544387  
 429.6820  200466.81978350724  
 429.7010  199461.6832028647  
 429.7190  197571.26536811143  
 429.7380  194614.02605766538  
 429.7560  191237.71726375388  
 429.7750  188232.12378213875  
 429.7930  185312.33168695893  
 429.8120  183115.5495797359  
 429.8300  181416.6094152763  
 429.8490  179271.81713118995  
 429.8670  177397.27497669525  
 429.8860  175663.0689881499  
 429.9040  173258.08521158234  
 429.9230  171272.0497300812  
 429.9410  168764.0558144316  
 429.9600  165209.72126250665  
 429.9780  162115.66024967984  
 429.9970  160755.6840369995  
 430.0150  159365.41072458914  
 430.0340  158505.57903425166  
 430.0520  158027.2484237144  
 430.0710  157230.43470081533  
 430.0890  155987.8900466885  
 430.1080  154543.20314316303  
 430.1260  152576.5578054891  
 430.1450  150820.53790513816  
 430.1630  149524.79154388543  
 430.1820  148150.2727233347  
 430.2000  146281.78998878595  
 430.2190  144778.93265377893  
 430.2370  143801.66940488797  
 430.2560  144054.71078183295  
 430.2740  144698.94831049172  
 430.2930  146309.66332053757  
 430.3110  148531.77380313486  
 430.3300  150147.21516073862  
 430.3480  150902.9460164038  
 430.3670  151784.59161854687  
 430.3850  152637.1520049491  
 430.4040  153919.56764232068  
 430.4220  155108.78940092272  
 430.4410  155952.8665994006  
 430.4590  158304.5274804434  
 430.4780  162467.95492534034  
 430.4960  164638.07558480094  
 430.5150  164389.88174381276  
 430.5330  164388.66985982357  
 430.5520  163299.9132839262  
 430.5710  160672.0640417447  
 430.5890  159346.02058076195  
 430.6080  158942.82677755508  
 430.6260  157613.14766460474  
 430.6450  155421.21309333853  
 430.6630  153190.49823441787  
 430.6820  150815.69036918136  
 430.7000  149018.58760159655  
 430.7190  148101.9185521656  
 430.7370  147647.82562141234  
 430.7560  146284.21375676437  
 430.7750  144619.08515560342  
 430.7930  143098.0495607584  
 430.8120  140970.34484091977  
 430.8300  139025.39222665253  
 430.8490  137919.79046330528  
 430.8670  137130.24804434142  
 430.8860  136305.56098969077  
 430.9040  135543.77071407958  
 430.9230  134706.9648195369  
 430.9420  134210.45594916164  
 430.9600  134325.58492813565  
 430.9790  133377.28570658655  
 430.9970  131170.92971584888  
 431.0160  129356.73938401633  
 431.0340  128253.56138864746  
 431.0530  125787.98341261987  
 431.0720  123885.44673797463  
 431.0900  123284.83703292707  
 431.1090  122119.85295410901  
 431.1270  120744.5100524456  
 431.1460  121791.67476983363  
 431.1650  125051.64270078189  
 431.1830  129142.47829472575  
 431.2020  134032.43019114813  
 431.2200  138860.69719252025  
 431.2390  142319.41409769733  
 431.2580  143976.05951093388  
 431.2760  145785.28111841067  
 431.2950  148152.69649131308  
 431.3130  150607.4886998368  
 431.3320  152727.92211574022  
 431.3510  154497.15155157345  
 431.3690  156103.0190256625  
 431.3880  157483.4760777603  
 431.4060  159464.66402330462  
 431.4250  162679.91343505142  
 431.4440  166802.13682431556  
 431.4620  170731.91303609472  
 431.4810  174637.33037969095  
 431.4990  178260.62113060142  
 431.5180  181659.95572030768  
 431.5370  184436.74550476187  
 431.5550  187535.77524194436  
 431.5740  191751.192509978  
 431.5930  195993.3924141729  
 431.6110  200434.09891579882  
 431.6300  206202.1819507956  
 431.6480  212838.45867565536  
 431.6670  218629.44631804802  
 431.6860  222711.67753566857  
 431.7040  225323.8934743894  
 431.7230  226962.36062778792  
 431.7420  227377.67327088676  
 431.7600  228566.89502948883  
 431.7790  231455.17814094943  
 431.7980  234921.0451616628  
 431.8160  237998.13979864074  
 431.8350  241166.12573480874  
 431.8540  244605.45249615863  
 431.8720  247474.22427539306  
 431.8910  249974.9468871075  
 431.9090  251974.31309248984  
 431.9280  253148.99224322147  
 431.9470  252612.6123896015  
 431.9650  252165.6695743845  
 431.9840  251814.46559431433  
 432.0030  251660.67751608483  
 432.0210  252465.97442690827  
 432.0400  254111.83407264095  
 432.0590  255573.48735201516  
 432.0770  257429.97243507084  
 432.0960  259280.27690978156  
 432.1150  259688.43943734415  
 432.1330  258218.30297004545  
 432.1520  254852.9011320368  
 432.1710  249712.2104382489  
 432.1890  243238.20497954305  
 432.2080  237663.90219441938  
 432.2270  233028.20355893116  
 432.2460  229373.4038243015  
 432.2640  226497.36074113182  
 432.2830  224333.29950161724  
 432.3020  221756.2281985832  
 432.3200  218727.48773277432  
 432.3390  214640.408979197  
 432.3580  210185.15986970067  
 432.3760  205476.74819486047  
 432.3950  199581.53852939655  
 432.4140  193458.73705076092  
 432.4320  188462.1393632889  
 432.4510  184471.89014044867  
 432.4700  181010.87065569212  
 432.4890  178445.9181925501  
 432.5070  176736.07107218768  
 432.5260  174708.83153505376  
 432.5450  171727.35454482367  
 432.5630  169128.46932998407  
 432.5820  167336.21409835605  
 432.6010  165506.3904630628  
 432.6200  163257.61853270308  
 432.6380  161571.8879037258  
 432.6570  161191.59870791476  
 432.6760  161811.59855678957  
 432.6940  163629.30335219076  
 432.7130  167156.97645635335  
 432.7320  172303.72657008725  
 432.7510  177113.81531162135  
 432.7690  181140.4210541376  
 432.7880  185284.45835520732  
 432.8070  189332.87800952917  
 432.8250  192182.38083333537  
 432.8440  194942.20424194075  
 432.8630  197765.04561798455  
 432.8820  200007.87931679716  
 432.9000  202002.39798622267  
 432.9190  204455.85712235828  
 432.9380  207748.54592101494  
 432.9570  212236.5158982197  
 432.9750  217009.1574244875  
 432.9940  221667.8818557705  
 433.0130  226186.02774430634  
 433.0320  230022.48888891708  
 433.0500  233292.27308017787  
 433.0690  236454.19959639982  
 433.0880  238821.61496930223  
 433.1070  240253.09233734538  
 433.1250  240255.5161053238  
 433.1440  239964.9063247136  
 433.1630  239175.24271735083  
 433.1820  238884.6329367406  
 433.2000  239101.43898240852  
 433.2190  239149.79315357763  
 433.2380  238239.18352409266  
 433.2570  237275.2509990829  
 433.2760  236606.77579064012  
 433.2940  236220.42717488314  
 433.3130  235791.78380790306  
 433.3320  235346.05287667524  
 433.3510  234728.47679577887  
 433.3690  233476.35825813736  
 433.3880  232515.9401966963  
 433.4070  232354.88081453159  
 433.4260  233211.07685290143  
 433.4450  235217.71436221898  
 433.4630  237637.3619350559  
 433.4820  239610.0666926758  
 433.5010  241351.42279675743  
 433.5200  241851.56731910032  
 433.5390  239749.3121630349  
 433.5570  237019.66466576062  
 433.5760  233701.52630333073  
 433.5950  229622.9307376778  
 433.6140  225735.57046552064  
 433.6330  222715.31318763614  
 433.6510  220054.74307774627  
 433.6700  217929.46212588606  
 433.6890  216481.13957039302  
 433.7080  214076.0346054265  
 433.7270  212413.32977224395  
 433.7450  210846.36377420826  
 433.7640  208845.78568483674  
 433.7830  205907.8153298189  
 433.8020  203147.99192121354  
 433.8210  199816.52283490245  
 433.8390  195993.3924141729  
 433.8580  191516.32939287098  
 433.8770  187191.84256580938  
 433.8960  183036.89830883683  
 433.9150  178638.486558434  
 433.9340  174011.27111087018  
 433.9520  170024.65753999754  
 433.9710  166013.8062893409  
 433.9900  162015.07387857625  
 434.0090  157951.02092079373  
 434.0280  153810.49808329265  
 434.0470  151462.47285421746  
 434.0650  151000.98743113005  
 434.0840  151288.08274817158  
 434.1030  152950.7875813541  
 434.1220  155271.0606670766  
 434.1410  157270.42687245892  
 434.1600  157576.79114492872  
 434.1790  158604.9535213661  
 434.1970  158772.07232347678  
 434.2160  159119.64065157936  
 434.2350  159131.63830307245  
 434.2540  160211.91169104542  
 434.2730  159861.91959496442  
 434.2920  159917.66625846762  
 434.3110  161368.41258193908  
 434.3290  163549.4401973025  
 434.3480  165935.1550184418  
 434.3670  169644.36834418654  
 434.3860  174458.09273768825  
 434.4050  178984.84300254736  
 434.4240  183162.8130553147  
 434.4430  187826.38502255455  
 434.4610  192064.9492747819  
 434.4800  195496.88354379762  
 434.4990  197765.04561798455  
 434.5180  200096.22565960983  
 434.5370  202511.02569648996  
 434.5560  204811.90863838527  
 434.5750  206753.104412286  
 434.5940  208246.26667537942  
 434.6130  208570.8092076872  
 434.6310  207470.05498029676  
 434.6500  206084.62920384321  
 434.6690  204850.68892603967  
 434.6880  204474.03538219628  
 434.7070  205074.64508724384  
 434.7260  205950.23126944093  
 434.7450  207644.44508634266  
 434.7640  209098.8270617817  
 434.7830  210312.28650016774  
 434.8020  212597.41495020344  
 434.8200  215429.95139816086  
 434.8390  217231.90170170247  
 434.8580  218538.55501885802  
 434.8770  219535.20841157617  
 434.8960  218681.55732958365  
 434.9150  216774.17311898162  
 434.9340  215136.9178495723  
 434.9530  213454.82287256254  
 434.9720  211463.93985510463  
 434.9910  208731.86858985192  
 435.0100  206064.02717602684  
 435.0290  202883.92239996683  
 435.0470  199574.26722546137  
 435.0660  196623.0873349613  
 435.0850  194456.60232746825  
 435.1040  191810.5748254488  
 435.1230  189458.79275600705  
 435.1420  189003.4879412646  
 435.1610  188217.58117426833  
 435.1800  187995.92759264362  
 435.1990  189542.41275126187  
 435.2180  191430.28562963777  
 435.2370  192629.20246015344  
 435.2560  194494.1707311335  
 435.2750  196068.4080331044  
 435.2940  196004.29937007572  
 435.3130  195877.17273960865  
 435.3310  195060.96887288237  
 435.3500  193077.23597096073  
 435.3690  191768.15888582676  
 435.3880  191934.06580394827  
 435.4070  191712.5334107225  
 435.4260  191512.6937409034  
 435.4450  192403.91322656116  
 435.4640  192793.89749428575  
 435.4830  192767.23604652335  
 435.5020  193275.8637567906  
 435.5210  195109.32304405145  
 435.5400  198943.3604206838  
 435.5590  204279.043248334  
 435.5780  210326.82910803816  
 435.5970  216439.9355147602  
 435.6160  222298.7886605481  
 435.6350  227010.714798957  
 435.6540  230456.10098025287  
 435.6730  233230.46699672865  
 435.6920  235189.84103046736  
 435.7110  235853.46870295334  
 435.7300  235859.52812289936  
 435.7490  235636.78384568437  
 435.7680  234652.2492928582  
 435.7870  232746.07696624537  
 435.8060  230981.69506636893  
 435.8250  230167.79377922218  
 435.8440  228681.9028200639  
 435.8630  228013.42761162115  
 435.8820  229163.9902709677  
 435.9010  230419.74446057688  
 435.9200  229989.8892096076  
 435.9390  230690.96409735986  
 435.9580  231547.1601357297  
 435.9770  233075.46703450996  
 435.9960  234957.4016813388  
 436.0150  237810.54015711258  
 436.0340  240399.60911163967  
 436.0530  242299.72201830652  
 436.0720  242966.98534276008  
 436.0910  242253.67042671688  
 436.1100  240496.43864237674  
 436.1290  238040.55573826277  
 436.1480  235342.41722470766  
 436.1670  232555.93236833988  
 436.1860  229788.8376557993  
 436.2050  228341.60579589652  
 436.2240  228665.05763261404  
 436.2430  229016.14042428532  
 436.2620  229604.7524778398  
 436.2810  231388.5245215434  
 436.3000  232997.90645920116  
 436.3190  234959.8254493172  
 436.3380  237514.96165214668  
 436.3570  240073.85469534268  
 436.3760  243128.04472492478  
 436.3950  246374.68193199183  
 436.4140  247471.80050741468  
 436.4330  248539.95505549567  
 436.4530  250337.05782308048  
 436.4720  250884.4658210022  
 436.4910  249329.49747445952  
 436.5100  247855.72535519328  
 436.5290  246277.85240125476  
 436.5480  244026.53551451775  
 436.5670  241921.85659047394  
 436.5860  239511.9040895506  
 436.6050  236504.9775355473  
 436.6240  233247.43337257745  
 436.6430  230635.33862225557  
 436.6620  228397.35245939973  
 436.6810  228120.07340267074  
 436.7000  229341.8948405823  
 436.7190  231564.1265115785  
 436.7380  233074.25515052077  
 436.7580  235160.75581472655  
 436.7770  236928.8945549695  
 436.7960  237380.56371774437  
 436.8150  235091.79961574107  
 436.8340  232938.64533212926  
 436.8530  229859.005738774  
 436.8720  226849.6554167923  
 436.8910  224715.89127700767  
 436.9100  224103.1627320681  
 436.9290  222577.2796012663  
 436.9480  220966.68577961935  
 436.9670  217896.74125817764  
 436.9870  214455.11191724832  
 437.0060  212478.77150766077  
 437.0250  211985.89828925312  
 437.0440  212056.0663722278  
 437.0630  212693.15378535027  
 437.0820  213435.43272873532  
 437.1010  213129.06845626555  
 437.1200  212444.83875596317  
 437.1390  213137.55164418995  
 437.1580  214728.75532200967  
 437.1780  216886.75714157827  
 437.1970  218254.00465819385  
 437.2160  219580.0481191766  
 437.2350  219250.658050912  
 437.2540  217267.0463373893  
 437.2730  213954.9673949054  
 437.2920  211322.2706167671  
 437.3110  208029.58181811046  
 437.3310  205434.33225523843  
 437.3500  205212.67867361376  
 437.3690  205692.34235653916  
 437.3880  205938.1124295489  
 437.4070  206007.18981693333  
 437.4260  203725.57583046632  
 437.4450  200976.65937776372  
 437.4640  199111.6911067837  
 437.4840  198557.0118049268  
 437.5030  199160.1664663517  
 437.5220  201370.2792974559  
 437.5410  203399.8214141693  
 437.5600  203132.23742935393  
 437.5790  202330.57617049807  
 437.5980  201450.1424523442  
 437.6180  200206.50710262707  
 437.6370  199949.70888531554  
 437.6560  201038.46546121294  
 437.6750  201597.8711106277  
 437.6940  201909.0829190543  
 437.7130  203288.44927556184  
 437.7330  203481.01764144574  
 437.7520  203039.04355058447  
 437.7710  203602.08485196682  
 437.7900  205339.92649247975  
 437.8090  206974.7579939107  
 437.8280  208145.80149267474  
 437.8480  210810.00725453222  
 437.8670  213417.25446889733  
 437.8860  214852.3674889081  
 437.9050  215324.63867949936  
 437.9240  216247.36714887634  
 437.9430  218538.55501885802  
 437.9630  221587.89751248332  
 437.9820  224774.0617084893  
 438.0010  228642.03183681922  
 438.0200  232438.50080978638  
 438.0390  234727.26491178968  
 438.0590  235131.7917873847  
 438.0780  235772.39366407585  
 438.0970  235901.94406252133  
 438.1160  234665.4588283405  
 438.1350  232649.2474355083  
 438.1540  229509.013642693  
 438.1740  224588.7646465406  
 438.1930  219144.1334482613  
 438.2120  213872.55928363983  
 438.2310  208144.58960868555  
 438.2510  203530.70488500295  
 438.2700  200346.96445697534  
 438.2890  197658.52101533386  
 438.3080  194329.47569700118  
 438.3270  190925.29357133812  
 438.3470  187073.19912326668  
 438.3660  182953.27831358204  
 438.3850  179271.81713118995  
 438.4040  177561.97001082756  
 438.4230  176493.81546274657  
 438.4430  176894.70668637395  
 438.4620  178035.45308540802  
 438.4810  179621.80922727095  
 438.5000  181163.4468499324  
 438.5200  181025.41326356248  
 438.5390  180168.00534120342  
 438.5580  178682.1143820452  
 438.5770  176509.56995460618  
 438.5960  174228.0771565381  
 438.6160  172700.98214174702  
 438.6350  172455.0908803383  
 438.6540  174241.40788041925  
 438.6730  177278.51034575366  
 438.6930  182279.95556918246  
 438.7120  188810.91957538069  
 438.7310  195714.90147345472  
 438.7500  202190.11881614977  
 438.7700  208619.2845672552  
 438.7890  213787.84859279473  
 438.8080  217270.68198935688  
 438.8270  220002.75325460956  
 438.8470  222870.31314985486  
 438.8660  226142.52110909403  
 438.8850  229033.10680013412  
 438.9040  230921.10086690894  
 438.9240  231772.449369322  
 438.9430  231489.11089264703  
 438.9620  230832.63333569735  
 438.9820  229791.26142377767  
 439.0010  228301.73481265185  
 439.0200  227271.1486682361  
 439.0390  226471.91117735862  
 439.0590  225190.58623557736  
 439.0780  224172.2401194525  
 439.0970  224316.3331257684  
 439.1170  225350.43373375287  
 439.1360  226878.7406325331  
 439.1550  228720.68310771833  
 439.1740  230307.16043798017  
 439.1940  231344.8966979322  
 439.2130  230965.94057450935  
 439.2320  229517.4968306174  
 439.2520  227969.92097640884  
 439.2710  227074.94465038457  
 439.2900  226800.08936163402  
 439.3090  227584.78424464108  
 439.3290  228721.89499170752  
 439.3480  229327.4734211108  
 439.3670  228884.16625786142  
 439.3870  227593.26743256548  
 439.4060  226806.14878158  
 439.4250  226687.38415063842  
 439.4450  227245.6991044629  
 439.4640  228205.99597750505  
 439.4830  229052.49694396133  
 439.5020  229091.27723161574  
 439.5220  228729.16629564273  
 439.5410  228035.24152342675  
 439.5600  227703.42768718378  
 439.5800  227927.50503678687  
 439.5990  228191.45336963466  
 439.6180  228724.31875968594  
 439.6380  228983.54074497582  
 439.6570  228862.35234605582  
 439.6760  228166.12499426038  
 439.6960  227268.7249002577  
 439.7150  226677.68907872483  
 439.7340  227062.8258104926  
 439.7540  228325.97249243586  
 439.7730  229745.2098321881  
 439.7920  230516.57399131396  
 439.8120  229497.0159911999  
 439.8310  227531.46134911626  
 439.8500  225557.54470750716  
 439.8700  223988.154941493  
 439.8890  223341.49364485586  
 439.9090  224120.12910791693  
 439.9280  224916.942830816  
 439.9470  225256.02797099418  
 439.9670  224600.88348643258  
 439.9860  222844.98477448057  
 440.0050  220608.21049561395  
 440.0250  218969.74334221543  
 440.0440  218378.70752068254  
 440.0630  219147.76910022894  
 440.0830  221194.27759279113  
 440.1020  223571.50922600602  
 440.1210  225277.84188279975  
 440.1410  225826.46176471066  
 440.1600  225753.74872535866  
 440.1800  225352.85750173125  
 440.1990  225096.18047281867  
 440.2180  225179.67927967457  
 440.2380  225154.35090430029  
 440.2570  224393.77251267832  
 440.2760  222525.16858973066  
 440.2960  219170.7948960237  
 440.3150  214745.72169785848  
 440.3350  210382.45458314242  
 440.3540  206537.63143900622  
 440.3730  203933.89868820983  
 440.3930  203239.97391599382  
 440.4120  203807.9839417319  
 440.4320  204664.17998010176  
 440.4510  205626.90062112233  
 440.4700  206836.7244075408  
 440.4900  208314.13217877466  
 440.5090  210318.34592011373  
 440.5290  212569.54161845185  
 440.5480  214794.19705742647  
 440.5670  216186.89413781525  
 440.5870  216017.35156772615  
 440.6060  214045.73750569648  
 440.6260  211724.2525359848  
 440.6450  209397.92003031628  
 440.6650  206889.92611466668  
 440.6840  204380.72031502787  
 440.7030  202879.19605240895  
 440.7230  201758.9304927924  
 440.7420  200566.07308222272  
 440.7620  199834.70109474048  
 440.7810  200206.50710262707  
 440.8000  201625.7444423793  
 440.8200  204349.3325197076  
 440.8390  208701.69267852083  
 440.8590  214157.23083270292  
 440.8780  219595.8026110362  
 440.8980  224394.9843966675  
 440.9170  227994.15865619286  
 440.9370  230095.20192826906  
 440.9560  231102.76227689005  
 440.9750  231966.2296191951  
 440.9950  232793.34044182417  
 441.0140  233719.70456316875  
 441.0340  234755.1382435413  
 441.0530  235734.82526041067  
 441.0730  236102.99561632966  
 441.0920  236203.46079903434  
 441.1120  236696.33401744202  
 441.1310  238013.89429050035  
 441.1510  239616.1261126218  
 441.1700  241689.29605294642  
 441.1890  244239.70590821802  
 441.2090  246597.54739760573  
 441.2280  247882.38680295568  
 441.2480  248628.42258670722  
 441.2670  249426.4481935955  
 441.2870  249755.83826186013  
 441.3060  249193.88765606802  
 441.3260  247796.4642281214  
 441.3450  245327.12941172728  
 441.3650  241762.00909229842  
 441.3840  237446.0054531612  
 441.4040  233168.66091327945  
 441.4230  229903.84544637438  
 441.4430  228225.38612133227  
 441.4620  227827.0398540822  
 441.4820  227973.55662837648  
 441.5010  227765.23377063297  
 441.5210  227021.6217548598  
 441.5400  226130.40226920205  
 441.5600  224718.31504498608  
 441.5790  223267.56872151463  
 441.5990  222148.6362342862  
 441.6180  221441.380738189  
 441.6380  220879.43013239696  
 441.6570  220129.87988507666  
 441.6770  219392.3272892495  
 441.6960  219479.58293647188  
 441.7160  220309.11752707936  
 441.7350  221271.8381680999  
 441.7550  222892.12706166046  
 441.7740  225229.3665232318  
 441.7940  227414.02979056278  
 441.8130  228945.9723413106  
 441.8330  230552.93051098994  
 441.8520  233321.35829591868  
 441.8720  237066.9281413394  
 441.8910  241539.14362668453  
 441.9110  247114.65829579742  
 441.9300  252853.53492665445  
 441.9500  257168.32668180251  
 441.9690  259642.3878457545  
 441.9890  260739.6276095763  
 442.0080  260867.96612403257  
 442.0280  260668.1264542135  
 442.0480  260513.12649199477  
 442.0670  260728.7206536735  
 442.0870  260740.83949356547  
 442.1060  260515.55025997318  
 442.1260  260360.5502977545  
 442.1450  259429.33864045312  
 442.1650  258150.43746665027  
 442.1840  257614.0576130303  
 442.2040  257341.50490385923  
 442.2230  256272.25966018793  
 442.2430  255044.2576139315  
 442.2630  253689.12893720792  
 442.2820  252036.119175939  
 442.3020  250156.60829708856  
 442.3210  249043.73522980613  
 442.3410  249066.76102560092  
 442.3600  249185.4044681436  
 442.3800  248468.45390013285  
 442.4000  247440.4127120944  
 442.4190  246134.97127892805  
 442.4390  243932.12975175906  
 442.4580  241737.77141251444  
 442.4780  240524.31197412836  
 442.4970  240164.6248061338  
 442.5170  240209.4645137342  
 442.5370  240550.97342189075  
 442.5560  240277.33001712937  
 442.5760  239003.2763792833  
 442.5950  237550.10628783348  
 442.6150  236408.14800481024  
 442.6350  235814.80960369788  
 442.6540  236724.2073491936  
 442.6740  238994.79319135894  
 442.6930  241102.01707178005  
 442.7130  242596.39121886267  
 442.7330  244075.0108740857  
 442.7520  245000.16311144107  
 442.7720  245370.75723533847  
 442.7910  245692.87599966786  
 442.8110  245758.31773508468  
 442.8310  244991.6799235167  
 442.8500  242956.0783868573  
 442.8700  239911.5834291888  
 442.8890  236621.31839851054  
 442.9090  233771.81557470432  
 442.9290  231739.72850161363  
 442.9480  231338.83727798623  
 442.9680  232250.77997985928  
 442.9870  233355.16985921733  
 443.0070  234273.17198103643  
 443.0270  234635.2829170094  
 443.0460  234225.9085054576  
 443.0660  234206.5183616304  
 443.0860  235260.13030184098  
 443.1050  236639.4966583485  
 443.1250  238643.71039968764  
 443.1450  240630.95776517797  
 443.1640  241329.60888495183  
 443.1840  240753.23685968827  
 443.2030  239354.4803593535  
 443.2230  237048.74988150143  
 443.2430  234837.42516640798  
 443.2620  233703.9500713091  
 443.2820  233461.81565026694  
 443.3020  233638.62952429123  
 443.3210  233454.54434633174  
 443.3410  232305.3147593733  
 443.3610  231038.53242546244  
 443.3800  230265.9563823474  
 443.4000  230037.03149678747  
 443.4200  231079.73648109523  
 443.4390  233628.93445237764  
 443.4590  235423.61345198407  
 443.4790  235886.18957066175  
 443.4980  235686.34990084264  
 443.5180  234344.5519480003  
 443.5380  232138.19595726262  
 443.5570  230884.74434723295  
 443.5770  230389.44736084685  
 443.5970  230253.83754245535  
 443.6160  230877.47304329777  
 443.6360  231865.6432480915  
 443.6560  232530.48280456668  
 443.6750  232811.51870166216  
 443.6950  233181.99163716065  
 443.7150  234492.2806062838  
 443.7340  236901.02122321792  
 443.7540  239367.81108323473  
 443.7740  241640.94188177734  
 443.7940  243384.72175383737  
 443.8130  243641.39878274992  
 443.8330  243434.40899739458  
 443.8530  244437.1218100587  
 443.8720  245936.34349309816  
 443.8920  247320.4361971636  
 443.9120  249763.1095657953  
 443.9310  252257.77275756374  
 443.9510  253541.40027892447  
 443.9710  254703.96058976412  
 443.9910  255865.30901661457  
 444.0100  256065.14868643368  
 444.0300  256463.49495368372  
 444.0500  256818.33458572155  
 444.0690  255813.19800507894  
 444.0890  254224.41809523766  
 444.1090  252671.8735166734  
 444.1290  250014.9390587511  
 444.1480  246506.65609841573  
 444.1680  243526.39099217486  
 444.1880  242193.07622725688  
 444.2080  240915.50812584217  
 444.2270  239016.6071031645  
 444.2470  237477.51443688042  
 444.2670  236262.84311450514  
 444.2860  234030.91637159532  
 444.3060  231882.6096239403  
 444.3260  231452.75437297102  
 444.3460  231697.3125619916  
 444.3650  232120.0176974246  
 444.3850  233185.62728912823  
 444.4050  234827.73009449439  
 444.4250  236184.07065520715  
 444.4440  237539.1993319307  
 444.4640  238922.20134040582  
 444.4840  239861.8961856316  
 444.5040  240674.46440039025  
 444.5230  240949.44087753975  
 444.5430  240217.94770165856  
 444.5630  239338.72586749392  
 444.5830  239601.5835047514  
 444.6030  239476.8806422627  
 444.6220  239246.74387271362  
 444.6420  240386.27838775847  
 444.6620  242791.38335272498  
 444.6820  244940.90198436918  
 444.7010  247193.3095666965  
 444.7210  250271.7372760626  
 444.7410  252859.5943466005  
 444.7610  254395.1725493159  
 444.7800  255428.18246171012  
 444.8000  256944.37052059834  
 444.8200  257791.96218264487  
 444.8400  257787.11464668807  
 444.8600  257184.08117366213  
 444.8790  255322.74855464965  
 444.8990  252640.36453295418  
 444.9190  249810.25185297523  
 444.9390  247393.1492365156  
 444.9590  245700.14730360307  
 444.9780  244657.44231929528  
 444.9980  243393.20494176174  
 445.0180  242470.4764723848  
 445.0380  242267.0011505981  
 445.0580  242506.71180366186  
 445.0770  243022.61081786436  
 445.0970  243814.57700480663  
 445.1170  245088.6306426527  
 445.1370  246341.96106428345  
 445.1570  246493.32537453453  
 445.1770  246293.60689311434  
 445.1960  246470.29957873974  
 445.2160  245574.2325571252  
 445.2360  243990.17899484173  
 445.2560  243148.52556434224  
 445.2760  242267.0011505981  
 445.2950  240411.72795153168  
 445.3150  237603.4291833583  
 445.3350  234231.96792540362  
 445.3550  230053.99787263628  
 445.3750  226413.74074587703  
 445.3950  224656.6301499358  
 445.4140  224012.2714328781  
 445.4340  223765.2894758791  
 445.4540  224356.20410901308  
 445.4740  224328.4519656604  
 445.4940  223311.19654512586  
 445.5140  222520.32105377386  
 445.5340  222175.2976820486  
 445.5530  221259.71932820792  
 445.5730  220587.60846779755  
 445.5930  219395.9629412171  
 445.6130  218646.41269389683  
 445.6330  217661.87814107066  
 445.6530  216263.12164073592  
 445.6730  215340.39317135897  
 445.6920  215173.27436924828  
 445.7120  214708.1532941933  
 445.7320  213706.6523655183  
 445.7520  211852.71223884  
 445.7720  209683.8034633686  
 445.7920  207861.25113201057  
 445.8120  206579.92619022928  
 445.8310  206891.13799865587  
 445.8510  209407.61510222987  
 445.8710  212472.71208771475  
 445.8910  215552.23049267114  
 445.9110  217857.96097052324  
 445.9310  219825.9393805853  
 445.9510  221034.43009461564  
 445.9710  221498.33928568143  
 445.9910  220668.80469507395  
 446.0100  219411.7174330767  
 446.0300  217331.2761888169  
 446.0500  214886.17905220675  
 446.0700  212450.89817590918  
 446.0900  211037.59906770402  
 446.1100  211161.21123460244  
 446.1300  211398.4981196878  
 446.1500  212433.93180006038  
 446.1700  214417.54351358308  
 446.1900  216586.45228905452  
 446.2090  218099.00469597516  
 446.2290  219651.5492745394  
 446.2490  221976.6698962187  
 446.2690  224723.16258094288  
 446.2890  226728.5882062712  
 446.3090  227750.69116276255  
 446.3290  228631.12488091644  
 446.3490  228708.56426782632  
 446.3690  228341.60579589652  
 446.3890  228806.72687095153  
 446.4090  229930.50689413678  
 446.4290  230865.35420340573  
 446.4490  231968.65338717352  
 446.4680  232727.89870640737  
 446.4880  232290.7721515029  
 446.5080  231933.50875148672  
 446.5280  232465.1622575488  
 446.5480  233671.22920360073  
 446.5680  235386.04504831886  
 446.5880  238644.92228367683  
 446.6080  242275.4843385225  
 446.6280  245480.91748995677  
 446.6480  247620.8622380863  
 446.6680  248584.79476309608  
 446.6880  248093.1334286776  
 446.7080  247218.7591304697  
 446.7280  246428.00482751665  
 446.7480  244948.17328830442  
 446.7680  242422.0011128168  
 446.7880  239676.5991236829  
 446.8080  237465.39559698838  
 446.8280  236302.83528614877  
 446.8480  235895.88464257534  
 446.8670  236203.46079903434  
 446.8870  236955.55600273193  
 446.9070  236917.9875990667  
 446.9270  235757.85105620546  
 446.9470  234584.383789463  
 446.9670  233551.37387706884  
 446.9870  232874.41548070166  
 447.0070  233132.42558200238  
 447.0270  234617.1046571714  
 447.0470  236891.32615130433  
 447.0670  239949.151832854  
 447.0870  242620.62889864668  
 447.1070  243727.44254598315  
 447.1270  242885.78911548367  
 447.1470  241123.83098358565  
 447.1670  239065.08246273253  
 447.1870  237920.70041173088  
 447.2070  238298.56583956347  
 447.2270  239409.01513886751  
 447.2470  240592.17747752357  
 447.2670  242323.8385096916  
 447.2870  244567.8840924934  
 447.3070  246624.20884536815  
 447.3270  248748.27791323912  
 447.3470  250922.03422466738  
 447.3670  252914.12912611448  
 447.3870  254647.0020422717  
 447.4070  256137.74053738677  
 447.4270  256990.30092378904  
 447.4470  256446.64976623387  
 447.4670  256069.99622239047  
 447.4870  254626.4000144553  
 447.5070  252704.59438438178  
 447.5270  251838.7032740983  
 447.5470  252377.62808409563  
 447.5670  252381.26373606318  
 447.5870  252555.6538421091  
 447.6080  253180.5012269407  
 447.6280  253896.23991096226  
 447.6480  254883.1982317668  
 447.6680  256378.7842628387  
 447.6880  257979.68301257194  
 447.7080  259328.7522693495  
 447.7280  260270.9920709526  
 447.7480  260944.19362695323  
 447.7680  261104.16231352766  
 447.7880  260555.54243161678  
 447.8080  259189.50679899042  
 447.8280  257458.93646241273  
 447.8480  254535.6299036642  
 447.8680  251395.51729924782  
 447.8880  249346.46385030833  
 447.9080  247843.60651530128  
 447.9280  246021.05418394323  
 447.9480  245857.57103380017  
 447.9680  246184.53733408634  
 447.9890  246033.17302383526  
 448.0090  246373.47004800264  
 448.0290  247523.91151895028  
 448.0490  247092.84438399182  
 448.0690  245255.7494447634  
 448.0890  243771.07036959435  
 448.1090  241416.86453217422  
 448.1290  238145.98964532316  
 448.1490  236411.78365677784  
 448.1690  236220.42717488314  
 448.1890  235744.52033232426  
 448.2090  235583.46095015956  
 448.2290  235556.79950239716  
 448.2500  234491.0687222946  
 448.2700  232203.5165042805  
 448.2900  229901.42167839597  
 448.3100  228709.77615181552  
 448.3300  228329.60814440346  
 448.3500  229426.7267198263  
 448.3700  232661.24508700136  
 448.3900  235916.48667039175  
 448.4100  237875.86070413046  
 448.4300  239396.8962989755  
 448.4510  240033.86252369906  
 448.4710  240650.22672060624  
 448.4910  241855.2029710679  
 448.5110  244416.5197822423  
 448.5310  246771.93750365163  
 448.5510  248935.99874316622  
 448.5710  251332.49933180943  
 448.5910  253485.65361542127  
 448.6120  254988.5109504283  
 448.6320  257323.3266440212  
 448.6520  259322.69284940354  
 448.6720  259753.88117276094  
 448.6920  259857.98200743322  
 448.7120  259792.54027201643  
 448.7320  258505.27709868804  
 448.7520  256825.60588965673  
 448.7730  256038.48723867128  
 448.7930  255167.74859243096  
 448.8130  253833.22194352385  
 448.8330  252949.27376180128  
 448.8530  251990.0675843494  
 448.8730  250450.9749180653  
 448.8930  248268.73541871266  
 448.9140  246748.91170785684  
 448.9340  245937.55537708738  
 448.9540  246345.59671625105  
 448.9740  245915.74146528175  
 448.9940  245690.45223168947  
 449.0140  245133.4703502531  
 449.0350  244547.282064677  
 449.0550  243894.56134809382  
 449.0750  243859.41671240702  
 449.0950  244451.66441792913  
 449.1150  245445.8940426689  
 449.1350  246143.33327845353  
 449.1560  246946.3276096975  
 449.1760  247625.7097740431  
 449.1960  248336.47973370898  
 449.2160  248892.37091955505  
 449.2360  249097.05812533092  
 449.2560  249090.9987053849  
 449.2770  249053.43030171972  
 449.2970  247565.1155745831  
 449.3170  247195.73333467488  
 449.3370  247491.1906512419  
 449.3570  248088.28589272077  
 449.3780  248407.98088907174  
 449.3980  249677.0658025621  
 449.4180  250547.80444880237  
 449.4380  250754.91542255666  
 449.4580  249600.83829964144  
 449.4790  249282.35518727964  
 449.4990  249734.0243500545  
 449.5190  249036.46392587092  
 449.5390  248265.0997667451  
 449.5590  248106.46415255876  
 449.5800  247579.6581824535  
 449.6000  246264.52167737353  
 449.6200  245679.54527578666  
 449.6400  245474.85807001079  
 449.6610  244715.6127507769  
 449.6810  244005.93348670134  
 449.7010  243444.10406930817  
 449.7210  242363.8306813352  
 449.7410  240883.99914212295  
 449.7620  240393.54969169368  
 449.7820  239812.3301304733  
 449.8020  240864.60899829573  
 449.8220  243175.18701210467  
 449.8430  246040.44432777044  
 449.8630  247808.46187961448  
 449.8830  249775.22840568732  
 449.9030  251388.24599531264  
 449.9240  251910.20442946116  
 449.9440  251855.6696499471  
 449.9640  252077.32323157182  
 449.9840  252554.4419581199  
 450.0040  251844.76269404436  
 450.0250  251521.43204572576  
 450.0450  252114.89163523703  
 450.0650  252406.7132998364  
 450.0860  252169.30522635212  
 450.1060  252019.15280009023  
 450.1260  252044.60236386344  
 450.1460  251686.12707985804  
 450.1670  251962.19425259778  
 450.1870  252116.1035192262  
 450.2070  252964.907065262  
 450.2270  253895.02802697304  
 450.2480  255350.62188640126  
 450.2680  257020.59802351904  
 450.2880  258840.7265868986  
 450.3080  259724.7959570201  
 450.3290  259457.09078380582  
 450.3490  258553.75245825606  
 450.3690  257485.5979101751  
 450.3900  257150.14842196452  
 450.4100  257294.2414282804  
 450.4300  257444.51504294123  
 450.4500  257376.64953954602  
 450.4710  258243.75253381865  
 450.4910  259380.86328088515  
 450.5110  260641.4650064511  
 450.5320  262474.9242937119  
 450.5520  264239.4273819873  
 450.5720  265629.5795059987  
 450.5930  266749.84506561526  
 450.6130  268372.55772715417  
 450.6330  270030.4150243799  
 450.6530  271368.5773252546  
 450.6740  270956.7791457245  
 450.6940  270445.7276674788  
 450.7140  269420.11024741875  
 450.7350  268446.36146209645  
 450.7550  267905.1340725197  
 450.7750  268189.68443318387  
 450.7960  268069.829106652  
 450.8160  267562.4132803739  
 450.8360  267414.6846220904  
 450.8570  267740.43903838744  
 450.8770  268401.64294289495  
 450.8970  268545.7359492109  
 450.9180  268210.2864610003  
 450.9380  267799.7001654593  
 450.9580  267242.71828402294  
 450.9790  266453.05467666016  
 450.9990  265932.4293148998  
 451.0190  266197.58953173674  
 451.0400  266023.19942569087  
 451.0600  265724.10645715625  
 451.0800  265569.10649493756  
 451.1010  265375.3262450645  
 451.1210  264519.13020669465  
 451.1410  263809.450942619  
 451.1620  262787.3479861277  
 451.1820  262821.28073782526  
 451.2020  263458.2469625489  
 451.2230  264801.2567993804  
 451.2430  265771.24874433613  
 451.2640  265882.7420713426  
 451.2840  265096.8353043463  
 451.3040  264086.851187747  
 451.3250  263178.5441378415  
 451.3450  262484.6193656255  
 451.3650  261921.5780642431  
 451.3860  260595.53460326037  
 451.4060  259495.87107146025  
 451.4270  259223.43955068805  
 451.4470  259482.54034757902  
 451.4670  260456.1679445024  
 451.4880  261794.33024537715  
 451.5080  263153.09457406827  
 451.5280  263747.76604756876  
 451.5490  264060.1897399845  
 451.5690  264490.0449909538  
 451.5900  263943.84887702134  
 451.6100  262793.40740607365  
 451.6300  262042.64527476425  
 451.6510  260641.4650064511  
 451.6710  258760.86343201037  
 451.6920  257261.64174897093  
 451.7120  255393.03782602333  
 451.7320  253536.55274296764  
 451.7530  251975.524976479  
 451.7730  251812.04182633595  
 451.7940  252915.3410101037  
 451.8140  254786.3687010297  
 451.8340  255177.4436643446  
 451.8550  254703.96058976412  
 451.8750  253954.41034244385  
 451.8960  253931.38454664906  
 451.9160  254155.34070785323  
 451.9370  255305.78217880087  
 451.9570  257210.74262142452  
 451.9770  258431.47336374575  
 451.9980  258616.64923729555  
 452.0180  258231.63369392668  
 452.0390  257683.0138120158  
 452.0590  257413.00605922198  
 452.0800  255891.97046437697  
 452.1000  253546.24781488127  
 452.1200  251488.71117801734  
 452.1410  250214.77872857018  
 452.1610  249353.7351542435  
 452.1820  249829.6419968024  
 452.2020  251584.45001316414  
 452.2230  254546.53685956702  
 452.2430  257308.7840361508  
 452.2640  259652.0829176681  
 452.2840  261864.61951675074  
 452.3040  262657.7975876822  
 452.3250  261690.22941070487  
 452.3450  259590.39802261782  
 452.3660  257926.4813054461  
 452.3860  257475.9028382615  
 452.4070  257984.5305485288  
 452.4270  258660.27706090672  
 452.4480  259910.0930189688  
 452.4680  260113.44715235662  
 452.4890  257597.0912371815  
 452.5090  254511.39222388022  
 452.5300  251179.92313756913  
 452.5500  248530.25998358204  
 452.5710  245092.2662946203  
 452.5910  243114.71400104355  
 452.6120  242234.2802828897  
 452.6320  243014.12762993996  
 452.6530  243754.10399374555  
 452.6730  244811.23039752478  
 452.6940  244311.08587518192  
 452.7140  242058.6782928546  
 452.7350  238967.04104800624  
 452.7550  235436.94417586527  
 452.7760  232633.4929436487  
 452.7960  230724.89684905746  
 452.8170  230253.83754245535  
 452.8370  229694.31070464168  
 452.8580  229890.5147224932  
 452.8780  231246.85528320595  
 452.8990  232838.05896102564  
 452.9190  232657.73062343267  
 452.9400  231280.78803490355  
 452.9600  228325.97249243586  
 452.9810  224178.1783509996  
 453.0010  220793.50755756264  
 453.0220  219753.22634123327  
 453.0420  221270.6262841107  
 453.0630  223537.57647430844  
 453.0830  226738.28327818483  
 453.1040  229680.9799807605  
 453.1240  231933.50875148672  
 453.1450  232433.65327382958  
 453.1650  231640.47520289812  
 453.1860  230303.52478601257  
 453.2060  229924.4474741908  
 453.2270  229949.897037964  
 453.2480  230287.770294153  
 453.2680  232738.8056623102  
 453.2890  235163.179582705  
 453.3090  236009.68054916125  
 453.3300  236357.24887726383  
 453.3500  236478.43727618383  
 453.3710  235703.31627669145  
 453.3910  233155.45137779717  
 453.4120  229859.005738774  
 453.4320  225406.18039725604  
 453.4530  222182.44779758487  
 453.4740  221028.37067466963  
 453.4940  221731.9905187992  
 453.5150  225045.2813452723  
 453.5350  229811.86345159408  
 453.5560  233619.23938046405  
 453.5760  235376.34997640527  
 453.5970  236718.1479292476  
 453.6180  237266.7678111585  
 453.6380  237291.0054909425  
 453.6590  237373.2924138092  
 453.6790  239232.2012648432  
 453.7000  240995.37128073047  
 453.7210  241815.2107994243  
 453.7410  243275.77338320826  
 453.7620  246092.55533930607  
 453.7820  247622.0741220755  
 453.8030  248680.41240984394  
 453.8230  250959.6026283326  
 453.8440  253347.62002905138  
 453.8650  254500.4852679774  
 453.8850  254022.1546574401  
 453.9060  254315.18820602872  
 453.9260  254468.97628425824  
 453.9470  255750.30122603948  
 453.9680  257357.25939571878  
 453.9880  259706.61769718208  
 454.0090  262448.2628459495  
 454.0300  264366.55401245435  
 454.0500  264550.6391904138  
 454.0710  263616.88257673517  
 454.0910  262827.3401577713  
 454.1120  261574.00973614055  
 454.1330  260938.25539540616  
 454.1530  260411.4494253009  
 454.1740  260459.80359646998  
 454.1940  260534.94040380037  
 454.2150  260850.99974818376  
 454.2360  260559.1780835844  
 454.2560  260520.39779592998  
 454.2770  260274.6277229202  
 454.2980  258769.34661993475  
 454.3180  257346.35243981602  
 454.3390  256187.42778094395  
 454.3600  253566.84984269764  
 454.3800  250918.39857269975  
 454.4010  250028.26978263233  
 454.4220  249157.53113639206  
 454.4420  248250.55715887464  
 454.4630  248787.05820089355  
 454.4830  249903.56692014364  
 454.5040  251677.6438919336  
 454.5250  252644.00018492178  
 454.5450  253238.6716584223  
 454.5660  253341.56060910533  
 454.5870  253657.61995348876  
 454.6070  253031.56068466796  
 454.6280  252301.279392776  
 454.6490  252437.0103995664  
 454.6690  252671.8735166734  
 454.6900  252013.0933801442  
 454.7110  250217.2024965486  
 454.7320  249340.40443036228  
 454.7520  248204.5055672851  
 454.7730  245933.91972511978  
 454.7940  241260.65268596634  
 454.8140  238753.87065430594  
 454.8350  237105.70842899382  
 454.8560  235421.1896840057  
 454.8760  235836.50232710454  
 454.8970  239438.10035460832  
 454.9180  242402.61096898958  
 454.9380  244463.7832578211  
 454.9590  247061.3354002726  
 454.9800  248897.21845551184  
 455.0000  249669.79449862693  
 455.0210  250169.9390209698  
 455.0420  250868.71132914256  
 455.0630  251388.24599531264  
 455.0830  251047.94897114526  
 455.1040  251568.69552130453  
 455.1250  252017.94091610098  
 455.1450  253288.3589019795  
 455.1660  254260.77461491362  
 455.1870  255636.38413105466  
 455.2080  256209.24169274955  
 455.2280  256899.5308129979  
 455.2490  255403.94478192608  
 455.2700  253790.80600390187  
 455.2900  251877.48356175274  
 455.3110  252355.81417228997  
 455.3320  253632.17038971555  
 455.3530  256136.52865339754  
 455.3730  258249.8119537647  
 455.3940  260138.89671612976  
 455.4150  259183.4473790444  
 455.4360  256106.3527420665  
 455.4560  252033.69540796062  
 455.4770  248794.32950482875  
 455.4980  245843.02842592978  
 455.5190  244166.99286886601  
 455.5390  243778.34167352956  
 455.5600  244151.23837700643  
 455.5810  243654.72950663115  
 455.6020  244830.620541352  
 455.6220  245809.09567423214  
 455.6430  246247.55530152476  
 455.6640  246579.36913776776  
 455.6850  246751.33547583522  
 455.7050  244696.22260694968  
 455.7260  242570.9416550895  
 455.7470  241494.30391908414  
 455.7680  241794.7299600068  
 455.7890  242724.729733319  
 455.8090  244923.9356085204  
 455.8300  246234.22457764353  
 455.8510  246932.99688581633  
 455.8720  246698.0125803104  
 455.8920  246506.65609841573  
 455.9130  246270.58109731958  
 455.9340  247280.56521391892  
 455.9550  249013.43813007613  
 455.9760  251841.12704207673  
 455.9960  254867.44373990723  
 456.0170  258076.633731708  
 456.0380  261194.93242431877  
 456.0590  263951.12018095655  
 456.0800  265081.08081248676  
 456.1000  265524.2667873372  
 456.1210  265492.757803618  
 456.1420  265131.8587516342  
 456.1630  264560.33426232747  
 456.1840  264088.06307173613  
 456.2040  262596.1126926319  
 456.2250  262264.2988563889  
 456.2460  262530.67095721513  
 456.2670  262597.3245766211  
 456.2880  262617.8054160386  
 456.3080  263767.156191396  
 456.3290  263116.7380543923  
 456.3500  262476.13617770106  
 456.3710  262316.2886795256  
 456.3920  261612.668835396  
 456.4130  260666.91457022424  
 456.4330  260112.2352683674  
 456.4540  259252.52476642883  
 456.4750  258081.48126766479  
 456.4960  257521.95442985112  
 456.5170  257171.9623337701  
 456.5380  256275.89531215557  
 456.5580  254305.49313411512  
 456.5790  253178.07745896227  
 456.6000  252370.35678016042  
 456.6210  252008.2458441874  
 456.6420  252304.91504474357  
 456.6630  252503.54283057348  
 456.6840  252785.79061165822  
 456.7040  252690.0517765114  
 456.7250  252824.44971091367  
 456.7460  253314.89916134297  
 456.7670  254163.82389577766  
 456.7880  254793.518816566  
 456.8090  255656.9861588711  
 456.8300  256274.68342816635  
 456.8500  256492.58016942453  
 456.8710  256692.41983924364  
 456.8920  257726.641635627  
 456.9130  259922.2118588608  
 456.9340  261983.2629592934  
 456.9550  263401.4096034554  
 456.9760  264285.35778517794  
 456.9970  264275.66271326435  
 457.0180  262861.2729094689  
 457.0380  260715.38992979226  
 457.0590  259322.69284940354  
 457.0800  258363.60786035054  
 457.1010  257523.1663138403  
 457.1220  256821.97023768912  
 457.1430  256846.20791747316  
 457.1640  256706.96244711403  
 457.1850  256680.30099935163  
 457.2060  256825.60588965673  
 457.2260  257578.9129773435  
 457.2470  258425.4139437998  
 457.2680  259187.08303101204  
 457.2890  259712.67711712813  
 457.3100  259779.2095481352  
 457.3310  259355.41371711195  
 457.3520  258917.07527821825  
 457.3730  258714.81184042076  
 457.3940  258629.97996117672  
 457.4150  258684.51474069076  
 457.4360  258735.41386823717  
 457.4570  258976.33640529015  
 457.4770  259137.39578745485  
 457.4980  259492.23541949262  
 457.5190  260473.13432035118  
 457.5400  262123.7203136417  
 457.5610  264382.3085043139  
 457.5820  266943.50412708946  
 457.6030  269318.31199232594  
 457.6240  271218.42489899276  
 457.6450  272423.2799610555  
 457.6660  272488.7216964723  
 457.6870  271486.00888380816  
 457.7080  270189.0506385662  
 457.7290  268872.70224949706  
 457.7500  267601.0723796294  
 457.7710  266557.2766997313  
 457.7920  266045.01333749644  
 457.8130  265512.14794744516  
 457.8340  264873.9698387324  
 457.8540  263949.90829696733  
 457.8750  262318.712447504  
 457.8960  260169.19381585976  
 457.9170  258244.9644178079  
 457.9380  256650.00389962163  
 457.9590  255032.13877403951  
 457.9800  253170.8061550271  
 458.0010  251841.12704207673  
 458.0220  250139.6419212398  
 458.0430  247936.9215824697  
 458.0640  246138.48574249673  
 458.0850  245413.17317496048  
 458.1060  244473.3571413358  
 458.1270  243155.79686827748  
 458.1480  241990.81278945942  
 458.1690  240692.64266022827  
 458.1900  239392.0487630187  
 458.2110  238181.01309261104  
 458.2320  237116.6153848966  
 458.2530  236175.58746728272  
 458.2740  235419.97780001647  
 458.2950  234637.70668498782  
 458.3160  234078.17984717412  
 458.3370  234567.4174136142  
 458.3580  235796.63134385986  
 458.3790  237317.6669387049  
 458.4000  239341.1496354723  
 458.4210  240779.89830745067  
 458.4420  241179.45645868994  
 458.4630  240604.29631741557  
 458.4840  240052.0407835371  
 458.5050  240245.82103341018  
 458.5260  241450.79728387183  
 458.5470  243402.90001367536  
 458.5680  245843.02842592978  
 458.5890  247571.1749945291  
 458.6100  247561.4799226155  
 458.6310  247427.0819882132  
 458.6520  247360.42836880722  
 458.6730  246831.19863072352  
 458.6950  246648.32533675322  
 458.7160  247301.0460533364  
 458.7370  248851.16686392223  
 458.7580  250912.33915275373  
 458.7790  253345.19626107297  
 458.8000  255677.5881866875  
 458.8210  257381.49707550282  
 458.8420  257775.116995195  
 458.8630  257570.42978941908  
 458.8840  257318.4791080644  
 458.9050  256905.59023294394  
 458.9260  256737.25954684403  
 458.9470  257574.06544138672  
 458.9680  258258.29514168904  
 458.9890  258887.99006247747  
 459.0100  259707.82958117133  
 459.0310  260167.9819318706  
 459.0520  259796.17592398397  
 459.0740  259558.88903889866  
 459.0950  258243.75253381865  
 459.1160  256737.25954684403  
 459.1370  256053.02984654167  
 459.1580  255689.70702657948  
 459.1790  255775.75078981268  
 459.2000  257150.14842196452  
 459.2210  258593.74462989965  
 459.2420  259124.06506357362  
 459.2630  259164.05723521722  
 459.2840  258728.142564302  
 459.3060  257965.14040470155  
 459.3270  257210.74262142452  
 459.3480  256934.67544868475  
 459.3690  256329.09701928144  
 459.3900  255178.6555483338  
 459.4110  253867.15469522143  
 459.4320  252192.33102214691  
 459.4530  250338.2697070697  
 459.4740  248787.05820089355  
 459.4950  248147.54701979266  
 459.5170  247890.86999088008  
 459.5380  247917.53143864247  
 459.5590  248325.57277780614  
 459.5800  249129.77899303933  
 459.6010  250317.6676792533  
 459.6220  252612.6123896015  
 459.6430  254647.0020422717  
 459.6640  255537.1308323392  
 459.6860  255944.0814759126  
 459.7070  255363.9526102825  
 459.7280  253432.45190829536  
 459.7490  252265.04406149892  
 459.7700  252335.21214447357  
 459.7910  252694.8993124682  
 459.8120  253157.47543114587  
 459.8340  253458.99216765884  
 459.8550  253139.29717130787  
 459.8760  252495.0596426491  
 459.8970  251845.97457803352  
 459.9180  250769.45803042708  
 459.9390  249886.60054429478  
 459.9600  249398.5748618439  
 459.9820  249047.37088177374  
 460.0030  249138.14099256482  
 460.0240  249455.53340933635  
 460.0450  249771.59275371968  
 460.0660  250173.57467293736  
 460.0870  250363.7192708429  
 460.1090  249754.6263778709  
 460.1300  248236.01455100425  
 460.1510  246469.08769475052  
 460.1720  245227.8761130118  
 460.1930  244418.94355022072  
 460.2140  244251.82474811003  
 460.2360  245513.63835766516  
 460.2570  247048.00467639143  
 460.2780  247728.5987247262  
 460.2990  247774.6503163158  
 460.3200  246834.83428269112  
 460.3420  244934.8425644232  
 460.3630  243226.08613965107  
 460.3840  241961.84876211753  
 460.4050  241166.12573480874  
 460.4260  241472.61119567743  
 460.4480  242712.610893427  
 460.4690  244211.83257646643  
 460.4900  245875.74929363816  
 460.5110  247287.8365178541  
 460.5320  248397.07393316898  
 460.5540  249679.48957054052  
 460.5750  250479.93894540716  
 460.5960  249965.25181519391  
 460.6170  249013.43813007613  
 460.6380  248772.51559302316  
 460.6600  249149.04794846763  
 460.6810  250031.90543459987  
 460.7020  251953.83225307232  
 460.7230  254286.22417868683  
 460.7450  255900.4536523014  
 460.7660  256725.14070695202  
 460.7870  257349.9880917836  
 460.8080  257934.9644933705  
 460.8290  258517.39593858007  
 460.8510  259675.10871346292  
 460.8720  261392.34832615947  
 460.8930  262978.70446802233  
 460.9140  264573.6649862086  
 460.9360  266173.3518519528  
 460.9570  266420.45499735064  
 460.9780  265463.6725878772  
 460.9990  264378.6728523463  
 461.0210  263096.2572149748  
 461.0420  261817.35604117194  
 461.0630  261250.67908782195  
 461.0840  261289.33818707746  
 461.1060  262074.1542584834  
 461.1270  263649.60344444355  
 461.1480  264675.3420529025  
 461.1700  264596.6907820034  
 461.1910  263974.14597675134  
 461.2120  262728.0868590558  
 461.2330  260636.61747049424  
 461.2550  258456.80173912007  
 461.2760  256863.17429332194  
 461.2970  255562.5803961124  
 461.3180  254224.41809523766  
 461.3400  253444.5707481874  
 461.3610  253566.84984269764  
 461.3820  254069.41813301897  
 461.4040  254759.70725326732  
 461.4250  255488.65547277118  
 461.4460  255128.9683047766  
 461.4670  254737.8933414617  
 461.4890  255416.06362181806  
 461.5100  256372.72484289264  
 461.5310  257762.99815530298  
 461.5530  259727.2197249985  
 461.5740  261018.11855029446  
 461.5950  261213.11068415674  
 461.6170  260520.39779592998  
 461.6380  258745.10894015076  
 461.6590  257192.5643615865  
 461.6810  256361.81788698983  
 461.7020  255412.42796985048  
 461.7230  254534.41801967504  
 461.7440  254254.71519496766  
 461.7660  253943.50338654104  
 461.7870  253331.86553719174  
 461.8080  253093.36676811718  
 461.8300  253347.62002905138  
 461.8510  253221.70528257344  
 461.8720  252659.7546767814  
 461.8940  251655.82998012804  
 461.9150  250194.17670075377  
 461.9360  248566.61650325806  
 461.9580  247786.7691562078  
 461.9790  248105.25226856957  
 462.0000  249163.59055633802  
 462.0220  250420.67781833527  
 462.0430  251388.24599531264  
 462.0650  251950.19660110475  
 462.0860  252066.416275669  
 462.1070  251637.65172029  
 462.1290  251411.27179110746  
 462.1500  251816.88936229274  
 462.1710  252174.15276230892  
 462.1930  252917.76477808208  
 462.2140  254805.637656458  
 462.2350  257314.8434560968  
 462.2570  259734.4910289337  
 462.2780  262065.67107055904  
 462.2990  264301.1122770375  
 462.3210  265887.58960729936  
 462.3420  266175.77561993117  
 462.3640  266059.55594536685  
 462.3850  266312.59732231183  
 462.4060  266534.25090393657  
 462.4280  266686.8270981769  
 462.4490  266857.58155225514  
 462.4710  266749.84506561526  
 462.4920  266162.44489605  
 462.5130  264893.3599825596  
 462.5350  263475.2133383977  
 462.5560  262551.27298503154  
 462.5770  261982.05107530425  
 462.5990  261478.27090099372  
 462.6200  261587.34046002175  
 462.6420  261899.76415243754  
 462.6630  262318.712447504  
 462.6840  262893.9937771773  
 462.7060  263481.27275834366  
 462.7270  263763.52053942834  
 462.7490  263436.55423914216  
 462.7700  262179.46697714494  
 462.7920  260733.56818963028  
 462.8130  259063.59205251257  
 462.8340  256594.37842451737  
 462.8560  254489.5783120746  
 462.8770  253662.46748944555  
 462.8990  253113.96879593362  
 462.9200  252613.82427359073  
 462.9420  252657.330908803  
 462.9630  253231.4003544871  
 462.9840  254005.18828159134  
 463.0060  254898.9527236264  
 463.0270  256043.33477462808  
 463.0490  257382.70895949198  
 463.0700  257972.41170863676  
 463.0920  258103.29517947035  
 463.1130  257724.2178676486  
 463.1340  256192.27531690075  
 463.1560  254556.2319314806  
 463.1770  253582.60433455725  
 463.1990  252594.43412976348  
 463.2200  251682.4914278904  
 463.2420  251349.46570765827  
 463.2630  250964.32897589044  
 463.2850  251012.80433545844  
 463.3060  251471.7448021685  
 463.3280  252531.4161623251  
 463.3490  254785.15681704052  
 463.3710  257771.4813432274  
 463.3920  259881.007803228  
 463.4140  260953.88869886688  
 463.4350  260947.82927892086  
 463.4560  259643.5997297437  
 463.4780  257531.6495017647  
 463.4990  255631.53659509786  
 463.5210  254192.9091115184  
 463.5420  253227.76470251946  
 463.5640  252637.94076497576  
 463.5850  252163.2458064061  
 463.6070  250701.5925270319  
 463.6280  249036.46392587092  
 463.6500  247569.96311053992  
 463.6710  246460.72569522506  
 463.6930  245589.98704898477  
 463.7140  245563.32560122237  
 463.7360  245652.88382802423  
 463.7570  245737.71570726825  
 463.7790  245357.42651145728  
 463.8000  244273.63865991562  
 463.8220  242689.58509763217  
 463.8430  240882.78725813376  
 463.8650  239044.48043491613  
 463.8860  237661.47842644097  
 463.9080  237070.563793307  
 463.9290  237385.4112537012  
 463.9510  238767.20137818714  
 463.9730  241238.83877416074  
 463.9940  244128.33376961053  
 464.0160  246999.5293168234  
 464.0370  249410.69370173593  
 464.0590  251114.60259055128  
 464.0800  251852.03399797954  
 464.1020  252519.2973224331  
 464.1230  253553.51911881648  
 464.1450  255426.97057772087  
 464.1660  257977.25924459356  
 464.1880  260521.6096799192  
 464.2090  262603.3839965671  
 464.2310  264100.18191162817  
 464.2530  264463.3835431914  
 464.2740  263896.70658984146  
 464.2960  263596.4017373177  
 464.3170  263644.7559084867  
 464.3390  264412.6056040439  
 464.3600  265692.5974734371  
 464.3820  267334.70027880324  
 464.4030  268727.39735919196  
 464.4250  269438.16731885786  
 464.4470  268712.85475132155  
 464.4680  266890.3024199635  
 464.4900  265076.2332765299  
 464.5110  263200.35804964707  
 464.5330  261428.70484583543  
 464.5540  260247.96627515779  
 464.5760  259250.10099845045  
 464.5980  257519.53066187273  
 464.6190  256069.99622239047  
 464.6410  254535.6299036642  
 464.6620  252875.3488384601  
 464.6840  251883.5429816987  
 464.7060  251101.27186667005  
 464.7270  249604.473951609  
 464.7490  247723.7511887694  
 464.7700  246345.59671625105  
 464.7920  244877.8840169308  
 464.8140  243791.67239741073  
 464.8350  243150.94933232066  
 464.8570  243130.4684929032  
 464.8780  243029.88212179954  
 464.9000  242786.53581676818  
 464.9220  242018.686121211  
 464.9430  240687.79512427148  
 464.9650  239768.7023068621  
 464.9870  239122.04101022493  
 465.0080  238976.73611991983  
 465.0300  239204.3279330916  
 465.0510  239291.583580314  
 465.0730  238563.72605640045  
 465.0950  238586.75185219527  
 465.1160  238979.15988789822  
 465.1380  239580.981476935  
 465.1600  240915.50812584217  
 465.1810  242184.5930393325  
 465.2030  242434.1199527088  
 465.2240  242787.7477007574  
 465.2460  243886.07816016942  
 465.2680  245059.54542691188  
 465.2890  245703.78295557067  
 465.3110  245625.1316846716  
 465.3330  245540.29980542758  
 465.3540  245133.4703502531  
 465.3760  244778.6307182153  
 465.3980  245178.18886945458  
 465.4190  245914.52958129256  
 465.4410  246304.39266061824  
 465.4630  246344.38483226183  
 465.4840  246326.20657242383  
 465.5060  246384.37700390542  
 465.5280  246544.22450208094  
 465.5490  245833.33335401615  
 465.5710  245325.9175277381  
 465.5930  245020.76513925748  
 465.6140  244741.0623145501  
 465.6360  244671.9849271657  
 465.6580  244834.2561933196  
 465.6790  244469.84267776713  
 465.7010  244276.06242789404  
 465.7230  244452.87630191832  
 465.7450  244533.95134079581  
 465.7660  244633.32582791022  
 465.7880  245088.6306426527  
 465.8100  246615.72565744375  
 465.8310  249081.3036334713  
 465.8530  251913.84008142873  
 465.8750  254977.60399452547  
 465.8960  257724.2178676486  
 465.9180  259339.65922525234  
 465.9400  260140.10860011898  
 465.9620  260358.12652977608  
 465.9830  260040.8553014035  
 466.0050  260326.61754605686  
 466.0270  260197.06714761138  
 466.0480  259660.56610559253  
 466.0700  260112.2352683674  
 466.0920  261156.15213666437  
 466.1140  261719.31462644564  
 466.1350  262296.8985356984  
 466.1570  262563.3918249235  
 466.1790  261834.32241702074  
 466.2000  260976.9144946617  
 466.2220  259934.33069875283  
 466.2440  259044.20190868533  
 466.2660  258577.9901380401  
 466.2870  258352.7009044478  
 466.3090  257779.9645311518  
 466.3310  256949.21805655514  
 466.3530  256121.98604552716  
 466.3740  255212.5883000314  
 466.3960  253886.54483904867  
 466.4180  252538.68746626028  
 466.4400  251465.68538222252  
 466.4610  249858.7272125432  
 466.4830  248533.89563554965  
 466.5050  247694.6659730286  
 466.5270  247005.5887367694  
 466.5480  247006.8006207586  
 466.5700  247006.8006207586  
 466.5920  245600.89400488758  
 466.6140  243909.10395596424  
 466.6360  242333.53358160518  
 466.6570  239335.09021552632  
 466.6790  237089.9539371342  
 466.7010  236042.40141686963  
 466.7230  235716.64700057264  
 466.7440  235214.07871025137  
 466.7660  234879.84110602998  
 466.7880  234269.53632906883  
 466.8100  233766.96803874752  
 466.8320  233270.45916837224  
 466.8530  232956.82359196726  
 466.8750  232654.0949714651  
 466.8970  231917.7542596271  
 466.9190  231596.84737928692  
 466.9410  230867.77797138414  
 466.9620  230546.87109104395  
 466.9840  231157.29705640406  
 467.0060  232122.441465403  
 467.0280  233154.23949380795  
 467.0500  234377.2728157087  
 467.0710  235332.72215279407  
 467.0930  236754.5044489236  
 467.1150  239163.1238774588  
 467.1370  240663.55744448747  
 467.1590  241590.04275423093  
 467.1810  242659.28799790217  
 467.2020  244088.34159796694  
 467.2240  244758.0286903989  
 467.2460  245411.9612909713  
 467.2680  246922.08992991352  
 467.2900  248996.47175422733  
 467.3120  250019.7865947079  
 467.3330  250574.46589656474  
 467.3550  251209.00835330997  
 467.3770  251594.14508507773  
 467.3990  251965.8299045654  
 467.4210  252380.05185207402  
 467.4430  252815.96652298927  
 467.4640  253863.51904325385  
 467.4860  254640.9426223257  
 467.5080  254800.79012050122  
 467.5300  254976.3921105363  
 467.5520  255449.9963735157  
 467.5740  255563.79228010157  
 467.5960  255391.82594203408  
 467.6170  255005.4773262771  
 467.6390  254413.35080915393  
 467.6610  254340.63776980192  
 467.6830  255617.1151756264  
 467.7050  257124.69885819132  
 467.7270  257819.83551439646  
 467.7490  258574.35448607247  
 467.7710  258506.48898267726  
 467.7920  257251.94667705733  
 467.8140  255843.49510480894  
 467.8360  254843.2060601232  
 467.8580  253555.94288679486  
 467.8800  252085.8064194962  
 467.9020  250495.69343726677  
 467.9240  249029.19262193574  
 467.9460  248558.13331533363  
 467.9680  248778.57501296914  
 467.9900  249424.0244256171  
 468.0110  249644.3449348537  
 468.0330  249071.60856155772  
 468.0550  248068.89574889358  
 468.0770  246437.69989943024  
 468.0990  244616.3594520614  
 468.1210  243412.59508558895  
 468.1430  243025.03458584275  
 468.1650  242547.9158592947  
 468.1870  241949.72992222552  
 468.2090  240405.66853158566  
 468.2310  239695.9892675101  
 468.2520  239082.04883858134  
 468.2740  238590.38750416285  
 468.2960  239008.1239152401  
 468.3180  240411.72795153168  
 468.3400  240638.22906911318  
 468.3620  240794.44091532106  
 468.3840  241660.2108372056  
 468.4060  242942.7476629761  
 468.4280  244434.69804208033  
 468.4500  245461.64853452847  
 468.4720  245902.41074140058  
 468.4940  245794.67425476067  
 468.5160  244719.2484027445  
 468.5380  244173.052288812  
 468.5600  243988.96711085254  
 468.5820  243699.56921423154  
 468.6040  243842.45033655825  
 468.6260  244411.6722462855  
 468.6470  244182.74736072563  
 468.6690  243332.61074230174  
 468.6910  243084.41690131355  
 468.7130  243203.06034385625  
 468.7350  243542.14548403444  
 468.7570  243704.41675018833  
 468.7790  244595.757424245  
 468.8010  246074.37707946805  
 468.8230  246556.34334197294  
 468.8450  246388.01265587303  
 468.8670  246499.38479448055  
 468.8890  247146.0460911177  
 468.9110  247385.87793258042  
 468.9330  247471.80050741468  
 468.9550  247410.1156123644  
 468.9770  247142.41043915012  
 468.9990  246509.0798663941  
 469.0210  245547.57110936276  
 469.0430  244736.2147785933  
 469.0650  243855.78106043942  
 469.0870  243738.34950188594  
 469.1090  244187.59489668242  
 469.1310  244920.2999565528  
 469.1530  245357.42651145728  
 469.1750  247056.4878643158  
 469.1970  248762.82052110956  
 469.2190  249723.11739415172  
 469.2410  250201.44800468895  
 469.2630  250680.9904992155  
 469.2850  251077.03418688607  
 469.3070  251259.90748085637  
 469.3290  251532.3390016285  
 469.3510  252050.6617838094  
 469.3730  253307.6278574078  
 469.3950  254048.81610520254  
 469.4170  254604.70729104863  
 469.4390  254783.9449330513  
 469.4620  254730.6220375265  
 469.4840  255051.5289178667  
 469.5060  255827.7406129494  
 469.5280  256762.70911061723  
 469.5500  257667.25932015618  
 469.5720  258741.47328818313  
 469.5940  259160.42158324967  
 469.6160  259317.84531344674  
 469.6380  259127.70071554126  
 469.6600  258740.26140419397  
 469.6820  257901.0317416729  
 469.7040  256394.53875469824  
 469.7260  253984.58625377493  
 469.7480  251980.3725124358  
 469.7700  250684.62615118307  
 469.7920  250136.00626927215  
 469.8140  249937.4996718412  
 469.8370  249978.58253907508  
 469.8590  249153.89548442443  
 469.8810  248250.55715887464  
 469.9030  247236.93739030772  
 469.9250  246277.85240125476  
 469.9470  245255.7494447634  
 469.9690  244831.83242534118  
 469.9910  243988.96711085254  
 470.0130  243033.51777376718  
 470.0350  241992.0246734486  
 470.0570  241631.24680986372  
 470.0790  241315.06627708144  
 470.1020  241627.61115789614  
 470.1240  241049.90606024445  
 470.1460  238933.10829630864  
 470.1680  236865.87658753112  
 470.1900  235406.64707613527  
 470.2120  233872.28075740903  
 470.2340  233765.75615475833  
 470.2560  235780.87685200028  
 470.2780  237713.58943797657  
 470.3010  238738.11616244633  
 470.3230  239488.8782937558  
 470.3450  239039.63289895933  
 470.3670  238866.45467690265  
 470.3890  238070.85283799277  
 470.4110  237341.78343008997  
 470.4330  236557.08854708294  
 470.4550  237074.1994452746  
 470.4780  237026.9359696958  
 470.5000  237667.537846387  
 470.5220  238637.65097974165  
 470.5440  239433.25281865153  
 470.5660  238494.64866901602  
 470.5880  237133.5817607454  
 470.6100  235396.95200422168  
 470.6330  233122.73051008876  
 470.6550  232581.3819321131  
 470.6770  234234.391693382  
 470.6990  236060.57967670765  
 470.7210  237564.64889570387  
 470.7430  238807.19354983076  
 470.7650  238967.04104800624  
 470.7880  238027.22501438155  
 470.8100  236775.10647674004  
 470.8320  235666.95975701546  
 470.8540  235107.55410760068  
 470.8760  233506.53416946845  
 470.8980  232743.65319826698  
 470.9210  233219.56004082586  
 470.9430  234313.16415268002  
 470.9650  235593.15602207315  
 470.9870  237524.65672406027  
 471.0090  238547.97156454084  
 471.0320  238782.95587004675  
 471.0540  237885.5557760441  
 471.0760  237874.64882014127  
 471.0980  239147.49057399813  
 471.1200  240914.29624185295  
 471.1430  242871.24650761328  
 471.1650  245943.61479703337  
 471.1870  248042.2343011312  
 471.2090  249067.97290959017  
 471.2310  249172.07374426245  
 471.2540  249164.80244032724  
 471.2760  248493.90346390606  
 471.2980  247571.1749945291  
 471.3200  247153.3173950529  
 471.3420  247241.78492626452  
 471.3650  247459.80285592162  
 471.3870  248963.87207491783  
 471.4090  250263.2540881382  
 471.4310  250490.84590131  
 471.4530  250872.34698111014  
 471.4760  250475.09140945037  
 471.4980  249032.82827390332  
 471.5200  247932.07404651286  
 471.5420  247279.3533299297  
 471.5650  246837.2580506695  
 471.5870  247177.5550748369  
 471.6090  247580.8700664427  
 471.6310  248048.29372107718  
 471.6540  248382.53132529854  
 471.6760  247958.7354942753  
 471.6980  247435.5651761376  
 471.7200  246867.5551503995  
 471.7430  246025.90171990005  
 471.7650  245639.55310414307  
 471.7870  246592.69986164893  
 471.8090  248212.98875520946  
 471.8320  250154.18452911018  
 471.8540  252699.74684842498  
 471.8760  255127.75642078737  
 471.8980  256439.3784622987  
 471.9210  257197.4118975433  
 471.9430  257431.18431906  
 471.9650  257076.34468702224  
 471.9880  257129.5463941481  
 472.0100  257422.70113113557  
 472.0320  257685.43757999418  
 472.0540  257248.3110250897  
 472.0770  257480.7503742183  
 472.0990  257014.538603573  
 472.1210  256283.16661609075  
 472.1440  254756.0716012997  
 472.1660  253829.58629155622  
 472.1880  253140.5090552971  
 472.2100  252970.96648520796  
 472.2330  253173.22992300548  
 472.2550  253772.74893246274  
 472.2770  254396.38443330512  
 472.3000  254529.57048371824  
 472.3220  254498.06149999902  
 472.3440  254591.37656716743  
 472.3670  254951.063735162  
 472.3890  255566.21604807995  
 472.4110  256019.09709484404  
 472.4340  255633.96036307627  
 472.4560  255435.4537656453  
 472.4780  256096.65767015284  
 472.5000  256868.02182927873  
 472.5230  257125.91074218054  
 472.5450  257351.19997577282  
 472.5670  257495.2929820887  
 472.5900  256125.62169749473  
 472.6120  255097.5805094563  
 472.6340  254404.86762122955  
 472.6570  254706.38435774253  
 472.6790  254993.35848638508  
 472.7010  255177.4436643446  
 472.7240  255015.17239819068  
 472.7460  254493.21396404222  
 472.7690  253563.21419073007  
 472.7910  252583.52717386073  
 472.8130  251992.49135232778  
 472.8360  251011.59245146927  
 472.8580  250729.46585878346  
 472.8800  250458.24622200048  
 472.9030  249557.21047603022  
 472.9250  248852.37874791145  
 472.9470  248349.81045759012  
 472.9700  247668.00452526618  
 472.9920  245684.39281174346  
 473.0150  243579.71388769965  
 473.0370  242205.19506714892  
 473.0590  241115.34779566125  
 473.0820  239947.9399488648  
 473.1040  241508.84652695453  
 473.1260  243905.46830399663  
 473.1490  245863.63045374615  
 473.1710  247339.82634099078  
 473.1940  247592.98890633468  
 473.2160  247405.2680764076  
 473.2380  246981.35105698538  
 473.2610  246612.09000547614  
 473.2830  246868.76703438873  
 473.3060  248508.44607177645  
 473.3280  249465.10729285097  
 473.3500  251095.21244672404  
 473.3730  252650.0596048678  
 473.3950  253089.73111614957  
 473.4180  253311.26350937533  
 473.4400  253574.12114663288  
 473.4620  253167.17050305946  
 473.4850  251941.71341318032  
 473.5070  251230.82226511554  
 473.5300  251047.94897114526  
 473.5520  250969.17651184724  
 473.5750  250230.5332204298  
 473.5970  250279.0085799978  
 473.6190  250829.93104148816  
 473.6420  251255.05994489958  
 473.6640  251085.51737481044  
 473.6870  251175.07560161233  
 473.7090  252137.7962426329  
 473.7320  252410.34895180402  
 473.7540  251820.52501426032  
 473.7760  251841.12704207673  
 473.7990  252386.11127201997  
 473.8210  252101.5609113558  
 473.8440  252072.47569561502  
 473.8660  252010.6696121658  
 473.8890  251447.62831078348  
 473.9110  251011.59245146927  
 473.9340  250905.06784881855  
 473.9560  250897.79654488334  
 473.9790  251310.68542000384  
 474.0010  250636.15079161504  
 474.0240  250649.48151549624  
 474.0460  251177.49936959075  
 474.0680  251622.01841682935  
 474.0910  252969.7546012188  
 474.1130  255619.41775520588  
 474.1360  257442.09127496282  
 474.1580  258234.05746190506  
 474.1810  258993.30278113892  
 474.2030  258701.48111653954  
 474.2260  257915.57434954325  
 474.2480  257422.70113113557  
 474.2710  258154.07311861787  
 474.2930  259281.48879377072  
 474.3160  260837.66902430257  
 474.3380  261762.94245005684  
 474.3610  261835.5343010099  
 474.3830  261299.03325899105  
 474.4060  260088.1187769823  
 474.4280  257868.31087396448  
 474.4510  256725.14070695202  
 474.4730  256124.40981350557  
 474.4960  254619.24989891902  
 474.5180  254536.84178765345  
 474.5410  255580.7586559504  
 474.5630  256384.84368278465  
 474.5860  256898.31892900873  
 474.6080  257577.7010933543  
 474.6310  256920.1328408143  
 474.6540  256522.87726915456  
 474.6760  256355.75846704387  
 474.6990  256316.97817938944  
 474.7210  256800.15632588352  
 474.7440  257698.7683038754  
 474.7660  258116.5047149527  
 474.7890  258019.6751842156  
 474.8110  257320.90287604282  
 474.8340  255715.15659035268  
 474.8560  254746.37652938612  
 474.8790  254196.54476348605  
 474.9010  254213.51113933485  
 474.9240  255043.04572994227  
 474.9470  257377.86142353519  
 474.9690  259039.35437272853  
 474.9920  260249.178159147  
 475.0140  261624.78767528807  
 475.0370  262850.3659535661  
 475.0590  262864.90856143646  
 475.0820  261854.92444483715  
 475.1050  261588.55234401094  
 475.1270  260990.24521854284  
 475.1500  260883.72061589218  
 475.1720  261124.64315294512  
 475.1950  262341.7382432988  
 475.2170  262610.53411210334  
 475.2400  261363.26311041863  
 475.2630  259994.8037098139  
 475.2850  258588.89709394285  
 475.3080  256527.72480511136  
 475.3300  255385.76652208806  
 475.3530  256430.89527437426  
 475.3760  257156.20784191054  
 475.3980  258072.99807974036  
 475.4210  259372.38009296072  
 475.4430  259372.38009296072  
 475.4660  258422.99017582138  
 475.4890  256290.31673162707  
 475.5110  254355.1803776723  
 475.5340  252872.9250704817  
 475.5560  252266.25594548808  
 475.5790  251670.37258799843  
 475.6020  252239.59449772572  
 475.6240  252613.82427359073  
 475.6470  251985.2200483926  
 475.6690  251483.86364206055  
 475.6920  251509.31320583375  
 475.7150  251240.51733702913  
 475.7370  249790.98289754693  
 475.7600  249701.3034823461  
 475.7830  250125.2205017683  
 475.8050  250265.67785611658  
 475.8280  250967.96462785805  
 475.8510  252602.9173176879  
 475.8730  253807.77237975065  
 475.8960  254443.64790888393  
 475.9190  255021.2318181367  
 475.9410  254967.90892261188  
 475.9640  255029.71500606113  
 475.9860  254006.40016558056  
 476.0090  254478.67135617184  
 476.0320  255638.80789903307  
 476.0540  256832.87719359194  
 476.0770  256301.22368752983  
 476.1000  256103.92897408808  
 476.1220  254932.88547532403  
 476.1450  253313.68727735375  
 476.1680  252101.5609113558  
 476.1900  252502.33094658432  
 476.2130  253134.44963535108  
 476.2360  252145.06754656808  
 476.2590  251129.02401002272  
 476.2810  250446.1273821085  
 476.3040  249827.218228824  
 476.3270  249356.15892222192  
 476.3490  249966.46369918308  
 476.3720  250407.34709445407  
 476.3950  249724.3292781409  
 476.4170  248070.10763288278  
 476.4400  246882.0977582699  
 476.4630  245226.6642290226  
 476.4850  242275.4843385225  
 476.5080  240830.67624659813  
 476.5310  240136.8726627811  
 476.5540  239045.69231890532  
 476.5760  237874.64882014127  
 476.5990  238411.14986216015  
 476.6220  239190.9972092104  
 476.6440  240404.45664759647  
 476.6670  240730.21106389345  
 476.6900  241487.0326151489  
 476.7130  241287.31413372874  
 476.7350  240129.60135884592  
 476.7580  239538.565537313  
 476.7810  240267.63494521577  
 476.8030  241534.29609072773  
 476.8260  243005.64444201556  
 476.8490  244140.33142110362  
 476.8720  244724.0959387013  
 476.8940  244984.4086195815  
 476.9170  245248.47814082817  
 476.9400  245857.57103380017  
 476.9630  246504.2323304373  
 476.9850  247372.5472086992  
 477.0080  248761.60863712034  
 477.0310  250231.74510441898  
 477.0540  251568.69552130453  
 477.0760  252858.38246261125  
 477.0990  253908.35875085424  
 477.1220  253719.42603693792  
 477.1450  252977.02590515398  
 477.1680  252016.72903211182  
 477.1900  251790.34910292926  
 477.2130  252260.19652554212  
 477.2360  253599.5707104061  
 477.2590  255207.7407640746  
 477.2810  256794.0969059375  
 477.3040  257508.62370596992  
 477.3270  257633.3265684586  
 477.3500  257796.80971860167  
 477.3730  257954.2334487988  
 477.3950  258124.98790287707  
 477.4180  258623.92054123076  
 477.4410  258900.10890236945  
 477.4640  258784.9799233954  
 477.4870  258378.15046822093  
 477.5090  257840.43754221287  
 477.5320  257238.6159531761  
 477.5550  256755.43780668202  
 477.5780  256635.46129175124  
 477.6010  256782.09925444447  
 477.6230  257152.5721899429  
 477.6460  258207.3960141427  
 477.6690  259386.9227008311  
 477.6920  260646.3125424079  
 477.7150  262086.27309837544  
 477.7370  263320.213376179  
 477.7600  263705.3501079467  
 477.7830  263675.0530082167  
 477.8060  263352.9342438874  
 477.8290  262456.7460338739  
 477.8520  261420.22165791108  
 477.8740  260376.3047896141  
 477.8970  259631.4808898517  
 477.9200  259002.99785305257  
 477.9430  258810.4294871686  
 477.9660  259015.11669294455  
 477.9890  259386.9227008311  
 478.0110  259896.76229508762  
 478.0340  260555.54243161678  
 478.0570  261404.46716605144  
 478.0800  262097.18005427823  
 478.1030  262666.2807756066  
 478.1260  263057.47692732036  
 478.1490  263070.8076512016  
 478.1710  262098.39193826745  
 478.1940  260750.53456547906  
 478.2170  259414.79603258273  
 478.2400  258183.15833435865  
 478.2630  257213.1663894029  
 478.2860  257113.91309068742  
 478.3090  257634.53845244777  
 478.3320  258323.61568870695  
 478.3540  259216.16824675287  
 478.3770  260157.0749759678  
 478.4000  260909.17017966538  
 478.4230  261165.84720857796  
 478.4460  261208.26314819994  
 478.4690  260737.2038415979  
 478.4920  259491.0235355034  
 478.5150  257673.3187401022  
 478.5380  255917.42002815017  
 478.5600  254346.69718974794  
 478.5830  253080.03604423598  
 478.6060  252363.08547622518  
 478.6290  251994.9151203062  
 478.6520  251683.70331187962  
 478.6750  251598.99262103453  
 478.6980  252054.29743577703  
 478.7210  252440.64605153401  
 478.7440  252851.11115867607  
 478.7670  252602.9173176879  
 478.7900  251215.06777325593  
 478.8130  248730.09965340118  
 478.8350  246406.19091571105  
 478.8580  244455.30006989674  
 478.8810  243361.69595804255  
 478.9040  242947.5951989329  
 478.9270  243057.75545355116  
 478.9500  243062.60298950798  
 478.9730  242776.8407448546  
 478.9960  242728.3653852866  
 479.0190  243849.72164049343  
 479.0420  245783.76729885789  
 479.0650  247434.3532921484  
 479.0880  248533.89563554965  
 479.1110  248927.51555524184  
 479.1340  248387.3788612554  
 479.1570  247255.1156501457  
 479.1800  246434.06424746264  
 479.2030  246199.07994195673  
 479.2260  246431.64047948425  
 479.2490  246822.71544279912  
 479.2720  247085.5730800566  
 479.2940  248038.59864916358  
 479.3170  249804.1924330292  
 479.3400  251824.16066622792  
 479.3630  253595.93505843845  
 479.3860  255366.37637826087  
 479.4090  256708.17433110325  
 479.4320  257425.124899114  
 479.4550  257813.7760944505  
 479.4780  258504.06521469887  
 479.5010  259177.38795909844  
 479.5240  259564.94845884462  
 479.5470  259723.58407303094  
 479.5700  259971.7779140191  
 479.5930  260589.4751833144  
 479.6160  261764.15433404603  
 479.6390  263315.36584022216  
 479.6620  264721.3936444921  
 479.6850  265530.3262072832  
 479.7080  265383.80943298887  
 479.7310  264487.62122297543  
 479.7540  263560.04521764163  
 479.7770  262784.9242181493  
 479.8000  262288.415347774  
 479.8230  262034.16208683982  
 479.8460  261665.99173092082  
 479.8690  261045.99188204604  
 479.8920  260063.88109719832  
 479.9160  258832.24339897427  
 479.9390  257313.6315721076  
 479.9620  255970.62173527604  
 479.9850  254880.7744637884  
 480.0080  254368.51110155354  
 480.0310  254334.5783498559  
 480.0540  254691.84174987214  
 480.0770  255027.29123808272  
 480.1000  254972.75645856868  
 480.1230  254249.86765901087  
 480.1460  253026.71314871116  
 480.1690  251859.30530191475  
 480.1920  251154.47357379593  
 480.2150  251152.0498058175  
 480.2380  252199.60232608212  
 480.2610  253780.02023639795  
 480.2840  254932.88547532403  
 480.3070  255885.911044431  
 480.3300  256429.68339038503  
 480.3540  256393.32687070908  
 480.3770  256235.90314051197  
 480.4000  256599.22596047417  
 480.4230  257125.91074218054  
 480.4460  257753.3030833894  
 480.4690  258902.53267034786  
 480.4920  260152.227440011  
 480.5150  260918.86525157897  
 480.5380  260899.4751077518  
 480.5610  260438.11087306327  
 480.5840  259532.2275911362  
 480.6070  258237.6931138727  
 480.6310  257196.20001355413  
 480.6540  257090.88729489263  
 480.6770  257242.25160514374  
 480.7000  257449.24139049908  
 480.7230  257853.7682660941  
 480.7460  257802.86913854768  
 480.7690  257151.36030595374  
 480.7920  256722.71693897364  
 480.8150  256277.10719614473  
 480.8390  255802.2910491762  
 480.8620  256014.24955888724  
 480.8850  256278.31908013395  
 480.9080  256100.29332212047  
 480.9310  256095.44578616368  
 480.9540  256329.09701928144  
 480.9770  256145.01184132198  
 481.0000  256062.72491845526  
 481.0240  255807.13858513298  
 481.0470  255217.4358359882  
 481.0700  254683.3585619477  
 481.0930  254184.425923594  
 481.1160  253893.81614298385  
 481.1390  254137.1624480152  
 481.1620  254535.6299036642  
 481.1860  254764.55478922412  
 481.2090  254839.57040815562  
 481.2320  254680.9347939693  
 481.2550  254534.41801967504  
 481.2780  254205.02795141042  
 481.3010  253514.73883116205  
 481.3250  253077.61227625757  
 481.3480  252891.10333031972  
 481.3710  252443.06981951243  
 481.3940  252453.97677541518  
 481.4170  253453.05393611177  
 481.4400  254477.4594721826  
 481.4640  255308.2059467793  
 481.4870  256424.83585442824  
 481.5100  257184.08117366213  
 481.5330  257432.39620304923  
 481.5560  257978.47112858278  
 481.5800  258655.42952494993  
 481.6030  258862.54049870427  
 481.6260  258607.07535378085  
 481.6490  258031.7940241076  
 481.6720  257116.33685866583  
 481.6960  256314.55441141105  
 481.7190  256204.39415679275  
 481.7420  256759.07345864965  
 481.7650  257489.23356214273  
 481.7880  258429.04959576737  
 481.8120  259556.46527092025  
 481.8350  260539.78793975717  
 481.8580  261494.02539285333  
 481.8810  262391.42548685597  
 481.9040  262856.4253735121  
 481.9280  262523.3996532799  
 481.9510  261572.79785215136  
 481.9740  260465.863016416  
 481.9970  259481.3284635898  
 482.0210  258597.38028186726  
 482.0440  257948.17402885278  
 482.0670  257624.84338053418  
 482.0900  257351.19997577282  
 482.1140  257389.9802634272  
 482.1370  258102.0832954812  
 482.1600  259136.18390346563  
 482.1830  259608.57628245585  
 482.2070  259521.3206352334  
 482.2300  258931.61788608864  
 482.2530  257205.89508546772  
 482.2760  255050.31703387754  
 482.3000  253696.4002411432  
 482.3230  252898.3746342549  
 482.3460  252185.05971821173  
 482.3690  251907.78066148274  
 482.3930  251916.2638494071  
 482.4160  251894.44993760154  
 482.4390  252131.73682268691  
 482.4620  252791.7288432053  
 482.4860  253407.00234452216  
 482.5090  253686.70516922954  
 482.5320  253897.45179495143  
 482.5560  253916.84193877867  
 482.5790  253604.41824636288  
 482.6020  253368.2220568678  
 482.6250  253420.33306840336  
 482.6490  253341.56060910533  
 482.6720  253205.9507907139  
 482.6950  253869.5784631998  
 482.7190  255121.6970008414  
 482.7420  255891.97046437697  
 482.7650  256516.8178492085  
 482.7890  257383.92084348123  
 482.8120  257691.4969999402  
 482.8350  257420.2773631572  
 482.8590  257462.57211438028  
 482.8820  257635.750336437  
 482.9050  257546.1921096351  
 482.9280  257277.39624083054  
 482.9520  256513.18219724097  
 482.9750  255202.89322811775  
 482.9980  254113.0459566301  
 483.0220  253334.28930517015  
 483.0450  252648.84772087858  
 483.0680  252332.78837649518  
 483.0920  252361.873592236  
 483.1150  251941.71341318032  
 483.1380  251068.55099896167  
 483.1620  250012.5152907727  
 483.1850  249038.88769384933  
 483.2080  248325.57277780614  
 483.2320  247964.79491422127  
 483.2550  248141.48759984665  
 483.2790  248898.43033950104  
 483.3020  249891.44808025158  
 483.3250  250958.39074434337  
 483.3490  252048.238015831  
 483.3720  252832.9328988381  
 483.3950  253104.27372401996  
 483.4190  252868.0775345249  
 483.4420  252038.54294391742  
 483.4650  251393.09353126943  
 483.4890  251232.03414910476  
 483.5120  251298.56658011186  
 483.5360  251756.41635123163  
 483.5590  252834.14478282726  
 483.5820  253689.12893720792  
 483.6060  254323.67139395315  
 483.6290  255125.33265280898  
 483.6530  256000.91883500604  
 483.6760  256556.8100208521  
 483.6990  256499.85147335974  
 483.7230  256023.94463080083  
 483.7460  255313.05348273608  
 483.7700  254248.65577502165  
 483.7930  253071.55285631155  
 483.8160  252225.05188985533  
 483.8400  251442.78077482668  
 483.8630  249989.4894949779  
 483.8870  248205.71745127425  
 483.9100  246533.31754617812  
 483.9330  245055.90977494427  
 483.9570  244136.81695753493  
 483.9800  243982.90769090652  
 484.0040  244169.4166368444  
 484.0270  244553.341484623  
 484.0510  245152.73930568137  
 484.0740  245279.9871245474  
 484.0970  244984.4086195815  
 484.1210  244415.30789825312  
 484.1440  243347.15335017216  
 484.1680  241564.59319045773  
 484.1910  239949.151832854  
 484.2150  239207.96358505922  
 484.2380  239017.8189871537  
 484.2620  238942.80336822223  
 484.2850  239349.6328233967  
 484.3080  239975.81328061642  
 484.3320  240486.74357046315  
 484.3550  241169.76138677634  
 484.3790  242884.57723149448  
 484.4020  244892.4266248012  
 484.4260  246667.7154805804  
 484.4490  248416.46407699617  
 484.4730  249933.86401987364  
 484.4960  250793.69571021106  
 484.5200  251829.00820218472  
 484.5430  253052.16271248437  
 484.5670  253677.01009731594  
 484.5900  253713.36661699196  
 484.6130  253254.42615028186  
 484.6370  252062.78062370143  
 484.6600  250725.83020681588  
 484.6840  249713.42232223813  
 484.7070  249513.582652419  
 484.7310  249571.7530839006  
 484.7540  249701.3034823461  
 484.7780  249766.7452177629  
 484.8010  249758.26202983852  
 484.8250  249545.0916361382  
 484.8490  249467.53106082944  
 484.8720  249175.70939623  
 484.8960  248513.29360773324  
 484.9190  247694.6659730286  
 484.9430  247011.64815671538  
 484.9660  246317.72338449943  
 484.9900  245533.02850149237  
 485.0130  244588.48612030983  
 485.0370  243468.34174909216  
 485.0600  242030.80496110301  
 485.0840  240544.91400194477  
 485.1070  239447.79542652192  
 485.1310  239361.7516632887  
 485.1540  239751.7359310133  
 485.1780  240750.81309170986  
 485.2010  242251.2466587385  
 485.2250  243614.85852338644  
 485.2480  244221.52764838003  
 485.2720  244688.9513030145  
 485.2960  244638.17336386704  
 485.3190  244026.53551451775  
 485.3430  243062.60298950798  
 485.3660  241949.72992222552  
 485.3900  239744.4646270781  
 485.4130  237217.08056760128  
 485.4370  234870.1460341164  
 485.4600  232648.03555151907  
 485.4840  230680.05714145704  
 485.5080  229977.7703697156  
 485.5310  229965.65152982358  
 485.5550  230117.0158400747  
 485.5780  230351.87895718167  
 485.6020  230637.76239023395  
 485.6250  230689.75221337067  
 485.6490  230219.90479075775  
 485.6730  229625.3545056562  
 485.6960  229067.03955183172  
 485.7200  228186.60583367784  
 485.7430  226944.1823679499  
 485.7670  225557.54470750716  
 485.7910  223938.46769793582  
 485.8140  221414.7192904266  
 485.8380  218745.66599261234  
 485.8610  215907.07012470893  
 485.8850  213229.53363897023  
 485.9090  211166.05877055923  
 485.9320  209528.8035011499  
 485.9560  207101.88462437777  
 485.9790  203823.7384335915  
 486.0030  199689.39620443538  
 486.0270  194794.47558365724  
 486.0500  190078.79260488186  
 486.0740  186057.15558672132  
 486.0980  182860.08443481254  
 486.1210  180425.89425410522  
 486.1450  178454.4013804745  
 486.1690  176892.28291839556  
 486.1920  175525.03540178  
 486.2160  173979.76212715099  
 486.2390  172478.11667613313  
 486.2630  171169.0395909992  
 486.2870  169685.57239981936  
 486.3100  169074.05573886898  
 486.3340  169966.48710851592  
 486.3580  172009.48113750946  
 486.3810  174530.80577704025  
 486.4050  177692.73229326223  
 486.4290  180785.58142209979  
 486.4520  183424.3376201841  
 486.4760  186008.68022715332  
 486.5000  190088.48767679546  
 486.5230  195087.50913224585  
 486.5470  200343.32880500774  
 486.5710  205911.45098178653  
 486.5940  211198.77963826762  
 486.6180  214949.1970196452  
 486.6420  217612.19089751347  
 486.6650  219713.23416958968  
 486.6890  221052.6083544536  
 486.7130  222417.4321030908  
 486.7360  224001.48566537423  
 486.7600  225597.53687915078  
 486.7840  227543.5801890083  
 486.8080  229822.77040749692  
 486.8310  231659.86534672533  
 486.8550  232809.09493368378  
 486.8790  233903.78974112825  
 486.9020  234434.2313632011  
 486.9260  234227.12038944682  
 486.9500  233103.34036626157  
 486.9730  231662.28911470372  
 486.9970  230272.01580229338  
 487.0210  228626.27734495964  
 487.0450  226485.24190123982  
 487.0680  224408.3151205487  
 487.0920  223121.05194722035  
 487.1160  221793.7966022484  
 487.1400  221044.12516652924  
 487.1630  221358.9726269234  
 487.1870  222377.43993144718  
 487.2110  223167.10353880996  
 487.2340  223536.36459031922  
 487.2580  223401.9666559169  
 487.2820  223444.38259553895  
 487.3060  223594.53502180084  
 487.3290  223326.95103698544  
 487.3530  223507.40056297736  
 487.3770  223925.13697405462  
 487.4010  223467.40839133377  
 487.4240  222911.51720548767  
 487.4480  222112.2797146102  
 487.4720  221337.27990351676  
 487.4960  221374.72711878302  
 487.5200  222577.2796012663  
 487.5430  224237.56066647038  
 487.5670  227937.20010870046  
 487.5910  232204.7283882697  
 487.6150  235410.28272810287  
 487.6380  237437.5222652368  
 487.6620  237581.6152715527  
 487.6860  236426.32626464823  
 487.7100  234913.7738577276  
 487.7340  233763.33238677992  
 487.7570  233781.51064661794  
 487.7810  235579.82529819195  
 487.8050  237145.7006006374  
 487.8290  238357.82696663536  
 487.8520  239752.9478150025  
 487.8760  240615.20327331836  
 487.9000  241177.03269071152  
 487.9240  242104.7298844442  
 487.9480  243402.90001367536  
 487.9720  244716.8246347661  
 487.9950  245972.57882437526  
 488.0190  246614.51377345456  
 488.0430  246719.82649211603  
 488.0670  245829.69770204855  
 488.0910  244709.5533308309  
 488.1140  243781.97732549714  
 488.1380  243224.87425566188  
 488.1620  243744.40892183196  
 488.1860  245541.51168941677  
 488.2100  247320.4361971636  
 488.2340  249097.05812533092  
 488.2570  251159.32110975272  
 488.2810  252214.1449339525  
 488.3050  252187.48348619012  
 488.3290  251883.5429816987  
 488.3530  250940.21248450535  
 488.3770  249522.06584034342  
 488.4000  247978.00444970359  
 488.4240  247117.08206377583  
 488.4480  246039.23244378125  
 488.4720  244519.40873292543  
 488.4960  243182.45831603985  
 488.5200  242685.94944566456  
 488.5440  241479.76131121372  
 488.5680  240915.50812584217  
 488.5910  241686.87228496803  
 488.6150  242575.7891910463  
 488.6390  242888.21288346208  
 488.6630  243431.98522941617  
 488.6870  243327.76320634494  
 488.7110  242435.331836698  
 488.7350  241333.2445369194  
 488.7590  239143.85492203056  
 488.7820  237040.266693577  
 488.8060  235633.14819371677  
 488.8300  234657.096828815  
 488.8540  234333.6449920975  
 488.8780  234815.7324430013  
 488.9020  234778.1640393361  
 488.9260  233261.97598044787  
 488.9500  231403.06712941383  
 488.9740  228503.87706205045  
 488.9980  224677.1109893533  
 489.0210  221357.76074293422  
 489.0450  219783.52344096327  
 489.0690  219297.9215264908  
 489.0930  219898.53123153836  
 489.1170  221637.5847560405  
 489.1410  222825.5946306534  
 489.1650  223200.91510210864  
 489.1890  221974.2461282403  
 489.2130  220267.91347144658  
 489.2370  218680.34544559443  
 489.2610  218774.75120835312  
 489.2850  219750.80257325488  
 489.3090  221678.78881167332  
 489.3330  223808.91729949033  
 489.3560  225636.31716680515  
 489.3800  225838.58060460264  
 489.4040  225320.2578224218  
 489.4280  226175.12078840352  
 489.4520  227707.06333915135  
 489.4760  229398.8533880747  
 489.5000  232868.35606075567  
 489.5240  237934.03113561205  
 489.5480  241925.4922424415  
 489.5720  245394.9949151225  
 489.5960  248948.11758305828  
 489.6200  250945.0600204622  
 489.6440  251908.99254547193  
 489.6680  252612.6123896015  
 489.6920  253374.28147681375  
 489.7160  254680.9347939693  
 489.7400  256693.63172323286  
 489.7640  258350.27713646935  
 489.7880  259966.9303780623  
 489.8120  261444.33814929615  
 489.8360  261450.39756924214  
 489.8600  260427.2039171605  
 489.8840  259768.42378063133  
 489.9080  259184.65926303362  
 489.9320  258429.04959576737  
 489.9560  258409.65945194018  
 489.9800  258834.66716695265  
 490.0040  259107.21987612374  
 490.0280  259418.43168455033  
 490.0520  259906.45736700122  
 490.0760  260244.3306231902  
 490.1000  260341.1601539273  
 490.1240  259804.6591119084  
 490.1480  258564.65941415887  
 490.1720  256337.58020720584  
 490.1960  254444.85979287315  
 490.2200  253060.6459004088  
 490.2440  251913.84008142873  
 490.2680  250919.610456689  
 490.2920  250155.3964130994  
 490.3160  249290.83837520404  
 490.3400  248441.91364076937  
 490.3640  248146.33513580344  
 490.3880  248741.00660930393  
 490.4120  250168.72713698057  
 490.4360  251802.3467544223  
 490.4610  253445.78263217656  
 490.4850  254693.0536338613  
 490.5090  255461.99402500878  
 490.5330  256178.94459301955  
 490.5570  256526.5129211221  
 490.5810  256626.97810382684  
 490.6050  256263.7764722636  
 490.6290  255262.2755435886  
 490.6530  253594.72317444923  
 490.6770  253279.87571405506  
 490.7010  253554.73100280564  
 490.7250  254508.96845590184  
 490.7490  255838.64756885215  
 490.7730  257124.69885819132  
 490.7980  257531.6495017647  
 490.8220  257282.24377678733  
 490.8460  255451.2082575049  
 490.8700  253599.5707104061  
 490.8940  251848.3983460119  
 490.9180  249715.84609021654  
 490.9420  247531.1828228855  
 490.9660  245976.21447634284  
 490.9900  244468.6307937779  
 491.0140  243103.80704514077  
 491.0390  240980.82867286005  
 491.0630  238432.96377396578  
 491.0870  235820.86902364387  
 491.1110  233151.81572582957  
 491.1350  231497.47289217252  
 491.1590  231607.7543351897  
 491.1830  232106.6869735434  
 491.2070  232962.88301191328  
 491.2320  234013.94999574652  
 491.2560  234402.72237948191  
 491.2800  234084.23926712014  
 491.3040  234339.7044120435  
 491.3280  234615.89277318222  
 491.3520  235161.96769871574  
 491.3760  236693.9102494636  
 491.4000  239033.5734790133  
 491.4250  241364.75352063862  
 491.4490  244100.46043785894  
 491.4730  247153.3173950529  
 491.4970  249681.9133385189  
 491.5210  251198.10139740715  
 491.5450  252451.5530074368  
 491.5700  253312.47539336456  
 491.5940  254285.01229469766  
 491.6180  254627.6118984445  
 491.6420  254525.9348317506  
 491.6660  253439.72321223054  
 491.6900  251693.39838379322  
 491.7150  248896.00657152262  
 491.7390  245311.37491986767  
 491.7630  242128.9675642282  
 491.7870  239938.24487695118  
 491.8110  238385.70029838695  
 491.8360  236647.97984627294  
 491.8600  235371.50244044847  
 491.8840  232305.3147593733  
 491.9080  227739.78420685977  
 491.9320  223860.90712262702  
 491.9570  220845.61856909827  
 491.9810  218277.03045398864  
 492.0050  217162.945502717  
 492.0290  216802.0464507332  
 492.0530  215507.51197346966  
 492.0780  213867.711747683  
 492.1020  212309.22893757166  
 492.1260  211571.6763417445  
 492.1500  211892.58322208468  
 492.1740  213147.24671610355  
 492.1990  214824.49415715647  
 492.2230  215777.51972626342  
 492.2470  216431.45232683583  
 492.2710  218216.4362545286  
 492.2960  219796.8541648445  
 492.3200  220128.66800108747  
 492.3440  221059.87965838885  
 492.3680  220724.43017017824  
 492.3930  219627.3115947554  
 492.4170  220284.87984729535  
 492.4410  223035.00818398714  
 492.4650  226219.96049600394  
 492.4900  230437.92272041485  
 492.5140  233533.19561723084  
 492.5380  234786.6472272605  
 492.5620  234721.2054918437  
 492.5870  234446.3502030931  
 492.6110  234705.4509999841  
 492.6350  235317.0888493334  
 492.6590  235604.06297797596  
 492.6840  235685.13801685345  
 492.7080  235576.18964622437  
 492.7320  235000.90831655107  
 492.7570  235476.9363475089  
 492.7810  236448.14017645383  
 492.8050  237510.11411618988  
 492.8290  239277.04097244362  
 492.8540  240222.79523761538  
 492.8780  240271.27059718338  
 492.9020  241529.44855477093  
 492.9270  243370.17914596695  
 492.9510  244502.4423570766  
 492.9750  246351.65613619704  
 492.9990  248100.40473261278  
 493.0240  248782.21066493675  
 493.0480  249106.7531972445  
 493.0720  249310.10733063228  
 493.0970  249983.43007503188  
 493.1210  250694.32122309663  
 493.1450  250888.10147296975  
 493.1700  250109.46600990868  
 493.1940  249684.3371064973  
 493.2180  248562.98085129043  
 493.2430  245904.83450937897  
 493.2670  243681.39095439354  
 493.2910  242940.32389499768  
 493.3160  242113.2130723686  
 493.3400  241158.85443087353  
 493.3640  241754.7377883632  
 493.3890  243267.29019528386  
 493.4130  244018.05232659332  
 493.4370  243778.34167352956  
 493.4620  244078.64652605332  
 493.4860  243913.95149192103  
 493.5100  242712.610893427  
 493.5350  241447.16163190422  
 493.5590  240724.15164394747  
 493.5830  239200.692281124  
 493.6080  238279.17569573628  
 493.6320  237299.4886788669  
 493.6570  235679.07859690743  
 493.6810  235048.1717921299  
 493.7050  235079.6807758491  
 493.7300  233237.73830066386  
 493.7540  232881.68678463687  
 493.7780  234064.84912329292  
 493.8030  233920.75611697702  
 493.8270  233240.16206864224  
 493.8520  234401.51049549272  
 493.8760  233946.20568075022  
 493.9000  233018.50848701756  
 493.9250  232254.41563182688  
 493.9490  233041.53428281235  
 493.9740  233875.91640937663  
 493.9980  235450.27489974647  
 494.0220  237149.33625260502  
 494.0470  238987.5218874237  
 494.0710  239467.18557034913  
 494.0960  239341.1496354723  
 494.1200  239349.6328233967  
 494.1440  239031.14971103493  
 494.1690  239220.08242495122  
 494.1930  240056.88831949388  
 494.2180  240984.46432482763  
 494.2420  242644.74539003178  
 494.2670  245037.7315151063  
 494.2910  246940.2681897515  
 494.3150  249124.93145708254  
 494.3400  252639.15264896498  
 494.3640  254942.58054723762  
 494.3890  256330.30890327066  
 494.4130  257176.8098697269  
 494.4380  257196.20001355413  
 494.4620  255830.16438092777  
 494.4860  253506.25564323764  
 494.5110  251936.86587722352  
 494.5350  250897.79654488334  
 494.5600  249912.05010806798  
 494.5840  248726.46400143355  
 494.6090  249258.11750749566  
 494.6330  250054.9312303947  
 494.6580  250638.57455959343  
 494.6820  251336.13498377704  
 494.7070  252522.93297440073  
 494.7310  252966.11894925116  
 494.7560  252886.25579436286  
 494.7800  252467.18631089752  
 494.8050  251309.47353601462  
 494.8290  250126.4323857575  
 494.8540  248045.86995309877  
 494.8780  245821.21451412415  
 494.9020  244248.18909614242  
 494.9270  243967.27438744585  
 494.9510  244329.2641350199  
 494.9760  245378.02853927368  
 495.0000  247562.69180660468  
 495.0250  249764.3214497845  
 495.0490  251377.33903940982  
 495.0740  252350.96663633318  
 495.0990  253024.28938073278  
 495.1230  252922.61231403888  
 495.1480  252239.59449772572  
 495.1720  250954.7550923758  
 495.1970  250065.8381862975  
 495.2210  249811.4637369644  
 495.2460  249173.28562825161  
 495.2700  248604.18490692324  
 495.2950  248237.2264349935  
 495.3190  247830.27579142008  
 495.3440  247476.6480433715  
 495.3680  248148.75890378185  
 495.3930  249261.75315946323  
 495.4170  250685.8380351723  
 495.4420  252015.5171481226  
 495.4660  253193.83195082186  
 495.4910  253347.62002905138  
 495.5160  253063.06966838718  
 495.5400  252116.1035192262  
 495.5650  249006.16682614092  
 495.5890  244010.7810226581  
 495.6140  238267.05685584425  
 495.6380  233070.61949855316  
 495.6630  228631.12488091644  
 495.6880  227122.2081259634  
 495.7120  227888.72474913247  
 495.7370  229452.17628359952  
 495.7610  230578.38007476315  
 495.7860  231636.8395509305  
 495.8100  231842.6174522967  
 495.8350  232243.5086759241  
 495.8600  232780.00971794297  
 495.8840  233287.42554422107  
 495.9090  233825.13847022914  
 495.9330  234624.3759611066  
 495.9580  235023.9341123459  
 495.9830  235318.3007333226  
 496.0070  235538.62124255917  
 496.0320  235107.55410760068  
 496.0560  234210.15401359802  
 496.0810  233955.90075266382  
 496.1060  234680.0014362109  
 496.1300  238066.00530203598  
 496.1550  243251.53570342428  
 496.1790  249210.8540319168  
 496.2040  254598.6478711026  
 496.2290  259097.52480421014  
 496.2530  260978.12637865086  
 496.2780  261842.80560494517  
 496.3030  262183.10262911255  
 496.3270  261663.56796294244  
 496.3520  260760.2296373927  
 496.3760  259965.7184940731  
 496.4010  258570.7188341049  
 496.4260  256630.61375579445  
 496.4500  254106.98653668415  
 496.4750  252394.5944599444  
 496.5000  250706.4400629887  
 496.5240  249261.75315946323  
 496.5490  248719.19269749837  
 496.5740  248575.0996911825  
 496.5980  247781.921620251  
 496.6230  246855.4363105075  
 496.6480  246339.53729630503  
 496.6720  244824.561121406  
 496.6970  243652.30573865274  
 496.7220  242113.2130723686  
 496.7460  240859.76146233894  
 496.7710  239602.7953887406  
 496.7960  238942.80336822223  
 496.8200  237816.5995770586  
 496.8450  237115.4035009074  
 496.8700  236836.7913717903  
 496.8940  235361.80736853488  
 496.9190  234418.4768713415  
 496.9440  234732.1124477465  
 496.9680  236680.57952558243  
 496.9930  237943.72620752567  
 497.0180  239986.5990481203  
 497.0430  241633.67057784213  
 497.0670  242461.9932844604  
 497.0920  242687.16132965378  
 497.1170  242635.1715065171  
 497.1410  242684.73756167537  
 497.1660  242705.33958949178  
 497.1910  244119.85058168613  
 497.2160  245117.7158583935  
 497.2400  247269.6582580161  
 497.2650  249700.09159835693  
 497.2900  252100.34902736664  
 497.3150  253491.71303536725  
 497.3390  254662.7565341313  
 497.3640  255393.03782602333  
 497.3890  255258.639891621  
 497.4130  256401.81005863342  
 497.4380  258141.9542787259  
 497.4630  258892.83759843427  
 497.4880  259070.86335644778  
 497.5120  259833.74432764918  
 497.5370  259244.0415785044  
 497.5620  258582.83767399687  
 497.5870  258722.08314435594  
 497.6110  258468.92057901208  
 497.6360  258020.8870682048  
 497.6610  257850.13261412646  
 497.6860  257306.36026817243  
 497.7110  255308.2059467793  
 497.7350  254148.06940391802  
 497.7600  253502.61999127007  
 497.7850  252650.0596048678  
 497.8100  251646.13490821444  
 497.8340  251574.75494125055  
 497.8590  249299.20037472952  
 497.8840  246162.72342228075  
 497.9090  244087.12971397775  
 497.9340  242452.2982125468  
 497.9580  240858.54957834975  
 497.9830  241300.64485760994  
 498.0080  241193.99906656033  
 498.0330  240164.6248061338  
 498.0580  239362.96354727793  
 498.0820  237769.33610147977  
 498.1070  234953.7660293712  
 498.1320  233266.82351640466  
 498.1570  230660.78818602877  
 498.1820  227311.1408398797  
 498.2060  224713.4675090293  
 498.2310  223083.48354355514  
 498.2560  221532.15084898012  
 498.2810  221205.1845486939  
 498.3060  221195.48947678032  
 498.3310  220971.53331557615  
 498.3550  219293.073990534  
 498.3800  217912.49575003725  
 498.4050  216791.1394948304  
 498.4300  215903.43447274133  
 498.4550  215132.07031361546  
 498.4800  215930.09592050372  
 498.5040  215968.87620815815  
 498.5290  215719.34929478183  
 498.5540  215802.96929003665  
 498.5790  216172.35152994483  
 498.6040  216954.6226449735  
 498.6290  219017.0068177942  
 498.6540  221226.9984604995  
 498.6780  223702.27150844072  
 498.7030  226815.8438534936  
 498.7280  228328.39626041424  
 498.7530  230244.14247054176  
 498.7780  233351.53420724976  
 498.8030  236056.94402474005  
 498.8280  237912.21722380648  
 498.8530  240880.36349015535  
 498.8780  242702.9158215134  
 498.9020  243737.13761789675  
 498.9270  244977.1373156463  
 498.9520  245006.2225313871  
 498.9770  245552.41864531956  
 499.0020  246516.35117032932  
 499.0270  245747.41077918187  
 499.0520  245350.1552075221  
 499.0770  246613.30188946534  
 499.1020  247269.6582580161  
 499.1270  246836.04616668032  
 499.1510  247430.7176401808  
 499.1760  246367.41062805665  
 499.2010  244850.01068517918  
 499.2260  242957.29027084648  
 499.2510  240917.93189382055  
 499.2760  239732.34578718612  
 499.3010  239500.9971336478  
 499.3260  239624.6093005462  
 499.3510  240121.1181709215  
 499.3760  240857.33769436055  
 499.4010  240954.28841349654  
 499.4260  240738.69425181785  
 499.4510  239916.4309651456  
 499.4760  240485.53168647396  
 499.5010  242866.39897165648  
 499.5250  244116.21492971855  
 499.5500  245570.59690515758  
 499.5750  248036.17488118517  
 499.6000  249453.10964135794  
 499.6250  249259.32939148482  
 499.6500  249474.80236476462  
 499.6750  249054.64218570894  
 499.7000  248697.37878569277  
 499.7250  248777.36312897995  
 499.7500  248076.16705282877  
 499.7750  248236.01455100425  
 499.8000  248621.15128277204  
 499.8250  248784.63443291516  
 499.8500  246425.58105953826  
 499.8750  246643.47780079642  
 499.9000  243907.89207197505  
 499.9250  241364.75352063862  
 499.9500  238951.28655614663  
 499.9750  237432.67472928  
 500.0000  236595.86883473734  
 500.0250  234167.738073976  
 500.0500  231848.6768722427  
 500.0750  230303.52478601257  
 500.1000  228315.06553653307  
 500.1250  224413.1626565055  
 500.1500  223066.51716770636  
 500.1750  222177.721450027  
 500.2000  221354.1250909666  
 500.2250  221292.44019591634  
 500.2500  221443.80450616742  
 500.2750  221578.2024405697  
 500.3000  221895.47366894232  
 500.3250  222479.23818654  
 500.3500  223050.76267584675  
 500.3750  225102.2398927647  
 500.4000  227378.88515487598  
 500.4250  228216.90293340784  
 500.4500  227323.2596797717  
 500.4750  226233.2912198851  
 500.5000  224290.8835619952  
 500.5260  222639.08568471548  
 500.5510  222245.46576502328  
 500.5760  222243.0419970449  
 500.6010  222054.1092831286  
 500.6260  222063.8043550422  
 500.6510  222210.3211293365  
 500.6760  222011.8145319055  
 500.7010  222538.49931361186  
 500.7260  223418.93303176574  
 500.7510  224326.028197682  
 500.7760  225322.68159040017  
 500.8010  226436.76654167182  
 500.8260  227418.8773265196  
 500.8510  228122.49717064915  
 500.8770  228614.15850506764  
 500.9020  228610.52285310003  
 500.9270  228810.36252291914  
 500.9520  230007.94628104666  
 500.9770  232759.4076901266  
 501.0020  235753.00352024866  
 501.0270  238233.12410414667  
 501.0520  239142.64303804134  
 501.0770  239032.36159502412  
 501.1020  238066.00530203598  
 501.1280  237212.2330316445  
 501.1530  237155.2744841521  
 501.1780  237861.31809626007  
 501.2030  238147.20152931235  
 501.2280  237691.77552617097  
 501.2530  235914.06290241337  
 501.2780  233057.28877467196  
 501.3030  230334.91258133287  
 501.3290  227538.73265305147  
 501.3540  224890.28138305357  
 501.3790  223485.58665117173  
 501.4040  222856.98242597366  
 501.4290  222457.4242747344  
 501.4540  222566.37264536347  
 501.4790  222545.77061754707  
 501.5050  222123.18667051298  
 501.5300  221597.59258439692  
 501.5550  221547.9053408397  
 501.5800  222671.8065524239  
 501.6050  224376.8061368295  
 501.6300  226284.19034743155  
 501.6550  227598.11496852228  
 501.6810  227180.2573690461  
 501.7060  225731.93481355306  
 501.7310  224403.4675845919  
 501.7560  223068.94093568475  
 501.7810  223079.84789158756  
 501.8060  224338.14703757403  
 501.8320  225300.86767859457  
 501.8570  226461.00422145583  
 501.8820  227596.90308453306  
 501.9070  227750.69116276255  
 501.9320  227667.19235590668  
 501.9580  228006.15630768597  
 501.9830  228129.76847458436  
 502.0080  227778.56449451417  
 502.0330  226896.91889237112  
 502.0580  225305.71521455137  
 502.0840  223427.41621969015  
 502.1090  221459.558998027  
 502.1340  219940.94717116037  
 502.1590  218941.8700104638  
 502.1850  219329.43051021  
 502.2100  221141.07588566522  
 502.2350  223026.52499606274  
 502.2600  224967.84195836238  
 502.2850  227051.9188545898  
 502.3110  228294.46350871667  
 502.3360  228358.57217174533  
 502.3610  228269.01394494344  
 502.3860  227916.59808088408  
 502.4120  227607.8100404359  
 502.4370  227554.48714491108  
 502.4620  227429.7842824224  
 502.4870  227064.03769448178  
 502.5130  227085.8516062874  
 502.5380  227331.7428676961  
 502.5630  227520.55439321348  
 502.5880  228172.06322580745  
 502.6140  228465.21796279497  
 502.6390  228205.99597750505  
 502.6640  228126.13282261678  
 502.6890  228662.63386463563  
 502.7150  229110.66737544292  
 502.7400  229946.2613859964  
 502.7650  230887.16811521133  
 502.7900  231039.74430945163  
 502.8160  230623.21978236354  
 502.8410  230215.05725480095  
 502.8660  230206.57406687658  
 502.8920  230818.21191622588  
 502.9170  231948.0513593571  
 502.9420  232649.2474355083  
 502.9680  232781.22160193216  
 502.9930  232459.10283760278  
 503.0180  231584.72853939494  
 503.0430  230683.69279342465  
 503.0690  231137.90691257684  
 503.0940  232686.69465077456  
 503.1190  234522.5777060138  
 503.1450  237180.7240479253  
 503.1700  240455.35577514287  
 503.1950  242684.73756167537  
 503.2210  243844.87410453663  
 503.2460  244688.9513030145  
 503.2710  244961.50401218561  
 503.2970  245168.49379754098  
 503.3220  246108.30983116565  
 503.3470  247182.4026107937  
 503.3730  247413.751264332  
 503.3980  247106.17510787302  
 503.4230  245775.28411093345  
 503.4490  243894.56134809382  
 503.4740  242447.45067659  
 503.4990  241863.68615899232  
 503.5250  241621.55173795013  
 503.5500  242200.34753119212  
 503.5750  242918.50998319208  
 503.6010  243198.21280789946  
 503.6260  243485.18693654204  
 503.6510  243853.35729246103  
 503.6770  243459.85856116776  
 503.7020  242528.5257154675  
 503.7280  241794.7299600068  
 503.7530  240492.80299040917  
 503.7780  238620.68460389285  
 503.8040  237158.9101361197  
 503.8290  235497.41718692635  
 503.8550  233314.08699198347  
 503.8800  232255.62751581607  
 503.9050  232050.9403100402  
 503.9310  230889.59188318974  
 503.9560  229751.26925213408  
 503.9810  228605.67531714324  
 504.0070  225895.41796369612  
 504.0320  222300.0005445373  
 504.0580  219650.3373905502  
 504.0830  217470.52165917598  
 504.1080  215720.56117877102  
 504.1340  215004.94368314836  
 504.1590  214954.04455560198  
 504.1850  214977.07035139677  
 504.2100  215615.24846010955  
 504.2360  216546.4601174109  
 504.2610  217297.3434371193  
 504.2860  218643.9889259184  
 504.3120  220063.22626567067  
 504.3370  220921.84607201893  
 504.3630  221913.65192878028  
 504.3880  223129.53513514478  
 504.4140  223954.2221897954  
 504.4390  225587.84180723716  
 504.4650  228803.09121898393  
 504.4900  232483.3405173868  
 504.5150  237227.9875235041  
 504.5410  243356.84842208575  
 504.5660  249184.19258415443  
 504.5920  253818.67933565346  
 504.6170  257536.4970377215  
 504.6430  259578.27918272585  
 504.6680  259254.94853440725  
 504.6940  257663.6236681886  
 504.7190  255056.3764538235  
 504.7450  252132.9487066761  
 504.7700  250058.56688236233  
 504.7960  249011.01436209772  
 504.8210  247552.99673469109  
 504.8470  246174.84226217272  
 504.8720  245279.9871245474  
 504.8980  244088.34159796694  
 504.9230  242658.07611391298  
 504.9480  241843.0841311759  
 504.9740  240501.28617833354  
 505.0000  237550.10628783348  
 505.0250  233896.518437193  
 505.0500  230273.22768628257  
 505.0760  226975.6913516691  
 505.1020  224574.22203867018  
 505.1270  223181.52495828143  
 505.1530  222441.66978287476  
 505.1780  222462.2718106912  
 505.2040  223081.05977557675  
 505.2290  224580.2814586162  
 505.2550  227020.4098708706  
 505.2800  229450.9643996103  
 505.3060  230804.88119234465  
 505.3310  232059.4234979646  
 505.3570  233832.2885857654  
 505.3820  235313.45319736577  
 505.4080  236892.53803529352  
 505.4330  238672.67442702953  
 505.4590  239745.6765110673  
 505.4850  240112.6349829971  
 505.5100  241327.1851169734  
 505.5360  243520.33157222884  
 505.5610  246173.63037818353  
 505.5870  248857.22628386825  
 505.6120  250977.65969977164  
 505.6380  252059.14497173383  
 505.6630  252255.34898958533  
 505.6890  252110.04409928023  
 505.7150  252014.30526413344  
 505.7400  252119.73917119383  
 505.7660  252175.36464629808  
 505.7910  252047.02613184182  
 505.8170  251981.58439642502  
 505.8420  251801.13487043313  
 505.8680  251368.85585148545  
 505.8940  250932.94118057014  
 505.9190  250513.87169710474  
 505.9450  250219.62626452697  
 505.9700  250349.17666297246  
 505.9960  250757.33919053504  
 506.0220  251240.51733702913  
 506.0470  251716.42417958804  
 506.0730  251913.84008142873  
 506.0990  252191.1191381577  
 506.1240  252682.7804725762  
 506.1500  253142.93282327548  
 506.1750  253649.13676556433  
 506.2010  254229.26563119446  
 506.2270  254645.7901582825  
 506.2520  254854.113016026  
 506.2780  254835.934756188  
 506.3030  253930.17266265984  
 506.3290  251790.34910292926  
 506.3550  249145.4122965  
 506.3800  246777.99692359765  
 506.4060  244771.3594142801  
 506.4320  243418.65450553494  
 506.4570  243120.77342098957  
 506.4830  243272.13773124065  
 506.5090  243028.67023781035  
 506.5340  242282.7556424577  
 506.5600  241421.71206813102  
 506.5860  240684.15947230384  
 506.6110  239619.7617645894  
 506.6370  238348.13189472177  
 506.6630  237392.6825576364  
 506.6880  236640.70854233773  
 506.7140  235241.952042003  
 506.7400  233376.98377102296  
 506.7650  231537.4650638161  
 506.7910  229274.150525586  
 506.8170  227274.7843202037  
 506.8420  226905.4020802955  
 506.8680  228219.32670138625  
 506.8940  230253.83754245535  
 506.9190  232704.87291061258  
 506.9450  235123.3085994603  
 506.9710  236747.23314498842  
 506.9970  237312.8194027481  
 507.0220  237196.47853978488  
 507.0480  236707.24097334483  
 507.0740  236021.79938905322  
 507.0990  235060.29063202188  
 507.1250  233883.1877133118  
 507.1510  233031.83921089873  
 507.1770  232643.18801556228  
 507.2020  232248.3562118809  
 507.2280  232714.56798252618  
 507.2540  234370.0015117735  
 507.2790  236098.14808037286  
 507.3050  237338.1477781224  
 507.3310  238168.89425271907  
 507.3570  238211.31019234104  
 507.3820  237289.7936069533  
 507.4080  236265.26688248353  
 507.4340  235456.33431969248  
 507.4600  234419.6887553307  
 507.4850  232984.69692371888  
 507.5110  231761.5424134192  
 507.5370  230420.95634456608  
 507.5630  229643.53276549422  
 507.5880  229945.04950200717  
 507.6140  231215.34629948673  
 507.6400  233063.34819461795  
 507.6660  235147.5462792443  
 507.6910  236731.4786531288  
 507.7170  237511.32600017908  
 507.7430  236931.31832294792  
 507.7690  234870.1460341164  
 507.7950  231823.34849686842  
 507.8200  228497.93883050335  
 507.8460  225739.20611748824  
 507.8720  224241.19631843801  
 507.8980  223468.62027532296  
 507.9240  222984.23024483965  
 507.9490  222086.830150837  
 507.9750  220992.13534339253  
 508.0010  220102.00655332505  
 508.0270  219491.70177636392  
 508.0530  219117.4720004989  
 508.0780  219127.1670724125  
 508.1040  219030.2163532765  
 508.1300  218035.98672853672  
 508.1560  215804.18117402584  
 508.1820  212901.35545469483  
 508.2080  210309.86273218936  
 508.2330  207697.76798186748  
 508.2590  205625.68873713314  
 508.2850  205166.74827042306  
 508.3110  205974.46894922495  
 508.3370  207853.97982807536  
 508.3630  210426.08240675365  
 508.3880  212833.61113969857  
 508.4140  215025.54571096477  
 508.4400  217213.72344186448  
 508.4660  218974.59087817222  
 508.4920  220609.42237960314  
 508.5180  222056.533051107  
 508.5440  222882.43198974687  
 508.5690  223047.12702387915  
 508.5950  222850.92300602768  
 508.6210  222516.6854018063  
 508.6470  222096.52522275058  
 508.6730  222468.33123063718  
 508.6990  223933.62016197902  
 508.7250  225139.8082964299  
 508.7500  226321.75875109673  
 508.7760  228176.91076176424  
 508.8020  229794.8970757453  
 508.8280  230844.75217558935  
 508.8540  231962.59396722753  
 508.8800  232887.74620458286  
 508.9060  233030.62732690954  
 508.9320  232478.49298143  
 508.9580  231835.3461483615  
 508.9840  231145.17821651202  
 509.0090  230646.24557815836  
 509.0350  230686.11656140303  
 509.0610  231413.97408531661  
 509.0870  232515.9401966963  
 509.1130  233940.14626080423  
 509.1390  235107.55410760068  
 509.1650  236242.24108668874  
 509.1910  237312.8194027481  
 509.2170  237895.25084795768  
 509.2430  238492.22490103764  
 509.2690  239306.12618818443  
 509.2950  239935.8211089728  
 509.3210  240582.48240560998  
 509.3460  241083.83881194203  
 509.3720  241210.96544240916  
 509.3980  241037.78722035245  
 509.4240  241401.11004031464  
 509.4500  242291.23883038212  
 509.4760  243390.78117378335  
 509.5020  244257.884168056  
 509.5280  244563.0365565366  
 509.5540  243718.95935805875  
 509.5800  242570.9416550895  
 509.6060  241473.82307966665  
 509.6320  240691.43077623905  
 509.6580  240408.0922995641  
 509.6840  239829.1753179232  
 509.7100  237897.67461593606  
 509.7360  235366.65490449168  
 509.7620  232354.88081453159  
 509.7880  229486.10903529712  
 509.8140  227302.6576519553  
 509.8400  225763.44379727225  
 509.8660  224809.20634417608  
 509.8920  224336.9351535848  
 509.9180  223564.23792207084  
 509.9440  222748.03405534456  
 509.9700  222318.1788043753  
 509.9960  221602.4401203537  
 510.0220  220505.32154493086  
 510.0480  220289.72738325218  
 510.0740  221118.05008987043  
 510.1000  221947.58468047788  
 510.1260  222579.70336924467  
 510.1520  223305.13712517984  
 510.1780  223484.37476718254  
 510.2040  223564.23792207084  
 510.2300  224462.84990006272  
 510.2560  226129.19038521283  
 510.2820  228508.72459800725  
 510.3080  230955.03361860654  
 510.3340  233091.22152636954  
 510.3600  234925.8926976196  
 510.3860  236081.18170452403  
 510.4120  236410.57177278862  
 510.4380  237234.0469434501  
 510.4650  237863.74186423846  
 510.4910  237994.50414667316  
 510.5170  238333.58928685135  
 510.5430  239318.12383967752  
 510.5690  239309.76184015203  
 510.5950  237517.3854201251  
 510.6210  235135.4274393523  
 510.6470  233602.27300461524  
 510.6730  232176.8550565181  
 510.6990  231178.9897798107  
 510.7250  231564.1265115785  
 510.7510  232661.24508700136  
 510.7770  233200.16989699865  
 510.8040  233322.57017990787  
 510.8300  233090.00964238035  
 510.8560  232396.0848701644  
 510.8820  230522.63341125994  
 510.9080  228520.84343789922  
 510.9340  227100.3942141578  
 510.9600  226130.40226920205  
 510.9860  225625.41021090234  
 511.0120  226224.80803196074  
 511.0380  226909.0377322631  
 511.0650  226837.65776529923  
 511.0910  227108.8774020822  
 511.1170  228972.63378907304  
 511.1430  231466.08509685224  
 511.1690  233523.50054531722  
 511.1950  235656.05280111264  
 511.2210  237461.7599450208  
 511.2470  237771.75986945818  
 511.2740  237357.5379219496  
 511.3000  237212.2330316445  
 511.3260  237667.537846387  
 511.3520  238201.61512042745  
 511.3780  238765.98949419794  
 511.4040  239864.31995361  
 511.4300  241575.50014636051  
 511.4570  242999.58502206954  
 511.4830  244323.2047150739  
 511.5090  245718.3255634411  
 511.5350  246601.18304957333  
 511.5610  246834.83428269112  
 511.5870  246909.9710900215  
 511.6140  246964.50586953553  
 511.6400  246747.69982386762  
 511.6660  246699.22446429962  
 511.6920  247250.2681141889  
 511.7180  248011.93720140116  
 511.7450  248686.47182978995  
 511.7710  249454.3215253471  
 511.7970  250150.5488771426  
 511.8230  250297.0656514369  
 511.8490  250027.05789864308  
 511.8760  249611.7452555442  
 511.9020  249495.404392581  
 511.9280  249750.99072590334  
 511.9540  250174.78655692659  
 511.9800  250510.23604513716  
 512.0070  250412.19463041087  
 512.0330  250096.1352860275  
 512.0590  249377.97283402755  
 512.0850  248584.79476309608  
 512.1110  247968.30937778996  
 512.1380  247819.3688355173  
 512.1640  247427.0819882132  
 512.1900  246214.83443381634  
 512.2160  244031.38305047454  
 512.2430  241763.22097628762  
 512.2690  239832.8109698908  
 512.2950  238263.42120387667  
 512.3210  237148.12436861583  
 512.3480  235973.44521788415  
 512.3740  233785.14629858555  
 512.4000  231510.80361605372  
 512.4260  229058.55636390732  
 512.4530  226531.1723044305  
 512.4790  224379.2299048079  
 512.5050  223705.90716040833  
 512.5310  222708.04188370096  
 512.5580  221533.3627329693  
 512.5840  219999.11760264199  
 512.6100  219101.7175086393  
 512.6360  217878.56299833965  
 512.6630  216655.52967643892  
 512.6890  215841.74957769102  
 512.7150  216449.6305866738  
 512.7420  217270.68198935688  
 512.7680  217734.46999202378  
 512.7940  217776.88593164575  
 512.8210  217502.03064289517  
 512.8470  216559.79084129212  
 512.8730  216357.5274034946  
 512.8990  217086.59681139738  
 512.9260  218647.62457788602  
 512.9520  220622.75310348434  
 512.9780  222754.09347529055  
 513.0050  223445.59447952814  
 513.0310  224046.2041845757  
 513.0570  224547.56059090781  
 513.0840  225553.90905553955  
 513.1100  226699.5029905304  
 513.1360  228301.73481265185  
 513.1630  229505.3779907254  
 513.1890  229849.31066686037  
 513.2150  228393.71680743212  
 513.2420  226746.76646610923  
 513.2680  225636.31716680515  
 513.2940  225058.61206915346  
 513.3210  225786.46959306707  
 513.3470  227871.75837328366  
 513.3730  229857.7938547848  
 513.4000  231707.00763390522  
 513.4260  233383.04319096895  
 513.4520  234109.6888308933  
 513.4790  234430.5957112335  
 513.5050  235197.11233440257  
 513.5320  235600.4273260084  
 513.5580  234781.7996913037  
 513.5840  233581.67097679884  
 513.6110  232714.56798252618  
 513.6370  231837.7699163399  
 513.6630  231188.68485172433  
 513.6900  231263.82165905472  
 513.7160  232506.24512478267  
 513.7430  233611.96807652884  
 513.7690  232667.30450694737  
 513.7950  230467.00793615566  
 513.8220  228899.92074972103  
 513.8480  226826.7508093964  
 513.8750  224597.247834465  
 513.9010  223963.91726170902  
 513.9270  224491.9351158035  
 513.9540  224898.76457097798  
 513.9800  225149.5033683435  
 514.0070  224747.4002607269  
 514.0330  223227.57654987104  
 514.0600  222469.54311462637  
 514.0860  221771.98269044282  
 514.1120  220042.62423785427  
 514.1390  217844.75143504096  
 514.1650  217015.2168444335  
 514.1920  215440.85835406365  
 514.2180  213598.91587887844  
 514.2450  212776.65259220614  
 514.2710  213729.67816131312  
 514.2970  216202.52744127592  
 514.3240  219554.59855540338  
 514.3500  222958.78068106645  
 514.3770  226446.46161358542  
 514.4030  228968.99813710543  
 514.4300  228852.65727414223  
 514.4560  227275.9962041929  
 514.4830  225088.90916888346  
 514.5090  222161.96695816738  
 514.5360  220442.30357749248  
 514.5620  219049.6064971037  
 514.5890  217920.97893796166  
 514.6150  217833.84447913818  
 514.6420  219668.51565038817  
 514.6680  220823.80465729264  
 514.6950  222550.61815350386  
 514.7210  224677.1109893533  
 514.7470  226550.5624482577  
 514.7740  227158.5646456394  
 514.8000  227506.01178534306  
 514.8270  227346.16428716757  
 514.8540  227147.6576897366  
 514.8800  226724.9525543036  
 514.9070  226056.47734586083  
 514.9330  224770.42605652168  
 514.9600  224207.26356674038  
 514.9860  223896.0517583138  
 515.0130  223928.7726260222  
 515.0390  223479.52723122574  
 515.0660  224186.661538924  
 515.0920  224717.1031609969  
 515.1190  224881.79819512917  
 515.1450  224324.8163136928  
 515.1720  224955.7231184704  
 515.1980  225885.72289178253  
 515.2250  226482.8181332614  
 515.2510  226527.5366524629  
 515.2780  227059.190158525  
 515.3050  227275.9962041929  
 515.3310  226607.52099575012  
 515.3580  225257.23985498337  
 515.3840  224588.7646465406  
 515.4110  223249.39046167664  
 515.4370  222698.34681178737  
 515.4640  223456.50143543092  
 515.4900  224688.01794525608  
 515.5170  225189.37435158817  
 515.5440  227216.6138887221  
 515.5700  229309.2951612728  
 515.5970  230852.02347952453  
 515.6230  232197.45708433448  
 515.6500  233694.25499939555  
 515.6770  235114.8254115359  
 515.7030  236307.68282210556  
 515.7300  236783.5896646644  
 515.7560  237184.3596998929  
 515.7830  238400.24290625734  
 515.8100  238610.98953197923  
 515.8360  237745.09842169576  
 515.8630  237810.54015711258  
 515.8890  238447.50638183617  
 515.9160  238750.23500233833  
 515.9430  239739.6170911213  
 515.9690  241382.93178047662  
 515.9960  242527.31383147827  
 516.0230  243269.71396326227  
 516.0490  243412.59508558895  
 516.0760  241940.0348503119  
 516.1020  240399.60911163967  
 516.1290  238930.68452833025  
 516.1560  237745.09842169576  
 516.1820  237019.66466576062  
 516.2090  237312.8194027481  
 516.2360  237203.7498437201  
 516.2620  237461.7599450208  
 516.2890  237514.96165214668  
 516.3160  237112.979732929  
 516.3420  236818.7343003512  
 516.3690  236535.2746352773  
 516.3960  234957.4016813388  
 516.4220  233582.88286078803  
 516.4490  232063.0591499322  
 516.4760  229315.35458121882  
 516.5020  226529.96042044132  
 516.5290  223745.89933205195  
 516.5560  218685.19298155126  
 516.5820  212963.16153814405  
 516.6090  207861.25113201057  
 516.6360  203101.94032962393  
 516.6620  199196.5229860277  
 516.6890  197119.59620533657  
 516.7160  195016.12916528198  
 516.7420  191247.41233566747  
 516.7690  186799.43453010637  
 516.7960  182519.78741064516  
 516.8230  179041.8015500398  
 516.8490  177268.81527384004  
 516.8760  177761.68849224772  
 516.9030  179873.75990862565  
 516.9290  181989.34578857225  
 516.9560  183029.62700490162  
 516.9830  183621.75352202478  
 517.0100  182740.22910828065  
 517.0360  180239.50649656626  
 517.0630  176633.06093310568  
 517.0900  173569.2970200089  
 517.1170  170685.8614445051  
 517.1430  169291.95248012716  
 517.1700  168277.2420159699  
 517.1970  167444.07177339483  
 517.2240  165786.09328777017  
 517.2500  165609.40060214483  
 517.2770  167119.40805268814  
 517.3040  169661.33472003535  
 517.3310  173123.5660887811  
 517.3570  177558.33435885995  
 517.3840  180314.52211549773  
 517.4110  181222.8291654032  
 517.4380  181393.58361948148  
 517.4640  181177.9894578028  
 517.4910  180502.2429454248  
 517.5180  181215.557861468  
 517.5450  183010.23686107443  
 517.5720  185191.26447643785  
 517.5980  188626.83439742122  
 517.6250  194838.10340726847  
 517.6520  201943.0156707519  
 517.6790  209552.919992535  
 517.7060  217447.49586338116  
 517.7320  225275.41811482137  
 517.7590  231484.2633566902  
 517.7860  236001.19736123685  
 517.8130  239071.14188267852  
 517.8400  241196.42283453874  
 517.8660  242017.47423722182  
 517.8930  242018.686121211  
 517.9200  241553.68623455495  
 517.9470  240945.80522557217  
 517.9740  240278.5419011186  
 518.0010  239785.6686827109  
 518.0270  239470.8212223167  
 518.0540  238757.50630627354  
 518.0810  237599.7935313907  
 518.1080  235995.13794129083  
 518.1350  233179.56786918224  
 518.1620  228580.22575337003  
 518.1880  222180.0240296065  
 518.2150  214068.7633014913  
 518.2420  205534.91862634203  
 518.2690  197438.07931769834  
 518.2960  190391.33748569654  
 518.3230  185139.15346490222  
 518.3500  181863.43104209437  
 518.3760  179848.31034485245  
 518.4030  178696.65698991562  
 518.4300  177984.55395786162  
 518.4570  177847.73225548092  
 518.4840  178070.59772109482  
 518.5110  178034.2412014188  
 518.5380  178101.9855164151  
 518.5650  178694.2332219372  
 518.5920  179514.07274063106  
 518.6180  180476.7933816516  
 518.6450  181564.3380735598  
 518.6720  183607.2109141544  
 518.6990  186189.12975314521  
 518.7260  189139.09775965608  
 518.7530  194260.39830961678  
 518.7800  201262.4216224171  
 518.8070  208616.86079927682  
 518.8340  216276.45236461714  
 518.8610  224029.2378087269  
 518.8880  229746.42171617728  
 518.9140  233461.81565026694  
 518.9410  235756.63917221627  
 518.9680  236873.1478914663  
 518.9950  235874.07073076974  
 519.0220  234844.6964703432  
 519.0490  233175.93221721463  
 519.0760  229954.7445739208  
 519.1030  226670.5389631885  
 519.1300  224327.2400816712  
 519.1570  221981.5174321755  
 519.1840  220487.14328509287  
 519.2110  220155.32944884987  
 519.2380  221615.7708442349  
 519.2650  224252.1032743408  
 519.2920  226453.73291752063  
 519.3190  227520.55439321348  
 519.3460  227102.81798213618  
 519.3730  224915.73094682678  
 519.4000  220944.87186781375  
 519.4270  216852.9455782796  
 519.4540  213015.27254967965  
 519.4810  210665.91424821634  
 519.5080  209448.8191578627  
 519.5340  209894.42890069156  
 519.5610  210107.59929439187  
 519.5890  211622.57546929092  
 519.6150  213688.59529407925  
 519.6420  215047.23843437148  
 519.6690  216713.5789195216  
 519.6960  218702.0381690011  
 519.7240  218877.6401590362  
 519.7510  219122.3195364557  
 519.7780  218918.84421466902  
 519.8050  217340.9712607305  
 519.8320  215652.81686377473  
 519.8590  216339.47033205553  
 519.8860  216726.9096434028  
 519.9130  218642.77704192922  
 519.9400  221127.74516178403  
 519.9670  224774.0617084893  
 519.9940  227571.45352075988  
 520.0210  230970.78811046615  
 520.0480  232446.9839977108  
 520.0750  232032.7620502022  
 520.1020  231495.17031259305  
 520.1290  231522.92245594572  
 520.1560  231721.5502417756  
 520.1830  232553.50860036147  
 520.2100  234824.0944425268  
 520.2370  237438.734149226  
 520.2640  238847.06453307543  
 520.2910  237763.27668153378  
 520.3180  236739.9618410532  
 520.3460  236337.85873343665  
 520.3730  234894.3837139004  
 520.4000  233935.29872484744  
 520.4270  233303.18003608065  
 520.4540  230778.21974458225  
 520.4810  228661.42198064644  
 520.5080  226523.90100049533  
 520.5350  223734.9923761491  
 520.5620  221510.4581255734  
 520.5890  222657.26394455347  
 520.6160  223796.79845959833  
 520.6440  224321.1806617252  
 520.6710  223923.9250900654  
 520.6980  222021.3884154202  
 520.7250  218966.10769024782  
 520.7520  215364.50966274404  
 520.7790  211788.4823874124  
 520.8060  210726.38725927743  
 520.8330  212889.23661480285  
 520.8600  214541.03449208257  
 520.8880  215039.96713043624  
 520.9150  215897.3750527953  
 520.9420  215553.44237666033  
 520.9690  216309.17323232553  
 520.9960  217480.2167310896  
 521.0230  219949.4303590848  
 521.0500  222932.11923330405  
 521.0780  225810.70727285105  
 521.1050  226534.80795639812  
 521.1320  226714.04559840081  
 521.1590  226523.90100049533  
 521.1860  225735.57046552064  
 521.2130  227445.53877428197  
 521.2410  230119.43960805307  
 521.2680  232935.00968016166  
 521.2950  235571.34211026758  
 521.3220  238315.53221541227  
 521.3490  237920.70041173088  
 521.3760  235589.52037010554  
 521.4040  234533.4846619166  
 521.4310  233821.50281826154  
 521.4580  232238.6611399673  
 521.4850  230052.78598864708  
 521.5120  229729.45534032848  
 521.5400  228371.90289562652  
 521.5670  226371.32480625503  
 521.5940  224784.96866439207  
 521.6210  224863.61993529118  
 521.6480  223556.96661813563  
 521.6760  221549.1172248289  
 521.7030  220680.92353496596  
 521.7300  220849.13303266693  
 521.7570  220770.48176176785  
 521.7840  221210.0320846507  
 521.8120  222078.3469629126  
 521.8390  222138.94116237262  
 521.8660  221691.9983471556  
 521.8930  222424.70340702598  
 521.9210  223404.39042389533  
 521.9480  223982.09552154702  
 521.9750  224977.537030276  
 522.0020  227881.45344519726  
 522.0300  229980.194137694  
 522.0570  231593.2117273193  
 522.0840  233209.86496891224  
 522.1110  235674.23106095064  
 522.1390  236656.34184579842  
 522.1660  237201.3260757417  
 522.1930  238690.85268686755  
 522.2210  240690.21889224986  
 522.2480  241500.36333903013  
 522.2750  241692.93170491402  
 522.3020  241537.93174269533  
 522.3300  240301.56769691338  
 522.3570  238555.24286847602  
 522.3840  237295.8530268993  
 522.4110  236471.16597224862  
 522.4390  235999.98547724765  
 522.4660  235441.7917118221  
 522.4930  233968.01959255585  
 522.5210  230927.16028685495  
 522.5480  226263.5883196151  
 522.5750  220438.66792552485  
 522.6030  215583.73947639033  
 522.6300  212436.35556803877  
 522.6570  210340.15983191936  
 522.6850  209543.22492062137  
 522.7120  210048.21697892106  
 522.7390  209984.10831589237  
 522.7660  209505.77770535508  
 522.7940  209198.2015488961  
 522.8210  208053.69830949552  
 522.8490  206895.9855346127  
 522.8760  206053.120220124  
 522.9030  205741.90841169743  
 522.9300  206042.33445262013  
 522.9580  207639.59755038586  
 522.9850  208563.53790375203  
 523.0130  209612.3023080058  
 523.0400  210950.46460888052  
 523.0670  213279.2208825274  
 523.0950  217131.43651899777  
 523.1220  220867.31129250492  
 523.1490  222930.90734931486  
 523.1770  224542.713054951  
 523.2040  225489.80039251086  
 523.2320  225148.29148435427  
 523.2590  225149.5033683435  
 523.2860  225791.31712902387  
 523.3140  224673.5965257846  
 523.3410  223961.49349373064  
 523.3680  222906.66966953085  
 523.3960  221765.9232704968  
 523.4230  221552.7528767965  
 523.4510  222504.68775031317  
 523.4780  221654.5511318893  
 523.5050  221294.86396389472  
 523.5330  221315.46599171113  
 523.5600  220454.42241738446  
 523.5880  219293.073990534  
 523.6150  218462.32751593733  
 523.6420  217281.5889452597  
 523.6700  217950.06415370246  
 523.6970  219535.20841157617  
 523.7250  221820.4580500108  
 523.7520  224149.21432365774  
 523.7800  226670.5389631885  
 523.8070  227053.130738579  
 523.8340  227584.78424464108  
 523.8620  228038.87717539436  
 523.8890  229012.5047723177  
 523.9170  230947.76231467136  
 523.9440  233282.57800826427  
 523.9720  235031.20541628107  
 523.9990  237269.1915791369  
 524.0270  238953.71032412502  
 524.0540  239233.41314883242  
 524.0820  238662.97935511594  
 524.1090  238363.88638658135  
 524.1360  237374.50429779838  
 524.1640  237016.029013793  
 524.1910  236762.987636848  
 524.2190  236838.0032557795  
 524.2460  236932.5302069371  
 524.2740  237367.2329938632  
 524.3010  237288.5817229641  
 524.3290  237275.2509990829  
 524.3560  238118.11631357155  
 524.3840  238431.75188997653  
 524.4110  237731.7676978146  
 524.4390  237406.01328151757  
 524.4660  237150.5481365942  
 524.4940  236204.67268302353  
 524.5210  235076.0451238815  
 524.5490  234172.5856099328  
 524.5760  232748.50073422375  
 524.6040  230883.53246324376  
 524.6310  230079.44743640948  
 524.6590  230142.4654038479  
 524.6870  230957.45738658495  
 524.7140  231898.36411579992  
 524.7420  233803.32455842354  
 524.7690  234997.27266458346  
 524.7970  235463.60562362766  
 524.8240  235729.97772445387  
 524.8520  235347.26476066446  
 524.8790  234051.51839941173  
 524.9070  231352.16800186742  
 524.9340  230269.59203431496  
 524.9620  229699.15824059848  
 524.9900  229828.8298274429  
 525.0170  229716.12461644728  
 525.0450  230763.67713671186  
 525.0720  231499.89666015093  
 525.1000  231696.1006780024  
 525.1270  233024.56790696355  
 525.1550  234766.0451994441  
 525.1820  235749.36786828106  
 525.2100  235941.93623416495  
 525.2380  236203.46079903434  
 525.2650  235589.52037010554  
 525.2930  234693.33216009208  
 525.3200  233935.29872484744  
 525.3480  231962.59396722753  
 525.3760  230578.38007476315  
 525.4030  228324.76060844667  
 525.4310  227577.51294070587  
 525.4580  228275.07336488945  
 525.4860  229954.7445739208  
 525.5140  230763.67713671186  
 525.5410  232543.81352844788  
 525.5690  233757.27296683393  
 525.5970  234244.08676529562  
 525.6240  234667.88259631887  
 525.6520  235237.1045060462  
 525.6790  235444.21547980048  
 525.7070  235476.9363475089  
 525.7350  234452.40962303913  
 525.7620  233114.24732216436  
 525.7900  231863.21948011313  
 525.8180  230900.49883909253  
 525.8450  230107.3207681611  
 525.8730  231239.5839792707  
 525.9010  232266.53447171891  
 525.9280  234211.3658975872  
 525.9560  237070.563793307  
 525.9840  239322.9713756343  
 526.0110  239503.4209016262  
 526.0390  239904.31212525358  
 526.0670  238299.77772355266  
 526.0940  235821.95971923415  
 526.1220  233358.80551118494  
 526.1500  231968.65338717352  
 526.1770  229159.14273501092  
 526.2050  227627.20018426306  
 526.2330  225048.91699723987  
 526.2600  222078.3469629126  
 526.2880  220959.41447568414  
 526.3160  221807.12732612962  
 526.3430  222674.23032040228  
 526.3710  223649.06980131482  
 526.3990  223102.87368738235  
 526.4270  221179.85617331963  
 526.4540  219082.32736481208  
 526.4820  215474.79110576128  
 526.5100  210939.55765297773  
 526.5370  209785.48053006246  
 526.5650  207797.02128058297  
 526.5930  207219.31618293127  
 526.6210  208499.42924072334  
 526.6480  211591.0664855717  
 526.6760  210905.6249012801  
 526.7040  211721.82876800638  
 526.7320  210760.32001097503  
 526.7590  208291.10638297984  
 526.7870  205132.81551872546  
 526.8150  203250.8808718966  
 526.8430  200102.28507955585  
 526.8700  197733.53663426536  
 526.8980  193086.93104287432  
 526.9260  189618.64025418257  
 526.9540  188311.98693702702  
 526.9810  187622.90970076784  
 527.0090  189491.5136237155  
 527.0370  194026.747076499  
 527.0650  197346.09732291807  
 527.0930  200067.14044386905  
 527.1200  201996.33856627668  
 527.1480  202019.3643620715  
 527.1760  200073.19986381504  
 527.2040  198236.10492458663  
 527.2320  196649.7487827237  
 527.2590  195631.2814781999  
 527.2870  196229.4674152691  
 527.3150  199632.43765694296  
 527.3430  203426.48286193173  
 527.3700  206879.01915876387  
 527.3980  210946.82895691294  
 527.4260  214042.1018537289  
 527.4540  214893.45035614198  
 527.4820  214874.06021231477  
 527.5100  214680.4011508406  
 527.5370  213448.76345261652  
 527.5650  212430.29614809278  
 527.5930  211962.8724934583  
 527.6210  211643.1774971073  
 527.6490  211561.9812698309  
 527.6770  212576.81292238706  
 527.7040  215419.04444225805  
 527.7320  218588.2422624152  
 527.7600  221649.70359593251  
 527.7880  224341.7826895416  
 527.8160  225892.99419571774  
 527.8440  226044.35850596882  
 527.8720  225748.90118940183  
 527.8990  225857.84956003094  
 527.9270  226583.28331596614  
 527.9550  228336.75825993973  
 527.9830  230778.21974458225  
 528.0110  232436.077041808  
 528.0390  233236.52641667466  
 528.0670  233441.21362245057  
 528.0950  232943.4928680861  
 528.1230  231711.855169862  
 528.1500  231165.65905592951  
 528.1780  230526.26906322755  
 528.2060  228734.01383159953  
 528.2340  226353.146546417  
 528.2620  223828.30744331752  
 528.2900  221080.48168620522  
 528.3180  218779.59874430994  
 528.3460  217590.37698570787  
 528.3740  217109.6226071922  
 528.4020  217613.40278150266  
 528.4300  218738.3946886771  
 528.4570  220014.8720945016  
 528.4850  221328.79671559233  
 528.5130  222599.09351307186  
 528.5410  224224.2299425892  
 528.5690  225941.46955528576  
 528.5970  227707.06333915135  
 528.6250  229592.6336379478  
 528.6530  231456.39002493862  
 528.6810  232089.7205976946  
 528.7090  232754.5601541698  
 528.7370  234406.35803144952  
 528.7650  236349.97757332862  
 528.7930  238534.64084065965  
 528.8210  241305.49239356676  
 528.8490  243584.56142365644  
 528.8770  244352.2899308147  
 528.9050  244599.3930762126  
 528.9330  244450.45253393994  
 528.9610  243990.17899484173  
 528.9890  243571.23069977525  
 529.0170  243549.41678796965  
 529.0450  243655.94139062034  
 529.0730  243715.32370609115  
 529.1010  243683.81472237196  
 529.1290  243578.50200371046  
 529.1560  243375.02668192377  
 529.1850  243221.23860369428  
 529.2130  243473.18928504895  
 529.2410  243762.58718166995  
 529.2690  244115.00304572933  
 529.2970  244549.70583265543  
 529.3250  244915.452420596  
 529.3530  244664.7136232305  
 529.3810  244503.65424106581  
 529.4090  244852.43445315762  
 529.4370  245220.60480907658  
 529.4650  245273.92770460137  
 529.4930  245092.2662946203  
 529.5210  244343.8067428903  
 529.5490  242759.8743690058  
 529.5770  240422.63490743446  
 529.6050  238118.11631357155  
 529.6330  235745.73221631345  
 529.6610  232920.46707229127  
 529.6890  229727.03157235007  
 529.7170  226766.15660993638  
 529.7450  223842.85005118794  
 529.7730  221690.7864631664  
 529.8010  220611.84614758156  
 529.8290  220336.99085883098  
 529.8570  220353.83604628086  
 529.8860  220352.62416229167  
 529.9140  219644.2779706042  
 529.9420  218607.63240624242  
 529.9700  217598.86017363225  
 529.9980  217120.52956309498  
 530.0260  217046.60463975376  
 530.0540  217340.9712607305  
 530.0820  217638.85234527587  
 530.1100  218389.61447658532  
 530.1380  219068.9966409309  
 530.1660  220202.47173602978  
 530.1950  222439.24601489637  
 530.2230  225704.06148180144  
 530.2510  228757.03962739432  
 530.2790  231528.9818758917  
 530.3070  233482.41767808335  
 530.3350  234378.4846996979  
 530.3630  234515.3064020786  
 530.3910  234493.492490273  
 530.4200  234707.8747679625  
 530.4480  235533.77370660237  
 530.4760  236635.86100638093  
 530.5040  237712.37755398737  
 530.5320  238533.42895667045  
 530.5600  238872.51409684864  
 530.5880  238851.91206903223  
 530.6170  239077.2013026245  
 530.6450  239405.3794868999  
 530.6730  239688.7179635749  
 530.7010  239953.9993688108  
 530.7290  239866.7437215884  
 530.7570  239542.2011892806  
 530.7860  238986.3100034345  
 530.8140  238452.35391779296  
 530.8420  238142.35399335556  
 530.8700  237942.51432353648  
 530.8980  237726.9201618578  
 530.9260  237676.0210343114  
 530.9550  237866.16563221687  
 530.9830  238040.55573826277  
 531.0110  238235.54787212505  
 531.0390  238515.25069683243  
 531.0670  238831.31004121582  
 531.0960  239332.6664475479  
 531.1240  239986.5990481203  
 531.1520  240588.54182555596  
 531.1800  241083.83881194203  
 531.2080  241536.7198587061  
 531.2370  241785.0348880932  
 531.2650  241845.5078991543  
 531.2930  242035.6524970598  
 531.3210  242360.1950293676  
 531.3500  242343.22865351877  
 531.3780  242065.9495967898  
 531.4060  241833.38905926232  
 531.4340  241567.0169584361  
 531.4630  241172.18515475473  
 531.4910  240342.65056414725  
 531.5190  238790.22717398193  
 531.5470  236989.36756603062  
 531.5760  234925.8926976196  
 531.6040  232715.77986651537  
 531.6320  231309.87325064433  
 531.6600  230866.56608739492  
 531.6890  230658.36441805036  
 531.7170  230655.94065007198  
 531.7450  230911.40579499534  
 531.7730  231226.25325538954  
 531.8020  231434.57611313302  
 531.8300  231386.10075356503  
 531.8580  231479.4158207334  
 531.8870  231922.60179558393  
 531.9150  232330.6431347476  
 531.9430  232366.9996544236  
 531.9710  232295.6196874597  
 532.0000  232145.4672611978  
 532.0280  232170.7956365721  
 532.0560  232437.28892579718  
 532.0850  233200.16989699865  
 532.1130  234681.2133202001  
 532.1410  236289.50456226754  
 532.1700  237389.0469056688  
 532.1980  238156.77541282706  
 532.2260  238545.54779656243  
 532.2550  237513.7497681575  
 532.2830  235565.28269032156  
 532.3110  233586.51851275563  
 532.3400  231799.11081708444  
 532.3680  230385.81170887928  
 532.3960  229690.67505267408  
 532.4250  229369.76817233392  
 532.4530  228771.5822352647  
 532.4810  228112.80209873556  
 532.5100  227458.8694981632  
 532.5380  227266.3011322793  
 532.5660  227629.62395224147  
 532.5950  228158.85369032517  
 532.6230  227455.2338461956  
 532.6520  224752.2477966837  
 532.6800  219963.9729669552  
 532.7080  213793.90801274072  
 532.7370  207160.05505585938  
 532.7650  202101.65128493815  
 532.7930  200030.90511259195  
 532.8220  199877.11703436245  
 532.8500  200596.37018195272  
 532.8790  201863.1525158636  
 532.9070  202920.27891964285  
 532.9350  203162.53452908396  
 532.9640  203797.0769858291  
 532.9920  205148.57001058507  
 533.0210  206598.1044500673  
 533.0490  207989.58964646686  
 533.0770  209275.640935806  
 533.1060  209855.76980143608  
 533.1340  209355.6252790932  
 533.1630  208823.9717730311  
 533.1910  209572.31013636218  
 533.2200  211875.61684623588  
 533.2480  215417.83255826886  
 533.2760  220171.08394070948  
 533.3050  225034.37438936945  
 533.3330  228511.14836598563  
 533.3620  230636.55050624476  
 533.3900  232210.78780821568  
 533.4190  233221.98380880427  
 533.4470  234006.6786918113  
 533.4760  234719.9936078545  
 533.5040  234792.7066472065  
 533.5320  234386.9678876223  
 533.5610  233955.90075266382  
 533.5890  233029.41544292035  
 533.6180  231096.70285694406  
 533.6460  228790.97237909192  
 533.6750  227382.52080684356  
 533.7030  227156.140877661  
 533.7320  227928.71692077606  
 533.7600  229817.9228715401  
 533.7890  231904.4235357459  
 533.8170  232089.7205976946  
 533.8460  230643.82181017997  
 533.8740  228872.04741796944  
 533.9030  226860.56237269507  
 533.9310  224352.56845704548  
 533.9600  222155.9075382214  
 533.9880  220505.32154493086  
 534.0170  219093.23432071492  
 534.0450  218228.55509442065  
 534.0740  217970.66618151884  
 534.1020  218042.04614848274  
 534.1310  218590.66603039365  
 534.1590  220135.93930502268  
 534.1880  222465.90746265877  
 534.2170  225403.75662927766  
 534.2450  228654.15067671126  
 534.2740  231321.99209053634  
 534.3020  232635.9167116271  
 534.3310  233392.73826288254  
 534.3590  234577.11248552782  
 534.3880  235677.86671291824  
 534.4160  235713.01134860504  
 534.4450  235254.070881895  
 534.4740  234665.4588283405  
 534.5020  233345.47478730374  
 534.5310  231933.50875148672  
 534.5590  231481.83958871182  
 534.5880  231581.0928874273  
 534.6160  231438.21176510063  
 534.6450  231048.22749737604  
 534.6740  230053.99787263628  
 534.7020  228891.4375617966  
 534.7310  227693.73261527016  
 534.7590  225994.79245081052  
 534.7880  223984.51928952543  
 534.8170  222383.49935139317  
 534.8450  220984.86403945734  
 534.8740  219461.40467663392  
 534.9020  218136.57309964034  
 534.9310  217950.06415370246  
 534.9600  219343.9731180804  
 534.9880  221773.194574432  
 535.0170  224761.94286859728  
 535.0460  227891.14851711085  
 535.0740  230360.36214510608  
 535.1030  231749.42357352722  
 535.1310  232112.74639348942  
 535.1600  231622.29694306012  
 535.1890  231101.55039290086  
 535.2170  230990.17825429334  
 535.2460  231033.68488950565  
 535.2750  231337.62539399703  
 535.3030  232366.9996544236  
 535.3320  233955.90075266382  
 535.3610  235534.98559059156  
 535.3890  237121.4629208534  
 535.4180  238733.26862648953  
 535.4470  240148.87031427416  
 535.4750  241064.44866811484  
 535.5040  241542.77927865213  
 535.5330  241732.92387655762  
 535.5610  241834.6009432515  
 535.5900  241950.94180621475  
 535.6190  241856.4148550571  
 535.6470  241548.83869859812  
 535.6760  241591.25463822013  
 535.7050  242189.4405752893  
 535.7330  242850.64447979687  
 535.7620  243126.8328409356  
 535.7910  243078.35748136757  
 535.8200  242787.7477007574  
 535.8480  242133.815100185  
 535.8770  241238.83877416074  
 535.9060  240761.72004761267  
 535.9340  240739.90613580705  
 535.9630  240629.74588118878  
 535.9920  240090.8210711915  
 536.0210  239297.64300026002  
 536.0490  238614.62518394683  
 536.0780  238049.03892618718  
 536.1070  237234.0469434501  
 536.1360  236232.54601477514  
 536.1640  235445.42736378967  
 536.1930  234802.4017191201  
 536.2220  234142.40969860175  
 536.2510  233799.68890645594  
 536.2790  234263.4769091228  
 536.3080  234764.83331545492  
 536.3370  234595.2907453658  
 536.3660  233992.13608394092  
 536.3940  233139.69688593756  
 536.4230  232179.2788244965  
 536.4520  231338.83727798623  
 536.4810  231025.20170158122  
 536.5090  231458.81379291703  
 536.5380  232477.2810974408  
 536.5670  232838.05896102564  
 536.5960  232176.8550565181  
 536.6250  231498.6847761617  
 536.6530  231285.63557086035  
 536.6820  231254.12658714113  
 536.7110  231748.211689538  
 536.7400  233046.38181876915  
 536.7690  234092.72245504454  
 536.7970  233958.32452064226  
 536.8260  232841.69461299325  
 536.8550  231244.43151522754  
 536.8840  230623.21978236354  
 536.9130  230721.26119708986  
 536.9420  230950.18608264974  
 536.9700  230319.27927787218  
 536.9990  228077.65746304876  
 537.0280  224470.1212039979  
 537.0570  220385.34503000005  
 537.0860  216990.9791646495  
 537.1150  215690.38526743997  
 537.1430  216524.64620560533  
 537.1720  217883.41053429648  
 537.2010  218818.37903196432  
 537.2300  218901.87783882022  
 537.2590  218395.6738965313  
 537.2880  217509.30194683038  
 537.3170  216582.8166370869  
 537.3460  216967.9533688547  
 537.3740  218628.23443405883  
 537.4030  220229.13318379218  
 537.4320  221646.06794396494  
 537.4610  222825.5946306534  
 537.4900  224034.0853446837  
 537.5190  226038.29908602283  
 537.5480  228755.82774340513  
 537.5770  231768.81371735444  
 537.6060  234938.01153751157  
 537.6340  237104.4965450046  
 537.6630  237659.05465846256  
 537.6920  237191.63100382808  
 537.7210  236874.35977545552  
 537.7500  236960.40353868873  
 537.7790  236806.61546045923  
 537.8080  236271.32630242952  
 537.8370  236014.52808511804  
 537.8660  235883.76580268334  
 537.8950  235409.07084411368  
 537.9240  234965.8848692632  
 537.9530  234671.5182482865  
 537.9820  234430.5957112335  
 538.0100  234181.0687978572  
 538.0390  234013.94999574652  
 538.0680  233878.340177355  
 538.0970  233421.82347862335  
 538.1260  232726.68682241818  
 538.1550  231639.26331890892  
 538.1840  229710.0651965013  
 538.2130  227820.98043413617  
 538.2420  226596.6140398473  
 538.2710  225363.76445763407  
 538.3000  224861.1961673128  
 538.3290  225608.44383505356  
 538.3580  226569.9525920849  
 538.3870  227374.0376189192  
 538.4160  228114.01398272475  
 538.4450  228680.6909360747  
 538.4740  228849.02162217462  
 538.5030  228818.84571084354  
 538.5320  228709.77615181552  
 538.5610  228367.05535966973  
 538.5900  227934.77634072205  
 538.6190  227827.0398540822  
 538.6480  227995.37054018205  
 538.6770  228747.34455548073  
 538.7060  230724.89684905746  
 538.7350  233034.26297887717  
 538.7640  234785.4353432713  
 538.7930  235921.33420634855  
 538.8220  236304.04717013796  
 538.8510  235861.95189087774  
 538.8800  234781.7996913037  
 538.9090  234045.4589794657  
 538.9380  233831.0767017762  
 538.9670  233436.36608649377  
 538.9960  232746.07696624537  
 539.0250  232242.2967919349  
 539.0550  231909.2710717027  
 539.0840  231749.42357352722  
 539.1130  232181.7025924749  
 539.1420  232408.20371005638  
 539.1710  231650.17027481174  
 539.2000  230882.32057925453  
 539.2290  230026.12454088466  
 539.2580  228878.10683791543  
 539.2870  228158.85369032517  
 539.3160  228275.07336488945  
 539.3450  228434.92086306497  
 539.3740  228598.40401320806  
 539.4030  228956.87929721343  
 539.4320  229322.625885154  
 539.4620  229351.5899124959  
 539.4910  229325.04965313242  
 539.5200  229138.5407071945  
 539.5490  227697.3682672378  
 539.5780  225155.56278828948  
 539.6070  223045.91513988996  
 539.6360  220472.60067722248  
 539.6650  218346.10784137307  
 539.6950  217712.65608021815  
 539.7240  218528.8599469444  
 539.7530  219221.5728351712  
 539.7820  219875.50543574357  
 539.8110  220175.93147666627  
 539.8400  220453.21053339526  
 539.8690  220198.83608406218  
 539.8980  219460.1927926447  
 539.9280  218788.08193223432  
 539.9570  218111.12353586714  
 539.9860  217044.18087177537  
 540.0150  216246.15526488714  
 540.0440  216295.84250844433  
 540.0730  218002.17516523803  
 540.1030  220851.55680064534  
 540.1320  224038.9328806405  
 540.1610  227150.08145771502  
 540.1900  230558.98993093596  
 540.2190  232256.8393998053  
 540.2490  231381.25321760823  
 540.2780  229068.25143582092  
 540.3070  226596.6140398473  
 540.3360  223536.36459031922  
 540.3650  220263.06593548978  
 540.3940  217692.05405240174  
 540.4240  215800.54552205824  
 540.4530  213866.49986369378  
 540.4820  212366.06629666517  
 540.5110  211370.6247879362  
 540.5410  210880.17533750692  
 540.5700  210652.58352433515  
 540.5990  209988.95585184917  
 540.6280  209182.4470570365  
 540.6570  208440.04692525254  
 540.6870  207734.00331314455  
 540.7160  206950.52031412668  
 540.7450  206811.2748437676  
 540.7740  207474.90251625355  
 540.8040  208349.27681446145  
 540.8330  208986.243039185  
 540.8620  210418.81110281846  
 540.8910  211878.0406142143  
 540.9210  212517.55179531517  
 540.9500  213447.55156862733  
 540.9790  215875.5611409897  
 541.0080  218154.75135947834  
 541.0380  220530.64992030512  
 541.0670  222516.6854018063  
 541.0960  224178.1783509996  
 541.1260  224688.01794525608  
 541.1550  224501.6301877171  
 541.1840  223944.5271178818  
 541.2130  223497.70549106377  
 541.2430  222607.5767009963  
 541.2720  221838.6363098488  
 541.3010  221309.40657176514  
 541.3310  221630.3134521053  
 541.3600  221965.7629403159  
 541.3890  222124.3985545022  
 541.4190  222260.00837289367  
 541.4480  223410.44984384134  
 541.4770  224266.6458822112  
 541.5060  225170.1053961599  
 541.5360  226176.33267239272  
 541.5650  226688.5960346276  
 541.5940  226365.265386309  
 541.6240  225624.19832691315  
 541.6530  225071.9427930347  
 541.6820  225172.52916413828  
 541.7120  225787.68147705626  
 541.7410  226091.62198154765  
 541.7710  226561.4694041605  
 541.8000  226985.3864235827  
 541.8290  226900.5545443387  
 541.8590  226724.9525543036  
 541.8880  227352.22370711356  
 541.9170  228669.78398017192  
 541.9470  229579.30291406662  
 541.9760  230606.25340651476  
 542.0050  231561.70274360012  
 542.0350  231749.42357352722  
 542.0640  231790.62762916  
 542.0940  232272.5938916649  
 542.1230  232720.62740247216  
 542.1520  233335.77971539015  
 542.1820  234313.16415268002  
 542.2110  234586.8075574414  
 542.2410  233925.60365293382  
 542.2700  232569.26309222105  
 542.2990  231295.33064277392  
 542.3290  229717.33650043648  
 542.3580  228135.82789453038  
 542.3880  227282.05562413888  
 542.4170  227467.35268608757  
 542.4460  227688.88507931336  
 542.4760  228197.51278958065  
 542.5050  229147.02389511894  
 542.5350  230188.39580703856  
 542.5640  231097.91474093325  
 542.5940  231920.1780276055  
 542.6230  232683.05899880696  
 542.6520  233231.67888071787  
 542.6820  233517.44112537123  
 542.7110  233206.22931694463  
 542.7410  232409.41559404557  
 542.7700  231945.6275913787  
 542.8000  230548.08297503315  
 542.8290  228074.02181108115  
 542.8590  226339.81582253583  
 542.8880  225518.76441985276  
 542.9180  224524.534795113  
 542.9470  224260.5864622652  
 542.9770  224920.5784827836  
 543.0060  224862.408051302  
 543.0360  224481.02815990068  
 543.0650  223807.70541550114  
 543.0950  222924.84792936887  
 543.1240  221816.8223980432  
 543.1540  220651.83831922515  
 543.1830  219410.50554908748  
 543.2130  218240.67393431262  
 543.2420  217302.1909730761  
 543.2720  215933.73157247133  
 543.3010  214003.44275447342  
 543.3310  214082.0940253725  
 543.3600  215612.82469213114  
 543.3900  217556.44423401027  
 543.4190  220242.46390767337  
 543.4490  223448.01824750655  
 543.4780  224043.7804165973  
 543.5080  223244.54292571984  
 543.5370  222123.18667051298  
 543.5670  220665.16904310635  
 543.5960  219904.59065148438  
 543.6260  219759.2857611793  
 543.6560  220134.7274210335  
 543.6850  220771.69364575704  
 543.7150  221981.5174321755  
 543.7440  222878.79633777923  
 543.7740  223307.56089315822  
 543.8030  224321.1806617252  
 543.8330  226045.57038995804  
 543.8630  227957.80213651687  
 543.8920  230005.52251306825  
 543.9220  232281.0770795893  
 543.9510  233573.18778887443  
 543.9810  233898.94220517145  
 544.0100  234562.5698776574  
 544.0400  235354.53606459967  
 544.0700  236776.31836072923  
 544.0990  238417.20928210617  
 544.1290  240039.9219436451  
 544.1580  241053.54171221203  
 544.1880  241874.5931148951  
 544.2180  242151.8721716241  
 544.2470  242177.3217353973  
 544.2770  242166.4147794945  
 544.3070  242012.626701265  
 544.3360  241264.28833793395  
 544.3660  239731.13390319693  
 544.3950  238507.97939289725  
 544.4250  237298.27679487772  
 544.4550  236002.40924522604  
 544.4840  235114.8254115359  
 544.5140  233770.60369071513  
 544.5440  230556.56616295755  
 544.5730  227486.7428299148  
 544.6030  224776.4854764677  
 544.6330  222245.46576502328  
 544.6620  220822.59277330345  
 544.6920  220760.78668985426  
 544.7220  220617.90556752754  
 544.7510  220281.24419532774  
 544.7810  219944.58282312797  
 544.8110  219668.51565038817  
 544.8400  219417.7768530227  
 544.8700  220014.8720945016  
 544.9000  221191.85382481272  
 544.9290  222462.2718106912  
 544.9590  223859.6952386378  
 544.9890  225189.37435158817  
 545.0190  225629.04586286997  
 545.0480  227222.67330866808  
 545.0780  229888.0909545148  
 545.1080  232918.0433043129  
 545.1370  236276.17383838634  
 545.1670  239458.70238242473  
 545.1970  241087.47446390966  
 545.2270  241714.74561671962  
 545.2560  242084.1278566278  
 545.2860  242437.75560467638  
 545.3160  242855.49201575367  
 545.3450  242830.04245198047  
 545.3750  241338.09207287623  
 545.4050  237536.77556395228  
 545.4350  233395.16203086093  
 545.4640  229384.3107802043  
 545.4940  225343.16242981763  
 545.5240  222664.53524848868  
 545.5540  222306.05996448328  
 545.5830  222313.3312684185  
 545.6130  222327.8738762889  
 545.6430  222751.66970731216  
 545.6730  223188.79626221664  
 545.7030  223736.20426013833  
 545.7320  224249.67950636242  
 545.7620  224723.16258094288  
 545.7920  225132.5369924947  
 545.8220  225535.73079570156  
 545.8520  225595.11311117234  
 545.8810  225166.4697441923  
 545.9110  226349.51089444943  
 545.9410  229159.14273501092  
 545.9710  232225.33041608607  
 546.0010  235886.18957066175  
 546.0300  240346.28621611485  
 546.0600  243186.09396800748  
 546.0900  244168.2047528552  
 546.1200  244196.07808460682  
 546.1500  242504.28803568348  
 546.1790  239683.8704276181  
 546.2090  237169.8170920225  
 546.2390  234774.5283873685  
 546.2690  232474.8573294624  
 546.2990  231451.54248898182  
 546.3290  231227.46513937874  
 546.3590  230617.16036241755  
 546.3880  230074.59990045268  
 546.4180  229873.54834664438  
 546.4480  229684.6156327281  
 546.4780  228885.3781418506  
 546.5080  227996.58242417127  
 546.5380  226962.36062778792  
 546.5680  225797.37654896986  
 546.5970  224723.16258094288  
 546.6270  223841.63816719875  
 546.6570  223529.09328638404  
 546.6870  224850.28921140995  
 546.7170  226847.2316488139  
 546.7470  228749.76832345914  
 546.7770  231225.04137140032  
 546.8070  233575.61155685285  
 546.8370  234447.5620870823  
 546.8660  234562.5698776574  
 546.8960  234591.6550933982  
 546.9260  234139.9859306233  
 546.9560  233360.01739517413  
 546.9860  233140.90876992675  
 547.0160  233460.60376627775  
 547.0460  234311.95226869083  
 547.0760  235697.25685674546  
 547.1060  236988.1556820414  
 547.1360  237820.1140406273  
 547.1660  238367.52203854895  
 547.1960  238420.84493407374  
 547.2260  237717.22508994417  
 547.2550  236715.72416126923  
 547.2850  236197.40137908832  
 547.3150  235551.95196644036  
 547.3450  234597.7145133442  
 547.3750  234350.6113679463  
 547.4050  234617.1046571714  
 547.4350  234767.2570834333  
 547.4650  234252.56995322002  
 547.4950  232581.3819321131  
 547.5250  229572.03161013138  
 547.5550  225822.82611274306  
 547.5850  222034.7191393014  
 547.6150  218937.02247450702  
 547.6450  217586.74133374027  
 547.6750  217425.6819515756  
 547.7050  217660.66625708147  
 547.7350  218009.44646917327  
 547.7650  219188.8519674628  
 547.7950  220408.37082579485  
 547.8250  221539.4221529153  
 547.8550  223200.91510210864  
 547.8850  224694.07736520207  
 547.9150  224990.8677541572  
 547.9450  223801.64599555513  
 547.9750  221792.5847182592  
 548.0050  219790.79474489848  
 548.0350  219042.3351931685  
 548.0650  220053.53119375708  
 548.0950  222780.75492305297  
 548.1250  226546.9267962901  
 548.1550  229427.9386038155  
 548.1860  231067.61764120325  
 548.2160  231779.72067325722  
 548.2460  232193.82143236688  
 548.2760  232421.5344339376  
 548.3060  232983.48503972968  
 548.3360  233456.96811431015  
 548.3660  233456.96811431015  
 548.3960  232990.75634366486  
 548.4260  232227.75418406448  
 548.4560  232087.29682971622  
 548.4860  232801.82362974857  
 548.5160  234303.46908076643  
 548.5460  236094.51242840526  
 548.5760  237820.1140406273  
 548.6070  238497.07243699447  
 548.6370  237260.7083912125  
 548.6670  235671.80729297225  
 548.6970  234418.4768713415  
 548.7270  233052.44123871517  
 548.7570  231403.06712941383  
 548.7870  231015.50662966762  
 548.8170  230248.99000649856  
 548.8470  228887.80190982902  
 548.8780  227602.9625044791  
 548.9080  227048.2832026222  
 548.9380  226445.24972959622  
 548.9680  225837.36872061345  
 548.9980  225480.10532059727  
 549.0280  224999.35094208157  
 549.0580  224431.3409163435  
 549.0890  223897.263642303  
 549.1190  223504.97679499895  
 549.1490  224122.55287589532  
 549.1790  225664.19049855677  
 549.2090  226773.42791387162  
 549.2390  226749.1902340876  
 549.2690  227214.19012074367  
 549.3000  226928.4278760903  
 549.3300  226084.3506776124  
 549.3600  225844.51883614974  
 549.3900  226906.6139642847  
 549.4200  227570.24163677066  
 549.4510  228254.47133707305  
 549.4810  229086.42969565894  
 549.5110  229372.1919403123  
 549.5410  229718.5483844257  
 549.5710  229527.191902531  
 549.6020  227793.1071023846  
 549.6320  226468.27552539104  
 549.6620  225690.73075792025  
 549.6920  224566.950734735  
 549.7220  223795.58657560914  
 549.7530  225334.80043029218  
 549.7830  227036.1643627302  
 549.8130  229110.66737544292  
 549.8430  231577.4572354597  
 549.8740  234166.5261899868  
 549.9040  235911.63913443495  
 549.9340  237132.3698767562  
 549.9640  237335.72401014398  
 549.9950  235536.19747458078  
 550.0250  234070.9085432389  
 550.0550  232415.4750139916  
 550.0850  230023.70077290628  
 550.1160  229622.9307376778  
 550.1460  231393.3720575002  
 550.1760  232505.03324079348  
 550.2060  233742.73035896354  
 550.2370  235636.78384568437  
 550.2670  236065.42721266445  
 550.2970  235962.53826198133  
 550.3270  235706.95192865905  
 550.3580  235059.07874803268  
 550.3880  234625.5878450958  
 550.4180  233816.65528230474  
 550.4490  232376.69472633718  
 550.4790  230332.48881335446  
 550.5090  229289.90501744562  
 550.5400  227800.37840631977  
 550.5700  227090.6991422442  
 550.6000  227288.11504408487  
 550.6300  228470.06549875176  
 550.6610  229214.7682101152  
 550.6910  230327.76246579658  
 550.7210  230809.72872830147  
 550.7520  231128.21184066325  
 550.7820  231318.35643856874  
 550.8120  230980.48318237974  
 550.8430  230207.78595086577  
 550.8730  230218.69290676856  
 550.9040  229855.3700868064  
 550.9340  229259.6079177156  
 550.9640  229614.44754975341  
 550.9950  230433.07518445805  
 551.0250  230778.21974458225  
 551.0550  231973.5009231303  
 551.0860  232565.62744025348  
 551.1160  232383.96603027236  
 551.1460  231309.87325064433  
 551.1770  229924.4474741908  
 551.2070  227892.36040110007  
 551.2380  226740.7070461632  
 551.2680  225317.83405444337  
 551.2980  223789.52715566312  
 551.3290  222803.78071884776  
 551.3590  222364.10920756598  
 551.3900  221884.5667130395  
 551.4200  221699.26965109078  
 551.4500  222612.42423695308  
 551.4810  223175.58672673436  
 551.5110  222806.20448682617  
 551.5420  222074.711310945  
 551.5720  221334.8561355383  
 551.6020  221259.71932820792  
 551.6330  221508.03435759502  
 551.6630  222886.06764171447  
 551.6940  225239.06159514538  
 551.7240  228048.57224730795  
 551.7550  229940.20196605037  
 551.7850  231416.39785329503  
 551.8150  232962.88301191328  
 551.8460  234137.56216264493  
 551.8760  235026.35788032427  
 551.9070  235892.24899060774  
 551.9370  236649.19173026213  
 551.9680  236043.61330085885  
 551.9980  234979.2155931444  
 552.0290  234399.0867275143  
 552.0590  234235.6035773712  
 552.0900  233815.44339831555  
 552.1200  234172.5856099328  
 552.1510  234515.3064020786  
 552.1810  234516.51828606782  
 552.2120  234433.01947921191  
 552.2420  234758.77389550887  
 552.2730  234579.5362535062  
 552.3030  234374.8490477303  
 552.3340  233747.57789492034  
 552.3640  232955.61170797807  
 552.3950  231621.08505907093  
 552.4250  230687.32844539222  
 552.4560  229756.11678809088  
 552.4860  229599.904941883  
 552.5170  229228.0989339964  
 552.5470  229362.4968683987  
 552.5780  228537.80981374803  
 552.6080  228460.37042683814  
 552.6390  227869.33460530525  
 552.6690  226364.05350231982  
 552.7000  223942.10334990342  
 552.7310  222533.65177765506  
 552.7610  220456.84618536287  
 552.7920  218796.56512015872  
 552.8220  218170.50585133795  
 552.8530  218886.1233469606  
 552.8830  219169.5830120345  
 552.9140  219834.4225685097  
 552.9440  220631.23629140877  
 552.9750  221609.7114242889  
 553.0060  221865.17656921232  
 553.0360  222579.70336924467  
 553.0670  223011.98238819235  
 553.0970  223497.70549106377  
 553.1280  223127.11136716636  
 553.1590  223142.86585902594  
 553.1890  223260.29741757945  
 553.2200  224801.9350402409  
 553.2500  226584.49519995533  
 553.2810  229406.1246920099  
 553.3120  231652.59404279012  
 553.3420  232656.51873944348  
 553.3730  231877.76208798352  
 553.4030  230067.32859651747  
 553.4340  228615.37038905683  
 553.4650  227734.93667090297  
 553.4950  227487.95471390398  
 553.5260  227342.52863519997  
 553.5570  227797.95463834138  
 553.5870  227495.2260178392  
 553.6180  226412.5288618878  
 553.6490  226591.7665038905  
 553.6790  227292.9625800417  
 553.7100  227796.74275435216  
 553.7400  228417.95448721614  
 553.7710  229364.92063637712  
 553.8020  228887.80190982902  
 553.8330  227738.57232287058  
 553.8630  227244.4872204737  
 553.8940  227314.7764918473  
 553.9250  228503.87706205045  
 553.9550  230097.62569624747  
 553.9860  232070.33045386738  
 554.0170  233424.24724660174  
 554.0470  234445.1383191039  
 554.0780  234833.78951444037  
 554.1090  235016.66280841068  
 554.1390  235281.94421364658  
 554.1700  234911.35008974918  
 554.2010  234566.205529625  
 554.2320  233586.51851275563  
 554.2620  232639.5523635947  
 554.2930  231700.9482139592  
 554.3240  231438.21176510063  
 554.3540  231409.12654935982  
 554.3850  232211.9996922049  
 554.4160  233105.76413423996  
 554.4470  233714.85702721195  
 554.4770  234030.91637159532  
 554.5080  233483.62956207254  
 554.5390  232563.20367227506  
 554.5700  231834.13426437232  
 554.6000  231286.84745484954  
 554.6310  230738.22757293866  
 554.6620  230538.38790311955  
 554.6930  231067.61764120325  
 554.7230  231358.2274218134  
 554.7540  232185.33824444248  
 554.7850  233120.30674211035  
 554.8160  233955.90075266382  
 554.8470  234150.89288652613  
 554.8770  234402.72237948191  
 554.9080  234198.035173706  
 554.9390  234013.94999574652  
 554.9700  234030.91637159532  
 555.0010  233918.33234899864  
 555.0310  233731.82340306073  
 555.0620  233954.68886867462  
 555.0930  234378.4846996979  
 555.1240  234786.6472272605  
 555.1550  235252.85899790577  
 555.1850  235066.35005196786  
 555.2160  234018.7975317033  
 555.2470  233134.84934998077  
 555.2780  232306.5266433625  
 555.3090  231321.99209053634  
 555.3400  230108.5326521503  
 555.3700  229429.1504878047  
 555.4010  228938.70103737543  
 555.4320  228431.28521109733  
 555.4630  227957.80213651687  
 555.4940  228542.65734970482  
 555.5250  228836.90278228262  
 555.5560  229001.59781641493  
 555.5860  229337.0473046255  
 555.6170  229655.6516053862  
 555.6480  229014.9285402961  
 555.6790  228632.33676490563  
 555.7100  228248.41191712703  
 555.7410  228541.44546571563  
 555.7720  229357.64933244188  
 555.8030  230785.49104851746  
 555.8330  231360.65118979182  
 555.8640  231882.6096239403  
 555.8950  232683.05899880696  
 555.9260  233488.47709802934  
 555.9570  234469.3759988879  
 555.9880  236389.96974497222  
 556.0190  237832.23288051927  
 556.0500  237294.6411429101  
 556.0810  236489.2230436877  
 556.1120  234798.7660671525  
 556.1430  232948.3404040429  
 556.1740  231875.3383200051  
 556.2040  230411.26127265248  
 556.2350  228954.455529235  
 556.2660  228715.83557176153  
 556.2970  228348.87709983173  
 556.3280  227389.7921107788  
 556.3590  227444.32689029278  
 556.3900  227539.94453704066  
 556.4210  226597.82592383653  
 556.4520  226049.20604192562  
 556.4830  225586.62992324794  
 556.5140  225298.44391061616  
 556.5450  224327.2400816712  
 556.5760  223785.89150369554  
 556.6070  222984.23024483965  
 556.6380  222824.38274666417  
 556.6690  222828.01839863177  
 556.7000  222783.17869103135  
 556.7310  224148.00243966852  
 556.7620  225729.51104557465  
 556.7930  225447.38445288886  
 556.8240  224784.96866439207  
 556.8550  224902.40022294558  
 556.8860  223796.79845959833  
 556.9170  222227.28750518526  
 556.9480  222905.45778554166  
 556.9790  224186.661538924  
 557.0100  225212.40014738296  
 557.0410  226274.49527551795  
 557.0720  226749.1902340876  
 557.1030  226373.74857423344  
 557.1340  224106.7983840357  
 557.1650  222263.6440248613  
 557.1960  220940.02433185696  
 557.2270  220213.37869193256  
 557.2580  218705.67382096872  
 557.2890  218748.08976059072  
 557.3200  219174.4305479913  
 557.3510  219609.1333349174  
 557.3830  220432.60850557886  
 557.4140  221296.0758478839  
 557.4450  221061.09154237804  
 557.4760  220299.42245516577  
 557.5070  219208.24211129  
 557.5380  217609.7671295351  
 557.5690  216387.8245032246  
 557.6000  216213.4343971787  
 557.6310  215482.06240969646  
 557.6620  216343.10598402313  
 557.6930  218038.41049651516  
 557.7240  219443.2264167959  
 557.7560  220907.30346414854  
 557.7870  223011.98238819235  
 557.8180  223173.16295875594  
 557.8490  222464.69557866958  
 557.8800  222715.31318763614  
 557.9110  222990.28966478567  
 557.9420  222727.43202752818  
 557.9730  223806.49353151195  
 558.0050  225076.79032899148  
 558.0360  224502.8420717063  
 558.0670  224632.3924701518  
 558.0980  225506.76676835967  
 558.1290  225310.56275050816  
 558.1600  225058.61206915346  
 558.1910  225926.92694741534  
 558.2230  225861.48521199854  
 558.2540  225494.64792846766  
 558.2850  224999.35094208157  
 558.3160  224173.4520034417  
 558.3470  223814.97671943632  
 558.3780  224063.1705604245  
 558.4100  223927.560742033  
 558.4410  223974.82421761184  
 558.4720  223967.55291367663  
 558.5030  222088.04203482618  
 558.5340  219026.5807013089  
 558.5660  218079.61455214795  
 558.5970  216903.7235174271  
 558.6280  215639.48613989356  
 558.6590  215977.35939608255  
 558.6900  216864.9432297727  
 558.7220  214275.87427524562  
 558.7530  212203.79503051125  
 558.7840  210904.4130172909  
 558.8150  209617.1498439626  
 558.8470  208286.25884702304  
 558.8780  208917.1656518006  
 558.9090  209221.106156292  
 558.9400  209792.75183399767  
 558.9710  210154.86276997067  
 559.0030  210096.69233848905  
 559.0340  210810.00725453222  
 559.0650  212404.84658431957  
 559.0960  213004.36559377686  
 559.1280  215128.43466164786  
 559.1590  216687.0386601581  
 559.1900  217567.35118991305  
 559.2220  218297.63248180505  
 559.2530  220072.92133758427  
 559.2840  220763.21045783264  
 559.3150  220473.81256121167  
 559.3470  220029.29351397307  
 559.3780  220248.52332761936  
 559.4090  219755.65010921168  
 559.4410  219933.6758672252  
 559.4720  220617.90556752754  
 559.5030  221466.83030196224  
 559.5340  221680.00069566251  
 559.5660  221860.3290332555  
 559.5970  222814.68767475054  
 559.6280  224065.59432840292  
 559.6600  224536.65363500497  
 559.6910  223871.81407852983  
 559.7220  222899.39836559564  
 559.7540  221541.8459208937  
 559.7850  220088.67582944388  
 559.8160  220181.99089661226  
 559.8480  221678.78881167332  
 559.8790  223273.62814146065  
 559.9100  224517.26349117782  
 559.9420  225429.20619305086  
 559.9730  224828.5964880033  
 560.0040  223817.40048741474  
 560.0360  222894.55082963884  
 560.0670  221954.85598441312  
 560.0990  220443.51546148167  
 560.1300  217874.92734637205  
 560.1610  215141.76538552908  
 560.1930  213125.43280429795  
 560.2240  212198.94749455445  
 560.2550  211967.7200294151  
 560.2870  213265.89015864625  
 560.3180  214906.78108002315  
 560.3500  215942.21476039573  
 560.3810  216337.04656407714  
 560.4120  216749.9354391976  
 560.4440  217152.0385468142  
 560.4750  217706.59666027216  
 560.5070  218772.3274403747  
 560.5380  219472.3116325367  
 560.5700  219938.523403182  
 560.6010  220390.19256595685  
 560.6320  221223.36280853194  
 560.6640  222880.00822176845  
 560.6950  224730.43388487806  
 560.7270  226520.2653485277  
 560.7580  228281.13278483547  
 560.7900  229461.8713555131  
 560.8210  229208.7087901692  
 560.8520  228718.25933973995  
 560.8840  228354.93651977775  
 560.9150  228038.87717539436  
 560.9470  227738.57232287058  
 560.9780  227421.301094498  
 561.0100  227068.88523043858  
 561.0410  226749.1902340876  
 561.0730  226475.54682932622  
 561.1040  226801.3012456232  
 561.1360  227351.01182312437  
 561.1670  227938.41199268965  
 561.1990  228483.39622263293  
 561.2300  229028.25926417732  
 561.2620  229598.6930578938  
 561.2930  230121.86337603148  
 561.3250  230263.53261436897  
 561.3560  229619.2950857102  
 561.3880  227736.14855489216  
 561.4190  224794.6637363057  
 561.4510  221618.19461221332  
 561.4820  218751.72541255833  
 561.5140  216584.02852107608  
 561.5450  215248.28998817975  
 561.5770  214734.8147419557  
 561.6080  214451.47626528068  
 561.6400  214243.1534075372  
 561.6720  214045.73750569648  
 561.7030  213768.45844896752  
 561.7350  213464.51794447613  
 561.7660  212849.36563155818  
 561.7980  211936.2110456959  
 561.8290  211012.27069232974  
 561.8610  210813.64290649985  
 561.8920  211392.4386997418  
 561.9240  213491.17939223853  
 561.9560  216783.8681908952  
 561.9870  219874.29355175438  
 562.0190  222370.16862751197  
 562.0500  224397.4081646459  
 562.0820  225652.07165866476  
 562.1140  225748.90118940183  
 562.1450  225960.85969911295  
 562.1770  226427.0714697582  
 562.2080  226886.0119364683  
 562.2400  226990.2339595395  
 562.2720  226732.2238582388  
 562.3030  226073.44372170963  
 562.3350  225348.00996577443  
 562.3660  224514.83972319937  
 562.3980  223737.41614412752  
 562.4300  223404.39042389533  
 562.4610  223463.77273936613  
 562.4930  223777.40831577114  
 562.5250  224651.782613979  
 562.5560  225677.40003403905  
 562.5880  226348.2990104602  
 562.6200  226913.8852682199  
 562.6510  227290.53881206329  
 562.6830  226953.8774398635  
 562.7150  226117.07154532082  
 562.7460  225447.38445288886  
 562.7780  225248.75666705897  
 562.8100  225575.72296734515  
 562.8410  226898.1307763603  
 562.8730  228765.52281531872  
 562.9050  230756.40583277665  
 562.9360  232467.58602552718  
 562.9680  233739.09470699594  
 563.0000  234120.59578679613  
 563.0310  234142.40969860175  
 563.0630  233982.5622004262  
 563.0950  233804.53644241276  
 563.1270  233691.83123141713  
 563.1580  233496.83909755485  
 563.1900  233294.69684815625  
 563.2220  233039.11051483397  
 563.2530  232580.1700481239  
 563.2850  231941.9919394111  
 563.3170  231460.02567690625  
 563.3490  231026.4135855704  
 563.3800  230617.16036241755  
 563.4120  230188.39580703856  
 563.4440  229719.7602684149  
 563.4750  229149.44766309732  
 563.5070  228411.89506727015  
 563.5390  227538.73265305147  
 563.5710  226774.63979786081  
 563.6030  226126.76661723445  
 563.6340  225505.55488437047  
 563.6660  224621.48551424898  
 563.6980  223838.00251523114  
 563.7300  223250.60234566586  
 563.7610  222852.13489001687  
 563.7930  222755.30535927977  
 563.8250  223210.61017402224  
 563.8570  223741.05179609513  
 563.8890  223988.154941493  
 563.9200  223971.18856564423  
 563.9520  223639.37472940123  
 563.9840  222673.01843641308  
 564.0160  221494.70363371383  
 564.0480  220717.15886624303  
 564.0790  220249.73521160855  
 564.1110  219840.4819884557  
 564.1430  219811.39677271488  
 564.1750  220187.92912815936  
 564.2070  220740.18466203785  
 564.2390  220770.48176176785  
 564.2700  220766.84610980024  
 564.3020  221148.34718960043  
 564.3340  221345.76309144113  
 564.3660  221050.18458647522  
 564.3980  220915.78665207294  
 564.4300  220913.36288409453  
 564.4620  220808.05016543303  
 564.4930  221099.87183003244  
 564.5250  222037.14290727978  
 564.5570  223206.97452205463  
 564.5890  224319.968777736  
 564.6210  225349.22184976365  
 564.6530  226049.20604192562  
 564.6850  226165.54690488885  
 564.7160  226104.95270542885  
 564.7480  226290.24976737754  
 564.7800  226787.970521742  
 564.8120  226990.2339595395  
 564.8440  226751.614002066  
 564.8760  226359.20596636302  
 564.9080  225613.29137101036  
 564.9400  224593.6121824974  
 564.9720  223778.62019976033  
 565.0040  223341.49364485586  
 565.0360  222924.84792936887  
 565.0680  222448.94108681  
 565.0990  221959.70352036992  
 565.1310  221780.46587836722  
 565.1630  221663.0343198137  
 565.1950  221666.66997178132  
 565.2270  221751.3806626264  
 565.2590  221712.600374972  
 565.2910  221586.68562849413  
 565.3230  221292.44019591634  
 565.3550  220860.03998856974  
 565.3870  220206.10738799736  
 565.4190  219609.1333349174  
 565.4510  219365.6658414871  
 565.4830  219531.5727596086  
 565.5150  220007.60079056636  
 565.5470  220897.60839223492  
 565.5790  221988.7887361107  
 565.6110  222723.79637556055  
 565.6430  222947.87372516366  
 565.6750  222278.1866327317  
 565.7070  220139.57495699028  
 565.7390  217089.0205793758  
 565.7710  214136.6288048865  
 565.8030  211203.5059858255  
 565.8350  209014.1163709366  
 565.8670  208649.5816669852  
 565.8990  209257.46267596798  
 565.9310  209877.46252484276  
 565.9630  210740.92986714782  
 565.9950  211651.6606850317  
 566.0270  212045.15941632495  
 566.0590  211919.24466984707  
 566.0910  210933.4982330317  
 566.1230  209203.0490848529  
 566.1550  207224.16371888807  
 566.1870  205770.99362743823  
 566.2190  205757.66290355704  
 566.2510  207782.47867271255  
 566.2830  210882.59910548534  
 566.3160  214234.67021961277  
 566.3480  217424.47006758637  
 566.3800  219271.2600787284  
 566.4120  219897.31934754917  
 566.4440  220637.29571135476  
 566.4760  221438.95697021062  
 566.5080  221733.2024027884  
 566.5400  221847.1194977732  
 566.5720  221782.8896463456  
 566.6040  221286.38077597032  
 566.6360  221028.37067466963  
 566.6690  221408.65987048062  
 566.7010  222147.424350297  
 566.7330  222913.94097346606  
 566.7650  223483.16288319335  
 566.7970  223220.30524593586  
 566.8290  222278.1866327317  
 566.8610  221274.2619360783  
 566.8930  220493.20270503886  
 566.9260  219957.91354700917  
 566.9580  219702.32721368686  
 566.9900  219657.6086944854  
 567.0220  219743.53126931968  
 567.0540  219993.05818269597  
 567.0860  220261.85405150056  
 567.1180  220775.32929772465  
 567.1510  221959.70352036992  
 567.1830  223200.91510210864  
 567.2150  224184.23777094562  
 567.2470  225069.51902505627  
 567.2790  225674.97626606064  
 567.3120  226067.38430176364  
 567.3440  226688.5960346276  
 567.3760  227152.5052256934  
 567.4080  227239.6396845169  
 567.4400  227384.94457482197  
 567.4720  227494.01413385  
 567.5050  227214.19012074367  
 567.5370  227157.3527616502  
 567.5690  227549.63960895428  
 567.6010  227743.41985882737  
 567.6330  227693.73261527016  
 567.6660  227715.54652707576  
 567.6980  227624.77641628467  
 567.7300  227045.8594346438  
 567.7620  226259.95266764754  
 567.7950  225678.61191802824  
 567.8270  225148.29148435427  
 567.8590  224433.7646843219  
 567.8910  224174.66388743094  
 567.9240  224694.07736520207  
 567.9560  225254.81608700496  
 567.9880  225681.03568600662  
 568.0200  226291.46165136673  
 568.0530  226465.85175741263  
 568.0850  225493.43604447847  
 568.1170  224088.6201241977  
 568.1500  222791.66187895578  
 568.1820  221593.9569324293  
 568.2140  220660.32150714958  
 568.2460  220438.66792552485  
 568.2790  220408.37082579485  
 568.3110  220120.18481316307  
 568.3430  219875.50543574357  
 568.3760  219877.92920372196  
 568.4080  220029.29351397307  
 568.4400  220195.20043209454  
 568.4730  220140.78684097948  
 568.5050  219621.2521748094  
 568.5370  218745.66599261234  
 568.5690  217848.38708700857  
 568.6020  217579.47002980506  
 568.6340  217982.78502141088  
 568.6660  218376.28375270416  
 568.6990  218588.2422624152  
 568.7310  218436.87795216416  
 568.7630  217591.58886969707  
 568.7960  216799.6226827548  
 568.8280  216732.96906334878  
 568.8610  216966.7414848655  
 568.8930  217182.3356465442  
 568.9250  217443.86021141356  
 568.9580  217310.67416100047  
 568.9900  216816.5890586036  
 569.0220  216616.74938878452  
 569.0550  216986.1316286927  
 569.0870  217439.01267545676  
 569.1200  217608.55524554587  
 569.1520  217739.31752798057  
 569.1840  218218.86002250703  
 569.2170  218846.25236371593  
 569.2490  219784.7353249525  
 569.2820  221266.9906321431  
 569.3140  222806.20448682617  
 569.3460  223514.55067851362  
 569.3790  223535.15270633003  
 569.4110  223300.28958922304  
 569.4440  222876.37256980085  
 569.4760  222452.5767387776  
 569.5080  222542.1349655795  
 569.5410  223083.48354355514  
 569.5730  223589.68748584404  
 569.6060  224030.44969271612  
 569.6380  224575.43392265937  
 569.6710  224626.33305020578  
 569.7030  224155.27374360373  
 569.7360  223721.66165226794  
 569.7680  223323.31538501786  
 569.8010  222830.44216661018  
 569.8330  222606.3648170071  
 569.8660  222664.53524848868  
 569.8980  222808.62825480456  
 569.9300  223053.18644382514  
 569.9630  223199.70321811945  
 569.9950  222666.9590164671  
 570.0280  221562.44794871012  
 570.0600  220378.07372606485  
 570.0930  218927.3274025934  
 570.1250  217543.11351012907  
 570.1580  216781.4444229168  
 570.1900  216787.5038428628  
 570.2230  217041.75710379696  
 570.2550  217624.30973740548  
 570.2880  218312.17508967547  
 570.3210  218979.43841412902  
 570.3530  219389.90352127107  
 570.3860  219420.20062100107  
 570.4180  218865.5213191442  
 570.4510  218004.59893321648  
 570.4830  217107.1988392138  
 570.5160  216814.1652906252  
 570.5480  217050.2402917214  
 570.5810  217738.10564399135  
 570.6130  218927.3274025934  
 570.6460  219957.91354700917  
 570.6790  219833.21068452048  
 570.7110  219170.7948960237  
 570.7440  218559.1570466744  
 570.7760  216828.7078984956  
 570.8090  214439.3574253887  
 570.8410  212849.36563155818  
 570.8740  211336.8132246375  
 570.9070  209669.26085549817  
 570.9390  208834.8787289339  
 570.9720  208842.15003286913  
 571.0040  208645.9460150176  
 571.0370  207915.66472312566  
 571.0700  207138.24114405375  
 571.1020  206695.0551692033  
 571.1350  206239.6291660619  
 571.1670  205881.15388205653  
 571.2000  206646.5798096353  
 571.2330  207841.86098818335  
 571.2650  208591.4112355036  
 571.2980  210232.30215688056  
 571.3310  212284.99125778768  
 571.3630  213515.41707202254  
 571.3960  214415.1197456047  
 571.4290  215439.64647007445  
 571.4610  216133.57124229043  
 571.4940  216625.23257670892  
 571.5270  217579.47002980506  
 571.5590  219257.9293548472  
 571.5920  221395.3291465994  
 571.6250  222774.69550310695  
 571.6570  223469.83215931215  
 571.6900  223986.9430575038  
 571.7230  223777.40831577114  
 571.7550  223169.52730678837  
 571.7880  222795.2975309234  
 571.8210  222617.27177290988  
 571.8530  222732.27956348498  
 571.8860  223221.51712992505  
 571.9190  223626.04400552003  
 571.9520  223902.11117825983  
 571.9840  224319.968777736  
 572.0170  224304.21428587643  
 572.0500  223873.02596251902  
 572.0820  223504.97679499895  
 572.1150  223208.18640604382  
 572.1480  223284.53509736346  
 572.1810  223927.560742033  
 572.2130  224751.0359126945  
 572.2460  225630.25774685916  
 572.2790  226574.8001280417  
 572.3120  227130.6913138878  
 572.3440  227315.9883758365  
 572.3770  227370.40196695158  
 572.4100  227344.95240317838  
 572.4430  227524.19004518108  
 572.4750  227872.97025727286  
 572.5080  228226.59800532146  
 572.5410  228548.71676965084  
 572.5740  228806.72687095153  
 572.6070  228931.42973344022  
 572.6390  228912.03958961304  
 572.6720  228881.74248988304  
 572.7050  228870.83553398022  
 572.7380  228919.31089354822  
 572.7700  228889.01379381822  
 572.8030  228898.70886573184  
 572.8360  228908.40393764543  
 572.8690  228930.21784945103  
 572.9020  228978.69320901902  
 572.9350  229029.4711481665  
 572.9670  228962.93871715944  
 573.0000  228514.78401795324  
 573.0330  227677.97812341058  
 573.0660  227054.3426225682  
 573.0990  226482.8181332614  
 573.1320  225947.52897523175  
 573.1640  225765.86756525064  
 573.1970  226002.06375474576  
 573.2300  226039.51097001202  
 573.2630  226066.17241777445  
 573.2960  226138.88545712642  
 573.3290  226224.80803196074  
 573.3620  226290.24976737754  
 573.3940  226339.81582253583  
 573.4270  226351.9346624278  
 573.4600  226295.09730333433  
 573.4930  226067.38430176364  
 573.5260  225971.76665501576  
 573.5590  226090.41009755846  
 573.5920  226382.2317621578  
 573.6250  226858.1386047167  
 573.6580  227612.65757639267  
 573.6910  228149.15861841154  
 573.7240  228304.15858063023  
 573.7560  228256.89510505146  
 573.7890  228035.24152342675  
 573.8220  227541.15642102988  
 573.8550  227013.13856693538  
 573.8880  226709.19806244402  
 573.9210  226435.55465768263  
 573.9540  226178.7564403711  
 573.9870  225993.58056682133  
 574.0200  225840.88318418214  
 574.0530  225664.19049855677  
 574.0860  225678.61191802824  
 574.1190  225698.00206185546  
 574.1520  225681.03568600662  
 574.1850  225730.72292956384  
 574.2180  225826.46176471066  
 574.2510  225909.96057156654  
 574.2840  226078.29125766642  
 574.3170  226429.49523773664  
 574.3500  227090.6991422442  
 574.3830  227819.76855014698  
 574.4160  228381.59796754015  
 574.4490  228879.31872190462  
 574.4820  229321.4140011648  
 574.5150  229495.80410721072  
 574.5480  229728.2434563393  
 574.5810  229833.5561750008  
 574.6140  229317.7783491972  
 574.6470  228439.76839902176  
 574.6800  227711.91087510815  
 574.7130  226870.2574446087  
 574.7460  226183.60397632793  
 574.7790  226034.66343405523  
 574.8120  226211.4773080795  
 574.8450  226310.85179519394  
 574.8780  226342.23959051422  
 574.9110  226337.51324295634  
 574.9440  226395.562486039  
 574.9770  226440.40219363943  
 575.0100  226430.70712172583  
 575.0430  226188.45151228472  
 575.0760  225614.50325499955  
 575.1090  225218.45956732894  
 575.1420  224987.2321021896  
 575.1750  224054.68737250014  
 575.2080  223107.72122333915  
 575.2420  222354.41413565236  
 575.2750  221276.68570405673  
 575.3080  219796.8541648445  
 575.3410  218689.91932910914  
 575.3740  217764.76709175378  
 575.4070  216860.09569381588  
 575.4400  216175.9871819124  
 575.4730  215795.69798610144  
 575.5060  215593.43454830392  
 575.5400  215374.20473465763  
 575.5730  215547.38295671434  
 575.6060  215819.93566588545  
 575.6390  215908.28200869815  
 575.6720  216477.5039184254  
 575.7050  217820.51375525698  
 575.7380  219387.4797532927  
 575.7710  220960.62635967333  
 575.8050  222903.03401756324  
 575.8380  224827.3846040141  
 575.8710  226031.02778208765  
 575.9040  226569.9525920849  
 575.9370  226812.20820152602  
 575.9710  226830.38646136402  
 576.0040  226293.88541934514  
 576.0370  225689.51887393105  
 576.0700  225029.52685341265  
 576.1030  224070.44186435972  
 576.1360  222628.17872881267  
 576.1700  220793.50755756264  
 576.2030  219257.9293548472  
 576.2360  217993.69197731366  
 576.2690  217159.30985074939  
 576.3020  216958.25829694112  
 576.3360  217361.452100148  
 576.3690  217485.06426704637  
 576.4020  217667.93756101668  
 576.4350  218206.74118261505  
 576.4690  218846.25236371593  
 576.5020  219567.92927928458  
 576.5350  220451.99864940607  
 576.5680  221158.04226151406  
 576.6020  221678.78881167332  
 576.6350  222103.7965266858  
 576.6680  223122.26383120954  
 576.7010  224485.8756958575  
 576.7350  225894.20607970693  
 576.7680  226993.8696115071  
 576.8010  227601.75062048988  
 576.8340  227256.60606036568  
 576.8680  226536.0198403873  
 576.9010  225861.48521199854  
 576.9340  225339.64796624897  
 576.9670  225143.44394839747  
 577.0010  225137.38452845148  
 577.0340  224923.002250762  
 577.0670  224384.0774407647  
 577.1010  223882.72103443262  
 577.1340  223463.77273936613  
 577.1670  223146.50151099355  
 577.2010  222979.38270888288  
 577.2340  223077.42412360915  
 577.2670  222967.26386899085  
 577.3010  222893.33894564965  
 577.3340  222888.49140969286  
 577.3670  222720.16072359294  
 577.4010  222800.14506688016  
 577.4340  223054.39832781436  
 577.4670  223140.44209104756  
 577.5010  223111.35687530675  
 577.5340  223219.09336194664  
 577.5670  223354.70318033814  
 577.6010  223639.37472940123  
 577.6340  224017.1189688349  
 577.6670  224292.0954459844  
 577.7010  224422.85772841913  
 577.7340  224305.42616986562  
 577.7680  224133.4598317981  
 577.8010  224053.4754885109  
 577.8340  223956.6459577738  
 577.8680  224305.42616986562  
 577.9010  224461.6380160735  
 577.9340  224183.0258869564  
 577.9680  223796.79845959833  
 578.0010  223514.55067851362  
 578.0350  222608.78858498548  
 578.0680  221530.9389649909  
 578.1020  220901.24404420253  
 578.1350  220144.42249294708  
 578.1680  219041.1233091793  
 578.2020  218395.6738965313  
 578.2350  217996.11574529205  
 578.2690  217545.53727810748  
 578.3020  217109.6226071922  
 578.3360  216495.68217826344  
 578.3690  215186.60509312947  
 578.4020  213838.74772034114  
 578.4360  212603.47437014946  
 578.4690  211871.9811942683  
 578.5030  211736.37137587677  
 578.5360  212220.76140636008  
 578.5700  213354.35768985783  
 578.6030  214464.8069891619  
 578.6370  214929.80687581797  
 578.6700  215357.35954720777  
 578.7040  215893.73940082773  
 578.7370  216242.5196129195  
 578.7710  216640.9870685685  
 578.8040  217290.07213318406  
 578.8380  217969.45429752965  
 578.8710  218883.69957898222  
 578.9050  219779.8877889957  
 578.9380  220516.22850083368  
 578.9720  221001.83041530615  
 579.0050  221349.27755500982  
 579.0390  221345.76309144113  
 579.0720  221097.44806205403  
 579.1060  220707.46379432944  
 579.1390  220483.50763312526  
 579.1730  220368.37865415125  
 579.2060  220318.81259899298  
 579.2400  219993.05818269597  
 579.2740  219830.7869165421  
 579.3070  219788.37097692007  
 579.3410  219669.7275343774  
 579.3740  219400.8104771739  
 579.4080  219300.3452944692  
 579.4410  219058.08968502813  
 579.4750  219221.5728351712  
 579.5090  219891.25992760318  
 579.5420  220791.08378958426  
 579.5760  221723.5073308748  
 579.6090  222521.53293776308  
 579.6430  222452.5767387776  
 579.6770  221878.50729309348  
 579.7100  221264.56686416472  
 579.7440  221006.67795126294  
 579.7770  221161.67791348163  
 579.8110  221803.491674162  
 579.8450  222427.1271750044  
 579.8780  222853.34677400606  
 579.9120  222956.35691308806  
 579.9450  222847.28735406004  
 579.9790  222689.86362386294  
 580.0130  222567.58452935267  
 580.0460  222507.11151829158  
 580.0800  222451.36485478838  
 580.1140  222362.8973235768  
 580.1470  222471.9668826048  
 580.1810  223101.66180339316  
 580.2150  223721.66165226794  
 580.2480  224168.6044674849  
 580.2820  224531.80609904818  
 580.3160  224587.5527625514  
 580.3490  224092.25577616532  
 580.3830  223303.92524119065  
 580.4170  222743.18651938776  
 580.4500  222289.09358863448  
 580.4840  221776.83022639962  
 580.5180  221035.64197860484  
 580.5520  220654.26208720353  
 580.5850  220215.80245991095  
 580.6190  219657.6086944854  
 580.6530  218980.6502981182  
 580.6860  218708.0975889471  
 580.7200  218360.52926084452  
 580.7540  217910.07198205884  
 580.7880  217397.80861982398  
 580.8210  217522.51148231266  
 580.8550  217609.7671295351  
 580.8890  217991.26820933525  
 580.9220  218698.4025170335  
 580.9560  219688.99648980566  
 580.9900  220240.04013969496  
 581.0240  221056.2440064212  
 581.0580  221730.77863481  
 581.0910  222238.1944610881  
 581.1250  222576.06771727707  
 581.1590  223262.72118555784  
 581.1930  223741.05179609513  
 581.2260  223928.7726260222  
 581.2600  223804.0697635335  
 581.2940  224213.3229866864  
 581.3280  224352.56845704548  
 581.3620  224351.35657305628  
 581.3950  224447.09540820308  
 581.4290  224726.79823291049  
 581.4630  224098.3151961113  
 581.4970  222892.12706166046  
 581.5310  221876.0835251151  
 581.5640  221082.9054541836  
 581.5980  220421.70154967607  
 581.6320  220231.55695177056  
 581.6660  220645.77889927916  
 581.7000  220915.78665207294  
 581.7340  220986.07592344654  
 581.7670  221214.87962060753  
 581.8010  221465.61841797302  
 581.8350  221827.729353946  
 581.8690  222309.6956164509  
 581.9030  222944.23807319606  
 581.9370  223291.80640129864  
 581.9710  223576.35676196282  
 582.0040  224390.13686071069  
 582.0380  225386.79025342886  
 582.0720  226228.44368392832  
 582.1060  227015.5623349138  
 582.1400  227872.97025727286  
 582.1740  227985.67546826846  
 582.2080  227600.53873650066  
 582.2420  227051.9188545898  
 582.2760  226705.56241047638  
 582.3090  226342.23959051422  
 582.3430  226047.99415793642  
 582.3770  225934.19825135052  
 582.4110  225991.15679884295  
 582.4450  225966.91911905896  
 582.4790  225930.56259938295  
 582.5130  225888.14665976094  
 582.5470  225793.74089700225  
 582.5810  225667.82615052437  
 582.6150  225649.64789068635  
 582.6490  225612.07948702117  
 582.6830  225564.81601144234  
 582.7170  225582.99427128036  
 582.7510  225880.87535582576  
 582.7850  226196.93470020912  
 582.8180  226542.0792603333  
 582.8520  226858.1386047167  
 582.8860  227102.81798213618  
 582.9200  226881.1644005115  
 582.9540  226107.37647340723  
 582.9880  225423.14677310488  
 583.0220  224631.18058616258  
 583.0560  223962.70537771983  
 583.0900  223538.78835829764  
 583.1240  223531.51705436243  
 583.1580  223515.76256250282  
 583.1920  223684.09324860273  
 583.2260  223675.73124907722  
 583.2600  223503.76491100976  
 583.2940  223435.89940761455  
 583.3280  223249.39046167664  
 583.3630  222872.73691783324  
 583.3970  222445.30543484236  
 583.4310  222075.92319493418  
 583.4650  222068.651890999  
 583.4990  222258.79648890448  
 583.5330  222803.78071884776  
 583.5670  223561.81415409246  
 583.6010  224362.2635289591  
 583.6350  224621.48551424898  
 583.6690  224651.782613979  
 583.7030  224273.91718614643  
 583.7370  223840.42628320956  
 583.7710  223633.31530945524  
 583.8050  223569.08545802764  
 583.8390  223399.54288793853  
 583.8730  223183.94872625984  
 583.9070  223254.23799763346  
 583.9420  223243.33104173065  
 583.9760  223239.69538976304  
 584.0100  223401.9666559169  
 584.0440  223816.18860342554  
 584.0780  223914.2300181518  
 584.1120  223851.21205071342  
 584.1460  223822.24802337153  
 584.1800  223708.3309283867  
 584.2150  223819.82425539312  
 584.2490  224051.0517205325  
 584.2830  224346.5090370995  
 584.3170  224481.02815990068  
 584.3510  224529.3823310698  
 584.3850  224632.3924701518  
 584.4190  224804.3588082193  
 584.4540  224966.63007437318  
 584.4880  225153.13902031106  
 584.5220  225436.47749698604  
 584.5560  225263.29927492936  
 584.5900  224852.71297938837  
 584.6240  224287.2479100276  
 584.6590  223246.96669369822  
 584.6930  222525.16858973066  
 584.7270  222041.99044323657  
 584.7610  221584.26186051572  
 584.7950  221234.26976443472  
 584.8300  221374.72711878302  
 584.8640  221363.8201628802  
 584.8980  221394.1172626102  
 584.9320  221478.94914185422  
 584.9660  221569.7192526453  
 585.0010  221708.9647230044  
 585.0350  221585.4737445049  
 585.0690  221126.53327779484  
 585.1030  220883.06578436453  
 585.1380  220545.19252817554  
 585.1720  220550.04006413234  
 585.2060  220515.01661684446  
 585.2400  220695.34495443746  
 585.2750  220755.93915389746  
 585.3090  220946.08375180294  
 585.3430  220817.74523734665  
 585.3770  220797.14320953024  
 585.4120  220769.26987777863  
 585.4460  220370.80242212964  
 585.4800  219943.37093913875  
 585.5140  219547.32725146817  
 585.5490  218818.37903196432  
 585.5830  217462.03847125158  
 585.6170  215939.79099241734  
 585.6510  214717.84836610686  
 585.6860  213373.6266452861  
 585.7200  212648.31407774988  
 585.7540  212861.48447145015  
 585.7890  213194.51019168235  
 585.8230  212565.90596648425  
 585.8570  212219.54952237086  
 585.8920  211919.24466984707  
 585.9260  211294.39728501553  
 585.9600  211105.46457109923  
 585.9950  211823.6270230992  
 586.0290  212274.08430188487  
 586.0630  211746.0664477904  
 586.0980  210866.96580202464  
 586.1320  211250.76946140433  
 586.1670  211838.1696309696  
 586.2010  212442.41498798475  
 586.2350  213939.21290304582  
 586.2700  215735.10378664144  
 586.3040  216087.51965070082  
 586.3380  216775.3850029708  
 586.3730  217818.08998727857  
 586.4070  218735.97092069872  
 586.4410  219624.88782677698  
 586.4760  220336.99085883098  
 586.5100  219996.69383466357  
 586.5450  219340.3374661128  
 586.5790  218293.99682983744  
 586.6130  217698.11347234776  
 586.6480  217872.50357839363  
 586.6820  218379.91940467173  
 586.7170  218875.21639105782  
 586.7510  219722.92924150327  
 586.7860  220296.99868718738  
 586.8200  220351.41227830245  
 586.8540  220340.62651079855  
 586.8890  220339.41462680936  
 586.9230  220320.02448298217  
 586.9580  220098.37090135747  
 586.9920  219674.5750703342  
 587.0270  219782.31155697408  
 587.0610  219985.7868787608  
 587.0960  220028.08162998385  
 587.1300  220728.06582214584  
 587.1650  221676.36504369494  
 587.1990  222200.62605742287  
 587.2340  222525.16858973066  
 587.2680  223035.00818398714  
 587.3020  223006.04415664528  
 587.3370  222986.65401281806  
 587.3720  222940.60242122845  
 587.4060  222985.44212882887  
 587.4410  223004.8322726561  
 587.4750  222961.20444904486  
 587.5100  223127.11136716636  
 587.5440  223328.16292097466  
 587.5790  223420.14491575494  
 587.6130  223401.9666559169  
 587.6480  223353.49129634895  
 587.6820  223262.72118555784  
 587.7170  223101.66180339316  
 587.7510  223027.73688005193  
 587.7860  223081.05977557675  
 587.8200  223213.03394200062  
 587.8550  222952.72126112046  
 587.8890  222551.83003749308  
 587.9240  222141.364930351  
 587.9590  221475.3134898866  
 587.9930  220805.62639745465  
 588.0280  220340.62651079855  
 588.0620  219982.15122679318  
 588.0970  219558.234207371  
 588.1310  219540.05594753296  
 588.1660  219675.7869543234  
 588.2010  219525.51333966258  
 588.2350  218728.6996167635  
 588.2700  218304.90378574023  
 588.3050  217844.75143504096  
 588.3390  217291.28401717328  
 588.3740  217092.6562313434  
 588.4080  217769.61462771057  
 588.4430  218037.19861252594  
 588.4780  218415.06404035853  
 588.5120  218957.6245023234  
 588.5470  219444.43830078508  
 588.5810  219649.125506561  
 588.6160  220019.59844205948  
 588.6510  220132.30365305505  
 588.6850  219824.7274965961  
 588.7200  218996.40478997782  
 588.7550  218480.50577577535  
 588.7890  217015.2168444335  
 588.8240  213497.2388121845  
 588.8590  208433.98750530652  
 588.8930  203712.366294984  
 588.9280  198644.26745214922  
 588.9630  193931.0082413522  
 588.9980  191562.38098446061  
 589.0320  190993.1590747333  
 589.0670  190415.4539770816  
 589.1020  189554.53159115388  
 589.1360  188356.82664462744  
 589.1710  187151.85039416575  
 589.2060  186018.37529906692  
 589.2400  185042.32393416515  
 589.2750  184393.23886954956  
 589.3100  184479.16144438385  
 589.3450  185198.53578037303  
 589.3790  187512.74944614954  
 589.4140  189532.71767934828  
 589.4490  189943.18278649033  
 589.4840  191549.0502605794  
 589.5180  192849.64415778892  
 589.5530  192526.31350947035  
 589.5880  192342.22833151085  
 589.6230  193588.2874492064  
 589.6570  194589.78837788137  
 589.6920  195467.79832805682  
 589.7270  196331.2656703619  
 589.7620  197097.78229353097  
 589.7970  198076.25742641115  
 589.8310  198347.59825159304  
 589.8660  198138.06350986034  
 589.9010  197636.70710352823  
 589.9360  197660.94478331224  
 589.9710  200122.88710737225  
 590.0050  203801.9245217859  
 590.0400  207962.92819870444  
 590.0750  212395.15151240598  
 590.1100  216435.08797880344  
 590.1450  218227.34321043146  
 590.1790  218906.72537477702  
 590.2140  219245.8105149552  
 590.2490  219377.7846813791  
 590.2840  219805.3373527689  
 590.3190  220227.92129980298  
 590.3540  220257.00651554376  
 590.3880  220166.23640475268  
 590.4230  219618.828406831  
 590.4580  219117.4720004989  
 590.4930  218528.8599469444  
 590.5280  218215.22437053942  
 590.5630  217918.55516998327  
 590.5980  218199.46987867984  
 590.6330  218378.70752068254  
 590.6670  218509.59099151613  
 590.7020  218608.84429023162  
 590.7370  218743.2422246339  
 590.7720  218969.74334221543  
 590.8070  218933.38682253944  
 590.8420  218390.82636057455  
 590.8770  218239.46205032343  
 590.9120  217999.75139725965  
 590.9470  218340.04842142703  
 590.9820  218892.1827669066  
 591.0170  219999.11760264199  
 591.0510  220621.54121949515  
 591.0860  221350.489438999  
 591.1210  221407.44798649143  
 591.1560  221321.52541165712  
 591.1910  221137.44023369762  
 591.2260  220736.54901007024  
 591.2610  218911.5729107338  
 591.2960  217596.43640565386  
 591.3310  216290.99497248753  
 591.3660  215408.13748635523  
 591.4010  214945.56136767755  
 591.4360  215714.50175882503  
 591.4710  215272.52766796376  
 591.5060  214980.70600336438  
 591.5410  214273.4505072672  
 591.5760  213631.63674658682  
 591.6110  213194.51019168235  
 591.6460  213492.39127622772  
 591.6810  213609.82283478123  
 591.7160  213480.27243633574  
 591.7510  212762.10998433575  
 591.7860  213416.04258490814  
 591.8210  214478.13771304308  
 591.8560  215549.80672469275  
 591.8910  216700.2481956404  
 591.9260  218065.07194427753  
 591.9610  217867.65604243684  
 591.9960  217924.61458992926  
 592.0310  218217.64813851783  
 592.0660  218561.58081465284  
 592.1010  219186.4281994844  
 592.1360  220008.8126745556  
 592.1720  220229.13318379218  
 592.2070  220185.50536018095  
 592.2420  220269.12535543577  
 592.2770  220218.22622788936  
 592.3120  220179.56712863388  
 592.3470  220158.96510081747  
 592.3820  220167.44828874187  
 592.4170  220163.8126367743  
 592.4520  220401.09952185964  
 592.4870  220684.43799853462  
 592.5220  220755.93915389746  
 592.5570  220017.17467408106  
 592.5930  219560.6579753494  
 592.6280  218571.27588656644  
 592.6630  217652.18306915706  
 592.6980  216918.2661252975  
 592.7330  216912.20670535148  
 592.7680  216603.4186649033  
 592.8030  216421.7572549222  
 592.8390  215908.28200869815  
 592.8740  214533.76318814736  
 592.9090  213595.28022691084  
 592.9440  212729.38911662737  
 592.9790  212144.53390343938  
 593.0140  211666.2032929021  
 593.0490  211772.72789555282  
 593.0850  212225.60894231687  
 593.1200  212689.51813338266  
 593.1550  213577.1019670728  
 593.1900  214622.23071935898  
 593.2250  215944.63852837414  
 593.2610  216524.64620560533  
 593.2960  216320.0801882283  
 593.3310  215567.98498453075  
 593.3660  214661.01100701338  
 593.4010  214765.1118416857  
 593.4370  215205.87404855777  
 593.4720  216352.80105593672  
 593.5070  217486.2761510356  
 593.5420  218524.0124109876  
 593.5780  218622.17501411284  
 593.6130  218428.39476423973  
 593.6480  218240.67393431262  
 593.6830  218066.28382826672  
 593.7180  218003.38704922728  
 593.7540  217865.23227445845  
 593.7890  217533.41843821545  
 593.8240  217533.41843821545  
 593.8590  217973.08994949728  
 593.8950  218533.70748290123  
 593.9300  219000.04044194543  
 593.9650  219638.21855065817  
 594.0010  219907.01441946276  
 594.0360  219500.1849642883  
 594.0710  219013.37116582663  
 594.1060  218560.36893066365  
 594.1420  218215.22437053942  
 594.1770  217973.08994949728  
 594.2120  217917.34328599405  
 594.2480  217843.53955105177  
 594.2830  217832.63259514896  
 594.3180  217774.46216366737  
 594.3540  217700.53724032617  
 594.3890  217719.92738415336  
 594.4240  217678.84451691946  
 594.4600  217725.98680409935  
 594.4950  217732.04622404536  
 594.5300  217772.03839568896  
 594.5660  217872.50357839363  
 594.6010  218004.59893321648  
 594.6360  218207.95306660424  
 594.6720  218222.49567447466  
 594.7070  217485.06426704637  
 594.7420  216913.4185893407  
 594.7780  215997.96142389896  
 594.8130  215106.6207498423  
 594.8490  214492.6803209135  
 594.8840  214600.41680755338  
 594.9190  214432.0861214535  
 594.9550  214585.874199683  
 594.9900  214476.9258290539  
 595.0260  214481.77336501068  
 595.0610  214459.9594532051  
 595.0960  214080.8821413833  
 595.1320  213261.04262268945  
 595.1670  212220.76140636008  
 595.2030  211086.07442727202  
 595.2380  210784.55769075904  
 595.2740  210848.78754218665  
 595.3090  211817.5676031532  
 595.3440  213164.21309195235  
 595.3800  214432.0861214535  
 595.4150  214893.45035614198  
 595.4510  215322.21491152098  
 595.4860  215112.68016978828  
 595.5220  214241.941523548  
 595.5570  213588.0089229756  
 595.5930  212849.36563155818  
 595.6280  212059.70202419537  
 595.6640  211807.8725312396  
 595.6990  212671.33987354467  
 595.7350  213428.1614248001  
 595.7700  214280.7218112024  
 595.8060  215164.79118132388  
 595.8410  215551.01860868194  
 595.8770  215434.79893411766  
 595.9120  215214.35723648214  
 595.9480  214985.55353932118  
 595.9830  214568.9078238342  
 596.0190  214134.2050369081  
 596.0540  214291.6287671052  
 596.0900  214629.5020232942  
 596.1250  214980.70600336438  
 596.1610  215541.32353676835  
 596.1960  216387.8245032246  
 596.2320  216689.46242813652  
 596.2670  216846.8861583336  
 596.3030  216960.6820649195  
 596.3390  217108.41072320298  
 596.3740  217219.78286181047  
 596.4100  216993.4029326279  
 596.4450  216620.38504075212  
 596.4810  216346.74163599074  
 596.5160  216249.79091685472  
 596.5520  216110.5454464956  
 596.5880  216271.60482866032  
 596.6230  216524.64620560533  
 596.6590  216725.6977594136  
 596.6940  216831.13166647402  
 596.7300  216930.3849651895  
 596.7660  216984.9197447035  
 596.8010  217015.2168444335  
 596.8370  217085.3849274082  
 596.8720  217081.74927544058  
 596.9080  216963.1058328979  
 596.9440  216984.9197447035  
 596.9790  217371.14717206158  
 597.0150  217755.07201984015  
 597.0510  218200.68176266903  
 597.0860  218745.66599261234  
 597.1220  219153.82852017492  
 597.1580  219323.371090264  
 597.1930  219457.7690246663  
 597.2290  219536.4202955654  
 597.2650  219603.07391497138  
 597.3000  219600.650146993  
 597.3360  219386.2678693035  
 597.3720  218032.35107656915  
 597.4070  217021.2762643795  
 597.4430  216827.49601450638  
 597.4790  215712.07799084662  
 597.5140  214198.31369993679  
 597.5500  213273.16146258143  
 597.5860  212506.64483941236  
 597.6210  211828.474559056  
 597.6570  211270.1596052315  
 597.6930  210307.43896421095  
 597.7290  209992.59150381677  
 597.7640  209678.9559274118  
 597.8000  209360.47281505  
 597.8360  209126.7003935333  
 597.8720  209278.0647037844  
 597.9070  210212.91201305334  
 597.9430  211311.36366086433  
 597.9790  212488.4665795744  
 598.0150  213847.23090826554  
 598.0500  215576.46817245515  
 598.0860  216679.76735622293  
 598.1220  217550.38481406428  
 598.1580  218207.95306660424  
 598.1930  218612.47994219922  
 598.2290  218674.2860256484  
 598.2650  218659.74341777805  
 598.3010  218499.89591960254  
 598.3370  217893.10560621004  
 598.3720  217219.78286181047  
 598.4080  216382.9769672678  
 598.4440  215522.05458134005  
 598.4800  214842.6724169945  
 598.5160  214568.9078238342  
 598.5520  213919.8227592186  
 598.5870  213169.06062790914  
 598.6230  212433.93180006038  
 598.6590  211710.9218121036  
 598.6950  211101.82891913163  
 598.7310  211049.717907596  
 598.7670  211172.11819050522  
 598.8020  211333.1775726699  
 598.8380  211677.1102488049  
 598.8740  212498.16165148796  
 598.9100  213298.61102635463  
 598.9460  213884.6781235318  
 598.9820  214159.6546006813  
 599.0180  214118.45054504852  
 599.0540  213694.65471402524  
 599.0890  213649.81500642482  
 599.1250  213868.9236316722  
 599.1610  214378.76322592868  
 599.1970  214961.31585953716  
 599.2330  215340.39317135897  
 599.2690  215243.44245222295  
 599.3050  215081.17118606906  
 599.3410  214924.95933986118  
 599.3770  214790.56140545887  
 599.4130  214720.27213408527  
 599.4480  214658.587239035  
 599.4840  214733.60285796647  
 599.5200  214895.87412412037  
 599.5560  214682.82491881898  
 599.5920  214294.05253508358  
 599.6280  213804.8149686435  
 599.6640  213172.69627987675  
 599.7000  212470.28831973637  
 599.7360  212197.85679896417  
 599.7720  212220.76140636008  
 599.8080  212375.76136857877  
 599.8440  212552.57524260305  
 599.8800  212683.45871343667  
 599.9160  212719.69404471375  
 599.9520  212639.83088982548  
 599.9880  212574.38915440868  
 600.0240  212526.03498323957  
 600.0600  212741.50795651934  
 600.0960  213383.32171719972  
 600.1320  213689.80717806844  
 600.1680  213923.4584111862  
 600.2040  214145.11199281088  
 600.2400  214118.45054504852  
 600.2760  213740.5851172159  
 600.3120  213726.0425093455  
 600.3480  213734.5256972699  
 600.3840  213468.15359644374  
 600.4200  213144.82294812513  
 600.4560  212857.84881948258  
 600.4920  212568.32973446266  
 600.5290  212271.66053390648  
 600.5650  212029.5261128643  
 600.6010  211684.38155274012  
 600.6370  211084.8625432828  
 600.6730  210754.26059102904  
 600.7090  210102.75175843504  
 600.7450  209526.3797331715  
 600.7810  209123.0647415657  
 600.8170  208813.06481712832  
 600.8530  208122.77569687992  
 600.8890  207849.13229211853  
 600.9250  207971.41138662884  
 600.9620  208174.88670841555  
 600.9980  208506.70054465852  
 601.0340  208930.4963756818  
 601.0700  209222.31804028118  
 601.1060  209270.79339984918  
 601.1420  209230.8012282056  
 601.1780  209135.1835814577  
 601.2140  209156.9974932633  
 601.2510  209766.09038623527  
 601.2870  210415.17545085086  
 601.3230  211049.717907596  
 601.3590  211782.4229674664  
 601.3950  212465.44078377957  
 601.4310  212613.16944206308  
 601.4680  212534.39698276506  
 601.5040  211690.4409726861  
 601.5400  210514.54993796526  
 601.5760  209343.5064392012  
 601.6120  208334.73420659103  
 601.6480  207564.46074305545  
 601.6850  207695.34421388904  
 601.7210  208483.67474886373  
 601.7570  209315.6331074496  
 601.7930  209963.50628807597  
 601.8300  210390.93777106685  
 601.8660  210118.50625029465  
 601.9020  209295.0310796332  
 601.9380  208415.80924546852  
 601.9740  207507.62338396197  
 602.0110  206529.14825108182  
 602.0470  206602.9519860241  
 602.0830  206996.5719057163  
 602.1190  207482.1738201888  
 602.1560  208046.42700556034  
 602.1920  208730.6567058627  
 602.2280  208469.13214099334  
 602.2650  207658.98769421305  
 602.3010  206760.3757162212  
 602.3370  205882.36576604572  
 602.3730  205321.74823264175  
 602.4100  205767.35797547063  
 602.4460  206680.5125613329  
 602.4820  207574.15581496904  
 602.5180  208503.06489269095  
 602.5550  209189.71836097172  
 602.5910  209252.61514001118  
 602.6270  209293.819195644  
 602.6640  209382.16553845667  
 602.7000  209350.7777431364  
 602.7360  209411.25075419748  
 602.7730  209924.72600042156  
 602.8090  210300.16766027577  
 602.8450  210288.04882038373  
 602.8820  210204.42882512897  
 602.9180  210001.07469174117  
 602.9540  209395.4962623379  
 602.9910  208884.4447840922  
 603.0270  208764.5894575603  
 603.0640  208983.8192712066  
 603.1000  209598.97158412458  
 603.1360  210238.36157682654  
 603.1730  210897.14171335573  
 603.2090  211574.1001097229  
 603.2450  211950.75365356627  
 603.2820  211832.11021102362  
 603.3180  211813.9319511856  
 603.3550  212221.97329034927  
 603.3910  212957.10211819806  
 603.4270  213858.13786416833  
 603.4640  214826.91792513488  
 603.5000  215615.24846010955  
 603.5370  215941.00287640654  
 603.5730  215933.73157247133  
 603.6100  215841.74957769102  
 603.6460  215709.65422286824  
 603.6820  215576.46817245515  
 603.7190  215457.82472991245  
 603.7550  215385.11169056047  
 603.7920  215365.72154673326  
 603.8280  215318.57925955337  
 603.8650  215270.10389998535  
 603.9010  215266.46824801777  
 603.9380  215261.62071206098  
 603.9740  215202.23839659017  
 604.0110  215164.79118132388  
 604.0470  215119.95147372346  
 604.0840  215086.01872202585  
 604.1200  215096.92567792867  
 604.1570  215111.46828579908  
 604.1930  215115.10393776666  
 604.2300  215009.7912191052  
 604.2660  214824.49415715647  
 604.3030  214636.77332722937  
 604.3390  214476.9258290539  
 604.3760  214340.10412667322  
 604.4120  214308.595142954  
 604.4490  214315.8664468892  
 604.4850  214297.6881870512  
 604.5220  214248.000943494  
 604.5580  214211.644423818  
 604.5950  214214.0681917964  
 604.6310  214204.37311988277  
 604.6680  214186.31604844372  
 604.7050  214158.4427166921  
 604.7410  214145.11199281088  
 604.7780  214199.52558392598  
 604.8140  214298.90007104038  
 604.8510  214421.17916555068  
 604.8880  214566.48405585578  
 604.9240  214667.07042695937  
 604.9610  214673.1298469054  
 604.9970  214710.57706217168  
 605.0340  214762.68807370728  
 605.0700  214801.46836136168  
 605.1070  214808.7396652969  
 605.1440  214809.95154928608  
 605.1800  214785.71386950207  
 605.2170  214664.646658981  
 605.2540  214474.5020610755  
 605.2900  214331.62093874882  
 605.3270  214215.2800757856  
 605.3640  214109.9673571241  
 605.4000  214014.3497103762  
 605.4370  213552.8642872888  
 605.4730  212883.17719485686  
 605.5100  212252.27039007927  
 605.5470  211606.82097743129  
 605.5830  211028.02518418932  
 605.6200  210908.04866925854  
 605.6570  210992.88054850252  
 605.6940  210990.45678052414  
 605.7300  211032.87272014614  
 605.7670  211173.3300744944  
 605.8040  211345.29641256193  
 605.8400  211529.38159052143  
 605.8770  211709.70992811437  
 605.9140  211747.2783317796  
 605.9500  211925.3040897931  
 605.9870  212498.16165148796  
 606.0240  213142.39918014675  
 606.0610  213846.01902427632  
 606.0970  214644.0446311646  
 606.1340  215065.41669420945  
 606.1710  215003.73179915917  
 606.2080  214934.65441177477  
 606.2440  214868.00079236878  
 606.2810  214802.6802453509  
 606.3180  214805.10401332928  
 606.3550  214688.884338765  
 606.3910  213757.55149306473  
 606.4280  212376.97325256796  
 606.4650  211164.84688657004  
 606.5020  210053.06451487786  
 606.5380  209087.9201058789  
 606.5750  208802.1578612255  
 606.6120  208908.6824638762  
 606.6490  208978.9717352498  
 606.6860  209133.97169746849  
 606.7220  209314.4212234604  
 606.7590  209544.43680461057  
 606.7960  209835.16777361967  
 606.8330  210070.03089072666  
 606.8700  210135.47262614348  
 606.9070  210638.04091646476  
 606.9430  211881.6762661819  
 606.9800  213246.50001481903  
 607.0170  214583.45043170458  
 607.0540  215966.4524401797  
 607.0910  216814.1652906252  
 607.1280  216983.7078607143  
 607.1650  217041.75710379696  
 607.2010  217109.6226071922  
 607.2380  217181.12376255498  
 607.2750  217230.68981771325  
 607.3120  217241.5967736161  
 607.3490  217231.90170170247  
 607.3860  217206.4521379293  
 607.4230  217181.12376255498  
 607.4600  217138.70782293298  
 607.4970  217059.93536363498  
 607.5330  216981.28409273588  
 607.5700  216912.20670535148  
 607.6070  216829.9197824848  
 607.6440  216695.4006596836  
 607.6810  216157.80892207444  
 607.7180  215164.79118132388  
 607.7550  214003.44275447342  
 607.7920  212787.55954810895  
 607.8290  211626.2111212585  
 607.8660  210882.59910548534  
 607.9030  210587.14178891832  
 607.9400  210432.14182669963  
 607.9770  210303.80331224337  
 608.0140  210173.04102980866  
 608.0510  210077.30219466187  
 608.0880  209893.21701670237  
 608.1250  209476.69248961427  
 608.1610  208930.4963756818  
 608.1990  208609.5894953416  
 608.2360  208610.8013793308  
 608.2730  208928.0726077034  
 608.3100  209618.3617279518  
 608.3460  210278.35374847014  
 608.3840  210545.93773328554  
 608.4210  210503.64298206245  
 608.4580  210180.31233374387  
 608.4950  209654.71824762778  
 608.5320  209374.8942345215  
 608.5690  209247.7676040544  
 608.6060  209095.1914098141  
 608.6430  209207.77543241077  
 608.6800  209517.89654524712  
 608.7170  209768.51415421368  
 608.7540  210147.59146603546  
 608.7910  210507.27863403005  
 608.8280  210560.48034115593  
 608.8650  210588.35367290754  
 608.9020  210783.34580676985  
 608.9390  210847.57565819746  
 608.9760  210963.7953327617  
 609.0130  211268.9477212423  
 609.0510  211419.1001475042  
 609.0880  211381.531743839  
 609.1250  211338.02510862672  
 609.1620  211258.0407653395  
 609.1990  211019.54199626492  
 609.2360  210746.98928709383  
 609.2730  210429.71805872125  
 609.3100  210234.72592485897  
 609.3470  210267.44679256735  
 609.3850  210545.93773328554  
 609.4220  211023.17764823252  
 609.4590  211616.5160493449  
 609.4960  211947.1180015987  
 609.5330  211978.62698531788  
 609.5700  212030.7379968535  
 609.6070  212013.77162100468  
 609.6450  211945.9061176095  
 609.6820  212018.6191569615  
 609.7190  212335.8903853341  
 609.7560  212664.06856960946  
 609.7930  213045.44846101073  
 609.8300  213485.11997229254  
 609.8680  213891.949427467  
 609.9050  214126.93373297292  
 609.9420  214209.22065583957  
 609.9790  214147.53576078932  
 610.0160  214113.6030090917  
 610.0540  213824.20511247072  
 610.0910  212817.85664783895  
 610.1280  211237.4387375231  
 610.1650  209451.24292584107  
 610.2030  207542.64683124985  
 610.2400  205980.52836917093  
 610.2770  205199.46913813148  
 610.3140  204999.62946831237  
 610.3520  204975.39178852836  
 610.3890  204934.18773289557  
 610.4260  204794.94226253647  
 610.4630  204590.25505676056  
 610.5010  204243.8986126472  
 610.5380  203759.50858216392  
 610.5750  203224.21942413424  
 610.6120  203042.67920255207  
 610.6500  203334.50086715142  
 610.6870  204074.3560425581  
 610.7240  205424.63718332484  
 610.7620  206960.2153860403  
 610.7990  208107.02120502034  
 610.8360  208779.13206543072  
 610.8740  209227.16557623798  
 610.9110  209407.61510222987  
 610.9480  209443.9716219059  
 610.9860  209367.7441189852  
 611.0230  209434.2765499923  
 611.0600  209530.0153851391  
 611.0980  209749.12401038647  
 611.1350  210142.74393007866  
 611.1720  210778.49827081303  
 611.2100  211598.3377895069  
 611.2470  212429.08426410359  
 611.2840  213017.69631765806  
 611.3220  213509.35765207655  
 611.3590  213865.2879797046  
 611.3960  213902.85638336983  
 611.4340  213637.6961665328  
 611.4710  213205.29595918625  
 611.5090  212758.47433236818  
 611.5460  212251.05850609008  
 611.5830  211811.5081832072  
 611.6210  211620.1517013125  
 611.6580  211709.70992811437  
 611.6960  211995.59336116668  
 611.7330  212423.02484415757  
 611.7700  212756.05056438973  
 611.8080  212935.28820639243  
 611.8450  212936.50009038165  
 611.8830  212728.17723263818  
 611.9200  212334.6785013449  
 611.9580  212092.42289190379  
 611.9950  212155.4408593422  
 612.0330  212106.96549977417  
 612.0700  211421.5239154826  
 612.1080  210469.71023036484  
 612.1450  209546.86057258895  
 612.1820  208478.82721290694  
 612.2200  207574.15581496904  
 612.2570  207288.39357031567  
 612.2950  207365.95414562448  
 612.3320  207128.5460721402  
 612.3700  206674.45314138688  
 612.4070  206354.7581450359  
 612.4450  206008.40170092252  
 612.4820  205554.18758177033  
 612.5200  205209.16421004507  
 612.5570  205228.43316547334  
 612.5950  205806.13826312503  
 612.6320  206527.93636709263  
 612.6700  206957.7916180619  
 612.7080  207562.03697507706  
 612.7450  207996.86095040204  
 612.7830  207415.52020078275  
 612.8200  206395.84101226978  
 612.8580  206170.67296707642  
 612.8950  206188.85122691444  
 612.9330  206242.0529340403  
 612.9700  206627.1896658081  
 613.0080  207088.55390049657  
 613.0460  206889.92611466668  
 613.0830  206466.1302836434  
 613.1210  205978.10460119252  
 613.1580  205974.46894922495  
 613.1960  206799.15600387557  
 613.2340  207964.14008269363  
 613.2710  208882.0210161138  
 613.3090  210125.77755422986  
 613.3460  211235.01496954472  
 613.3840  211890.15945410627  
 613.4220  212489.67846356358  
 613.4590  212975.28037803606  
 613.4970  212266.8129979497  
 613.5350  210429.71805872125  
 613.5720  208360.18377036424  
 613.6100  205740.69652770823  
 613.6480  202814.96620098135  
 613.6850  200877.40607904823  
 613.7230  199660.31098869457  
 613.7610  198669.71701592242  
 613.7980  198359.71709148504  
 613.8360  198669.71701592242  
 613.8740  198855.0140778711  
 613.9110  199062.0038632265  
 613.9490  199036.67548785222  
 613.9870  198190.17452139594  
 614.0240  197143.83388512058  
 614.0620  196993.6814588587  
 614.1000  197235.81587990085  
 614.1370  198457.7585062113  
 614.1750  200973.02372579614  
 614.2130  203708.7306430164  
 614.2510  205695.97800850676  
 614.2880  207262.94400654247  
 614.3260  207622.63117453706  
 614.3640  206940.8252422131  
 614.4020  206129.46891144363  
 614.4390  205212.67867361376  
 614.4770  204195.5444414781  
 614.5150  203949.6531800694  
 614.5530  204633.88288037176  
 614.5900  205408.88269146523  
 614.6280  206116.1381875624  
 614.6660  207057.04491677738  
 614.7040  207698.97986585667  
 614.7420  207645.65697033185  
 614.7790  207126.12230416178  
 614.8170  206593.2569141105  
 614.8550  206386.1459403562  
 614.8930  206439.468835881  
 614.9300  206722.807312556  
 614.9680  207258.09647058567  
 615.0060  207987.16587848845  
 615.0440  208099.74990108516  
 615.0820  207782.47867271255  
 615.1200  207589.91030682865  
 615.1570  207806.71635249656  
 615.1950  208417.02112945772  
 615.2330  209138.81923342528  
 615.2710  209919.87846446477  
 615.3090  210549.57338525314  
 615.3470  210364.39751170337  
 615.3850  209437.9122019599  
 615.4220  208677.45499873682  
 615.4600  207850.34417610778  
 615.4980  206940.8252422131  
 615.5360  206650.2154616029  
 615.5740  207127.33418815097  
 615.6120  207317.47878605645  
 615.6500  207226.58748686645  
 615.6880  207287.18168632645  
 615.7260  207074.01129262618  
 615.7640  206381.2984043994  
 615.8010  205727.36580382704  
 615.8390  205513.10471453646  
 615.8770  205703.24931244194  
 615.9150  206142.7996353248  
 615.9530  206397.052896259  
 615.9910  206278.40945371633  
 616.0290  205584.48468150033  
 616.0670  203288.44927556184  
 616.1050  200354.23576091055  
 616.1430  198377.89535132304  
 616.1810  196750.21396542838  
 616.2190  194841.73905923608  
 616.2570  193733.5923395115  
 616.2950  193595.5587531416  
 616.3330  193251.6260770066  
 616.3710  192715.24622338664  
 616.4090  192477.83814990235  
 616.4470  192693.43231158104  
 616.4850  192654.65202392664  
 616.5230  192118.15098190776  
 616.5610  192609.81231632625  
 616.5990  194702.49358887697  
 616.6370  197140.19823315297  
 616.6750  199162.5902343301  
 616.7130  201493.77027595538  
 616.7510  203105.57598159154  
 616.7890  203051.04120207753  
 616.8270  201892.11654320545  
 616.8650  200679.99017720754  
 616.9030  199229.12266533717  
 616.9410  197898.23166839764  
 616.9790  196986.41015492348  
 617.0170  197181.4022887858  
 617.0550  197883.81024892617  
 617.0940  198651.5387560844  
 617.1320  199036.67548785222  
 617.1700  199100.78415088088  
 617.2080  198139.27539384953  
 617.2460  197136.56258118537  
 617.2840  196609.75661108008  
 617.3220  197222.60634441857  
 617.3600  198403.2237266973  
 617.3980  200247.58996986094  
 617.4360  202282.10081093007  
 617.4750  204086.47488245007  
 617.5130  204775.55211870928  
 617.5510  204894.19556125198  
 617.5890  204824.02747827725  
 617.6270  204392.83915491987  
 617.6650  203707.5187590272  
 617.7030  203605.72050393443  
 617.7420  204226.93223679837  
 617.7800  204929.34019693878  
 617.8180  205414.94211141125  
 617.8560  205597.81540538152  
 617.8940  205330.23142056615  
 617.9320  205079.49262320067  
 617.9710  205056.46682740585  
 618.0090  205042.04540793438  
 618.0470  205634.17192505754  
 618.0850  206556.90039443452  
 618.1230  207177.02143170818  
 618.1620  207732.79142915536  
 618.2000  208433.98750530652  
 618.2380  208914.7418838222  
 618.2760  209109.7340176845  
 618.3140  209229.5893442164  
 618.3530  209286.5478917088  
 618.3910  209676.53215943338  
 618.4290  210283.20128442693  
 618.4670  210848.78754218665  
 618.5060  211322.2706167671  
 618.5440  211714.5574640712  
 618.5820  211710.9218121036  
 618.6200  211244.7100414583  
 618.6590  210484.25283823526  
 618.6970  209904.12397260516  
 618.7350  209496.0826334415  
 618.7740  209021.3876748718  
 618.8120  208792.46278931192  
 618.8500  208895.351739995  
 618.8880  208884.4447840922  
 618.9270  208538.08833997883  
 618.9650  207350.19965376487  
 619.0030  205268.42533711696  
 619.0420  203235.12638003702  
 619.0800  201474.3801321282  
 619.1180  199963.03960919677  
 619.1570  199604.56432519137  
 619.1950  200331.20996511576  
 619.2330  200878.61796303745  
 619.2720  201187.40600348564  
 619.3100  201594.23545866008  
 619.3480  201649.98212216332  
 619.3870  201413.7859326682  
 619.4250  201100.1503562632  
 619.4640  200824.08318352344  
 619.5020  201263.6335064063  
 619.5400  202581.19377946467  
 619.5790  204308.1284640748  
 619.6170  206295.3758295651  
 619.6560  208243.84290740103  
 619.6940  209376.10611851068  
 619.7320  209595.33593215697  
 619.7710  209428.2171300463  
 619.8090  209184.87082501492  
 619.8480  208685.93818666122  
 619.8860  207763.08852888536  
 619.9240  207052.19738082058  
 619.9630  206400.68854822658  
 620.0010  205819.46898700623  
 620.0400  205499.77399065523  
 620.0780  205615.99366521955  
 620.1170  205542.18993027727  
 620.1550  205462.20558699005  
 620.1930  205321.74823264175  
 620.2320  205134.02740271465  
 620.2700  205008.11265623674  
 620.3090  204940.24715284156  
 620.3470  204801.00168248249  
 620.3860  205184.92653026106  
 620.4240  205944.17184949495  
 620.4630  206794.30846791877  
 620.5010  207608.08856666667  
 620.5400  208463.07272104733  
 620.5780  208855.48075675033  
 620.6170  208974.124199293  
 620.6550  208995.93811109863  
 620.6940  209003.2094150338  
 620.7320  208997.14999508782  
 620.7710  208877.173480157  
 620.8100  208776.7082974523  
 620.8480  208712.4784460247  
 620.8870  208650.7935509744  
 620.9250  208897.7755079734  
 620.9640  209234.4368801732  
 621.0020  209477.9043736035  
 621.0410  209672.8965074658  
 621.0790  209858.1935694145  
 621.1180  210015.6172996116  
 621.1570  209775.78545814886  
 621.1950  208860.32829270713  
 621.2340  208067.02903337672  
 621.2720  207335.65704589448  
 621.3110  206575.07865427248  
 621.3500  205917.51040173252  
 621.3880  205521.58790246086  
 621.4270  205152.20566255265  
 621.4650  204672.6631680262  
 621.5040  204045.3920152162  
 621.5430  203792.2294498723  
 621.5810  204027.2137553782  
 621.6200  204048.9064787849  
 621.6590  203885.4233286418  
 621.6970  204511.6037858615  
 621.7360  205221.16186153813  
 621.7750  205381.00935971361  
 621.8130  205452.51051507646  
 621.8520  205669.31656074434  
 621.8910  205444.02732715203  
 621.9290  204810.69675439608  
 621.9680  204580.55998484697  
 622.0070  204367.5107795456  
 622.0450  204199.1800934457  
 622.0840  203907.2372404474  
 622.1230  203617.8393438264  
 622.1610  203422.84720996412  
 622.2000  203313.89883933502  
 622.2390  203030.56036266004  
 622.2780  202914.21949969683  
 622.3160  203286.02550758343  
 622.3550  203846.76422938632  
 622.3940  204511.6037858615  
 622.4320  205745.54406366503  
 622.4710  206765.223252178  
 622.5100  207318.69067004567  
 622.5490  207914.45283913644  
 622.5880  208678.66688272601  
 622.6260  209152.1499573065  
 622.6650  209572.31013636218  
 622.7040  209933.20918834597  
 622.7430  209870.19122090755  
 622.7810  209293.819195644  
 622.8200  208787.61525335512  
 622.8590  208117.92816092313  
 622.8980  206938.40147423468  
 622.9370  204928.12831294956  
 622.9750  203450.72054171574  
 623.0140  201922.41364293545  
 623.0530  200701.80408901314  
 623.0920  199833.4892107513  
 623.1310  199398.66523542628  
 623.1690  198873.19233770913  
 623.2080  198305.18231197103  
 623.2470  197463.52888147155  
 623.2860  197216.54692447258  
 623.3250  197760.19808202772  
 623.3640  198152.60611773073  
 623.4030  198185.32698543914  
 623.4410  199179.5566101789  
 623.4800  200546.80412679445  
 623.5190  201858.3049799068  
 623.5580  202747.10069758614  
 623.5970  203149.20380520273  
 623.6360  203433.7541658669  
 623.6750  203162.53452908396  
 623.7140  202575.13435951865  
 623.7530  202469.82164085715  
 623.7910  203107.99974956995  
 623.8300  202897.25312384803  
 623.8690  202089.53244504618  
 623.9080  200917.2770622929  
 623.9470  199929.10685749917  
 623.9860  199233.97020129397  
 624.0250  198610.3347004516  
 624.0640  198213.20031719073  
 624.1030  198951.8436086082  
 624.1420  199529.5487062599  
 624.1810  199691.81997241377  
 624.2200  199871.05761441647  
 624.2590  199697.87939235976  
 624.2980  198663.65759597643  
 624.3370  197651.24971139865  
 624.3760  196785.35860111518  
 624.4150  196199.291503938  
 624.4540  196223.529183722  
 624.4930  195873.53708764102  
 624.5320  195628.85771022152  
 624.5710  195281.28938211894  
 624.6100  194170.8400828149  
 624.6490  193174.18669009674  
 624.6880  193057.96701553243  
 624.7270  192752.69343865293  
 624.7660  192979.19455623443  
 624.8050  194495.38261512268  
 624.8440  196228.2555312799  
 624.8830  197858.36068515296  
 624.9220  199613.04751311577  
 624.9610  200844.68521133982  
 625.0000  202061.65911329456  
 625.0390  203192.83162881396  
 625.0780  203759.50858216392  
 625.1170  203639.653255632  
 625.1560  204254.80556855  
 625.1950  204007.823611551  
 625.2340  202715.59171386695  
 625.2740  201112.26919615522  
 625.3130  200233.04736199055  
 625.3520  198800.4792983571  
 625.3910  197496.24974917996  
 625.4300  196904.00204365788  
 625.4690  196819.29135281278  
 625.5080  195877.17273960865  
 625.5470  195089.93290022426  
 625.5860  193956.4578051254  
 625.6260  193656.1529526016  
 625.6650  193795.3984229607  
 625.7040  194307.66178519558  
 625.7430  194226.5867463181  
 625.7820  195603.40814644835  
 625.8210  196669.1389265509  
 625.8610  197825.63981744455  
 625.9000  199333.34468840837  
 625.9390  201025.1347373317  
 625.9780  201071.0651405224  
 626.0170  201442.871148409  
 626.0570  201907.87103506507  
 626.0960  202297.85530278969  
 626.1350  202795.57605715416  
 626.1740  204115.56009819088  
 626.2130  204660.5443281342  
 626.2530  205096.45899904944  
 626.2920  205727.36580382704  
 626.3310  206200.97006680642  
 626.3700  205499.77399065523  
 626.4090  205021.44338011797  
 626.4490  204245.1104966364  
 626.4880  203592.3897800532  
 626.5270  203378.12869076265  
 626.5660  203982.3740477778  
 626.6060  204210.0870493485  
 626.6450  204332.3661438588  
 626.6840  204217.2371648848  
 626.7230  203869.79002518114  
 626.7630  203732.8471344015  
 626.8020  203577.8471721828  
 626.8410  203016.01775478965  
 626.8810  202835.56822879775  
 626.9200  203339.34840310822  
 626.9590  203645.71267557802  
 626.9990  203912.0847764042  
 627.0380  204737.98371504407  
 627.0770  205061.31436336265  
 627.1170  204694.47707983176  
 627.1560  204505.54436591547  
 627.1950  204604.79766463095  
 627.2340  204685.9938919074  
 627.2740  204719.80545520608  
 627.3130  204866.44341789928  
 627.3530  204781.61153865527  
 627.3920  205045.55987150306  
 627.4310  205490.07891874164  
 627.4710  205975.68083321414  
 627.5100  206617.49459389452  
 627.5490  207394.91817296637  
 627.5890  207684.43725798625  
 627.6280  207789.74997664776  
 627.6680  207968.98761865043  
 627.7070  207981.10645854246  
 627.7460  207815.19954042096  
 627.7860  207553.55378715266  
 627.8250  207166.11447580537  
 627.8650  206605.37575400248  
 627.9040  205544.49250985673  
 627.9430  204437.6788625203  
 627.9830  203610.56803989122  
 628.0220  202949.36413538366  
 628.0620  202352.39008230367  
 628.1010  202221.50661147007  
 628.1410  202196.17823609576  
 628.1800  202071.35418520815  
 628.2200  201930.89683085989  
 628.2590  201882.54265969078  
 628.2990  201870.4238197988  
 628.3380  202035.11885393108  
 628.3780  202014.51682611468  
 628.4170  202356.02573427127  
 628.4570  203160.11076110552  
 628.4960  204058.6015506985  
 628.5360  204785.24719062287  
 628.5750  205637.80757702515  
 628.6150  206127.04514346522  
 628.6540  206252.95988994313  
 628.6940  206300.2233655219  
 628.7330  206357.18191301433  
 628.7730  206438.25695189182  
 628.8120  206589.6212621429  
 628.8520  206602.9519860241  
 628.8910  206540.0552069846  
 628.9310  206256.5955419107  
 628.9700  205685.07105260392  
 629.0100  205257.51838121415  
 629.0490  204916.00947305755  
 629.0890  204579.34810085775  
 629.1290  204486.15422208828  
 629.1680  204695.68896382098  
 629.2080  204723.44110717365  
 629.2470  204639.94230031775  
 629.2870  204633.88288037176  
 629.3270  204630.2472284042  
 629.3660  204569.65302894416  
 629.4060  204493.4255260235  
 629.4450  204447.37393443388  
 629.4850  204593.89070872817  
 629.5250  204855.53646199647  
 629.5640  205135.23928670384  
 629.6040  205186.13841425025  
 629.6440  204642.3660682962  
 629.6830  204131.3145900505  
 629.7230  203534.34053697053  
 629.7630  202968.75427921084  
 629.8020  202577.55812749706  
 629.8420  202807.69489704614  
 629.8820  202706.01783035227  
 629.9210  202473.45729282475  
 629.9610  201789.2275925224  
 630.0010  200329.99808112654  
 630.0400  199160.1664663517  
 630.0800  197743.23170617895  
 630.1200  195614.31510235113  
 630.1590  194846.58659519287  
 630.1990  195269.17054222696  
 630.2390  195363.69749338456  
 630.2790  195728.11100893703  
 630.3180  197028.82609454548  
 630.3580  197378.81819062645  
 630.3980  197388.51326254004  
 630.4380  197388.51326254004  
 630.4770  197108.68924943375  
 630.5170  197685.18246309625  
 630.5570  198621.2416563544  
 630.5960  199554.8770816342  
 630.6360  201214.067451248  
 630.6760  203457.99184565092  
 630.7160  204741.61936701168  
 630.7560  205752.8153676002  
 630.7950  206863.3858553032  
 630.8350  207140.66491203217  
 630.8750  207104.30839235618  
 630.9150  207140.66491203217  
 630.9550  207124.9104201726  
 630.9940  206916.58756242908  
 631.0340  206931.1301702995  
 631.0740  206979.6055298675  
 631.1140  206939.6133582239  
 631.1540  206926.2826343427  
 631.1940  207135.81737607537  
 631.2330  207225.37560287726  
 631.2730  207030.5046574139  
 631.3130  205962.3501093329  
 631.3530  204864.01964992087  
 631.3930  202894.82935586965  
 631.4330  200885.76807857372  
 631.4730  199275.17425692678  
 631.5120  198764.1227786811  
 631.5520  198272.46144426262  
 631.5920  198514.71705370373  
 631.6320  198342.7507156362  
 631.6720  197333.97848302606  
 631.7120  195869.9014356734  
 631.7520  193985.5430208662  
 631.7920  191410.8954858106  
 631.8320  190169.68390407186  
 631.8720  189652.57300588017  
 631.9110  190071.52130094662  
 631.9510  191416.95490575657  
 631.9910  193607.67759303362  
 632.0310  194925.23786609195  
 632.0710  195941.28140263734  
 632.1110  195511.42615166804  
 632.1510  194563.2481185179  
 632.1910  194168.41631483648  
 632.2310  194375.5272885908  
 632.2710  195100.83985612704  
 632.3110  197085.663453639  
 632.3510  199087.45342699968  
 632.3910  200372.41402074855  
 632.4310  201152.2613677988  
 632.4710  201819.5246922524  
 632.5110  201975.73653846027  
 632.5510  201811.041504328  
 632.5910  201316.95640193112  
 632.6310  201304.8375620391  
 632.6710  201631.8038623253  
 632.7110  202021.78813004988  
 632.7510  202892.40558789123  
 632.7910  204034.48505931342  
 632.8310  204523.7226257535  
 632.8710  204488.5779900667  
 632.9110  204384.35596699547  
 632.9510  204137.37400999648  
 632.9920  203903.6015884798  
 633.0320  203549.9738404312  
 633.0720  203186.77220886791  
 633.1120  202864.65344453856  
 633.1520  202934.82152751324  
 633.1920  203092.2452577103  
 633.2320  203476.17010548894  
 633.2720  203939.9581081558  
 633.3120  204252.3818005716  
 633.3520  203939.9581081558  
 633.3920  202633.30479100024  
 633.4330  201676.64356992568  
 633.4730  200848.32086330745  
 633.5130  199580.32664540736  
 633.5530  198299.122892025  
 633.5930  198353.65767153903  
 633.6330  198193.81017336354  
 633.6730  197909.13862430042  
 633.7140  197802.61402164976  
 633.7540  197338.82601898286  
 633.7940  196657.0200866589  
 633.8340  195789.91709238623  
 633.8740  194584.94084192457  
 633.9140  194664.92518521176  
 633.9550  195699.14698159514  
 633.9950  196361.5627700919  
 634.0350  197079.60403369294  
 634.0750  198790.7842264435  
 634.1150  199566.99592152616  
 634.1560  199935.16627744515  
 634.1960  200300.91286538576  
 634.2360  200176.21000289707  
 634.2760  199453.20001494026  
 634.3170  199003.9546201438  
 634.3570  198713.34483953362  
 634.3970  198590.9445566244  
 634.4370  198899.73259707258  
 634.4770  199166.2258862977  
 634.5180  198946.9960726514  
 634.5580  198354.86955552825  
 634.5980  197913.98616025722  
 634.6390  197588.23174396026  
 634.6790  197415.05352190355  
 634.7190  197580.96044002505  
 634.7590  197995.18238753363  
 634.8000  198905.7920170186  
 634.8400  199963.03960919677  
 634.8800  200937.87909010932  
 634.9210  201767.41368071677  
 634.9610  202738.61750966174  
 635.0010  203043.89108654126  
 635.0420  203036.61978260605  
 635.0820  203369.64550283822  
 635.1220  203899.9659365122  
 635.1630  204232.9916567444  
 635.2030  204288.7383202476  
 635.2430  204143.4334299425  
 635.2840  203784.95814593713  
 635.3240  203143.14438525675  
 635.3640  201907.87103506507  
 635.4050  201146.2019478528  
 635.4450  200790.15043182584  
 635.4860  200160.45551103743  
 635.5260  199792.28515511844  
 635.5660  200168.93869896187  
 635.6070  200371.20213675936  
 635.6470  200317.87924123454  
 635.6880  199867.42196244886  
 635.7280  198387.59042323663  
 635.7680  197562.78218018703  
 635.8090  196902.7901596687  
 635.8490  196081.7387569856  
 635.8900  196217.46976377603  
 635.9300  197268.53674760927  
 635.9700  197530.18250087756  
 636.0110  197680.33492713945  
 636.0510  198014.57253136084  
 636.0920  197461.10511349316  
 636.1320  196585.51893129607  
 636.1730  195826.2736120622  
 636.2130  194748.42399206766  
 636.2540  194615.23794165457  
 636.2940  194821.13703141967  
 636.3350  195217.18071909025  
 636.3750  195751.1368047318  
 636.4160  196601.27342315568  
 636.4560  196715.1905181405  
 636.4970  196741.73077750395  
 636.5370  197023.9785585887  
 636.5780  197240.66341585768  
 636.6180  197635.49521953904  
 636.6590  198253.0713004354  
 636.6990  198732.6137949619  
 636.7400  199121.3861786973  
 636.7800  199181.9803781573  
 636.8210  199300.62382069998  
 636.8620  199454.41189892948  
 636.9020  199801.98022703207  
 636.9430  200026.05757663515  
 636.9830  200198.02391470267  
 637.0240  200362.71894883495  
 637.0640  200248.80185385013  
 637.1050  200160.45551103743  
 637.1460  200095.01377562064  
 637.1860  200218.62594251905  
 637.2270  200412.28500399322  
 637.2670  200569.70873419032  
 637.3080  200889.40373054132  
 637.3490  201262.4216224171  
 637.3890  201699.6693657205  
 637.4300  201916.35422298947  
 637.4710  202032.6950859527  
 637.5110  202244.53240726487  
 637.5520  202515.8732324468  
 637.5920  202850.11083666814  
 637.6330  203089.82148973193  
 637.6740  203247.24521992903  
 637.7140  203163.74641307315  
 637.7550  202989.35630702725  
 637.7960  202785.88098524054  
 637.8360  202594.52450334583  
 637.8770  202509.81381250074  
 637.9180  201917.56610697866  
 637.9580  201503.465347869  
 637.9990  201178.9228155612  
 638.0400  200879.82984702665  
 638.0810  200670.29510529395  
 638.1210  200930.6077861741  
 638.1620  200903.9463384117  
 638.2030  200931.8196701633  
 638.2440  201000.89705754773  
 638.2840  201037.25357722375  
 638.3250  200864.07535516704  
 638.3660  200682.41394518592  
 638.4060  199702.72692831655  
 638.4470  199304.2594726676  
 638.4880  199171.0734222545  
 638.5290  199299.41193671076  
 638.5700  199535.6081262059  
 638.6100  200413.49688798242  
 638.6510  200592.73452998511  
 638.6920  200505.60007116164  
 638.7330  200432.88703180963  
 638.7740  200390.47109218765  
 638.8140  200304.54851735334  
 638.8550  200413.49688798242  
 638.8960  200480.15050738846  
 638.9370  200979.08314574213  
 638.9780  201612.41371849808  
 639.0180  202337.84747443328  
 639.0590  202745.88881359695  
 639.1000  202800.42359311096  
 639.1410  202467.39787287876  
 639.1820  201459.83752425777  
 639.2230  199384.24381595477  
 639.2640  197815.94474553093  
 639.3040  196797.47744100718  
 639.3450  195664.00234590835  
 639.3860  195018.55293326036  
 639.4270  195414.47543253202  
 639.4680  195403.56847662924  
 639.5090  195292.19633802175  
 639.5500  195172.34101148986  
 639.5910  194953.11119784357  
 639.6320  195224.45202302546  
 639.6720  195430.22992439163  
 639.7130  195484.76470390565  
 639.7540  196716.4024021297  
 639.7950  198082.31684635713  
 639.8360  197559.14652821945  
 639.8770  196418.40012918538  
 639.9180  195941.28140263734  
 639.9590  194428.7289957167  
 640.0000  192935.56673262324  
 640.0410  192959.80441240725  
 640.0820  193688.87382031002  
 640.1230  193887.5016061399  
 640.1640  193979.48360092018  
 640.2050  194076.31313165728  
 640.2460  194132.0597951605  
 640.2870  194087.22008756007  
 640.3280  193536.29762606972  
 640.3690  193805.09349487428  
 640.4100  195519.90933959244  
 640.4510  197556.84394863996  
 640.4920  199736.53849161524  
 640.5330  202374.20399410927  
 640.5740  203834.6453894943  
 640.6150  203540.39995691655  
 640.6560  201966.04146654668  
 640.6970  200676.35452523993  
 640.7380  199579.11476141817  
 640.7790  198781.0891545299  
 640.8200  198159.8774216659  
 640.8610  198497.7506778549  
 640.9020  198465.02981014652  
 640.9430  198141.69916182794  
 640.9850  197448.98627360116  
 641.0260  195677.33306978954  
 641.0670  194054.6204082506  
 641.1080  192801.16879822096  
 641.1490  191464.21838133538  
 641.1900  191456.9470774002  
 641.2310  192790.2618423181  
 641.2720  193967.3647610282  
 641.3130  194641.89938941697  
 641.3550  195238.87344249693  
 641.3960  194970.07757369234  
 641.4370  194429.9408797059  
 641.4780  193823.2717547123  
 641.5190  192842.37285385374  
 641.5600  193061.60266750003  
 641.6010  193727.65410796442  
 641.6430  194348.8658408284  
 641.6840  195108.11116006225  
 641.7250  196423.24766514217  
 641.7660  196875.038016316  
 641.8070  196445.0615769478  
 641.8490  195199.00245925225  
 641.8900  194601.90721777335  
 641.9310  193906.7705615682  
 641.9720  192038.28782701946  
 642.0130  190664.98089045793  
 642.0550  190482.10759648765  
 642.0960  189990.44626206916  
 642.1370  189656.20865784778  
 642.1780  190723.1513219395  
 642.2190  191739.07367008596  
 642.2610  192405.12511055035  
 642.3020  192525.10162548115  
 642.3430  192325.26195566205  
 642.3850  192944.0499205476  
 642.4260  193607.67759303362  
 642.4670  193847.5094344963  
 642.5080  195340.67169758974  
 642.5500  197461.10511349316  
 642.5910  198689.10715974963  
 642.6320  199849.24370261087  
 642.6730  201457.4137562794  
 642.7150  201952.71074266548  
 642.7560  202037.5426219095  
 642.7970  202008.4574061687  
 642.8390  201884.84523927027  
 642.8800  201572.4215468545  
 642.9210  200026.05757663515  
 642.9630  198858.6497298387  
 643.0040  197854.72503318536  
 643.0450  196892.0043921648  
 643.0870  196102.340784802  
 643.1280  196148.3923763916  
 643.1690  195920.6793748209  
 643.2110  195513.84991964645  
 643.2520  195145.67956372746  
 643.2940  194833.25587131167  
 643.3350  194897.36453434036  
 643.3760  194790.83993168964  
 643.4180  194305.2380172172  
 643.4590  195014.91728129276  
 643.5010  195877.17273960865  
 643.5420  196842.3171486076  
 643.5830  197855.93691717455  
 643.6250  199120.1742947081  
 643.6660  199510.15856243268  
 643.7080  199299.41193671076  
 643.7490  197319.43587515567  
 643.7910  195842.02810392182  
 643.8320  194718.24808073658  
 643.8740  193291.61824865022  
 643.9150  192253.76080029926  
 643.9560  192862.97488167015  
 643.9980  192968.28760033162  
 644.0390  193033.72933574842  
 644.0810  193041.00063968365  
 644.1220  192895.69574937856  
 644.1640  192831.46589795095  
 644.2050  192609.81231632625  
 644.2470  191754.82816194557  
 644.2880  192665.55897982942  
 644.3300  194325.84004503358  
 644.3710  196043.07965773012  
 644.4130  197974.58035971722  
 644.4540  200392.89486016604  
 644.4960  201077.12456046842  
 644.5380  201187.40600348564  
 644.5790  201132.87122397163  
 644.6210  201033.61792525614  
 644.6620  201120.7523840796  
 644.7040  201229.7007547087  
 644.7450  201310.89698198513  
 644.7870  201290.2949541687  
 644.8280  200173.78623491866  
 644.8700  198887.73494557952  
 644.9120  197785.64764580093  
 644.9530  196682.46965043212  
 644.9950  195534.45194746283  
 645.0360  195605.83191442673  
 645.0780  195599.7724944807  
 645.1200  195459.31514013244  
 645.1610  195357.63807343855  
 645.2030  195443.56064827283  
 645.2450  195402.35659264002  
 645.2860  195324.91720573016  
 645.3280  194586.15272591377  
 645.3690  194420.24580779226  
 645.4110  194933.72105401635  
 645.4530  195395.20647710375  
 645.4940  195473.85774800283  
 645.5360  196227.0436472907  
 645.5780  196039.44400576252  
 645.6190  195355.21430546016  
 645.6610  194985.83206555198  
 645.7030  195037.94307708755  
 645.7450  195051.27380096877  
 645.7860  195053.69756894716  
 645.8280  195045.2143810228  
 645.8700  195151.73898367345  
 645.9110  195343.09546556813  
 645.9530  195862.63013173823  
 645.9950  196558.97867193262  
 646.0370  197600.35058385224  
 646.0780  197953.97833190084  
 646.1200  197119.59620533657  
 646.1620  195736.5941968614  
 646.2040  194174.4757347825  
 646.2450  192245.27761237486  
 646.2870  190845.43041644982  
 646.3290  190444.5391928224  
 646.3710  190224.21868358584  
 646.4120  189728.92169719975  
 646.4540  189157.27601949408  
 646.4960  188648.6483092268  
 646.5380  188181.2246545923  
 646.5800  187845.77516638173  
 646.6210  188521.52167875972  
 646.6630  190378.00676181534  
 646.7050  192360.40659134887  
 646.7470  194156.2974749445  
 646.7890  195731.7466609046  
 646.8310  196638.8418268209  
 646.8720  196533.52910815942  
 646.9140  196328.8419023835  
 646.9560  196568.5525554473  
 646.9980  196406.2812892934  
 647.0400  196011.57067401093  
 647.0820  195562.2040908155  
 647.1240  195077.81406033225  
 647.1650  194403.2794319435  
 647.2070  194283.42410541157  
 647.2490  194396.1293164072  
 647.2910  194723.09561669338  
 647.3330  195139.62014378145  
 647.3750  195426.59427242403  
 647.4170  195298.25575796774  
 647.4590  194988.25583353036  
 647.5010  194531.73913479867  
 647.5430  194552.34116261508  
 647.5840  194865.9767390201  
 647.6260  195599.7724944807  
 647.6680  196451.1209968938  
 647.7100  197140.19823315297  
 647.7520  197204.42808458058  
 647.7940  197109.90113342294  
 647.8360  197028.82609454548  
 647.8780  196973.07943104228  
 647.9200  197109.90113342294  
 647.9620  197650.03782740945  
 648.0040  198111.40206209794  
 648.0460  198130.79220592513  
 648.0880  197960.03775184683  
 648.1300  197321.85964313406  
 648.1720  196234.31495122588  
 648.2140  195207.48564717665  
 648.2560  194587.364609903  
 648.2980  194140.5429830849  
 648.3400  193971.0004129958  
 648.3820  193855.99262242072  
 648.4240  193904.34679358976  
 648.4660  193973.4241809742  
 648.5080  194035.23026442342  
 648.5510  194287.05975737917  
 648.5930  194964.01815374635  
 648.6350  195820.21419211623  
 648.6770  197019.1310226319  
 648.7190  198267.61390830582  
 648.7610  199352.73483223558  
 648.8030  200052.71902439758  
 648.8450  200581.82757408233  
 648.8870  200796.20985177183  
 648.9290  200943.93851005533  
 648.9710  200989.99010164491  
 649.0140  200746.5226082146  
 649.0560  200438.94645175562  
 649.0980  200141.06536721025  
 649.1400  199816.52283490245  
 649.1820  199330.92092042998  
 649.2240  198139.27539384953  
 649.2660  196647.32501474526  
 649.3090  194801.74688759248  
 649.3510  192014.05014723545  
 649.3930  188917.44417803138  
 649.4350  186455.5018539714  
 649.4770  183845.8308716279  
 649.5190  181012.08253968132  
 649.5620  179245.2768718265  
 649.6040  177977.2826539264  
 649.6460  176951.54404546745  
 649.6880  176403.0453519555  
 649.7300  176450.18763913537  
 649.7730  177119.87473156737  
 649.8150  177371.82541292204  
 649.8570  177905.90268696254  
 649.8990  179488.62317685786  
 649.9420  181362.07463576228  
 649.9840  182828.57545109335  
 650.0260  185256.58502345573  
 650.0680  188016.52962046003  
 650.1110  189904.52368723488  
 650.1530  191481.18475718418  
 650.1950  192720.09375934344  
 650.2370  193146.31335834513  
 650.2800  192910.11716885003  
 650.3220  192768.44793051254  
 650.3640  193216.60262971872  
 650.4060  193820.84798673392  
 650.4490  194639.47562143856  
 650.4910  195511.42615166804  
 650.5330  196176.2657081432  
 650.5760  196221.10541574363  
 650.6180  196173.8419401648  
 650.6600  196107.1883207588  
 650.7030  195954.6121265185  
 650.7450  195760.83187664542  
 650.7870  195771.73883254823  
 650.8300  195990.96864619452  
 650.8720  196252.4932110639  
 650.9150  196594.0021192205  
 650.9570  196968.23189508548  
 650.9990  197132.92692921776  
 651.0420  197065.06142582255  
 651.0840  196956.11305519348  
 651.1260  196825.35077275877  
 651.1690  196675.19834649688  
 651.2110  196549.283600019  
 651.2540  196460.81606880738  
 651.2960  196483.8418646022  
 651.3390  196704.2835622377  
 651.3810  197020.34290662108  
 651.4230  197191.09736069938  
 651.4660  197043.36870241587  
 651.5080  196680.0458824537  
 651.5510  196177.4775921324  
 651.5930  195659.15480995152  
 651.6360  195220.81637105785  
 651.6780  194719.45996472577  
 651.7210  194093.2795075061  
 651.7630  193432.0756029985  
 651.8060  192773.29546646934  
 651.8480  192131.48170578896  
 651.8900  191788.76091364317  
 651.9330  191597.4044317485  
 651.9760  191539.3551886658  
 652.0180  191660.42239918688  
 652.0600  191820.2698973624  
 652.1030  192029.8046390951  
 652.1460  192281.63413205085  
 652.1880  192555.39872521115  
 652.2310  193007.06788798602  
 652.2730  193600.4062890984  
 652.3160  194212.0441384477  
 652.3580  194842.95094322527  
 652.4010  195377.02821726573  
 652.4430  195556.26585926843  
 652.4860  195535.66383145202  
 652.5290  195412.0516645536  
 652.5710  195206.27376318746  
 652.6140  194968.86568970315  
 652.6560  194744.78834010006  
 652.6990  194574.03388602176  
 652.7420  194455.39044347906  
 652.7840  194396.1293164072  
 652.8270  194341.5945368932  
 652.8690  194236.16062983277  
 652.9120  194107.82211537648  
 652.9550  193961.3053410822  
 652.9970  193860.8401583775  
 653.0400  193904.34679358976  
 653.0830  194095.7032754845  
 653.1250  194352.50149279597  
 653.1680  194560.82435053948  
 653.2110  194490.5350791659  
 653.2530  194077.52501564648  
 653.2960  193548.41646596172  
 653.3390  192996.16093208324  
 653.3810  192514.19466957837  
 653.4240  192286.48166800765  
 653.4670  192248.91326434247  
 653.5090  192212.67793306537  
 653.5520  192147.23619764857  
 653.5950  192041.92347898707  
 653.6370  191903.76870421827  
 653.6800  191725.8641346037  
 653.7230  191455.73519341098  
 653.7660  191364.9650826199  
 653.8080  191464.21838133538  
 653.8510  191594.98066377008  
 653.8940  191783.91337768637  
 653.9370  192058.88985483587  
 653.9790  192069.67562233977  
 654.0220  191885.7116327792  
 654.0650  191687.0838469493  
 654.1080  191486.03229314098  
 654.1510  191306.79465113828  
 654.1930  191237.71726375388  
 654.2360  191357.6937786847  
 654.2790  191691.9313829061  
 654.3220  192067.37304276027  
 654.3650  192418.45583443154  
 654.4070  192629.20246015344  
 654.4500  192039.49971100868  
 654.4930  190916.81038341371  
 654.5360  189834.23441586125  
 654.5790  188612.2917895508  
 654.6220  187386.83469967166  
 654.6640  186792.16322617116  
 654.7070  186533.0624292802  
 654.7500  186180.64656522078  
 654.7930  185960.2048675853  
 654.8360  185834.29012110742  
 654.8790  185599.30581560152  
 654.9220  185222.77346015704  
 654.9650  185125.82274102102  
 655.0080  185624.75537937472  
 655.0500  186250.81464819546  
 655.0930  187045.32579151506  
 655.1360  188116.9948031647  
 655.1790  188916.2322940422  
 655.2220  189079.71544418528  
 655.2650  189292.88583788558  
 655.3080  189344.99684942118  
 655.3510  189143.94529561288  
 655.3940  188699.5474367732  
 655.4370  188112.1472672079  
 655.4800  187513.96133013873  
 655.5230  186892.74959727476  
 655.5660  186255.6621841523  
 655.6090  185699.89218670514  
 655.6520  185177.93375255665  
 655.6950  184594.16923495897  
 655.7380  183889.4586952391  
 655.7810  183005.3893251176  
 655.8240  181949.35361692865  
 655.8670  180676.6330514707  
 655.9100  179212.55600411806  
 655.9530  177661.223309543  
 655.9960  175902.9008296126  
 656.0390  173606.7442352752  
 656.0820  170196.62387806503  
 656.1250  165175.78851080904  
 656.1680  159031.17312036775  
 656.2110  152531.71809788872  
 656.2540  145968.15441238097  
 656.2970  140718.39415956507  
 656.3400  137448.7311567032  
 656.3830  135634.66201326958  
 656.4260  134641.644272519  
 656.4700  134346.0657675531  
 656.5130  134639.22050454063  
 656.5560  135453.00060328847  
 656.5990  137202.8398952945  
 656.6420  140574.30115324917  
 656.6850  145534.54232104518  
 656.7280  151245.66680854958  
 656.7710  156888.92579265876  
 656.8140  161994.47185075982  
 656.8580  165849.11125520858  
 656.9010  168225.13100443428  
 656.9440  169781.19004656724  
 656.9870  171189.64161881557  
 657.0300  172436.91262050034  
 657.0730  173357.33851029782  
 657.1170  173925.3485360359  
 657.1600  174253.5267203113  
 657.2030  174919.57816077565  
 657.2460  175440.203522536  
 657.2890  175950.0431167925  
 657.3330  176514.41749056298  
 657.3760  176951.54404546745  
 657.4190  177423.93642445767  
 657.4620  178064.53830114883  
 657.5050  178606.9775747148  
 657.5490  179036.954014083  
 657.5920  179511.64897265265  
 657.6350  179991.19146717916  
 657.6780  180549.50642100364  
 657.7220  181062.9816672277  
 657.7650  181709.64296386487  
 657.8080  182527.05871458034  
 657.8510  183465.5416758169  
 657.8950  184567.62897559546  
 657.9380  185634.45045128834  
 657.9810  186537.909965237  
 658.0250  187320.18108026564  
 658.0680  187893.03864196053  
 658.1110  188196.97914645192  
 658.1550  188513.03849083532  
 658.1980  188812.1314593699  
 658.2410  189062.8702567354  
 658.2840  189257.74120219878  
 658.3280  189369.2345292052  
 658.3710  189476.97101584508  
 658.4150  189585.91938647418  
 658.4580  189569.07419902427  
 658.5010  189496.3611596723  
 658.5450  189476.97101584508  
 658.5880  189450.30956808265  
 658.6310  189455.15710403945  
 658.6750  189590.76692243098  
 658.7180  189799.08978017443  
 658.7610  189996.50568201515  
 658.8050  190202.40477178025  
 658.8480  190432.42035293044  
 658.8920  190671.04031040394  
 658.9350  190841.7947644822  
 658.9790  191005.27791462533  
 659.0220  191277.7094353975  
 659.0650  191478.7609892058  
 659.1090  191142.099617006  
 659.1520  190143.02245630947  
 659.1960  188869.0900068623  
 659.2390  187108.22257055456  
 659.2830  185197.32389638384  
 659.3260  183864.0091314659  
 659.3700  183011.44874506365  
 659.4130  182289.65064109606  
 659.4570  181881.6093019324  
 659.5000  181761.63278700155  
 659.5440  181655.1081843509  
 659.5870  181301.48043630228  
 659.6310  181176.7775738136  
 659.6740  181679.34586413487  
 659.7180  182309.04078492324  
 659.7610  183210.0765308935  
 659.8050  184705.66256196535  
 659.8480  186097.02656996602  
 659.8920  186958.07014429267  
 659.9350  187662.90187241143  
 659.9790  188072.27628396323  
 660.0220  188163.04639475432  
 660.0660  188123.05422311072  
 660.1100  188271.99476538342  
 660.1530  188688.6404808704  
 660.1970  189128.1908037533  
 660.2400  189607.73329827975  
 660.2840  190096.97086471983  
 660.3280  190421.51339702762  
 660.3710  190586.20843115993  
 660.4150  190677.09973034993  
 660.4580  190706.18494609074  
 660.5020  190761.81042119503  
 660.5460  190775.14114507622  
 660.5890  190694.06610619873  
 660.6330  190541.48991195846  
 660.6770  190329.53140224735  
 660.7200  189995.29379802596  
 660.7640  189347.4206173996  
 660.8070  188498.4958829649  
 660.8510  187743.97691128892  
 660.8950  187128.82459837096  
 660.9390  186672.30789963927  
 660.9820  186600.8067442765  
 661.0260  186784.89192223598  
 661.0700  186993.2147799795  
 661.1130  187055.02086342868  
 661.1570  187117.91764246818  
 661.2010  187151.85039416575  
 661.2440  187225.77531750695  
 661.2880  187530.92770598756  
 661.3320  188184.86030655992  
 661.3760  189020.45431711338  
 661.4190  189908.03815080354  
 661.4630  190766.65795715182  
 661.5070  191356.4818946955  
 661.5510  191550.26214456858  
 661.5940  191484.82040915178  
 661.6380  191333.4560989007  
 661.6820  191206.3294684336  
 661.7260  191156.6422248764  
 661.7700  191144.5233849844  
 661.8130  191156.6422248764  
 661.8570  191230.5671482176  
 661.9010  191280.13320337588  
 661.9450  191224.50772827162  
 661.9890  191105.74309733  
 662.0320  190988.3115387765  
 662.0760  190844.2185324606  
 662.1200  190675.88784636074  
 662.1640  190531.79484004484  
 662.2080  190451.81049675765  
 662.2520  190385.27806575055  
 662.2960  190316.20067836612  
 662.3390  190172.10767205025  
 662.3830  189940.75901851195  
 662.4270  189721.65039326457  
 662.4710  189530.29391136987  
 662.5150  189383.77713707558  
 662.5590  189314.69974969118  
 662.6030  189202.11572709447  
 662.6470  189030.149389027  
 662.6900  188922.29171398818  
 662.7340  188787.8937795859  
 662.7780  188668.038453054  
 662.8220  188635.31758534562  
 662.8660  188609.8680215724  
 662.9100  188474.2582031809  
 662.9540  188274.4185333618  
 662.9980  188033.49599630883  
 663.0420  187844.56328239254  
 663.0860  187539.41089391193  
 663.1300  187233.04662144216  
 663.1740  186938.68000046548  
 663.2180  186225.4862728212  
 663.2620  185193.68824441623  
 663.3060  184318.10206221917  
 663.3500  183399.0092448098  
 663.3940  182472.52393506633  
 663.4380  182086.17531930938  
 663.4820  182162.52401062896  
 663.5260  182242.50835391617  
 663.5700  182349.03295656684  
 663.6140  182642.06650515544  
 663.6580  182908.55979438053  
 663.7020  183082.94990042644  
 663.7460  183683.559605474  
 663.7900  184700.81502600855  
 663.8340  185449.15338933963  
 663.8780  186024.4347190129  
 663.9220  186760.65424245197  
 663.9670  187165.18111804695  
 664.0110  187180.93560990656  
 664.0550  187289.88398053564  
 664.0990  187487.29988237636  
 664.1430  187473.96915849514  
 664.1870  187024.72376369868  
 664.2310  186259.2978361199  
 664.2750  185587.1869757095  
 664.3190  184921.13553524512  
 664.3640  184475.52579241627  
 664.4080  184570.05274357388  
 664.4520  185026.56944230554  
 664.4960  185332.93371477534  
 664.5400  185394.73979822453  
 664.5840  185163.39114468623  
 664.6280  184734.74777770616  
 664.6730  184078.3914091554  
 664.7170  183880.9755073147  
 664.7610  184324.16148216516  
 664.8050  184929.61872316955  
 664.8490  185538.8328045404  
 664.8940  186344.1297153639  
 664.9380  186792.16322617116  
 664.9820  186821.24844191197  
 665.0260  186732.90209909927  
 665.0700  186775.19685032236  
 665.1150  186878.20698940437  
 665.1590  187052.5970954503  
 665.2030  187280.18890862205  
 665.2470  187477.60481046274  
 665.2920  187561.22480571756  
 665.3360  187549.10596582555  
 665.3800  187407.43672748806  
 665.4240  187233.04662144216  
 665.4690  187145.79097421977  
 665.5130  187013.81680779587  
 665.5570  186895.17336525317  
 665.6020  186889.11394530718  
 665.6460  186988.36724402267  
 665.6900  187091.25619470575  
 665.7350  187311.69789234127  
 665.7790  187558.80103773915  
 665.8230  187597.46013699463  
 665.8680  187412.16307504594  
 665.9120  187170.02865400375  
 665.9560  186920.50174062746  
 666.0010  186678.36731958526  
 666.0450  186585.05225241688  
 666.0890  186591.1116723629  
 666.1340  186385.3337709967  
 666.1780  185514.59512475642  
 666.2230  184201.88238765488  
 666.2670  182909.77167836973  
 666.3110  181630.87050456688  
 666.3560  180603.9200121187  
 666.4000  180283.0131317785  
 666.4450  180536.1756971224  
 666.4890  180699.65884726553  
 666.5330  180766.1912782726  
 666.5780  180721.4727590711  
 666.6220  180419.95602255815  
 666.6670  180061.48073855275  
 666.7110  180406.62529867693  
 666.7560  181330.5656520431  
 666.8000  182494.33784687196  
 666.8440  183917.2108385918  
 666.8890  185420.06817359882  
 666.9330  186283.5355159039  
 666.9780  186637.16326395248  
 667.0220  186937.46811647626  
 667.0670  187264.43441676244  
 667.1110  187587.76506508104  
 667.1560  187937.757161162  
 667.2000  188343.4959207462  
 667.2450  188661.97903310801  
 667.2890  188898.17522260308  
 667.3340  189003.4879412646  
 667.3790  188952.58881371818  
 667.4230  188850.9117470243  
 667.4680  188757.5966798559  
 667.5120  188661.97903310801  
 667.5570  188528.7929826949  
 667.6010  188118.20668715393  
 667.6460  187065.92781933147  
 667.6900  185642.93363921272  
 667.7350  184345.9753939708  
 667.7800  183131.3040715955  
 667.8240  182201.30429828336  
 667.8690  181903.423213738  
 667.9130  182077.81331978386  
 667.9580  182151.61705472617  
 668.0030  182180.70227046698  
 668.0470  182187.97357440216  
 668.0920  182087.38720329857  
 668.1370  182091.02285526617  
 668.1810  182741.44099226984  
 668.2260  183828.8644957791  
 668.2710  185016.87437039195  
 668.3150  186325.9514555259  
 668.3600  187505.47814221436  
 668.4050  188067.4287480064  
 668.4490  188220.0049422467  
 668.4940  188326.52954489744  
 668.5390  188425.7828436129  
 668.5830  188454.8680593537  
 668.6280  188347.1315727138  
 668.6730  188232.12378213875  
 668.7170  188092.75712338072  
 668.7620  187999.56324461123  
 668.8070  187988.65628870844  
 668.8520  188119.41857114312  
 668.8960  188293.80867718902  
 668.9410  188457.2918273321  
 668.9860  188540.91182258693  
 669.0310  188573.63269029532  
 669.0750  188488.8008110513  
 669.1200  188452.44429137532  
 669.1650  188509.4028388677  
 669.2100  188646.2245412484  
 669.2540  188853.3355150027  
 669.2990  189162.12355545087  
 669.3440  189392.26032499998  
 669.3890  189502.42057961828  
 669.4340  189292.88583788558  
 669.4780  188695.91178480562  
 669.5230  188084.27393545632  
 669.5680  187539.41089391193  
 669.6130  187092.46807869498  
 669.6580  186942.31565243306  
 669.7030  187034.41883561228  
 669.7480  186910.80666871386  
 669.7920  186629.8919600173  
 669.8370  186240.0288806916  
 669.8820  185782.1791095718  
 669.9270  185318.39110690492  
 669.9720  185342.62878668893  
 670.0170  185811.2643253126  
 670.0620  186404.7239148239  
 670.1070  187042.90202353668  
 670.1510  187750.03633123494  
 670.1960  187968.054260892  
 670.2410  187742.76502729973  
 670.2860  187627.75723672463  
 670.3310  187498.20683827915  
 670.3760  187278.97702463286  
 670.4210  187340.78310808205  
 670.4660  187511.53756216035  
 670.5110  187403.80107552046  
 670.5560  187270.49383670845  
 670.6010  187260.79876479483  
 670.6460  187148.21474219818  
 670.6910  186977.46028811985  
 670.7360  187046.53767550425  
 670.7810  187262.01064878405  
 670.8260  187649.57114853023  
 670.8710  188124.26610709992  
 670.9160  188621.9868614644  
 670.9610  188945.317509783  
 671.0060  189124.5551517857  
 671.0510  189328.03047357238  
 671.0960  189200.90384310528  
 671.1410  188624.41062944278  
 671.1860  187849.41081834934  
 671.2310  187046.53767550425  
 671.2760  186306.5613116987  
 671.3210  185824.59504919383  
 671.3660  185655.05247910472  
 671.4110  185601.7295835799  
 671.4560  185618.6959594287  
 671.5010  185538.8328045404  
 671.5470  185428.55136152322  
 671.5920  184952.64451896434  
 671.6370  184265.99105068357  
 671.6820  184142.50007218408  
 671.7270  184419.77912891307  
 671.7720  184723.84082180337  
 671.8170  185422.49194157723  
 671.8620  186328.3752235043  
 671.9080  186755.80670649518  
 671.9530  186935.04434849788  
 671.9980  187065.92781933147  
 672.0430  187077.92547082456  
 672.0880  186970.18898418467  
 672.1330  187289.88398053564  
 672.1790  187926.85020525922  
 672.2240  188477.89385514852  
 672.2690  189021.66620110258  
 672.3140  189753.03818858485  
 672.3590  189797.87789618524  
 672.4050  189220.2939869325  
 672.4500  188672.8859890108  
 672.4950  187965.63049291362  
 672.5400  186975.03652014147  
 672.5850  186346.55348334232  
 672.6310  186028.0703709805  
 672.6760  185708.3753746295  
 672.7210  185613.8484234719  
 672.7660  186000.1970392289  
 672.8120  186178.2227972424  
 672.8570  186168.5277253288  
 672.9020  186346.55348334232  
 672.9480  186692.90992745568  
 672.9930  186829.73162983637  
 673.0380  187246.25615692444  
 673.0830  187917.1551333456  
 673.1290  188338.6483847894  
 673.1740  188481.52950711612  
 673.2190  188786.6818955967  
 673.2650  188795.1650835211  
 673.3100  188623.19874545358  
 673.3550  188519.0979107813  
 673.4010  188588.0541097668  
 673.4460  188550.60689450052  
 673.4910  188492.4364630189  
 673.5370  188426.9947276021  
 673.5820  188377.4286724438  
 673.6280  188226.06436219273  
 673.6730  188196.97914645192  
 673.7180  188303.50374910262  
 673.7640  188276.84230134022  
 673.8090  187938.96904515123  
 673.8540  187803.35922675973  
 673.9000  187595.03636901625  
 673.9450  187269.28195271923  
 673.9910  187104.58691858695  
 674.0360  187156.69793012255  
 674.0820  187098.52749864096  
 674.1270  186942.31565243306  
 674.1720  186731.69021511008  
 674.2180  186543.96938518298  
 674.2630  186290.80681983908  
 674.3090  186244.8764166484  
 674.3540  186466.40880987418  
 674.4000  186679.57920357448  
 674.4450  186777.62061830077  
 674.4910  187008.96927183907  
 674.5360  187067.13970332066  
 674.5820  186896.38524924236  
 674.6270  186721.9951431965  
 674.6730  186734.1139830885  
 674.7180  186784.89192223598  
 674.7640  186787.31569021437  
 674.8090  186844.2742377068  
 674.8550  186651.7058718229  
 674.9000  185950.5097956717  
 674.9460  185393.52791423534  
 674.9920  184846.11991631365  
 675.0370  184218.8487635037  
 675.0830  183842.19521966027  
 675.1280  183701.737865312  
 675.1740  183401.4330127882  
 675.2190  183097.3713198979  
 675.2650  182955.70208156042  
 675.3110  182837.05863901772  
 675.3560  182833.42298705014  
 675.4020  183269.3376579654  
 675.4470  183957.2030102354  
 675.4930  184596.59300293736  
 675.5390  185299.00096307773  
 675.5840  185961.4167515745  
 675.6300  186374.4268150939  
 675.6760  186688.06239149888  
 675.7210  187052.5970954503  
 675.7670  187400.16542355285  
 675.8130  187806.99487872733  
 675.8580  187999.56324461123  
 675.9040  188006.8345485464  
 675.9500  187797.29980681374  
 675.9950  187551.52973380397  
 676.0410  187320.18108026564  
 676.0870  187103.37503459776  
 676.1330  187013.81680779587  
 676.1780  187086.40865874896  
 676.2240  187167.60488602536  
 676.2700  187216.08024559336  
 676.3150  187226.98720149617  
 676.3610  187062.29216736386  
 676.4070  186643.22268389846  
 676.4530  186307.77319568789  
 676.4980  186109.145409858  
 676.5440  185899.73185652422  
 676.5900  185577.61309219484  
 676.6360  185059.29031001395  
 676.6820  184643.85647851616  
 676.7270  184161.8902160113  
 676.7730  183660.5338096792  
 676.8190  183302.0585256738  
 676.8650  183335.99127737142  
 676.9110  183275.39707791142  
 676.9560  183195.53392302312  
 677.0020  183214.9240668503  
 677.0480  183108.27827580072  
 677.0940  182608.13375345783  
 677.1400  182620.25259334984  
 677.1860  182919.34556188443  
 677.2320  183167.66059127153  
 677.2770  183568.5518148989  
 677.3230  184444.01680869705  
 677.3690  184731.11212573855  
 677.4150  184676.57734622457  
 677.4610  184755.22861712365  
 677.5070  184927.19495519114  
 677.5530  184957.49205492117  
 677.5990  185165.81491266462  
 677.6440  185588.3988596987  
 677.6900  185846.4089609994  
 677.7360  185984.4425473693  
 677.7820  186241.2407646808  
 677.8280  186255.6621841523  
 677.8740  186120.05236576078  
 677.9200  186074.12196257012  
 677.9660  186121.26424974998  
 678.0120  186130.9593216636  
 678.0580  186087.3314980524  
 678.1040  186036.5535589049  
 678.1500  185807.628673345  
 678.1960  185222.77346015704  
 678.2420  184767.34745701562  
 678.2880  184389.60321758196  
 678.3340  183988.71199395458  
 678.3800  183621.75352202478  
 678.4260  183522.5002233093  
 678.4720  183269.3376579654  
 678.5180  182914.61921432652  
 678.5640  182378.11817230764  
 678.6100  181999.04086048587  
 678.6560  181618.75166467487  
 678.7020  181565.549957549  
 678.7480  181796.77742268835  
 678.7940  182221.90632609976  
 678.8410  182553.72016234277  
 678.8870  182907.34791039134  
 678.9330  182897.65283847775  
 678.9790  182850.38936289892  
 679.0250  182774.04067157934  
 679.0710  182863.72008678014  
 679.1170  183007.81309309602  
 679.1630  183011.44874506365  
 679.2090  182649.33780909065  
 679.2560  182289.65064109606  
 679.3020  181812.531914548  
 679.3480  181307.53985624827  
 679.3940  180915.25300894422  
 679.4400  180757.7080903482  
 679.4860  180362.99747506573  
 679.5320  180109.83490972183  
 679.5790  179887.09063250685  
 679.6250  179710.27675848256  
 679.6710  179493.47071281468  
 679.7170  179541.94607238265  
 679.7630  179431.66462936546  
 679.8100  179419.66697787237  
 679.8560  179470.44491701986  
 679.9020  179501.95390073906  
 679.9480  179394.21741409917  
 679.9950  179661.80139891454  
 680.0410  179937.86857165434  
 680.0870  180258.7754519945  
 680.1330  180652.39537168673  
 680.1800  181037.53210345452  
 680.2260  180996.3280478217  
 680.2720  181001.1755837785  
 680.3180  181156.1755459972  
 680.3650  181339.0488399675  
 680.4110  181619.96354866406  
 680.4570  182029.33796021587  
 680.5040  182069.33013185946  
 680.5500  181363.28651975148  
 680.5960  180876.4727212898  
 680.6430  180424.68237011603  
 680.6890  179947.56364356793  
 680.7350  179773.17353752206  
 680.7820  180275.74182784333  
 680.8280  180451.34381787843  
 680.8740  180246.77780050144  
 680.9210  180158.31026928982  
 680.9670  180094.08041786222  
 681.0130  179704.21733853655  
 681.0600  180022.70045089835  
 681.1060  180979.3616719729  
 681.1530  181840.40524629958  
 681.1990  182609.34563744703  
 681.2450  183469.1773277845  
 681.2920  183560.0686269745  
 681.3380  182910.98356235892  
 681.3850  182644.49027313385  
 681.4310  182685.69432876664  
 681.4770  182627.52389728502  
 681.5240  182656.60911302583  
 681.5700  183079.31424845883  
 681.6170  183033.26265686922  
 681.6630  182775.25255556853  
 681.7100  182516.15175867756  
 681.7560  182368.42310039405  
 681.8030  182137.07444685575  
 681.8490  182166.15966259656  
 681.8960  182111.62488308255  
 681.9420  182126.16749095297  
 681.9890  181973.59129671266  
 682.0350  181991.7695565507  
 682.0820  181778.59916285038  
 682.1280  181668.43890823208  
 682.1750  181450.42097857498  
 682.2210  181362.07463576228  
 682.2680  181217.98162944638  
 682.3140  181112.547722386  
 682.3610  180916.46489293344  
 682.4080  180992.6923958541  
 682.4540  181084.7955790333  
 682.5010  181330.5656520431  
 682.5470  181598.1496368585  
 682.5940  181910.69451767317  
 682.6400  181884.03306991077  
 682.6870  181722.9736877461  
 682.7340  181094.36946254797  
 682.7800  180576.16786876603  
 682.8270  180135.28447349503  
 682.8740  179818.01324512245  
 682.9200  179604.84285142215  
 682.9670  179820.43701310083  
 683.0130  179935.44480367593  
 683.0600  180000.88653909275  
 683.1070  180014.21726297392  
 683.1530  180039.66682674713  
 683.2000  179854.36976479844  
 683.2470  180102.56360578662  
 683.2930  180555.56584094962  
 683.3400  181083.5836950441  
 683.3870  181731.45687567047  
 683.4340  182574.32219015915  
 683.4800  182920.55744587362  
 683.5270  182992.05860123644  
 683.5740  182901.28849044532  
 683.6200  182881.89834661814  
 683.6670  182852.81313087733  
 683.7140  182949.64266161443  
 683.7610  183147.05856345512  
 683.8070  183368.7121450798  
 683.8540  183263.2782380194  
 683.9010  183171.29624323914  
 683.9480  182631.15954925262  
 683.9950  181509.8032940458  
 684.0410  180547.08265302522  
 684.0880  179866.48860469047  
 684.1350  178964.24097473096  
 684.1820  178309.0964901694  
 684.2290  177770.17168017212  
 684.2750  177319.71440138645  
 684.3220  176778.36582341077  
 684.3690  176549.56212624977  
 684.4160  176432.00937929738  
 684.4630  176642.75600501927  
 684.5100  177283.35788171046  
 684.5560  178272.7399704934  
 684.6030  179051.49662195338  
 684.6500  180088.14218631515  
 684.6970  181181.6251097704  
 684.7440  182172.21908254255  
 684.7910  183075.67859649123  
 684.8380  183986.28822597617  
 684.8850  184623.25445069975  
 684.9320  185277.18705127214  
 684.9780  185398.37545019214  
 685.0250  185114.91578511824  
 685.0720  184722.62893781415  
 685.1190  184371.424957744  
 685.1660  184063.848801285  
 685.2130  183822.8050758331  
 685.2600  183774.32971626509  
 685.3070  183596.30395825158  
 685.3540  182887.95776656416  
 685.4010  181945.71796496105  
 685.4480  180789.21707406742  
 685.4950  179671.49647082813  
 685.5420  178944.85083090377  
 685.5890  178850.44506814508  
 685.6360  178963.02909074177  
 685.6830  178912.2511515943  
 685.7300  178971.5122786662  
 685.7770  178868.62332798308  
 685.8240  178563.4709395025  
 685.8710  178581.6491993405  
 685.9180  179144.69050072288  
 685.9650  179922.23526819365  
 686.0120  180593.01305621592  
 686.0590  180619.6745039783  
 686.1060  180519.20932127364  
 686.1530  180347.24298320612  
 686.2010  180256.35168401612  
 686.2480  180467.098309738  
 686.2950  181021.7776115949  
 686.3420  181336.62507198908  
 686.3890  181474.658658359  
 686.4360  181370.5578236867  
 686.4830  181217.98162944638  
 686.5300  180946.64080426452  
 686.5770  181358.43898379468  
 686.6250  182392.66078017806  
 686.6720  183350.53388524184  
 686.7190  184210.36557557926  
 686.7660  185197.32389638384  
 686.8130  185549.73976044325  
 686.8600  185331.72183078615  
 686.9080  185071.40914990593  
 686.9550  184846.11991631365  
 687.0020  184660.82285436496  
 687.0490  184365.36553779797  
 687.0960  183928.11779449458  
 687.1440  183440.0921120437  
 687.1910  182933.88816975482  
 687.2380  182608.13375345783  
 687.2850  182513.72799069915  
 687.3320  182575.53407414834  
 687.3800  182584.01726207277  
 687.4270  182525.84683059115  
 687.4740  182399.93208411327  
 687.5210  182261.77730934444  
 687.5690  182086.17531930938  
 687.6160  182093.44662324456  
 687.6630  182225.54197806737  
 687.7110  182392.66078017806  
 687.7580  182621.46447733903  
 687.8050  182907.34791039134  
 687.8520  182984.78729730123  
 687.9000  182894.01718651014  
 687.9470  182832.21110306095  
 687.9950  182740.22910828065  
 688.0420  182451.92190724993  
 688.0890  181992.98144053988  
 688.1370  181484.3537302726  
 688.1840  180975.7260200053  
 688.2310  180471.9458456948  
 688.2790  180198.30244093342  
 688.3260  180140.13200945183  
 688.3730  180080.87088237997  
 688.4210  179827.70831703604  
 688.4680  179568.60752014507  
 688.5160  179160.4449925825  
 688.5630  178797.1221726203  
 688.6100  178575.5897793945  
 688.6580  178860.14014005868  
 688.7050  179217.40354007488  
 688.7530  179721.18371438535  
 688.8000  180191.03113699824  
 688.8480  180613.61508403232  
 688.8950  180633.0052278595  
 688.9430  180731.16783098472  
 688.9900  180853.44692549502  
 689.0370  181047.2271753681  
 689.0850  181250.70249715482  
 689.1320  181756.78525104476  
 689.1800  182053.57563999988  
 689.2270  182271.47238125806  
 689.2750  182367.21121640486  
 689.3220  182370.84686837246  
 689.3700  182035.39738016186  
 689.4170  181644.20122844807  
 689.4650  181273.60710455067  
 689.5130  180953.9121081997  
 689.5600  180773.4625822078  
 689.6080  180726.32029502792  
 689.6550  180544.65888504684  
 689.7030  180169.2172251926  
 689.7500  179858.00541676604  
 689.7980  179501.95390073906  
 689.8460  179081.79372168338  
 689.8930  178949.69836686057  
 689.9410  179087.85314162937  
 689.9880  179177.41136843126  
 690.0360  179285.14785507118  
 690.0830  179440.14781728986  
 690.1310  179451.05477319265  
 690.1790  179374.82727027198  
 690.2260  179451.05477319265  
 690.2740  179590.42143195067  
 690.3220  179694.52226662295  
 690.3690  179798.62310129523  
 690.4170  179882.24309655005  
 690.4650  179687.25096268777  
 690.5120  179373.6153862828  
 690.5600  179074.52241774817  
 690.6080  178840.7499962315  
 690.6550  178718.4709017212  
 690.7030  178706.35206182918  
 690.7510  178795.91028863107  
 690.7990  178931.52010702257  
 690.8460  179015.1401022774  
 690.8940  179114.39340099285  
 690.9420  179244.0649878373  
 690.9900  179310.59741884438  
 691.0370  179315.44495480118  
 691.0850  179489.83506084705  
 691.1330  179610.90227136813  
 691.1810  179684.82719470936  
 691.2280  179788.92802938164  
 691.2760  179703.00545454735  
 691.3240  178970.30039467697  
 691.3720  178344.2411258562  
 691.4190  177707.27490113265  
 691.4670  176904.40175828757  
 691.5150  175908.9602495586  
 691.5630  175712.7562317071  
 691.6110  175446.262942482  
 691.6590  175199.28098548303  
 691.7060  175032.16218337233  
 691.7540  175259.87518494303  
 691.8020  175085.48507889715  
 691.8500  175319.13631201492  
 691.8980  175608.53420863592  
 691.9460  175736.99391149112  
 691.9940  175827.7640222822  
 692.0420  176484.12039083298  
 692.0890  176824.41741500035  
 692.1370  177176.83327905973  
 692.1850  177736.36011687346  
 692.2330  178363.63126968342  
 692.2810  178211.05507544312  
 692.3290  177892.57196308134  
 692.3770  177235.00371054135  
 692.4250  176577.4354580014  
 692.4730  176073.6552836909  
 692.5210  176031.2393440689  
 692.5690  175971.85702859808  
 692.6170  176201.9937981472  
 692.6650  176445.34010317858  
 692.7130  176475.63720290858  
 692.7610  176238.3503178232  
 692.8090  176317.00158872228  
 692.8570  176355.78187637668  
 692.9050  176559.25719816337  
 692.9530  176920.15625014718  
 693.0010  177547.42740295717  
 693.0490  177793.1974759669  
 693.0970  178037.8768533864  
 693.1450  177968.799466002  
 693.1930  177621.23113789942  
 693.2410  177035.16404072227  
 693.2890  176614.88267326765  
 693.3370  176223.80770995282  
 693.3850  175919.86720546143  
 693.4330  175950.0431167925  
 693.4810  176107.46684698958  
 693.5290  176122.00945485997  
 693.5770  176214.1126380392  
 693.6260  176378.8076721715  
 693.6740  176433.22126328657  
 693.7220  176577.4354580014  
 693.7700  177044.85911263587  
 693.8180  177494.10450743235  
 693.8660  177954.25685813162  
 693.9140  178426.5280487229  
 693.9630  178828.63115633948  
 694.0110  179045.4372020074  
 694.0590  179210.13223613967  
 694.1070  179321.50437474716  
 694.1550  179322.71625873636  
 694.2030  179217.40354007488  
 694.2520  179184.6826723665  
 694.3000  179063.6154618454  
 694.3480  178563.4709395025  
 694.3960  177720.60562501382  
 694.4440  177168.35009113533  
 694.4930  176556.83343018498  
 694.5410  175960.9500726953  
 694.5890  175561.39192145603  
 694.6370  175641.25507634433  
 694.6860  175539.5780096504  
 694.7340  175510.4927939096  
 694.7820  175558.96815347762  
 694.8310  175711.54434771792  
 694.8790  175866.5443099366  
 694.9270  176319.4253567007  
 694.9750  176570.16415406618  
 695.0240  176922.58001812556  
 695.0720  177362.13034100842  
 695.1200  177894.99573105972  
 695.1690  178030.60554945123  
 695.2170  178265.4686665582  
 695.2650  178423.01358515423  
 695.3140  178628.7914865204  
 695.3620  178518.6312319021  
 695.4100  178409.682861273  
 695.4590  178328.48663399662  
 695.5070  178385.44518148902  
 695.5550  178551.3520996105  
 695.6040  178867.4114439939  
 695.6520  179194.3777442801  
 695.7010  179560.12433222067  
 695.7490  179571.03128812346  
 695.7970  179401.48871803438  
 695.8460  179191.95397630168  
 695.8940  178990.90242249338  
 695.9430  178722.10655368882  
 695.9910  178582.8610833297  
 696.0400  178661.5123542288  
 696.0880  178823.7836203827  
 696.1360  178975.14793063377  
 696.1850  178993.32619047177  
 696.2330  179001.8093783962  
 696.2820  179021.19952222338  
 696.3300  179098.63890913327  
 696.3790  178956.96967079578  
 696.4270  179015.1401022774  
 696.4760  179189.5302083233  
 696.5240  179229.5223799669  
 696.5730  179148.32615269045  
 696.6210  179325.14002671477  
 696.6700  179343.31828655276  
 696.7180  179400.2768340452  
 696.7670  179484.98752489025  
 696.8160  179550.42926030705  
 696.8640  179448.63100521427  
 696.9130  179350.58959048797  
 696.9610  179334.83509862836  
 697.0100  179214.9797720965  
 697.0580  178912.2511515943  
 697.1070  178909.8273836159  
 697.1560  178912.2511515943  
 697.2040  178765.61318890107  
 697.2530  178690.5975699696  
 697.3010  178780.15579677146  
 697.3500  178659.0885862504  
 697.3990  178478.63906025852  
 697.4470  178363.63126968342  
 697.4960  177905.90268696254  
 697.5450  177529.24914311914  
 697.5930  177491.68073945394  
 697.6420  177445.62914786433  
 697.6910  176733.64730420927  
 697.7390  176070.01963172332  
 697.7880  175464.44120232  
 697.8370  174391.56030668117  
 697.8850  173482.0413727865  
 697.9340  173098.23771340682  
 697.9830  172892.33862364173  
 698.0320  172806.29486040852  
 698.0800  172962.5067066164  
 698.1290  173086.11887351482  
 698.1780  173100.6614813852  
 698.2270  173545.0593402249  
 698.2750  174311.57596339396  
 698.3240  175072.15435501593  
 698.3730  175981.5521005117  
 698.4220  177065.46114045227  
 698.4700  177913.17399089772  
 698.5190  178211.05507544312  
 698.5680  178511.3599279669  
 698.6170  178674.84307811  
 698.6660  178799.54594059868  
 698.7140  178580.4373153513  
 698.7630  178481.0628282369  
 698.8120  178393.92836941342  
 698.8610  178200.14811954033  
 698.9100  178045.14815732164  
 698.9590  178214.69072741072  
 699.0070  178276.375622461  
 699.0560  178341.8173578778  
 699.1050  178393.92836941342  
 699.1540  178333.33416995342  
 699.2030  178156.5202959291  
 699.2520  178271.5280865042  
 699.3010  178413.31851324064  
 699.3500  178598.4943867904  
 699.3980  178942.4270629254  
 699.4470  179376.03915426118  
 699.4960  179500.74201674986  
 699.5450  179581.93824402624  
 699.5940  179659.37763093616  
 699.6430  179649.68255902256  
 699.6920  179703.00545454735  
 699.7410  179637.56371913056  
 699.7900  179495.89448079307  
 699.8390  178834.69057628547  
 699.8880  178116.5281242855  
 699.9370  177362.13034100842  
 699.9860  176665.78180081406  
 700.0350  176068.8077477341  
 700.0840  176021.5442721553  
 700.1330  176021.5442721553  
 700.1820  175724.8750715991  
 700.2310  175274.29660441453  
 700.2800  174913.51874082963  
 700.3290  174093.6792221358  
 700.3780  173700.0593024436  
 700.4270  173592.3228158037  
 700.4760  173901.11085625188  
 700.5250  174172.33049303485  
 700.5740  174808.08483376924  
 700.6240  174898.97613295924  
 700.6730  174861.40772929403  
 700.7220  174835.95816552086  
 700.7710  174971.56798391233  
 700.8200  175081.84942692955  
 700.8690  175401.54442328052  
 700.9180  175803.5263424982  
 700.9670  176267.31434516507  
 701.0160  176535.01951837938  
 701.0660  176653.66296092208  
 701.1150  176254.10480968282  
 701.1640  176221.3839419744  
 701.2130  176125.64510682758  
 701.2620  176013.0610842309  
 701.3110  176068.8077477341  
 701.3610  176376.3839041931  
 701.4100  176428.4949157287  
 701.4590  175500.797721996  
 701.5080  174198.99194079728  
 701.5570  173035.2197459684  
 701.6070  171661.91280940687  
 701.6560  170886.9129983134  
 701.7050  171044.3367285105  
 701.7540  171571.1426986158  
 701.8040  171997.36229761745  
 701.8530  172797.81167248412  
 701.9020  172969.7780105516  
 701.9510  172647.65924622223  
 702.0010  172733.70300945544  
 702.0500  173472.3463008729  
 702.0990  174235.34846047327  
 702.1490  174771.72831409323  
 702.1980  175832.611558239  
 702.2470  176200.781914158  
 702.2970  175646.10261230113  
 702.3460  175154.44127788264  
 702.3950  174861.40772929403  
 702.4450  174316.42349935076  
 702.4940  174016.11864682697  
 702.5430  173934.92241955057  
 702.5930  173767.80361743987  
 702.6420  173357.33851029782  
 702.6910  173273.718515043  
 702.7410  173149.0156525543  
 702.7900  173331.88894652462  
 702.8390  173868.38998854347  
 702.8890  174821.41555765044  
 702.9380  175275.50848840372  
 702.9880  175882.29880179622  
 703.0370  176293.9757929275  
 703.0870  176343.66303648468  
 703.1360  176266.10246117588  
 703.1850  176298.8233288843  
 703.2350  176423.6473797719  
 703.2840  176648.81542496526  
 703.3340  176504.72241864938  
 703.3830  176539.86705433618  
 703.4330  176631.84904911648  
 703.4820  176794.12031527035  
 703.5320  176872.89277456838  
 703.5810  177288.20541766725  
 703.6310  177318.50251739725  
 703.6800  176774.73017144314  
 703.7300  175943.98369684647  
 703.7790  175145.95808995824  
 703.8290  174317.63538333998  
 703.8780  174077.92473027617  
 703.9280  174542.92461693226  
 703.9770  175056.39986315634  
 704.0270  175454.74613040642  
 704.0770  175911.38401753703  
 704.1260  175891.9938737098  
 704.1760  175578.35829730483  
 704.2250  175747.9008673939  
 704.2750  176292.76390893827  
 704.3250  176666.99368480328  
 704.3740  177150.17183129737  
 704.4240  177857.42732739454  
 704.4730  178068.1739531164  
 704.5230  177919.23341084374  
 704.5730  177989.4014938184  
 704.6220  177985.76584185084  
 704.6720  177954.25685813162  
 704.7220  177945.7736702072  
 704.7710  177905.90268696254  
 704.8210  177742.41953681945  
 704.8710  177844.09660351332  
 704.9200  178014.85105759164  
 704.9700  178200.14811954033  
 705.0200  178385.44518148902  
 705.0690  178513.7836959453  
 705.1190  178111.68058832872  
 705.1690  177730.3006969274  
 705.2190  177324.56193734324  
 705.2680  176901.97799030918  
 705.3180  176628.21339714888  
 705.3680  176589.55429789337  
 705.4180  176221.3839419744  
 705.4670  175716.39188367472  
 705.5170  175372.45920753974  
 705.5670  174960.66102800955  
 705.6170  174532.01766102947  
 705.6670  174462.94027364507  
 705.7160  174665.20371144253  
 705.7660  174808.08483376924  
 705.8160  174997.01754768554  
 705.8660  174933.99958024712  
 705.9160  174638.54226368014  
 705.9650  174368.53451088635  
 706.0150  174367.32262689716  
 706.0650  174390.34842269195  
 706.1150  174650.66110357217  
 706.1650  174942.48276817153  
 706.2150  175257.4514169646  
 706.2650  175319.13631201492  
 706.3140  175373.67109152893  
 706.3640  175368.82355557213  
 706.4140  175680.0353639987  
 706.4640  175916.23155349382  
 706.5140  176232.2908978772  
 706.5640  176536.23140236858  
 706.6140  176756.6731000041  
 706.6640  176019.1205041769  
 706.7140  175130.20359809863  
 706.7640  174312.78784738318  
 706.8140  173193.8553601547  
 706.8640  172390.98221730965  
 706.9140  172530.22768766872  
 706.9640  172336.44743779566  
 707.0140  171881.14262305317  
 707.0640  171772.07306402514  
 707.1140  171565.0832786698  
 707.1640  171063.7268723377  
 707.2140  171285.25926556348  
 707.2640  172519.32073176594  
 707.3140  173611.591771232  
 707.3640  175056.39986315634  
 707.4140  176278.22130106788  
 707.4640  176882.58784648197  
 707.5140  177150.17183129737  
 707.5640  177511.07088328112  
 707.6140  177653.95200560783  
 707.6640  177859.85109537293  
 707.7140  178105.62116838273  
 707.7640  178306.672722191  
 707.8140  178304.2489542126  
 707.8640  178258.31855102192  
 707.9140  178097.1379804583  
 707.9650  177901.05515100574  
 708.0150  177721.81750900304  
 708.0650  177558.33435885995  
 708.1150  177362.13034100842  
 708.1650  177041.22346066826  
 708.2150  176599.12818140807  
 708.2660  175956.1025367385  
 708.3160  174982.47493981512  
 708.3660  173836.88100482427  
 708.4160  172800.23544046254  
 708.4660  171877.50697108556  
 708.5160  171033.4297726077  
 708.5670  170486.02177468603  
 708.6170  170167.53866232422  
 708.6670  169932.67554521727  
 708.7170  169828.45352214604  
 708.7670  169919.34482133604  
 708.8180  170053.74275573835  
 708.8680  170123.91083871303  
 708.9180  170274.06326497492  
 708.9680  170331.02181246734  
 709.0190  170243.88735364383  
 709.0690  170229.34474577341  
 709.1190  170262.06561348183  
 709.1700  170173.59808227024  
 709.2200  170063.43782765194  
 709.2700  170011.3268161163  
 709.3200  169886.62395362763  
 709.3710  169815.12279826484  
 709.4210  170117.85141876704  
 709.4710  170500.56438255642  
 709.5220  170873.5822744322  
 709.5720  171274.35230966067  
 709.6220  171669.18411334205  
 709.6730  171754.0159925861  
 709.7230  171768.55860045645  
 709.7740  171790.25132386317  
 709.8240  171798.73451178757  
 709.8740  171820.54842359317  
 709.9250  171990.09099368224  
 709.9750  172188.71877951216  
 710.0260  172387.34656534204  
 710.0760  172631.90475436262  
 710.1260  172922.63572337173  
 710.1770  173007.3464142168  
 710.2270  173055.82177378482  
 710.2780  173168.40579638153  
 710.3280  173282.2017029674  
 710.3790  173328.253294557  
 710.4290  173376.728654125  
 710.4800  173407.025753855  
 710.5300  173397.3306819414  
 710.5810  173236.2712997767  
 710.6310  173009.7701821952  
 710.6820  172802.65920844092  
 710.7320  172593.24565510714  
 710.7830  172404.31294119084  
 710.8330  172346.14250970923  
 710.8840  172309.78599003324  
 710.9340  172100.37243669946  
 710.9850  171802.37016375514  
 711.0350  171365.24360885067  
 711.0860  170876.0060424106  
 711.1360  170449.66525500998  
 711.1870  170132.39402663743  
 711.2380  169859.96250586523  
 711.2880  169655.27530008936  
 711.3390  169390.11508325237  
 711.3890  169025.58037930095  
 711.4400  168753.14885852882  
 711.4910  168648.9268354576  
 711.5410  168634.3842275872  
 711.5920  168824.52882549269  
 711.6420  169110.29107014605  
 711.6930  169501.48722185986  
 711.7440  169822.39410220002  
 711.7940  170061.01405967353  
 711.8450  170245.09923763303  
 711.8960  170515.10699042684  
 711.9460  170728.2773841271  
 711.9970  170783.9028592314  
 712.0480  170384.3447079921  
 712.0990  169850.26743395164  
 712.1490  169296.80001608396  
 712.2000  168813.62186958987  
 712.2510  168423.7587902642  
 712.3010  168501.19817717408  
 712.3520  168592.08947636408  
 712.4030  168600.5726642885  
 712.4540  168474.5367294117  
 712.5040  168288.02778347378  
 712.5550  168240.88549629392  
 712.6060  168719.21610683118  
 712.6570  169291.95248012716  
 712.7080  169899.95467750885  
 712.7580  170482.38612271842  
 712.8090  170845.7089426806  
 712.8600  170642.2336208939  
 712.9110  170070.70913158712  
 712.9620  169296.80001608396  
 713.0120  168629.53669163038  
 713.0630  168028.9269865828  
 713.1140  167446.37435297432  
 713.1650  166959.56055451263  
 713.2160  166635.01802220487  
 713.2670  166305.62795394027  
 713.3180  166079.2480247577  
 713.3690  166021.0775932761  
 713.4190  166182.13697544078  
 713.4700  166773.17279697367  
 713.5210  167538.4775361535  
 713.5720  168221.4953524667  
 713.6230  168929.96273255307  
 713.6740  169664.97037200295  
 713.7250  170114.21576679943  
 713.7760  170366.16644815414  
 713.8270  170569.64176994082  
 713.8780  170665.2594166887  
 713.9290  170609.51275318553  
 713.9800  170524.80206234043  
 714.0310  170437.66760351692  
 714.0820  170251.15865757904  
 714.1330  170216.01402189222  
 714.1840  170139.6653305726  
 714.2350  169982.24160037554  
 714.2860  169862.38627384361  
 714.3370  169937.52308117406  
 714.3880  169960.42768856994  
 714.4390  169910.86163341164  
 714.4900  169850.26743395164  
 714.5410  169726.77645545214  
 714.5920  169437.37855883117  
 714.6430  168578.75875248289  
 714.6940  167322.88337447483  
 714.7450  166050.16280901688  
 714.7960  164794.28743100882  
 714.8470  163611.2462807517  
 714.8980  163148.5489736751  
 714.9500  163269.73737259512  
 715.0010  163127.94694585868  
 715.0520  162734.4482145654  
 715.1030  162273.08397987694  
 715.1540  162173.70949276254  
 715.2050  162899.1432486977  
 715.2560  164239.72931755087  
 715.3080  165736.5272326119  
 715.3590  167194.54486001853  
 715.4100  167988.93481493922  
 715.4610  167737.10532198343  
 715.5120  167341.06163431285  
 715.5640  167279.37673926255  
 715.6150  167288.95062277722  
 715.6660  167493.63782855312  
 715.7170  167804.84963697972  
 715.7680  167916.3429639861  
 715.8200  167664.39228263142  
 715.8710  167318.03583851803  
 715.9220  167116.98428470973  
 715.9730  167219.99442379174  
 716.0250  167716.50329416702  
 716.0760  168182.7150648123  
 716.1270  168642.86741551157  
 716.1780  168998.91893153856  
 716.2300  169006.19023547377  
 716.2810  168334.0793750634  
 716.3320  167284.10308682043  
 716.3840  165935.1550184418  
 716.4350  164486.71127454983  
 716.4860  163129.15882984787  
 716.5380  162434.14336204165  
 716.5890  162234.30369222254  
 716.6400  162452.32162187962  
 716.6920  162785.3473421118  
 716.7430  163045.66002299203  
 716.7940  163559.1352692161  
 716.8460  164707.15297218534  
 716.8970  166110.7570084769  
 716.9490  167740.74097395103  
 717.0000  169363.45363548995  
 717.0520  170781.479091253  
 717.1030  171549.32878681016  
 717.1540  172030.08316532586  
 717.2060  172203.26138738255  
 717.2570  172294.03149817363  
 717.3090  172335.23555380644  
 717.3600  172321.90482992525  
 717.4120  172093.10113276428  
 717.4630  171803.58204774433  
 717.5150  171332.52274114228  
 717.5660  170740.39622401912  
 717.6170  170179.65750221623  
 717.6690  169799.36830640523  
 717.7210  169469.97823814067  
 717.7720  169244.81019294725  
 717.8240  168857.24969320107  
 717.8750  168315.9011152254  
 717.9270  167728.62213405903  
 717.9780  166928.17275919236  
 718.0300  165913.34110663622  
 718.0810  165307.7626772329  
 718.1330  164975.94884098993  
 718.1840  164766.53528765612  
 718.2360  164775.01847558055  
 718.2880  164975.94884098993  
 718.3390  165034.11927247152  
 718.3910  165161.24590293862  
 718.4420  165294.4319533517  
 718.4940  165552.4420546524  
 718.5460  165797.000243673  
 718.5970  165817.6022714894  
 718.6490  165570.6203144904  
 718.7010  165225.47575436623  
 718.7520  164421.39072753195  
 718.8040  163479.1509259289  
 718.8560  162675.06589909462  
 718.9070  161964.17475102982  
 718.9590  161294.48765859788  
 719.0110  160737.5057771615  
 719.0620  160578.87016297522  
 719.1140  161099.6167131345  
 719.1660  161631.14903079765  
 719.2170  161847.95507646556  
 719.2690  162378.39669853845  
 719.3210  162959.6162597588  
 719.3730  163048.0837909704  
 719.4240  163277.0086765303  
 719.4760  163755.3392870676  
 719.5280  163858.22823775068  
 719.5800  163729.8897232944  
 719.6320  163515.5074456049  
 719.6830  163268.5254886059  
 719.7350  163474.30338997208  
 719.7870  164199.73714590727  
 719.8390  165210.93314649584  
 719.8910  166328.65374973507  
 719.9420  167269.68166734892  
 719.9940  167709.23199023184  
 720.0460  167745.58850990783  
 720.0980  167855.7487645261  
 720.1500  167927.24991988894  
 720.2020  168021.65568264763  
 720.2540  168259.06375613192  
 720.3050  168671.95263125238  
 720.3570  168898.45374883388  
 720.4090  169035.27545121458  
 720.4610  169118.77425807045  
 720.5130  168885.12302495269  
 720.5650  167863.02006846134  
 720.6170  166679.85772980526  
 720.6690  165610.61248613402  
 720.7210  164552.15300996663  
 720.7730  163376.26197524578  
 720.8250  162734.4482145654  
 720.8770  162289.92916732683  
 720.9290  161724.46409796606  
 720.9810  161157.66595621716  
 721.0320  160735.0820091831  
 721.0850  160856.1492197042  
 721.1370  161787.48206540447  
 721.1890  162902.77890066532  
 721.2410  164028.98269182895  
 721.2930  165267.89169398823  
 721.3450  166250.002478836  
 721.3970  166456.99226419136  
 721.4490  166409.8499770115  
 721.5010  166316.5349098431  
 721.5530  166180.9250914516  
 721.6050  165990.78049354607  
 721.6570  165874.5608189818  
 721.7090  165844.2637192518  
 721.7610  166136.0853838512  
 721.8130  166329.8656337243  
 721.8650  166414.6975129683  
 721.9170  166375.91722531387  
 721.9700  166293.50911404827  
 722.0220  166247.57871085758  
 722.0740  166206.3746552248  
 722.1260  165841.8399512734  
 722.1780  164996.55086880634  
 722.2300  163981.71921625017  
 722.2820  162865.2104970001  
 722.3350  161937.63449166637  
 722.3870  161534.31950006058  
 722.4390  161513.71747224417  
 722.4910  161752.33742971768  
 722.5430  162173.70949276254  
 722.5960  162448.68596991204  
 722.6480  162618.22854000115  
 722.7000  162958.4043757696  
 722.7520  163663.2361038884  
 722.8050  164479.43997061465  
 722.8570  165478.5171313112  
 722.9090  166374.70534132468  
 722.9610  166959.56055451263  
 723.0140  167304.70511463683  
 723.0660  167462.12884483393  
 723.1180  167543.3250721103  
 723.1700  167706.80822225343  
 723.2230  167808.48528894733  
 723.2750  167816.9684768717  
 723.3270  167844.8418086233  
 723.3800  167706.80822225343  
 723.4320  167338.63786633444  
 723.4840  166919.68957126795  
 723.5370  166465.47545211576  
 723.5890  165959.27150982688  
 723.6410  165673.50926517352  
 723.6940  165588.79857432842  
 723.7460  165520.9330709332  
 723.7990  165256.98473808542  
 723.8510  164822.16076276044  
 723.9030  164460.04982678744  
 723.9560  164268.81453329165  
 724.0080  164207.00844984245  
 724.0610  164351.10145615836  
 724.1130  164681.70340841214  
 724.1650  164946.98481364804  
 724.2180  165008.66970869832  
 724.2700  164873.05989030685  
 724.3230  164559.42431390187  
 724.3750  164243.36496951844  
 724.4280  163996.26182412056  
 724.4800  163789.15085036628  
 724.5330  163687.47378367238  
 724.5850  163751.70363509998  
 724.6380  163819.44795009628  
 724.6900  163843.68562988026  
 724.7430  163864.28765769667  
 724.7950  163807.32911020427  
 724.8480  163825.50737004227  
 724.9000  163863.07577370747  
 724.9530  163817.0241821179  
 725.0050  163716.5589994132  
 725.0580  163600.3393248489  
 725.1110  163376.26197524578  
 725.1630  163092.9234985708  
 725.2160  162859.15107705412  
 725.2680  162636.2856114402  
 725.3210  162443.83843395524  
 725.3740  162201.58282451413  
 725.4260  162149.47181297853  
 725.4790  162333.55699093803  
 725.5310  162779.28792216582  
 725.5840  163470.66773800447  
 725.6370  164272.45018525925  
 725.6890  164932.44220577765  
 725.7420  165348.96673286572  
 725.7950  165608.18871815564  
 725.8470  165730.4678126659  
 725.9000  165811.54285154337  
 725.9530  165604.55306618803  
 726.0050  164856.093514458  
 726.0580  163890.9491054591  
 726.1110  163000.8203153916  
 726.1640  162121.71966962586  
 726.2160  161502.8105163414  
 726.2690  161459.18269273016  
 726.3220  161654.17482659244  
 726.3750  161749.91366173927  
 726.4270  161747.48989376088  
 726.4800  161766.88003758807  
 726.5330  162258.54137200656  
 726.5860  163175.2104214375  
 726.6390  164152.47367032844  
 726.6910  165150.33894703584  
 726.7440  166024.71324524368  
 726.7970  166381.97664525989  
 726.8500  166327.44186574587  
 726.9030  166224.55291506278  
 726.9560  166185.77262740838  
 727.0080  166161.5349476244  
 727.0610  166071.9767208225  
 727.1140  165930.307482485  
 727.1670  165774.0956362771  
 727.2200  165654.1191213463  
 727.2730  165581.5272703932  
 727.3260  165479.7290153004  
 727.3790  165181.84793075503  
 727.4310  164779.86601153735  
 727.4840  164381.39855588836  
 727.5370  163980.50733226098  
 727.5900  163676.56682776957  
 727.6430  163589.4323689461  
 727.6960  163517.9312135833  
 727.7490  163298.701399937  
 727.8020  163058.9907468732  
 727.8550  162770.80473424142  
 727.9080  162677.48966707304  
 727.9610  162922.16904449253  
 728.0140  163297.4895159478  
 728.0670  163504.60048970208  
 728.1200  163519.1430975725  
 728.1730  163296.2776319586  
 728.2260  162977.7945195968  
 728.2790  162645.98068335382  
 728.3320  162058.70170218745  
 728.3850  161429.00678139908  
 728.4380  160959.03817038727  
 728.4910  160404.48005692931  
 728.5440  159821.92742332083  
 728.5970  159732.36919651894  
 728.6510  160122.35346424353  
 728.7040  160150.10560759623  
 728.7570  159392.07217235156  
 728.8100  158279.1991050691  
 728.8630  157510.1375255227  
 728.9160  156862.26434489634  
 728.9690  156326.97518686668  
 729.0220  156434.83286190545  
 729.0760  156925.28231233475  
 729.1290  156594.68036008097  
 729.1820  155555.61102774082  
 729.2350  154936.82306285523  
 729.2880  155175.3218319298  
 729.3410  155722.72982985148  
 729.3950  156661.21279108807  
 729.4480  158184.6721539115  
 729.5010  159777.20890411935  
 729.5540  160824.640235985  
 729.6070  161288.5494270508  
 729.6610  161885.52348013077  
 729.7140  162610.95723606594  
 729.7670  163095.34726654922  
 729.8200  163341.117339559  
 729.8740  163660.81233590996  
 729.9270  163793.99838632307  
 729.9800  163671.71929181277  
 730.0340  163456.12513013408  
 730.0870  163229.74520095153  
 730.1400  162966.887563694  
 730.1930  162791.2855736589  
 730.2470  162701.72734685702  
 730.3000  162882.1768728489  
 730.3530  163129.15882984787  
 730.4070  163539.7451253889  
 730.4600  163855.80446977227  
 730.5140  163939.42446502708  
 730.5670  163909.12736529708  
 730.6200  163457.33701412327  
 730.6740  162527.33724081115  
 730.7270  161740.21858982564  
 730.7800  161121.43062494008  
 730.8340  160511.00465957998  
 730.8870  160198.58096716422  
 730.9410  159884.94539075924  
 730.9940  159186.17308258644  
 731.0480  158623.13178120408  
 731.1010  158064.8168273796  
 731.1540  158019.9771197792  
 731.2080  158811.94330672146  
 731.2610  159808.59669943963  
 731.3150  160616.43856664043  
 731.3680  161499.17486437375  
 731.4220  161913.39681188235  
 731.4750  162176.13326074093  
 731.5290  162706.57488281385  
 731.5820  163268.5254886059  
 731.6360  163765.03435898118  
 731.6890  164334.13508030956  
 731.7430  164578.81445772905  
 731.7970  164468.53301471187  
 731.8500  164265.17888132407  
 731.9040  163763.822474992  
 731.9570  162962.0400277372  
 732.0110  162294.77670328363  
 732.0640  161635.99656675445  
 732.1180  161072.9552653721  
 732.1720  160977.21643022526  
 732.2250  161311.45403444665  
 732.2790  161523.41254415776  
 732.3320  161673.56497041965  
 732.3860  161588.85427957456  
 732.4400  161266.73551524518  
 732.4930  160742.3533131183  
 732.5470  160324.4957136421  
 732.6010  159943.11582224083  
 732.6540  159714.19093668094  
 732.7080  159674.19876503732  
 732.7620  159784.48020805453  
 732.8150  159728.73354455133  
 732.8690  159561.61474244067  
 732.9230  159128.00265110485  
 732.9770  159020.26616446496  
 733.0300  159502.23242696986  
 733.0840  160147.6818396178  
 733.1380  160846.4541477906  
 733.1920  161723.25221397687  
 733.2450  162067.18489011185  
 733.2990  161892.79478406595  
 733.3530  161637.20845074367  
 733.4070  161373.26011789587  
 733.4610  161416.88794150707  
 733.5140  161816.44609274637  
 733.5680  162211.27789642775  
 733.6220  162573.38883240073  
 733.6760  162853.0916571081  
 733.7300  163106.25422245203  
 733.7830  163278.2205605195  
 733.8370  163355.6599474294  
 733.8910  163454.9132461449  
 733.9450  163626.87958421235  
 733.9990  163647.4816120288  
 734.0530  163576.1016450649  
 734.1070  163568.8303411297  
 734.1600  163543.3807773565  
 734.2140  163453.7013621557  
 734.2680  163237.0165048867  
 734.3220  163010.5153873052  
 734.3760  162839.7609332269  
 734.4300  162690.8203909542  
 734.4840  162574.60071638992  
 734.5380  162551.57492059513  
 734.5920  162520.06593687594  
 734.6460  162403.84626231165  
 734.7000  162202.79470850332  
 734.7540  161994.47185075982  
 734.8080  161877.04029220637  
 734.8620  161868.55710428194  
 734.9160  161880.67594417397  
 734.9700  161751.1255457285  
 735.0240  161505.23428431977  
 735.0780  161309.03026646827  
 735.1320  161057.20077351248  
 735.1860  160745.9889650859  
 735.2400  160577.65827898603  
 735.2940  160553.420599202  
 735.3480  160259.17516662422  
 735.4020  159660.86804115615  
 735.4560  158850.7235943759  
 735.5100  158337.2483481518  
 735.5650  158046.6385675416  
 735.6190  157920.72382106373  
 735.6730  157988.46813606002  
 735.7270  158437.8347192554  
 735.7810  158705.4187040708  
 735.8350  158839.81663847307  
 735.8890  159032.38500435694  
 735.9430  159618.57328993306  
 735.9980  160192.5215472182  
 736.0520  160535.242339364  
 736.1060  160727.8107052479  
 736.1600  160930.0741430454  
 736.2140  160701.14925748552  
 736.2690  160135.5629997258  
 736.3230  159771.14948417334  
 736.3770  159568.88604637585  
 736.4310  159315.72348103195  
 736.4850  159065.10587206538  
 736.5400  159068.741524033  
 736.5940  159315.72348103195  
 736.6480  159704.49586476732  
 736.7030  160036.30970101032  
 736.7570  160656.3095498851  
 736.8110  161419.31170948548  
 736.8650  161885.52348013077  
 736.9200  162018.70953054383  
 736.9740  162154.31934893536  
 737.0280  162184.61644866536  
 737.0830  162109.60082973386  
 737.1370  161977.50547491104  
 737.1910  161751.1255457285  
 737.2460  161591.27804755294  
 737.3000  161381.74330582027  
 737.3540  161123.8543929185  
 737.4090  160924.0147230994  
 737.4630  160844.03037981217  
 737.5180  160716.9037493451  
 737.5720  160547.36117925603  
 737.6260  160337.82643752333  
 737.6810  160219.18299498063  
 737.7350  160013.2839052155  
 737.7900  159675.41064902654  
 737.8440  159457.51390776836  
 737.8980  159545.86025058103  
 737.9530  159629.35905743693  
 738.0070  159734.79296449732  
 738.0620  159858.28394299682  
 738.1160  159842.52945113723  
 738.1710  159612.51386998704  
 738.2250  159318.14724901036  
 738.2800  159195.86815450006  
 738.3340  159141.33337498605  
 738.3890  159015.41862850817  
 738.4430  158744.19899172516  
 738.4980  158006.646395898  
 738.5520  157155.29789348494  
 738.6070  156090.90018577047  
 738.6610  155169.2624119838  
 738.7160  154693.35556942492  
 738.7710  154259.86466648805  
 738.8250  153098.5162396376  
 738.8800  152466.39755087084  
 738.9340  151917.77766895996  
 738.9890  151632.01542430656  
 739.0440  152097.01531096266  
 739.0980  153196.5576543639  
 739.1530  154208.96553894164  
 739.2080  155011.8386817867  
 739.2620  155078.49230119272  
 739.3170  155435.75570120892  
 739.3720  156139.25435693958  
 739.4260  156658.78902310965  
 739.4810  157338.17118745524  
 739.5360  158261.0208452311  
 739.5900  158555.26627780887  
 739.6450  158354.2147240006  
 739.7000  158167.7057780627  
 739.7540  158405.11385154698  
 739.8090  158918.58909777107  
 739.8640  159184.96119859724  
 739.9190  159237.07221013284  
 739.9730  159054.19891616257  
 740.0280  158340.88400011937  
 740.0830  157611.93578061555  
 740.1380  157179.53557326892  
 740.1920  157058.46836274787  
 740.2470  157184.38310922575  
 740.3020  157494.38303366312  
 740.3570  157584.06244886393  
 740.4120  157633.6285040222  
 740.4660  157551.34158115555  
 740.5210  157858.9177376145  
 740.5760  158411.17327149297  
 740.6310  159103.88615971978  
 740.6860  159714.19093668094  
 740.7410  159905.54741857565  
 740.7960  158986.33341276736  
 740.8510  157955.86845675053  
 740.9050  156615.28238789737  
 740.9600  155203.1951636814  
 741.0150  154322.76144552755  
 741.0700  154311.85448962473  
 741.1250  154190.78727910365  
 741.1800  154175.03278724404  
 741.2350  154013.97340507936  
 741.2900  154330.03274946273  
 741.3450  154601.37357464465  
 741.4000  154405.16955679315  
 741.4550  154068.50818459337  
 741.5100  154621.97560246105  
 741.5650  154961.06074263924  
 741.6200  155042.13578151673  
 741.6750  155149.8722681566  
 741.7300  155151.0841521458  
 741.7850  154647.3039778353  
 741.8400  154028.51601294975  
 741.8950  153631.3816296889  
 741.9500  154004.27833316577  
 742.0050  154959.84885865005  
 742.0600  155562.882331676  
 742.1150  155560.4585636976  
 742.1700  155106.3656329443  
 742.2250  154139.88815155724  
 742.2800  153321.26051685258  
 742.3350  152733.9815356862  
 742.3910  152660.056612345  
 742.4460  152913.2191776889  
 742.5010  153320.04863286336  
 742.5560  153383.06660030177  
 742.6110  153866.24474679586  
 742.6660  154451.22114838276  
 742.7210  155561.6704476868  
 742.7760  156927.70608031313  
 742.8320  158466.79874659728  
 742.8870  159515.56315085103  
 742.9420  160201.0047351426  
 742.9970  160362.0641173073  
 743.0520  160135.5629997258  
 743.1080  159700.86021279974  
 743.1630  159309.66406108593  
 743.2180  159094.1910878062  
 743.2730  158885.86823006268  
 743.3290  158681.18102428678  
 743.3840  158429.351531331  
 743.4390  158333.6126961842  
 743.4940  158423.292111385  
 743.5500  158730.868267844  
 743.6050  159099.038623763  
 743.6600  159531.31764271067  
 743.7160  159897.06423065125  
 743.7710  160122.35346424353  
 743.8260  160278.56531045143  
 743.8820  160284.62473039742  
 743.9370  160092.05636451353  
 743.9920  159697.22456083214  
 744.0480  159295.12145321554  
 744.1030  158717.53754396277  
 744.1580  158028.46030770362  
 744.2140  157667.5612557198  
 744.2690  157474.9928898359  
 744.3250  157149.23847353892  
 744.3800  156503.78906089097  
 744.4350  155573.78928757878  
 744.4910  154845.93176366523  
 744.5460  154181.09220719003  
 744.6020  153416.9993519994  
 744.6570  153419.4231199778  
 744.7130  154114.55977618296  
 744.7680  154337.30405339794  
 744.8230  154270.77162239086  
 744.8790  154236.83887069326  
 744.9340  154527.44865130345  
 744.9900  155105.1537489551  
 745.0450  155679.10200624028  
 745.1010  156507.42471285857  
 745.1560  157529.52766934992  
 745.2120  157929.20700898813  
 745.2680  157874.67222947412  
 745.3230  158007.85827988718  
 745.3790  158155.5869381707  
 745.4340  158377.2405197954  
 745.4900  158679.96914029756  
 745.5450  159009.35920856218  
 745.6010  159178.90177865126  
 745.6570  159247.9791660357  
 745.7120  159302.39275715075  
 745.7680  159473.14721122905  
 745.8230  159711.76716870256  
 745.8790  159939.48017027325  
 745.9350  160131.9273477582  
 745.9900  160044.79288893472  
 746.0460  159343.59681278357  
 746.1020  158207.69794970631  
 746.1570  157230.43470081533  
 746.2130  156305.16127506105  
 746.2690  155587.12001146  
 746.3240  155335.1693301053  
 746.3800  155518.0426240756  
 746.4360  155531.3733479568  
 746.4920  155496.22871227  
 746.5470  155487.7455243456  
 746.6030  156007.28019051565  
 746.6590  156787.24872596486  
 746.7140  157594.9694047667  
 746.7700  158432.9871832986  
 746.8260  159280.70003374407  
 746.8820  159599.18314610585  
 746.9380  159617.36140594387  
 746.9930  159557.97909047306  
 747.0490  159445.39506787635  
 747.1050  159291.60698964685  
 747.1610  158971.79080489694  
 747.2170  158448.7416751582  
 747.2720  158093.9020431204  
 747.3280  157843.1632457549  
 747.3840  157553.76534913393  
 747.4400  157310.29785570363  
 747.4960  157114.21502625104  
 747.5520  156896.19709659394  
 747.6080  156683.02670289364  
 747.6640  156445.7398178083  
 747.7190  156511.06036482617  
 747.7750  156827.11970920954  
 747.8310  157053.62082679104  
 747.8870  157358.77321527162  
 747.9430  157674.832559655  
 747.9990  157868.6128095281  
 748.0550  157975.1374121788  
 748.1110  158109.65653498002  
 748.1670  158115.715954926  
 748.2230  157998.1632079736  
 748.2790  157696.6464714606  
 748.3350  157493.17114967393  
 748.3910  157269.21498846973  
 748.4470  157083.91792652104  
 748.5030  157060.89213072625  
 748.5590  157178.32368927973  
 748.6150  157311.50973969282  
 748.6710  157432.69813861285  
 748.7270  157678.46821162262  
 748.7830  158023.61277174682  
 748.8390  158254.9614252851  
 748.8950  158456.0129790934  
 748.9510  158571.0207696685  
 749.0080  158287.6822929935  
 749.0640  157838.3157097981  
 749.1200  157436.33379058045  
 749.1760  156948.30810812957  
 749.2320  156514.69601679375  
 749.2880  156081.20511385688  
 749.3440  155186.2287878326  
 749.4010  153917.14387434226  
 749.4570  152713.37950786983  
 749.5130  151805.19364636324  
 749.5690  151447.93024634707  
 749.6250  151716.72611515163  
 749.6810  152242.32020126772  
 749.7380  152525.65867794273  
 749.7940  152546.2607057591  
 749.8500  152542.6250537915  
 749.9060  153050.0408800696  
 749.9630  153912.29633838547  
 750.0190  154977.90593008912  
 750.0750  156119.98540151128  
 750.1310  157002.72169924463  
 750.1880  157231.64658480452  
 750.2440  157361.19698325  
 750.3000  157567.09607301513  
 750.3560  157666.3493717306  
 750.4130  157724.5198032122  
 750.4690  157720.88415124462  
 750.5250  157633.6285040222  
 750.5820  157450.87639845084  
 750.6380  157376.95147510964  
 750.6940  157367.25640319605  
 750.7510  157421.79118271003  
 750.8070  157359.9850992608  
 750.8630  157247.40107666416  
 750.9200  156534.08616062097  
 750.9760  155096.6705610307  
 751.0330  153959.55981396427  
 751.0890  152868.37947008852  
 751.1460  151870.51419338112  
 751.2020  151418.84503060626  
 751.2580  151685.21713143244  
 751.3150  151686.42901542163  
 751.3710  151433.38763847665  
 751.4280  150852.04688885738  
 751.4840  151134.2946699421  
 751.5410  151966.25302852795  
 751.5970  152953.21134933253  
 751.6540  154113.34789219376  
 751.7100  155559.2466797084  
 751.7670  156176.82276060476  
 751.8230  156283.46855165437  
 751.8800  156245.90014798916  
 751.9360  156227.7218881512  
 751.9930  156342.72967872626  
 752.0490  156623.76557582174  
 752.1060  156571.65456428617  
 752.1620  156031.51787029966  
 752.2190  155554.3991437516  
 752.2760  155040.9238975275  
 752.3320  154316.70202558156  
 752.3890  153494.4387389093  
 752.4450  153300.77967743512  
 752.5020  153005.20117246918  
 752.5590  152623.82128106794  
 752.6150  152324.6071241344  
 752.6720  152886.55772992648  
 752.7290  153619.2627897969  
 752.7850  154349.42289328994  
 752.8420  154964.69639460684  
 752.8990  156001.22077056966  
 752.9550  156314.85634697464  
 753.0120  156165.91580470197  
 753.0690  156083.6288818353  
 753.1250  156157.43261677757  
 753.1820  155905.60312382178  
 753.2390  155736.0605537327  
 753.2960  155631.9597190604  
 753.3520  155445.45077312252  
 753.4090  155181.3812518758  
 753.4660  155107.57751693352  
 753.5230  155314.5673022889  
 753.5790  155602.8745033196  
 753.6360  155882.57732802696  
 753.6930  156256.807103892  
 753.7500  156552.26442045896  
 753.8070  156582.56152018896  
 753.8640  156520.75543673977  
 753.9200  156542.56934854537  
 753.9770  156547.41688450216  
 754.0340  156413.01895009988  
 754.0910  156289.5279716004  
 754.1480  156156.22073278835  
 754.2050  156001.22077056966  
 754.2620  155857.1277642538  
 754.3180  155789.3834492575  
 754.3750  155715.4585259163  
 754.4320  155663.34751438067  
 754.4890  155584.69624348162  
 754.5460  155496.22871227  
 754.6030  155326.6861421809  
 754.6600  155096.6705610307  
 754.7170  154904.10219514684  
 754.7740  154780.61121664735  
 754.8310  154775.76368069055  
 754.8880  154919.85668700642  
 754.9450  155107.57751693352  
 755.0020  155233.4922634114  
 755.0590  155304.8722303753  
 755.1160  155331.53367813773  
 755.1730  155432.12004924132  
 755.2300  155577.4249395464  
 755.2870  155744.5437416571  
 755.3440  155774.8408413871  
 755.4010  155396.97541355452  
 755.4580  154964.69639460684  
 755.5150  154571.07647491465  
 755.5720  154108.50035623697  
 755.6290  153780.32217196157  
 755.6870  153965.61923391026  
 755.7440  154139.88815155724  
 755.8010  154056.38934470134  
 755.8580  153633.80539766728  
 755.9150  153375.7952963666  
 755.9720  153387.9141362586  
 756.0290  153488.37931896327  
 756.0860  153637.4410496349  
 756.1440  154193.21104708206  
 756.2010  154653.36339778133  
 756.2580  154744.25469697136  
 756.3150  154615.91618251504  
 756.3720  154568.65270693623  
 756.4300  154841.08422770843  
 756.4870  155284.3913909578  
 756.5440  155779.6883773439  
 756.6010  156363.33170654267  
 756.6590  156934.97738424837  
 756.7160  156898.62086457235  
 756.7730  156184.09406453997  
 756.8300  155566.5179836436  
 756.8880  155137.7534282646  
 756.9450  154764.85672478774  
 757.0020  154602.58545863384  
 757.0600  154877.44074738442  
 757.1170  155034.86447758152  
 757.1740  154953.78943870403  
 757.2320  154512.90604343303  
 757.2890  154201.69423500646  
 757.3460  154248.95771058527  
 757.4040  154331.24463345195  
 757.4610  154520.17734736824  
 757.5180  155013.05056577592  
 757.5760  155310.93165032132  
 757.6330  155097.88244501993  
 757.6910  154785.45875260414  
 757.7480  154380.93187700916  
 757.8050  154328.82086547354  
 757.8630  154478.97329173543  
 757.9200  154818.0584319136  
 757.9780  155206.83081564904  
 758.0350  155594.3913153952  
 758.0930  155496.22871227  
 758.1500  155330.3217941485  
 758.2080  154855.62683557882  
 758.2650  154021.24470901454  
 758.3230  153425.4825399238  
 758.3800  152852.6249782289  
 758.4380  151854.75970152154  
 758.4950  151021.5894589465  
 758.5530  150611.1243518044  
 758.6100  150108.5560614831  
 758.6680  149527.2153118638  
 758.7250  149279.02147087565  
 758.7830  149691.91034599612  
 758.8410  150211.44501216622  
 758.8980  150545.68261638758  
 758.9560  151269.9044883336  
 759.0130  152304.12628471694  
 759.0710  152896.2528018401  
 759.1290  153286.2370695647  
 759.1860  153862.60909482825  
 759.2440  154221.08437883365  
 759.3010  154201.69423500646  
 759.3590  153995.79514524134  
 759.4170  153873.51605073106  
 759.4740  153689.43087277157  
 759.5320  153507.76946279046  
 759.5900  153435.1776118374  
 759.6480  153470.3222475242  
 759.7050  153410.93993205338  
 759.7630  153374.58341237737  
 759.8210  153426.694423913  
 759.8780  153538.06656252046  
 759.9360  153579.2706181533  
 759.9940  153643.37928118196  
 760.0520  153565.93989427207  
 760.1090  153207.4646102667  
 760.1670  152868.37947008852  
 760.2250  152616.54997713273  
 760.2830  152354.90422386443  
 760.3410  152110.34603484382  
 760.3980  151891.11622119753  
 760.4560  151680.36959547564  
 760.5140  151275.96390827958  
 760.5720  150885.979640555  
 760.6300  150895.67471246858  
 760.6880  151256.5737644524  
 760.7460  151516.88644533255  
 760.8030  151780.95596657926  
 760.8610  151794.28669046046  
 760.9190  151589.59948468456  
 760.9770  151327.95373141626  
 761.0350  151198.40333297077  
 761.0930  151195.9795649924  
 761.1510  151457.62531826066  
 761.2090  151639.28672824177  
 761.2670  151713.09046318405  
 761.3250  151550.81919703016  
 761.3830  151382.48851093027  
 761.4410  151531.42905320294  
 761.4990  151502.34383746213  
 761.5570  150879.92022060897  
 761.6150  150480.24088097078  
 761.6730  149929.31841948043  
 761.7310  149169.95191184766  
 761.7890  148103.13043615478  
 761.8470  147640.5543174771  
 761.9050  146687.40755997124  
 761.9630  146017.72046753927  
 762.0210  145369.8472869129  
 762.0790  145849.38978143936  
 762.1370  146565.12846546093  
 762.1950  147768.89283193342  
 762.2530  148702.52825721318  
 762.3110  150167.817188555  
 762.3690  150630.5144956316  
 762.4280  151010.68250304367  
 762.4860  151513.25079336495  
 762.5440  152158.70020601293  
 762.6020  152382.77755561602  
 762.6600  152656.4209603774  
 762.7180  152795.7876191354  
 762.7760  152662.4803803234  
 762.8350  152447.00740704362  
 762.8930  152161.12397399134  
 762.9510  152153.85267005613  
 763.0090  152230.20136137572  
 763.0680  152325.81900812362  
 763.1260  152443.37175507602  
 763.1840  152617.76186112192  
 763.2420  152479.60708635312  
 763.3010  152348.84480391841  
 763.3590  152253.22715717054  
 763.4170  152162.33585798054  
 763.4750  152100.65096293023  
 763.5340  152070.35386320023  
 763.5920  152012.18343171864  
 763.6500  151942.01534874397  
 763.7090  151883.84491726235  
 763.7670  151843.85274561876  
 763.8250  151779.74408259007  
 763.8840  151604.14209255498  
 763.9420  151469.74415815267  
 764.0000  151331.58938338386  
 764.0590  151176.58942116518  
 764.1170  151055.52221064406  
 764.1750  151076.1242384605  
 764.2340  151106.4213381905  
 764.2920  151141.5659738773  
 764.3510  151129.44713398526  
 764.4090  151198.40333297077  
 764.4680  151279.59956024715  
 764.5260  151393.39546683306  
 764.5840  151510.82702538656  
 764.6430  151668.25075558366  
 764.7010  151726.42118706525  
 764.7600  151738.54002695726  
 764.8180  151737.32814296804  
 764.8770  151717.93799914085  
 764.9350  151699.75973930286  
 764.9940  151713.09046318405  
 765.0520  151736.11625897884  
 765.1110  151723.99741908687  
 765.1690  151685.21713143244  
 765.2280  151374.00532300584  
 765.2870  151055.52221064406  
 765.3450  150510.53798070078  
 765.4040  149859.0291481068  
 765.4620  149378.27476959114  
 765.5210  149166.31625988006  
 765.5800  148632.3601742385  
 765.6380  147770.10471592261  
 765.6970  146933.29882137993  
 765.7550  145832.42340559058  
 765.8140  144754.69497399492  
 765.8730  143937.27922327945  
 765.9310  143813.78824477995  
 765.9900  143375.32861748736  
 766.0490  143221.54053925787  
 766.1070  142964.8635103453  
 766.1660  143225.17619122547  
 766.2250  143088.3544888448  
 766.2840  142637.8972100591  
 766.3420  141577.01396591336  
 766.4010  141179.75839425356  
 766.4600  140322.4716602934  
 766.5180  140250.9705049306  
 766.5770  141080.50509553807  
 766.6360  142444.11696018602  
 766.6950  143134.4060804344  
 766.7540  143306.37241850188  
 766.8120  143285.77039068547  
 766.8710  144437.42374562236  
 766.9300  146038.32249535565  
 766.9890  147785.8592077822  
 767.0480  149850.5459601824  
 767.1060  151505.97948942977  
 767.1650  151853.54781753235  
 767.2240  151698.54785531366  
 767.2830  151522.94586527854  
 767.3420  151576.26876080336  
 767.4010  151704.60727525965  
 767.4600  151785.80350253606  
 767.5190  151877.78549731636  
 767.5780  151920.20143693834  
 767.6360  151777.32031461166  
 767.6950  151565.36180490057  
 767.7540  151406.72619071425  
 767.8130  151105.20945420128  
 767.8720  150396.7420741149  
 767.9310  149782.80164518615  
 767.9900  149305.68291863805  
 768.0490  148828.44300369106  
 768.1080  148455.5463002142  
 768.1670  148488.1459795237  
 768.2260  148433.7323884086  
 768.2850  148271.4611222547  
 768.3440  147957.82554584972  
 768.4030  148109.1898561008  
 768.4620  148421.6135485166  
 768.5210  148720.70651705115  
 768.5800  149048.88470132655  
 768.6400  149519.94400792863  
 768.6990  149504.18951606905  
 768.7580  149269.32639896206  
 768.8170  149070.69861313218  
 768.8760  148912.06299894588  
 768.9350  148765.54622465157  
 768.9940  148199.95996689188  
 769.0530  147790.706743739  
 769.1120  147384.96798415482  
 769.1720  146951.47708121795  
 769.2310  146722.55219565806  
 769.2900  147134.35037518825  
 769.3490  147438.29087967964  
 769.4080  147539.9679463735  
 769.4680  147504.8233106867  
 769.5270  147845.1203348541  
 769.5860  148310.2414099091  
 769.6450  148822.38358374508  
 769.7040  149188.13017168563  
 769.7640  148869.64705932385  
 769.8230  148310.2414099091  
 769.8820  147409.20566393883  
 769.9420  146550.58585759054  
 770.0010  145998.33032371206  
 770.0600  146367.71256362027  
 770.1190  146504.53426600093  
 770.1790  146496.05107807653  
 770.2380  146140.1207504485  
 770.2970  146636.62962082378  
 770.3570  147340.12827655443  
 770.4160  148029.20551281358  
 770.4750  148795.84332438157  
 770.5350  149862.66480007442  
 770.5940  150090.37780164514  
 770.6540  150032.20737016352  
 770.7130  149958.4036352212  
 770.7720  149937.80160740484  
 770.8320  149706.4529538665  
 770.8910  148874.49459528064  
 770.9510  148139.4869558308  
 771.0100  147140.40979513424  
 771.0690  146303.60390059158  
 771.1290  145721.0512669831  
 771.1880  145701.66112315588  
 771.2480  145368.6354029237  
 771.3070  144792.26337766013  
 771.3670  144095.91483746574  
 771.4260  143982.11893087986  
 771.4860  143984.54269885828  
 771.5450  144558.49095614342  
 771.6050  145748.92459873468  
 771.6640  146959.96026914235  
 771.7240  147422.53638782  
 771.7840  147581.1720020063  
 771.8430  147876.6293185733  
 771.9030  148083.7402923276  
 771.9620  148254.4947464059  
 772.0220  148539.04510707007  
 772.0820  148823.59546773427  
 772.1410  148298.1225700171  
 772.2010  147519.3659185571  
 772.2600  146854.52636208193  
 772.3200  146210.28883342317  
 772.3800  145540.60174099117  
 772.4390  145304.52673989502  
 772.4990  145453.46728216772  
 772.5590  145320.1600433557  
 772.6180  144640.89906740905  
 772.6780  144524.5582044458  
 772.7380  144748.63555404893  
 772.7980  144874.5503005268  
 772.8570  145136.1960537951  
 772.9170  146131.63756252406  
 772.9770  146869.06896995232  
 773.0360  147122.23153529625  
 773.0960  147124.65530327466  
 773.1560  147646.61373742312  
 773.2160  148003.75594904038  
 773.2760  148276.3086582115  
 773.3350  148608.1224944545  
 773.3950  149157.83307195563  
 773.4550  149220.85103939407  
 773.5150  149239.02929923203  
 773.5750  149208.73219950203  
 773.6350  149133.71658057056  
 773.6940  149023.43513755334  
 773.7540  149035.55397744538  
 773.8140  149062.21542520775  
 773.8740  149093.72440892694  
 773.9340  149160.25683993407  
 773.9940  149241.45306721044  
 774.0540  149080.39368504577  
 774.1140  148464.0294881386  
 774.1740  148006.1797170188  
 774.2340  147579.9601180171  
 774.2930  147133.13849119903  
 774.3530  146717.70465970124  
 774.4130  146489.99165813054  
 774.4730  145665.30460347986  
 774.5330  144843.04131680762  
 774.5930  143816.21201275836  
 774.6530  142620.93083421033  
 774.7130  141351.72473232108  
 774.7730  140594.9031810656  
 774.8330  139863.4100051844  
 774.8930  139259.16464816924  
 774.9530  138631.89349535925  
 775.0140  138928.56269591546  
 775.0740  139400.83388650673  
 775.1340  139582.49529648782  
 775.1940  140128.69141042032  
 775.2540  141621.85367351375  
 775.3140  142900.6336589177  
 775.3740  143980.90704689067  
 775.4340  145197.88094884538  
 775.4940  146447.69690690748  
 775.5550  147121.01965130706  
 775.6150  147401.93436000362  
 775.6750  147647.82562141234  
 775.7350  147944.4948219685  
 775.7950  147817.2470031025  
 775.8550  147604.1977978011  
 775.9160  147375.27291224123  
 775.9760  147165.73817050853  
 776.0360  147014.37386025742  
 776.0960  146990.13618047343  
 776.1560  146963.59592110993  
 776.2170  146939.35824132594  
 776.2770  146842.40752218993  
 776.3370  146812.23161085887  
 776.3980  146769.81567123684  
 776.4580  146812.23161085887  
 776.5180  146955.11273318555  
 776.5780  147175.43324242212  
 776.6390  147295.40975735293  
 776.6990  147424.9601557984  
 776.7590  147445.56218361482  
 776.8200  147376.48479623042  
 776.8800  147286.92656942853  
 776.9400  147223.90860199014  
 777.0010  146982.98606493714  
 777.0610  146427.09487909105  
 777.1220  145974.21383232696  
 777.1820  145499.3976853584  
 777.2420  144734.0929461785  
 777.3030  144034.10875401655  
 777.3630  143475.91498859096  
 777.4240  142818.346736051  
 777.4840  142176.4117869717  
 777.5440  141730.80204414285  
 777.6050  141716.25943627243  
 777.6650  141976.69330555154  
 777.7260  142176.4117869717  
 777.7860  142550.6415628367  
 777.8470  143066.54057703918  
 777.9070  143289.40604265308  
 777.9680  143563.04944741447  
 778.0290  143910.61777551705  
 778.0890  144138.33077708777  
 778.1500  144315.14465111206  
 778.2100  144458.02577343874  
 778.2710  144587.57617188423  
 778.3310  144718.33845431893  
 778.3920  144766.81381388693  
 778.4520  144873.33841653762  
 778.5130  144976.34855561962  
 778.5740  145081.6612742811  
 778.6340  145186.9739929426  
 778.6950  145203.9403687914  
 778.7560  144714.70280235133  
 778.8160  144373.19389419473  
 778.8770  144063.19396975733  
 778.9380  143750.77027734157  
 778.9980  143570.32075134965  
 779.0590  143815.00012876917  
 779.1200  143942.12675923627  
 779.1800  143930.00791934427  
 779.2410  143761.67723324438  
 779.3020  144014.71861018936  
 779.3620  144363.49882228114  
 779.4230  144666.22744278333  
 779.4840  145025.91461077792  
 779.5450  145394.08496669692  
 779.6060  144826.07494095882  
 779.6660  144335.62549052952  
 779.7270  143834.26908419744  
 779.7880  143148.9486883048  
 779.8490  142502.16620326872  
 779.9100  142408.97232449922  
 779.9700  142154.71906356505  
 780.0310  141889.43765832915  
 780.0920  141577.01396591336  
 780.1530  141911.25157013474  
 780.2140  142314.56656174053  
 780.2750  142662.0137014442  
 780.3360  143147.7368043156  
 780.3960  144068.04150571415  
 780.4570  144482.26345322275  
 780.5180  144809.22975350893  
 780.5790  145050.1522905619  
 780.6400  144889.0929083972  
 780.7010  144707.43149841612  
 780.7620  144517.28690051063  
 780.8230  144299.39015925245  
 780.8840  144069.25338970337  
 780.9450  143652.72886261527  
 781.0060  143168.21764373308  
 781.0670  142606.3882263399  
 781.1280  141937.91301789714  
 781.1890  141763.52291185124  
 781.2500  142180.0474389393  
 781.3110  142482.89724784042  
 781.3720  142731.0910888286  
 781.4330  142912.75249880968  
 781.4940  143179.1245996359  
 781.5550  143527.90481172767  
 781.6160  143908.19400753864  
 781.6770  144350.16809839994  
 781.7390  145002.8888149831  
 781.8000  145213.63544070502  
 781.8610  145246.3563084134  
 781.9220  145174.8551530506  
 781.9830  145113.1702580003  
 782.0440  144965.44159971684  
 782.1050  144836.9818968616  
 782.1670  144724.39787426492  
 782.2280  144668.65121076172  
 782.2890  144614.23761964662  
 782.3500  144634.83964746303  
 782.4110  144592.42370784105  
 782.4730  144491.83733673743  
 782.5340  144026.83745008134  
 782.5950  143793.18621696357  
 782.6560  143611.5248069825  
 782.7180  143466.21991667736  
 782.7790  143381.38803743335  
 782.8400  143693.81172984914  
 782.9010  143800.45752089878  
 782.9630  143762.88911723357  
 783.0240  143282.1347387179  
 783.0850  142327.7760972228  
 783.1470  141742.92088403483  
 783.2080  141243.98824568116  
 783.2690  140825.0399506147  
 783.3310  140746.26749131668  
 783.3920  140775.3527070575  
 783.4530  140142.02213430151  
 783.5150  139435.97852219353  
 783.5760  138564.02799196405  
 783.6380  138686.30708647435  
 783.6990  139389.92693060392  
 783.7600  140392.63974326808  
 783.8220  141259.74273754077  
 783.8830  142134.11703574864  
 783.9450  142213.9801906369  
 784.0060  142412.60797646682  
 784.0680  142671.7087733578  
 784.1290  143009.5820295468  
 784.1910  143508.51466790045  
 784.2520  143856.08299600307  
 784.3140  143749.55839335234  
 784.3750  143589.71089517686  
 784.4370  143422.5920930662  
 784.4980  143245.77821904188  
 784.5600  143175.4889476683  
 784.6210  143230.02372718227  
 784.6830  143238.5069151067  
 784.7450  143268.8040148367  
 784.8060  143203.3622794199  
 784.8680  143009.5820295468  
 784.9290  142863.0652552525  
 784.9910  142726.2435528718  
 785.0530  142463.50710401323  
 785.1140  142295.17641791332  
 785.1760  142198.22569877733  
 785.2380  142094.12486410505  
 785.2990  141931.85359795112  
 785.3610  141701.71682840204  
 785.4230  141438.98037954344  
 785.4840  140381.7327873653  
 785.5460  139510.99414112503  
 785.6080  138889.78240826106  
 785.6690  138553.12103606126  
 785.7310  138269.78255938628  
 785.7930  138766.29142976156  
 785.8550  138937.04588383983  
 785.9160  138878.87545235825  
 785.9780  138534.94277622327  
 786.0400  139090.83396206933  
 786.1020  139873.105077098  
 786.1640  140772.92893907908  
 786.2250  141666.57219271525  
 786.2870  142779.56644839662  
 786.3490  142984.25365417253  
 786.4110  142939.4139465721  
 786.4730  142929.71887465852  
 786.5350  143038.6672452876  
 786.5960  143150.160572294  
 786.6580  143293.04169462068  
 786.7200  143421.38020907698  
 786.7820  143410.47325317416  
 786.8440  143254.26140696628  
 786.9060  143139.25361639122  
 786.9680  142966.0753943345  
 787.0300  142854.5820673281  
 787.0920  142762.6000725478  
 787.1540  142727.455436861  
 787.2160  142614.87141426431  
 787.2780  142508.2256232147  
 787.3400  142422.30304838042  
 787.4020  142461.08333603482  
 787.4640  142366.5563848772  
 787.5260  142314.56656174053  
 787.5880  142193.37816282053  
 787.6500  142109.87935596463  
 787.7120  141974.26953757316  
 787.7740  142005.65733289343  
 787.8360  141868.83563051274  
 787.8980  141828.84345886912  
 787.9600  141658.21019318976  
 788.0220  141337.18212445066  
 788.0840  141143.52306297648  
 788.1460  141243.98824568116  
 788.2080  141345.66531237503  
 788.2710  141505.51281055054  
 788.3330  141721.10697222926  
 788.3950  141942.76055385394  
 788.4570  142035.95443262343  
 788.5190  141962.15069768112  
 788.5810  142192.1662788313  
 788.6440  142509.4375072039  
 788.7060  142640.32097803752  
 788.7680  142744.4218127098  
 788.8300  142970.9229302913  
 788.8920  142913.9643827989  
 788.9550  142855.7939513173  
 789.0170  142812.287316105  
 789.0790  142807.4397801482  
 789.1410  142821.9823880186  
 789.2040  142790.4734042994  
 789.2660  142722.6079009042  
 789.3280  142675.3444253254  
 789.3910  142645.16851399431  
 789.4530  142580.9386625667  
 789.5150  142514.2850431607  
 789.5780  142446.54072816443  
 789.6400  142389.582180672  
 789.7020  142301.2358378593  
 789.7650  142245.48917435613  
 789.8270  142249.12482632374  
 789.8890  142240.6416383993  
 789.9520  142040.80196858023  
 790.0140  141969.42200161636  
 790.0770  142028.68312868822  
 790.1390  142101.39616804023  
 790.2010  142221.25149457212  
 790.2640  142510.6493911931  
 790.3260  142650.0160499511  
 790.3890  142576.0911266099  
 790.4510  142517.9206951283  
 790.5140  142628.2021381455  
 790.5760  142829.13250355487  
 790.6390  143157.31068783026  
 790.7010  143299.1011145667  
 790.7640  143359.57412562778  
 790.8260  143270.0158988259  
 790.8890  143133.1941964452  
 790.9510  142984.25365417253  
 791.0140  142642.7447460159  
 791.0770  142198.22569877733  
 791.1390  141454.73487140305  
 791.2020  140562.1823133572  
 791.2640  139707.1981589765  
 791.3270  139140.52120562654  
 791.3900  138677.82389854995  
 791.4520  138517.97640037446  
 791.5150  138501.01002452566  
 791.5780  138451.4439693674  
 791.6400  138317.04603496508  
 791.7030  138245.54487960227  
 791.7660  138275.8419793323  
 791.8280  138291.59647119188  
 791.8910  138255.23995151586  
 791.9540  138346.01006230697  
 792.0160  138418.72310165898  
 792.0790  138434.47759351856  
 792.1420  138628.25784339165  
 792.2050  138961.28356362385  
 792.2670  139414.16461038793  
 792.3300  139904.61406081723  
 792.3930  140381.7327873653  
 792.4560  140665.07126404028  
 792.5190  140764.4457511547  
 792.5810  140673.55445196468  
 792.6440  140493.2261143717  
 792.7070  140322.4716602934  
 792.7700  140220.6734052006  
 792.8330  140161.4122781287  
 792.8960  139844.01986135723  
 792.9590  139434.7666382043  
 793.0210  138958.85979564546  
 793.0840  138145.0796968976  
 793.1470  137168.9071435969  
 793.2100  136427.84008420105  
 793.2730  135864.67759441977  
 793.3360  135341.5072762821  
 793.3990  135250.737165491  
 793.4620  135565.58462588518  
 793.5250  135512.26173036036  
 793.5880  135100.58473922912  
 793.6510  134991.6363686  
 793.7140  135002.54332450283  
 793.7770  134881.3549255828  
 793.8400  135117.55111507792  
 793.9030  135623.7550573668  
 793.9660  135554.6776699824  
 794.0290  135317.390784897  
 794.0920  135597.09360960437  
 794.1550  136229.21229837116  
 794.2180  136602.23019024695  
 794.2810  137090.2558726978  
 794.3440  137472.9688364872  
 794.4070  136680.88146114603  
 794.4700  135383.92321590407  
 794.5340  134640.43238852982  
 794.5970  134153.61859006813  
 794.6600  133781.81258218156  
 794.7230  134111.20265044615  
 794.7860  134954.0679649348  
 794.8490  135690.28748837387  
 794.9130  136487.22239967185  
 794.9760  137699.3487656698  
 795.0390  139026.60411064173  
 795.1020  140055.9783710683  
 795.1650  140937.62397321136  
 795.2290  141630.33686143818  
 795.2920  141700.50494441285  
 795.3550  141503.08904257213  
 795.4180  141138.6755270197  
 795.4820  140772.92893907908  
 795.5450  140421.7249590089  
 795.6080  140065.6734429819  
 795.6720  139737.4952587065  
 795.7350  139410.52895842036  
 795.7980  139053.26555840415  
 795.8620  138761.44389380477  
 795.9250  138617.35088748886  
 795.9880  138664.6143630677  
 796.0520  138882.51110432585  
 796.1150  139144.15685759415  
 796.1780  139310.06377571562  
 796.2420  139405.68142246353  
 796.3050  139444.46171011793  
 796.3690  139428.70721825832  
 796.4320  139403.25765448512  
 796.4950  139460.21620197754  
 796.5590  139452.94489804233  
 796.6220  139382.65562666874  
 796.6860  139335.3921510899  
 796.7490  139329.45391954284  
 796.8130  139372.96055475512  
 796.8760  139402.04577049593  
 796.9400  139443.24982612874  
 797.0030  139466.27562192353  
 797.0670  139425.07156629072  
 797.1300  139389.92693060392  
 797.1940  139359.62983087392  
 797.2570  139277.34290800724  
 797.3210  139077.50323818816  
 797.3850  138909.17255208825  
 797.4480  138864.33284448786  
 797.5120  138872.81603241226  
 797.5750  138914.02008804507  
 797.6390  139084.77454212334  
 797.7030  139179.18030488203  
 797.7660  139099.31714999376  
 797.8300  139033.87541457693  
 797.8940  139073.86758622056  
 797.9570  139107.80033791816  
 798.0210  139179.18030488203  
 798.0850  139250.6814602448  
 798.1480  139260.37653215844  
 798.2120  139177.96842089284  
 798.2760  139149.00439355095  
 798.3390  139167.06146499005  
 798.4030  139236.13885237445  
 798.4670  139331.75649912233  
 798.5310  139398.41011852832  
 798.5940  139305.21623975883  
 798.6580  139110.22410589654  
 798.7220  138905.53690012064  
 798.7860  138697.21404237716  
 798.8500  138533.73089223405  
 798.9130  138486.5886050542  
 798.9770  138475.68164915137  
 799.0410  138394.48542187497  
 799.1050  138338.73875837176  
 799.1690  138365.4002061342  
 799.2330  138440.53701346458  
 799.2970  138496.28367696778  
 799.3610  138490.2242570218  
 799.4240  138393.27353788578  
 799.4880  138162.0460727464  
 799.5520  137919.79046330528  
 799.6160  137894.3408995321  
 799.6800  137830.2322365034  
 799.7440  137208.8993152405  
 799.8080  136378.15284064383  
 799.8720  135588.61042168  
 799.9360  134870.44796967998  
 800.0000  134308.61855228682  
 800.0640  134272.26203261083  
 800.1280  134394.54112712113  
 800.1920  134434.53329876473  
 800.2560  134634.37296858383  
 800.3200  135429.9748074937  
 800.3840  136441.17080808224  
 800.4480  137571.0102512135  
 800.5120  138519.18828436366  
 800.5760  139136.88555365897  
 800.6410  139226.44378046086  
 800.7050  139219.17247652562  
 800.7690  139198.57044870924  
 800.8330  139192.51102876326  
 800.8970  139127.19048174535  
 800.9610  138933.41023187226  
 801.0250  138677.82389854995  
 801.0890  138422.35875362658  
 801.1540  138229.79038774266  
 801.2180  138146.2915808868  
 801.2820  138135.38462498397  
 801.3460  138149.9272328544  
 801.4110  138214.03589588308  
 801.4750  138343.58629432856  
 801.5390  138422.35875362658  
 801.6030  138404.18049378856  
 801.6670  138361.76455416658  
 801.7320  138295.23212315948  
 801.7960  138157.1985367896  
 801.8600  138032.374485902  
 801.9250  137947.6637950569  
 801.9890  137845.86553996408  
 802.0530  137664.32531838192  
 802.1180  137540.7131514835  
 802.1820  137550.4082233971  
 802.2460  137613.42619083548  
 802.3110  137679.9586218426  
 802.3750  137952.5113310137  
 802.4390  138115.99448115678  
 802.5040  138050.55274574  
 802.5680  137897.9765514997  
 802.6330  137541.9250354727  
 802.6970  136920.71330260872  
 802.7610  136276.47577394996  
 802.8260  135789.66197548827  
 802.8900  135366.9568400553  
 802.9550  135187.7191980526  
 803.0190  135393.61828781766  
 803.0840  135773.9074836287  
 803.1480  136246.17867421996  
 803.2130  137053.8993530218  
 803.2770  137865.2556837913  
 803.3420  138360.5526701774  
 803.4060  138582.20625180207  
 803.4710  138652.49552317566  
 803.5360  138379.94281400455  
 803.6000  137929.4855352189  
 803.6650  137621.9093787599  
 803.7290  137481.4520244116  
 803.7940  137355.41608953482  
 803.8590  137265.85786273293  
 803.9230  137373.5943493728  
 803.9880  137621.9093787599  
 804.0520  137907.6716234133  
 804.1170  138200.70517200185  
 804.1820  138534.94277622327  
 804.2460  138726.29925811794  
 804.3110  138743.26563396674  
 804.3760  138630.68161137006  
 804.4400  138009.34869010717  
 804.5050  137108.43413253583  
 804.5700  136043.91523642247  
 804.6350  134877.71927361522  
 804.6990  133756.36301840833  
 804.7640  133050.3194063004  
 804.8290  132525.9372041735  
 804.8940  132134.86224085864  
 804.9580  132128.80282091262  
 805.0230  132685.784702349  
 805.0880  133533.49755279446  
 805.1530  134532.57471349102  
 805.2180  135595.88172561518  
 805.2830  136356.33892883826  
 805.3470  136717.237980822  
 805.4120  136967.97677818756  
 805.4770  137007.84776143223  
 805.5420  137078.13703280583  
 805.6070  137193.14482338092  
 805.6720  137173.7546795537  
 805.7370  137080.5608007842  
 805.8020  137080.5608007842  
 805.8670  137141.15500024424  
 805.9320  137216.17061917574  
 805.9970  137332.5114821389  
 806.0620  137503.1447478183  
 806.1270  137552.83199137548  
 806.1920  137534.65373153752  
 806.2570  137506.7803997859  
 806.3220  137441.45985276802  
 806.3870  137412.3746370272  
 806.4520  137422.0697089408  
 806.5170  137420.8578249516  
 806.5820  137409.95086904883  
 806.6470  137406.31521708122  
 806.7120  137352.9923215564  
 806.7770  137237.9845309813  
 806.8420  137113.28166849262  
 806.9070  136903.74692675992  
 806.9720  136637.37482593374  
 807.0370  136298.28968575556  
 807.1020  135910.72918600935  
 807.1680  135528.01622221997  
 807.2330  135270.1273093182  
 807.2980  135128.4580709807  
 807.3630  134955.279848924  
 807.4280  134824.51756648932  
 807.4940  134835.4245223921  
 807.5590  134940.7372410536  
 807.6240  135163.6027066675  
 807.6890  135603.1530295504  
 807.7540  136097.23813194726  
 807.8200  136426.62820021185  
 807.8850  136584.05193040895  
 807.9500  136686.940881092  
 808.0160  136728.14493672486  
 808.0810  136717.237980822  
 808.1460  136729.35682071405  
 808.2110  136785.10348421725  
 808.2770  136697.84783699483  
 808.3420  136116.62827577448  
 808.4070  135376.6519119689  
 808.4730  134846.210289896  
 808.5380  134381.21040323994  
 808.6040  134034.8539591265  
 808.6690  134203.18464522643  
 808.7340  134479.37300636515  
 808.8000  134388.48170717512  
 808.8650  134367.8796793587  
 808.9310  134748.16887516974  
 808.9960  135174.38847417137  
 809.0610  135557.10143796078  
 809.1270  135847.71121857097  
 809.1920  135804.2045833587  
 809.2580  135305.27194500502  
 809.3230  134831.78887042453  
 809.3890  134608.92340481063  
 809.4540  134689.99844368812  
 809.5200  134675.4558358177  
 809.5860  134520.455873599  
 809.6510  134399.38866307793  
 809.7170  134032.43019114813  
 809.7820  133525.01436487006  
 809.8480  133366.37875068377  
 809.9130  133359.1074467486  
 809.9790  133194.41241261628  
 810.0450  133239.2521202167  
 810.1100  133609.84624411407  
 810.1760  133944.08384833546  
 810.2410  134443.01648668913  
 810.3070  135256.796585437  
 810.3730  135949.50947366378  
 810.4380  136344.22008894623  
 810.5040  136703.90725694085  
 810.5700  136884.35678293274  
 810.6360  136776.62029629282  
 810.7010  136671.18638923243  
 810.7670  136628.89163800937  
 810.8330  136573.14497450614  
 810.8980  136490.85805163946  
 810.9640  136469.04413983386  
 811.0300  136421.78066425506  
 811.0960  136323.73924952876  
 811.1620  136286.17084586355  
 811.2270  136304.34910570155  
 811.2930  136247.39055820915  
 811.3590  136192.85577869514  
 811.4250  136189.22012672754  
 811.4910  136123.89957970966  
 811.5570  136060.88161227125  
 811.6220  136123.89957970966  
 811.6880  136148.13725949367  
 811.7540  136093.60247997966  
 811.8200  136065.72914822804  
 811.8860  136074.21233615247  
 811.9520  136062.09349626047  
 812.0180  136163.89175135325  
 812.0840  136373.30530468703  
 812.1500  136577.99251046294  
 812.2160  136766.92522437923  
 812.2820  136920.71330260872  
 812.3480  136992.21445797154  
 812.4140  137013.90718137822  
 812.4800  136963.12924223073  
 812.5460  136840.7289593215  
 812.6120  136695.42406901644  
 812.6780  136569.50932253856  
 812.7440  136425.41631622266  
 812.8100  136359.97458080587  
 812.8760  136368.45776873024  
 812.9420  136381.78849261143  
 813.0080  136442.38269207143  
 813.0740  136569.50932253856  
 813.1400  136707.54290890842  
 813.2060  136833.57884378525  
 813.2730  136982.51938605795  
 813.3390  137082.98456876262  
 813.4050  137078.13703280583  
 813.4710  137040.56862914062  
 813.5370  136984.94315403633  
 813.6030  136907.38257872756  
 813.6700  136840.7289593215  
 813.7360  136762.07768842243  
 813.8020  136611.92526216054  
 813.8680  136410.87370835224  
 813.9350  136223.15287842514  
 814.0010  136056.03407631448  
 814.0670  135893.76281016058  
 814.1330  135761.78864373665  
 814.2000  135663.7472290104  
 814.2660  135565.58462588518  
 814.3320  135553.4657859932  
 814.3990  135611.6362174748  
 814.4650  135692.71125635228  
 814.5310  135761.78864373665  
 814.5980  135842.86368261417  
 814.6640  135931.33121382576  
 814.7300  135987.077877329  
 814.7970  135908.30541803097  
 814.8630  135708.4657482119  
 814.9300  135463.9075591913  
 814.9960  135211.9568778366  
 815.0620  134960.1273848808  
 815.1290  134825.7294504785  
 815.1950  134842.57463792842  
 815.2620  134841.3627539392  
 815.3280  134852.26970984202  
 815.3950  134973.45810876202  
 815.4610  135191.3548500202  
 815.5280  135381.4994479257  
 815.5940  135548.61825003638  
 815.6610  135689.07560438468  
 815.7270  135685.43995241707  
 815.7940  135572.85592982036  
 815.8600  135507.41419440357  
 815.9270  135524.3805702524  
 815.9930  135479.6620510509  
 816.0600  135288.3055691562  
 816.1270  135056.95691561792  
 816.1930  134831.78887042453  
 816.2600  134618.61847672422  
 816.3270  134483.00865833272  
 816.3930  134519.24398960982  
 816.4600  134595.59268092943  
 816.5260  134589.53326098341  
 816.5930  134656.18688038943  
 816.6600  134723.93119538573  
 816.7270  134683.9390237421  
 816.7930  134647.70369246503  
 816.8600  134622.25412869183  
 816.9270  134475.73735439754  
 816.9930  134313.46608824364  
 817.0600  134255.29565676206  
 817.1270  134178.94696544242  
 817.1940  134182.58261741002  
 817.2610  134292.86406042724  
 817.3270  134416.35503892673  
 817.3940  134562.87181322102  
 817.4610  134753.01641112653  
 817.5280  134849.8459418636  
 817.5950  134822.09379851093  
 817.6610  134763.92336702932  
 817.7280  134570.14311715623  
 817.7950  134296.49971239484  
 817.8620  134094.23627459732  
 817.9290  133876.21834494025  
 817.9960  133688.49751501315  
 818.0630  133557.73523257847  
 818.1300  132897.7432120601  
 818.1970  131639.56525447255  
 818.2640  130533.84230272638  
 818.3310  129618.38513728461  
 818.3980  128803.39315454755  
 818.4650  128551.44247319286  
 818.5320  128653.24072828566  
 818.5990  128377.05236714696  
 818.6660  128361.29787528738  
 818.7330  128963.24065272305  
 818.8000  129797.62277928731  
 818.8670  130885.04628279655  
 818.9340  132242.5987274985  
 819.0010  133196.83618059466  
 819.0680  133624.38885198446  
 819.1350  133958.62645620585  
 819.2020  134237.11739692403  
 819.2690  134088.17685465133  
 819.3360  133183.50545671346  
 819.4030  131872.00460360112  
 819.4710  130469.73363969769  
 819.5380  128993.53775245305  
 819.6050  127956.8921880913  
 819.6720  127648.10414764311  
 819.7390  127275.0862557673  
 819.8070  126835.53593288444  
 819.8740  127180.68049300861  
 819.9410  127908.41682852329  
 820.0080  128575.68015297687  
 820.0750  129623.23267324144  
 820.1430  130681.57096100987  
 820.2100  130891.10570274257  
 820.2770  130865.65613896937  
 820.3450  131029.13928911246  
 820.4120  131097.00479250765  
 820.4790  131245.94533478035  
 820.5470  131651.68409436455  
 820.6140  131761.84434898285  
 820.6810  131575.33540304494  
 820.7490  131459.11572848065  
 820.8160  131210.80069909355  
 820.8830  130904.43642662377  
 820.9510  130789.42863604867  
 821.0180  130768.82660823228  
 821.0850  130497.60697144929  
 821.1530  130070.05430005949  
 821.2200  129569.90977771662  
 821.2880  129102.48612308216  
 821.3550  128747.64649104435  
 821.4230  128544.17116925764  
 821.4900  128541.74740127924  
 821.5580  128547.80682122527  
 821.6250  128598.70594877165  
 821.6930  129193.25623387324  
 821.7600  130049.45227224308  
 821.8280  130486.7000155465  
 821.8950  130364.29973263727  
 821.9630  130107.6227037247  
 822.0300  129546.88398192181  
 822.0980  128737.95141913075  
 822.1660  128298.40109624788  
 822.2330  128351.60280337375  
 822.3010  128375.84048315776  
 822.3680  128677.47840806967  
 822.4360  129614.749485317  
 822.5040  130881.41063082896  
 822.5710  132156.67615266424  
 822.6390  133496.05033752817  
 822.7070  134545.90543737222  
 822.7740  134992.84825258923  
 822.8420  134996.48390455684  
 822.9100  134565.29558119943  
 822.9780  133770.90562627875  
 823.0450  132679.72528240297  
 823.1130  131392.46210907464  
 823.1810  130329.27628534939  
 823.2490  129611.11383334942  
 823.3160  129163.08032254216  
 823.3840  128993.53775245305  
 823.4520  129291.41883699843  
 823.5200  129611.11383334942  
 823.5880  130188.69774260219  
 823.6550  131037.62247703684  
 823.7230  131750.93739308  
 823.7910  132048.8184776254  
 823.8590  132202.6065558549  
 823.9270  132027.0045658198  
 823.9950  131534.13134741213  
 824.0630  131185.35113532035  
 824.1310  131040.04624501524  
 824.1980  130763.97907227546  
 824.2660  130682.78284499908  
 824.3340  130902.01265864537  
 824.4020  131216.86011903954  
 824.4700  131591.08989490452  
 824.5380  132045.18282565783  
 824.6060  132132.43847288023  
 824.6740  131651.68409436455  
 824.7420  131109.12363239966  
 824.8100  130617.46229798118  
 824.8780  130106.4108197355  
 824.9460  129783.08017141692  
 825.0140  129768.5375635465  
 825.0820  129755.20683966532  
 825.1510  129820.64857508212  
 825.2190  130203.24035047258  
 825.2870  130743.37704445908  
 825.3550  131266.54736259676  
 825.4230  131746.08985712324  
 825.4910  131907.14923928792  
 825.5590  131742.45420515563  
 825.6280  131467.59891640506  
 825.6960  131188.98678728795  
 825.7640  131021.86798517726  
 825.8320  131060.64827283166  
 825.9000  131107.91174841046  
 825.9680  131230.19084292077  
 826.0370  131519.58873954174  
 826.1050  131852.61445977393  
 826.1730  132035.48775374424  
 826.2410  132138.4978928262  
 826.3100  132173.642528513  
 826.3780  132073.05615740942  
 826.4460  131888.97097944992  
 826.5150  131743.66608914483  
 826.5830  131681.86000569563  
 826.6510  131559.58091118533  
 826.7200  131510.01485602706  
 826.7880  131558.36902719614  
 826.8560  131651.68409436455  
 826.9250  131767.90376892884  
 826.9930  131935.0225710395  
 827.0610  132004.09995842393  
 827.1300  131931.38691907193  
 827.1980  131816.37912849686  
 827.2670  131656.53163032135  
 827.3350  131514.74120358494  
 827.4040  131340.47228593795  
 827.4720  131076.40276469127  
 827.5410  130805.18312790828  
 827.6090  130636.85244180837  
 827.6780  130464.8861037409  
 827.7460  130340.1832412522  
 827.8150  130376.41857252929  
 827.8830  130418.83451215128  
 827.9520  130481.85247958968  
 828.0200  130623.52171792719  
 828.0890  130812.45443184348  
 828.1570  130918.97903449416  
 828.2260  131029.13928911246  
 828.2940  131078.82653266966  
 828.3630  131012.17291326364  
 828.4320  130933.52164236456  
 828.5000  130875.35121088296  
 828.5690  130767.61472424309  
 828.6380  130592.01273420798  
 828.7060  130478.21682762208  
 828.7750  130383.68987646447  
 828.8440  130295.34353365179  
 828.9120  130263.83454993258  
 828.9810  130354.60466072368  
 829.0500  130365.51161662649  
 829.1190  130389.74929641047  
 829.1870  130285.6484617382  
 829.2560  129918.68998980841  
 829.3250  129537.18891000822  
 829.3940  129247.79101338722  
 829.4630  128934.15543698224  
 829.5310  128737.95141913075  
 829.6000  128776.73170678515  
 829.6690  128724.62069524954  
 829.7380  128762.18909891477  
 829.8070  128994.74963644224  
 829.8760  129272.02869317123  
 829.9440  129601.41876143582  
 830.0130  130033.6977803835  
 830.0820  130363.08784864807  
 830.1510  130466.0979877301  
 830.2200  130515.66404288837  
 830.2890  130536.26607070478  
 830.3580  130525.35911480198  
 830.4270  130369.1472685941  
 830.4960  130037.3334323511  
 830.5650  129428.24053937913  
 830.6340  128793.69808263396  
 830.7030  128298.40109624788  
 830.7720  127920.53566841528  
 830.8410  127514.91809723001  
 830.9100  127247.2129240157  
 830.9790  126995.38343105992  
 831.0480  126944.48430351353  
 831.1170  127203.5851004045  
 831.1860  127758.26440226138  
 831.2550  128448.55352250976  
 831.3240  129086.73163122253  
 831.3930  129566.27412574903  
 831.4630  129984.1317252252  
 831.5320  130330.48816933858  
 831.6010  130524.14723081278  
 831.6700  130831.8445756707  
 831.7390  130878.98686285056  
 831.8080  130669.57330951677  
 831.8780  130439.43653996769  
 831.9470  130343.8188932198  
 832.0160  130117.31777563831  
 832.0850  130038.5453163403  
 832.1540  130153.67429531431  
 832.2240  130323.21686540339  
 832.2930  130522.93534682358  
 832.3620  130772.46226019989  
 832.4320  130747.01269642667  
 832.5010  129979.28418926841  
 832.5700  128494.60511409937  
 832.6390  127107.96745365662  
 832.7090  125802.52602049027  
 832.7780  124598.76165401783  
 832.8470  123943.61716945624  
 832.9170  123896.35369387743  
 832.9860  123329.67674052747  
 833.0560  123093.48055103238  
 833.1250  123598.47260933205  
 833.1950  124276.64288968842  
 833.2640  124981.4746178072  
 833.3330  125842.51819213388  
 833.4030  126057.99116541365  
 833.4720  125544.51591918957  
 833.5420  125229.66845879538  
 833.6110  125154.6528398639  
 833.6810  125292.68642623379  
 833.7500  125523.91389137317  
 833.8200  125572.38925094117  
 833.8890  125651.16171023919  
 833.9590  125771.01703677108  
 834.0280  125887.23671133535  
 834.0980  125967.22105462257  
 834.1670  126157.36565252805  
 834.2370  126094.34768508965  
 834.3070  126012.06076222299  
 834.3760  125998.73003834176  
 834.4460  125967.22105462257  
 834.5160  125728.60109714906  
 834.5850  125545.72780317876  
 834.6550  125362.85450920847  
 834.7250  125167.98356374509  
 834.7940  125192.10005513018  
 834.8640  125473.13595222568  
 834.9340  125645.10229029319  
 835.0030  125999.94192233097  
 835.0730  126621.15365519492  
 835.1430  127312.65465943252  
 835.2130  128030.69592303358  
 835.2820  128830.05460230996  
 835.3520  129291.41883699843  
 835.4220  129453.69010315233  
 835.4920  129590.51180553301  
 835.5620  129721.27408796771  
 835.6310  129693.40075621611  
 835.7010  129482.77531889312  
 835.7710  129307.17332885803  
 835.8410  129190.83246589481  
 835.9110  129060.07018346014  
 835.9810  128928.09601703625  
 836.0510  128851.74732571663  
 836.1200  128706.44243541155  
 836.1900  128553.86624117126  
 836.2600  128431.58714666097  
 836.3300  128322.63877603186  
 836.4000  128029.48403904437  
 836.4700  127528.1276327123  
 836.5400  127157.65469721383  
 836.6100  126866.92372820471  
 836.6800  126642.96756700054  
 836.7500  126692.53362215881  
 836.8200  127002.65473499514  
 836.8900  127105.54368567822  
 836.9600  127363.43259858  
 837.0300  127766.74759018578  
 837.1000  128140.97736605076  
 837.1700  128406.13758288776  
 837.2400  128602.34160073925  
 837.3110  128539.32363330084  
 837.3810  128357.66222331974  
 837.4510  128157.94374189958  
 837.5210  127947.19711617767  
 837.5910  127708.57715870417  
 837.6610  127407.0604221912  
 837.7310  127092.212961797  
 837.8020  126806.45071714363  
 837.8720  126556.92380376733  
 837.9420  126336.60329453075  
 838.0120  126122.22101684126  
 838.0830  125933.28830292496  
 838.1530  125829.18746825268  
 838.2230  125817.06862836066  
 838.2930  125861.78714756217  
 838.3640  125953.89033074137  
 838.4340  126254.19518326514  
 838.5040  126449.18731712745  
 838.5740  125899.35555122736  
 838.6450  124716.19321257129  
 838.7150  123891.50615792062  
 838.7850  123180.73619825479  
 838.8560  122670.89660399829  
 838.9260  122767.72613473539  
 838.9970  123109.23504289197  
 839.0670  122733.79338303777  
 839.1370  123088.63301507557  
 839.2080  124094.98147970733  
 839.2780  125280.5675863418  
 839.3490  126555.71191977813  
 839.4190  128040.39099494717  
 839.4900  128670.20710413448  
 839.5600  128586.58710887966  
 839.6310  128329.91007996709  
 839.7010  127964.16349202649  
 839.7720  127668.70617545949  
 839.8420  127399.78911825598  
 839.9130  127265.3911838537  
 839.9830  127020.7118064342  
 840.0540  126881.46633607513  
 840.1240  126779.78926938122  
 840.1950  126822.20520900324  
 840.2660  126932.36546362152  
 840.3360  127151.59527726781  
 840.4070  127299.3239355513  
 840.4770  127407.0604221912  
 840.5480  127522.06821276629  
 840.6190  127648.10414764311  
 840.6890  127826.12990565659  
 840.7600  128063.41679074198  
 840.8310  128185.69588525227  
 840.9010  128191.75530519827  
 840.9720  128128.85852615877  
 841.0430  127932.65450830729  
 841.1140  127611.7476279671  
 841.1840  127316.29031140012  
 841.2550  126956.60314340552  
 841.3260  126618.72988721653  
 841.3970  126426.16152133264  
 841.4680  126346.29836644435  
 841.5380  126101.61898902485  
 841.6090  125800.10225251188  
 841.6800  125331.46671388818  
 841.7510  125083.15168450108  
 841.8220  124896.64273856318  
 841.8930  124790.11813591252  
 841.9630  124742.8546603337  
 842.0340  124787.69436793412  
 842.1050  124541.80310652542  
 842.1760  124334.81332117003  
 842.2470  124325.11824925644  
 842.3180  124254.82897788283  
 842.3890  124260.88839782884  
 842.4600  124249.98144192602  
 842.5310  123954.52412535905  
 842.6020  123444.68453110257  
 842.6730  123099.53997097837  
 842.7440  122858.61743392539  
 842.8150  122927.57363291088  
 842.8860  123237.57355734827  
 842.9570  123581.50623348325  
 843.0280  123918.16760568303  
 843.0990  124305.72810542923  
 843.1700  124575.73585822301  
 843.2410  124713.7694445929  
 843.3130  124536.95557056862  
 843.3840  123702.57344400435  
 843.4550  122542.43690114308  
 843.5260  121625.76785171214  
 843.5970  121112.29260548805  
 843.6680  120842.35756573362  
 843.7390  120717.14571196947  
 843.8110  120396.10552439047  
 843.8820  120297.16731551217  
 843.9530  120647.9956115457  
 844.0240  121262.44503174994  
 844.0960  122211.8349488893  
 844.1670  123443.47264711335  
 844.2380  124174.96582299453  
 844.3090  124708.9219086361  
 844.3810  125274.5081663958  
 844.4520  125453.74580839847  
 844.5230  125270.87251442818  
 844.5950  125372.54958112209  
 844.6660  125188.58559156151  
 844.7370  124796.1775558585  
 844.8090  124670.26280938061  
 844.8800  124809.50827973972  
 844.9510  124733.15958842011  
 845.0230  125051.64270078189  
 845.0940  125609.95765460636  
 845.1660  126168.27260843087  
 845.2370  126804.02694916523  
 845.3090  127505.22302531642  
 845.3800  127769.17135816418  
 845.4510  127797.04468991578  
 845.5230  127746.14556236939  
 845.5940  127593.5693681291  
 845.6660  127369.49201852598  
 845.7370  127059.49209408861  
 845.8090  126657.51017487093  
 845.8810  126277.22097905994  
 845.9520  126043.44855754323  
 846.0240  125938.13583888176  
 846.0950  125895.71989925977  
 846.1670  125898.14366723817  
 846.2380  125847.36572809066  
 846.3100  125894.50801527056  
 846.3820  125950.25467877375  
 846.4530  125919.95757904375  
 846.5250  125814.64486038226  
 846.5970  125635.40721837957  
 846.6680  124837.3816114913  
 846.7400  123615.43898518085  
 846.8120  122747.12410691899  
 846.8830  121991.51443965272  
 846.9550  121267.29256770674  
 847.0270  120944.68904978168  
 847.0990  121053.32233057357  
 847.1700  120705.52374451303  
 847.2420  120847.20510169043  
 847.3140  121498.64122124504  
 847.3860  122314.8450879713  
 847.4580  123046.21707545358  
 847.5290  123994.51629700264  
 847.6010  124460.72806764791  
 847.6730  124530.89615062259  
 847.7450  124564.82890232022  
 847.8170  124658.14396948862  
 847.8890  124551.49817843901  
 847.9610  124218.47245820682  
 848.0330  123720.75170384234  
 848.1040  123155.28663448158  
 848.1760  122636.96385230069  
 848.2480  122187.71845750422  
 848.3200  121843.78578136924  
 848.3920  121642.73422756094  
 848.4640  121528.93832097504  
 848.5360  121406.53803806583  
 848.6080  121396.84296615224  
 848.6800  121445.31832572023  
 848.7520  121528.93832097504  
 848.8240  121601.53017192813  
 848.8960  121614.86089580934  
 848.9690  121670.60755931254  
 849.0410  121915.16574833311  
 849.1130  122050.77556672461  
 849.1850  122178.02338559063  
 849.2570  122271.2172643601  
 849.3290  122313.6332039821  
 849.4010  122256.6746564897  
 849.4730  121894.56372051671  
 849.5450  120733.49402698378  
 849.6180  118075.10530827443  
 849.6900  114026.60082207335  
 849.7620  110085.03297907926  
 849.8340  106556.53579380405  
 849.9060  103402.36533511295  
 849.9790  101691.33056844112  
 850.0510  101274.39400079672  
 850.1230  101234.78963202966  
 850.1960  102925.2223708851  
 850.2680  105984.2114610644  
 850.3400  109672.08350975934  
 850.4120  113746.61926404845  
 850.4850  117568.05304719313  
 850.5570  119740.11272103646  
 850.6290  120798.52372184426  
 850.7020  121429.56383386064  
 850.7740  121916.37763232231  
 850.8470  122404.4033147732  
 850.9190  122795.59946648698  
 850.9910  122963.93015258688  
 851.0640  123019.67681609008  
 851.1360  122993.01536832767  
 851.2090  122550.9200890675  
 851.2810  121203.06271627914  
 851.3540  119571.05490454305  
 851.4260  118051.72806612277  
 851.4990  116623.35312109198  
 851.5710  115557.18606275329  
 851.6440  115277.20450472839  
 851.7160  115056.79916361257  
 851.7890  115167.35933994729  
 851.8610  115981.63631113073  
 851.9340  117163.69583535662  
 852.0060  118462.61733266106  
 852.0790  120047.09505434074  
 852.1520  121184.95716948049  
 852.2240  121599.10640394973  
 852.2970  121699.57158665442  
 852.3700  121715.32607851402  
 852.4420  121502.27687321264  
 852.5150  120877.47796374063  
 852.5880  119788.67291248371  
 852.6600  118353.14785191663  
 852.7330  116993.19587691606  
 852.8060  115820.45574056711  
 852.8780  114984.37697641796  
 852.9510  114212.73408397459  
 853.0240  113498.36482886081  
 853.0970  113108.65929445374  
 853.1690  112868.76685879158  
 853.2420  112633.70984024632  
 853.3150  112398.28925650431  
 853.3880  111844.85819515631  
 853.4610  110738.85651009262  
 853.5340  111384.92398357508  
 853.6060  111789.2690765717  
 853.6790  111859.02511899006  
 853.7520  111562.81643434976  
 853.8250  110710.99529718091  
 853.8980  108888.44296582288  
 853.9710  105780.40893060064  
 854.0440  101046.23260215  
 854.1170  95318.20233299628  
 854.1900  89720.34052312256  
 854.2630  84910.23966274856  
 854.3360  81584.22405438888  
 854.4090  79833.1122841942  
 854.4820  79496.70540763214  
 854.5550  81181.56348013727  
 854.6280  85094.43391026708  
 854.7010  90543.93688218294  
 854.7740  96765.22817262087  
 854.8470  103131.82435336393  
 854.9200  108457.44854390377  
 854.9930  112137.68572346673  
 855.0660  114506.15543543971  
 855.1390  115979.7094155879  
 855.2130  116872.33468667313  
 855.2860  117591.91504294047  
 855.3590  118458.14548074092  
 855.4320  119065.57809264767  
 855.5050  119380.43767188177  
 855.5780  119366.27074804802  
 855.6520  119307.54284993137  
 855.7250  119247.10619538996  
 855.7980  119135.57651186387  
 855.8710  119027.18560786983  
 855.9450  119093.18480992166  
 856.0180  119067.03235343473  
 856.0910  119287.8012597473  
 856.1640  119670.23549021919  
 856.2380  119964.02040688106  
 856.3110  120171.10714295557  
 856.3840  120406.5156078577  
 856.4580  120383.51404974268  
 856.5310  120244.85028369841  
 856.6040  120100.50278174478  
 856.6780  119969.35269643355  
 856.7510  119766.62874272016  
 856.8250  119515.10222076168  
 856.8980  119238.39274950762  
 856.9710  118940.00267368676  
 857.0450  118595.46405555718  
 857.1180  118534.43357786107  
 857.1920  118709.53869546058  
 857.2650  118901.85256570675  
 857.3390  119092.70005632598  
 857.4120  119295.78757523613  
 857.4860  119404.29966762911  
 857.5590  119592.23863667426  
 857.6330  119804.17290870557  
 857.7060  120054.48754667486  
 857.7800  120337.13524947599  
 857.8540  120685.78215432898  
 857.9270  120897.94668431823  
 858.0010  120772.35914651742  
 858.0740  120183.45624080552  
 858.1480  119705.11351142835  
 858.2220  119192.48658399671  
 858.2950  118705.30922033827  
 858.3690  118355.81399669287  
 858.4430  118303.37577648017  
 858.5160  118015.88053772223  
 858.5900  117945.51855330927  
 858.6640  118048.69835614978  
 858.7380  118385.48091674848  
 858.8110  118750.59732501468  
 858.8850  119377.89271550444  
 858.9590  119802.35508272177  
 859.0330  119966.44417485947  
 859.1070  120065.50357213667  
 859.1800  120211.79008847303  
 859.2540  120367.40811152621  
 859.3280  120531.73958046174  
 859.4020  120742.0862844672  
 859.4760  120715.81263958135  
 859.5500  120607.4217355873  
 859.6230  120308.06215257509  
 859.6970  120040.9144459958  
 859.7710  119716.12953689019  
 859.8450  119515.2234091606  
 859.9190  119289.74027413002  
 859.9930  119183.16719611977  
 860.0670  119156.04523244147  
 860.1410  119276.04598505207  
 860.2150  119289.0131437365  
 860.2890  119586.67608916383  
 860.3630  119924.05247291725  
 860.4370  120066.83664452481  
 860.5110  120152.09268316503  
 860.5850  120204.4097149788  
 860.6590  120093.9586082031  
 860.7330  120124.35265865225  
 860.8070  120275.0019573497  
 860.8820  120409.66650622962  
 860.9560  120413.66572339398  
 861.0300  119882.40002020844  
 861.1040  119610.76834286912  
 861.1780  119421.98105503155  
 861.2520  119174.45375023742  
 861.3260  119155.0757252501  
 861.4010  119459.51310217706  
 861.4750  118941.45693447381  
 861.5490  118948.23136597344  
 861.6230  119335.39194400319  
 861.6980  119657.52282717246  
 861.7720  120255.15129760662  
 861.8460  121399.26673413064  
 861.9200  121643.94611155013  
 861.9950  121546.99539241412  
 862.0690  121710.47854255722  
 862.1430  121801.36984174722  
 862.2180  121935.76777614951  
 862.2920  122400.76766280559  
 862.3660  122909.39537307288  
 862.4410  123049.85272742117  
 862.5150  123295.74398882987  
 862.5890  123487.10047072456  
 862.6640  123719.53981985313  
 862.7380  123978.76180514305  
 862.8130  124357.71792856592  
 862.8870  124458.30429966951  
 862.9620  124274.21912171002  
 863.0360  123952.10035738064  
 863.1110  123456.80337099456  
 863.1850  122974.83710848968  
 863.2600  122409.25085073  
 863.3340  121920.01328428992  
 863.4090  121548.20727640334  
 863.4830  121435.62325380664  
 863.5580  121285.47082754475  
 863.6320  121366.54586642224  
 863.7070  121474.40354146104  
 863.7820  121662.12437138814  
 863.8560  121929.70835620351  
 863.9310  122278.4885682953  
 864.0050  122445.607370406  
 864.0800  122497.7183819416  
 864.1550  122438.33606647079  
 864.2300  122336.65899977692  
 864.3040  122179.23526957982  
 864.3790  121903.04690844112  
 864.4540  121636.67480761492  
 864.5280  121329.09865115595  
 864.6030  120919.86966568287  
 864.6780  120218.09188521685  
 864.7530  119411.31647592658  
 864.8270  118670.06763393234  
 864.9020  117981.97202370441  
 864.9770  117348.73840166758  
 865.0520  116923.07626930095  
 865.1270  116397.73667882258  
 865.2020  116116.30086001066  
 865.2760  116732.82260183641  
 865.3510  117418.13087888918  
 865.4260  118118.09083337136  
 865.5010  118873.51871803925  
 865.5760  119285.13511497105  
 865.6510  119348.83173744343  
 865.7260  119062.18481747792  
 865.8010  118338.61736288611  
 865.8760  116937.60675833144  
 865.9510  114302.70435133281  
 866.0260  109718.58349842495  
 866.1010  103672.16706762857  
 866.1760  97494.00672836625  
 866.2510  91857.5221757567  
 866.3260  87562.33870355393  
 866.4010  85435.94281842366  
 866.4760  85329.49092881232  
 866.5510  86842.27359369092  
 866.6260  90764.34222329877  
 866.7010  96384.72083769184  
 866.7760  103007.3275111534  
 866.8520  110041.1991351899  
 866.9270  116332.7069839621  
 867.0020  120559.58867453356  
 867.0770  122451.666790352  
 867.1520  123478.61728280017  
 867.2270  123824.97372691355  
 867.3030  123349.06688435466  
 867.3780  122504.9896858768  
 867.4530  121846.20954934764  
 867.5280  121085.53420700651  
 867.6040  120552.08711264042  
 867.6790  120494.43779127416  
 867.7540  120315.57583330813  
 867.8300  119915.58140383274  
 867.9050  119875.85584666676  
 867.9800  120142.15523445359  
 868.0560  120407.00036145338  
 868.1310  120845.02371050986  
 868.2060  121241.84300393355  
 868.2820  121243.05488792274  
 868.3570  121070.76134117816  
 868.4320  121175.2620975669  
 868.5080  121358.18386689674  
 868.5830  121448.95397768784  
 868.6590  121005.47715067994  
 868.7340  119261.15193082478  
 868.8100  117454.58434928433  
 868.8850  115803.13791836145  
 868.9610  114289.50693469042  
 869.0360  113447.86562303084  
 869.1120  113682.9226415761  
 869.1870  113486.2459889688  
 869.2630  114384.56711480327  
 869.3380  115837.77356277278  
 869.4140  117514.64531978908  
 869.6800  119518.61668433035  
 869.7160  124340.87274111602  
 869.7920  123715.90416788554  
 869.8680  123242.42109330506  
 869.9430  122819.83714627099  
 870.0190  122433.488530514  
 870.0950  122243.3439326085  
 870.1710  122248.1914685653  
 870.2460  121932.13212418191  
 870.3220  122023.02342337192  
 870.3980  122248.1914685653  
 870.4740  122550.9200890675  
 870.5490  122993.01536832767  
 870.6250  123442.26076312416  
 870.7010  123444.68453110257  
 870.7770  123282.41326494867  
 870.8530  122865.76754946167  
 870.9280  122242.13204861931  
 871.0040  121727.44491840602  
 871.0800  121006.56784627023  
 871.1560  119893.53723406918  
 871.2320  119139.09097543255  
 871.3080  118592.44646442408  
 871.3840  118041.43917105446  
 871.4600  117969.01698385987  
 871.5360  118559.50745759762  
 871.6120  118745.99216585571  
 871.6880  119404.78442122479  
 871.7640  120193.62394747492  
 871.8400  120716.05501637919  
 871.9160  121285.47082754475  
 871.9920  122217.8943688353  
 872.0680  122604.24298459229  
 872.1440  122996.65102029529  
 872.2200  123494.37177465977  
 872.2960  124025.90409232292  
 872.3720  124576.94774221221  
 872.4480  124847.07668340491  
 872.5240  124880.8882467036  
 872.6000  124616.93991385581  
 872.6770  124002.99948492704  
 872.7530  123340.58369643027  
 872.8290  122764.09048276777  
 872.9050  122226.3775567597  
 872.9810  121818.33621759602  
 873.0570  121715.32607851402  
 873.1340  121583.35191209013  
 873.2100  121578.50437613334  
 873.2860  121700.78347064361  
 873.3620  121522.87890102905  
 873.4390  120788.11363837702  
 873.5150  120262.04691750515  
 873.5910  119572.50916533008  
 873.6680  118708.58130710913  
 873.7440  117997.95677352198  
 873.8200  117815.3379751894  
 873.8970  117304.90455777821  
 873.9730  117158.73922984078  
 874.0490  117144.9358712038  
 874.1260  116926.34835607177  
 874.2020  116951.89487056412  
 874.2790  117345.22393809889  
 874.3550  117282.01206922221  
 874.4320  116971.39408395035  
 874.5080  116848.71506772362  
 874.5850  116438.310554781  
 874.6610  116307.4028462676  
 874.7380  116266.22302831459  
 874.8140  116250.48065529487  
 874.8910  116135.19413140228  
 874.9670  115991.93732503893  
 875.0440  115141.44926025819  
 875.1200  114508.33682662027  
 875.1970  114044.28220947577  
 875.2730  113766.8456078282  
 875.3500  113729.30144184278  
 875.4270  114024.17705409495  
 875.5030  113946.43469618777  
 875.5800  113669.47072929596  
 875.6570  113775.68024210946  
 875.7330  114016.1907386061  
 875.8100  114371.85445175658  
 875.8870  114906.1498649151  
 875.9640  115661.69893798191  
 876.0400  115817.06246539736  
 876.1170  116439.5224387702  
 876.1940  117243.75289168317  
 876.2710  117981.12370491198  
 876.3470  118668.49218474637  
 876.4240  119503.96500690092  
 876.5010  119612.3437920551  
 876.5780  119539.57015850363  
 876.6550  119533.63192695654  
 876.7320  119456.7378878418  
 876.8080  119471.87431886692  
 876.8850  119584.13113278651  
 876.9620  119558.81487625213  
 877.0390  119542.58774963673  
 877.1160  119297.12064762425  
 877.1930  118881.98978712375  
 877.2700  118158.90708612763  
 877.3470  117625.82355695828  
 877.4240  117117.31703508993  
 877.5010  116894.13647963884  
 877.5780  116669.12597936406  
 877.6550  116911.69667864234  
 877.7320  116970.66695355682  
 877.8090  117398.51047710402  
 877.8860  117921.66867640182  
 877.9630  118541.8260701952  
 878.0400  118996.67036902177  
 878.1170  119478.89112716439  
 878.1940  119489.55570626934  
 878.2720  119359.96895130417  
 878.3490  119255.58938331436  
 878.4260  119120.56126923769  
 878.5030  119065.21452745092  
 878.5800  119088.95533479935  
 878.6570  119145.98659533111  
 878.7350  119111.35095091976  
 878.8120  119015.80601721123  
 878.8890  118407.16152131527  
 878.9660  118018.42549409955  
 879.0440  117657.06592619987  
 879.1210  117121.9221942489  
 879.1980  116105.7695881445  
 879.2760  115638.32169583024  
 879.3530  114843.4227496341  
 879.4300  114473.21642861326  
 879.5080  114381.54952367017  
 879.5850  114834.21243131618  
 879.6620  115034.27024025333  
 879.7400  115877.25674314093  
 879.8170  116519.6885646558  
 879.8940  117130.02969813663  
 879.9720  117706.23205964171  
 880.0490  118551.38783486998  
 880.1270  118874.48822523061  
 880.2040  118874.00347163493  
 880.2820  118563.85812111884  
 880.3590  118168.71122760026  
 880.4370  117150.61960711314  
 880.5140  114727.89384894366  
 880.5920  112445.03162196776  
 880.6690  110423.99693085854  
 880.7470  108490.75111592698  
 880.8240  107188.92109704846  
 880.9020  107378.69001091729  
 880.9800  107203.33039768004  
 881.0570  108267.67963003491  
 881.1350  110022.18467539934  
 881.2130  111914.49304917574  
 881.2900  113576.7131287626  
 881.3680  115599.92921105238  
 881.4460  116465.79608365605  
 881.5230  116578.06501641557  
 881.6010  116473.18857599018  
 881.6790  116456.84026097588  
 881.7560  116349.90361776885  
 881.8340  116305.10026668812  
 881.9120  116554.20302066821  
 881.9900  116775.5778689754  
 882.0680  117135.11961089127  
 882.1450  117424.55386403193  
 882.2230  117123.37645503593  
 882.3010  115786.18366135254  
 882.3790  114791.10571782033  
 882.4570  113788.87765875185  
 882.5350  112891.162474912  
 882.6130  112425.16884338477  
 882.6900  112635.4064778312  
 882.7680  112358.68488773725  
 882.8460  112899.40328603855  
 882.9240  113781.3760968587  
 883.0020  114752.47085624463  
 883.0800  115879.92288791717  
 883.1580  117099.75683608642  
 883.2360  117366.05622387325  
 883.3140  117307.32832575662  
 883.3920  117257.798627118  
 883.4700  117186.34594711477  
 883.5480  117143.7239872146  
 883.6260  116913.86595098302  
 883.7040  116023.17969428051  
 883.7830  115348.65718473162  
 883.8610  114733.94115004978  
 883.9390  114112.70517950601  
 884.0170  113745.04381486248  
 884.0950  113899.93470752214  
 884.1730  113587.72915422442  
 884.2510  113908.0422114099  
 884.3300  114434.21800184081  
 884.4080  114951.68034638936  
 884.4860  115415.26232877806  
 884.5640  115978.25515480086  
 884.6430  116006.58900246836  
 884.7210  115892.51436256495  
 884.7990  115760.87952365805  
 884.8770  115782.66919778386  
 884.9560  115830.39318927855  
 885.0340  115845.40843190475  
 885.1120  115990.96781784757  
 885.1910  116144.88920331588  
 885.2690  116315.63153855427  
 885.3470  116544.39887919558  
 885.4260  116675.67015290573  
 885.5040  116610.64045804525  
 885.5830  116506.24877121556  
 885.6610  116343.492751466  
 885.7400  116115.69491801606  
 885.8180  115666.04960150312  
 885.8960  114647.48534626023  
 885.9750  113676.984410029  
 886.0540  112513.93934559368  
 886.1320  111070.54915793668  
 886.2110  109807.5963774317  
 886.2890  109094.18451066938  
 886.3680  108174.43727590586  
 886.4460  107827.85057383453  
 886.5250  107390.55435517155  
 886.6030  107239.05673768166  
 886.6820  107379.53832970974  
 886.7610  108040.37866902055  
 886.8390  108534.94852501311  
 886.9180  109507.7520408238  
 886.9970  110122.45595666577  
 887.0750  111110.86853825737  
 887.1540  111905.88867285242  
 887.2330  112749.60230613353  
 887.3110  113620.30459585413  
 887.3900  114594.31999565403  
 887.4690  114745.69642474501  
 887.5480  114776.69641718875  
 887.6260  114580.15307182028  
 887.7050  114165.38577651654  
 887.7840  113869.16497303637  
 887.8630  113827.51252032755  
 887.9420  113688.48518908652  
 888.0210  113745.40738005925  
 888.0990  114021.87447451547  
 888.1780  114088.84318375867  
 888.2570  114240.34080124856  
 888.3360  114538.36731187266  
 888.4150  114655.35047335015  
 888.4940  114721.10729860414  
 888.5730  114875.51343766812  
 888.6520  114927.10333908838  
 888.7310  114952.16509998504  
 888.8100  115029.67719993427  
 888.8890  115007.5118417718  
 888.9680  115005.0880737934  
 889.0470  114926.61858549269  
 889.1260  114585.1096773361  
 889.2050  114271.09841689447  
 889.2840  114059.41864050088  
 889.3630  113814.07272688733  
 889.4420  113701.0887825742  
 889.5210  113864.08717912162  
 889.6010  113847.61767570839  
 889.6800  114066.0840024415  
 889.7590  114290.35525348286  
 889.8380  114479.03347176142  
 889.9170  114638.88096993692  
 889.9960  114901.66589415506  
 890.0760  114897.55760743168  
 890.1550  114938.48292974696  
 890.2340  114877.33126365193  
 890.3130  114910.3914588773  
 890.3930  114984.74054161472  
 890.4720  115084.04231568979  
 890.5510  115147.14511500744  
 890.6310  115249.4644802156  
 890.7100  115217.73735737834  
 890.7890  115079.44927537073  
 890.8690  114978.81442890754  
 890.9480  114822.226898663  
 891.0270  114325.23327469203  
 891.1070  113907.55745781423  
 891.1860  113593.0614437769  
 891.2660  113225.15770233553  
 891.3450  113022.1913718243  
 891.4240  113154.9169063215  
 891.5040  113091.46266064698  
 891.5830  113300.36722270529  
 891.6630  113643.31827280903  
 891.7420  113814.67866888193  
 891.8220  113652.1529070903  
 891.9020  113721.18181911514  
 891.9810  113524.153720151  
 892.0610  113196.82385466804  
 892.1400  112815.72269658429  
 892.2200  112481.4850923629  
 892.2990  111859.26749578789  
 892.3790  111481.80198967175  
 892.4590  111236.69845285601  
 892.5380  110939.7626378222  
 892.6180  110655.05473223943  
 892.6980  110479.93749580001  
 892.7770  109983.91337902042  
 892.8570  109620.73598513693  
 892.9370  109536.0858884913  
 893.0170  109641.6894593102  
 893.0960  109911.00643823014  
 893.1760  110460.5594708127  
 893.2560  110752.41749193177  
 893.3360  111279.07803595834  
 893.4160  111956.87263227807  
 893.4950  112586.11915599044  
 893.5750  113066.76446494709  
 893.6550  113553.69945180768  
 893.7350  113711.01411244574  
 893.8150  113852.57428122421  
 893.8950  113943.28379781583  
 893.9750  113925.96597561018  
 894.0550  113779.55827087491  
 894.1340  113154.67452952366  
 894.2140  112677.30130733784  
 894.2940  112141.55163339227  
 894.3740  111126.73209967601  
 894.4540  110162.04820659294  
 894.5340  109642.05302450697  
 894.6140  108785.50553978024  
 894.6940  108452.72219634589  
 894.7740  108505.28160495749  
 894.8550  108404.88913529215  
 894.9350  108742.27763788546  
 895.0150  109536.81301888483  
 895.0950  110055.97200101825  
 895.1750  110731.34282935958  
 895.2550  111565.48257912601  
 895.3350  112123.0219271974  
 895.4150  112561.89359504633  
 895.4960  112881.35833343936  
 895.5760  113153.82621073123  
 895.6560  113489.03332214397  
 895.7360  113704.22756210623  
 895.8170  113734.39135459742  
 895.8970  113727.12005066223  
 895.9770  113693.817478639  
 896.0570  113667.78621055098  
 896.1380  113648.52937396259  
 896.2180  113634.48363852776  
 896.2980  113562.7885817267  
 896.3790  113455.73075012075  
 896.4590  113142.32543167371  
 896.5390  112572.5460553114  
 896.6200  111883.37186833308  
 896.7000  111253.28914466818  
 896.7810  110685.6911594864  
 896.8610  110307.49852297673  
 896.9410  110147.03296396675  
 897.0220  110140.50090926496  
 897.1020  110335.71118224532  
 897.1830  110790.67666947082  
 897.2630  111336.12141533  
 897.3440  111720.25228338674  
 897.4240  111967.05245778734  
 897.5050  111970.68810975495  
 897.5860  111703.54040317568  
 897.6660  111296.63823496185  
 897.7470  111015.20241614991  
 897.8270  110794.67588663517  
 897.9080  110714.50976074958  
 897.9890  110821.08283875984  
 898.0690  111117.89746539474  
 898.1500  111509.2875185468  
 898.2300  111926.23620503109  
 898.3110  112126.0516371704  
 898.3920  112205.24825586463  
 898.4730  112167.47383192126  
 898.5530  112079.18808330804  
 898.6340  112017.4304752184  
 898.7150  111997.20413143864  
 898.7960  111811.31324633525  
 898.8760  111804.90238003238  
 898.9570  111769.29722842967  
 899.0380  111698.08692522428  
 899.1190  111726.78433808853  
 899.2000  111834.32692329015  
 899.2810  111679.79959582725  
 899.3610  111597.20970196326  
 899.4420  111508.19682295652  
 899.5230  111366.75784257698  
 899.6040  111311.53228918913  
 899.6850  111177.11011710705  
 899.7660  110161.68464139618  
 899.8470  109278.37875818792  
 899.9280  108578.53999210463  
 900.0090  107789.45808905666  
 900.0900  107239.42030287842  
 900.1710  107507.17395145228  
 900.2520  107360.40268152027  
 900.3330  107714.97569908043  
 900.4140  108470.52477214723  
 900.4950  109100.60749581215  
 900.5760  109738.68865380577  
 900.6570  110334.37810985719  
 900.7390  110173.07635089467  
 900.8200  109290.4975980799  
 900.9010  108311.52559276417  
 900.9820  107267.75415054591  
 901.0630  106080.37445560744  
 901.1440  104860.04363500261  
 901.2260  103912.79875252415  
 901.3070  102947.38772904756  
 901.3880  102197.53451073001  
 901.4690  102089.62836033163  
 901.5510  101710.10265143383  
 901.6320  101938.74880367622  
 901.7130  102412.48637389443  
 901.7950  102866.49447276846  
 901.8760  103465.57720398964  
 901.9570  104540.82127340742  
 902.0390  104882.81493515968  
 902.1200  105604.20099857094  
 902.2010  106340.49323504936  
 902.2830  106559.92906897381  
 902.3640  106974.69636427755  
 902.4460  107623.06641733949  
 902.5270  107782.67153871714  
 902.6090  108115.5760705504  
 902.6900  108776.18615190328  
 902.7720  109095.03282946182  
 902.8530  109558.85718864838  
 902.9350  109958.488052927  
 903.0160  110128.13969257512  
 903.0980  110219.2127743635  
 903.1790  110431.86205794846  
 903.2610  110485.51216215033  
 903.3420  110594.37570090017  
 903.4240  110545.45194425617  
 903.5060  110639.91830121432  
 903.5870  110732.43352494985  
 903.6690  110783.05391917874  
 903.7510  110883.93114243976  
 903.8320  111080.47448780823  
 903.9140  111097.06517962037  
 903.9960  111113.29230623577  
 904.0770  111189.10776860012  
 904.1590  111258.48812698183  
 904.2410  111346.53149879722  
 904.3230  111464.84773266283  
 904.4040  111534.1190214855  
 904.4860  111544.89267014951  
 904.5680  111556.9993912016  
 904.6500  111547.43762652682  
 904.7320  111497.54436269145  
 904.8140  111438.81646457482  
 904.8960  111366.2730889813  
 904.9770  111150.23053022659  
 905.0590  111002.12618790646  
 905.1410  110867.82520422329  
 905.2230  110749.87253555446  
 905.3050  110668.85809087643  
 905.3870  110725.16222101465  
 905.4690  110697.43431534176  
 905.5510  110814.29628842032  
 905.6330  110906.33887740006  
 905.7150  110949.56677929484  
 905.7970  110994.12775357773  
 905.8790  110947.50657651319  
 905.9610  110206.62129971573  
 906.0430  109132.45580704832  
 906.1250  107990.12183998841  
 906.2080  106978.33201624516  
 906.2900  106199.52688942559  
 906.3720  105936.9843420053  
 906.4540  105820.6071225224  
 906.5360  106091.39048106926  
 906.6180  106677.76054924373  
 906.7010  107551.12898374058  
 906.7830  108519.44852879122  
 906.8650  109548.67736313908  
 906.9470  110338.98326901614  
 907.0290  110690.29631864537  
 907.1120  110642.45113875174  
 907.1940  110363.68146471605  
 907.2760  110233.0161330005  
 907.3590  109995.41415807793  
 907.4410  109879.64288058964  
 907.5230  109803.83953706517  
 907.6060  109743.28169412485  
 907.6880  109073.72790893169  
 907.7710  108406.10101928136  
 907.8530  107608.89949350574  
 907.9350  106939.09121267484  
 908.0180  106462.44512088256  
 908.1000  106509.55105154277  
 908.1830  106455.17381694735  
 908.2650  106673.03420168585  
 908.3480  107120.61931541713  
 908.4300  107796.95965094982  
 908.5130  108451.75268915451  
 908.5950  109062.94214142779  
 908.6780  108281.48298867191  
 908.7600  106948.65297734963  
 908.8430  105657.48753757607  
 908.9260  104410.76188368647  
 909.0080  103333.94236508272  
 909.0910  103365.66948791998  
 909.1740  103207.14294329271  
 909.2560  103374.98887579692  
 909.3390  103639.10687240321  
 909.4220  104239.76505281033  
 909.5040  104981.2683904423  
 909.5870  106089.33027828764  
 909.6700  106420.05341894034  
 909.7530  106436.28054555572  
 909.8350  106024.42177182608  
 909.9180  106048.04139077557  
 910.0010  106292.90255079347  
 910.0840  106683.08071995631  
 910.1670  107113.95395347654  
 910.2490  107773.10977404236  
 910.3320  108071.37866146429  
 910.4150  107981.75984046294  
 910.4980  108009.98461857141  
 910.5810  108269.25507922088  
 910.6640  108250.48299622817  
 910.7470  108160.51272886996  
 910.8300  108291.29924898442  
 910.9130  108138.71093590424  
 910.9960  107529.21812121583  
 911.0790  107058.2557653329  
 911.1620  106589.71717742835  
 911.2450  106188.75324076161  
 911.3280  106030.84475696883  
 911.4110  106208.37364254675  
 911.4940  106056.99721345576  
 911.5770  105721.79010204303  
 911.6600  105735.59346068001  
 911.7430  105220.1913189131  
 911.8260  104998.82858944581  
 911.9100  105191.49390604884  
 911.9930  105387.79487461947  
 912.0760  105037.45133218162  
 912.1590  105536.62634733315  
 912.2420  105749.40893815689  
 912.3260  106468.1288567919  
 912.4090  107352.76781238831  
 912.4920  108266.58893444463  
 912.5750  108799.06652161937  
 912.6590  109409.65003189805  
 912.7420  109516.707863504  
 912.8250  109447.19419788348  
 912.9090  109386.52728538412  
 912.9920  109339.05778952716  
 913.0750  109304.30095671689  
 913.1590  109246.4092585528  
 913.2420  109228.12192915578  
 913.3250  109227.03123356549  
 913.4090  109263.48470396062  
 913.4920  109214.31857051878  
 913.5760  109162.4862923007  
 913.6590  109121.56096998541  
 913.7430  109076.39405370793  
 913.8260  108935.18533128634  
 913.9100  108767.94534077671  
 913.9930  108568.61466223309  
 914.0770  108393.99429822924  
 914.1600  108206.28558714205  
 914.2440  108053.69727406185  
 914.3280  107940.10738775413  
 914.4110  107756.3978938313  
 914.4950  107483.55433250278  
 914.5780  107088.89219257986  
 914.6620  106587.5357862478  
 914.7460  106095.99564022823  
 914.8290  105738.01722865841  
 914.9130  105490.97467745998  
 914.9970  105507.44418087321  
 915.0810  105791.78852125922  
 915.1640  106282.8439136831  
 915.2480  106849.4723916735  
 915.3320  107383.40423963527  
 915.4160  107730.71807210014  
 915.4990  107903.653917359  
 915.5830  107918.7903483841  
 915.6670  107834.62500533415  
 915.7510  107730.71807210014  
 915.8350  107725.15552458972  
 915.9190  107777.35136800456  
 916.0030  107872.41154811741  
 916.0860  107961.90918071984  
 916.1700  108032.01666949506  
 916.2540  107837.16996171146  
 916.3380  107572.08245791384  
 916.4220  107276.23733847031  
 916.5060  106984.62169414909  
 916.5900  106672.30707129234  
 916.6740  106540.30866718866  
 916.7580  106440.40095111901  
 916.8420  106478.9146242958  
 916.9260  106530.26214891819  
 917.0110  106547.2164059271  
 917.0950  106519.71875821216  
 917.1790  106234.5260990337  
 917.2630  105754.00197847596  
 917.3470  105328.94578810393  
 917.4310  104993.01154629765  
 917.5150  104742.45453153053  
 917.6000  104823.22659941073  
 917.6840  104964.31413343339  
 917.7680  105274.44736510959  
 917.8520  105657.97229117174  
 917.9370  106034.34710169763  
 918.0210  106339.28135106016  
 918.1050  106616.11201071313  
 918.1890  106638.8833108702  
 918.2740  106639.24687606696  
 918.3580  106705.8520201134  
 918.4420  106796.68272510394  
 918.5270  106882.16902170212  
 918.6110  107041.78626191967  
 918.6950  107107.7854639715  
 918.7800  107101.96842082334  
 918.8640  107078.72448591048  
 918.9490  107078.36092071372  
 919.0330  107005.69635672128  
 919.1180  106905.0615102581  
 919.2020  106782.26130563246  
 919.2870  106728.98688546722  
 919.3710  106691.44271948181  
 919.4560  106698.09596258252  
 919.5400  106709.487672081  
 919.6250  106761.80470389477  
 919.7090  106746.78946126858  
 919.7940  106563.80709773925  
 919.8790  106305.25164864342  
 919.9630  106096.9651474196  
 920.0480  105829.0903104468  
 920.1330  105453.91526507025  
 920.2170  105189.19132646936  
 920.3020  105010.32936850333  
 920.3870  104961.890365455  
 920.4710  104988.04282194194  
 920.5560  105073.29886058216  
 920.6410  105126.58539958729  
 920.7260  105215.71946699296  
 920.8100  104919.86222870953  
 920.8950  104500.74426988457  
 920.9800  104054.60129810046  
 921.0650  103488.33638530681  
 921.1500  102587.361233536  
 921.2340  101916.09869191806  
 921.3190  101349.71259072551  
 921.4040  101144.92843423047  
 921.4890  101225.33693691391  
 921.5740  101441.3794956686  
 921.6590  101650.88999972152  
 921.7440  102119.42858762605  
 921.8290  102380.15330906256  
 921.9140  102599.83151978486  
 921.9990  102939.7528599156  
 922.0840  103343.14056456074  
 922.1690  103687.78825224936  
 922.2540  103978.9191429749  
 922.3390  104034.87182675627  
 922.4240  104027.47933442214  
 922.5090  103842.43676811119  
 922.5940  103102.27862170723  
 922.6800  101873.82817837477  
 922.7650  100472.82969265999  
 922.8500  99084.04699755635  
 922.9350  97843.38076361276  
 923.0200  96894.07567835264  
 923.1050  96438.37094189372  
 923.1910  96617.35408825868  
 923.2760  97305.93445208229  
 923.3610  98333.1030836485  
 923.4460  99605.26618247143  
 923.5320  100884.9308431875  
 923.6170  101736.63079195742  
 923.7020  102202.50323508572  
 923.7880  102364.04737084609  
 923.8730  102356.7760669109  
 923.9580  102311.6091506334  
 924.0440  102376.7600338928  
 924.1290  102558.16694823616  
 924.2140  102945.93346826053  
 924.3000  103322.79303238208  
 924.3850  103665.87738972463  
 924.4710  103778.86133403775  
 924.5560  103682.58926993569  
 924.6420  103433.72889275345  
 924.7270  103110.87087919065  
 924.8130  102862.25287880626  
 924.8980  102911.05544705135  
 924.9840  103132.06673016177  
 925.0690  103481.56195380718  
 925.1550  103847.04192727015  
 925.2410  104146.52269868128  
 925.3260  104336.76424730591  
 925.4120  103853.81635876976  
 925.4970  102983.35644584702  
 925.5830  102139.17017781013  
 925.6690  101099.2767643573  
 925.7550  99893.48855162288  
 925.8400  99169.54541299443  
 925.9260  98824.41297171013  
 926.0120  99021.31988227535  
 926.0970  99404.7236199386  
 926.1830  99951.00456575032  
 926.2690  100814.69004717346  
 926.3550  101754.79693295553  
 926.4410  102186.27610847034  
 926.5260  102668.25448981511  
 926.6120  103241.77858770404  
 926.6980  103687.18231025476  
 926.7840  103942.34448418084  
 926.8700  104193.38625254364  
 926.9560  104435.94483298204  
 927.0420  104726.95453530867  
 927.1280  104865.9818665497  
 927.2140  104910.42165243367  
 927.3000  104968.05885496002  
 927.3860  105093.28282756406  
 927.4720  105167.0380871468  
 927.5580  105262.70420925424  
 927.6440  105352.79566501138  
 927.7300  105390.21864259787  
 927.8160  105315.99074825937  
 927.9020  105201.66161271824  
 927.9880  105040.96579575031  
 928.0740  104908.24026125312  
 928.1600  104810.75631316184  
 928.2470  104806.39353080073  
 928.3330  104889.22580146255  
 928.4190  104993.73867669117  
 928.5050  105030.07095868739  
 928.5910  105048.47947648335  
 928.6780  104980.6624484477  
 928.7640  104689.77393452  
 928.8500  104192.90149894796  
 928.9360  103688.87894783964  
 929.0230  103242.38452969864  
 929.1090  102911.29782384918  
 929.1950  102758.1035687744  
 929.2820  102726.13406913931  
 929.3680  102870.49368993282  
 929.4540  103087.0210022832  
 929.5410  103204.00416376068  
 929.6270  103272.29382655211  
 929.7140  103397.63898755508  
 929.8000  103398.12374115076  
 929.8870  103403.92866545903  
 929.9730  103437.0009795243  
 930.0600  103589.94073896135  
 930.1460  103865.45044506609  
 930.2330  104185.76350225158  
 930.3190  104348.39833360224  
 930.4060  104534.41040710456  
 930.4920  104601.13673954991  
 930.5790  104579.9408885788  
 930.6650  104482.33575208862  
 930.7520  104399.86704662355  
 930.8390  104284.33814593311  
 930.9250  104207.79555317524  
 931.0120  104056.29793568533  
 931.0990  103979.5250849695  
 931.1850  103994.90389279246  
 931.2720  103998.66073315896  
 931.3590  103973.58685342243  
 931.4460  104063.56923962053  
 931.5320  104112.37180786561  
 931.6190  103933.14628470282  
 931.7060  103658.48489739052  
 931.7930  103413.5025489737  
 931.8800  103200.61088859092  
 931.9660  102982.62931545351  
 932.0530  102834.52497313335  
 932.1400  102906.08672269562  
 932.2270  103151.44475514909  
 932.3140  103324.24729316912  
 932.4010  103501.42473239017  
 932.4880  103726.42311382506  
 932.5750  103788.30191031362  
 932.6620  103688.6365710418  
 932.7490  103611.01540153354  
 932.8360  103625.54589056404  
 932.9230  103746.16470400913  
 933.0100  103935.57005268121  
 933.0970  104130.53794886373  
 933.1840  104247.03635674554  
 933.2710  104191.44723816092  
 933.3580  104049.5235041857  
 933.4450  103877.5571661182  
 933.5320  103650.13501670491  
 933.6200  103439.17025186497  
 933.7070  103331.15503190756  
 933.7940  103390.12530682204  
 933.8810  103528.91026126524  
 933.9680  103722.90865025637  
 934.0560  103982.79717174034  
 934.1430  104172.06921317361  
 934.2300  104182.8549806775  
 934.3170  104069.61654072664  
 934.4050  103821.96804753359  
 934.4920  103548.40947465146  
 934.5790  103334.54830707732  
 934.6670  103161.00651982387  
 934.7540  103033.37089808131  
 934.8420  102760.76971355065  
 934.9290  102482.72716990847  
 935.0160  102326.98795845636  
 935.1040  102153.82185523956  
 935.1910  101959.32659381283  
 935.2790  101915.85631512023  
 935.3660  101997.71907859069  
 935.4540  102156.47588117591  
 935.5410  102297.80579199642  
 935.6290  102422.6540805638  
 935.7160  102487.33232906743  
 935.8040  102297.32103840074  
 935.8910  101919.97672068351  
 935.9790  101584.64842087183  
 936.0670  101203.0625091924  
 936.1540  100924.05045835886  
 936.2420  100898.12825982987  
 936.3300  101038.73104025687  
 936.4170  101299.21338489554  
 936.5050  101682.98068775554  
 936.5930  102178.03529734377  
 936.6800  102672.36277653849  
 936.7680  102988.79780495852  
 936.8560  103149.99049436203  
 936.9440  103288.88451836427  
 937.0310  103315.77622408462  
 937.1190  103022.82750737527  
 937.2070  102690.5289175366  
 937.2950  102414.06182308038  
 937.3830  102140.1275661616  
 937.4710  101952.18859711644  
 937.5590  101937.90048488376  
 937.6460  102072.92859896044  
 937.7340  102365.2592548353  
 937.8220  102629.61962823941  
 937.9100  102805.69425303029  
 937.9980  102975.23682311938  
 938.0860  103034.21921687375  
 938.1740  102854.38775171635  
 938.2620  102625.49922267612  
 938.3500  102451.24242386904  
 938.4380  102403.65173961315  
 938.5260  102398.19826166176  
 938.6150  102325.53369766932  
 938.7030  102290.65567646014  
 938.7910  102282.30579577455  
 938.8790  102139.521624167  
 938.9670  101948.43175674992  
 939.0550  101802.87237080709  
 939.1430  101656.34347767291  
 939.2320  101511.25672648588  
 939.3200  101383.13635114765  
 939.4080  101321.49993145693  
 939.4960  101360.48623938949  
 939.5850  101414.86347398491  
 939.6730  101518.52803042108  
 939.7610  101744.49591904733  
 939.8500  101952.43097391428  
 939.9380  101954.97593029159  
 940.0260  101872.62841322545  
 940.1150  101765.20701642276  
 940.2030  101566.36109147481  
 940.2910  101165.03358961131  
 940.3800  100471.37543187295  
 940.4680  99766.2043762372  
 940.5570  99187.71155399253  
 940.6450  98608.12803615758  
 940.7340  98149.15121292783  
 940.8220  98023.454605568  
 940.9110  98175.5581650525  
 940.9990  98516.93376597029  
 941.0880  98855.17058735601  
 941.1760  98659.96031437568  
 941.2650  97925.60709227998  
 941.3540  96722.10934028515  
 941.4420  95202.78250186487  
 941.5310  93774.528745233  
 941.6200  92816.14664889377  
 941.7080  92781.63219288136  
 941.7970  93778.77033919518  
 941.8860  95216.8403561396  
 941.9740  96744.63826364437  
 942.0630  98376.22191598425  
 942.1520  99819.85448043908  
 942.2410  100581.32966621307  
 942.3290  100797.85697856346  
 942.4180  100831.28073898559  
 942.5070  100998.88429469198  
 942.5960  101243.26070111417  
 942.6850  101449.49911839624  
 942.7740  101613.10345693826  
 942.8620  101755.7664401469  
 942.9510  101742.31452786678  
 943.0400  101415.34822758059  
 943.1290  100889.17243714968  
 943.2180  100380.05997328673  
 943.3070  99925.5792396569  
 943.3960  99570.75172645901  
 943.4850  99321.77016087786  
 943.5740  99123.16661272773  
 943.6630  98867.15612000921  
 943.7520  98563.19137783805  
 943.8410  98248.81655219966  
 943.9300  98004.68252257528  
 944.0200  97894.970665033  
 944.1090  98018.00112761659  
 944.1980  98292.78370332783  
 944.2870  98671.33990503426  
 944.3760  99097.24441419875  
 944.4650  99456.31352135884  
 944.5550  99541.56955999907  
 944.6440  99395.27092482283  
 944.7330  99158.40819913367  
 944.8220  99039.72840007131  
 944.9120  99060.56068584564  
 945.0010  99225.61928517472  
 945.0900  99575.4780740169  
 945.1800  99961.77821441431  
 945.2690  100095.83682129963  
 945.3580  100103.95644402727  
 945.4480  100104.44119762295  
 945.5370  100027.17147447156  
 945.6270  99920.48932690226  
 945.7160  99884.03585650712  
 945.8050  99962.86891000459  
 945.8950  100244.30472881654  
 945.9840  100576.96688385196  
 946.0740  100731.61539971377  
 946.1630  100671.91799440578  
 946.2530  100479.72531255854  
 946.3420  100177.94196156794  
 946.4320  99796.23486148957  
 946.5220  99448.67865222688  
 946.6110  99364.87687437369  
 946.7010  99554.64578824253  
 946.7900  99792.61132836186  
 946.8800  100035.53347399703  
 946.9700  100358.27029916091  
 947.0590  100683.05520826654  
 947.1490  100797.73579016454  
 947.2390  100687.29680222874  
 947.3280  100572.61622033072  
 947.4180  100539.07127150966  
 947.5080  100473.92038825026  
 947.5980  100376.18194452127  
 947.6880  100341.55841894985  
 947.7770  100370.74058540977  
 947.8670  100404.40672262976  
 947.9570  100394.71165071616  
 948.0470  100397.01423029564  
 948.1370  100494.74055518473  
 948.2270  100589.93404253639  
 948.3170  100581.57204301092  
 948.4070  100518.23898573533  
 948.4970  100474.64751864379  
 948.5870  100421.84573323434  
 948.6770  100283.4243439879  
 948.7670  100132.41148009368  
 948.8570  100096.32157489531  
 948.9470  100158.81843221835  
 949.0370  100257.63545269774  
 949.1270  100401.98295465136  
 949.2170  100577.69401424547  
 949.3070  100675.90509273025  
 949.3970  100620.69165818229  
 949.4870  100475.96847219202  
 949.5770  100295.65225343894  
 949.6680  100094.62493731044  
 949.7580  99970.62496753546  
 949.8480  99972.80635871603  
 949.9380  100041.22932874627  
 950.0290  100083.97247704536  
 950.1190  100109.28873357974  
 950.2090  100091.84972297515  
 950.2990  99866.11209230685  
 950.3900  99485.37449941985  
 950.4800  99152.83353278336  
 950.5700  98894.65376772417  
 950.6610  98686.47633605938  
 950.7510  98611.40012292842  
 950.8410  98674.36961500726  
 950.9320  98807.45871470122  
 951.0220  98938.36642321461  
 951.1130  99001.94185728804  
 951.2030  99055.22839629317  
 951.2940  99096.51728380522  
 951.3840  99128.72916023816  
 951.4750  99196.78856507163  
 951.5650  99287.49808166326  
 951.6560  99385.58797174912  
 951.7460  99500.1473652482  
 951.8370  99479.67864467062  
 951.9280  99306.39135305489  
 952.0180  99177.78622412098  
 952.1090  99085.13769314664  
 952.2000  99015.01808553153  
 952.2900  99054.50126589966  
 952.3810  99228.27331111106  
 952.4720  99399.99727238072  
 952.5620  99476.90343033535  
 952.6530  99465.39053243794  
 952.7440  99295.72677394994  
 952.8350  98938.72998841137  
 952.9250  98533.76683458027  
 953.0160  98249.42249419425  
 953.1070  98090.18093801335  
 953.1980  98062.0894671437  
 953.2890  98127.72510399878  
 953.3800  98213.22351943684  
 953.4710  98211.7692586498  
 953.5620  98078.55897055693  
 953.6530  97931.04845139149  
 953.7430  97753.6407542125  
 953.8340  97568.59818790152  
 953.9250  97475.11345697462  
 954.0160  97456.09899718408  
 954.1070  97414.32535607636  
 954.1980  97234.84533727582  
 954.2900  96738.21527850161  
 954.3810  95737.32029182125  
 954.4720  94284.85309308516  
 954.5630  92674.81673807326  
 954.6540  91163.4883339817  
 954.7450  89986.15515731371  
 954.8360  89389.01144047524  
 954.9270  89504.05558757001  
 955.0190  90242.89278042574  
 955.1100  91361.84950533397  
 955.2010  92652.05755675607  
 955.2920  93974.828930968  
 955.3840  95098.0393686783  
 955.4750  95828.39337360965  
 955.5660  96318.96401243785  
 955.6570  96737.73052490593  
 955.7490  97096.92082046496  
 955.8400  97391.43286752037  
 955.9320  97589.18809687803  
 956.0230  97756.54927578657  
 956.1140  97892.30452025676  
 956.2060  97919.91123753073  
 956.2970  97887.45698429996  
 956.3890  97917.2450927545  
 956.4800  97998.13834903362  
 956.5720  98066.19775386709  
 956.6630  98118.63597407978  
 956.7550  98055.66648200095  
 956.8460  97836.59421327323  
 956.9380  97495.58217755222  
 957.0290  97049.31801736917  
 957.1210  96572.55073717797  
 957.2130  96126.2986958348  
 957.3040  95828.7569388064  
 957.3960  95791.45514961882  
 957.4880  95935.43908637569  
 957.5790  96216.88702402751  
 957.6710  96614.09412032775  
 957.7630  97062.52755285145  
 957.8540  97446.6584209082  
 957.9460  97750.61104423949  
 958.0380  97987.97064236422  
 958.1300  98213.93853099046  
 958.2220  98387.23794144609  
 958.3130  98454.69140428497  
 958.4050  98435.55575609549  
 958.4970  98378.64568396265  
 958.5890  98325.72271015428  
 958.6810  98234.6496283659  
 958.7730  98132.56052111568  
 958.8650  98042.46906535854  
 958.9570  97996.09026509186  
 959.0490  97997.16884184224  
 959.1410  98032.28923984927  
 959.2330  98082.18250368464  
 959.3250  98164.6512091497  
 959.4170  98200.61992594917  
 959.5090  98147.57576374187  
 959.6010  98052.39439523009  
 959.6930  97926.69778787026  
 959.7850  97702.414417989  
 959.8770  97421.2209759749  
 959.9690  97201.42157685368  
 960.0610  96996.89191599637  
 960.1540  96710.48737282872  
 960.2460  96414.39987658734  
 960.3380  96230.81157106343  
 960.4300  96060.90543577757  
 960.5230  95811.56030499966  
 960.6150  95618.39811596106  
 960.7070  95606.04901811111  
 960.7990  95666.84923784927  
 960.8920  95807.19752263854  
 960.9840  96126.78344943048  
 961.0760  96595.92797932963  
 961.1690  97092.67922650275  
 961.2610  97550.55323530234  
 961.3540  97904.04767611211  
 961.4460  98161.99718321335  
 961.5380  98270.13359156967  
 961.6310  98210.92093985736  
 961.7230  98067.28844945735  
 961.8160  97863.95855374937  
 961.9080  97488.7956272127  
 962.0010  96977.75626780691  
 962.0940  96556.68717575933  
 962.1860  96155.84442749151  
 962.2790  95768.32028426499  
 962.3710  95471.5056576301  
 962.4640  95294.46152564787  
 962.5570  95119.22310080953  
 962.6490  95036.87558374339  
 962.7420  95060.85876788966  
 962.8350  95241.78092863734  
 962.9270  95469.20307805062  
 963.0200  95859.63574285123  
 963.1130  96310.73532015117  
 963.2060  96531.50422646376  
 963.2980  96558.74737854097  
 963.3910  96609.24658437095  
 963.4840  96404.94718147158  
 963.5770  95898.14941602801  
 963.6700  95339.99200712211  
 963.7630  95023.55697870208  
 963.8550  94886.34747344484  
 963.9480  94812.84670949985  
 964.0410  94879.45185354628  
 964.1340  95219.49438207595  
 964.2270  95651.10686482956  
 964.3200  95997.93594369874  
 964.4130  96293.90225154118  
 964.5060  96499.41353842973  
 964.5990  96573.03549077365  
 964.6920  96491.17272730317  
 964.7850  96258.41828833742  
 964.8780  96018.39254543642  
 964.9720  95906.49929671359  
 965.0650  95881.8011010137  
 965.1580  95752.6990996442  
 965.2510  95599.15339821255  
 965.3440  95543.68546802686  
 965.4370  95460.85319736504  
 965.5310  95189.34270842464  
 965.6240  94704.4558055058  
 965.7170  94202.02082242332  
 965.8100  93744.13469478385  
 965.9040  93315.9276060399  
 965.9970  93005.55199756585  
 966.0900  93008.32721190112  
 966.1840  93396.33610872332  
 966.2770  93955.32971758176  
 966.3700  94542.30572775082  
 966.4640  95185.35561010017  
 966.5570  95860.84762684042  
 966.6510  96249.22008885938  
 966.7440  96350.6911352751  
 966.8370  96323.08441800112  
 966.9310  96261.56918670933  
 967.0240  96170.374916522  
 967.1180  96031.4808925198  
 967.2120  95855.03058369226  
 967.3050  95567.30508697638  
 967.3990  95183.6589725153  
 967.4920  94793.46868451254  
 967.5860  94472.42849693356  
 967.6800  94231.44536568111  
 967.7730  94137.82732751539  
 967.8670  94257.23425697128  
 967.9610  94538.79126418215  
 968.0540  94907.66451281487  
 968.1480  95269.14526911346  
 968.2420  95640.68466252244  
 968.3350  95919.57552495706  
 968.4290  96037.40700522698  
 968.5230  96046.37494674706  
 968.6170  96003.86205640592  
 968.7110  95823.30346085501  
 968.8050  95530.7304281823  
 968.8980  95259.7046928376  
 968.9920  94970.02806289912  
 969.0860  94711.96948623884  
 969.1800  94539.1548293789  
 969.2740  94604.66927783506  
 969.3680  94788.74233695466  
 969.4620  95008.17817087912  
 969.5560  95233.67342474958  
 969.6500  95510.7464612004  
 969.7440  95720.1236580145  
 969.8380  95814.8323917705  
 969.9320  95864.9680324037  
 970.0260  95820.87969287661  
 970.1200  95732.72725150219  
 970.2140  95611.26011926467  
 970.3090  95420.27932140662  
 970.4030  95052.26651040622  
 970.4970  94623.077795631  
 970.5910  94349.03446915318  
 970.6850  94127.41724404818  
 970.7800  93913.91964167079  
 970.8740  93873.58814251021  
 970.9680  94120.03687055394  
 971.0620  94412.73109162555  
 971.1570  94696.83305521372  
 971.2510  95004.05776531585  
 971.3450  95293.61320685541  
 971.4400  95407.08190476423  
 971.5340  95387.82506817584  
 971.6280  95336.84110875019  
 971.7230  95228.58351199493  
 971.8170  95136.05616941952  
 971.9120  95118.26571245806  
 972.0060  95125.52489755338  
 972.1010  95103.3595393909  
 972.1950  95104.69261177901  
 972.2900  95162.94787513987  
 972.3840  95213.9318345655  
 972.4790  95206.66053063031  
 972.5730  95134.00808547776  
 972.6680  94995.10194263567  
 972.7630  94773.24234073279  
 972.8570  94522.20057236998  
 972.9520  94265.83863329461  
 973.0470  94080.5536901858  
 973.1410  94020.61390807996  
 973.2360  94078.49348740415  
 973.3310  94132.5071568028  
 973.4260  94250.94457906733  
 973.5200  94315.48952033214  
 973.6150  94089.87307806275  
 973.7100  93489.33608605454  
 973.8050  92970.31041115992  
 973.8990  92497.65141769209  
 973.9940  92104.68591535406  
 974.0890  91923.76375460639  
 974.1840  92173.83601577782  
 974.2790  92496.56072210181  
 974.3740  92873.66266302121  
 974.4690  93163.70285815647  
 974.5640  93316.29117123665  
 974.6590  93236.48861054782  
 974.7540  93165.39949574135  
 974.8490  93072.87215316591  
 974.9440  93029.03830927656  
 975.0390  93245.68681002586  
 975.1340  93730.5737129447  
 975.2290  94124.14515727732  
 975.3240  94408.36830926442  
 975.4190  94710.15166025504  
 975.5150  94909.60352719759  
 975.6100  94892.52808178976  
 975.7050  94766.83147442993  
 975.8000  94638.0930382572  
 975.8950  94505.73106895675  
 975.9910  94408.8530628601  
 976.0860  94263.53605371513  
 976.1810  93926.51111631858  
 976.2760  93451.56166211117  
 976.3720  93022.142689378  
 976.4670  92593.31753979955  
 976.5630  92223.7292796132  
 976.6580  92049.09679676946  
 976.7530  92176.73241851201  
 976.8490  92386.24292256492  
 976.9440  92583.02864473124  
 977.0400  92817.47972128188  
 977.1350  93057.97809893865  
 977.2310  93211.05116561451  
 977.3260  93299.21572582882  
 977.4220  93488.97252085777  
 977.5170  93754.31452029313  
 977.6130  94080.06893659012  
 977.7080  94348.79209235535  
 977.8040  94533.95584706524  
 977.8990  94560.10830355217  
 977.9950  94447.85148963257  
 978.0910  94229.99110489407  
 978.1860  93845.49667164055  
 978.2820  93391.00381917084  
 978.3780  92986.29516097746  
 978.4740  92614.51339077066  
 978.5690  92075.12806485748  
 978.6650  91570.02693699877  
 978.7610  91287.01566900087  
 978.8570  91146.41288857388  
 978.9530  91030.035669091  
 979.0480  91166.88160915146  
 979.1440  91637.96515343332  
 979.2400  92182.6706500591  
 979.3360  92663.19477061683  
 979.4320  93134.39950329761  
 979.5280  93553.52958096247  
 979.6240  93740.1354776195  
 979.7200  93703.57293766532  
 979.8160  93463.54719476435  
 979.9120  93052.2943630293  
 980.0080  92713.93635324464  
 980.1040  92423.05995815682  
 980.2000  92185.57917163317  
 980.2960  92041.94668123318  
 980.3920  92241.39854817573  
 980.4880  92534.83201848075  
 980.5840  92845.32881535371  
 980.6810  93127.12819936241  
 980.7770  93452.89473449928  
 980.8730  93587.19571818244  
 980.9690  93573.62261750341  
 981.0650  93496.9709551865  
 981.1620  93437.75830347417  
 981.2580  93380.35135890577  
 981.3540  93356.00460956273  
 981.4510  93328.6402690866  
 981.5470  93352.62345323287  
 981.6430  93371.03197102883  
 981.7400  93405.8978733981  
 981.8360  93423.57926080053  
 981.9320  93399.97176069093  
 982.0290  93284.80642519724  
 982.1250  93198.9444445624  
 982.2220  93101.702873269  
 982.3180  92961.82722323551  
 982.4150  92814.93476490457  
 982.5110  92783.81358406192  
 982.6080  92740.45237492834  
 982.7040  92673.60485408406  
 982.8010  92659.31674185139  
 982.8980  92724.10405991403  
 982.9940  92751.96527282574  
 983.0910  92711.99733886191  
 983.1880  92613.66507197822  
 983.2840  92392.29022367104  
 983.3810  92178.4290560969  
 983.4780  91963.71956973031  
 983.5740  91807.62891192133  
 983.6710  91717.28296052647  
 983.7680  91853.64414699128  
 983.8650  92091.71875666962  
 983.9610  92352.69797374387  
 984.0580  92476.45556672098  
 984.1550  92473.55916398679  
 984.2520  92418.33361059894  
 984.3490  92282.82074292659  
 984.4460  92102.98927776919  
 984.5430  91997.14333015245  
 984.6400  92130.11124144749  
 984.7370  92303.28946350419  
 984.8340  92401.7429187868  
 984.9310  92478.15220430586  
 985.0280  92568.37696730181  
 985.1250  92553.72528987238  
 985.2220  92433.10647642729  
 985.3190  92313.33598177465  
 985.4160  92255.21402565262  
 985.5130  92239.22927583507  
 985.6100  92243.09518576061  
 985.7070  92249.39698250445  
 985.8040  92298.32073914846  
 985.9020  92301.71401431822  
 985.9990  92125.62727068744  
 986.0960  91766.69147076616  
 986.1930  91473.99724969456  
 986.2910  91196.0637756114  
 986.3880  90908.94422089012  
 986.4850  90776.33987479184  
 986.5820  90983.53568042538  
 986.6800  91263.15367325352  
 986.7770  91558.52615794126  
 986.8750  91883.31106704689  
 986.9720  92170.20036381023  
 987.0690  92087.12571635055  
 987.1670  91747.5558225767  
 987.2640  91431.24198255558  
 987.3620  91104.27568226938  
 987.4590  90819.93134188338  
 987.5570  90715.6608434526  
 987.6540  90957.26203553953  
 987.7520  91286.77329220303  
 987.8490  91631.7845450884  
 987.9470  91910.79659592194  
 988.0450  92129.14173425613  
 988.1420  92153.00373000347  
 988.2400  92023.67147067604  
 988.3380  91854.85603098047  
 988.4350  91738.84237669435  
 988.5330  91740.41782588031  
 988.6310  91702.51009469813  
 988.7290  91459.81820702091  
 988.8260  90965.12716262943  
 988.9240  90372.83098174779  
 989.0220  89730.8717949887  
 989.1200  89150.07639316456  
 989.2180  88789.92870925408  
 989.3150  88899.27700159959  
 989.4130  89383.19439732708  
 989.5110  90045.61018582385  
 989.6090  90683.57015541857  
 989.7070  91120.62399728369  
 989.8050  91114.68576573662  
 989.9030  90891.86877548227  
 990.0010  90484.96660726846  
 990.0990  90045.85256262169  
 990.1970  89719.97695792578  
 990.2950  89851.6117968327  
 990.3930  90083.2755402082  
 990.4910  90348.24185560692  
 990.5890  90675.46265153083  
 990.6880  91086.8366716648  
 990.7860  91280.71387225704  
 990.8840  91323.46913939601  
 990.9820  91376.74355956125  
 991.0800  91256.13686495605  
 991.1790  90911.47705842755  
 991.2770  90606.43373950598  
 991.3750  90311.78838521177  
 991.4730  89980.33811416554  
 991.5720  89732.20486737683  
 991.6700  89911.07894418275  
 991.7680  90221.69692945463  
 991.8670  90582.08699016295  
 991.9650  90965.12716262943  
 992.0630  91365.60634570051  
 992.1620  91507.17863331885  
 992.2600  91445.893659985  
 992.3590  91305.66656359467  
 992.4570  91138.1841962872  
 992.5560  90984.8687528135  
 992.6540  90894.2804246208  
 992.7530  90875.6416488669  
 992.8520  90906.52045291172  
 992.9500  90878.78042839892  
 993.0490  90800.43212849714  
 993.1470  90732.73628886043  
 993.2460  90617.20738816998  
 993.3450  90455.05731041501  
 993.4430  90378.27234085929  
 993.5420  90452.027600442  
 993.6410  90549.51154853326  
 993.7390  90668.91847798914  
 993.8380  90846.6897403649  
 993.9370  90981.11191244698  
 994.0360  91002.79251701376  
 994.1350  90964.278843837  
 994.2330  90884.96103674386  
 994.3320  90755.14402382073  
 994.4310  90653.5396701662  
 994.5300  90609.22107268115  
 994.6290  90566.70818234001  
 994.7280  90522.75315005172  
 994.8270  90519.23868648303  
 994.9260  90494.77074874108  
 995.0250  90394.02683271888  
 995.1240  90282.48503035291  
 995.2230  90201.71296247272  
 995.3220  90142.5003107604  
 995.4210  90087.39594577148  
 995.5200  90114.39672105086  
 995.6190  90178.94166231566  
 995.7180  90259.36228383897  
 995.8180  90294.95531660179  
 995.9170  90318.93850074805  
 996.0160  90276.31654084788  
 996.1150  90245.91037155884  
 996.2140  90201.47058567489  
 996.3140  90164.04760808838  
 996.4130  90143.34862955286  
 996.5120  90193.84783538282  
 996.6120  90222.66643664599  
 996.7110  90244.22585281386  
 996.8100  90251.84860310593  
 996.9100  90281.27314636372  
 997.0090  90269.04523691269  
 997.1080  90259.96822583357  
 997.2080  90238.89356326137  
 997.3070  90242.65040362791  
 997.4070  90238.16643286786  
 997.5060  90212.24423433887  
 997.6060  90155.45535060496  
 997.7050  90102.53237679659  
 997.8050  90061.71612404032  
 997.9040  89999.95851595068  
 998.0040  89986.63991090939  
 998.1040  89963.38385715663  
 998.2030  89947.88386093476  
 998.3030  89930.44485033018  
 998.4030  89904.65595904  
 998.5020  89779.31079803703  
 998.6020  89688.37102348745  
 998.7020  89642.23460001861  
 998.8010  89597.29794169907  
 998.9010  89550.55557623561  
 999.0010  89631.20645571689  
 999.1010  89682.55398033929  
 999.2010  89606.0235064213  
 999.3000  89548.0106198583  
 999.4000  89509.9938191171  
 999.5000  89375.69283543393  
 999.6000  89163.27380980694  
 999.7000  89146.80430639371  
 999.8000  89149.83401636672  
 999.9000  89130.33480298049  
1000.0000  89108.1815636579  
1000.1000  89237.2714461875  
1000.2000  89296.01146314404  
1000.3000  89305.81560461666  
1000.4000  89351.34608609091  
1000.5000  89484.79875098162  
1000.6000  89570.17597802076  
1000.7010  89605.29637602779  
1000.8010  89629.14625293524  
1000.9010  89636.53874526937  
1001.0010  89591.12945219403  
1001.1010  89525.49381533897  
1001.2010  89493.88788090063  
1001.3020  89493.64550410278  
1001.4020  89508.9031235268  
1001.5020  89545.11421712411  
1001.6030  89589.0692494124  
1001.7030  89610.50747718135  
1001.8030  89583.97933665775  
1001.9040  89531.78349324291  
1002.0040  89449.6783529746  
1002.1040  89379.2072990026  
1002.2050  89308.60293779182  
1002.3050  89221.65026156671  
1002.4060  89072.81878885305  
1002.5060  88961.16791692804  
1002.6070  88851.20156374802  
1002.7070  88718.47602925083  
1002.8080  88580.06675884429  
1002.9080  88516.23682913311  
1003.0090  88400.95030524052  
1003.1100  88290.26894050687  
1003.2100  88217.96794171119  
1003.3110  88163.84520275351  
1003.4120  87989.81866190437  
1003.5120  87799.44380604094  
1003.6130  87686.3386733289  
1003.7140  87560.15731237338  
1003.8140  87419.6757203453  
1003.9150  87337.32820327915  
1004.0160  87399.46149540544  
1004.1170  87411.81059325539  
1004.2180  87380.93178921058  
1004.3190  87308.63079041489  
1004.4190  87189.58742615576  
1004.5200  86835.97179694708  
1004.6210  86149.94850834069  
1004.7220  85038.36003808679  
1004.8230  83588.19541893016  
1004.9240  82174.35096292986  
1005.0250  80905.21757407996  
1005.1260  79948.76237328356  
1005.2270  79635.96299683113  
1005.3280  80203.80335881072  
1005.4290  81231.3355555737  
1005.5300  82428.046757229  
1005.6320  83591.3341984622  
1005.7330  84616.69712288449  
1005.8340  85274.62894062125  
1005.9350  85617.34973276702  
1006.0360  85794.63624154711  
1006.1380  86056.45165857389  
1006.2390  86414.91482373938  
1006.3400  86751.07932350361  
1006.4410  87050.20864855786  
1006.5430  87343.75118842191  
1006.6440  87518.37155242576  
1006.7450  87548.17177972019  
1006.8470  87575.05136660064  
1006.9480  87588.73353683871  
1007.0490  87607.26324303358  
1007.1510  87668.77847432539  
1007.2520  87821.85154100125  
1007.3540  87941.7432240528  
1007.4550  88057.87806673786  
1007.5570  88156.81627561615  
1007.6580  88245.95034302182  
1007.7600  88230.20797000211  
1007.8610  88157.66459440859  
1007.9630  88042.01450531922  
1008.0650  87938.59232568089  
1008.1660  87819.30658462393  
1008.2680  87692.88284687056  
1008.3690  87559.0666167831  
1008.4710  87476.71909971695  
1008.5730  87420.40285073883  
1008.6750  87403.327405331  
1008.7760  87437.84186134342  
1008.8780  87535.44699783358  
1008.9800  87647.10998859847  
1009.0820  87733.68698078694  
1009.1840  87803.68540000313  
1009.2850  87842.80501517451  
1009.3870  87860.48640257695  
1009.4890  87842.19907317992  
1009.5910  87817.48875864013  
1009.6930  87778.62363910647  
1009.7950  87789.39728777047  
1009.8970  87795.57789611538  
1009.9990  87795.94146131215  
1010.1010  87794.60838892404  
1010.2030  87806.95748677399  
1010.3050  87728.36681007435  
1010.4070  87561.00563116581  
1010.5090  87434.08502097688  
1010.6110  87308.14603681922  
1010.7140  87179.78328468314  
1010.8160  87122.01277491797  
1010.9180  87238.0264292041  
1011.0200  87342.90286962948  
1011.1220  87427.79534307294  
1011.2250  87459.64365430913  
1011.3270  87475.87078092451  
1011.4290  87398.61317661301  
1011.5310  87310.20623960086  
1011.6340  87238.6323711987  
1011.7360  87269.38998684459  
1011.8390  87342.90286962948  
1011.9410  87404.90285451694  
1012.0430  87441.35632491209  
1012.1460  87394.12920585297  
1012.2480  87150.34662258546  
1012.3510  86896.77201668524  
1012.4530  86688.47339662153  
1012.5560  86482.48947497718  
1012.6580  86312.58333969134  
1012.7610  86448.09620736369  
1012.8630  86647.54807430625  
1012.9660  86807.7591376785  
1013.0690  86981.17973653303  
1013.1710  87232.22150489583  
1013.2740  87326.91811981193  
1013.3770  87306.93415283001  
1013.4790  87287.19256264596  
1013.5820  87248.69100830906  
1013.6850  87196.49516489421  
1013.7880  87142.1179302988  
1013.8900  87115.96547381187  
1013.9930  87064.2543839927  
1014.0960  87004.90842504158  
1014.1990  86912.63557810387  
1014.3020  86699.62272932216  
1014.4050  86213.88750761088  
1014.5070  85818.61942569338  
1014.6100  85491.15625297162  
1014.7130  85221.34240161612  
1014.8160  84984.11611073019  
1014.9190  85275.84082461044  
1015.0220  85645.44120363668  
1015.1250  85955.81681211073  
1015.2280  86162.7823597863  
1015.3310  86440.09777303497  
1015.4350  86406.06807061823  
1015.5380  86169.3144144881  
1015.6410  85970.71086633799  
1015.7440  85896.48297199949  
1015.8470  85879.6499033895  
1015.9500  85931.23980480974  
1016.0540  86099.20692571288  
1016.1570  86143.64671159684  
1016.2600  85879.89228018733  
1016.3640  85632.97091738782  
1016.4670  85340.62814267307  
1016.5700  84917.38977828484  
1016.6730  84548.63771805102  
1016.7770  84705.57669465244  
1016.8800  84953.72206028106  
1016.9840  85219.41550607329  
1017.0870  85604.38257408259  
1017.1910  86062.87464371666  
1017.2940  86271.64589853615  
1017.3980  86337.03915859338  
1017.5010  86395.29442195424  
1017.6050  86421.56806684009  
1017.7080  86445.43006258745  
1017.8120  86438.88588904578  
1017.9150  86435.37142547709  
1018.0190  86414.4300701437  
1018.1230  86228.41799664138  
1018.2260  85698.12180064722  
1018.3300  85186.47649924683  
1018.4340  84696.62087197225  
1018.5370  84149.24923057025  
1018.6410  83694.63518970161  
1018.7450  83790.78606540475  
1018.8490  84110.00842699995  
1018.9530  84359.11118098002  
1019.0560  84514.97158083104  
1019.1600  84635.95395947288  
1019.2640  84581.09197128181  
1019.3680  84234.86883440723  
1019.4720  83864.7837017853  
1019.5760  83756.756362988  
1019.6800  83985.76608042714  
1019.7840  84201.68745078292  
1019.8880  84561.59275789557  
1019.9920  85007.96598763764  
1020.0960  85302.73253033079  
1020.2000  85296.67311038479  
1020.3040  85318.4749033505  
1020.4080  85281.051925764  
1020.5120  85192.76617715077  
1020.6160  85159.22122832971  
1020.7210  85207.29666618128  
1020.8250  85251.26381730946  
1020.9290  85266.15787153672  
1021.0330  85284.6875777316  
1021.1380  85301.39945794267  
1021.2420  85347.4146930126  
1021.3460  85227.88657515778  
1021.4500  84841.69550431939  
1021.5550  84436.01733893466  
1021.6590  83976.4345737103  
1021.7640  83461.39599714015  
1021.8680  83006.79407511142  
1021.9720  83021.32456414192  
1022.0770  83253.83662630986  
1022.1810  83714.86153348135  
1022.2860  84277.97554790307  
1022.3900  84880.57274269292  
1022.4950  85266.52143673348  
1022.5990  85480.1402275098  
1022.7040  85534.27508530735  
1022.8090  85476.26219874434  
1022.9130  85420.55189176081  
1023.0180  85430.1257752755  
1023.1230  85442.2324963276  
1023.2270  85429.88339847766  
1023.3320  85432.06478965822  
1023.4370  85452.89707543257  
1023.5410  85411.47488068171  
1023.6460  85309.50696183041  
1023.7510  85219.5366944722  
1023.8560  85169.15867704115  
1023.9610  85091.04063509732  
1024.0660  85026.85925902927  
1024.1700  85035.10007015584  
1024.2750  85078.57034884844  
1024.3800  85024.07192585412  
1024.4850  85017.90343634908  
1024.5900  85029.76778060335  
1024.6949  85001.55512133478  
1024.8000  84912.29986553019  
1024.9050  84948.38977072858  
1025.0100  84961.70837576987  
1025.1150  84952.14661109509  
1025.2200  84971.27014044467  
1025.3260  85039.0871684803  
1025.4310  85048.0551100004  
1025.5360  85046.60084921334  
1025.6410  85065.37293220605  
1025.7460  85079.78223283765  
1025.8510  85089.46518591135  
1025.9570  85080.87292842793  
1026.0620  85038.72360328355  
1026.1670  84970.55512889105  
1026.2729  84884.6931482562  
1026.3781  84757.16659607268  
1026.4830  84642.24363737684  
1026.5890  84573.57829054876  
1026.6940  84538.21551574391  
1026.7990  84513.39613164509  
1026.9050  84558.92661311933  
1027.0100  84630.01572792581  
1027.1160  84670.58960388423  
1027.2209  84657.25888000302  
1027.3270  84671.91055743245  
1027.4320  84668.40821270368  
1027.5380  84646.2428545412  
1027.6440  84630.01572792581  
1027.7490  84682.21157134065  
1027.8550  84735.74048714362  
1027.9611  84773.75728788483  
1028.0660  84797.86166043002  
1028.1720  84809.84719308322  
1028.2780  84794.22600846243  
1028.3831  84763.58958121545  
1028.4890  84724.7123428419  
1028.5950  84591.38086635011  
1028.7010  84231.59674763639  
1028.8070  83825.42170981609  
1028.9120  83461.27480874123  
1029.0179  83101.3695016286  
1029.1240  82764.58694102989  
1029.2300  82817.87348003502  
1029.3361  83121.23228021158  
1029.4420  83444.07817493449  
1029.5480  83767.0573768962  
1029.6541  84147.06783938968  
1029.7600  84337.44269525314  
1029.8660  84316.8527862766  
1029.9720  84169.96032794566  
1030.0780  83994.84309150626  
1030.1840  83851.22271994615  
1030.2910  83777.2250835656  
1030.3970  83693.42330571241  
1030.5031  83666.42253043303  
1030.6090  83702.14887043466  
1030.7150  83763.54291332752  
1030.8220  83795.14884776586  
1030.9280  83855.94906750403  
1031.0341  83859.45141223283  
1031.1410  83780.49717033643  
1031.2469  83709.16567873213  
1031.3530  83644.98430266407  
1031.4600  83551.86313693394  
1031.5660  83465.75877950128  
1031.6720  83529.69777877147  
1031.7791  83599.45382118983  
1031.8850  83658.06053090756  
1031.9919  83701.42174004113  
1032.0980  83809.67933679637  
1032.2050  83831.23875296424  
1032.3110  83797.8149925421  
1032.4180  83709.89280912564  
1032.5240  83523.04453567076  
1032.6310  83093.61344409772  
1032.7380  82674.49548527274  
1032.8440  82098.41431216658  
1032.9510  81571.87495653893  
1033.0580  81108.9110349847  
1033.1650  81125.86529199361  
1033.2710  81189.80429126382  
1033.3781  81583.49692399536  
1033.4850  82050.94481630962  
1033.5920  82637.31488448409  
1033.6990  83000.12871317081  
1033.8060  83242.44491681138  
1033.9120  83150.41444667151  
1034.0190  83024.11189731708  
1034.1260  82730.43605021424  
1034.2330  82131.83807258873  
1034.3400  81622.85891596458  
1034.4470  81436.60446566442  
1034.5540  81222.01616769675  
1034.6610  80943.4888704589  
1034.7679  81249.98645016749  
1034.8750  81652.40464762127  
1034.9821  81909.50583593009  
1035.0890  82116.33807636685  
1035.1970  82535.3469656328  
1035.3040  82702.10220254672  
1035.4110  82747.51149562206  
1035.5179  82770.1616073802  
1035.6260  82820.90319000802  
1035.7330  82892.46493957029  
1035.8400  82947.44811616027  
1035.9470  83000.7346551654  
1036.0551  83069.15762519566  
1036.1620  83139.51960960861  
1036.2690  83109.23462871849  
1036.3770  83027.2506768491  
1036.4840  82940.67368466065  
1036.5920  82841.48098014464  
1036.6990  82751.99546638208  
1036.8070  82690.60142348922  
1036.9139  82444.879825839  
1037.0220  81911.79629666967  
1037.1290  81496.42305937133  
1037.2371  81121.74488643034  
1037.3440  80703.22075076008  
1037.4520  80442.37484092465  
1037.5601  80769.7047064076  
1037.6670  81002.45914537337  
1037.7750  81164.36684633051  
1037.8831  81427.75771254326  
1037.9900  81729.7834403317  
1038.0980  81694.42066552685  
1038.2061  81712.70799492387  
1038.3140  81915.18957183942  
1038.4220  82115.12619237766  
1038.5291  82323.18243564354  
1038.6370  82543.45446952054  
1038.7450  82656.45053267357  
1038.8530  82616.72497550758  
1038.9611  82495.50022006789  
1039.0690  82370.28836630374  
1039.1770  82261.65508551185  
1039.2850  82137.89749253473  
1039.3929  81791.55316726124  
1039.5010  81499.3315809454  
1039.6090  81267.546649171  
1039.7170  81033.4591378171  
1039.8250  80781.93261585863  
1039.9330  80915.26409235042  
1040.0420  81186.65339289191  
1040.1500  81435.51377007415  
1040.2581  81703.267418648  
1040.3660  81998.38540769802  
1040.4740  82090.42799667777  
1040.5830  81972.23295121107  
1040.6910  81860.56996044618  
1040.7990  81745.88937854818  
1040.9080  81692.61495838294  
1041.0160  81697.93512909552  
1041.1250  81848.46323939407  
1041.2330  81983.00659987507  
1041.3409  82100.838080145  
1041.4500  82166.11015180331  
1041.5580  82206.07808576712  
1041.6670  82164.77707941519  
1041.7750  82093.32439941195  
1041.8840  82029.50658854068  
1041.9919  81996.4463933153  
1042.1010  81908.77870553655  
1042.2090  81700.35889707392  
1042.3180  81511.68067879535  
1042.4270  81236.54665672727  
1042.5350  80824.68788299762  
1042.6440  80518.17818444912  
1042.7531  80487.2993804043  
1042.8621  80467.3154134224  
1042.9700  80558.26730681186  
1043.0790  80916.47597633963  
1043.1880  81281.95594980259  
1043.2970  81464.08999453948  
1043.4060  81560.13180068358  
1043.5150  81650.58682163748  
1043.6230  81615.82998882722  
1043.7321  81533.60366015999  
1043.8409  81456.4672442474  
1043.9500  81487.70961348899  
1044.0590  81528.99850100103  
1044.1680  81574.29872451733  
1044.2770  81629.75453586313  
1044.3860  81703.14623024908  
1044.4950  81717.19196568392  
1044.6050  81657.61574877483  
1044.7140  81474.5121968466  
1044.8230  81309.93835111323  
1044.9320  81162.06426675103  
1045.0410  81000.39894259174  
1045.1510  80843.58115438925  
1045.2600  80827.71759297061  
1045.3690  80567.70788308773  
1045.4780  80256.36276742234  
1045.5880  79973.83625302013  
1045.6970  79657.64360139793  
1045.8060  78989.5319581519  
1045.9160  78716.0824548288  
1046.0250  78718.26384600936  
1046.1350  78783.89948286442  
1046.2440  78882.59531494489  
1046.3540  79486.28320532503  
1046.4630  80097.47265759831  
1046.5720  80509.34355016785  
1046.6820  80756.62847816414  
1046.7920  80771.15896719464  
1046.9010  80653.44867532364  
1047.0110  80383.15007037245  
1047.1200  80054.6083209003  
1047.2300  79723.03686145516  
1047.3400  79910.01844214884  
1047.4490  80176.80258353136  
1047.5590  80436.19423257974  
1047.6689  80710.37086629636  
1047.7791  81080.68625687624  
1047.8890  81209.18231625113  
1047.9980  81194.63970838072  
1048.1080  81139.30508543385  
1048.2180  81105.7601366128  
1048.3280  81052.95835120334  
1048.4380  80909.09560284541  
1048.5480  80806.88530719625  
1048.6580  80762.67577927024  
1048.7679  80703.09956236115  
1048.8781  80627.53859563454  
1048.9880  80724.78016692794  
1049.0980  80818.99202824837  
1049.2080  80862.82587213775  
1049.3180  80865.6132053129  
1049.4280  80801.67420604269  
1049.5380  80686.75124734687  
1049.6479  80547.84510450474  
1049.7590  80428.32910548983  
1049.8690  80292.57386101963  
1049.9790  80296.92452454085  
1050.0890  80291.84673062612  
1050.1990  80314.48472354437  
1050.3101  80328.17901262233  
1050.4200  80351.5441359341  
1050.5310  80378.43584165446  
1050.6410  80430.86194302725  
1050.7510  80465.01283384292  
1050.8621  80449.63402601996  
1050.9720  80481.96709085182  
1051.0830  80487.66294560106  
1051.1930  80449.7552144189  
1051.3040  80392.23920029146  
1051.4139  80409.92058769388  
1051.5250  80390.66375110549  
1051.6350  80236.49998883934  
1051.7460  80139.98554793945  
1051.8571  80061.8796248355  
1051.9670  79920.91327921175  
1052.0780  79784.79446954478  
1052.1880  79913.04815212183  
1052.2990  80015.48870572892  
1052.4100  80103.53207754431  
1052.5210  80258.30178180504  
1052.6320  80436.07304418081  
1052.7419  80424.32988832546  
1052.8530  80311.83069760802  
1052.9640  80169.04652600046  
1053.0750  79805.02081332455  
1053.1860  79494.28163965374  
1053.2970  79216.34816557058  
1053.4080  79009.63711353274  
1053.5190  78814.06327535563  
1053.6300  79023.56166056864  
1053.7410  79247.95410000892  
1053.8521  79463.8875892046  
1053.9630  79695.91489777686  
1054.0740  79977.71428178555  
1054.1851  80047.09464016726  
1054.2960  80034.38197712056  
1054.4070  80025.54734283929  
1054.5190  80003.38198467682  
1054.6300  79987.88198845493  
1054.7410  79973.95744141904  
1054.8521  79958.09388000041  
1054.9640  79976.1388325996  
1055.0750  80018.51841570192  
1055.1860  80033.04890473242  
1055.2980  80033.17009313135  
1055.4091  80050.12435014026  
1055.5200  80062.4855668301  
1055.6320  80016.82177811704  
1055.7430  79970.07941265359  
1055.8550  79925.3972499718  
1055.9659  79869.20218939257  
1056.0780  79816.52159238205  
1056.1890  79805.86913211698  
1056.3010  79797.99188618718  
1056.4120  79771.71824130132  
1056.5240  79788.06655631564  
1056.6360  79801.1427845591  
1056.7469  79793.64122266594  
1056.8590  79785.03684634264  
1056.9709  79813.61307080796  
1057.0820  79804.89962492563  
1057.1940  79798.84020497961  
1057.3060  79793.76241106488  
1057.4180  79754.15804229781  
1057.5300  79650.37229746272  
1057.6410  79585.34260260224  
1057.7531  79514.37467619468  
1057.8650  79414.11551376816  
1057.9771  79254.98302714629  
1058.0890  79106.87868482615  
1058.2010  78784.14185966227  
1058.3130  77892.00134217272  
1058.4250  77008.33189376768  
1058.5370  76331.14323944256  
1058.6490  75763.66644265973  
1058.7610  75198.85579065312  
1058.8730  75678.04683882275  
1058.9850  76528.17133840671  
1059.0980  77325.37286418233  
1059.2100  78064.33124543697  
1059.3220  78961.6828640801  
1059.4340  79380.44937654817  
1059.5470  79432.14834752746  
1059.6591  79431.90597072961  
1059.7710  79448.98141613744  
1059.8831  79444.26718741945  
1059.9960  79392.31372080244  
1060.1080  79128.43810099403  
1060.2200  78418.17713260363  
1060.3330  77704.53500788336  
1060.4449  77060.77011398038  
1060.5580  76406.34064097243  
1060.6700  75913.95217616043  
1060.7830  76269.62800815077  
1060.8950  76838.30457008292  
1061.0081  77309.26692596586  
1061.1200  77878.31917193465  
1061.2330  78526.20447140091  
1061.3459  78740.42920417181  
1061.4580  78615.09616200875  
1061.5710  78603.09851051566  
1061.6840  78610.6121912487  
1061.7970  78605.1587132973  
1061.9091  78603.58326411135  
1062.0220  78755.08088160124  
1062.1350  78878.36583982258  
1062.2480  78951.62422696972  
1062.3600  79017.74461742048  
1062.4730  78968.82086077648  
1062.5861  78494.35616016474  
1062.6990  78081.64906764265  
1062.8120  77693.15541722479  
1062.9250  77264.46357488513  
1063.0380  76823.41051585565  
1063.1510  77077.1184289947  
1063.2640  77374.17543242742  
1063.3770  77655.49006284043  
1063.4900  77979.31758359459  
1063.6040  78444.5840847283  
1063.7170  78645.85377765464  
1063.8300  78699.49176301665  
1063.9430  78731.95813508732  
1064.0560  78779.91238453996  
1064.1689  78838.39790585876  
1064.2830  78836.94364507172  
1064.3960  78830.16921357208  
1064.5090  78826.89712680125  
1064.6230  78789.11058401798  
1064.7360  78749.86978044768  
1064.8490  78701.30958900045  
1064.9630  78652.50702075537  
1065.0760  78590.99178946356  
1065.1899  78576.46130043305  
1065.3030  78562.2943765993  
1065.4170  78563.14269539174  
1065.5300  78554.90188426517  
1065.6440  78532.14270294801  
1065.7570  78388.63140094694  
1065.8710  77940.92509881673  
1065.9840  77160.67783005003  
1066.0980  76537.1271610869  
1066.2120  75958.14958524656  
1066.3250  75417.32211738624  
1066.4390  75208.65993212575  
1066.5530  75745.62149006054  
1066.6670  76289.72104469172  
1066.7800  76834.31747175845  
1066.8940  77414.99168518368  
1067.0081  77914.65145393087  
1067.1219  78067.71240176685  
1067.2360  78083.10332842969  
1067.3500  78070.98448853768  
1067.4640  78066.8640829744  
1067.5780  78144.49737132256  
1067.6920  78174.04310297927  
1067.8060  78176.46687095767  
1067.9200  78149.46609567828  
1068.0341  77973.62172884536  
1068.1479  77376.96276560258  
1068.2620  76777.27409238681  
1068.3760  75897.96742634289  
1068.4900  75126.67598025636  
1068.6040  74418.60852188643  
1068.7190  74351.3974358454  
1068.8330  73827.633294553  
1068.9470  73563.03054435104  
1069.0610  73464.57708906844  
1069.1760  73391.68226711806  
1069.2900  72616.14922706934  
1069.4041  72552.5737929959  
1069.5190  73098.12760841411  
1069.6331  73571.39254387654  
1069.7480  74060.63011031662  
1069.8621  75332.79320913953  
1069.9760  76423.29489798134  
1070.0909  76952.62158678415  
1070.2050  77318.22274864605  
1070.3199  77743.29105785798  
1070.4351  77751.15618494789  
1070.5490  77370.53978045982  
1070.6639  77072.02851624005  
1070.7780  76823.6528926535  
1070.8929  76563.77649000942  
1071.0081  76271.79728049143  
1071.1230  76554.32379489366  
1071.2371  76842.90972924187  
1071.3521  77080.02695056878  
1071.4670  77283.72041147352  
1071.5820  77455.06868870652  
1071.6970  77400.0976309564  
1071.8110  77238.66256475507  
1071.9260  77083.54141413745  
1072.0410  76929.86240546699  
1072.1560  77082.32953014826  
1072.2710  77193.85921367434  
1072.3860  77202.57265955668  
1072.5010  77019.59029602735  
1072.6160  76545.85272580915  
1072.7310  75823.72741316448  
1072.8459  74990.67835898834  
1072.9611  74310.21761789238  
1073.0770  73788.28342142366  
1073.1920  73926.32912663347  
1073.3070  74388.57803663406  
1073.4220  75127.16073385206  
1073.5370  75856.90879678879  
1073.6530  76664.41133647259  
1073.7679  77171.81504391078  
1073.8831  77413.77980119447  
1073.9980  77414.99168518368  
1074.1140  77370.78215725765  
1074.2290  77247.87288307298  
1074.3450  76958.07506473556  
1074.4600  76686.92814099193  
1074.5760  76517.27650134382  
1074.6910  76160.38878536427  
1074.8070  75361.36943360486  
1074.9220  74986.20650706819  
1075.0380  74694.2272975502  
1075.1530  74125.41742837925  
1075.2690  73632.30183317374  
1075.3850  74157.50811641327  
1075.5000  74545.7593900333  
1075.6160  74820.54196574455  
1075.7321  75455.58129492529  
1075.8470  76348.33987324932  
1075.9630  76722.77566939247  
1076.0790  76953.59109397553  
1076.1949  77234.67546643059  
1076.3101  77359.76613179583  
1076.4260  77239.99563714318  
1076.5420  77064.16338915014  
1076.6580  76840.97071485916  
1076.7740  76611.2459858664  
1076.8900  76379.33986569305  
1077.0060  76320.72103713544  
1077.1219  76321.44816752897  
1077.2380  76449.45947330818  
1077.3540  76609.79172507934  
1077.4700  76813.12162078734  
1077.5861  76956.37842715069  
1077.7020  77066.22359193178  
1077.8180  77086.8013820684  
1077.9351  77027.1039767604  
1078.0510  76872.81902609533  
1078.1670  76504.55171945722  
1078.2830  76019.55574697933  
1078.4000  75443.47457387317  
1078.5160  74450.69920992045  
1078.6320  73691.7568616839  
1078.7490  73321.3202827051  
1078.8650  73233.64047608647  
1078.9810  73152.62603140844  
1079.0980  74037.38617540376  
1079.2140  74917.78353703795  
1079.3311  75602.12230689936  
1079.4470  76057.69373611946  
1079.5640  76624.6857793066  
1079.6801  76650.6079778356  
1079.7970  76519.44577368448  
1079.9139  76370.49311257189  
1080.0300  76330.41610904905  
1080.1470  76237.28282447901  
1080.2640  76232.81097255887  
1080.3800  76258.11511025338  
1080.4969  76320.23628353977  
1080.6140  76304.61509891898  
1080.7310  76247.22027319045  
1080.8470  75923.63512923414  
1080.9640  74994.55638775378  
1081.0811  74231.50575279383  
1081.1980  73514.22797610596  
1081.3149  72900.37237905644  
1081.4320  72386.78806327333  
1081.5490  73008.03615265698  
1081.6660  73538.08997185332  
1081.7830  74059.90297992309  
1081.9000  74256.57963253038  
1082.0170  74550.12217239443  
1082.1340  74322.21526938544  
1082.2510  74127.47763116089  
1082.3680  73689.4664009443  
1082.4850  73240.91178002168  
1082.6030  72757.35794949094  
1082.7200  72396.47101634703  
1082.8370  71853.70453410399  
1082.9540  71386.37783018865  
1083.0720  71608.72218568719  
1083.1890  72311.94210810034  
1083.3060  72871.55377779326  
1083.4240  73636.66461553486  
1083.5410  74604.62059538875  
1083.6580  75170.8855081824  
1083.7760  75250.93044566906  
1083.8929  75477.50427628991  
1084.0110  75596.18407535228  
1084.1281  75569.91043046642  
1084.2460  75282.65756850631  
1084.3630  75200.31005144017  
1084.4810  74992.49618497214  
1084.5990  74718.21048169647  
1084.7159  74454.09248509021  
1084.8340  74779.48333619045  
1084.9520  75027.73777137807  
1085.0690  75263.279543519  
1085.1870  75542.0492175547  
1085.3051  75903.89353905007  
1085.4230  75978.2547406274  
1085.5410  75993.26998325357  
1085.6580  75993.75473684925  
1085.7760  75974.98265385655  
1085.8940  75953.19297973072  
1086.0120  75841.52998896583  
1086.1300  75479.07972547587  
1086.2480  75170.27956618779  
1086.3660  74896.22412087009  
1086.4840  74580.27384604572  
1086.6021  74067.1742838583  
1086.7200  73252.77612427594  
1086.8380  72298.74469145795  
1086.9570  71473.69407161052  
1087.0750  70642.22046662033  
1087.1930  69869.47475974678  
1087.3110  70179.98367545963  
1087.4290  71142.84974255889  
1087.5470  72092.76076981361  
1087.6660  73150.80820542465  
1087.7841  74437.62298167698  
1087.9030  75173.53953411874  
1088.0210  75229.37102950118  
1088.1390  74964.88946769816  
1088.2581  74488.3645643048  
1088.3760  73745.04340068903  
1088.4950  73081.1733514052  
1088.6130  72558.6332129419  
1088.7321  72313.75993408413  
1088.8500  72274.77362615157  
1088.9690  72761.58742461326  
1089.0870  73307.03217047242  
1089.2061  73810.0730955495  
1089.3250  74121.91508365046  
1089.4430  74220.00497373632  
1089.5620  74199.05149956305  
1089.6810  74073.94871535792  
1089.8000  73957.57149587505  
1089.9180  73943.52576044021  
1090.0370  74271.59487515656  
1090.1560  74514.88058598849  
1090.2750  74723.40946401015  
1090.3940  74861.3460996609  
1090.5129  75018.05481830436  
1090.6310  75005.5724132156  
1090.7500  74903.73780160313  
1090.8690  74783.84611855155  
1090.9880  74813.27066180934  
1091.1080  74794.61976721554  
1091.2271  74600.50018982548  
1091.3459  74204.62616591337  
1091.4650  73941.22318086073  
1091.5840  73608.68221422422  
1091.7030  73201.54978805245  
1091.8220  72953.2953528648  
1091.9420  73225.29059540087  
1092.0610  73449.07709284656  
1092.1801  73639.3307603111  
1092.2990  73908.89011602887  
1092.4189  74075.28178774603  
1092.5380  73933.96399576543  
1092.6570  73673.96640472244  
1092.7770  73380.89649961417  
1092.8960  73012.3868161782  
1093.0160  72747.4205007795  
1093.1350  72450.24230894785  
1093.2550  72103.17085328083  
1093.3740  71659.46376831499  
1093.4940  70925.35292301714  
1093.6130  69676.08231275022  
1093.7330  68333.44815995534  
1093.8530  67095.557140347  
1093.9720  66017.40454935512  
1094.0920  65401.60993792288  
1094.2120  65790.93978829331  
1094.3311  66732.98568845811  
1094.4510  67925.57648455015  
1094.5710  69235.02925372074  
1094.6910  70511.43394650586  
1094.8110  71385.40832299729  
1094.9310  71889.06730890885  
1095.0500  72040.44373799984  
1095.1700  71949.1282794136  
1095.2900  71943.92929709994  
1095.4100  71840.99187105728  
1095.5300  71340.36259511871  
1095.6500  71099.3673450264  
1095.7700  71275.45408865716  
1095.8900  71347.86415701186  
1096.0110  71252.19803490442  
1096.1310  71814.70610733154  
1096.2510  72133.20133853321  
1096.3710  71764.81284349617  
1096.4910  71383.7116854124  
1096.6110  71228.95409999156  
1096.7321  70766.9475667888  
1096.8521  70239.92345756547  
1096.9720  70559.14581916067  
1097.0930  70979.83922717159  
1097.2130  71379.9548450459  
1097.3330  71805.75028465135  
1097.4540  72495.65160202318  
1097.5740  72644.8466399336  
1097.6949  72300.9260826385  
1097.8149  71859.88514244891  
1097.9360  71411.81527512196  
1098.0560  70567.37451144733  
1098.1770  69746.44429716318  
1098.2980  69336.7547957742  
1098.4180  69361.46511031399  
1098.5389  69329.49561067889  
1098.6600  69909.80625890735  
1098.7800  70570.7677866171  
1098.9010  71320.37862813681  
1099.0220  71794.84332874854  
1099.1429  72405.19658106928  
1099.2640  72667.01199809606  
1099.3840  72834.25198860568  
1099.5050  72907.88605978948  
1099.6260  72875.43180655871  
1099.7469  72763.52643899596  
1099.8680  72666.16367930363  
1099.9890  72632.73991888149  
1100.1100  72538.28568076323  
1100.2310  72572.67894837674  
1100.3521  72517.93814858457  
1100.4730  72472.16529031248  
1100.5940  72432.4397331465  
1100.7159  72509.46707950006  
1100.8370  72430.25834196593  
1100.9580  72488.15004013003  
1101.0790  72460.05856926038  
1101.2000  72285.1837096188  
1101.3220  72005.2021515939  
1101.4430  71748.34334008294  
1101.5640  71008.54875887574  
1101.6860  70318.75651106294  
1101.8070  69954.73079838701  
1101.9280  69639.87121915292  
1102.0500  69246.78452841598  
1102.1710  69583.07021657912  
1102.2930  70185.1826577733  
1102.4139  70718.99331733615  
1102.5360  71264.54713275436  
1102.6570  71866.05363195394  
1102.7791  72150.15559554212  
1102.9010  72259.03125313185  
1103.0220  72232.01835901258  
1103.1440  72106.56412845058  
1103.2660  72045.0367783189  
1103.3870  72155.48788509461  
1103.5090  72191.94135548975  
1103.6310  72128.71736777318  
1103.7531  72098.56569412188  
1103.8750  72142.41165685112  
1103.9960  71980.37064865518  
1104.1180  71822.46216486242  
1104.2400  71827.79445441489  
1104.3621  71826.09781683  
1104.4840  71748.34334008294  
1104.6060  71668.90434459086  
1104.7280  71609.3281276818  
1104.8500  71543.93486762454  
1104.9720  71596.1185921995  
1105.0940  71657.40356553336  
1105.2170  71851.52314292344  
1105.3390  72020.70214781577  
1105.4611  72093.73027700496  
1105.5830  72026.76156776176  
1105.7050  71882.76551216502  
1105.8280  71679.3144280581  
1105.9500  71526.49585701997  
1106.0720  71494.88992258163  
1106.1949  71492.58734300215  
1106.3170  71612.70928401165  
1106.4390  71694.09941272634  
1106.5620  71729.32888029238  
1106.6840  71561.13150143131  
1106.8070  71474.30001360513  
1106.9290  71364.9396024197  
1107.0520  71242.87864702746  
1107.1750  71103.12418539291  
1107.2970  71165.48773547715  
1107.4200  71278.60498702909  
1107.5420  71363.97009522835  
1107.6650  71436.39228242294  
1107.7880  71467.99821686128  
1107.9110  71538.11782447639  
1108.0330  71475.14833239756  
1108.1560  71348.71247580432  
1108.2791  71283.440404146  
1108.4020  71331.87940719433  
1108.5250  71323.77190330657  
1108.6470  71351.13624378272  
1108.7700  71467.14989806883  
1108.8929  71397.27266725156  
1109.0160  71337.45407354464  
1109.1390  71251.22852771304  
1109.2620  71235.48615469335  
1109.3850  71131.82159825717  
1109.5090  71213.92673852548  
1109.6320  71304.75744351603  
1109.7550  71464.84731848935  
1109.8781  71454.80080021889  
1110.0010  71389.64991695949  
1110.1240  71435.05921003481  
1110.2480  71441.23981837973  
1110.3710  71287.0760561136  
1110.4940  71253.04635369686  
1110.6180  71363.97009522835  
1110.7410  71306.93883469657  
1110.8640  71134.00298943774  
1110.9880  71042.0937076968  
1111.1110  70898.09765210004  
1111.2340  70704.2204515078  
1111.3580  70589.41868121088  
1111.4821  70637.97887265813  
1111.6050  70679.03750221223  
1111.7290  70594.26621716768  
1111.8521  70484.42105238659  
1111.9760  70419.9972995207  
1112.1000  70175.0149511039  
1112.2230  69968.29178022615  
1112.3470  69964.18349350277  
1112.4709  70169.68266155143  
1112.5950  70312.83039835574  
1112.7180  70604.07035864033  
1112.8420  70589.66105800873  
1112.9659  70465.52778099495  
1113.0900  70234.34879121515  
1113.2140  69915.3688064178  
1113.3380  69487.28290607274  
1113.4620  69551.10071694403  
1113.5861  69826.36804625094  
1113.7100  70110.10644464236  
1113.8340  70469.64818655823  
1113.9580  70963.73328895512  
1114.0820  71263.33524876516  
1114.2061  71343.39230509172  
1114.3300  71217.32001369524  
1114.4540  71029.97486780479  
1114.5790  70827.74778652698  
1114.7030  70491.57116792287  
1114.8270  70248.27333825105  
1114.9520  70167.86483556763  
1115.0760  70215.3343314246  
1115.2000  70153.69791173388  
1115.3250  70287.7565186192  
1115.4490  70357.39137263862  
1115.5730  70229.2709973004  
1115.6980  69992.63852956917  
1115.8220  69824.55022026713  
1115.9470  69670.99239999558  
1116.0710  69550.13120975265  
1116.1960  69741.1120076107  
1116.3210  70042.28941660671  
1116.4449  70454.26937873529  
1116.5699  70716.205984161  
1116.6949  71002.97409252542  
1116.8190  71081.56476922503  
1116.9440  70970.2774624968  
1117.0690  70742.00699429108  
1117.1940  70578.16027895121  
1117.3180  70380.75649595041  
1117.4430  70245.25574711795  
1117.5680  70303.74126843674  
1117.6930  70303.4988916389  
1117.8180  70345.04227478868  
1117.9430  70416.11927075527  
1118.0680  70483.69392199306  
1118.1930  70442.28384608211  
1118.3180  70371.31591967454  
1118.4430  70141.34881388393  
1118.5680  69687.46190340881  
1118.6930  69166.12153009482  
1118.8180  68625.65762743127  
1118.9440  68216.22262168  
1119.0690  68043.65034161792  
1119.1940  68448.61349544901  
1119.3190  68972.12314110367  
1119.4449  69334.57340459364  
1119.5699  69573.8720171011  
1119.6949  69588.03894093484  
1119.8210  69226.921749833  
1119.9460  68719.50592355493  
1120.0720  68586.90157745665  
1120.1970  68529.38556332921  
1120.3230  68612.46021078886  
1120.4480  68769.27799899135  
1120.5740  69072.27323397118  
1120.6990  69162.61918536604  
1120.8250  69268.69539094073  
1120.9510  69346.81343288456  
1121.0760  69380.96432370022  
1121.2020  69333.96746259904  
1121.3280  69376.72272973803  
1121.4530  69397.55501551236  
1121.5790  69441.26767100282  
1121.7050  69529.67460801496  
1121.8311  69710.71795716157  
1121.9570  69806.99002126363  
1122.0830  69862.33676305038  
1122.2080  69848.64247397243  
1122.3340  69824.18665507037  
1122.4600  69760.49003259801  
1122.5870  69692.06706256777  
1122.7130  69560.43222366087  
1122.8390  69481.96273536015  
1122.9650  69425.52529798311  
1123.0909  69357.70826994747  
1123.2170  69381.57026569481  
1123.3430  69567.08546676156  
1123.4690  69738.08229763771  
1123.5950  69845.5036944404  
1123.7220  69861.36725585903  
1123.8480  69772.96031884689  
1123.9740  69605.3567631405  
1124.1010  69407.84391058068  
1124.2271  69124.59026578494  
1124.3540  68910.48672141296  
1124.4800  68783.92967642078  
1124.6060  68699.65526381182  
1124.7330  68642.36950764233  
1124.8590  68649.88318837537  
1124.9860  68547.67289272623  
1125.1130  68105.40794970754  
1125.2390  67333.28030366849  
1125.3660  66459.65737353392  
1125.4919  65829.574649869  
1125.6190  65498.85150921631  
1125.7460  65710.04653201421  
1125.8719  66375.24965368613  
1125.9990  67155.8604876496  
1126.1260  67743.68481661112  
1126.2531  68150.10223122925  
1126.3800  68363.96339880339  
1126.5070  68528.77962133462  
1126.6340  68720.71780754412  
1126.7610  68885.77640687316  
1126.8879  69017.77481097684  
1127.0150  69020.31976735416  
1127.1420  68858.41206639702  
1127.2690  68615.85348595864  
1127.3960  68384.90475413676  
1127.5229  68101.40873254319  
1127.6500  67835.59409835204  
1127.7770  67664.24582111904  
1127.9041  67605.14223896574  
1128.0320  67623.06600316602  
1128.1591  67856.91113772207  
1128.2860  68263.08617554238  
1128.4130  68601.0685012904  
1128.5410  68814.45703410875  
1128.6680  68909.27483742376  
1128.7960  68604.8253416569  
1128.9230  68108.55884807947  
1129.0510  67663.76106752336  
1129.1780  67237.11730912546  
1129.3060  66857.95516542443  
1129.4330  66898.28666458502  
1129.5610  66998.4367574525  
1129.6880  66941.15100128303  
1129.8160  66951.20963839338  
1129.9430  67054.98326438859  
1130.0710  67069.64706065791  
1130.1990  67155.73929925066  
1130.3270  67553.91590274226  
1130.4540  67914.56045908832  
1130.5820  68105.89270330324  
1130.7100  68230.87429910943  
1130.8380  68263.2073639413  
1130.9659  68055.87825106895  
1131.0940  67860.30441289183  
1131.2220  67779.2899682138  
1131.3500  67672.83807860246  
1131.4780  67645.71611492417  
1131.6060  67733.88067513848  
1131.7340  67839.5933155164  
1131.8621  67984.19531310776  
1131.9900  68163.54202466947  
1132.1180  68219.48258961095  
1132.2460  68202.64952100097  
1132.3750  68155.05883674508  
1132.5031  68032.63431615608  
1132.6310  67880.6519450705  
1132.7590  67732.42641435143  
1132.8879  67478.96087801023  
1133.0160  67152.72170811756  
1133.1450  66724.26012373588  
1133.2729  66344.855603237  
1133.4010  66179.43343871119  
1133.5300  66239.49440921594  
1133.6580  66351.88453037436  
1133.7870  66653.66788136496  
1133.9150  66982.0884424382  
1134.0439  67196.43436360802  
1134.1730  67346.11415511412  
1134.3010  67615.32206447503  
1134.4301  67834.63671000057  
1134.5590  68003.56121925516  
1134.6870  68108.80122487732  
1134.8160  68140.40715931566  
1134.9449  68053.93923668622  
1135.0740  67859.21371730154  
1135.2030  67599.82206825315  
1135.3320  67369.60046682482  
1135.4600  67165.31318276536  
1135.5890  66997.34606186223  
1135.7180  66957.74169309516  
1135.8470  67037.78663058183  
1135.9760  67181.17674418399  
1136.1050  67383.65832109954  
1136.2340  67595.94403948772  
1136.3640  67801.5765147752  
1136.4930  67937.31964040549  
1136.6219  68008.04519001521  
1136.7510  68027.42321500252  
1136.8800  67961.90876654636  
1137.0100  67771.65509908184  
1137.1390  67428.94642577594  
1137.2679  66973.12050091811  
1137.3979  66513.91341973042  
1137.5270  66159.20709493144  
1137.6560  65947.04256494217  
1137.7860  65993.78493040561  
1137.9150  66022.11877807311  
1138.0450  65986.88931050706  
1138.1740  65921.13248525307  
1138.3040  65807.89404530222  
1138.4330  65735.12041175074  
1138.5630  66021.28257812058  
1138.6930  66341.58351646615  
1138.8220  66477.21757253743  
1138.9520  66539.21755742491  
1139.0820  66440.1581601477  
1139.2120  66135.35721802397  
1139.3409  65970.7833722906  
1139.4709  66083.88850500266  
1139.6010  66231.50809372711  
1139.7310  66399.11164943349  
1139.8610  66569.50253831502  
1139.9910  66606.42864346594  
1140.1210  66301.02175934763  
1140.2510  65943.89166657026  
1140.3810  65570.54656601738  
1140.5110  65143.66043082164  
1140.6410  64814.63392775381  
1140.7710  64892.98222765561  
1140.9010  65114.23588756387  
1141.0310  65403.30657550777  
1141.1620  65702.66615851998  
1141.2920  65923.05938079591  
1141.4220  66099.50968962343  
1141.5530  66223.02490580271  
1141.6830  66337.23285294493  
1141.8130  66559.20152440682  
1141.9440  66773.06269198096  
1142.0740  66644.57875144597  
1142.2040  66428.89975788802  
1142.3350  66123.96550852549  
1142.4650  65703.87804250917  
1142.5959  65360.18774317202  
1142.7271  65438.305785115874  
1142.8571  65678.6829743737  
1142.9880  66035.81306715109  
1143.1180  66464.74728628856  
1143.2490  66844.51537198419  
1143.3800  66968.1638954023  
1143.5110  66940.06030569274  
1143.6410  66629.44232042086  
1143.7720  66118.88771461074  
1143.9030  65628.78971053833  
1144.0341  65233.158063424074  
1144.1650  64969.88838561024  
1144.2960  65101.038470921485  
1144.4270  65456.33861887516  
1144.5580  65761.27286823769  
1144.6890  65979.98157176864  
1144.8199  66067.05543639266  
1144.9510  66021.40376651949  
1145.0820  66015.9502885681  
1145.2130  66055.1789732985  
1145.3440  66176.76729393494  
1145.4750  66404.91657374176  
1145.6071  66533.89738671233  
1145.7380  66547.21599175362  
1145.8690  66563.56430676793  
1146.0000  66558.83795921005  
1146.1320  66533.41263311665  
1146.2629  66609.33716504002  
1146.3950  66722.80586294884  
1146.5260  66809.87972757286  
1146.6570  66881.3324075761  
1146.7889  66938.84842170354  
1146.9210  66897.92309938825  
1147.0520  66749.69756866919  
1147.1840  66577.24647700602  
1147.3149  66404.79538534285  
1147.4470  66254.99440543781  
1147.5790  66218.06830028688  
1147.7100  66301.02175934763  
1147.8420  66396.32431625832  
1147.9740  66435.20155463187  
1148.1060  66403.95918539028  
1148.2371  66228.9631373498  
1148.3690  66002.7528719257  
1148.5010  65802.57387458962  
1148.6331  65696.48555017504  
1148.7650  65670.69665888489  
1148.8970  65833.93743223013  
1149.0291  66054.34277334594  
1149.1610  66227.50887656274  
1149.2930  66231.62928212604  
1149.4250  66147.10037387932  
1149.5570  65955.27125722884  
1149.6899  65741.89484325038  
1149.8220  65637.75765205841  
1149.9540  65757.6372162701  
1150.0861  65868.45188824255  
1150.2190  65917.49683328548  
1150.3510  65915.43663050384  
1150.4830  65812.74158125902  
1150.6160  65644.65327195697  
1150.7480  65610.86594633806  
1150.8800  65666.45506492267  
1151.0129  65782.71109600663  
1151.1450  65927.54335155594  
1151.2780  66019.82831733354  
1151.4100  65988.8162060499  
1151.5430  65876.80176892814  
1151.6760  65670.8178472838  
1151.8080  65449.927752572294  
1151.9410  65227.946962270515  
1152.0740  65038.311355640486  
1152.2061  64953.41888219701  
1152.3390  64987.448584613754  
1152.4720  65043.75271475199  
1152.6050  65137.12837611986  
1152.7380  65269.12678022353  
1152.8710  65362.97507634719  
1153.0040  65419.291325325314  
1153.1360  65480.92774501603  
1153.2700  65567.27447924654  
1153.4030  65658.0930653972  
1153.5360  65751.95348036074  
1153.6689  65847.49841406928  
1153.8020  65897.87643150034  
1153.9351  65863.8467290836  
1154.0680  65785.74080597964  
1154.2010  65691.15326062257  
1154.3350  65593.91168932916  
1154.4680  65571.51607320874  
1154.6010  65646.107532744  
1154.7340  65736.69586093671  
1154.8680  65799.3017878188  
1155.0010  65835.51288141609  
1155.1350  65774.83385007684  
1155.2679  65531.91170444168  
1155.4010  65259.068143113174  
1155.5350  65029.70697931716  
1155.6680  64797.800859143834  
1155.8020  64677.30323409766  
1155.9360  64795.377091165436  
1156.0690  64963.22302366965  
1156.2030  65126.82736221166  
1156.3370  65296.49112069968  
1156.4700  65402.943010311006  
1156.6040  65398.45903955097  
1156.7380  65362.12675755475  
1156.8719  65283.172515658356  
1157.0060  65230.734295445676  
1157.1400  65192.94775266241  
1157.2729  65133.25034735442  
1157.4070  65077.54004037089  
1157.5410  65074.26795360005  
1157.6750  65068.584217690695  
1157.8090  65056.477496638596  
1157.9430  65089.05293826829  
1158.0780  65160.493499431635  
1158.2120  65226.49270148347  
1158.3459  65202.64282457602  
1158.4800  65140.63072084865  
1158.6140  65025.82895055172  
1158.7490  64814.5127393549  
1158.8831  64499.04721812622  
1159.0170  64183.94526209431  
1159.1520  63658.86016725369  
1159.2860  63067.40018632458  
1159.4200  62622.8447825663  
1159.5551  62404.620832631044  
1159.6890  62463.712295944446  
1159.8240  62977.0663537696  
1159.9580  63613.80232053523  
1160.0930  64129.93159269566  
1160.2271  64482.214149516236  
1160.3621  64609.122640865266  
1160.4969  64291.59691685495  
1160.6310  63826.81516931693  
1160.7660  63307.42592922555  
1160.9010  62526.815095262085  
1161.0360  61777.20425374237  
1161.1710  61517.80048585409  
1161.3051  61431.09018642682  
1161.4399  61628.9787230233  
1161.5750  62339.71232616948  
1161.7100  63051.53662490595  
1161.8450  63512.076778481765  
1161.9800  63965.72131215905  
1162.1150  64241.59458346055  
1162.2500  64333.38267680256  
1162.3850  64475.30641077779  
1162.5200  64618.332959183186  
1162.6560  64626.80402826769  
1162.7910  64541.18442443071  
1162.9260  64406.28961759285  
1163.0610  64218.21734130888  
1163.1960  64067.56804261141  
1163.3320  64117.82487164355  
1163.4670  64253.3377393159  
1163.6021  64130.05278109458  
1163.7380  63857.10015020704  
1163.8730  63482.652235223984  
1164.0090  62909.734079329646  
1164.1440  62445.909720143085  
1164.2800  62509.73964985426  
1164.4160  62787.78219349644  
1164.5510  63169.974047170464  
1164.6870  63656.79996447204  
1164.8220  64027.600108647595  
1164.9580  64119.27913243058  
1165.0940  64072.53676696714  
1165.2300  63939.20529047535  
1165.3650  63767.84489440244  
1165.5010  63557.74056719482  
1165.6370  63268.06393725633  
1165.7729  62976.33922337609  
1165.9091  62735.222784884834  
1166.0450  62567.61922917846  
1166.1810  62525.36083447505  
1166.3170  62750.23802751102  
1166.4530  63161.97561284176  
1166.5890  63533.63619464963  
1166.7250  63704.63302552578  
1166.8610  63714.80073219516  
1166.9969  63558.346509189425  
1167.1340  63269.51819804337  
1167.2700  63094.52215000288  
1167.4060  63215.868093841484  
1167.5420  63449.834416796446  
1167.6790  63705.36015591929  
1167.8149  63979.40348239711  
1167.9510  64131.14347668486  
1168.0880  64111.40188650079  
1168.2240  64012.46367762249  
1168.3610  63868.843306062394  
1168.4969  63725.10174610337  
1168.6340  63566.696389875025  
1168.7700  63106.88336669272  
1168.9070  62534.19546875632  
1169.0439  62029.80935245124  
1169.1801  61503.3911852225  
1169.3170  61188.77398278626  
1169.4540  61553.042072260025  
1169.5909  62134.20103928093  
1169.7271  62637.8600251925  
1169.8640  63150.838398981  
1170.0010  63520.802343204006  
1170.1379  63532.54549905935  
1170.2750  63497.7886662491  
1170.4120  63544.2886549147  
1170.5490  63605.93719344532  
1170.6860  63647.4684577552  
1170.8230  63698.815982377615  
1170.9600  63689.738971298495  
1171.0970  63624.70927643803  
1171.2340  63583.77183528285  
1171.3719  63538.968484202116  
1171.5090  63509.18037574759  
1171.6460  63558.467697588356  
1171.7830  63615.01420452443  
1171.9210  63650.13460253145  
1172.0580  63678.34726180002  
1172.1960  63629.78707035277  
1172.3330  63500.57599942426  
1172.4700  63361.91223337999  
1172.6080  63215.74690544255  
1172.7450  63112.93066779882  
1172.8831  63137.76217073754  
1173.0210  63244.444318306814  
1173.1580  63351.62333831168  
1173.2960  63467.273427401036  
1173.4330  63540.90749858484  
1173.5710  63534.605701841  
1173.7090  63495.243709871786  
1173.8470  63426.22691668683  
1173.9840  63343.03108082825  
1174.1219  63291.31999100908  
1174.2600  63232.57997405255  
1174.3979  63161.12729404931  
1174.5360  63038.21801986464  
1174.6740  62828.46513901388  
1174.8120  62583.36160219817  
1174.9500  62283.0325119946  
1175.0880  61818.25076445657  
1175.2260  61298.97059392423  
1175.3640  60814.09580984527  
1175.5031  60351.48333464791  
1175.6410  60106.37979783219  
1175.7791  60335.619773229286  
1175.9170  60941.973808385665  
1176.0560  61697.753139410415  
1176.1940  62469.77171589044  
1176.3320  63085.32395052484  
1176.4709  63381.16906996837  
1176.6090  63424.89384429871  
1176.7469  63296.27659652491  
1176.8860  63082.900182546444  
1177.0250  62762.34474856313  
1177.1630  62376.0446081657  
1177.3020  62066.14163444746  
1177.4399  61867.05333270167  
1177.5790  61757.34147515938  
1177.7180  61886.18898089114  
1177.8560  62087.33748541856  
1177.9950  62139.16976363666  
1178.1340  61946.85589339049  
1178.2729  61641.206632474335  
1178.4110  61274.39358662325  
1178.5500  60941.48905478998  
1178.6890  60889.89915336973  
1178.8280  61326.46824163917  
1178.9670  61892.611966033895  
1179.1060  62403.53013704076  
1179.2450  62896.40335544844  
1179.3840  63180.3841306377  
1179.5229  63176.518220712154  
1179.6630  63120.20197173403  
1179.8020  63006.12733183062  
1179.9410  62828.94989260956  
1180.0800  62670.07190162542  
1180.2190  62537.1039903304  
1180.3590  62443.13450580782  
1180.4980  62476.92183142671  
1180.6379  62611.3318846689  
1180.7770  62717.299020684564  
1180.9160  62666.92100325351  
1181.0560  62481.99962534147  
1181.1949  62233.866378552746  
1181.3350  61943.47473706062  
1181.4740  61765.20660224929  
1181.6140  61874.80939023254  
1181.7540  62117.48915906987  
1181.8929  62304.10717456679  
1182.0330  62454.51409646641  
1182.1730  62510.95153384346  
1182.3130  62370.46994181538  
1182.4520  62025.21631213217  
1182.5920  61230.54762389399  
1182.7321  60149.607699726956  
1182.8719  59088.288177345086  
1183.0120  58115.860345571025  
1183.1520  57717.92611887729  
1183.2920  58336.980698240484  
1183.4320  59423.01053516215  
1183.5720  60496.08533223927  
1183.7120  61382.65118337849  
1183.8521  61766.17610944065  
1183.9919  61631.511560560735  
1184.1331  61334.93931072368  
1184.2729  61145.546080891494  
1184.4130  61278.63518058544  
1184.5530  61543.35911918632  
1184.6940  61782.88798965172  
1184.8340  62038.6561055724  
1184.9750  62168.473118495516  
1185.1150  62105.01887282099  
1185.2550  62049.06618903962  
1185.3960  62053.18659460291  
1185.5360  62066.14163444746  
1185.6770  62115.79252148499  
1185.8180  62165.56459692144  
1185.9580  62124.27570940938  
1186.0990  61992.27730530571  
1186.2400  61831.084615902204  
1186.3800  61688.6761283313  
1186.5210  61628.85753462438  
1186.6620  61688.79731673022  
1186.8030  61841.264441411484  
1186.9440  62001.96025837942  
1187.0850  62095.09354294945  
1187.2250  62103.56461203395  
1187.3660  62044.83671391732  
1187.5070  61959.94424047385  
1187.6479  61884.613531705174  
1187.7900  61804.56859421851  
1187.9310  61673.17613210943  
1188.0720  61174.728247351435  
1188.2130  60205.43919510941  
1188.3540  59153.19668380664  
1188.4950  58174.10349009199  
1188.6370  57449.808905106656  
1188.7780  57479.23344836444  
1188.9189  58208.012004109805  
1189.0610  58983.54504415852  
1189.2020  59627.673503258266  
1189.3440  60087.72890323841  
1189.4850  60186.6671121167  
1189.6260  60149.48651132804  
1189.7679  60249.63660419553  
1189.9100  60531.20573024629  
1190.0510  60927.68569615299  
1190.1930  61287.469814866716  
1190.3340  61532.81572848027  
1190.4760  61696.54125542121  
1190.6180  61752.6151276015  
1190.7600  61711.20505169054  
1190.9010  61703.69137095749  
1191.0430  61702.358298569365  
1191.1851  61677.29653767271  
1191.3270  61666.75314696667  
1191.4690  61661.43297625408  
1191.6110  61630.42086497045  
1191.7531  61597.845423340754  
1191.8950  61553.89039105247  
1192.0370  61487.648812202795  
1192.1790  61408.452193508565  
1192.3210  61313.39201339571  
1192.4640  61220.50110562352  
1192.6060  61169.759522995715  
1192.7480  61149.04842562028  
1192.8900  61139.72903774334  
1193.0330  61194.591025934424  
1193.1750  61296.92250998248  
1193.3170  61374.9072446875  
1193.4600  61413.178541066445  
1193.6021  61428.19378369263  
1193.7450  61394.89121166942  
1193.8870  61299.697724317746  
1194.0300  61225.2274531814  
1194.1720  61210.81815254981  
1194.3149  61207.90963097573  
1194.4580  61220.01635202784  
1194.6000  61250.16802567914  
1194.7430  61132.33654540921  
1194.8860  60887.717762189175  
1195.0291  60662.8405691532  
1195.1720  60380.55643154882  
1195.3140  60101.895827072156  
1195.4570  60043.6526825512  
1195.6000  60113.287536570635  
1195.7430  60133.86532670725  
1195.8860  60254.36295175342  
1196.0291  60459.99542704089  
1196.1720  60581.34137087949  
1196.3149  60667.79717466903  
1196.4580  60780.06610742853  
1196.6021  60820.14311095137  
1196.7450  60731.49379714139  
1196.8879  60554.44966515915  
1197.0310  60051.033056045424  
1197.1750  59267.51370050789  
1197.3180  58528.32506129528  
1197.4611  57832.24313557854  
1197.6050  57501.519994925824  
1197.7480  57888.668454115694  
1197.8920  58660.92940739356  
1198.0350  59319.58835552381  
1198.1790  59549.32520335648  
1198.3220  59186.37806743094  
1198.4659  58463.05298963697  
1198.6100  57593.914030262444  
1198.7531  57043.87624408419  
1198.8970  56991.801589068265  
1199.0410  57061.80000828446  
1199.1851  57129.73822471902  
1199.3280  57240.419589452664  
1199.4720  57381.99187707102  
1199.6160  57831.51600518501  
1199.7600  58608.61237557979  
1199.9041  59388.98083274541  
1200.0480  60165.48337998548  
1200.1920  60636.67599382637  
1200.3361  60697.59740196346  
1200.4800  60632.79796506093  
1200.6240  60539.676799330795  
1200.7679  60448.49464798338  
1200.9130  60404.042743259524  
1201.0570  60393.51147139337  
1201.2010  60364.208116534515  
1201.3459  60359.239392178795  
1201.4900  60383.452834283016  
1201.6340  60405.98175764224  
1201.7791  60434.0732285119  
1201.9230  60475.85898845952  
1202.0680  60468.22411932756  
1202.2120  60409.011467615244  
1202.3571  60335.135019633606  
1202.5010  60209.68078907161  
1202.6460  60051.517809641104  
1202.7910  59770.93030962161  
1202.9351  59021.19827970296  
1203.0800  57967.63481485197  
1203.2250  57008.02871568366  
1203.3690  56119.88741535847  
1203.5140  55797.02940179567  
1203.6591  56379.15787600794  
1203.8040  57301.219809190836  
1203.9490  58155.33140709928  
1204.0940  58969.97194347948  
1204.2390  59368.754488965664  
1204.3840  59424.58598434811  
1204.5291  59519.646164460966  
1204.6740  59645.71845585745  
1204.8190  59776.86854116868  
1204.9640  59897.244977815935  
1205.1100  59898.94161540081  
1205.2550  59779.89825114169  
1205.4000  59633.96318116221  
1205.5460  59469.02577023208  
1205.6910  59365.979274630394  
1205.8361  59370.45112655054  
1205.9821  59466.97768629033  
1206.1270  59605.62933349471  
1206.2729  59764.88300851549  
1206.4180  59872.41347487723  
1206.5640  59913.83566962808  
1206.7090  59920.367724329866  
1206.8550  59903.29227892204  
1207.0010  59886.09564511529  
1207.1460  59852.06594269855  
1207.2920  59818.76337067533  
1207.4380  59769.11248363781  
1207.5840  59632.157474018306  
1207.7290  59433.31154907035  
1207.8750  59144.96799151997  
1208.0210  58442.22070386262  
1208.1670  57265.00871559353  
1208.3130  56020.706829682335  
1208.4590  54876.05816420306  
1208.6050  54097.507533021235  
1208.7510  54295.38395077783  
1208.8970  55333.944291842534  
1209.0439  56574.12577219045  
1209.1899  57778.47184297772  
1209.3361  58738.18701170507  
1209.4821  59154.04500259908  
1209.6290  59220.650146645516  
1209.7750  59221.98321903364  
1209.9210  59155.3780749872  
1210.0680  58798.744854645396  
1210.2140  58213.34429366229  
1210.3610  57680.38195289187  
1210.5070  57157.70850718976  
1210.6541  56923.13624224019  
1210.8000  57167.52476750228  
1210.9470  57614.867504435715  
1211.0940  58002.2704592633  
1211.2400  58379.13002338486  
1211.3870  58581.85397709825  
1211.5341  58657.29375542596  
1211.6810  58741.459098475905  
1211.8270  58806.36760493746  
1211.9740  58895.86523753989  
1212.1210  58940.42621182278  
1212.2679  58938.366009041136  
1212.4150  58983.06029056283  
1212.5620  59052.44064894455  
1212.7090  59086.5915397602  
1212.8560  59102.939854774515  
1213.0031  59054.0160981305  
1213.1510  58949.030588146095  
1213.2980  58838.21591617364  
1213.4449  58744.48880844891  
1213.5920  58692.17177663514  
1213.7400  58703.18780209697  
1213.8870  58748.12446041651  
1214.0341  58820.29215197337  
1214.1820  58909.91097297472  
1214.3290  58971.668581064354  
1214.4771  58988.50164967435  
1214.6240  58988.01689607867  
1214.7720  58969.60837828271  
1214.9189  58942.849979801176  
1215.0670  58922.01769402683  
1215.2140  58905.42700221468  
1215.3621  58884.95828163709  
1215.5100  58848.39574168292  
1215.6580  58807.57948892666  
1215.8060  58786.020072758794  
1215.9530  58785.17175396636  
1216.1010  58799.35079663999  
1216.2490  58825.86681832369  
1216.3970  58849.24406047536  
1216.5450  58831.92623826969  
1216.6930  58785.41413076419  
1216.8409  58736.490374120185  
1216.9890  58689.02087826322  
1217.1370  58646.883671958734  
1217.2850  58625.68782098762  
1217.4340  58620.476719834056  
1217.5820  58594.68782854389  
1217.7300  58563.445459302304  
1217.8781  58547.09714428799  
1218.0270  58513.55219546694  
1218.1750  58462.32585924344  
1218.3240  58432.65893918783  
1218.4720  58408.55456664264  
1218.6200  58364.841911152194  
1218.7690  58308.16209697731  
1218.9180  58241.67814132979  
1219.0660  58165.02647901288  
1219.2150  58075.52884641045  
1219.3630  58036.288042840155  
1219.5120  58065.11876294322  
1219.6610  58142.86112085041  
1219.8101  58234.903709830156  
1219.9580  58348.85716133464  
1220.1071  58428.538533624545  
1220.2560  58458.205453680166  
1220.4050  58441.251196671255  
1220.5540  58404.0705958826  
1220.7030  58346.79695855301  
1220.8521  58285.996738814836  
1221.0010  58218.79777161369  
1221.1500  58155.08903030144  
1221.2990  58102.29936373188  
1221.4490  58038.71181081855  
1221.5980  57981.80173868571  
1221.7469  57958.060931337284  
1221.8960  57972.47023196887  
1222.0460  57978.89321711164  
1222.1949  58003.59141281153  
1222.3440  58019.103527873296  
1222.4940  57949.105108657095  
1222.6429  57808.017574634425  
1222.7930  57692.12510874722  
1222.9420  57560.126704643546  
1223.0920  57467.36910411017  
1223.2419  57506.71897723949  
1223.3910  57620.7936171429  
1223.5410  57733.0625499024  
1223.6910  57875.83460267006  
1223.8400  57980.10510110084  
1223.9900  58009.893209555376  
1224.1400  58007.46944157698  
1224.2900  57965.816988868166  
1224.4399  57896.42451164657  
1224.5900  57812.016791798786  
1224.7400  57713.32095971832  
1224.8900  57639.808076933456  
1225.0400  57592.944523071084  
1225.1899  57584.35226558765  
1225.3400  57607.23263530376  
1225.4900  57661.2463047024  
1225.6400  57712.83620612265  
1225.7910  57762.487093160176  
1225.9410  57752.31938649078  
1226.0909  57691.88273194938  
1226.2419  57601.06414579872  
1226.3920  57473.17402841844  
1226.5420  57374.47819633798  
1226.6930  57279.054451028365  
1226.8430  57000.64834218942  
1226.9940  56537.32085543845  
1227.1450  56132.236513208416  
1227.2950  55680.53099391387  
1227.4460  55490.289445289236  
1227.5959  55755.619325884705  
1227.7469  56269.44601846566  
1227.8979  56750.091327422306  
1228.0490  57248.418023781385  
1228.1990  57506.113035244896  
1228.3500  57513.505527579015  
1228.5010  57476.80968038604  
1228.6520  57438.29600720926  
1228.8030  57405.235811983875  
1228.9540  57380.77999308182  
1229.1050  57375.69008032718  
1229.2560  57362.85622888155  
1229.4070  57346.02316027156  
1229.5590  57324.34255570477  
1229.7100  57289.46453449559  
1229.8610  57213.90356776897  
1230.0120  57122.83048598058  
1230.1639  57045.08812807339  
1230.3149  56960.07446623101  
1230.4659  56923.98456103263  
1230.6180  56952.33052754001  
1230.7690  57012.02793284802  
1230.9210  57062.16357348122  
1231.0720  57082.389917260974  
1231.2240  57023.4075235066  
1231.3750  56926.16595221319  
1231.5270  56808.45566034218  
1231.6790  56682.27429938667  
1231.8300  56586.97174247597  
1231.9821  56540.82320016723  
1232.1340  56491.172313129704  
1232.2860  56469.14026220604  
1232.4380  56504.01828341522  
1232.5900  56568.92678987679  
1232.7419  56633.5929195405  
1232.8940  56714.84974101637  
1233.0460  56771.65074359018  
1233.1980  56786.181232620685  
1233.3500  56763.16755566578  
1233.5020  56734.591331200434  
1233.6541  56720.182030568845  
1233.8060  56690.2606148755  
1233.9580  56610.33686578775  
1234.1110  56510.67152651594  
1234.2629  56421.06482435448  
1234.4160  56297.41630093639  
1234.5680  56217.613740247565  
1234.7200  56222.824841401125  
1234.8730  56265.931554896975  
1235.0250  56279.3713483372  
1235.1780  56331.32481495421  
1235.3300  56360.38579301523  
1235.4830  56370.80799532235  
1235.6360  56399.384219787695  
1235.7880  56462.11133506869  
1235.9410  56514.54955528137  
1236.0940  56557.17151518154  
1236.2469  56578.24617775373  
1236.4000  56570.50223906274  
1236.5520  56540.5808233694  
1236.7050  56501.95808063358  
1236.8580  56470.230957796324  
1237.0110  56449.27748362306  
1237.1639  56445.399454857616  
1237.3170  56452.91313559066  
1237.4709  56454.00383118094  
1237.6240  56454.12501957986  
1237.7770  56455.80953832485  
1237.9301  56454.12501957986  
1238.0830  56440.188353704056  
1238.2371  56416.58085359444  
1238.3900  56385.70204954962  
1238.5430  56327.32559778985  
1238.6970  56216.76542145512  
1238.8500  56052.312764120674  
1239.0040  55907.10482453471  
1239.1570  55741.80384840782  
1239.3110  55563.79020923422  
1239.4640  55401.397754681406  
1239.6180  55345.08150570328  
1239.7720  55262.61280023822  
1239.9260  55306.822328164235  
1240.0790  55479.867242982116  
1240.2330  55707.53176919324  
1240.3870  55882.64900563266  
1240.5410  56057.63293483326  
1240.6949  56128.96442643758  
1240.8490  56102.32721635496  
1241.0031  56065.1466155663  
1241.1570  56053.888213306636  
1241.3110  56054.61534370015  
1241.4650  56013.19314894929  
1241.6190  55937.99574741943  
1241.7729  55861.695531459394  
1241.9270  55755.0133838901  
1242.0820  55611.259705091186  
1242.2360  55459.27733400561  
1242.3900  55333.944291842534  
1242.5450  55165.49241734372  
1242.6990  55108.32784957315  
1242.8540  55153.62807308944  
1243.0081  55149.62885592509  
1243.1630  55014.96430704518  
1243.3170  54931.889659585504  
1243.4720  54722.39127437248  
1243.6260  54597.28849016736  
1243.7810  54714.51402844268  
1243.9360  55001.2821368071  
1244.0909  55279.80943404496  
1244.2450  55586.68269779021  
1244.4000  55767.12010494221  
1244.5551  55815.559107990535  
1244.7100  55825.363249463175  
1244.8650  55815.68029638946  
1245.0200  55775.833550824565  
1245.1750  55721.95318866473  
1245.3300  55650.50050866149  
1245.4850  55584.380118210735  
1245.6400  55509.77653983557  
1245.7960  55432.276558726226  
1245.9510  55355.74608480824  
1246.1060  55274.246886534536  
1246.2610  55234.64251776747  
1246.4170  55258.12882947817  
1246.5720  55309.47635410058  
1246.7271  55316.262904440104  
1246.8831  55281.50607162984  
1247.0380  55221.202724327246  
1247.1940  55111.59993634399  
1247.3490  55070.18986043302  
1247.5050  55130.3720193367  
1247.6610  55259.09833666954  
1247.8160  55370.27657383875  
1247.9720  55491.48921043854  
1248.1281  55536.062303561324  
1248.2841  55515.95714818049  
1248.4390  55478.17060539723  
1248.5950  55446.928236155654  
1248.7510  55431.06467473703  
1248.9070  55434.33676150787  
1249.0630  55447.04942455457  
1249.2190  55448.74606213946  
1249.3750  55429.12566035431  
1249.5310  55391.945059565645  
1249.6880  55329.58150948141  
1249.8440  55272.913814146414  
1250.0000  55238.884111729676  
1250.1560  55212.961913200685  
1250.3130  55203.036583329136  
1250.4690  55215.749246375846  
1250.6250  55216.59756516829  
1250.7820  55165.49241734372  
1250.9380  55069.09916484274  
1251.0950  54955.3880901361  
1251.2510  54807.283747815956  
1251.4080  54691.02771673199  
1251.5640  54634.3479025571  
1251.7209  54611.576602400026  
1251.8781  54540.98436002912  
1252.0350  54423.27406815812  
1252.1910  54341.29011628873  
1252.3480  54239.685762634195  
1252.5050  54236.53486426227  
1252.6620  54362.59503681887  
1252.8190  54564.22829494198  
1252.9760  54686.54374597195  
1253.1331  54796.982733907746  
1253.2900  54827.25559595797  
1253.4470  54784.99720125456  
1253.6040  54743.45381810478  
1253.7610  54724.20910035629  
1253.9189  54714.150463245925  
1254.0760  54710.27243448049  
1254.2330  54711.96907206537  
1254.3900  54730.25640146239  
1254.5480  54751.452252433504  
1254.7050  54744.059760099386  
1254.8630  54700.225916210016  
1255.0200  54663.8936342138  
1255.1780  54608.92257646368  
1255.3350  54568.5910773031  
1255.4930  54547.75879152875  
1255.6500  54547.75879152875  
1255.8080  54524.27247981805  
1255.9659  54486.24356023695  
1256.1240  54427.867108477185  
1256.2810  54396.745927634525  
1256.4390  54349.03405497972  
1256.5970  54317.18574374354  
1256.7550  54281.217026944076  
1256.9130  54263.65682794058  
1257.0710  54223.33744761988  
1257.2290  54247.914454920865  
1257.3870  54307.01803707415  
1257.5450  54410.428097872595  
1257.7030  54504.40970123506  
1257.8621  54575.62000444046  
1258.0200  54552.96989268231  
1258.1780  54460.44255010688  
1258.3361  54286.91288169332  
1258.4950  54126.09587632647  
1258.6530  54054.522007924315  
1258.8120  54071.9610185289  
1258.9700  54172.59586499207  
1259.1290  54347.33741739484  
1259.2870  54497.865527693386  
1259.4460  54593.410461401916  
1259.6040  54651.665724762766  
1259.7629  54651.42334796493  
1259.9220  54598.50037415656  
1260.0811  54508.53010679834  
1260.2400  54421.092676977554  
1260.3979  54344.55008421968  
1260.5570  54320.70020731222  
1260.7159  54367.079007578905  
1260.8750  54458.03090096837  
1261.0341  54508.53010679834  
1261.1930  54469.652868424804  
1261.3521  54290.184968464164  
1261.5110  54018.674479523776  
1261.6700  53768.723406751255  
1261.8300  53601.2410394438  
1261.9890  53614.92320968187  
1262.1479  53766.29963877285  
1262.3070  53985.6142842984  
1262.4670  54190.398440793426  
1262.6260  54349.39762017648  
1262.7860  54407.168129941645  
1262.9449  54405.59268075569  
1263.1050  54393.11027566693  
1263.2640  54373.86555791843  
1263.4240  54350.24593896892  
1263.5830  54242.10953061259  
1263.7430  54026.43053705465  
1263.9030  53827.57249326681  
1264.0630  53599.54440185892  
1264.2230  53496.72816421518  
1264.3820  53576.42165534498  
1264.5420  53720.647968899684  
1264.7020  53744.8614110039  
1264.8621  53807.23707992803  
1265.0220  53722.82936008024  
1265.1820  53627.63587272857  
1265.3420  53662.87745913452  
1265.5020  53809.17609431075  
1265.6630  53946.737045924856  
1265.8230  54115.06773202475  
1265.9830  54198.26356788334  
1266.1429  54191.12557118695  
1266.3040  54127.29564147578  
1266.4640  53973.87112844305  
1266.6250  53741.23787787619  
1266.7850  53524.5893771269  
1266.9449  53324.41037979082  
1267.1060  53270.27552199325  
1267.2660  53356.01631422916  
1267.4270  53513.318856027334  
1267.5880  53558.619079543634  
1267.7490  53443.2113672521  
1267.9091  53213.110954222684  
1268.0699  52881.66068317646  
1268.2310  52647.20960662581  
1268.3920  52637.40546515318  
1268.5520  52829.34365136269  
1268.7140  53059.322875993195  
1268.8750  53358.56127060648  
1269.0360  53564.90875744758  
1269.1970  53647.1350861148  
1269.3580  53699.20974113074  
1269.5190  53718.83014291589  
1269.6801  53710.60145062922  
1269.8409  53716.28518653857  
1270.0020  53716.40637493748  
1270.1639  53731.906371159355  
1270.3250  53765.81488517718  
1270.4871  53800.08696439175  
1270.6479  53815.950525810375  
1270.8101  53821.04043856502  
1270.9709  53787.85905494072  
1271.1331  53718.83014291589  
1271.2939  53654.28520165109  
1271.4561  53586.34698521653  
1271.6180  53538.998677758485  
1271.7791  53525.31650752041  
1271.9410  53530.273113036244  
1272.1030  53538.63511256172  
1272.2650  53559.34620993715  
1272.4270  53562.6061778681  
1272.5890  53537.66560537036  
1272.7500  53502.78758416118  
1272.9120  53446.350146784134  
1273.0740  53379.98737953553  
1273.2371  53303.69928241539  
1273.3990  53235.761065980834  
1273.5610  53167.9440379452  
1273.7230  53092.98901321317  
1273.8850  53025.17198517753  
1274.0480  52987.14306559643  
1274.2100  52960.14229031706  
1274.3719  52980.47770365584  
1274.5350  53041.399111792925  
1274.6970  53111.2763426102  
1274.8600  53174.12464629012  
1275.0220  53239.03315275167  
1275.1851  53271.60859438137  
1275.3480  53292.319691756806  
1275.5100  53303.57809401647  
1275.6730  53301.15432603807  
1275.8361  53290.38067737408  
1275.9980  53275.72899994465  
1276.1610  53259.50187332926  
1276.3240  53245.08045385778  
1276.4871  53236.97294997003  
1276.6500  53224.62385212009  
1276.8130  53214.32283821188  
1276.9760  53197.48976960189  
1277.1390  53174.488211486874  
1277.3020  53145.172737788125  
1277.4650  53108.00425583936  
1277.6290  53069.12701746582  
1277.7920  53026.62624596457  
1277.9550  52991.38465955863  
1278.1190  52960.99060910949  
1278.2820  52933.856526591306  
1278.4449  52898.008998190766  
1278.6090  52841.462491254686  
1278.7720  52741.55477518503  
1278.9360  52644.555580689455  
1279.0990  52534.71041590836  
1279.2629  52448.12130488001  
1279.4270  52390.48410235366  
1279.5900  52362.27144308508  
1279.7540  52312.25699085079  
1279.9180  52274.34925966861  
1280.0820  52210.04669520166  
1280.2460  52117.882917822986  
1280.4100  51955.97521686585  
1280.5740  51682.64690194166  
1280.7380  51341.87724301848  
1280.9020  50920.808150970915  
1281.0660  50459.66205540049  
1281.2300  49968.715732535646  
1281.3940  49284.26789311521  
1281.5580  48218.949153568974  
1281.7230  46918.20983028072  
1281.8870  45671.24179959328  
1282.0510  44709.102862887536  
1282.2159  44521.151775002494  
1282.3800  45145.78102071601  
1282.5450  46293.44727732839  
1282.7090  47598.185817781006  
1282.8740  48797.56316421256  
1283.0380  49591.12903802057  
1283.2030  50100.95651343715  
1283.3680  50468.011936086084  
1283.5320  50763.50560917274  
1283.6970  51025.32102619953  
1283.8621  51228.893298705356  
1284.0270  51391.40694165709  
1284.1920  51505.36039316158  
1284.3571  51579.47921794106  
1284.5210  51615.67819269846  
1284.6870  51668.843543304676  
1284.8521  51672.84276046904  
1285.0170  51672.72157207011  
1285.1820  51685.67661191466  
1285.3470  51686.40374230818  
1285.5120  51675.75128204311  
1285.6780  51705.418202098735  
1285.8430  51737.38770173383  
1286.0081  51763.55227706066  
1286.1740  51836.2047222132  
1286.3390  51932.47678631526  
1286.5050  52015.066680179254  
1286.6700  52090.27620054901  
1286.8361  52122.851642178706  
1287.0010  52130.595580869696  
1287.1670  52118.125294620826  
1287.3330  52114.24726585539  
1287.4980  52124.66946816251  
1287.6639  52095.123736505804  
1287.8300  51980.443154607805  
1287.9960  51889.24888442049  
1288.1620  51756.644538322216  
1288.3280  51680.720006398835  
1288.4940  51699.11640535489  
1288.6600  51806.53780215759  
1288.8260  51898.68946069636  
1288.9919  52025.85244768313  
1289.1580  52093.79066411768  
1289.3240  52070.8981755617  
1289.4910  51979.35245901752  
1289.6570  51792.85563191952  
1289.8230  51436.93742313134  
1289.9900  51148.484796021934  
1290.1560  50908.94380671665  
1290.3230  50866.552104774426  
1290.4890  50995.41172934607  
1290.6560  51270.18218621741  
1290.8220  51411.02734344224  
1290.9890  51567.966320043655  
1291.1560  51586.37483783961  
1291.3220  51568.08750844257  
1291.4890  51598.23918209388  
1291.6560  51682.88927873951  
1291.8230  51739.81146971223  
1291.9900  51806.53780215759  
1292.1570  51840.32512777649  
1292.3240  51856.188689195114  
1292.4910  51889.370072819416  
1292.6580  51916.492036497715  
1292.8250  51922.672644842634  
1292.9919  51885.128478857216  
1293.1591  51758.3411759071  
1293.3260  51560.707134948345  
1293.4940  51371.90772827087  
1293.6610  51207.091505739656  
1293.8280  51128.137263843266  
1293.9960  51170.51684694559  
1294.1630  51289.923776401476  
1294.3311  51413.087546223884  
1294.4980  51545.69189232216  
1294.6660  51625.13088781423  
1294.8340  51636.26810167498  
1295.0010  51638.81305805229  
1295.1689  51636.75285527065  
1295.3370  51634.5714640901  
1295.5050  51650.919779104406  
1295.6720  51691.49365506282  
1295.8400  51715.585908768124  
1296.0081  51721.76651711304  
1296.1760  51703.84275291277  
1296.3440  51666.056210129515  
1296.5120  51637.60117406309  
1296.6801  51599.69344288092  
1296.8490  51530.43427289813  
1297.0170  51466.60434318696  
1297.1851  51354.22634086843  
1297.3530  51199.57782500661  
1297.5220  51026.29053339089  
1297.6899  50915.245603460484  
1297.8590  50809.88440943943  
1298.0270  50843.18698146265  
1298.1949  50959.44301254661  
1298.3640  51120.50239471131  
1298.5330  51275.39328737097  
1298.7010  51420.346731319194  
1298.8700  51471.45187914376  
1299.0389  51467.33147358048  
1299.2070  51453.04336134781  
1299.3760  51431.25368722199  
1299.5450  51404.60435829948  
1299.7140  51372.15010506871  
1299.8831  51330.37646396097  
1300.0520  51283.74316805656  
1300.2209  51231.07468988592  
1300.3900  51192.68220510807  
1300.5590  51165.54812258987  
1300.7280  51161.80340106325  
1300.8979  51152.83545954317  
1301.0670  51112.27370242464  
1301.2360  51004.85230562194  
1301.4060  50892.71668010125  
1301.5750  50759.50639200838  
1301.7440  50658.386791949524  
1301.9139  50643.1291725255  
1302.0830  50681.279280505514  
1302.2531  50716.157301714695  
1302.4220  50737.341033845914  
1302.5920  50726.80976197976  
1302.7620  50588.87312632901  
1302.9320  50457.48066421993  
1303.1010  50328.75434688709  
1303.2710  50194.57455160286  
1303.4410  50132.81694351322  
1303.6110  50166.84664592996  
1303.7810  50193.968609608266  
1303.9510  50245.07375743283  
1304.1210  50355.63393376756  
1304.2910  50425.02641098915  
1304.4611  50522.14679388365  
1304.6310  50620.357872368426  
1304.8020  50696.17333473278  
1304.9720  50717.357066863995  
1305.1420  50737.94697584051  
1305.3130  50738.18935263835  
1305.4830  50723.65886360784  
1305.6530  50698.960667907944  
1305.8240  50713.12759174169  
1305.9950  50710.09788176869  
1306.1650  50707.0681717957  
1306.3361  50729.83947195276  
1306.5060  50746.30897536599  
1306.6770  50716.03611331577  
1306.8480  50646.64363609417  
1307.0190  50554.116293518746  
1307.1899  50445.8586967635  
1307.3600  50354.90680337403  
1307.5310  50311.92127827711  
1307.7020  50314.95098825011  
1307.8730  50329.48147728062  
1308.0439  50375.617900749465  
1308.2159  50415.94939991004  
1308.3870  50426.72304857404  
1308.5580  50424.17809219671  
1308.7290  50409.76879156512  
1308.9010  50389.05769418969  
1309.0720  50376.46621954191  
1309.2430  50384.573723429654  
1309.4150  50391.72383896594  
1309.5861  50380.95019030195  
1309.7581  50305.86185833111  
1309.9290  50213.104257797735  
1310.1010  50064.393973482984  
1310.2729  49935.77672570918  
1310.4440  49861.54883137068  
1310.6160  49852.82326664844  
1310.7880  49894.245461399296  
1310.9600  50004.19969573942  
1311.1310  50097.817733905125  
1311.3030  50151.45571926712  
1311.4750  50154.121864043365  
1311.6470  50078.43970891782  
1311.8190  49950.80408717526  
1311.9919  49610.14349781112  
1312.1639  48960.319183962136  
1312.3361  48417.91626691585  
1312.5081  47846.68262976649  
1312.6810  47649.16977720665  
1312.8530  47887.37769412382  
1313.0250  48476.28059983572  
1313.1980  48967.46929949841  
1313.3700  49456.94924273633  
1313.5430  49644.90033062137  
1313.7150  49605.05358505648  
1313.8879  49600.58173313633  
1314.0601  49658.461312460524  
1314.2330  49769.14267719416  
1314.4060  49785.73336900632  
1314.5790  49708.47576469481  
1314.7510  49394.82806944993  
1314.9240  48695.95881055802  
1315.0970  48052.79985864963  
1315.2700  47440.50759194618  
1315.4430  47168.28209145216  
1315.6160  47339.872745483  
1315.7889  47934.24124798619  
1315.9630  48531.62734162249  
1316.1360  49157.83203652196  
1316.3090  49516.65876688422  
1316.4821  49603.84170106728  
1316.6560  49608.204483428395  
1316.8290  49593.43161760005  
1317.0031  49592.94686400436  
1317.1760  49619.22050889022  
1317.3490  49565.70371192715  
1317.5229  49373.511030079906  
1317.6970  49182.542351061755  
1317.8700  48927.86493073135  
1318.0439  48828.563156656295  
1318.2180  48892.86572112326  
1318.3920  49123.43876890846  
1318.5649  49322.28469385641  
1318.7390  49561.82568316171  
1318.9130  49645.506272615974  
1319.0870  49636.65951949482  
1319.2610  49610.50706300788  
1319.4351  49575.38666500086  
1319.6090  49542.69003497224  
1319.7841  49498.12906068935  
1319.9580  49439.63142053066  
1320.1320  49379.32807322806  
1320.3060  49305.209248448584  
1320.4810  49241.51262597623  
1320.6550  49166.799978042036  
1320.8290  49121.62094292466  
1321.0040  49044.24215021424  
1321.1780  49015.423548951054  
1321.3530  48973.03184700884  
1321.5280  48972.06233981748  
1321.7020  48984.665933305165  
1321.8770  49046.18116459696  
1322.0520  49075.242142657975  
1322.2271  49120.65143573331  
1322.4010  49143.42273589037  
1322.5760  49140.029460720616  
1322.7510  49126.34729048254  
1322.9260  49107.81758428767  
1323.1010  49060.71165362747  
1323.2760  49031.04473357185  
1323.4520  49018.33207052514  
1323.6270  49028.62096559344  
1323.8020  49062.529479611265  
1323.9771  49122.105696520346  
1324.1530  49169.57519237731  
1324.3280  49195.86095610306  
1324.5031  49191.49817374194  
1324.6790  49138.33282313573  
1324.8540  49054.28866848471  
1325.0300  48969.51738344016  
1325.2050  48882.334449257105  
1325.3810  48848.183558441444  
1325.5570  48850.60732641985  
1325.7321  48870.700362960786  
1325.9080  48838.003732932164  
1326.0840  48803.48927691975  
1326.2600  48655.26374620068  
1326.4360  48515.400215007096  
1326.6121  48399.99250271558  
1326.7880  48349.97805048128  
1326.9640  48368.99251027183  
1327.1400  48482.8247733774  
1327.3160  48606.94593155127  
1327.4919  48714.48851675289  
1327.6689  48785.57763155937  
1327.8450  48755.89859266386  
1328.0210  48634.201202468386  
1328.1980  48498.08239280143  
1328.3740  48243.16259567319  
1328.5510  47842.19865900644  
1328.7271  47557.7331302215  
1328.9041  47289.37353965304  
1329.0800  47171.67536662192  
1329.2570  47219.75080447349  
1329.4340  47479.627207117555  
1329.6100  47627.97392623554  
1329.7870  47912.07588982372  
1329.9640  48082.46677870525  
1330.1410  48214.707559606766  
1330.3180  48316.31191326131  
1330.4950  48443.70515820602  
1330.6720  48460.174661619254  
1330.8490  48430.62892996255  
1331.0260  48398.17467673177  
1331.2030  48382.43230371206  
1331.3810  48323.20753315985  
1331.5580  48121.21070983998  
1331.7350  47792.42658357  
1331.9130  47469.33831204924  
1332.0900  47191.4048379661  
1332.2679  47152.539718432454  
1332.4449  47365.06781361847  
1332.6230  47719.531761619604  
1332.8000  48065.391333297426  
1332.9780  48352.76538365645  
1333.1560  48450.370520146615  
1333.3330  48472.64494786812  
1333.5110  48460.05347322033  
1333.6890  48460.29585001817  
1333.8669  48444.189911801695  
1334.0450  48433.29507473879  
1334.2230  48422.75168403275  
1334.4010  48429.053480776594  
1334.5790  48423.96356802195  
1334.7570  48426.023770803586  
1334.9351  48366.93230749019  
1335.1140  48211.31428443701  
1335.2920  48071.1962576057  
1335.4700  47913.045397015085  
1335.6479  47852.742049712484  
1335.8270  47897.30302399537  
1336.0050  48048.437076288516  
1336.1840  48170.75252731848  
1336.3621  48310.85843530991  
1336.5410  48329.38814150477  
1336.7200  48266.418649425934  
1336.8979  48160.33032501136  
1337.0770  48063.573507313624  
1337.2560  47969.60402279105  
1337.4351  47922.84953848771  
1337.6140  47894.879256016975  
1337.7930  47894.03093722453  
1337.9720  47883.378476959464  
1338.1510  47855.274887249914  
1338.3300  47817.62165170547  
1338.5090  47762.396098317615  
1338.6880  47646.26125563257  
1338.8669  47472.59827998019  
1339.0470  47174.81414615395  
1339.2260  46903.07339925561  
1339.4050  46672.863916667164  
1339.5850  46636.531634670944  
1339.7640  46767.92409678002  
1339.9440  47069.949824568466  
1340.1230  47369.67297277744  
1340.3030  47648.56383521205  
1340.4830  47790.6087575862  
1340.6620  47794.36559795272  
1340.8420  47759.48757674354  
1341.0220  47689.973911123016  
1341.2020  47617.563842768315  
1341.3820  47544.29333678128  
1341.5620  47523.218674209085  
1341.7419  47502.034942077866  
1341.9220  47512.08146034834  
1342.1021  47550.71632192404  
1342.2820  47590.79332544688  
1342.4620  47596.12561499936  
1342.6420  47621.80543673051  
1342.8230  47586.56385032457  
1343.0031  47516.32305431054  
1343.1830  47475.143236357515  
1343.3640  47450.68741745546  
1343.5439  47451.535736247904  
1343.7250  47502.15613047679  
1343.9050  47563.792550167505  
1344.0861  47610.05016203527  
1344.2670  47660.428179466326  
1344.4470  47681.26046524067  
1344.6281  47671.807770124906  
1344.8090  47632.09433179882  
1344.9900  47576.14164801745  
1345.1710  47481.44503310136  
1345.3521  47402.248414407135  
1345.5330  47308.75156464035  
1345.7140  47221.932195654044  
1345.8950  47140.905632136135  
1346.0760  47100.82862861328  
1346.2570  47072.615969344704  
1346.4390  47116.08624803731  
1346.6200  47191.28364956717  
1346.8010  47275.44899261712  
1346.9830  47343.38720905168  
1347.1639  47359.49314726816  
1347.3459  47330.67454600498  
1347.5270  47282.962673350165  
1347.7090  47256.313344427654  
1347.8910  47252.68981129995  
1348.0720  47279.5693981804  
1348.2540  47303.18901712992  
1348.4360  47301.97713314072  
1348.6180  47246.872768151785  
1348.8000  47183.05495728051  
1348.9810  47111.48108887835  
1349.1639  47038.10151333229  
1349.3459  46922.45142424292  
1349.5280  46837.437762400536  
1349.7100  46704.712227903336  
1349.8920  46585.66886364421  
1350.0740  46454.761155130815  
1350.2570  46427.02113061803  
1350.4390  46414.55084436916  
1350.6210  46514.337372039896  
1350.8040  46591.11022275573  
1350.9860  46704.59103950442  
1351.1689  46778.940122241846  
1351.3510  46886.96746103914  
1351.5341  46947.75556193742  
1351.7170  47013.27001039358  
1351.8990  47055.176958740114  
1352.0820  47095.85990425756  
1352.2650  47086.055762784934  
1352.4480  47051.42011837359  
1352.6310  47008.180097638935  
1352.8140  46972.34468807829  
1352.9969  46933.103884508  
1353.1801  46890.59099416685  
1353.3630  46838.164892794055  
1353.5460  46796.98507484103  
1353.7290  46760.41041604698  
1353.9130  46756.05975252575  
1354.0959  46767.31815478541  
1354.2800  46747.9401297981  
1354.4630  46617.63836327931  
1354.6460  46495.0805354515  
1354.8300  46290.18730939744  
1355.0140  46079.707298153175  
1355.1970  45985.859002029516  
1355.3810  45979.92077048244  
1355.5649  46014.79879169161  
1355.7480  46132.9938371583  
1355.9320  46232.65917643012  
1356.1160  46171.14394513832  
1356.3000  46009.34531374022  
1356.4840  45833.63425414609  
1356.6680  45612.62297103567  
1356.8521  45551.471304940635  
1357.0360  45663.36455366348  
1357.2200  45882.073257194425  
1357.4050  46036.600584657324  
1357.5890  46244.03876708871  
1357.7729  46290.793251392046  
1357.9580  46295.265103312195  
1358.1420  46331.355008510574  
1358.3270  46391.537167414244  
1358.5110  46415.76272835836  
1358.6960  46410.5516272048  
1358.8800  46321.67205543686  
1359.0649  46087.948109279736  
1359.2500  45911.61898885112  
1359.4340  45702.120603638105  
1359.6190  45624.98418772552  
1359.8040  45581.98654378869  
1359.9890  45702.7265456327  
1360.1740  45763.029892935294  
1360.3590  45924.2225823388  
1360.5439  46026.54194754696  
1360.7290  46162.41838041608  
1360.9150  46255.30928818826  
1361.1000  46337.89918205226  
1361.2850  46351.33897549249  
1361.4700  46333.65758809005  
1361.6560  46303.990668034436  
1361.8409  46257.12711417207  
1362.0270  46188.58295574291  
1362.2120  46016.495429276496  
1362.3979  45771.39189246078  
1362.5830  45513.684762157376  
1362.7690  45310.11248965154  
1362.9550  45234.43033452599  
1363.1410  45343.415061674765  
1363.3270  45521.0772544915  
1363.5120  45704.301994818656  
1363.6980  45852.89109073448  
1363.8840  45885.5877207631  
1364.0699  45785.195251097764  
1364.2560  45734.211291672116  
1364.4430  45666.63664043432  
1364.6290  45674.9986399598  
1364.8149  45737.48337844296  
1365.0010  45845.86216359712  
1365.1880  45907.14713693097  
1365.3740  45975.679176520236  
1365.5610  45953.88950239442  
1365.7469  45865.84613057903  
1365.9340  45792.454436193075  
1366.1200  45711.803556711806  
1366.3070  45663.60693046132  
1366.4940  45559.942374025144  
1366.6801  45453.5026032537  
1366.8669  45353.110133588365  
1367.0540  45302.6109277584  
1367.2410  45313.14219962455  
1367.4280  45390.41192277594  
1367.6150  45521.19844289042  
1367.8020  45610.32039145619  
1367.9890  45644.59247067077  
1368.1760  45488.986566457475  
1368.3630  45324.89747431978  
1368.5510  45055.56837655995  
1368.7380  44943.78419739613  
1368.9250  44863.375694712704  
1369.1130  44918.11649450488  
1369.3000  45001.19114196454  
1369.4880  45093.706365700076  
1369.6750  45033.28182999857  
1369.8630  44984.23688495564  
1370.0510  44911.693509362114  
1370.2380  44882.75371970002  
1370.4260  44933.85886752459  
1370.6140  45001.91827235807  
1370.8020  44962.67746878777  
1370.9900  44957.23610967626  
1371.1780  44896.799455134846  
1371.3660  44910.008990617134  
1371.5540  45000.22163477319  
1371.7419  45185.38538948307  
1371.9301  45330.94477542589  
1372.1190  45460.640599950086  
1372.3070  45526.39742520408  
1372.4950  45510.04911018978  
1372.6840  45461.97367233821  
1372.8719  45425.88376713983  
1373.0610  45379.98972046882  
1373.2490  45373.21528896919  
1373.4380  45378.77783647962  
1373.6260  45417.17032125748  
1373.8149  45419.83646603372  
1374.0040  45348.26259763156  
1374.1930  45155.47609262961  
1374.3820  44957.84205167086  
1374.5699  44773.16305055666  
1374.7590  44708.49692089294  
1374.9480  44741.435927719394  
1375.1379  44825.9648359661  
1375.3270  44769.28502179121  
1375.5160  44713.574714807684  
1375.7050  44467.01691720492  
1375.8940  44327.39576280918  
1376.0840  44211.36998968317  
1376.2729  44268.17099225698  
1376.4620  44339.62367226021  
1376.6520  44532.53136566108  
1376.8420  44670.58918971076  
1377.0310  44826.81315475854  
1377.2209  44933.49530232783  
1377.4100  44925.87255203576  
1377.6000  44869.55630305763  
1377.7900  44757.178300739106  
1377.9800  44673.13414608808  
1378.1700  44679.06025879527  
1378.3600  44780.543424050884  
1378.5500  44913.87490054268  
1378.7400  45043.449536667955  
1378.9301  45127.0089377233  
1379.1200  45120.113317824755  
1379.3101  45067.91747440991  
1379.5010  44948.3893565551  
1379.6910  44854.78343722928  
1379.8810  44760.68064546789  
1380.0720  44730.40778341767  
1380.2620  44725.45117790185  
1380.4530  44793.268205937486  
1380.6429  44824.99532877474  
1380.8340  44868.82917266411  
1381.0250  44872.70720142955  
1381.2150  44832.73926746573  
1381.4060  44697.83234178797  
1381.5970  44566.561068077826  
1381.7880  44376.80427304887  
1381.9790  44241.654970573276  
1382.1700  44151.67258437517  
1382.3610  44171.65655135708  
1382.5520  44215.732772044285  
1382.7430  44326.547444016745  
1382.9351  44358.274566854  
1383.1260  44406.22881630665  
1383.3170  44424.39495730476  
1383.5090  44483.849985814915  
1383.7000  44552.15176744624  
1383.8910  44634.256907714545  
1384.0830  44673.37652288592  
1384.2750  44699.892544569615  
1384.4659  44605.801871648124  
1384.6580  44490.87891295228  
1384.8500  44321.94228485778  
1385.0420  44213.793757661566  
1385.2330  44151.914961173  
1385.4250  44195.385239865616  
1385.6169  44280.398901708  
1385.8090  44436.986431952544  
1386.0010  44510.62050313634  
1386.1930  44457.212775732296  
1386.3860  44383.09395095282  
1386.5780  44234.74723183484  
1386.7700  44157.61081592225  
1386.9630  44125.39893948931  
1387.1550  44177.71597130308  
1387.3470  44207.9888333533  
1387.5400  44273.018528213775  
1387.7321  44288.154959238884  
1387.9250  44295.656521132034  
1388.1180  44331.74642633041  
1388.3101  44377.531403442394  
1388.5031  44418.577914156594  
1388.6960  44435.532171165505  
1388.8890  44451.88048617982  
1389.0820  44445.33631263813  
1389.2750  44352.09395850908  
1389.4680  44124.55062069687  
1389.6610  43906.20548236269  
1389.8540  43679.61953290195  
1390.0470  43600.422914207724  
1390.2410  43658.07223557396  
1390.4340  43845.52645102344  
1390.6270  44013.130006729814  
1390.8210  44190.42863434979  
1391.0140  44240.564274983  
1391.2080  44246.126822493425  
1391.4010  44251.70148884375  
1391.5950  44242.382100966795  
1391.7880  44219.004858815126  
1391.9821  44158.70151151253  
1392.1760  44070.53695129822  
1392.3700  43989.03775302451  
1392.5640  43942.658952757825  
1392.7581  43917.46388462235  
1392.9520  43928.0072753284  
1393.1460  43949.433384257456  
1393.3400  43948.4638770661  
1393.5341  43889.857167348375  
1393.7280  43789.46469768304  
1393.9220  43676.48075336992  
1394.1169  43601.513609798  
1394.3110  43611.8146237062  
1394.5060  43671.5120290142  
1394.7000  43665.57379746712  
1394.8950  43635.66450061366  
1395.0890  43553.80173714319  
1395.2841  43472.06016207165  
1395.4790  43467.81856810945  
1395.6730  43570.7559941521  
1395.8680  43681.19498208791  
1396.0630  43801.813795532995  
1396.2581  43834.146860364846  
1396.4530  43807.75202708007  
1396.6479  43765.723890334615  
1396.8430  43769.35954230221  
1397.0380  43777.600353428774  
1397.2340  43812.46625579806  
1397.4290  43831.84428078537  
1397.6240  43838.02488913029  
1397.8190  43823.25202330194  
1398.0150  43796.48150598051  
1398.2100  43772.99519426982  
1398.4060  43738.601926656316  
1398.6010  43728.55540838585  
1398.7970  43718.860336472244  
1398.9930  43709.78332539314  
1399.1880  43638.451833788815  
1399.3840  43387.65244222386  
1399.5800  43074.48950057466  
1399.7760  42741.584968741394  
1399.9720  42494.30004074511  
1400.1680  42461.96697591325  
1400.3640  42579.3137025875  
1400.5601  42641.07131067714  
1400.7560  42782.14672585992  
1400.9530  42795.71982653897  
1401.1490  42816.29761667558  
1401.3450  42918.50791232471  
1401.5420  43088.171670812735  
1401.7380  43203.94294830102  
1401.9351  43351.56253702548  
1402.1310  43359.19740615744  
1402.3280  43311.48553350263  
1402.5250  43206.00315108265  
1402.7209  43092.53445317385  
1402.9180  42919.113854319316  
1403.1150  42831.434047700684  
1403.3120  42766.40435284022  
1403.5090  42846.21903236893  
1403.7061  42883.62989111554  
1403.9030  43000.249487396264  
1404.1000  43001.82493658222  
1404.2970  43012.00476209151  
1404.4940  42899.85701773093  
1404.6920  42880.478992743614  
1404.8890  42825.38674659458  
1405.0861  42896.35467300214  
1405.2841  42990.566534322556  
1405.4810  43121.474242835946  
1405.6790  43132.97502189346  
1405.8760  43138.30731144593  
1406.0740  43008.975052118505  
1406.2720  42872.735054052624  
1406.4700  42808.068924388914  
1406.6680  42829.62834055678  
1406.8650  42879.40041599323  
1407.0630  42919.71979631391  
1407.2610  42948.17483238033  
1407.4590  42914.02394156468  
1407.6580  42905.674060879086  
1407.8560  42867.523952899064  
1408.0540  42878.79447399863  
1408.2520  42859.41644901132  
1408.4510  42886.4172242907  
1408.6490  42902.52316250717  
1408.8480  42944.187734055864  
1409.0460  42976.76317568556  
1409.2450  43024.23267154254  
1409.4430  43033.430871020566  
1409.6420  42995.777635476115  
1409.8409  42949.507904768456  
1410.0389  42881.20612313714  
1410.2380  42810.97744596299  
1410.4370  42787.11545021564  
1410.6360  42765.67722244669  
1410.8350  42671.82892632303  
1411.0341  42329.120253017136  
1411.2330  42016.18756932589  
1411.4330  41563.767038477716  
1411.6320  41363.95160633839  
1411.8311  41347.239726127336  
1412.0310  41623.464443785706  
1412.2300  41874.26383535067  
1412.4290  42111.74462187431  
1412.6290  42096.60819084921  
1412.8280  41977.32244979224  
1413.0280  41919.915505223835  
1413.2280  41940.50541420035  
1413.4280  42099.01983998772  
1413.6270  42240.71331600499  
1413.8270  42387.24220913918  
1414.0270  42361.93807144468  
1414.2271  42306.47014125899  
1414.4270  42221.69885621445  
1414.6270  42249.06319669058  
1414.8270  42311.07530041795  
1415.0280  42462.815294705695  
1415.2280  42564.29845996131  
1415.4280  42619.14832931251  
1415.6290  42500.46853025014  
1415.8290  42344.49906084009  
1416.0291  42164.42521888485  
1416.2300  42073.23094869754  
1416.4310  42077.59373105866  
1416.6310  42179.561649909956  
1416.8320  42298.12026057341  
1417.0330  42426.725389507315  
1417.2340  42487.87705560235  
1417.4340  42507.73983418534  
1417.6350  42527.48142436941  
1417.8361  42503.134675026384  
1418.0370  42418.969331976434  
1418.2390  42319.182804305696  
1418.4399  42203.65390361525  
1418.6410  42089.09451011617  
1418.8420  42034.474898722925  
1419.0439  42024.91313404813  
1419.2450  42014.01829698522  
1419.4460  41937.354515828425  
1419.6479  41900.052726640846  
1419.8490  41782.7059999666  
1420.0510  41823.64344112178  
1420.2531  41873.900270153914  
1420.4540  42032.17231914344  
1420.6560  42136.3216291753  
1420.8580  42187.91153059555  
1421.0601  41898.24701949694  
1421.2620  41631.82644331119  
1421.4640  41323.62010717782  
1421.6660  41215.726075619335  
1421.8680  41198.40825341366  
1422.0710  41341.54387137809  
1422.2729  41237.51574974515  
1422.4750  41283.894550011835  
1422.6770  41131.07597897371  
1422.8800  41180.363300814475  
1423.0820  41309.816748540834  
1423.2850  41550.072749399755  
1423.4880  41474.390594274206  
1423.6899  41431.64744597511  
1423.8929  41195.01497824391  
1424.0959  41107.21398322636  
1424.2990  41187.38010911194  
1424.5010  41438.1795006769  
1424.7040  41638.600874810814  
1424.9070  41687.03987785915  
1425.1100  41497.64664802695  
1425.3140  41207.727641290614  
1425.5170  40981.274999068686  
1425.7200  40723.81024556312  
1425.9230  40661.44669547889  
1426.1270  40639.64490251317  
1426.3300  40785.44666525384  
1426.5341  40960.806278491094  
1426.7371  41033.94347723932  
1426.9410  41058.04784978451  
1427.1440  40979.82073828164  
1427.3480  40932.23005402576  
1427.5520  40893.837569247895  
1427.7560  41105.6385340404  
1427.9590  41317.68187563073  
1428.1630  41529.616147662055  
1428.3669  41398.70843914866  
1428.5710  41223.59120270924  
1428.7760  40915.88173901144  
1428.9800  40576.06946843974  
1429.1840  40326.360772465065  
1429.3879  40226.21067959756  
1429.5930  40207.92335020054  
1429.7970  40408.708289531205  
1430.0010  40697.90016587402  
1430.2061  41004.8824991783  
1430.4110  41254.47000675406  
1430.6150  41229.650622655245  
1430.8199  41032.38014689325  
1431.0250  40793.808664779324  
1431.2290  40743.79421254503  
1431.4340  40836.91537827517  
1431.6390  41102.487635668476  
1431.8440  41376.785457784026  
1432.0490  41640.903454390296  
1432.2540  41731.734159380845  
1432.4590  41747.23415560272  
1432.6650  41739.720474869675  
1432.8700  41662.34168215925  
1433.0750  41470.99731910444  
1433.2810  41253.25812276486  
1433.4860  41023.89695896885  
1433.6920  40923.989242899195  
1433.8970  40923.3833009046  
1434.1030  41013.72925229946  
1434.3090  41125.74368942122  
1434.5140  41225.28784029413  
1434.7200  41250.22841279186  
1434.9260  41235.45554696351  
1435.1320  41236.78861935163  
1435.3380  41245.63537247279  
1435.5439  41275.90823452301  
1435.7500  41219.470797145965  
1435.9561  41160.01576863581  
1436.1630  41117.139313097905  
1436.3690  41102.12407047172  
1436.5750  41153.3504066952  
1436.7820  41212.57517724741  
1436.9880  41271.42426376297  
1437.1949  41317.19712203506  
1437.4010  41315.39141489115  
1437.6080  41202.758916934894  
1437.8140  41144.758149211775  
1438.0210  41075.85042558586  
1438.2280  41101.15456328035  
1438.4351  41134.578323702495  
1438.6420  41235.940300559196  
1438.8490  41277.36249531005  
1439.0560  41333.54543704937  
1439.2629  41268.39455378997  
1439.4700  41017.71635062393  
1439.6770  40556.812631851346  
1439.8850  39805.38396434783  
1440.0920  39112.816502199756  
1440.3000  38559.14306405391  
1440.5070  38520.03556772242  
1440.7150  38867.349400187275  
1440.9220  39590.06853598665  
1441.1300  40255.87759965318  
1441.3380  40768.61359664385  
1441.5450  40754.689049607936  
1441.7531  40393.69304690501  
1441.9611  39960.2748570075  
1442.1689  39553.49387719259  
1442.3770  39383.96342594338  
1442.5850  39417.62956316336  
1442.7930  39654.61347725145  
1443.0010  39937.261180052585  
1443.2100  40237.226705059395  
1443.4180  40366.086329631034  
1443.6260  40376.25403630043  
1443.8350  40315.344747003226  
1444.0430  40031.12159501613  
1444.2520  39846.07902870517  
1444.4611  39667.45944753697  
1444.6689  39788.79327253568  
1444.8781  40011.01643963531  
1445.0870  40409.55660832364  
1445.2960  40629.11363064703  
1445.5040  40778.066291759606  
1445.7130  40714.854422882934  
1445.9220  40534.05345053417  
1446.1320  40356.51244611636  
1446.3409  40130.180992293346  
1446.5500  40021.668899900375  
1446.7590  39947.683382359704  
1446.9690  40009.56217884826  
1447.1780  40101.241202631245  
1447.3870  40245.58870458487  
1447.5970  40334.60158359162  
1447.8070  40432.327908480715  
1448.0160  40462.479582132015  
1448.2260  40450.494049478824  
1448.4360  40450.494049478824  
1448.6460  40411.85918790312  
1448.8550  40387.027684964414  
1449.0649  40383.767717033465  
1449.2750  40414.161767482605  
1449.4850  40354.81580853147  
1449.6960  40313.04216742375  
1449.9060  40106.19780814707  
1450.1160  39890.76119138698  
1450.3260  39715.2925085907  
1450.5370  39660.30933200068  
1450.7469  39624.825368796905  
1450.9580  39471.509925323204  
1451.1680  39360.34380699388  
1451.3790  39151.81492897221  
1451.5890  39197.70897564322  
1451.8000  39296.88956131936  
1452.0110  39598.06697031537  
1452.2220  39758.39922208655  
1452.4330  39967.909726139456  
1452.6440  39907.836636794804  
1452.8550  39817.018050644154  
1453.0660  39766.88241001094  
1453.2770  39731.76201200392  
1453.4880  39689.12793326386  
1453.7000  39645.90003136909  
1453.9110  39468.97708778577  
1454.1219  39273.14875397093  
1454.3340  39144.422436638095  
1454.5460  39083.75552413874  
1454.7570  39168.042055587604  
1454.9690  39329.82856814582  
1455.1801  39309.723412764986  
1455.3920  39278.84460872017  
1455.6040  39146.11907422298  
1455.8160  39050.81651731228  
1456.0280  39106.63589385484  
1456.2400  39301.009966882644  
1456.4520  39396.312523793335  
1456.6639  39518.50678642438  
1456.8760  39466.18975461061  
1457.0890  39413.38796920117  
1457.3010  39447.05410642114  
1457.5129  39552.65767724004  
1457.7260  39688.643179668186  
1457.9380  39814.23071746899  
1458.1510  39879.987542722985  
1458.3640  39921.88237222964  
1458.5760  39997.697834593986  
1458.7889  40012.713077220185  
1459.0020  39958.33584262477  
1459.2150  39847.29091269437  
1459.4280  39705.96100187385  
1459.6410  39623.24991961095  
1459.8540  39565.370340286754  
1460.0670  39518.74916322222  
1460.2800  39494.76597907595  
1460.4940  39478.66004085948  
1460.7070  39468.007580594414  
1460.9200  39480.84143204005  
1461.1340  39525.40240632293  
1461.3470  39467.8863921955  
1461.5610  39399.94817576094  
1461.7750  39259.1030185361  
1461.9880  39144.907190233775  
1462.2020  39033.74107190445  
1462.4160  39037.48579343108  
1462.6300  38962.89433389581  
1462.8440  38958.16798633793  
1463.0580  38914.697707645326  
1463.2720  38887.33336716919  
1463.4860  38805.09491966207  
1463.7000  38866.379892995916  
1463.9150  38879.334932840466  
1464.1290  39008.90956896574  
1464.3430  39170.69608152395  
1464.5580  39338.90557922493  
1464.7720  39357.55647381872  
1464.9871  39200.49630881839  
1465.2020  38942.062048121465  
1465.4160  38623.08206332411  
1465.6310  38515.18803176562  
1465.8459  38571.140715546986  
1466.0610  38834.41039336081  
1466.2760  39084.119089335494  
1466.4910  39355.37508263816  
1466.7061  39431.917675396035  
1466.9210  39414.35747639253  
1467.1360  39318.44897748723  
1467.3510  39106.27232865808  
1467.5670  38930.318892266114  
1467.7820  38765.623858133826  
1467.9980  38721.305260648776  
1468.2130  38763.56365535218  
1468.4290  38893.986610269894  
1468.6450  39031.074927128204  
1468.8600  39160.04362125888  
1469.0760  39234.16244603836  
1469.2920  39270.72498599253  
1469.5081  39292.64796735716  
1469.7240  39177.11906666671  
1469.9399  38978.03076492092  
1470.1560  38637.26110599774  
1470.3719  38362.96328388219  
1470.5880  38161.81477935476  
1470.8051  38159.14863457852  
1471.0210  38284.85736077825  
1471.2371  38516.52110415374  
1471.4540  38648.64069665634  
1471.6700  38633.625454030145  
1471.8870  38556.1133540809  
1472.1040  38356.66148713835  
1472.3199  38299.87260340444  
1472.5370  38206.13337683981  
1472.7540  38279.52507122577  
1472.9709  38269.35736455638  
1473.1880  38169.3284600878  
1473.4050  37903.998579492334  
1473.6219  37605.85088046933  
1473.8390  37419.354053371324  
1474.0570  37434.73286119427  
1474.2740  37707.07955008721  
1474.4910  37976.1662710492  
1474.7090  38146.92072512749  
1474.9260  38136.63183005919  
1475.1440  37924.939934825714  
1475.3610  37813.65262809747  
1475.5790  37781.804316861286  
1475.7970  37879.04588815471  
1476.0150  38019.769856980616  
1476.2330  38187.25222428807  
1476.4510  38207.224072430094  
1476.6689  38132.026670900224  
1476.8870  37988.163922542284  
1477.1050  37880.621337340664  
1477.3230  37834.606102270736  
1477.5410  37866.212036709076  
1477.7600  37852.40867807209  
1477.9780  37870.09006547451  
1478.1970  37823.82033476685  
1478.4150  37832.90946468586  
1478.6340  37879.28826495254  
1478.8521  38050.64866102544  
1479.0710  38311.85813605763  
1479.2900  38542.30999544392  
1479.5090  38634.47377282259  
1479.7280  38606.37018311304  
1479.9470  38468.68804310002  
1480.1660  38324.57079910434  
1480.3850  38128.99696092723  
1480.6040  38025.938346485644  
1480.8230  37909.076373407086  
1481.0430  37939.118977499355  
1481.2620  37937.179963116636  
1481.4810  38051.49697981788  
1481.7010  38130.087656517506  
1481.9210  38240.16307925655  
1482.1400  38230.237749385  
1482.3600  38042.407849898875  
1482.5800  37880.98490253742  
1482.8000  37642.53460882241  
1483.0200  37480.99047306204  
1483.2390  37383.991278566464  
1483.4590  37510.77858151658  
1483.6801  37618.19997831928  
1483.9000  37880.378960542825  
1484.1200  38016.98252380546  
1484.3400  38170.419155678086  
1484.5610  38329.53952346006  
1484.7810  38437.32448545952  
1485.0010  38409.94802614348  
1485.2220  38372.767425354825  
1485.4430  38270.690436944504  
1485.6630  38172.23698166188  
1485.8840  37977.62053183624  
1486.1050  37859.91023996523  
1486.3260  37717.50175239433  
1486.5470  37707.07955008721  
1486.7679  37675.59480404779  
1486.9890  37629.216003781105  
1487.2100  37332.40137714621  
1487.4310  36479.48954438708  
1487.6530  35333.156360162815  
1487.8740  34205.35288213342  
1488.0950  33660.04144351305  
1488.3170  33830.06876719782  
1488.5380  34797.40668621723  
1488.7600  35985.4044419902  
1488.9810  37185.02416521959  
1489.2030  37893.21281198846  
1489.4250  38082.13340706486  
1489.6470  38009.832408269176  
1489.8690  37918.04431492717  
1490.0909  37810.25935292771  
1490.3130  37791.60845833392  
1490.5350  37809.28984573635  
1490.7570  37858.57716757712  
1490.9790  37840.65340337685  
1491.2020  37828.9102475215  
1491.4240  37697.27540861458  
1491.6470  37561.64135254331  
1491.8690  37495.520962092545  
1492.0920  37499.15661406015  
1492.3149  37574.232827191096  
1492.5370  37702.8500749649  
1492.7600  37807.35083135363  
1492.9830  37844.531432142285  
1493.2061  37881.95440972879  
1493.4290  37844.289055344445  
1493.6520  37832.90946468586  
1493.8750  37864.63658752311  
1494.0980  37928.454398394395  
1494.3220  37974.59082186324  
1494.5450  37973.86369146972  
1494.7679  37866.454413506915  
1494.9919  37741.472817700705  
1495.2150  37534.27701206716  
1495.4390  37209.11641892489  
1495.6630  36947.422190297024  
1495.8860  36634.62281384459  
1496.1100  36536.04817016305  
1496.3340  36545.24636964108  
1496.5580  36750.030526136106  
1496.7820  36870.16458598552  
1497.0060  37130.404553826345  
1497.2300  37146.14692684605  
1497.4540  37224.25284995  
1497.6790  37262.8877115257  
1497.9030  37364.855630376995  
1498.1270  37394.15898523585  
1498.3521  37302.128515095996  
1498.5760  37159.1019666906  
1498.8010  36990.7833994306  
1499.0260  36974.19270761845  
1499.2500  37053.87407990836  
1499.4750  37246.41820811247  
1499.7000  37383.38533657186  
1499.9250  37513.9294798885  
1500.1500  37482.565922248  
1500.3750  37434.73286119427  
1500.6000  37402.15741956457  
1500.8250  37371.76336911544  
1501.0510  37370.67267352516  
1501.2760  37358.06908003748  
1501.5020  37303.9463410798  
1501.7271  37226.79780632732  
1501.9530  36941.60514714886  
1502.1780  36100.327400686045  
1502.4041  35192.323321777876  
1502.6300  34267.83762061658  
1502.8550  33856.70597728044  
1503.0811  34000.32634884054  
1503.3070  34707.19404206118  
1503.5330  35344.5359508214  
1503.7590  35527.15474915397  
1503.9850  35305.42845448991  
1504.2120  34597.106500482245  
1504.4380  34000.32634884054  
1504.6639  33708.11688136462  
1504.8910  33642.238867711705  
1505.1169  33761.52460876867  
1505.3440  34117.67307551479  
1505.5710  34417.27503532484  
1505.7970  34770.16353414002  
1506.0240  35379.53516042951  
1506.2510  35800.119498881395  
1506.4780  36154.94701207929  
1506.7050  36409.36993677196  
1506.9320  36519.457478350894  
1507.1591  36655.455099618935  
1507.3860  36629.16933589318  
1507.6130  36564.26082943162  
1507.8409  36349.793719862886  
1508.0680  36028.26877868821  
1508.2960  35751.68049583307  
1508.5229  35624.65081608511  
1508.7510  35699.12108722146  
1508.9780  35965.905228603966  
1509.2061  36283.794517811046  
1509.4340  36535.199851370606  
1509.6620  36729.319428760675  
1509.8900  36754.272120098314  
1510.1180  36751.12122172639  
1510.3459  36749.78814933827  
1510.5740  36782.48477936689  
1510.8020  36804.528949130436  
1511.0310  36833.10517359577  
1511.2590  36808.63723585383  
1511.4871  36703.772914268346  
1511.7159  36492.68696102947  
1511.9440  36175.90048625256  
1512.1730  35934.42048256455  
1512.4020  35761.96939090137  
1512.6300  35790.678922605526  
1512.8590  35835.724650484095  
1513.0880  35940.72227930839  
1513.3170  35908.631591274374  
1513.5460  35875.93496124575  
1513.7750  35776.63318717069  
1514.0050  35777.711763921085  
1514.2340  35802.90683205656  
1514.4630  35920.617123927565  
1514.6930  36012.40521726958  
1514.9220  36083.373143677134  
1515.1510  36139.931769453106  
1515.3810  36160.26718279188  
1515.6110  36099.47908189361  
1515.8409  36032.75274944824  
1516.0699  35862.361860566714  
1516.3000  35756.52803178987  
1516.5300  35645.47098301957  
1516.7600  35666.182080395  
1516.9900  35694.5159280625  
1517.2200  35872.784062873834  
1517.4510  35974.50960492729  
1517.6810  36136.902059480104  
1517.9110  36196.35708799026  
1518.1420  36180.735903369474  
1518.3719  36032.5103726504  
1518.6030  35886.82979830867  
1518.8330  35759.92130695962  
1519.0640  35731.21177525548  
1519.2950  35792.49674858932  
1519.5260  35906.32901169489  
1519.7570  35972.20702534781  
1519.9880  36038.93335779316  
1520.2190  35960.45175065257  
1520.4500  35698.99989882254  
1520.6810  35509.00072699575  
1520.9120  35299.36903454391  
1521.1440  35251.293596692354  
1521.3750  35232.15794850288  
1521.6071  35198.4918112829  
1521.8380  35128.37220366778  
1522.0699  35113.356961041594  
1522.3020  35106.70371794089  
1522.5341  35158.899561355734  
1522.7650  35348.17160278901  
1522.9969  35469.03279303193  
1523.2290  35592.19656285434  
1523.4611  35576.817755031385  
1523.6930  35582.01673734505  
1523.9260  35575.363494244346  
1524.1580  35412.59535565488  
1524.3900  35273.58014325374  
1524.6230  35063.342508807305  
1524.8550  35001.827277515506  
1525.0880  35042.158776676086  
1525.3199  35293.44292183672  
1525.5530  35525.10666521222  
1525.7860  35775.421303181494  
1526.0190  35763.060086491656  
1526.2520  35673.211007532365  
1526.4840  35560.22706321924  
1526.7180  35502.57774185299  
1526.9510  35482.83615166892  
1527.1840  35553.3193244808  
1527.4170  35625.620323276475  
1527.6510  35685.68129378123  
1527.8840  35683.621090999586  
1528.1169  35637.121102333986  
1528.3510  35577.77514338285  
1528.5840  35512.2606949267  
1528.8180  35438.27517738603  
1529.0520  35186.26390183187  
1529.2860  34774.041562905455  
1529.5200  34259.002986335305  
1529.7540  33821.464390874506  
1529.9880  33634.60399857974  
1530.2220  33770.23805465102  
1530.4561  34157.39863268077  
1530.6899  34646.03025712625  
1530.9250  35084.17479458165  
1531.1591  35304.216570500714  
1531.3940  35372.760728929876  
1531.6281  35360.532819478845  
1531.8630  35274.67083884402  
1532.0970  35164.82567406292  
1532.3320  35065.64508838679  
1532.5670  34985.84252769796  
1532.8020  34965.13143032253  
1533.0370  34967.79757509877  
1533.2720  34829.13380905449  
1533.5070  34727.17800904309  
1533.7419  34550.72770021556  
1533.9780  34403.83524188461  
1534.2130  34327.30476796663  
1534.4480  34374.41069862684  
1534.6840  34446.69957858262  
1534.9189  34614.66669948575  
1535.1550  34736.8609621168  
1535.3910  34833.98134501129  
1535.6270  34947.813608116856  
1535.8621  34978.57122376276  
1536.0980  34962.58647394521  
1536.3340  34947.4500429201  
1536.5699  34946.2381589309  
1536.8070  34983.0551945228  
1537.0430  34987.53916528284  
1537.2791  34853.60174679644  
1537.5150  34634.04472447307  
1537.7520  34381.306318525385  
1537.9880  34220.61050155744  
1538.2250  34179.79424880119  
1538.4620  34292.7903119542  
1538.6980  34442.83366865707  
1538.9351  34552.90909139611  
1539.1720  34356.850499623324  
1539.4091  34113.91623514827  
1539.6460  33792.88816640916  
1539.8831  33641.39054891926  
1540.1200  33562.92106061856  
1540.3571  33687.89053758486  
1540.5950  33807.66103223751  
1540.8320  33989.7950769744  
1541.0690  34069.355260865384  
1541.3070  34120.82397388671  
1541.5450  34228.48774748725  
1541.7820  34274.987736152856  
1542.0200  34261.790319510466  
1542.2581  34220.12574796177  
1542.4960  34201.5960417669  
1542.7340  34218.79267557365  
1542.9720  34285.51900801901  
1543.2100  34417.032658527  
1543.4480  34512.3352154377  
1543.6860  34585.48453302581  
1543.9250  34553.757410188555  
1544.1630  34533.16750121205  
1544.4010  34515.970867405296  
1544.6400  34543.95326871593  
1544.8790  34570.3481020007  
1545.1169  34610.07365916669  
1545.3560  34613.21243869871  
1545.5950  34608.498209980724  
1545.8340  34562.11940971404  
1546.0730  34510.04475469811  
1546.3120  34459.42436046922  
1546.5510  34387.36573847138  
1546.7900  34186.09604554503  
1547.0300  33999.59921844703  
1547.2690  33687.28459559027  
1547.5081  33470.03015284637  
1547.7480  33296.98523802849  
1547.9880  33359.59116491057  
1548.2271  33475.96838439345  
1548.4670  33721.556674804844  
1548.7070  33827.160245623745  
1548.9470  33911.93153066829  
1549.1870  33890.129737702584  
1549.4270  33792.524601212404  
1549.6670  33701.209142626176  
1549.9070  33563.40581421423  
1550.1470  33534.81747090901  
1550.3879  33485.408960669316  
1550.6281  33544.27016602476  
1550.8690  33628.43550907471  
1551.1090  33813.708333343624  
1551.3500  33929.976483267485  
1551.5900  34072.74853603514  
1551.8311  34093.217256612734  
1552.0720  34088.85447425161  
1552.3130  34068.628130471865  
1552.5540  34014.97802626997  
1552.7950  33856.82716567936  
1553.0360  33650.709936796215  
1553.2770  33417.95549783044  
1553.5190  33218.26125409005  
1553.7600  33123.56463917395  
1554.0020  33032.49155738556  
1554.2430  33062.77653827568  
1554.4850  33130.59356631131  
1554.7260  33262.834347212825  
1554.9680  33274.0927494725  
1555.2100  33322.16818732407  
1555.4520  33178.54781576396  
1555.6940  33095.836733501055  
1555.9360  32964.565459790894  
1556.1780  32991.56623507028  
1556.4200  33111.09435292509  
1556.6630  33367.09272680371  
1556.9050  33540.02857206257  
1557.1470  33668.39132419864  
1557.3900  33629.88976986175  
1557.6320  33571.513318101985  
1557.8750  33447.74360628498  
1558.1180  33397.498896092744  
1558.3610  33360.56067210192  
1558.6040  33390.5911573543  
1558.8459  33323.74363651002  
1559.0900  33263.319100808505  
1559.3330  33136.5196790185  
1559.5760  33083.83908200797  
1559.8190  33095.23079150645  
1560.0620  33210.63850379798  
1560.3060  33395.80225850786  
1560.5490  33591.01253148821  
1560.7930  33705.45073658838  
1561.0370  33721.314298007004  
1561.2800  33724.70757317677  
1561.5240  33708.23806976354  
1561.7679  33617.40736477299  
1562.0120  33529.9820537921  
1562.2560  33419.167381819636  
1562.5000  33393.13611373162  
1562.7440  33348.07826701316  
1562.9880  33224.19948563713  
1563.2330  33110.12484573372  
1563.4771  32965.886413339125  
1563.7220  32933.18978331051  
1563.9659  32961.899315014656  
1564.2111  33168.85274385036  
1564.4561  33272.032546690854  
1564.7000  33441.21155158319  
1564.9449  33376.303045121625  
1565.1899  33340.21313992325  
1565.4351  33158.92741397881  
1565.6801  33051.3848287772  
1565.9260  32869.129595641396  
1566.1710  32787.99396256445  
1566.4160  32723.93377489533  
1566.6610  32752.873564557423  
1566.9070  32847.70348671234  
1567.1520  32964.80783658874  
1567.3979  32966.97710892941  
1567.6440  32822.750795374704  
1567.8900  32633.95138869722  
1568.1350  32463.33024185774  
1568.3810  32419.84784432524  
1568.6270  32510.072607321188  
1568.8740  32564.692218714434  
1569.1200  32622.208232841873  
1569.3660  32594.601515567894  
1569.6121  32548.465092099046  
1569.8590  32546.647266115247  
1570.1050  32662.539732002453  
1570.3521  32861.143280152566  
1570.5980  33058.89850951024  
1570.8450  33189.68502962471  
1571.0920  33206.5180982347  
1571.3390  33205.548591043334  
1571.5861  33214.516532563415  
1571.8330  33198.51966390597  
1572.0800  33080.70030247595  
1572.3270  32972.067021684044  
1572.5740  32838.12960319765  
1572.8220  32799.00998802627  
1573.0690  32823.720302566064  
1573.3170  32938.88563805974  
1573.5640  32964.565459790894  
1573.8120  32675.85833704376  
1574.0590  32357.484294241003  
1574.3070  31843.41522486221  
1574.5551  31304.878217741476  
1574.8030  30983.365395406687  
1575.0510  30912.276280600207  
1575.2990  31102.517829224842  
1575.5470  31462.798820374137  
1575.7960  31849.838210004968  
1576.0439  31914.62552806761  
1576.2920  31704.387893621173  
1576.5410  30982.032323018568  
1576.7900  30184.951985641877  
1577.0380  29699.337952329504  
1577.2870  29728.156553592682  
1577.5360  30221.756902393885  
1577.7850  30889.2626036453  
1578.0341  31660.67523813073  
1578.2830  32082.592648970745  
1578.5320  32236.623103998078  
1578.7810  32321.394389042627  
1579.0310  32412.70984762885  
1579.2800  32466.590209788683  
1579.5291  32569.891201028106  
1579.7791  32574.375171788142  
1580.0280  32615.070236145482  
1580.2780  32670.768424289116  
1580.5280  32723.449021299646  
1580.7780  32665.20587677869  
1581.0280  32668.102279512877  
1581.2780  32469.01397776709  
1581.5280  32143.8655034647  
1581.7780  31737.690465644395  
1582.0280  31367.375075064523  
1582.2780  31210.181602825378  
1582.5291  31207.636646448056  
1582.7791  31452.982560061613  
1583.0300  31678.841379128837  
1583.2810  31816.535637981753  
1583.5310  31745.204146377437  
1583.7820  31662.49306411453  
1584.0330  31597.70574605189  
1584.2841  31663.341382906972  
1584.5350  31906.86947053673  
1584.7860  32170.62390194624  
1585.0370  32249.82052064046  
1585.2889  32181.16729265228  
1585.5400  32075.20015663662  
1585.7910  32008.958577786947  
1586.0430  31924.550857939157  
1586.2939  31926.126307125116  
1586.5460  31834.326094943208  
1586.7980  31723.159976613882  
1587.0500  31497.434464785474  
1587.3020  31386.013850818417  
1587.5540  31186.561983875865  
1587.8060  31081.45528549254  
1588.0580  30829.080444741623  
1588.3101  30538.555496010682  
1588.5620  29820.441519370273  
1588.8149  29255.255183327023  
1589.0670  28831.168500146337  
1589.3199  28860.83542020196  
1589.5720  28997.80254866135  
1589.8250  29433.523318138356  
1590.0780  29814.62447622211  
1590.3311  30026.910194610293  
1590.5840  29986.590814289608  
1590.8370  29969.757745679617  
1591.0900  30121.243244329627  
1591.3430  30398.44958801926  
1591.5959  30772.88538416241  
1591.8500  31143.940023975698  
1592.1030  31487.61820447295  
1592.3571  31757.432055828463  
1592.6100  31922.24827835968  
1592.8640  31983.290874895683  
1593.1180  31991.883132379113  
1593.3719  31984.36945164608  
1593.6250  31972.868672588567  
1593.8800  31966.578994684616  
1594.1340  32016.351070121065  
1594.3879  32095.790065613135  
1594.6420  32165.06135443581  
1594.8960  32143.623126666862  
1595.1510  31975.292440566966  
1595.4050  31720.2514550398  
1595.6600  31254.863765507183  
1595.9139  30833.68560390058  
1596.1689  30455.48084855102  
1596.4240  30425.086798101875  
1596.6790  30545.099669552365  
1596.9340  30970.034671525482  
1597.1890  31389.649502786022  
1597.4440  31812.29404401955  
1597.6990  31992.125509176953  
1597.9550  32071.564504669022  
1598.2100  32025.549269599094  
1598.4650  31815.20256559363  
1598.7209  31586.07165975557  
1598.9771  31388.801183993583  
1599.2321  31341.33168813661  
1599.4880  31342.90713732257  
1599.7440  31459.041980007616  
1600.0000  31474.178411032728  
1600.2560  31381.54199889827  
1600.5120  31106.517046389195  
1600.7679  30889.504980443136  
1601.0250  30700.596504206627  
1601.2810  30689.931925101668  
1601.5370  30777.36935492245  
1601.7939  30931.77549398644  
1602.0510  30998.259449633955  
1602.3070  31060.259434521435  
1602.5640  31055.89665216031  
1602.8210  31064.98578207931  
1603.0780  31090.653484970568  
1603.3350  31175.909523610797  
1603.5920  31183.42320434384  
1603.8490  31134.620636098753  
1604.1071  31028.532311684176  
1604.3640  30920.262596089036  
1604.6210  30803.76418820723  
1604.8790  30775.915094135413  
1605.1360  30852.215310095453  
1605.3940  30978.154294253127  
1605.6520  30954.777052101454  
1605.9100  30798.686394292483  
1606.1680  30563.62937574723  
1606.4260  30426.056305293238  
1606.6840  30363.0868132144  
1606.9420  30482.97849626597  
1607.2000  30687.750533921106  
1607.4590  30926.32201603504  
1607.7170  31034.47054323125  
1607.9760  31058.32042013871  
1608.2340  31027.441616093893  
1608.4930  30994.017855671755  
1608.7520  30945.700041022348  
1609.0100  30709.309950088977  
1609.2690  30281.10286134501  
1609.5280  29795.36763963372  
1609.7870  29393.434195775615  
1610.0470  29125.680547201748  
1610.3060  29090.681337593647  
1610.5649  29327.313805324862  
1610.8250  29659.370018365684  
1611.0840  29903.031413234257  
1611.3440  29980.289017545765  
1611.6040  30007.77454642082  
1611.8630  30001.848433713636  
1612.1230  30042.16781403432  
1612.3831  30116.52901561164  
1612.6429  30261.118894363102  
1612.9030  30412.980077049768  
1613.1630  30499.690376477032  
1613.4240  30444.586011488107  
1613.6840  30363.692755209  
1613.9449  30321.78580686246  
1614.2050  30341.890962243288  
1614.4659  30379.91988182439  
1614.7260  30349.525831375253  
1614.9871  30194.998503912346  
1615.2480  29862.69991407368  
1615.5090  29465.492817773455  
1615.7700  29163.103524788246  
1616.0310  29005.437417793313  
1616.2920  28983.999190024366  
1616.5540  29087.057804465938  
1616.8149  29299.34352285412  
1617.0760  29521.55457111385  
1617.3380  29779.746455012933  
1617.5990  30020.256951509582  
1617.8610  30231.209597509645  
1618.1230  30313.435926176873  
1618.3850  30295.5121619766  
1618.6470  30231.330785908565  
1618.9091  30195.96801110371  
1619.1710  30202.633373044304  
1619.4330  30019.529821116063  
1619.6960  29689.400503618064  
1619.9580  29262.28411046438  
1620.2200  28982.302552439483  
1620.4830  28769.410892056705  
1620.7450  28876.335416423826  
1621.0081  29117.694231712918  
1621.2710  29416.93262632621  
1621.5341  29537.06668617561  
1621.7970  29655.613177999167  
1622.0601  29723.672582832645  
1622.3230  29818.26012818971  
1622.5861  29955.457514607057  
1622.8500  30150.43752962946  
1623.1130  30294.78503158308  
1623.3770  30365.26820439496  
1623.6400  30401.7216747901  
1623.9041  30338.74006387137  
1624.1680  30185.315550838637  
1624.4320  30008.50167681434  
1624.6949  29894.305848512016  
1624.9590  29831.699921629937  
1625.2240  29872.98880914199  
1625.4880  29963.819514132534  
1625.7520  30011.652575186265  
1626.0160  30006.683850830545  
1626.2810  30005.95672043702  
1626.5450  30036.968831720653  
1626.8101  30067.605258967633  
1627.0740  30139.772950524497  
1627.3390  30217.648615670496  
1627.6040  30263.300285543664  
1627.8690  30265.481676724226  
1628.1340  30263.057908745825  
1628.3990  30267.420691106945  
1628.6650  30250.224057300195  
1628.9301  30150.558718028376  
1629.1949  30002.817940904995  
1629.4611  29847.32110625073  
1629.7260  29735.670234325724  
1629.9919  29665.429438311687  
1630.2581  29709.384470599973  
1630.5229  29807.959114281508  
1630.7889  29858.094754914717  
1631.0551  29840.29217911337  
1631.3210  29812.443085041552  
1631.5880  29807.474360685832  
1631.8540  29788.944654490962  
1632.1200  29745.231999000513  
1632.3870  29692.672590388906  
1632.6530  29623.76486676299  
1632.9200  29438.12847729732  
1633.1860  29183.20868016908  
1633.4530  29024.80332394073  
1633.7200  29024.92451233965  
1633.9871  29076.029660164222  
1634.2540  29185.996013344236  
1634.5210  29364.9791597092  
1634.7880  29526.52329546957  
1635.0560  29566.85479463015  
1635.3230  29550.14291441908  
1635.5900  29525.553788278212  
1635.8580  29440.782503233666  
1636.1260  29168.67819113857  
1636.3929  28830.683746550658  
1636.6610  28569.23189472063  
1636.9290  28471.384381432614  
1637.1970  28418.582596023167  
1637.4650  28476.098610150602  
1637.7330  28349.06893040265  
1638.0020  28050.921231379638  
1638.2700  27656.259091456737  
1638.5380  27483.68681139464  
1638.8070  27412.112942992484  
1639.0760  27576.20203513018  
1639.3440  27817.197285222508  
1639.6130  28010.347355421218  
1639.8820  27983.952522136442  
1640.1510  27932.483809115114  
1640.4200  27863.21252029244  
1640.6890  27807.5143321488  
1640.9580  27729.27510180604  
1641.2280  27674.667609252687  
1641.4969  27642.080048783097  
1641.7670  27694.518268995784  
1642.0360  27803.030361388763  
1642.3060  27951.619457304583  
1642.5760  28104.571335581528  
1642.8450  28252.069735907073  
1643.1150  28298.20615937592  
1643.3850  28217.797656692495  
1643.6560  28119.344201409876  
1643.9260  28069.32974917559  
1644.1960  27960.454091585852  
1644.4659  27861.637071106477  
1644.7371  27890.467791209547  
1645.0070  28013.013500197463  
1645.2780  28082.769542615817  
1645.5490  28181.465374696276  
1645.8199  28331.38754300022  
1646.0900  28432.143577862313  
1646.3621  28447.764762483104  
1646.6331  28443.886733717663  
1646.9041  28473.43246537436  
1647.1750  28485.551305266363  
1647.4470  28493.537620755193  
1647.7180  28489.671710829643  
1647.9900  28490.38672238327  
1648.2610  28348.705365205886  
1648.5330  28157.845755746766  
1648.8051  28031.785583190172  
1649.0760  28023.678079302423  
1649.3490  28034.20935116857  
1649.6200  28174.678824356757  
1649.8929  28371.35547696404  
1650.1650  28383.34100961723  
1650.4370  28221.069743463337  
1650.7100  28085.31449899314  
1650.9821  28043.28636224768  
1651.2550  28010.10497862338  
1651.5280  28126.118632909507  
1651.8010  28312.49427160859  
1652.0730  28377.766343266907  
1652.3459  28313.827343996712  
1652.6190  28270.720630500862  
1652.8929  28274.828917224248  
1653.1660  28254.372315486555  
1653.4390  28308.85861964099  
1653.7130  28368.931708985638  
1653.9860  28355.12835034865  
1654.2600  28254.857069082234  
1654.5330  28179.283983515714  
1654.8070  28148.889933066577  
1655.0811  28172.751928813926  
1655.3550  28243.46535958375  
1655.6290  28316.25111197511  
1655.9030  28369.780027778077  
1656.1770  28404.294483790498  
1656.4520  28410.705350093365  
1656.7260  28383.34100961723  
1657.0010  28365.90199901264  
1657.2750  28369.174085783477  
1657.5500  28371.7190421608  
1657.8250  28359.721390667717  
1658.1000  28337.68933974406  
1658.3750  28274.70772882533  
1658.6500  28174.921201154593  
1658.9250  28081.92122382338  
1659.2000  28042.801608652  
1659.4760  28060.60418445335  
1659.7510  28140.055298785308  
1660.0270  28253.76637349195  
1660.3020  28348.82655360481  
1660.5780  28401.022397019657  
1660.8540  28425.720592719554  
1661.1300  28420.400422006966  
1661.4060  28389.52161796215  
1661.6820  28331.2663546013  
1661.9580  28259.20773260346  
1662.2340  28186.555287450916  
1662.5100  28129.02715448359  
1662.7870  28061.81606844255  
1663.0630  28014.10419578774  
1663.3400  27996.422808385312  
1663.6169  27997.877069172355  
1663.8929  27978.135478988283  
1664.1700  27946.044790954264  
1664.4470  27918.680450478125  
1664.7240  27874.36185299308  
1665.0020  27794.7895502622  
1665.2791  27694.154703799024  
1665.5560  27630.215704528826  
1665.8340  27609.141041956635  
1666.1110  27604.42681323865  
1666.3890  27624.531968619478  
1666.6670  27662.064015765005  
1666.9440  27665.457290934763  
1667.2220  27610.231737546917  
1667.5000  27497.974923627313  
1667.7780  27293.06957873336  
1668.0570  27089.26704826958  
1668.3350  27024.60091860586  
1668.6130  27093.01176979621  
1668.8920  27224.29516234625  
1669.1700  27441.428416691237  
1669.4490  27665.093725738006  
1669.7280  27775.77509047165  
1670.0070  27760.15390585086  
1670.2860  27712.805598392813  
1670.5649  27661.700450568245  
1670.8440  27608.183653605167  
1671.1230  27487.807216957925  
1671.4020  27210.60087326829  
1671.6820  26880.362486211267  
1671.9611  26600.98687018097  
1672.2410  26436.291836048673  
1672.5210  26404.201148014654  
1672.8000  26600.38092818637  
1673.0800  26887.27022494971  
1673.3600  27101.979711316286  
1673.6400  27187.478126754355  
1673.9200  27213.751771640214  
1674.2010  27199.342471008626  
1674.4810  27126.556718617263  
1674.7610  26919.724478180484  
1675.0420  26675.226883359363  
1675.3230  26513.30706356234  
1675.6030  26453.246093057583  
1675.8840  26373.079967171994  
1676.1650  26424.791056991166  
1676.4460  26577.24606283254  
1676.7271  26714.81913328653  
1677.0081  26732.98527428464  
1677.2889  26785.665871295172  
1677.5710  26825.63380525899  
1677.8521  26788.69558126817  
1678.1340  26676.669025306514  
1678.4160  26565.866472173948  
1678.6970  26462.80785773237  
1678.9790  26361.809446072435  
1679.2610  26247.61361777011  
1679.5430  26045.616794450238  
1679.8250  25763.696222042618  
1680.1071  25455.138439552382  
1680.3900  25137.855092339905  
1680.6720  24849.753911587366  
1680.9550  24721.63353624913  
1681.2371  24749.60381871987  
1681.5200  24847.572520406804  
1681.8030  25038.068564669167  
1682.0861  25320.716267470307  
1682.3690  25556.98517000476  
1682.6520  25728.224377678733  
1682.9351  25900.420973704175  
1683.2180  26066.570268623505  
1683.5020  26174.234042224045  
1683.7850  26271.35442511854  
1684.0690  26370.535010794676  
1684.3521  26452.03420906838  
1684.6360  26505.44193647243  
1684.9200  26532.56390015073  
1685.2040  26495.62567615991  
1685.4880  26418.974013843006  
1685.7720  26366.656982029235  
1686.0560  26363.142518460554  
1686.3409  26353.580753785765  
1686.6250  26372.11045998064  
1686.9100  26384.580746229505  
1687.1940  26378.521326283506  
1687.4790  26353.82313058361  
1687.7640  26390.518977776585  
1688.0490  26451.91302066946  
1688.3340  26499.98845852103  
1688.6190  26400.686684445973  
1688.9041  26212.008466167412  
1689.1890  26046.465113242677  
1689.4750  26011.10233843782  
1689.7600  26040.05424693981  
1690.0460  26195.0542091585  
1690.3311  26399.838365653533  
1690.6169  26538.98688529349  
1690.9030  26550.487664350996  
1691.1890  26540.07758088377  
1691.4750  26550.36647595208  
1691.7610  26574.83441369403  
1692.0470  26590.455598314817  
1692.3340  26587.18351154398  
1692.6200  26570.22925453507  
1692.9070  26543.34966765461  
1693.1930  26512.4587447699  
1693.4800  26480.489245134802  
1693.7670  26461.232408546413  
1694.0540  26461.47478534425  
1694.3409  26463.171422929132  
1694.6281  26455.306295839226  
1694.9150  26449.489252691063  
1695.2030  26446.701919515905  
1695.4900  26426.002940980365  
1695.7780  26394.384887702134  
1696.0649  26351.399362605207  
1696.3530  26312.279747433826  
1696.6410  26271.7179903153  
1696.9280  26253.79422611503  
1697.2170  26241.92988186076  
1697.5050  26249.55263215283  
1697.7930  26256.945124486952  
1698.0811  26272.56630910774  
1698.3700  26266.8704543585  
1698.6580  26240.71799787156  
1698.9470  26191.309487631872  
1699.2350  26109.204347363564  
1699.5240  26011.95065723026  
1699.8130  25916.769288718482  
1700.1021  25856.22356461805  
1700.3910  25811.17783673948  
1700.6801  25774.60317794542  
1700.9700  25735.72593957188  
1701.2590  25744.572692693044  
1701.5480  25777.63288791842  
1701.8380  25746.74196503371  
1702.1281  25684.86316854515  
1702.4170  25632.667325130304  
1702.7070  25576.120818194227  
1702.9969  25488.4410115756  
1703.2870  25496.18495026659  
1703.5780  25600.940202293044  
1703.8680  25728.81820083344  
1704.1580  25811.650471495264  
1704.4490  25878.982745935224  
1704.7390  25915.315027931443  
1705.0300  25881.285325514706  
1705.3210  25799.180185246398  
1705.6110  25733.78692518916  
1705.9020  25697.33345479402  
1706.1930  25638.120803081707  
1706.4850  25588.954669639857  
1706.7760  25555.53090921772  
1707.0670  25435.154472570473  
1707.3590  25220.202609406053  
1707.6500  25077.18817984055  
1707.9420  25081.054089766098  
1708.2340  25109.400056273484  
1708.5260  25161.111146092655  
1708.8180  25263.794076497576  
1709.1090  25360.441824636287  
1709.4020  25392.411324271387  
1709.6940  25425.592707895685  
1709.9860  25481.169707640398  
1710.2791  25411.668160859776  
1710.5710  25030.676072335045  
1710.8640  24531.379868784607  
1711.1570  24225.972984666292  
1711.4500  24191.21615185603  
1711.7430  24333.382262629097  
1712.0360  24736.28521367856  
1712.3290  25219.71785581037  
1712.6219  25511.09112333375  
1712.9150  25561.34795236588  
1713.2090  25566.425746280627  
1713.5020  25574.18180381151  
1713.7960  25579.380786125177  
1714.0900  25575.272499401788  
1714.3840  25574.90893420503  
1714.6780  25574.66655740719  
1714.9720  25564.486731897905  
1715.2660  25535.425753836887  
1715.5601  25467.002783806653  
1715.8540  25370.367154507836  
1716.1490  25298.066155712157  
1716.4430  25279.172884320527  
1716.7380  25279.778826315127  
1717.0330  25260.29173176879  
1717.3280  25236.55092442036  
1717.6230  25219.71785581037  
1717.9180  25207.2475695615  
1718.2130  25195.504413706156  
1718.5081  25226.98915974557  
1718.8040  25239.70182279228  
1719.0990  25195.746790503992  
1719.3950  25129.856658011184  
1719.6899  25092.203422466737  
1719.9860  25008.88639820923  
1720.2820  24906.676102560094  
1720.5780  24849.996288385206  
1720.8740  24832.557277780616  
1721.1700  24812.343052840755  
1721.4670  24864.163212218955  
1721.7629  24982.23706928672  
1722.0601  24955.11510560842  
1722.3560  24745.0107784008  
1722.6530  24470.59176788633  
1722.9500  24219.18643432677  
1723.2469  24026.521117723736  
1723.5439  24075.44487436775  
1723.8409  24300.07969060588  
1724.1379  24549.424821383796  
1724.4351  24716.66481189341  
1724.7330  24798.527575363878  
1725.0300  24773.82937966398  
1725.3280  24731.31648932284  
1725.6250  24697.52916370394  
1725.9230  24706.49710522402  
1726.2209  24756.632745857227  
1726.5190  24822.631947909067  
1726.8180  24834.132726966574  
1727.1160  24774.5565100575  
1727.4139  24651.029175038333  
1727.7130  24527.150393662298  
1728.0110  24450.60780090442  
1728.3101  24420.334938854205  
1728.6090  24464.41115954141  
1728.9070  24580.667190625372  
1729.2061  24697.04441010826  
1729.5050  24735.43689488612  
1729.8051  24736.64877887532  
1730.1040  24718.36144947829  
1730.4030  24675.981866375965  
1730.7030  24619.302052201074  
1731.0020  24578.74029508255  
1731.3020  24514.789176972456  
1731.6021  24431.108587518193  
1731.9020  24297.655922627477  
1732.2020  23997.702516460562  
1732.5020  23579.299569189225  
1732.8020  23277.75859499646  
1733.1021  23158.957607535172  
1733.4030  23075.640583277665  
1733.7030  23105.186314934363  
1734.0040  23274.12294302886  
1734.3051  23414.846911854773  
1734.6050  23377.181557470434  
1734.9060  23287.683924868008  
1735.2070  23178.33563252248  
1735.5090  22993.7778198072  
1735.8101  22703.01049427842  
1736.1110  22417.587577142014  
1736.4120  22261.484800493145  
1736.7140  22267.301843641308  
1737.0160  22389.483987432464  
1737.3180  22612.313096526683  
1737.6200  22906.825143582093  
1737.9220  23185.110064022112  
1738.2240  23386.500945347383  
1738.5260  23521.529059424058  
1738.8280  23609.935996436205  
1739.1300  23668.300329356083  
1739.4330  23720.49617277093  
1739.7360  23783.829230046525  
1740.0380  23833.480117084055  
1740.3409  23778.024305738258  
1740.6440  23658.61737628237  
1740.9470  23586.922319481295  
1741.2500  23588.255391869414  
1741.5530  23600.725678118284  
1741.8571  23699.542698597663  
1742.1600  23839.539537030054  
1742.4640  23898.75218874237  
1742.7679  23879.386282594955  
1743.0710  23889.432800865423  
1743.3750  23926.613401654082  
1743.6790  23971.78031793157  
1743.9830  24019.007436990698  
1744.2870  23999.75060040231  
1744.5920  23865.934370314833  
1744.8960  23702.08765497498  
1745.2010  23572.391830450786  
1745.5050  23481.20967910337  
1745.8101  23464.497798892302  
1746.1150  23480.96730230553  
1746.4200  23405.39421673901  
1746.7250  23319.047482508508  
1747.0300  23311.909485812113  
1747.3350  23334.547478730372  
1747.6410  23424.0451113328  
1747.9460  23643.480945257263  
1748.2520  23835.055566270014  
1748.5570  23858.917562017363  
1748.8630  23788.676766003326  
1749.1689  23718.55715838821  
1749.4750  23633.785873343662  
1749.7810  23514.997004722267  
1750.0880  23403.45520235629  
1750.3940  23335.032232326055  
1750.7000  23312.515427806717  
1751.0070  23342.909478255857  
1751.3130  23371.243325923355  
1751.6200  23392.196800096623  
1751.9270  23428.044328497162  
1752.2340  23453.833219787342  
1752.5410  23436.63658598059  
1752.8480  23474.90788235953  
1753.1560  23572.876584046466  
1753.4630  23633.785873343662  
1753.7710  23634.876568933945  
1754.0780  23600.483301320444  
1754.3860  23517.166277062937  
1754.6940  23435.30351359247  
1755.0020  23402.72807196277  
1755.3101  23394.378191277185  
1755.6180  23419.43995217384  
1755.9260  23492.95283495872  
1756.2350  23554.952819846196  
1756.5430  23582.317160322335  
1756.8521  23586.922319481295  
1757.1600  23540.543519214607  
1757.4690  23463.64948009986  
1757.7780  23421.136589758724  
1758.0870  23405.273028340092  
1758.3960  23377.787499465034  
1758.7061  23377.908687863954  
1759.0150  23397.529089649102  
1759.3240  23387.106887341983  
1759.6340  23347.757014212657  
1759.9440  23295.561170797806  
1760.2531  23221.92709961401  
1760.5630  23153.746506381613  
1760.8730  23096.351680653093  
1761.1830  22955.62771182718  
1761.4940  22772.039406303258  
1761.8040  22643.1919005715  
1762.1150  22571.012090174743  
1762.4250  22544.011314895364  
1762.7360  22658.93427359121  
1763.0470  22836.341970770212  
1763.3571  22917.35641544824  
1763.6680  22886.23523460558  
1763.9800  22845.794665885976  
1764.2910  22821.569104941864  
1764.6021  22817.327510979663  
1764.9139  22879.46080310595  
1765.2250  22987.47602306336  
1765.5370  23043.428706844727  
1765.8490  23015.700801171828  
1766.1600  22974.52098321881  
1766.4720  22939.03702001503  
1766.7841  22870.371673186954  
1767.0970  22786.569895333767  
1767.4091  22742.736051444397  
1767.7209  22730.50814199337  
1768.0341  22715.0081457715  
1768.3470  22736.919008296238  
1768.6591  22785.115634546728  
1768.9720  22788.387721317566  
1769.2850  22721.41901207437  
1769.5980  22642.5859585769  
1769.9110  22575.011307339108  
1770.2250  22512.64775725487  
1770.5380  22476.07309846081  
1770.8521  22496.178253841637  
1771.1650  22537.709518151525  
1771.4790  22573.435858153145  
1771.7930  22611.101212537484  
1772.1071  22648.160624927223  
1772.4210  22668.85960346276  
1772.7350  22677.827544982843  
1773.0500  22672.01050183468  
1773.3640  22656.510505612812  
1773.6790  22637.49604582226  
1773.9930  22601.890894219563  
1774.3080  22544.011314895364  
1774.6230  22485.271297938838  
1774.9380  22420.72635667404  
1775.2531  22351.212691053523  
1775.5680  22301.440615617073  
1775.8840  22255.42538054715  
1776.1990  22200.33313439811  
1776.5150  22109.865994604323  
1776.8300  21968.063449028017  
1777.1460  21851.443852747292  
1777.4620  21846.596316790492  
1777.7780  21907.020852492013  
1778.0940  22008.261640949786  
1778.4100  22113.138081375164  
1778.7260  22144.380450616743  
1779.0430  22098.728780743575  
1779.3590  22055.246383211073  
1779.6760  22043.018473760047  
1779.9930  22087.094694447253  
1780.3101  22170.048153508  
1780.6270  22231.45431524077  
1780.9440  22214.25768143402  
1781.2610  22138.0786538729  
1781.5780  22068.686176651307  
1781.8960  22013.230365305506  
1782.2140  21939.838670919547  
1782.5310  21900.9735513859  
1782.8490  21927.85313826636  
1783.1670  21942.38362729687  
1783.4850  21916.59473600669  
1783.8030  21908.23273648121  
1784.1210  21883.776917579155  
1784.4399  21804.325803247193  
1784.7581  21741.235122769434  
1785.0770  21743.416513949996  
1785.3960  21773.689376000217  
1785.7140  21837.991940467175  
1786.0330  21934.03374661128  
1786.3521  22016.381263677427  
1786.6710  22063.366005938715  
1786.9910  22088.30657843645  
1787.3101  22088.30657843645  
1787.6300  22073.776089405943  
1787.9490  22055.246383211073  
1788.2690  22033.335520686334  
1788.5890  21997.003238690115  
1788.9091  21946.26165606231  
1789.2290  21902.658070130892  
1789.5490  21881.353149600753  
1789.8690  21869.47668650659  
1790.1899  21867.307414165924  
1790.5100  21875.536106452593  
1790.8311  21872.99115007527  
1791.1520  21841.506404035852  
1791.4730  21801.550588911927  
1791.7939  21771.023231223975  
1792.1150  21744.6283979392  
1792.4360  21718.47594145226  
1792.7570  21707.08423195378  
1793.0790  21704.41808717754  
1793.4000  21676.81136990356  
1793.7220  21632.00801882283  
1794.0439  21614.56900821824  
1794.3660  21619.52561373407  
1794.6880  21630.553758035792  
1795.0100  21665.43177924497  
1795.3320  21709.14443473542  
1795.6550  21708.053739145136  
1795.9771  21668.09792402121  
1796.3000  21627.887613259554  
1796.6219  21588.283244492493  
1796.9449  21556.313744857394  
1797.2679  21557.162063649837  
1797.5909  21582.963073779905  
1797.9139  21608.75196507008  
1798.2380  21639.0248271203  
1798.5610  21672.93334113812  
1798.8850  21696.55296008763  
1799.2080  21700.06742365631  
1799.5320  21678.62919588736  
1799.8560  21615.053761813924  
1800.1801  21512.23752417019  
1800.5040  21427.950992721322  
1800.8280  21394.40604390026  
1801.1530  21339.059302113496  
1801.4771  21247.02883197364  
1801.8020  21180.90844152288  
1802.1270  21121.562482571753  
1802.4510  21042.244675478603  
1802.7760  21033.773606394097  
1803.1010  21126.046453331794  
1803.4270  21235.16448771937  
1803.7520  21325.255943476506  
1804.0770  21402.283289830062  
1804.4030  21436.300873406908  
1804.7280  21428.79931151376  
1805.0540  21410.14841691997  
1805.3800  21383.99596043303  
1805.7061  21330.103479433303  
1806.0320  21261.922886200908  
1806.3580  21225.469415805765  
1806.6851  21207.66684000442  
1807.0110  21178.96942714016  
1807.3380  21169.528850864288  
1807.6650  21184.6652818894  
1807.9910  21191.68209018687  
1808.3180  21199.92290131343  
1808.6450  21211.666057168775  
1808.9730  21205.849014020616  
1809.3000  21194.34823496311  
1809.6270  21184.18052829372  
1809.9550  21170.00148562008  
1810.2820  21159.71259055177  
1810.6100  21146.393985510458  
1810.9380  21115.878746662405  
1811.2660  21061.986265662676  
1811.5940  21000.71341116872  
1811.9220  20958.442897625417  
1812.2510  20938.45893064351  
1812.5790  20931.320933947118  
1812.9080  20934.59302071796  
1813.2371  20928.7759775698  
1813.5660  20874.03517777763  
1813.8940  20779.096186063693  
1814.2240  20692.14350983859  
1814.5530  20612.340949149762  
1814.8820  20522.964504946256  
1815.2111  20444.25263984771  
1815.5410  20367.11622393512  
1815.8710  20246.012656894356  
1816.2000  20068.968524912114  
1816.5310  19828.094463218702  
1816.8600  19498.098452959515  
1817.1910  19126.92262474731  
1817.5210  18837.742867244382  
1817.8510  18712.155329443576  
1818.1820  18764.957114853023  
1818.5120  18985.241267569923  
1818.8430  19314.025393839915  
1819.1740  19639.90099853582  
1819.5050  19883.07763980871  
1819.8361  20036.635460080255  
1820.1670  20142.348100458177  
1820.4990  20227.119385502727  
1820.8300  20239.832048549437  
1821.1620  20186.67881678312  
1821.4940  20132.90752418231  
1821.8260  20044.864152366925  
1822.1570  19943.744552308068  
1822.4900  19952.59130542923  
1822.8220  20056.486119823352  
1823.1541  20176.98374486952  
1823.4860  20339.37619942233  
1823.8190  20499.720570033398  
1824.1520  20567.295221271193  
1824.4850  20569.113047254992  
1824.8180  20548.886703475244  
1825.1510  20527.690852504133  
1825.4840  20520.916421004506  
1825.8170  20524.661142531135  
1826.1500  20540.888269146522  
1826.4840  20563.780757702516  
1826.8180  20565.598583686315  
1827.1510  20551.068094655806  
1827.4850  20535.689286832854  
1827.8190  20450.67562499047  
1828.1541  20299.299195899486  
1828.4880  20212.10414287654  
1828.8220  20204.23901578663  
1829.1570  20209.680374898137  
1829.4910  20264.542363089226  
1829.8260  20373.284713440153  
1830.1610  20434.81206357184  
1830.4960  20437.23583155024  
1830.8311  20439.64748068875  
1831.1670  20450.796813389392  
1831.5020  20418.221371759693  
1831.8370  20317.465336897596  
1832.1730  20189.454031118385  
1832.5090  20065.817626540193  
1832.8450  19996.667526116435  
1833.1810  20026.33444617205  
1833.5170  20118.49822355072  
1833.8530  20208.589679307857  
1834.1890  20273.982939365094  
1834.5260  20279.678794114334  
1834.8621  20233.29999384765  
1835.1990  20186.07287478852  
1835.5360  20156.99977788761  
1835.8730  20152.04317237178  
1836.2100  20172.015020513798  
1836.5470  20190.059973112984  
1836.8850  20134.60416176719  
1837.2220  20008.289493572862  
1837.5601  19924.36652732076  
1837.8970  19895.0631724619  
1838.2350  19880.77506022923  
1838.5730  19921.833689783332  
1838.9110  20001.63625047216  
1839.2500  20007.562363179342  
1839.5880  19953.07605902491  
1839.9260  19926.30554170348  
1840.2650  19941.199595930746  
1840.6040  19975.835240342087  
1840.9430  20012.167522338306  
1841.2810  20001.272685275395  
1841.6210  19856.67068768404  
1841.9600  19630.823987456708  
1842.2990  19470.249358887697  
1842.6390  19395.52459211362  
1842.9780  19396.25172250714  
1843.3180  19494.341612592994  
1843.6580  19624.885755909632  
1843.9980  19695.368928721506  
1844.3380  19729.883384733927  
1844.6780  19750.352105311515  
1845.0190  19761.731695970106  
1845.3590  19788.865778488296  
1845.7000  19804.971716704764  
1846.0400  19666.186762261572  
1846.3810  19369.4933240256  
1846.7220  19121.11770043904  
1847.0630  18960.40976463122  
1847.4041  18897.31908415346  
1847.7460  19013.4539268385  
1848.0870  19270.191549950545  
1848.4290  19476.539036791644  
1848.7710  19610.961208873723  
1849.1121  19695.61130551935  
1849.4540  19734.730920690727  
1849.7970  19763.670710352824  
1850.1390  19794.670702796564  
1850.4810  19819.138640538513  
1850.8240  19826.51901403274  
1851.1660  19811.746148204395  
1851.5090  19773.353663426537  
1851.8521  19700.82240667291  
1852.1949  19595.34002425293  
1852.5380  19496.280626975717  
1852.8810  19437.18916366232  
1853.2250  19429.91785972712  
1853.5680  19477.266167185164  
1853.9120  19565.06716220271  
1854.2560  19636.27746540811  
1854.5990  19634.096074227553  
1854.9430  19512.992507186784  
1855.2880  19328.07112927474  
1855.6320  19220.661851311936  
1855.9760  19202.98046390951  
1856.3210  19240.876076251796  
1856.6650  19359.677063713083  
1857.0100  19520.869753116585  
1857.3550  19602.61132818813  
1857.7000  19592.189125881014  
1858.0450  19526.553489025933  
1858.3910  19440.812696790028  
1858.7360  19357.13210733576  
1859.0820  19245.965989006436  
1859.4270  19141.331925378898  
1859.7729  19109.725990940562  
1860.1190  19124.25647997107  
1860.4650  19123.892914774307  
1860.8110  19106.950776605292  
1861.1580  19111.66500532328  
1861.5040  19125.46836396027  
1861.8510  19102.70918264309  
1862.1970  19061.408176291152  
1862.5439  19093.37767592625  
1862.8910  19144.3616353519  
1863.2380  19126.68024794947  
1863.5861  19095.43787870789  
1863.9330  19110.81668653084  
1864.2800  19105.61770421717  
1864.6281  19086.11849083094  
1864.9760  19081.14976647522  
1865.3240  19050.51333922824  
1865.6720  18950.484434759666  
1866.0200  18815.45632068299  
1866.3680  18718.578314586335  
1866.7170  18668.92742754881  
1867.0649  18639.381695892112  
1867.4139  18644.944243402537  
1867.7620  18730.806224037366  
1868.1110  18804.19791842332  
1868.4600  18847.54700871701  
1868.8101  18919.72681911377  
1869.1591  19005.709988147515  
1869.5081  19025.681836289536  
1869.8580  18988.51335434077  
1870.2080  18939.2260325  
1870.5570  18892.83511339342  
1870.9070  18838.59118603682  
1871.2581  18762.775723672465  
1871.6080  18643.85354781226  
1871.9580  18465.233966644057  
1872.3090  18315.91774033471  
1872.6591  18226.420107732283  
1873.0100  18136.69221717191  
1873.3610  18046.46745417596  
1873.7120  17967.755589077417  
1874.0630  17752.682537514076  
1874.4139  17266.220185409264  
1874.7660  16575.83411444175  
1875.1169  15984.010568315884  
1875.4690  15693.861303621594  
1875.8210  15704.998517482345  
1876.1730  16058.856523488883  
1876.5250  16713.395066055855  
1876.8770  17355.35425281493  
1877.2290  17769.757982921903  
1877.5820  18008.450653434757  
1877.9340  18162.72348525993  
1878.2870  18267.599925685303  
1878.6400  18326.44901220086  
1878.9930  18330.084664168462  
1879.3459  18312.282088367112  
1879.6990  18300.90249770852  
1880.0530  18319.916957499074  
1880.4060  18378.88723241355  
1880.7600  18476.492368903724  
1881.1140  18564.899305915875  
1881.4680  18603.776544289412  
1881.8220  18589.73080885458  
1882.1760  18563.808610325592  
1882.5300  18551.095947278885  
1882.8850  18546.61197651884  
1883.2390  18547.09673011452  
1883.5940  18550.368816885362  
1883.9490  18523.973983600583  
1884.3040  18462.08306827214  
1884.6591  18414.371195617325  
1885.0140  18318.46269671203  
1885.3700  18147.4658658359  
1885.7250  18078.558142209982  
1886.0811  18125.421696072346  
1886.4370  18179.677742268836  
1886.7920  18281.039719125532  
1887.1490  18430.355945434876  
1887.5050  18491.628799928836  
1887.8610  18475.522861712365  
1888.2180  18440.414582545236  
1888.5740  18396.810996613818  
1888.9310  18341.827820023813  
1889.2880  18236.599933241567  
1889.6450  18079.16408420458  
1890.0020  18002.875987084433  
1890.3590  18019.46667889658  
1890.7170  18043.6801210008  
1891.0740  18048.77003375544  
1891.4320  18080.01240299702  
1891.7900  18026.24111039621  
1892.1479  17859.97062707796  
1892.5060  17692.258001812555  
1892.8640  17634.72986884523  
1893.2220  17669.486701655485  
1893.5811  17729.062918564563  
1893.9390  17779.44093599561  
1894.2980  17836.726692165103  
1894.6570  17872.210655368883  
1895.0160  17787.075805127573  
1895.3750  17624.44097377692  
1895.7340  17488.806917705646  
1896.0940  17400.763545890255  
1896.4540  17371.944944627077  
1896.8130  17408.51960342114  
1897.1730  17521.382359335345  
1897.5330  17683.04768349464  
1897.8929  17823.771652320553  
1898.2540  17823.408087123793  
1898.6140  17747.229059562673  
1898.9740  17709.684893577254  
1899.3350  17679.169654729194  
1899.6960  17673.364730420926  
1900.0570  17754.25798670003  
1900.4180  17885.16569521343  
1900.7791  17961.332603934658  
1901.1410  18005.66332025959  
1901.5020  18016.679345721423  
1901.8640  17994.87755275571  
1902.2260  17940.391248601278  
1902.5880  17813.83420360911  
1902.9500  17665.851049687888  
1903.3120  17592.59266254074  
1903.6740  17570.54849277719  
1904.0360  17564.00431923551  
1904.3990  17599.124717242532  
1904.7620  17666.578180081407  
1905.1250  17691.77324821688  
1905.4880  17675.18255640473  
1905.8510  17666.214614884648  
1906.2140  17689.107103440634  
1906.5780  17691.530871419036  
1906.9410  17643.079749530818  
1907.3051  17574.79008673939  
1907.6689  17517.140765373144  
1908.0330  17479.960164584485  
1908.3970  17477.899961802843  
1908.7610  17515.20175099042  
1909.1260  17567.39759440527  
1909.4900  17607.24433997017  
1909.8550  17606.63839797557  
1910.2200  17567.276406006353  
1910.5850  17496.066102800953  
1910.9500  17365.88552468108  
1911.3149  17229.76671501412  
1911.6801  17184.72098713556  
1912.0460  17192.477044666437  
1912.4120  17214.266718792256  
1912.7770  17311.02353648999  
1913.1429  17432.854233924274  
1913.5090  17473.549298281614  
1913.8760  17466.399182745336  
1914.2419  17468.822950723734  
1914.6090  17455.019592086748  
1914.9750  17410.688875761807  
1915.3420  17360.43204672968  
1915.7090  17333.55245984922  
1916.0760  17315.99226084571  
1916.4430  17310.41759449539  
1916.8101  17327.3718515043  
1917.1780  17342.641589768224  
1917.5460  17320.47623160575  
1917.9130  17276.521199317463  
1918.2810  17249.993058793876  
1918.6490  17204.462577319624  
1919.0170  17092.569328596783  
1919.3860  16988.056453368165  
1919.7540  16971.102196359254  
1920.1230  16980.300395837283  
1920.4919  17013.84534465834  
1920.8600  17127.798796162828  
1921.2300  17253.507522362554  
1921.5990  17292.86951433177  
1921.9680  17282.81087722141  
1922.3380  17235.462569763367  
1922.7070  17156.387139468057  
1923.0770  17117.02514749884  
1923.4470  17099.46494849533  
1923.8170  17067.85901405699  
1924.1870  17085.4192130605  
1924.5570  17148.50989353826  
1924.9280  17173.583773274808  
1925.2980  17167.645541727725  
1925.6689  17164.131078159047  
1926.0400  17152.387922303697  
1926.4110  17125.629523822157  
1926.7820  17071.00991242891  
1927.1541  17001.61743520731  
1927.5250  16960.207359296346  
1927.8970  16877.37508863452  
1928.2679  16725.756282745693  
1928.6400  16617.728943948398  
1929.0120  16628.623781011305  
1929.3850  16642.80282368495  
1929.7570  16645.578038020216  
1930.1290  16703.833301381062  
1930.5020  16731.803583851804  
1930.8750  16662.047541433447  
1931.2480  16617.728943948398  
1931.6210  16599.441614551368  
1931.9940  16544.228180003414  
1932.3669  16516.48815549062  
1932.7410  16537.68400646173  
1933.1140  16548.21527832788  
1933.4880  16600.53231014165  
1933.8621  16702.742605790787  
1934.2360  16755.423202801314  
1934.6100  16741.741032563245  
1934.9850  16732.894279442084  
1935.3590  16727.210543532736  
1935.7340  16719.818051198614  
1936.1090  16743.074104951364  
1936.4830  16798.772293095  
1936.8580  16822.75547724127  
1937.2340  16814.393477715792  
1937.6090  16793.209745584572  
1937.9840  16716.788341225612  
1938.3600  16534.775484887654  
1938.7360  16352.27787495401  
1939.1121  16250.673521299474  
1939.4880  16217.613326074092  
1939.8640  16254.430361665994  
1940.2410  16381.460041413946  
1940.6169  16499.655086880633  
1940.9940  16528.122241786943  
1941.3710  16487.911931025283  
1941.7480  16413.308352650125  
1942.1250  16304.202437102442  
1942.5020  16136.841258193906  
1942.8790  15902.753746840015  
1943.2570  15650.742471285856  
1943.6350  15399.215949327376  
1944.0120  15098.523293927046  
1944.3900  14793.722351803332  
1944.7690  14603.105119142047  
1945.1470  14513.134851783832  
1945.5250  14589.05938370722  
1945.9041  14857.782539472448  
1946.2830  15210.428661489783  
1946.6610  15521.046646761662  
1947.0410  15797.99849481356  
1947.4200  15969.601267684295  
1947.7990  16063.20718701011  
1948.1780  16136.235316199309  
1948.5580  16165.417482659246  
1948.9380  16116.008972419559  
1949.3180  16079.313125226578  
1949.6980  16069.387795355029  
1950.0780  15975.418310832454  
1950.4580  15786.61890415497  
1950.8390  15708.028227455345  
1951.2200  15697.121271552543  
1951.6000  15703.301879897463  
1951.9810  15812.298725886121  
1952.3621  16059.70484228132  
1952.7440  16250.431144501632  
1953.1250  16335.202429546178  
1953.5070  16361.124628075167  
1953.8879  16370.080450755358  
1954.2700  16377.836508286238  
1954.6520  16358.45848329893  
1955.0341  16309.77710345276  
1955.4170  16280.098064557249  
1955.7990  16266.779459515943  
1956.1820  16244.868596991204  
1956.5640  16224.642253211456  
1956.9470  16239.172742241964  
1957.3300  16245.474538985804  
1957.7130  16228.035528381215  
1958.0970  16208.293938197145  
1958.4800  16200.053127070585  
1958.8640  16168.568381031166  
1959.2480  16138.416707379869  
1959.6320  16123.886218349358  
1960.0160  16118.069175201199  
1960.4000  16117.220856408758  
1960.7841  16094.94642868726  
1961.1689  16022.281864694822  
1961.5540  15978.569209204374  
1961.9380  15923.707221013285  
1962.3230  15800.6646395898  
1962.7090  15718.074745725813  
1963.0940  15687.923072074516  
1963.4790  15607.635757790007  
1963.8650  15587.0458488135  
1964.2510  15663.818699529325  
1964.6370  15726.194368453454  
1965.0229  15751.498506147953  
1965.4091  15785.89177376145  
1965.7950  15770.512965938502  
1966.1820  15751.013752552273  
1966.5680  15762.284273651832  
1966.9550  15808.42069712068  
1967.3420  15860.13178693985  
1967.7290  15899.481660069177  
1968.1169  15885.072359437585  
1968.5040  15855.526627780888  
1968.8910  15835.785037596821  
1969.2791  15821.01217176847  
1969.6670  15821.13336016739  
1970.0551  15835.906225995737  
1970.4430  15828.76822929935  
1970.8320  15799.93750919628  
1971.2200  15751.256129350111  
1971.6090  15612.24091694897  
1971.9980  15388.684677461226  
1972.3870  15270.489631994542  
1972.7760  15204.732806740543  
1973.1650  15130.626100800957  
1973.5540  15183.536955769434  
1973.9440  15359.744887799128  
1974.3340  15444.637361242596  
1974.7240  15482.896538781642  
1975.1140  15547.683856844278  
1975.5040  15567.183070230509  
1975.8940  15543.93913531765  
1976.2850  15525.89418271846  
1976.6750  15501.426244976512  
1977.0660  15388.321112264466  
1977.4570  15180.991999392114  
1977.8480  15093.445500012298  
1978.2390  15078.79382258287  
1978.6310  15043.67342457585  
1979.0220  15044.764120166132  
1979.4139  15178.337973455766  
1979.8060  15210.428661489783  
1980.1980  15148.901311358095  
1980.5900  15138.612416289787  
1980.9830  15199.764082384823  
1981.3750  15226.049846110573  
1981.7679  15253.171809788872  
1982.1610  15292.049048162411  
1982.5530  15312.881333936759  
1982.9470  15296.411830523532  
1983.3400  15251.475172203991  
1983.7330  15213.579559861706  
1984.1270  15178.943915450365  
1984.5210  15106.521728255768  
1984.9150  15016.66053045658  
1985.3090  14992.810653549122  
1985.7030  14943.402143309433  
1986.0970  14863.720771019527  
1986.4919  14879.584332438159  
1986.8860  14969.069846200693  
1987.2810  15028.415805151822  
1987.6760  15102.401322692489  
1988.0720  15199.036951991304  
1988.4670  15231.733582019922  
1988.8621  15222.656570940813  
1989.2581  15211.155791883304  
1989.6541  15200.975966374022  
1990.0500  15190.808259704634  
1990.4460  15179.913422641725  
1990.8420  15160.535397654416  
1991.2390  15116.447058127316  
1991.6350  15050.08429087872  
1992.0320  14971.130048982333  
1992.4290  14874.130854486757  
1992.8260  14764.540185343392  
1993.2230  14681.101972686965  
1993.6200  14679.041769905325  
1994.0179  14721.178976209812  
1994.4160  14786.45104786813  
1994.8130  14870.858767715918  
1995.2111  14955.266487563704  
1995.6100  14961.810661105384  
1996.0081  14909.008875695936  
1996.4060  14857.782539472448  
1996.8051  14778.22235558146  
1997.2040  14692.117998148795  
1997.6030  14672.982349959324  
1998.0020  14704.103530801984  
1998.4010  14732.073813272722  
1998.8010  14792.38927941521  
1999.2000  14861.660568237889  
1999.6000  14882.844300369106  
2000.0000  14876.069868869477  
2000.4000  14862.751263828168  
2000.8000  14855.479959892968  
2001.2010  14845.312253223577  
2001.6010  14813.10037679064  
2002.0020  14749.876389074072  
2002.4030  14696.965534105595  
2002.8040  14644.769690690746  
2003.2050  14585.908485335296  
2003.6071  14569.075416725309  
2004.0081  14607.467901503167  
2004.4100  14625.391665703437  
2004.8120  14596.451876041338  
2005.2140  14581.19425661731  
2005.6160  14578.89167703783  
2006.0179  14571.741561501547  
2006.4210  14585.181354941777  
2006.8230  14642.224734313426  
2007.2260  14689.573041771473  
2007.6290  14697.086722504515  
2008.0320  14682.301737836273  
2008.4360  14661.723947699656  
2008.8390  14645.860386281027  
2009.2430  14632.044908804146  
2009.6460  14620.665318145555  
2010.0500  14610.012857880489  
2010.4540  14600.438974365807  
2010.8590  14587.968688116938  
2011.2629  14574.771271474548  
2011.6680  14559.150086853759  
2012.0720  14552.363536514238  
2012.4771  14547.52811939733  
2012.8820  14529.483166798142  
2013.2880  14494.362768791123  
2013.6930  14472.439787426492  
2014.0990  14460.211877975464  
2014.5040  14451.728690051063  
2014.9100  14454.516023226222  
2015.3170  14470.621961442694  
2015.7230  14468.198193464292  
2016.1290  14451.971066848902  
2016.5360  14435.259186637833  
2016.9420  14422.788900388965  
2017.3490  14414.681396501215  
2017.7560  14410.924556134694  
2018.1630  14408.500788156296  
2018.5710  14404.138005795174  
2018.9780  14385.971864797064  
2019.3860  14331.72793744047  
2019.7939  14232.535232924442  
2020.2020  14107.444567559207  
2020.6100  14001.840996740311  
2021.0190  13956.068138468223  
2021.4270  13951.099414112503  
2021.8361  13995.793695634202  
2022.2450  14087.339412178379  
2022.6541  14170.050494441284  
2023.0630  14198.760026145434  
2023.4720  14196.942200161635  
2023.8820  14169.565740845605  
2024.2920  14144.503979948946  
2024.7010  14128.034476535717  
2025.1110  14114.837059893329  
2025.5210  14124.520012967036  
2025.9320  14148.745573911146  
2026.3420  14149.824150661534  
2026.7531  14142.686153965145  
2027.1639  14135.778415226705  
2027.5750  14104.414857586207  
2027.9860  14051.128318581079  
2028.3979  14017.70455815894  
2028.8090  13957.401210856342  
2029.2209  13860.523204759687  
2029.6331  13793.43330711757  
2030.0450  13753.10180795699  
2030.4570  13740.389144910281  
2030.8690  13767.14754339182  
2031.2820  13838.721411793977  
2031.6940  13911.991917781015  
2032.1071  13985.37149332708  
2032.5200  14011.05131505823  
2032.9330  14016.37148577082  
2033.3470  14009.354677473351  
2033.7600  13948.203011378315  
2034.1740  13818.131502817467  
2034.5880  13732.887583017133  
2035.0020  13705.026370105423  
2035.4160  13698.615503802554  
2035.8311  13742.085782495162  
2036.2450  13849.979814053646  
2036.6600  13885.948530853106  
2037.0750  13803.601013786958  
2037.4900  13641.087370835226  
2037.9050  13536.695684005528  
2038.3210  13501.45409759959  
2038.7360  13501.45409759959  
2039.1520  13577.148371565028  
2039.5680  13729.251931049532  
2039.9840  13816.446984072478  
2040.4000  13815.477476881118  
2040.8160  13788.34339436293  
2041.2330  13767.87467378534  
2041.6500  13752.980619558071  
2042.0670  13744.145985276802  
2042.4840  13754.43488034511  
2042.9010  13781.447774464381  
2043.3180  13790.64597394241  
2043.7360  13784.10180040073  
2044.1541  13773.32815173674  
2044.5720  13766.78397819506  
2044.9900  13760.857865487871  
2045.4080  13751.76873556887  
2045.8260  13743.41885488328  
2046.2450  13729.857873044131  
2046.6639  13699.342634196075  
2047.0830  13664.101047790135  
2047.5020  13644.723022802824  
2047.9210  13635.633892883825  
2048.3411  13632.616301750717  
2048.7600  13638.057660862225  
2049.1799  13646.056095190947  
2049.6001  13627.889954192837  
2050.0210  13601.119436871406  
2050.4409  13580.784023532628  
2050.8611  13558.618665370159  
2051.2820  13523.134702166379  
2051.7029  13473.120249932092  
2052.1240  13434.121823159632  
2052.5449  13413.180467826256  
2052.9670  13402.637077120215  
2053.3879  13401.425193131014  
2053.8101  13436.060837542353  
2054.2319  13467.787960379612  
2054.6541  13477.119467096452  
2055.0759  13476.271148304011  
2055.4980  13476.63471350077  
2055.9209  13468.515090773131  
2056.3440  13457.377876912382  
2056.7671  13447.573735439753  
2057.1899  13429.286406042724  
2057.6130  13397.438094806545  
2058.0371  13383.877112967395  
2058.4600  13372.606591867836  
2058.8840  13357.106595645966  
2059.3081  13340.515903833817  
2059.7319  13292.440465982248  
2060.1560  13194.714141093153  
2060.5811  13146.638703241584  
2061.0061  13138.519080513945  
2061.4309  13149.183659618904  
2061.8550  13202.215702986301  
2062.2810  13229.713350701251  
2062.7061  13101.338479725286  
2063.1321  12973.581669583811  
2063.5581  12925.506231732243  
2063.9829  12910.248612308214  
2064.4089  12954.809586591102  
2064.8359  13100.744656570578  
2065.2620  13213.486224085862  
2065.6890  13239.15392697712  
2066.1160  13237.457289392241  
2066.5430  13226.198887132572  
2066.9700  13199.440488651035  
2067.3970  13172.548782930684  
2067.8250  13160.199685080734  
2068.2520  13153.049569544453  
2068.6799  13145.548007651305  
2069.1079  13108.852160458326  
2069.5359  13012.216531159509  
2069.9651  12958.202861760863  
2070.3931  12935.431561603793  
2070.8220  12911.218119499574  
2071.2510  12916.550409052055  
2071.6799  12997.80723052792  
2072.1089  13037.278292056168  
2072.5391  13044.549595991368  
2072.9690  13058.352954628357  
2073.3979  13083.911587960587  
2073.8279  13092.988599039698  
2074.2590  13087.292744290455  
2074.6890  13078.579298408107  
2075.1189  13069.490168489107  
2075.5500  13057.86820103268  
2075.9810  13043.943653996768  
2076.4121  13030.140295359779  
2076.8430  13018.627397462378  
2077.2749  13007.12661840487  
2077.7061  12995.62583934736  
2078.1379  12968.612945228091  
2078.5701  12909.642670313615  
2079.0020  12867.263087211288  
2079.4341  12831.173182012906  
2079.8669  12789.508610464207  
2080.3000  12771.827223061779  
2080.7319  12797.749421590768  
2081.1660  12809.007823850437  
2081.5991  12808.523070254758  
2082.0320  12799.446059175649  
2082.4661  12753.539893664749  
2082.8989  12697.720517122194  
2083.3330  12663.084872710853  
2083.7671  12643.828036122464  
2084.2019  12652.783858802653  
2084.6360  12697.841705521112  
2085.0710  12738.64583943748  
2085.5061  12763.477342376189  
2085.9409  12777.523077811018  
2086.3760  12771.706034662859  
2086.8110  12766.14348715243  
2087.2471  12763.84090757295  
2087.6831  12751.24943292516  
2088.1189  12738.88821623532  
2088.5549  12732.113784735691  
2088.9910  12721.933959226411  
2089.4270  12715.038339327863  
2089.8640  12702.5559342391  
2090.3010  12670.586434604003  
2090.7380  12629.539923889795  
2091.1750  12536.164262521928  
2091.6130  12418.950843086493  
2092.0500  12362.876970906205  
2092.4880  12342.529438727535  
2092.9260  12351.497380247616  
2093.3640  12400.542325290544  
2093.8020  12444.012603983152  
2094.2410  12444.497357578832  
2094.6799  12411.921915949135  
2095.1179  12388.181108600704  
2095.5569  12387.211601409344  
2095.9971  12407.074379992333  
2096.4360  12423.786260203402  
2096.8760  12451.162719519432  
2097.3149  12463.754194167223  
2097.7549  12463.148252172621  
2098.1960  12453.81674545578  
2098.6360  12445.224487972353  
2099.0759  12454.78625264714  
2099.5171  12448.738951541032  
2099.9580  12428.512607761282  
2100.3989  12432.996578521323  
2100.8401  12437.953184037151  
2101.2820  12431.905882931042  
2101.7229  12416.648263507015  
2102.1650  12395.937166131585  
2102.6069  12380.679546707555  
2103.0500  12370.499721198274  
2103.4919  12362.271028911606  
2103.9341  12369.530214006914  
2104.3770  12397.997368913224  
2104.8201  12413.497365135094  
2105.2629  12411.558350752373  
2105.7070  12405.256554008532  
2106.1499  12396.179542929423  
2106.5940  12383.466879882715  
2107.0381  12370.620909597195  
2107.4810  12354.272594582884  
2107.9260  12331.755790063547  
2108.3701  12287.303885339688  
2108.8149  12212.83361420334  
2109.2600  12164.758176351774  
2109.7051  12147.682730943943  
2110.1499  12143.198760183903  
2110.5950  12163.546292362573  
2111.0410  12213.560744596862  
2111.4861  12236.441114312958  
2111.9331  12223.84963966517  
2112.3789  12209.197962235741  
2112.8250  12200.120951156632  
2113.2710  12193.455589216032  
2113.7180  12188.123299663552  
2114.1650  12190.547067641952  
2114.6121  12188.486864860311  
2115.0591  12167.666697925853  
2115.5071  12120.791025223592  
2115.9541  12034.209185499181  
2116.4021  11988.312715060196  
2116.8501  11973.781014145698  
2117.2981  11969.299467153636  
2117.7471  11997.032220362491  
2118.1951  12050.79987731133  
2118.6440  12032.877324995052  
2119.0930  11988.918657054797  
2119.5420  11970.511351142835  
2119.9910  11955.857249945428  
2120.4409  11942.17386782337  
2120.8911  11943.748105125342  
2121.3411  11961.913034239462  
2121.7910  11957.311510732468  
2122.2410  11931.758936820184  
2122.6919  11902.694323107198  
2123.1421  11865.517357970506  
2123.5930  11817.31951983603  
2124.0439  11795.400174123368  
2124.4961  11798.185083530549  
2124.9470  11811.263735541997  
2125.3979  11824.948329548046  
2125.8501  11820.46799443997  
2126.3020  11814.049856833168  
2126.7549  11809.931875037866  
2127.2070  11807.389342428525  
2127.6599  11826.037813254336  
2128.1121  11861.762941371964  
2128.5649  11866.849218474637  
2129.0190  11845.293437958735  
2129.4719  11834.273776844939  
2129.9260  11830.276983448557  
2130.3789  11829.187499742266  
2130.8330  11833.30426965358  
2131.2871  11844.082765853525  
2131.7410  11840.934291249583  
2132.1960  11830.034606650717  
2132.6509  11818.893757138  
2133.1060  11804.482032738433  
2133.5610  11790.071520222855  
2134.0161  11774.812688914837  
2134.4719  11729.52216047045  
2134.9270  11630.582739708165  
2135.3831  11580.689475872796  
2135.8391  11566.278963357217  
2136.2959  11559.376072154735  
2136.7520  11586.26050657115  
2137.2090  11671.998875039078  
2137.6660  11712.20433826478  
2138.1230  11710.50891256389  
2138.5801  11696.703130158921  
2139.0371  11686.651764352497  
2139.4951  11680.476003543534  
2139.9529  11676.96396374283  
2140.4109  11677.812282535271  
2140.8689  11684.351608540996  
2141.3279  11683.018536152875  
2141.7859  11675.75329163762  
2142.2451  11665.823114230116  
2142.7041  11652.138520224067  
2143.1631  11641.723589220881  
2143.6230  11628.523748810514  
2144.0820  11607.937475485971  
2144.5420  11587.107613479602  
2145.0020  11556.469974348633  
2145.4619  11526.558253727195  
2145.9231  11520.623657832082  
2146.3831  11534.55062863597  
2146.8440  11545.570289749767  
2147.3049  11568.4579307698  
2147.7661  11588.560662382652  
2148.2280  11586.62285988392  
2148.6890  11575.845575567964  
2149.1509  11564.583537656328  
2149.6130  11553.320287860703  
2150.0750  11542.664191943666  
2150.5381  11532.61282613724  
2151.0000  11519.655362524712  
2151.4629  11501.731598324443  
2151.9260  11473.394115004978  
2152.3889  11454.382078982406  
2152.8530  11439.729189668988  
2153.3159  11423.017309457919  
2153.7800  11413.813050559944  
2154.2439  11419.868834853976  
2154.7080  11418.535762465857  
2155.1721  11414.661369352383  
2155.6370  11413.208320449334  
2156.1021  11408.12204334666  
2156.5669  11399.766103241125  
2157.0320  11390.80422114099  
2157.4971  11380.995232132405  
2157.9629  11366.584719616827  
2158.4290  11348.298602103787  
2158.8950  11330.617214701357  
2159.3611  11313.179415980758  
2159.8269  11294.529733270956  
2160.2939  11273.942248062423  
2160.7610  11245.242411430188  
2161.2280  11212.6657579165  
2161.6951  11182.875225693984  
2162.1621  11147.756039570955  
2162.6299  11106.461092638961  
2163.0979  11062.260047900865  
2163.5659  10998.31862486269  
2164.0339  10886.179363690037  
2164.5020  10695.689378847619  
2164.9709  10419.217436855444  
2165.4399  10171.082978182734  
2165.9089  10047.198137386755  
2166.3779  10038.23625528662  
2166.8469  10144.198543766319  
2167.3169  10370.172491812516  
2167.7871  10613.340649897484  
2168.2571  10772.103511902642  
2168.7271  10861.838673766952  
2169.1970  10930.623997109962  
2169.6680  10978.215893249839  
2170.1389  11003.526090364281  
2170.6101  11015.394070270519  
2171.0811  11018.7849216723  
2171.5530  11025.566624475865  
2172.0239  11032.348327279427  
2172.4961  11031.86357368375  
2172.9690  11027.624403489526  
2173.4399  11034.890859888772  
2173.9131  11031.984762082668  
2174.3860  11027.383238575676  
2174.8589  11018.300168076621  
2175.3320  10994.200643067388  
2175.8049  10956.054170739337  
2176.2791  10941.158904628077  
2176.7520  10931.955857614092  
2177.2261  10891.62920598947  
2177.7000  10807.222698025673  
2178.1750  10794.869964523756  
2178.6489  10798.866757920137  
2179.1240  10800.198618424269  
2179.5991  10842.341884148702  
2180.0740  10942.85433032897  
2180.5491  10975.914525554346  
2181.0249  10941.764846622676  
2181.5010  10860.870378459582  
2181.9771  10821.633210541251  
2182.4529  10807.222698025673  
2182.9290  10797.292520618166  
2183.4060  10819.93778484036  
2183.8831  10886.059387175106  
2184.3601  10911.00601909279  
2184.8369  10912.700232909692  
2185.3149  10915.849919397624  
2185.7920  10913.063798106452  
2186.2700  10900.227522892845  
2186.7480  10867.288516066386  
2187.2271  10782.882008102588  
2187.7051  10667.230707129233  
2188.1841  10615.036075598375  
2188.6631  10586.093862168296  
2189.1421  10559.209427751883  
2189.6211  10603.169307576127  
2190.1011  10690.724290143866  
2190.5811  10715.18616846587  
2191.0610  10717.851101358123  
2191.5410  10736.137218871161  
2192.0210  10734.56298156919  
2192.5010  10719.667715457934  
2192.9819  10702.349893252263  
2193.4641  10686.485119949646  
2193.9451  10672.801737827587  
2194.4260  10661.054946320271  
2194.9080  10647.855105909903  
2195.3899  10633.806946707096  
2195.8721  10619.032868994758  
2196.3540  10608.13439627988  
2196.8359  10600.746751481716  
2197.3191  10593.359106683552  
2197.8020  10587.66809947027  
2198.2849  10583.671306073888  
2198.7690  10572.409268162251  
2199.2520  10560.541288256014  
2199.7361  10547.826201441327  
2200.2200  10530.508379235656  
2200.7041  10515.008383013788  
2201.1880  10504.714640409522  
2201.6731  10493.210225700046  
2202.1580  10485.701392502962  
2202.6431  10484.24834359991  
2203.1279  10483.642401605312  
2203.6140  10480.857492198129  
2204.1001  10471.895610097994  
2204.5850  10432.417277265811  
2205.0720  10337.717026697748  
2205.5581  10237.809310628092  
2206.0449  10119.130723449716  
2206.5310  10065.120689703035  
2207.0181  10058.702552096232  
2207.5049  10098.544450125175  
2207.9929  10116.345814042535  
2208.4810  10190.217414488216  
2208.9690  10226.789649514296  
2209.4570  10246.771192728227  
2209.9451  10273.170873548963  
2210.4331  10324.274809489541  
2210.9221  10337.111084703149  
2211.4109  10330.692947096344  
2211.8999  10320.76276968884  
2212.3889  10309.379543378282  
2212.8789  10297.269186674206  
2213.3689  10288.066139660219  
2213.8589  10279.346634357926  
2214.3491  10268.08459644629  
2214.8391  10251.13033943738  
2215.3301  10223.035232915754  
2215.8210  10181.13434398916  
2216.3120  10144.56210896308  
2216.8030  10126.88193344464  
2217.2949  10115.741083931924  
2217.7871  10127.729040353091  
2218.2791  10157.278407661757  
2218.7710  10180.40842547963  
2219.2629  10185.131137385542  
2219.7561  10188.279611989485  
2220.2490  10179.92367188395  
2220.7419  10164.664840575932  
2221.2351  10153.645179462135  
2221.7290  10144.80448576092  
2222.2219  10132.936505854683  
2222.7161  10122.038033139808  
2223.2100  10115.861060446854  
2223.7051  10104.235457338458  
2224.1990  10093.09460782574  
2224.6941  10070.691720401388  
2225.1890  10014.379107075227  
2225.6841  9961.822122231597  
2226.1799  9945.473807217288  
2226.6760  9933.969392507812  
2227.1709  9923.433273105706  
2227.6670  9955.161607826953  
2228.1641  9992.097408049794  
2228.6609  9997.426061950307  
2229.1570  9991.733842853035  
2229.6541  9991.612654454115  
2230.1521  9990.523170747823  
2230.6489  9979.018756038346  
2231.1470  9965.818915627979  
2231.6450  9960.732638525307  
2232.1431  9963.153982735728  
2232.6411  9959.763131333946  
2233.1399  9954.676854231275  
2233.6379  9944.384323510998  
2234.1370  9930.820917903871  
2234.6370  9918.104619205193  
2235.1360  9904.057671886374  
2235.6360  9893.88511768103  
2236.1360  9882.017137774792  
2236.6360  9863.003889868232  
2237.1360  9829.338964532242  
2237.6370  9773.268728003923  
2238.1379  9737.666000169202  
2238.6389  9715.746654456538  
2239.1399  9697.218160145658  
2239.6421  9709.328516849735  
2240.1431  9753.529561587831  
2240.6460  9772.300432696551  
2241.1470  9768.54601609801  
2241.6499  9754.49906877919  
2242.1521  9737.787188568122  
2242.6550  9717.56326855635  
2243.1580  9704.968158256594  
2243.6621  9707.027149154244  
2244.1650  9724.949701470525  
2244.6689  9729.067683265826  
2245.1731  9727.735822761695  
2245.6770  9722.043603664422  
2246.1809  9704.484616544902  
2246.6860  9663.79439972352  
2247.1909  9624.437255290259  
2247.6960  9606.393514575057  
2248.2009  9596.342148768632  
2248.7070  9591.619436862718  
2249.2129  9611.60098007665  
2249.7190  9631.218958093823  
2250.2251  9627.706918293119  
2250.7310  9620.198085096035  
2251.2380  9612.205710187262  
2251.7451  9600.580107078866  
2252.2520  9585.927217765446  
2252.7600  9557.347357648141  
2253.2671  9490.742213601703  
2253.7749  9460.104574470735  
2254.2830  9448.60015976126  
2254.7920  9429.829288652538  
2255.3000  9436.368614658262  
2255.8091  9475.604570692605  
2256.3181  9486.504255291471  
2256.8269  9489.410353097572  
2257.3359  9498.493423596627  
2257.8459  9500.067660898598  
2258.3560  9505.395102915121  
2258.8660  9504.91156120343  
2259.3760  9498.613400111557  
2259.8870  9490.742213601703  
2260.3979  9469.549998282562  
2260.9089  9437.458098364552  
2261.4199  9370.852954318116  
2261.9319  9325.320049075888  
2262.4441  9308.970522177591  
2262.9551  9315.026306471624  
2263.4680  9331.011056289173  
2263.9800  9368.189233309853  
2264.4929  9374.243805719898  
2265.0061  9363.466521403941  
2265.5190  9351.113787902024  
2266.0320  9338.156324289495  
2266.5459  9342.63665939757  
2267.0601  9356.200065004698  
2267.5730  9357.169572196057  
2268.0879  9351.234976300944  
2268.6030  9345.663945602591  
2269.1169  9339.245807995789  
2269.6321  9326.40953278218  
2270.1470  9302.673572969707  
2270.6631  9290.56442814962  
2271.1790  9287.899495257368  
2271.6951  9285.719315960798  
2272.2109  9288.869002448728  
2272.7271  9301.220524066657  
2273.2439  9291.41153505807  
2273.7610  9258.351339832692  
2274.2781  9239.580468723972  
2274.7949  9226.501816712524  
2275.3130  9218.26706500591  
2275.8311  9220.93078601417  
2276.3491  9240.428787516412  
2276.8669  9244.303180629884  
2277.3850  9240.186410718572  
2277.9041  9229.529102917546  
2278.4231  9218.50944180375  
2278.9431  9205.914331503993  
2279.4619  9187.265860678182  
2279.9819  9132.769861451832  
2280.5020  9021.47891907162  
2281.0220  8961.776666227664  
2281.5420  8928.716471002286  
2282.0630  8917.939186686332  
2282.5840  8941.310369418054  
2283.1050  9028.018245077343  
2283.6260  9060.71608698995  
2284.1479  9060.83727538887  
2284.6699  9055.266244690518  
2285.1919  9049.452837194325  
2285.7141  9044.246583576722  
2286.2371  9044.004206778882  
2286.7600  9048.848107083713  
2287.2830  9045.699632479773  
2287.8059  9044.851313687332  
2288.3301  9038.675552878369  
2288.8530  9029.956047576074  
2289.3770  9023.90147516603  
2289.9021  9014.576027869136  
2290.4260  8997.985336056987  
2290.9509  8990.114149547131  
2291.4761  8984.543118848778  
2292.0010  8963.714468726397  
2292.5259  8905.222887987655  
2293.0520  8852.181149548345  
2293.5779  8808.34245812302  
2294.1040  8766.683945994266  
2294.6311  8742.706821267942  
2295.1570  8755.42190808263  
2295.6841  8761.356503977742  
2296.2109  8734.472069561327  
2296.7390  8728.175120353444  
2297.2661  8736.53106045898  
2297.7939  8752.758187074367  
2298.3220  8774.79872118595  
2298.8511  8808.58483492086  
2299.3789  8815.608914522263  
2299.9080  8819.484519519725  
2300.4370  8815.730102921183  
2300.9670  8814.881784128744  
2301.4961  8821.301133619536  
2302.0259  8820.574003226016  
2302.5559  8811.492144610951  
2303.0859  8802.893827707576  
2303.6169  8791.51060139702  
2304.1470  8779.521433091862  
2304.6780  8775.40345129656  
2305.2100  8772.376165091538  
2305.7410  8767.774641584545  
2306.2729  8768.500560094079  
2306.8049  8762.688364481874  
2307.3369  8757.844464177042  
2307.8701  8740.16307677461  
2308.4031  8721.5146059488  
2308.9360  8708.555930452283  
2309.4690  8703.34967683468  
2310.0020  8694.387794734545  
2310.5359  8695.719655238676  
2311.0701  8700.68474394243  
2311.6040  8696.689162430037  
2312.1389  8690.391001338163  
2312.6741  8683.125756822908  
2313.2080  8669.562351215782  
2313.7439  8642.556728400446  
2314.2791  8615.308728787271  
2314.8149  8599.808732565401  
2315.3511  8584.428712858464  
2315.8870  8557.786655239888  
2316.4231  8555.606475943317  
2316.9600  8554.880557433786  
2317.4971  8528.964418324742  
2318.0339  8517.944757210946  
2318.5720  8525.33240200911  
2319.1089  8528.964418324742  
2319.6470  8537.683923627037  
2320.1860  8558.754950547258  
2320.7241  8563.478874337161  
2321.2629  8533.567153715725  
2321.8020  8438.13977275414  
2322.3411  8357.124116192126  
2322.8799  8298.390158655544  
2323.4199  8247.165034316044  
2323.9600  8220.76535349531  
2324.5000  8250.434697318906  
2325.0410  8261.454358432702  
2325.5811  8267.872496039505  
2326.1221  8282.163032040155  
2326.6641  8307.59320566953  
2327.2051  8332.056295875522  
2327.7471  8358.213599898416  
2328.2891  8368.264965704842  
2328.8311  8371.049875112023  
2329.3730  8360.151402397149  
2329.9160  8349.615282995042  
2330.4590  8340.774589293827  
2331.0020  8328.66544447374  
2331.5459  8317.402194678114  
2332.0901  8317.402194678114  
2332.6340  8316.555087769664  
2333.1780  8324.668651077356  
2333.7219  8318.008136672714  
2334.2671  8283.252515746444  
2334.8120  8262.786218936833  
2335.3569  8269.567921740398  
2335.9031  8263.998102926033  
2336.4490  8273.32233833894  
2336.9951  8283.737269342124  
2337.5410  8243.774182914261  
2338.0879  8213.135331899306  
2338.6340  8208.049054796631  
2339.1809  8198.846007782648  
2339.7290  8216.162618104327  
2340.2759  8257.33758852139  
2340.8240  8275.86487094828  
2341.3721  8271.990477834806  
2341.9199  8265.087586632324  
2342.4690  8256.368081330029  
2343.0181  8248.375706421255  
2343.5669  8235.175866010888  
2344.1160  8219.553469506109  
2344.6660  8210.471610891043  
2345.2161  8200.783810281377  
2345.7661  8194.123295876734  
2346.3159  8190.611256076031  
2346.8669  8183.829553272468  
2347.4180  8179.590383078245  
2347.9690  8176.926662069984  
2348.5210  8171.476819770552  
2349.0720  8165.907000956187  
2349.6240  8162.1525843576455  
2350.1760  8147.620883443148  
2350.7290  8108.262527125897  
2351.2810  8035.8451874672555  
2351.8340  7950.953925907777  
2352.3879  7887.860821662042  
2352.9409  7847.776546835258  
2353.4951  7831.30704342203  
2354.0491  7854.679438037742  
2354.6030  7896.216761767577  
2355.1580  7916.924223491039  
2355.7129  7919.2255911865295  
2356.2681  7902.5137109754605  
2356.8230  7892.341156770115  
2357.3779  7891.614026376595  
2357.9351  7896.700303479267  
2358.4900  7907.8423648759735  
2359.0471  7933.878480499948  
2359.6040  7949.379688605806  
2360.1609  7954.587154107398  
2360.7180  7958.097982024111  
2361.2749  7949.622065403645  
2361.8330  7944.293411503134  
2362.3911  7941.507290211963  
2362.9490  7937.148143502811  
2363.5081  7924.311868289202  
2364.0659  7914.745256078458  
2364.6250  7910.990839479916  
2365.1851  7908.931848582264  
2365.7439  7905.540997180482  
2366.3040  7907.599988078134  
2366.8640  7911.595569590526  
2367.4241  7901.060662072409  
2367.9851  7893.673017274245  
2368.5459  7877.0823254620955  
2369.1069  7847.412981638498  
2369.6680  7831.790585133721  
2370.2300  7826.584331516116  
2370.7920  7823.798210224946  
2371.3540  7817.258884219223  
2371.9170  7824.5253406184665  
2372.4790  7791.948687104778  
2373.0420  7716.746438038956  
2373.6050  7667.700281112038  
2374.1689  7650.38245890637  
2374.7329  7649.414163598997  
2375.2971  7677.266893322784  
2375.8611  7746.294593463633  
2376.4260  7787.104786799946  
2376.9910  7792.554629099378  
2377.5559  7787.468351996706  
2378.1211  7774.147323187418  
2378.6870  7760.70510597921  
2379.2529  7747.868830765603  
2379.8191  7738.543383468708  
2380.3860  7733.941859961716  
2380.9519  7732.004057462985  
2381.5190  7693.6152083370935  
2382.0869  7606.908544561794  
2382.6541  7535.095935013764  
2383.2219  7451.657722357337  
2383.7900  7371.489172703772  
2384.3589  7335.765256470132  
2384.9270  7351.38644109092  
2385.4961  7340.487968376045  
2386.0649  7362.407314088707  
2386.6350  7394.861567319485  
2387.2051  7424.167345946322  
2387.7749  7446.450256855744  
2388.3450  7484.839105981635  
2388.9160  7497.675381195243  
2389.4861  7503.246411893596  
2390.0569  7497.675381195243  
2390.6289  7493.55861128393  
2391.2000  7487.381638590977  
2391.7720  7464.978751166624  
2392.3440  7450.8094035648965  
2392.9170  7449.962296656447  
2393.4900  7440.51687284462  
2394.0630  7434.945842146268  
2394.6360  7439.183800456501  
2395.2090  7440.274496046781  
2395.7830  7429.617188245755  
2396.3569  7430.586695437115  
2396.9319  7422.7142970432715  
2397.5071  7427.074655636413  
2397.5072  6781.472545605801  
2402.7225  6731.656842345742  
2407.9379  6682.290748045676  
2413.1533  6633.373050821615  
2418.3688  6584.896479369621  
2423.5842  6536.85618615374  
2428.7996  6489.247323638015  
2434.0150  6442.067468054465  
2439.2304  6395.309348099157  
2444.4458  6348.970540004114  
2449.6613  6303.044984349387  
2454.8767  6257.530257366998  
2460.0921  6212.420299637003  
2465.3075  6167.7114755074335  
2470.5229  6123.398937442332  
2475.7383  6079.48026167372  
2480.9538  6035.9493887816525  
2486.1692  5992.8026831141615  
2491.3846  5950.03650901928  
2496.6000  5907.648442729027  
2501.8154  5865.631212939471  
2507.0308  5823.9836077666205  
2512.2463  5782.700779674518  
2517.4617  5741.780304895188  
2522.6771  5701.214912124693  
2527.8925  5661.0046013630335  
2533.1079  5621.144525074254  
2538.3233  5581.6310476063845  
2543.5388  5542.45932142347  
2548.7542  5503.628134641521  
2553.9696  5465.132639724579  
2559.1850  5426.969201020679  
2564.4004  5389.1366066458295  
2569.6158  5351.627585296098  
2574.8313  5314.442136971482  
2580.0467  5277.574202252037  
2585.2621  5241.023781137762  
2590.4775  5204.784814208711  
2595.6929  5168.856089580896  
2600.9083  5133.233971602348  
2606.1238  5097.914824621101  
2611.3392  5062.896224869175  
2616.5546  5028.1745366946025  
2621.7700  4993.746124445417  
2626.9854  4959.610988121617  
2632.2008  4925.76185641927  
2637.4163  4892.199941222362  
2642.6317  4858.920394994939  
2647.8471  4825.9207939690195  
2653.0625  4793.197502492639  
2658.2779  4760.748096797816  
2663.4933  4728.571365000565  
2668.7088  4696.663671448916  
2673.9242  4665.021380490901  
2679.1396  4633.642068358543  
2684.3550  4602.523311283863  
2689.5704  4571.665109266861  
2694.7858  4541.060191003601  
2700.0013  4510.7109802620635  
2705.2167  4480.6114176223  
2710.4321  4450.760291200324  
2715.6475  4421.155177228155  
2720.8629  4391.7936519378145  
2726.0783  4362.673291561326  
2731.2938  4333.791672330708  
2736.5092  4305.146370477986  
2741.7246  4276.7349622351785  
2746.9400  4248.556235718299  
2752.1554  4220.606555275376  
2757.3708  4192.885920906414  
2762.5863  4165.388273191464  
2767.8017  4138.114824014515  
2773.0171  4111.061937723601  
2778.2325  4084.228402434732  
2783.4479  4057.611794379931  
2788.6633  4031.208477907228  
2793.8788  4005.019664900614  
2799.0942  3979.0392959401424  
2804.3096  3953.2697947937913  
2809.5250  3927.7051020416156  
2814.7404  3902.3452176836145  
2819.9558  3877.187717951809  
2825.1713  3852.2313909622117  
2830.3867  3827.473812946843  
2835.6021  3802.9137720217136  
2840.8175  3778.548844418846  
2846.0329  3754.3766063702606  
2851.2483  3730.397057875958  
2856.4638  3706.605351399982  
2861.6792  3683.001486942331  
2866.8946  3659.584252619018  
2872.1100  3636.3512246620626  
2877.3254  3613.3024030714664  
2882.5408  3590.432940311271  
2887.7563  3567.742836381478  
2892.9717  3545.2308793980965  
2898.1871  3522.8934337091605  
2903.4025  3500.7317111986586  
2908.6179  3478.7420762146226  
2913.8333  3456.9233168730643  
2919.0488  3435.2742212899934  
2924.2642  3413.7935775814217  
2929.4796  3392.4789619793705  
2934.6950  3371.3303744838395  
2939.9104  3350.3429675588723  
2945.1258  3329.517953088458  
2950.3413  3308.854119188607  
2955.5567  3288.347830207352  
2960.7721  3268.0002980286827  
2965.9875  3247.8090988846193  
2971.2029  3227.770597123196  
2976.4183  3207.88721651239  
2981.6338  3188.1541095162447  
2986.8492  3168.5712761347604  
2992.0646  3149.1387163679365  
2997.2800  3129.8540064477957  
3002.4954  3110.7147226063585  
3007.7108  3091.7208648436253  
3012.9263  3072.871221275607  
3018.1417  3054.1621562503356  
3023.3571  3035.5960935357907  
3028.5725  3017.1693974800028  
3033.7879  2998.880856198984  
3039.0033  2980.730469692734  
3044.2188  2962.7158141932746  
3049.4342  2944.8368897006058  
3054.6496  2927.091272446749  
3059.8650  2909.4777505477145  
3065.0804  2891.996324003503  
3070.2958  2874.643357162147  
3075.5113  2857.4212737916246  
3080.7267  2840.327650123957  
3085.9421  2823.358850507177  
3091.1575  2806.5172987092633  
3096.3729  2789.799359078248  
3101.5883  2773.2050316141313  
3106.8038  2756.733104432923  
3112.0192  2740.3835775346247  
3117.2346  2724.152815267268  
3122.4500  2708.042029514842  
3127.6654  2692.048796509368  
3132.8808  2676.1731162508468  
3138.0963  2660.4137768552887  
3143.3117  2644.768354554715  
3148.5271  2629.2392731171053  
3153.7425  2613.8216850065014  
3158.9579  2598.516802106894  
3164.1733  2583.322200650303  
3169.3888  2568.237880636729  
3174.6042  2553.263842066173  
3179.8196  2538.3976611706553  
3185.0350  2523.6393379501765  
3190.2504  2508.986448636758  
3195.4658  2494.4402051143893  
3200.6813  2479.9969717311023  
3205.8967  2465.659172254876  
3211.1121  2451.4231710337426  
3216.3275  2437.2901799516912  
3221.5429  2423.2565633567538  
3226.7583  2409.3247450169097  
3231.9738  2395.4910892801904  
3237.1892  2381.756808030586  
3242.4046  2368.1206893841063  
3247.6200  2354.5815214567624  
3252.8354  2341.1368804805766  
3258.0508  2327.789190223527  
3263.2663  2314.5348150336454  
3268.4817  2301.3737549109323  
3273.6971  2288.307221739377  
3278.9125  2275.3303679830224  
3284.1279  2262.446829293836  
3289.3433  2249.6529700198507  
3294.5588  2236.948790161066  
3299.7742  2224.334289717482  
3304.9896  2211.80825680511  
3310.2050  2199.36947953996  
3315.4204  2187.0167460380435  
3320.6358  2174.751268183349  
3325.8513  2162.5706222078993  
3331.0667  2150.4735962277036  
3336.2821  2138.4626140107416  
3341.4975  2126.5340399050447  
3346.7129  2114.687873910614  
3351.9283  2102.9241160274487  
3357.1438  2091.2403424875706  
3362.3592  2079.638977058958  
3367.5746  2068.116384089644  
3372.7900  2056.6737754636165  
3378.0054  2045.3087274128975  
3383.2208  2034.021239937488  
3388.4363  2022.812524921376  
3393.6517  2011.680158596584  
3398.8671  2000.6229290791223  
3404.0825  1989.6432601369697  
3409.2979  1978.737516118158  
3414.5133  1967.9044851386982  
3419.7288  1957.1465909665687  
3424.9442  1946.4614098337918  
3430.1596  1935.847729856377  
3435.3750  1925.307974802304  
3440.5904  1914.837297135615  
3445.8058  1904.438120624289  
3451.0213  1894.1092333843367  
3456.2367  1883.8506354157578  
3461.4521  1873.6611148345633  
3466.6675  1863.538247872775  
3471.8829  1853.484458298371  
3477.0983  1843.4985342273621  
3482.3138  1833.5792637757593  
3487.5292  1823.7254350595733  
3492.7446  1813.9382599627934  
3497.9600  1804.2153147174408  
3503.1754  1794.5578112075054  
3508.3908  1784.9645375489974  
3513.6063  1775.4342818579278  
3518.8217  1765.9670441342967  
3524.0371  1756.5640362620932  
3529.2525  1747.2228344733387  
3534.4679  1737.9422268840444  
3539.6833  1728.7246372621885  
3544.8988  1719.5652180718141  
3550.1142  1710.468816848878  
3555.3296  1701.4305860574239  
3560.5450  1692.4529494654296  
3565.7604  1683.5322714209276  
3570.9758  1674.6709756918965  
3576.1913  1665.867850394347  
3581.4067  1657.122895528279  
3586.6221  1648.4336873257143  
3591.8375  1639.8014376706421  
3597.0529  1631.224934679073  
3602.2683  1622.7053902349962  
3607.4838  1614.2403805704337  
3612.6992  1605.831117569374  
3617.9146  1597.4751774638394  
3623.1300  1589.1737721378188  
3628.3454  1580.9256897073228  
3633.5608  1572.730930172352  
3638.7763  1564.5882816489163  
3643.9917  1556.4977441370165  
3649.2071  1548.4605295206416  
3654.4225  1540.4754259158021  
3659.6379  1532.5400095545197  
3664.8533  1524.6567042047732  
3670.0688  1516.8218742145946  
3675.2842  1509.0391552359513  
3680.4996  1501.3049116168763  
3685.7150  1493.6203552413588  
3690.9304  1485.9842742254089  
3696.1458  1478.3966685690268  
3701.3613  1470.857538272213  
3706.5767  1463.3656714509782  
3711.7921  1455.9222799893112  
3717.0075  1448.5249401192336  
3722.2229  1441.1760756087244  
3727.4383  1433.8720508058152  
3732.6538  1426.6128657105069  
3737.8692  1419.4021559747662  
3743.0846  1412.2350740626366  
3748.3000  1405.112831858108  
3753.5154  1398.0366412451685  
3758.7308  1391.0028665718512  
3763.9463  1384.013931606134  
3769.1617  1377.0686244640283  
3774.3771  1370.1669451455336  
3779.5925  1363.3088936506504  
3784.8079  1356.4932580953891  
3790.0233  1349.7188265957604  
3795.2388  1342.986811035754  
3800.4542  1336.2972114153695  
3805.6696  1329.6488158506177  
3810.8850  1323.0416243414988  
3816.1004  1316.4744250040235  
3821.3158  1309.948429722181  
3826.5313  1303.462426611982  
3831.7467  1297.0152037894375  
3836.9621  1290.6091850225257  
3842.1775  1284.2431584272576  
3847.3929  1277.9147002356547  
3852.6083  1271.6262342156954  
3857.8238  1265.3753365994014  
3863.0392  1259.1632192707616  
3868.2546  1252.988670345787  
3873.4700  1246.8516898244777  
3878.6854  1240.7522777068339  
3883.9008  1234.6904339928549  
3889.1163  1228.6637349145628  
3894.3317  1222.674604239936  
3899.5471  1216.7230419689743  
3904.7625  1210.8058972033057  
3909.9779  1204.9251089573133  
3915.1933  1199.0797077238055  
3920.4088  1193.2696935027825  
3925.6242  1187.4947027290473  
3930.8396  1181.754493025802  
3936.0550  1176.0488220162492  
3941.2704  1170.3773261351917  
3946.4858  1164.7397630058317  
3951.7013  1159.1361326281694  
3956.9167  1153.565950248609  
3962.1321  1148.0290946787513  
3967.3475  1142.5252023534003  
3972.5629  1137.0542732725553  
3977.7783  1131.61594387102  
3982.9938  1126.209850583597  
3988.2092  1120.835993410287  
3993.4246  1115.4938875974942  
3998.6400  1110.1836543336171  
4003.8554  1104.9046876766618  
4009.0708  1099.6569876266274  
4014.2863  1094.4403118067169  
4019.5017  1089.2545390285304  
4024.7171  1084.0991845384733  
4029.9325  1078.974127148146  
4035.1479  1073.8793668575488  
4040.3633  1068.814418913086  
4045.5788  1063.7792833147573  
4050.7942  1058.7735964973665  
4056.0096  1053.7973584609128  
4061.2250  1048.8499632634023  
4066.4404  1043.9316532816329  
4071.6558  1039.0419437620083  
4076.8713  1034.1808347045287  
4082.0867  1029.3479625439977  
4087.3021  1024.5432060920161  
4092.5175  1019.766322971786  
4097.7329  1015.0171919949088  
4102.9483  1010.2954495961874  
4108.1638  1005.601095775622  
4113.3792  1000.9340093448133  
4118.5946  996.293705550166  
4123.8100  991.6803055800792  
4129.0254  987.0935670577546  
4134.2408  982.5330052295968  
4139.4563  977.9987412840047  
4144.6717  973.4905328441803  
4149.8871  969.0081375333259  
4155.1025  964.5515553514415  
4160.3179  960.1204227333303  
4165.5333  955.7144973021943  
4170.7488  951.3339002464328  
4175.9642  946.9781468124497  
4181.1796  942.6473581886443  
4186.3950  938.3411708098196  
4191.6104  934.0593422991778  
4196.8258  929.801872656719  
4202.0413  925.568761882443  
4207.2567  921.3594040343554  
4212.4721  917.173920300855  
4217.6875  913.012068305144  
4222.9029  908.8738480472225  
4228.1183  904.7588959618936  
4233.3338  900.6670908607583  
4238.5492  896.5984327438168  
4243.7646  892.5525580458723  
4248.9800  888.5293455785257  
4254.1954  884.5287953417774  
4259.4108  880.5506649588291  
4264.6263  876.5948332412822  
4269.8417  872.6610578123386  
4275.0571  868.7492174835996  
4280.2725  864.8591910666663  
4285.4879  860.9909785615384  
4290.7033  857.1442164030195  
4295.9188  853.3189045911095  
4301.1342  849.5148007490103  
4306.3496  845.7317836883233  
4311.5650  841.9697322206495  
4316.7804  838.2285251575897  
4321.9958  834.5081624991444  
4327.2113  830.8081594917176  
4332.4267  827.1286373237083  
4337.6421  823.4693536183186  
4342.8575  819.8303083755485  
4348.0729  816.2112592186003  
4353.2883  812.611963770676  
4358.5038  809.0326644085734  
4363.7192  805.4727551902981  
4368.9346  801.9325996810468  
4374.1500  798.4117131272238  
4379.3654  794.9099743404302  
4384.5808  791.4273833206659  
4389.7963  787.9639400679308  
4395.0117  784.5191598286295  
4400.2271  781.0931637911609  
4405.4425  777.6858307671258  
4410.6579  774.2971607565246  
4415.8733  770.9266690057613  
4421.0888  767.5744767032348  
4426.3042  764.2404626605465  
4431.5196  760.9245056892972  
4436.7350  757.6263634126891  
4441.9504  754.3461570191212  
4447.1658  751.0835229433967  
4452.3813  747.8385823739145  
4457.5967  744.610971745478  
4462.8121  741.4008122464857  
4468.0275  738.2077403117413  
4473.2429  735.0318771296436  
4478.4583  731.8729803233946  
4483.6738  728.7310498929944  
4488.8892  725.6058434616452  
4494.1046  722.4973610293468  
4499.3200  719.4056025960996  
4504.5354  716.3300834083076  
4509.7508  713.2711670311677  
4514.9663  710.228368711084  
4520.1817  707.2016884480569  
4525.3971  704.1911262420859  
4530.6125  701.1965609047725  
4535.8279  698.2177500593186  
4541.0433  695.2548148941233  
4546.2588  692.3075130323887  
4551.4742  689.3757232857157  
4556.6896  686.4594456541047  
4561.9050  683.5584377607576  
4567.1204  680.672941982472  
4572.3358  677.8023523772538  
4577.5513  674.9469113219005  
4582.7667  672.1064976280132  
4587.9821  669.2808689187945  
4593.1975  666.4701463826426  
4598.4129  663.6740876427601  
4603.6283  660.8925715107481  
4608.8438  658.1257191750053  
4614.0592  655.3731670703351  
4619.2746  652.6350363851365  
4624.4900  649.9109635542125  
4629.7054  647.2013121427599  
4634.9208  644.5055973971832  
4640.1363  641.8238193174824  
4645.3517  639.1560990920561  
4650.5671  636.5020731557079  
4655.7825  633.8617415084377  
4660.9979  631.2352253386443  
4666.2133  628.6220398927322  
4671.4288  626.022427547499  
4676.6442  623.436267114546  
4681.8596  620.8633162170753  
4687.0750  618.3035748550868  
4692.2904  615.7571642169796  
4697.5058  613.2235995491578  
4702.7213  610.7031232284195  
4707.9367  608.1954928779667  
4713.1521  605.7007084977993  
4718.3675  603.2186488995187  
4723.5829  600.7493140831244  
4728.7983  598.2925828602181  
4734.0138  595.8483340424004  
4739.2292  593.4165676296715  
4744.4446  590.9971624336323  
4749.6600  588.5898760774853  
4754.8754  586.1949509380281  
4760.0908  583.8122658268618  
4765.3063  581.4414571787896  
4770.5217  579.0826461822106  
4775.7371  576.7358328371246  
4780.9525  574.4007747667339  
4786.1679  572.0775931594372  
4791.3833  569.7661668268358  
4796.5988  567.466253392132  
4801.8142  565.1779740437242  
4807.0296  562.9010864048151  
4812.2450  560.6358328522024  
4817.4604  558.3818498206891  
4822.6758  556.1390161218764  
4827.8913  553.9075741325623  
4833.1067  551.6871602875499  
4838.3221  549.4778957752382  
4843.5375  547.279659407228  
4848.7529  545.0924511835198  
4853.9683  542.9160287273153  
4859.1838  540.7503920386147  
4864.3992  538.5956623058169  
4869.6146  536.4513547753263  
4874.8300  534.3179542007383  
4880.0454  532.1949758284576  
4885.2608  530.0826620352818  
4890.4763  527.9806492560143  
4895.6917  525.8890586790538  
4900.9071  523.8077691160016  
4906.1225  521.7369017552564  
4911.3379  519.6759718432229  
4916.5533  517.6254641334962  
4921.7688  515.5848938724811  
4926.9842  513.5542610601774  
4932.1996  511.5336868849841  
4937.4150  509.5230501585022  
4942.6304  507.5222296923329  
4947.8458  505.5311042980771  
4953.0613  503.5499163525328  
4958.2767  501.57830229050313  
4963.4921  499.6162621119882  
4968.7075  497.66379581698794  
4973.9229  495.7207822171034  
4979.1383  493.7873425007336  
4984.3538  491.8632342910805  
4989.5692  489.94845758814444  
4994.7846  488.04301239192506  
