5.00000000e-04 9.90957538e+02
1.50000000e-03 6.60597963e+02
2.50000000e-03 9.18729252e+03
3.50000000e-03 5.99276633e+03
4.50000000e-03 8.29171025e+03
5.50000000e-03 1.42517557e+04
6.50000000e-03 1.26763065e+04
7.50000000e-03 1.33064862e+04
8.50000000e-03 8.10871577e+03
9.50000000e-03 9.10003687e+03
1.05000000e-02 3.16059344e+03
1.15000000e-02 2.26501118e+03
1.25000000e-02 1.41911615e+03
1.35000000e-02 1.36942891e+03
1.45000000e-02 4.35066352e+03
1.55000000e-02 5.24745767e+03
1.65000000e-02 7.13557293e+03
1.75000000e-02 3.16301721e+04
1.85000000e-02 1.57908484e+04
1.95000000e-02 1.62634831e+04
2.05000000e-02 7.88451723e+03
2.15000000e-02 6.09335270e+03
2.25000000e-02 8.55711285e+03
2.35000000e-02 4.29370497e+03
2.45000000e-02 1.07894032e+04
2.55000000e-02 1.78268135e+04
2.65000000e-02 5.94913850e+03
2.75000000e-02 1.04597707e+04
2.85000000e-02 1.27974949e+04
2.95000000e-02 3.66110153e+03
3.05000000e-02 7.76817637e+04
3.15000000e-02 1.50879557e+04
3.25000000e-02 2.09534742e+04
3.35000000e-02 2.05777901e+04
3.45000000e-02 8.79827776e+03
3.55000000e-02 7.56942740e+03
3.65000000e-02 1.02585980e+04
3.75000000e-02 1.69179005e+03
3.85000000e-02 7.25433756e+02
3.95000000e-02 7.21070974e+02
4.05000000e-02 1.20933903e+03
4.15000000e-02 2.37286885e+03
4.25000000e-02 5.86915416e+02
4.35000000e-02 1.36821702e+03
4.45000000e-02 5.36864607e+02
4.55000000e-02 6.00730893e+02
4.65000000e-02 2.17169611e+03
4.75000000e-02 8.62376647e+02
4.85000000e-02 1.43608253e+03
4.95000000e-02 5.11293855e+03
5.05000000e-02 2.08322858e+03
5.15000000e-02 7.13920858e+02
5.25000000e-02 1.25793558e+03
5.35000000e-02 9.27091252e+02
5.45000000e-02 5.97579995e+02
5.55000000e-02 2.67583985e+03
5.65000000e-02 8.15840302e+02
5.75000000e-02 8.12810592e+02
5.85000000e-02 4.60394727e+03
5.95000000e-02 9.60781627e+02
6.05000000e-02 3.95195369e+03
6.15000000e-02 1.20170416e+03
6.25000000e-02 5.21837246e+03
6.35000000e-02 1.32095355e+03
6.45000000e-02 3.01395548e+02
6.55000000e-02 2.38014015e+02
6.65000000e-02 2.10989003e+02
6.75000000e-02 2.16442480e+02
6.85000000e-02 7.46641726e+02
6.95000000e-02 5.53830983e+02
7.05000000e-02 1.44698948e+03
7.15000000e-02 6.33936515e+02
7.25000000e-02 4.78572987e+02
7.35000000e-02 6.23514312e+02
7.45000000e-02 7.68334449e+02
7.55000000e-02 1.16983161e+03
7.65000000e-02 2.94851375e+03
7.75000000e-02 2.71704390e+03
7.85000000e-02 3.78592558e+03
7.95000000e-02 1.76935062e+03
8.05000000e-02 1.83236859e+03
8.15000000e-02 2.08201669e+03
8.25000000e-02 3.07697345e+03
8.35000000e-02 5.21837246e+03
8.45000000e-02 3.82107022e+03
8.55000000e-02 4.25492469e+03
8.65000000e-02 4.51063221e+03
8.75000000e-02 5.36864607e+03
8.85000000e-02 6.13576864e+03
8.95000000e-02 7.46278161e+03
9.05000000e-02 8.78858269e+03
9.15000000e-02 6.71747295e+03
9.25000000e-02 2.39831841e+03
9.35000000e-02 2.09898307e+03
9.45000000e-02 1.49667673e+03
9.55000000e-02 8.61285951e+02
9.65000000e-02 8.95582268e+02
9.75000000e-02 1.60817005e+04
9.85000000e-02 1.82388540e+03
9.95000000e-02 2.81399462e+03
1.00500000e-01 1.13989808e+03
1.01500000e-01 1.31731790e+03
1.02500000e-01 1.21309587e+04
1.03500000e-01 1.25187616e+04
1.04500000e-01 1.81782598e+03
1.05500000e-01 1.53909267e+03
1.06500000e-01 1.46516774e+03
1.07500000e-01 1.55484716e+03
1.08500000e-01 2.60797434e+03
1.09500000e-01 1.75480802e+03
1.10500000e-01 1.87114888e+03
1.11500000e-01 1.69784947e+03
1.12500000e-01 1.87478453e+03
1.13500000e-01 1.44456572e+03
1.14500000e-01 9.77384437e+02
1.15500000e-01 1.60574629e+03
1.16500000e-01 1.81540222e+03
1.17500000e-01 7.82634680e+03
1.18500000e-01 2.04323641e+03
1.19500000e-01 6.84956831e+03
1.19750000e-01 6.61567470e+03
1.19800000e-01 6.91258627e+03
1.19850000e-01 7.27493959e+03
1.19900000e-01 7.61184334e+03
1.19950000e-01 7.82028738e+03
1.20000000e-01 7.81907550e+03
1.20050000e-01 7.60820768e+03
1.20100000e-01 7.24100684e+03
1.20150000e-01 6.83381382e+03
1.20200000e-01 6.50660514e+03
1.20250000e-01 6.42419703e+03
1.20300000e-01 7.20222655e+03
1.20350000e-01 1.00295519e+04
1.20400000e-01 1.59483933e+04
1.20450000e-01 2.50981174e+04
1.20500000e-01 3.63444008e+04
1.20550000e-01 4.70574553e+04
1.20600000e-01 5.40985013e+04
1.20650000e-01 5.51043650e+04
1.20700000e-01 4.96751247e+04
1.20750000e-01 3.98588644e+04
1.20800000e-01 2.90246215e+04
1.20850000e-01 1.99112539e+04
1.20900000e-01 1.39245470e+04
1.20950000e-01 1.14050402e+04
1.21000000e-01 1.15589495e+04
1.21050000e-01 1.33186050e+04
1.21100000e-01 1.68088309e+04
1.21150000e-01 2.67705173e+04
1.21200000e-01 6.69444716e+04
1.21250000e-01 2.01051554e+05
1.21300000e-01 5.13838811e+05
1.21350000e-01 1.04234142e+06
1.21400000e-01 1.73905352e+06
1.21450000e-01 2.47951464e+06
1.21500000e-01 3.07091403e+06
1.21550000e-01 3.31329083e+06
1.21600000e-01 3.12544881e+06
1.21650000e-01 2.58010101e+06
1.21700000e-01 1.86024192e+06
1.21750000e-01 1.15577376e+06
1.21800000e-01 6.07881009e+05
1.21850000e-01 2.70128941e+05
1.21900000e-01 1.09917878e+05
1.21950000e-01 5.07900580e+04
1.22000000e-01 2.99941287e+04
1.22050000e-01 2.06626220e+04
1.22100000e-01 1.52697383e+04
1.22150000e-01 1.20740002e+04
1.22200000e-01 1.01059006e+04
1.22250000e-01 8.77040443e+03
1.22300000e-01 7.79726159e+03
1.22350000e-01 7.06043612e+03
1.22400000e-01 6.48357934e+03
1.22450000e-01 6.02791096e+03
1.22500000e-01 5.67282895e+03
1.22550000e-01 5.41348578e+03
1.22600000e-01 5.24261014e+03
1.22650000e-01 5.13354058e+03
1.22700000e-01 5.05719189e+03
1.22750000e-01 4.99175015e+03
1.22800000e-01 4.90207074e+03
1.22850000e-01 4.77118727e+03
1.22900000e-01 4.61364235e+03
1.22950000e-01 4.43185975e+03
1.23000000e-01 4.23795831e+03
1.23050000e-01 4.05859948e+03
1.23100000e-01 3.91680905e+03
1.23150000e-01 3.81379891e+03
1.23200000e-01 3.74714529e+03
1.23250000e-01 3.70957689e+03
1.23300000e-01 3.68412733e+03
1.23350000e-01 3.66231342e+03
1.23400000e-01 3.63322820e+03
1.23450000e-01 3.58960038e+03
1.23500000e-01 3.57990530e+03
1.23550000e-01 3.72533138e+03
1.23600000e-01 4.16282150e+03
1.23650000e-01 4.94569856e+03
1.23700000e-01 6.05941995e+03
1.23750000e-01 7.31614364e+03
1.23800000e-01 8.35230445e+03
1.23850000e-01 8.82251544e+03
1.23900000e-01 8.63830908e+03
1.23950000e-01 7.90633115e+03
1.24000000e-01 6.94288337e+03
1.24050000e-01 6.16364197e+03
1.24100000e-01 5.81825503e+03
1.24150000e-01 5.86551851e+03
1.24200000e-01 6.07396255e+03
1.24250000e-01 6.16364197e+03
1.24300000e-01 5.92490082e+03
1.24350000e-01 5.33350144e+03
1.24400000e-01 4.55789568e+03
1.24450000e-01 3.82349399e+03
1.24500000e-01 3.27814619e+03
1.24550000e-01 2.96063259e+03
1.24600000e-01 2.83944419e+03
1.24650000e-01 2.82490158e+03
1.24700000e-01 2.82490158e+03
1.24750000e-01 2.80914709e+03
1.24800000e-01 2.79096883e+03
1.24850000e-01 2.78490941e+03
1.24900000e-01 2.80308767e+03
1.24950000e-01 2.83702042e+03
1.25000000e-01 2.85519868e+03
1.25050000e-01 2.86004621e+03
1.25100000e-01 2.88307201e+03
1.25150000e-01 2.94003056e+03
1.25200000e-01 3.06485461e+03
1.25250000e-01 3.27087489e+03
1.25300000e-01 3.49628531e+03
1.25350000e-01 3.67322037e+03
1.25400000e-01 3.77501863e+03
1.25450000e-01 3.78834935e+03
1.25500000e-01 3.73745022e+03
1.25550000e-01 3.68533921e+03
1.25600000e-01 3.67685602e+03
1.25650000e-01 3.75320471e+03
1.25700000e-01 3.97134383e+03
1.25750000e-01 4.37247743e+03
1.25800000e-01 4.98084320e+03
1.25850000e-01 5.74796576e+03
1.25900000e-01 6.52114775e+03
1.25950000e-01 7.07861438e+03
1.26000000e-01 7.24827814e+03
1.26050000e-01 6.93561207e+03
1.26100000e-01 6.17576081e+03
1.26150000e-01 5.24382202e+03
1.26200000e-01 4.60758293e+03
1.26250000e-01 4.67302466e+03
1.26300000e-01 5.56133563e+03
1.26350000e-01 7.09800452e+03
1.26400000e-01 8.83826993e+03
1.26450000e-01 1.01519522e+04
1.26500000e-01 1.04791609e+04
1.26550000e-01 9.71082641e+03
1.26600000e-01 8.17900504e+03
1.26650000e-01 6.35511964e+03
1.26700000e-01 4.66696524e+03
1.26750000e-01 3.42114850e+03
1.26800000e-01 2.68432304e+03
1.26850000e-01 2.32924103e+03
1.26900000e-01 2.17896741e+03
1.26950000e-01 2.12928017e+03
1.27000000e-01 2.12806829e+03
1.27050000e-01 2.13533959e+03
1.27100000e-01 2.12443263e+03
1.27150000e-01 2.10140684e+03
1.27200000e-01 2.10625437e+03
1.27250000e-01 2.17654364e+03
1.27300000e-01 2.34135987e+03
1.27350000e-01 2.60070304e+03
1.27400000e-01 2.91942853e+03
1.27450000e-01 3.23209460e+03
1.27500000e-01 3.50234473e+03
1.27550000e-01 3.70472935e+03
1.27600000e-01 3.81743457e+03
1.27650000e-01 3.85863862e+03
1.27700000e-01 3.85621485e+03
1.27750000e-01 3.80895138e+03
1.27800000e-01 3.73623834e+03
1.27850000e-01 3.66473718e+03
1.27900000e-01 3.58232907e+03
1.27950000e-01 3.46356444e+03
1.28000000e-01 3.29390068e+03
1.28050000e-01 3.05758330e+03
1.28100000e-01 2.76188361e+03
1.28150000e-01 2.45406508e+03
1.28200000e-01 2.18260306e+03
1.28250000e-01 1.97779467e+03
1.28300000e-01 1.85660627e+03
1.28350000e-01 1.79843584e+03
1.28400000e-01 1.76813874e+03
1.28450000e-01 1.75480802e+03
1.28500000e-01 1.77056251e+03
1.28550000e-01 1.84933497e+03
1.28600000e-01 2.01657496e+03
1.28650000e-01 2.28440132e+03
1.28700000e-01 2.62736449e+03
1.28750000e-01 2.98365838e+03
1.28800000e-01 3.26239170e+03
1.28850000e-01 3.39812271e+03
1.28900000e-01 3.37388503e+03
1.28950000e-01 3.19937373e+03
1.29000000e-01 2.92912360e+03
1.29050000e-01 2.63584768e+03
1.29100000e-01 2.37044508e+03
1.29150000e-01 2.16684857e+03
1.29200000e-01 2.05293148e+03
1.29250000e-01 2.04808394e+03
1.29300000e-01 2.14988220e+03
1.29350000e-01 2.35347871e+03
1.29400000e-01 2.62857637e+03
1.29450000e-01 2.91579288e+03
1.29500000e-01 3.14726272e+03
1.29550000e-01 3.28784126e+03
1.29600000e-01 3.34237604e+03
1.29650000e-01 3.34601169e+03
1.29700000e-01 3.36661372e+03
1.29750000e-01 3.46477633e+03
1.29800000e-01 3.65746588e+03
1.29850000e-01 4.01254789e+03
1.29900000e-01 4.82814581e+03
1.29950000e-01 6.61567470e+03
1.30000000e-01 9.66477481e+03
1.30050000e-01 1.36215760e+04
1.30100000e-01 1.78389323e+04
1.30150000e-01 2.16442480e+04
1.30200000e-01 2.44437001e+04
1.30250000e-01 2.62615260e+04
1.30300000e-01 2.80914709e+04
1.30350000e-01 3.09393982e+04
1.30400000e-01 3.47810705e+04
1.30450000e-01 3.85379109e+04
1.30500000e-01 4.06587078e+04
1.30550000e-01 3.98831021e+04
1.30600000e-01 3.57626965e+04
1.30650000e-01 2.90852157e+04
1.30700000e-01 2.16684857e+04
1.30750000e-01 1.53182136e+04
1.30800000e-01 1.08839301e+04
1.30850000e-01 8.36078764e+03
1.30900000e-01 7.23858307e+03
1.30950000e-01 6.75625324e+03
1.31000000e-01 6.31391558e+03
1.31050000e-01 5.74311822e+03
1.31100000e-01 5.09476029e+03
1.31150000e-01 4.47548757e+03
1.31200000e-01 3.96043688e+03
1.31250000e-01 3.56899835e+03
1.31300000e-01 3.26239170e+03
1.31350000e-01 3.03819316e+03
1.31400000e-01 2.93154737e+03
1.31450000e-01 2.95699693e+03
1.31500000e-01 3.09272794e+03
1.31550000e-01 3.31086706e+03
1.31600000e-01 3.54960820e+03
1.31650000e-01 3.73623834e+03
1.31700000e-01 3.85257920e+03
1.31750000e-01 3.91196152e+03
1.31800000e-01 3.89014761e+03
1.31850000e-01 3.76653544e+03
1.31900000e-01 3.54597255e+03
1.31950000e-01 3.24300156e+03
1.32000000e-01 2.89397897e+03
1.32050000e-01 2.58010101e+03
1.32100000e-01 2.37892827e+03
1.32150000e-01 2.32196972e+03
1.32200000e-01 2.39104711e+03
1.32250000e-01 2.53162565e+03
1.32300000e-01 2.67583985e+03
1.32350000e-01 2.76430738e+03
1.32400000e-01 2.77884999e+03
1.32450000e-01 2.73643405e+03
1.32500000e-01 2.67462796e+03
1.32550000e-01 2.62494072e+03
1.32600000e-01 2.63100014e+03
1.32650000e-01 2.74128158e+03
1.32700000e-01 2.97032766e+03
1.32750000e-01 3.29874822e+03
1.32800000e-01 3.66594907e+03
1.32850000e-01 3.98103890e+03
1.32900000e-01 4.13979571e+03
1.32950000e-01 4.09253223e+03
1.33000000e-01 3.85257920e+03
1.33050000e-01 3.52900618e+03
1.33100000e-01 3.52658241e+03
1.33150000e-01 5.00871653e+03
1.33200000e-01 9.42360990e+03
1.33250000e-01 1.78995265e+04
1.33300000e-01 3.11575374e+04
1.33350000e-01 4.81117944e+04
1.33400000e-01 6.49691007e+04
1.33450000e-01 7.72454855e+04
1.33500000e-01 8.18506446e+04
1.33550000e-01 7.69303956e+04
1.33600000e-01 6.37087413e+04
1.33650000e-01 4.64636321e+04
1.33700000e-01 2.98487027e+04
1.33750000e-01 1.67239991e+04
1.33800000e-01 8.30988851e+03
1.33850000e-01 4.19190672e+03
1.33900000e-01 2.79945202e+03
1.33950000e-01 2.51829493e+03
1.34000000e-01 2.49284537e+03
1.34050000e-01 2.51708305e+03
1.34100000e-01 2.56071087e+03
1.34150000e-01 2.59221985e+03
1.34200000e-01 2.61282188e+03
1.34250000e-01 2.61645753e+03
1.34300000e-01 2.60433869e+03
1.34350000e-01 2.59585550e+03
1.34400000e-01 2.60312681e+03
1.34450000e-01 2.60797434e+03
1.34500000e-01 2.61645753e+03
1.34550000e-01 2.64190710e+03
1.34600000e-01 2.67341608e+03
1.34650000e-01 2.70250130e+03
1.34700000e-01 2.74128158e+03
1.34750000e-01 2.79096883e+03
1.34800000e-01 2.86489375e+03
1.34850000e-01 3.03213374e+03
1.34900000e-01 3.34237604e+03
1.34950000e-01 3.80410384e+03
1.35000000e-01 4.38217250e+03
1.35050000e-01 4.95175798e+03
1.35100000e-01 5.33592520e+03
1.35150000e-01 5.43166404e+03
1.35200000e-01 5.26078840e+03
1.35250000e-01 5.00386899e+03
1.35300000e-01 4.91176581e+03
1.35350000e-01 5.16020203e+03
1.35400000e-01 5.78311040e+03
1.35450000e-01 6.60597963e+03
1.35500000e-01 7.31977929e+03
1.35550000e-01 7.69061580e+03
1.35600000e-01 7.65183551e+03
1.35650000e-01 7.27615147e+03
1.35700000e-01 6.78412657e+03
1.35750000e-01 6.34784834e+03
1.35800000e-01 6.01215647e+03
1.35850000e-01 5.75644895e+03
1.35900000e-01 5.50316519e+03
1.35950000e-01 5.17716840e+03
1.36000000e-01 4.83784088e+03
1.36050000e-01 4.49245395e+03
1.36100000e-01 4.18099976e+03
1.36150000e-01 3.99194586e+03
1.36200000e-01 3.90226645e+03
1.36250000e-01 3.90347833e+03
1.36300000e-01 3.92408036e+03
1.36350000e-01 3.94710615e+03
1.36400000e-01 3.89863079e+03
1.36450000e-01 3.80652761e+03
1.36500000e-01 3.68533921e+03
1.36550000e-01 3.59081226e+03
1.36600000e-01 3.51931110e+03
1.36650000e-01 3.51203980e+03
1.36700000e-01 3.55445574e+03
1.36750000e-01 3.66594907e+03
1.36800000e-01 3.81258703e+03
1.36850000e-01 3.98346267e+03
1.36900000e-01 4.15918585e+03
1.36950000e-01 4.35066352e+03
1.37000000e-01 4.51063221e+03
1.37050000e-01 4.62333742e+03
1.37100000e-01 4.66696524e+03
1.37150000e-01 4.65484640e+03
1.37200000e-01 4.57486206e+03
1.37250000e-01 4.44155482e+03
1.37300000e-01 4.26340787e+03
1.37350000e-01 4.08041339e+03
1.37400000e-01 3.91317340e+03
1.37450000e-01 3.78107805e+03
1.37500000e-01 3.67443226e+03
1.37550000e-01 3.61262617e+03
1.37600000e-01 3.58475284e+03
1.37650000e-01 3.60050733e+03
1.37700000e-01 3.65140646e+03
1.37750000e-01 3.73502645e+03
1.37800000e-01 3.84288413e+03
1.37850000e-01 3.98709832e+03
1.37900000e-01 4.11676991e+03
1.37950000e-01 4.23189889e+03
1.38000000e-01 4.32279019e+03
1.38050000e-01 4.37126555e+03
1.38100000e-01 4.35066352e+03
1.38150000e-01 4.29006932e+03
1.38200000e-01 4.19675425e+03
1.38250000e-01 4.09374412e+03
1.38300000e-01 4.00042905e+03
1.38350000e-01 3.93983485e+03
1.38400000e-01 3.90711398e+03
1.38450000e-01 3.91923282e+03
1.38500000e-01 3.96770818e+03
1.38550000e-01 4.04648064e+03
1.38600000e-01 4.13494817e+03
1.38650000e-01 4.23068701e+03
1.38700000e-01 4.30461193e+03
1.38750000e-01 4.35914671e+03
1.38800000e-01 4.37005367e+03
1.38850000e-01 4.36278236e+03
1.38900000e-01 4.33854468e+03
1.38950000e-01 4.32642584e+03
1.39000000e-01 4.56274322e+03
1.39050000e-01 5.57587823e+03
1.39100000e-01 7.87845781e+03
1.39150000e-01 1.16486289e+04
1.39200000e-01 1.65058599e+04
1.39250000e-01 2.14261089e+04
1.39300000e-01 2.52677812e+04
1.39350000e-01 2.71098448e+04
1.39400000e-01 2.64675463e+04
1.39450000e-01 2.34620740e+04
1.39500000e-01 1.90992917e+04
1.39550000e-01 1.45062514e+04
1.39600000e-01 1.05155174e+04
1.39650000e-01 7.55973232e+03
1.39700000e-01 5.88369677e+03
1.39750000e-01 5.31774694e+03
1.39800000e-01 5.42196897e+03
1.39850000e-01 5.77947474e+03
1.39900000e-01 6.37087413e+03
1.39950000e-01 7.40703494e+03
1.40000000e-01 9.01641688e+03
1.40050000e-01 1.11614515e+04
1.40100000e-01 1.36700514e+04
1.40150000e-01 1.60211063e+04
1.40200000e-01 1.76450309e+04
1.40250000e-01 1.82388540e+04
1.40300000e-01 1.76692686e+04
1.40350000e-01 1.60332252e+04
1.40400000e-01 1.38154775e+04
1.40450000e-01 1.15189573e+04
1.40500000e-01 9.51086555e+03
1.40550000e-01 7.96813723e+03
1.40600000e-01 6.94651903e+03
1.40650000e-01 6.38056920e+03
1.40700000e-01 6.11880226e+03
1.40750000e-01 5.96368111e+03
1.40800000e-01 5.84976402e+03
1.40850000e-01 5.80250054e+03
1.40900000e-01 5.82795010e+03
1.40950000e-01 5.91278198e+03
1.41000000e-01 6.03760603e+03
1.41050000e-01 6.16970139e+03
1.41100000e-01 6.30058486e+03
1.41150000e-01 6.37329790e+03
1.41200000e-01 6.37450978e+03
1.41250000e-01 6.31876312e+03
1.41300000e-01 6.24362631e+03
1.41350000e-01 6.13576864e+03
1.41400000e-01 6.05820806e+03
1.41450000e-01 6.01215647e+03
1.41500000e-01 6.01094459e+03
1.41550000e-01 6.03154661e+03
1.41600000e-01 6.06911502e+03
1.41650000e-01 6.09577647e+03
1.41700000e-01 6.11880226e+03
1.41750000e-01 6.11516661e+03
1.41800000e-01 6.09214081e+03
1.41850000e-01 6.06184371e+03
1.41900000e-01 6.02912285e+03
1.41950000e-01 5.99519009e+03
1.42000000e-01 5.96974053e+03
1.42050000e-01 5.95883357e+03
1.42100000e-01 5.95398604e+03
1.42150000e-01 6.00973270e+03
1.42200000e-01 6.15394690e+03
1.42250000e-01 6.43025645e+03
1.42300000e-01 6.82048309e+03
1.42350000e-01 7.26282075e+03
1.42400000e-01 7.64819986e+03
1.42450000e-01 7.89057665e+03
1.42500000e-01 7.91117868e+03
1.42550000e-01 7.70758217e+03
1.42600000e-01 7.35250016e+03
1.42650000e-01 6.94045961e+03
1.42700000e-01 6.57689441e+03
1.42750000e-01 6.31149182e+03
1.42800000e-01 6.15031125e+03
1.42850000e-01 6.12122603e+03
1.42900000e-01 6.22908370e+03
1.42950000e-01 6.42419703e+03
1.43000000e-01 6.70293034e+03
1.43050000e-01 7.09315699e+03
1.43100000e-01 7.52095204e+03
1.43150000e-01 7.93299259e+03
1.43200000e-01 8.24929431e+03
1.43250000e-01 8.41774619e+03
1.43300000e-01 8.40805112e+03
1.43350000e-01 8.26383692e+03
1.43400000e-01 8.02146012e+03
1.43450000e-01 7.77544767e+03
1.43500000e-01 7.56821551e+03
1.43550000e-01 7.41551813e+03
1.43600000e-01 7.32099118e+03
1.43650000e-01 7.26524452e+03
1.43700000e-01 7.21434539e+03
1.43750000e-01 7.13920858e+03
1.43800000e-01 7.06891931e+03
1.43850000e-01 6.99863004e+03
1.43900000e-01 6.93924772e+03
1.43950000e-01 6.89561990e+03
1.44000000e-01 6.90289120e+03
1.44050000e-01 6.90895062e+03
1.44100000e-01 6.95257845e+03
1.44150000e-01 6.99984192e+03
1.44200000e-01 7.05316482e+03
1.44250000e-01 7.11739467e+03
1.44300000e-01 7.21798104e+03
1.44350000e-01 7.29190596e+03
1.44400000e-01 7.38279726e+03
1.44450000e-01 7.46520537e+03
1.44500000e-01 7.52337580e+03
1.44550000e-01 7.55488479e+03
1.44600000e-01 7.55367290e+03
1.44650000e-01 7.50277378e+03
1.44700000e-01 7.44217958e+03
1.44750000e-01 7.36219523e+03
1.44800000e-01 7.27372770e+03
1.44850000e-01 7.21192162e+03
1.44900000e-01 7.17071756e+03
1.44950000e-01 7.15496307e+03
1.45000000e-01 7.17556510e+03
1.45050000e-01 7.21555727e+03
1.45100000e-01 7.26282075e+03
1.45150000e-01 7.33068625e+03
1.45200000e-01 7.41794190e+03
1.45250000e-01 7.54155406e+03
1.45300000e-01 7.67486130e+03
1.45350000e-01 7.80816854e+03
1.45400000e-01 7.93541636e+03
1.45450000e-01 8.03236708e+03
1.45500000e-01 8.06024041e+03
1.45550000e-01 8.05175722e+03
1.45600000e-01 8.00449375e+03
1.45650000e-01 7.96813723e+03
1.45700000e-01 7.95117085e+03
1.45750000e-01 7.96086593e+03
1.45800000e-01 8.00934128e+03
1.45850000e-01 8.09296128e+03
1.45900000e-01 8.14991983e+03
1.45950000e-01 8.17536939e+03
1.46000000e-01 8.19718330e+03
1.46050000e-01 8.24444678e+03
1.46100000e-01 8.35230445e+03
1.46150000e-01 8.52075633e+03
1.46200000e-01 8.74131921e+03
1.46250000e-01 8.95945833e+03
1.46300000e-01 9.13154586e+03
1.46350000e-01 9.19941136e+03
1.46400000e-01 9.19941136e+03
1.46450000e-01 9.17032615e+03
1.46500000e-01 9.22001339e+03
1.46550000e-01 9.41149106e+03
1.46600000e-01 9.76051365e+03
1.46650000e-01 1.01907325e+04
1.46700000e-01 1.06233750e+04
1.46750000e-01 1.09505837e+04
1.46800000e-01 1.10790434e+04
1.46850000e-01 1.10063304e+04
1.46900000e-01 1.07990982e+04
1.46950000e-01 1.05918661e+04
1.47000000e-01 1.05421788e+04
1.47050000e-01 1.08536330e+04
1.47100000e-01 1.15868228e+04
1.47150000e-01 1.26884254e+04
1.47200000e-01 1.39609036e+04
1.47250000e-01 1.51000745e+04
1.47300000e-01 1.58272049e+04
1.47350000e-01 1.59726310e+04
1.47400000e-01 1.54757585e+04
1.47450000e-01 1.45062514e+04
1.47500000e-01 1.32580108e+04
1.47550000e-01 1.19964396e+04
1.47600000e-01 1.08899895e+04
1.47650000e-01 1.00768154e+04
1.47700000e-01 9.56540033e+03
1.47750000e-01 9.28909078e+03
1.47800000e-01 9.15820731e+03
1.47850000e-01 9.23213223e+03
1.47900000e-01 9.52419627e+03
1.47950000e-01 1.00392470e+04
1.48000000e-01 1.07881913e+04
1.48050000e-01 1.17043756e+04
1.48100000e-01 1.25793558e+04
1.48150000e-01 1.32458920e+04
1.48200000e-01 1.35731007e+04
1.48250000e-01 1.34882688e+04
1.48300000e-01 1.31125848e+04
1.48350000e-01 1.25914746e+04
1.48400000e-01 1.20776358e+04
1.48450000e-01 1.17625460e+04
1.48500000e-01 1.16680190e+04
1.48550000e-01 1.17261895e+04
1.48600000e-01 1.18134451e+04
1.48650000e-01 1.18461660e+04
1.48700000e-01 1.17286132e+04
1.48750000e-01 1.14656344e+04
1.48800000e-01 1.11008573e+04
1.48850000e-01 1.07360803e+04
1.48900000e-01 1.04173548e+04
1.48950000e-01 1.02404197e+04
1.49000000e-01 1.02052751e+04
1.49050000e-01 1.03070733e+04
1.49100000e-01 1.04961272e+04
1.49150000e-01 1.07094188e+04
1.49200000e-01 1.08948371e+04
1.49250000e-01 1.10220849e+04
1.49300000e-01 1.10523820e+04
1.49350000e-01 1.10208730e+04
1.49400000e-01 1.09445243e+04
1.49450000e-01 1.08366666e+04
1.49500000e-01 1.07263852e+04
1.49550000e-01 1.06512484e+04
1.49600000e-01 1.06003493e+04
1.49650000e-01 1.05882304e+04
1.49700000e-01 1.05918661e+04
1.49750000e-01 1.06633672e+04
1.49800000e-01 1.08051576e+04
1.49850000e-01 1.09978472e+04
1.49900000e-01 1.12184101e+04
1.49950000e-01 1.14850246e+04
1.50000000e-01 1.17322489e+04
1.50050000e-01 1.19358236e+04
1.50100000e-01 1.20678971e+04
1.50150000e-01 1.21115019e+04
1.50200000e-01 1.20945137e+04
1.50250000e-01 1.20351108e+04
1.50300000e-01 1.19345026e+04
1.50350000e-01 1.18314731e+04
1.50400000e-01 1.17563157e+04
1.50450000e-01 1.16860058e+04
1.50500000e-01 1.16459931e+04
1.50550000e-01 1.16277942e+04
1.50600000e-01 1.16617051e+04
1.50650000e-01 1.17283357e+04
1.50700000e-01 1.18034495e+04
1.50750000e-01 1.19027998e+04
1.50800000e-01 1.20663774e+04
1.50850000e-01 1.22760091e+04
1.50900000e-01 1.25425872e+04
1.50950000e-01 1.28455219e+04
1.51000000e-01 1.31242310e+04
1.51050000e-01 1.33423337e+04
1.51100000e-01 1.34271414e+04
1.51150000e-01 1.33665229e+04
1.51200000e-01 1.31968349e+04
1.51250000e-01 1.29665649e+04
1.51300000e-01 1.27241759e+04
1.51350000e-01 1.25423812e+04
1.51400000e-01 1.24090619e+04
1.51450000e-01 1.23848000e+04
1.51500000e-01 1.23968946e+04
1.51550000e-01 1.24332268e+04
1.51600000e-01 1.24695591e+04
1.51650000e-01 1.25058914e+04
1.51700000e-01 1.25058672e+04
1.51750000e-01 1.25179618e+04
1.51800000e-01 1.25058187e+04
1.51850000e-01 1.25058066e+04
1.51900000e-01 1.25421267e+04
1.51950000e-01 1.25905779e+04
1.52000000e-01 1.26753855e+04
1.52050000e-01 1.27844187e+04
1.52100000e-01 1.29540461e+04
1.52150000e-01 1.31479112e+04
1.52200000e-01 1.33781328e+04
1.52250000e-01 1.35719857e+04
1.52300000e-01 1.38264329e+04
1.52350000e-01 1.42505317e+04
1.52400000e-01 1.50745159e+04
1.52450000e-01 1.63347419e+04
1.52500000e-01 1.79100214e+04
1.52550000e-01 1.95458709e+04
1.52600000e-01 2.08787858e+04
1.52650000e-01 2.15694506e+04
1.52700000e-01 2.13876559e+04
1.52750000e-01 2.04060783e+04
1.52800000e-01 1.89761643e+04
1.52850000e-01 1.74614426e+04
1.52900000e-01 1.61163604e+04
1.52950000e-01 1.52196269e+04
1.53000000e-01 1.49530124e+04
1.53050000e-01 1.53892179e+04
1.53100000e-01 1.64676492e+04
1.53150000e-01 1.80913556e+04
1.53200000e-01 1.99937590e+04
1.53250000e-01 2.17507484e+04
1.53300000e-01 2.29987950e+04
1.53350000e-01 2.33865131e+04
1.53400000e-01 2.28048330e+04
1.53450000e-01 2.15324760e+04
1.53500000e-01 2.00177785e+04
1.53550000e-01 1.85757820e+04
1.53600000e-01 1.74488390e+04
1.53650000e-01 1.67460069e+04
1.53700000e-01 1.63703471e+04
1.53750000e-01 1.61885645e+04
1.53800000e-01 1.60915895e+04
1.53850000e-01 1.60794464e+04
1.53900000e-01 1.62611806e+04
1.53950000e-01 1.66125421e+04
1.54000000e-01 1.70244857e+04
1.54050000e-01 1.73879661e+04
1.54100000e-01 1.75818069e+04
1.54150000e-01 1.74727252e+04
1.54200000e-01 1.71334219e+04
1.54250000e-01 1.67214177e+04
1.54300000e-01 1.63699956e+04
1.54350000e-01 1.61518565e+04
1.54400000e-01 1.61518323e+04
1.54450000e-01 1.65758826e+04
1.54500000e-01 1.83206804e+04
1.54550000e-01 2.25736540e+04
1.54600000e-01 2.92136270e+04
1.54650000e-01 3.75256969e+04
1.54700000e-01 4.65162643e+04
1.54750000e-01 5.44890067e+04
1.54800000e-01 5.99777747e+04
1.54850000e-01 6.24858292e+04
1.54900000e-01 6.16243009e+04
1.54950000e-01 5.83279764e+04
1.55000000e-01 5.38076491e+04
1.55050000e-01 4.84632407e+04
1.55100000e-01 4.26583164e+04
1.55150000e-01 3.70766939e+04
1.55200000e-01 3.17938128e+04
1.55250000e-01 2.68259853e+04
1.55300000e-01 2.24882283e+04
1.55350000e-01 1.91440344e+04
1.55400000e-01 1.71932527e+04
1.55450000e-01 1.64904690e+04
1.55500000e-01 1.64662071e+04
1.55550000e-01 1.67206179e+04
1.55600000e-01 1.73142956e+04
1.55650000e-01 1.83441546e+04
1.55700000e-01 1.98828959e+04
1.55750000e-01 2.21122534e+04
1.55800000e-01 2.51049403e+04
1.55850000e-01 2.87276494e+04
1.55900000e-01 3.25078670e+04
1.55950000e-01 3.57791903e+04
1.56000000e-01 3.79479173e+04
1.56050000e-01 3.85415465e+04
1.56100000e-01 3.74267829e+04
1.56150000e-01 3.49065611e+04
1.56200000e-01 3.16230341e+04
1.56250000e-01 2.82425928e+04
1.56300000e-01 2.53104516e+04
1.56350000e-01 2.30083568e+04
1.56400000e-01 2.14816980e+04
1.56450000e-01 2.06335368e+04
1.56500000e-01 2.02700201e+04
1.56550000e-01 2.02457582e+04
1.56600000e-01 2.04274559e+04
1.56650000e-01 2.07908999e+04
1.56700000e-01 2.13481848e+04
1.56750000e-01 2.20387526e+04
1.56800000e-01 2.28020093e+04
1.56850000e-01 2.35531471e+04
1.56900000e-01 2.41467764e+04
1.56950000e-01 2.45344459e+04
1.57000000e-01 2.45707419e+04
1.57050000e-01 2.43526149e+04
1.57100000e-01 2.40012170e+04
1.57150000e-01 2.37952088e+04
1.57200000e-01 2.39890133e+04
1.57250000e-01 2.46674502e+04
1.57300000e-01 2.56729988e+04
1.57350000e-01 2.67391295e+04
1.57400000e-01 2.75265875e+04
1.57450000e-01 2.76598099e+04
1.57500000e-01 2.70782147e+04
1.57550000e-01 2.59150727e+04
1.57600000e-01 2.44369377e+04
1.57650000e-01 2.29224584e+04
1.57700000e-01 2.16502953e+04
1.57750000e-01 2.07658382e+04
1.57800000e-01 2.03417515e+04
1.57850000e-01 2.03296084e+04
1.57900000e-01 2.06566838e+04
1.57950000e-01 2.10927924e+04
1.58000000e-01 2.14804498e+04
1.58050000e-01 2.17105987e+04
1.58100000e-01 2.16620991e+04
1.58150000e-01 2.13955210e+04
1.58200000e-01 2.10683729e+04
1.58250000e-01 2.09108401e+04
1.58300000e-01 2.10198369e+04
1.58350000e-01 2.13347935e+04
1.58400000e-01 2.18072464e+04
1.58450000e-01 2.22675806e+04
1.58500000e-01 2.26188694e+04
1.58550000e-01 2.28974815e+04
1.58600000e-01 2.31518560e+04
1.58650000e-01 2.34304560e+04
1.58700000e-01 2.37938636e+04
1.58750000e-01 2.41330457e+04
1.58800000e-01 2.43510637e+04
1.58850000e-01 2.43752529e+04
1.58900000e-01 2.41692568e+04
1.58950000e-01 2.37573011e+04
1.59000000e-01 2.33211198e+04
1.59050000e-01 2.29334018e+04
1.59100000e-01 2.26910734e+04
1.59150000e-01 2.26425738e+04
1.59200000e-01 2.28484729e+04
1.59250000e-01 2.31755362e+04
1.59300000e-01 2.35752761e+04
1.59350000e-01 2.39386838e+04
1.59400000e-01 2.41688084e+04
1.59450000e-01 2.41687721e+04
1.59500000e-01 2.38779805e+04
1.59550000e-01 2.33327781e+04
1.59600000e-01 2.26906614e+04
1.59650000e-01 2.20606514e+04
1.59700000e-01 2.15154611e+04
1.59750000e-01 2.11762185e+04
1.59800000e-01 2.10913745e+04
1.59850000e-01 2.12488224e+04
1.59900000e-01 2.16122180e+04
1.59950000e-01 2.22784754e+04
1.60000000e-01 2.31506683e+04
1.60050000e-01 2.41561321e+04
1.60100000e-01 2.51494649e+04
1.60150000e-01 2.59610758e+04
1.60200000e-01 2.64456112e+04
1.60250000e-01 2.64940139e+04
1.60300000e-01 2.61547712e+04
1.60350000e-01 2.55611177e+04
1.60400000e-01 2.48826808e+04
1.60450000e-01 2.42526950e+04
1.60500000e-01 2.38649891e+04
1.60550000e-01 2.37801451e+04
1.60600000e-01 2.40587330e+04
1.60650000e-01 2.46038263e+04
1.60700000e-01 2.52942851e+04
1.60750000e-01 2.59968506e+04
1.60800000e-01 2.67236538e+04
1.60850000e-01 2.73777682e+04
1.60900000e-01 2.79834193e+04
1.60950000e-01 2.85890583e+04
1.61000000e-01 2.93158494e+04
1.61050000e-01 3.01395427e+04
1.61100000e-01 3.11207203e+04
1.61150000e-01 3.21018980e+04
1.61200000e-01 3.29013536e+04
1.61250000e-01 3.33252827e+04
1.61300000e-01 3.32525333e+04
1.61350000e-01 3.25740964e+04
1.61400000e-01 3.14232308e+04
1.61450000e-01 3.01148809e+04
1.61500000e-01 2.88549941e+04
1.61550000e-01 2.78858384e+04
1.61600000e-01 2.74012423e+04
1.61650000e-01 2.73890750e+04
1.61700000e-01 2.77039831e+04
1.61750000e-01 2.82005889e+04
1.61800000e-01 2.86487436e+04
1.61850000e-01 2.90363283e+04
1.61900000e-01 2.94360319e+04
1.61950000e-01 2.99084001e+04
1.62000000e-01 3.05624781e+04
1.62050000e-01 3.14830494e+04
1.62100000e-01 3.24641907e+04
1.62150000e-01 3.33241799e+04
1.62200000e-01 3.40267091e+04
1.62250000e-01 3.44869584e+04
1.62300000e-01 3.47654978e+04
1.62350000e-01 3.49713605e+04
1.62400000e-01 3.51772232e+04
1.62450000e-01 3.54921071e+04
1.62500000e-01 3.57827653e+04
1.62550000e-01 3.59159514e+04
1.62600000e-01 3.58432020e+04
1.62650000e-01 3.55887548e+04
1.62700000e-01 3.52495242e+04
1.62750000e-01 3.49466260e+04
1.62800000e-01 3.47285232e+04
1.62850000e-01 3.45831092e+04
1.62900000e-01 3.44982531e+04
1.62950000e-01 3.44133970e+04
1.63000000e-01 3.44133364e+04
1.63050000e-01 3.45222848e+04
1.63100000e-01 3.49704152e+04
1.63150000e-01 3.57940358e+04
1.63200000e-01 3.67024398e+04
1.63250000e-01 3.75139416e+04
1.63300000e-01 3.80468555e+04
1.63350000e-01 3.80104384e+04
1.63400000e-01 3.75016289e+04
1.63450000e-01 3.68716916e+04
1.63500000e-01 3.62296354e+04
1.63550000e-01 3.59146425e+04
1.63600000e-01 3.60235909e+04
1.63650000e-01 3.65443738e+04
1.63700000e-01 3.76950213e+04
1.63750000e-01 3.97541334e+04
1.63800000e-01 4.25278813e+04
1.63850000e-01 4.57861284e+04
1.63900000e-01 4.91418958e+04
1.63950000e-01 5.18807536e+04
1.64000000e-01 5.32986578e+04
1.64050000e-01 5.31168752e+04
1.64100000e-01 5.15171884e+04
1.64150000e-01 4.88985616e+04
1.64200000e-01 4.61004669e+04
1.64250000e-01 4.37505511e+04
1.64300000e-01 4.20425945e+04
1.64350000e-01 4.10008469e+04
1.64400000e-01 4.04193729e+04
1.64450000e-01 3.97167710e+04
1.64500000e-01 3.88203889e+04
1.64550000e-01 3.79239947e+04
1.64600000e-01 3.72092982e+04
1.64650000e-01 3.68337475e+04
1.64700000e-01 3.68700070e+04
1.64750000e-01 3.70637388e+04
1.64800000e-01 3.72816962e+04
1.64850000e-01 3.73906445e+04
1.64900000e-01 3.72694440e+04
1.64950000e-01 3.69181310e+04
1.65000000e-01 3.64214524e+04
1.65050000e-01 3.58642282e+04
1.65100000e-01 3.55250218e+04
1.65150000e-01 3.56097446e+04
1.65200000e-01 3.61305033e+04
1.65250000e-01 3.72084135e+04
1.65300000e-01 3.91583955e+04
1.65350000e-01 4.25618141e+04
1.65400000e-01 4.79879277e+04
1.65450000e-01 5.59333300e+04
1.65500000e-01 6.64948990e+04
1.65550000e-01 7.87884319e+04
1.65600000e-01 9.10488441e+04
1.65650000e-01 1.01059006e+05
1.65700000e-01 1.06742742e+05
1.65750000e-01 1.06924524e+05
1.65800000e-01 1.01713423e+05
1.65850000e-01 9.22559533e+04
1.65900000e-01 8.06526488e+04
1.65950000e-01 6.92916364e+04
1.66000000e-01 5.98200964e+04
1.66050000e-01 5.29889488e+04
1.66100000e-01 4.87981933e+04
1.66150000e-01 4.67148921e+04
1.66200000e-01 4.58185342e+04
1.66250000e-01 4.54551023e+04
1.66300000e-01 4.53096883e+04
1.66350000e-01 4.52248201e+04
1.66400000e-01 4.50793940e+04
1.66450000e-01 4.50429769e+04
1.66500000e-01 4.51034620e+04
1.66550000e-01 4.51154839e+04
1.66600000e-01 4.50790668e+04
1.66650000e-01 4.49336528e+04
1.66700000e-01 4.47034555e+04
1.66750000e-01 4.49456020e+04
1.66800000e-01 4.62777776e+04
1.66850000e-01 4.88331926e+04
1.66900000e-01 5.23938531e+04
1.66950000e-01 5.63783944e+04
1.67000000e-01 5.97452505e+04
1.67050000e-01 6.16223982e+04
1.67100000e-01 6.15496124e+04
1.67150000e-01 5.97449233e+04
1.67200000e-01 5.70197840e+04
1.67250000e-01 5.42825380e+04
1.67300000e-01 5.21629771e+04
1.67350000e-01 5.09517597e+04
1.67400000e-01 5.05762211e+04
1.67450000e-01 5.06609075e+04
1.67500000e-01 5.07213805e+04
1.67550000e-01 5.04911710e+04
1.67600000e-01 5.00671934e+04
1.67650000e-01 4.97158804e+04
1.67700000e-01 4.95341220e+04
1.67750000e-01 4.95340372e+04
1.67800000e-01 4.97398272e+04
1.67850000e-01 5.01878486e+04
1.67900000e-01 5.07569736e+04
1.67950000e-01 5.13624187e+04
1.68000000e-01 5.19073181e+04
1.68050000e-01 5.22463305e+04
1.68100000e-01 5.23673371e+04
1.68150000e-01 5.22219232e+04
1.68200000e-01 5.18827168e+04
1.68250000e-01 5.16404127e+04
1.68300000e-01 5.18219772e+04
1.68350000e-01 5.27180806e+04
1.68400000e-01 5.44255888e+04
1.68450000e-01 5.68234103e+04
1.68500000e-01 5.95603291e+04
1.68550000e-01 6.21882268e+04
1.68600000e-01 6.42590336e+04
1.68650000e-01 6.55184234e+04
1.68700000e-01 6.59300641e+04
1.68750000e-01 6.57603882e+04
1.68800000e-01 6.53727307e+04
1.68850000e-01 6.52393993e+04
1.68900000e-01 6.55783753e+04
1.68950000e-01 6.64138845e+04
1.69000000e-01 6.76611313e+04
1.69050000e-01 6.90173870e+04
1.69100000e-01 7.01193046e+04
1.69150000e-01 7.09790151e+04
1.69200000e-01 7.17660611e+04
1.69250000e-01 7.25046559e+04
1.69300000e-01 7.32674763e+04
1.69350000e-01 7.41635069e+04
1.69400000e-01 7.52896259e+04
1.69450000e-01 7.66337264e+04
1.69500000e-01 7.80625983e+04
1.69550000e-01 7.94430189e+04
1.69600000e-01 8.07386684e+04
1.69650000e-01 8.17799918e+04
1.69700000e-01 8.25185624e+04
1.69750000e-01 8.27969442e+04
1.69800000e-01 8.27604665e+04
1.69850000e-01 8.28208668e+04
1.69900000e-01 8.33535626e+04
1.69950000e-01 8.44554196e+04
1.70000000e-01 8.63080994e+04
1.70050000e-01 8.87179913e+04
1.70100000e-01 9.10915630e+04
1.70150000e-01 9.27142999e+04
1.70200000e-01 9.33198056e+04
1.70250000e-01 9.28354035e+04
1.70300000e-01 9.14064226e+04
1.70350000e-01 8.94082683e+04
1.70400000e-01 8.74101140e+04
1.70450000e-01 8.57147125e+04
1.70500000e-01 8.46126979e+04
1.70550000e-01 8.42736128e+04
1.70600000e-01 8.47459082e+04
1.70650000e-01 8.59084685e+04
1.70700000e-01 8.76159767e+04
1.70750000e-01 8.96625700e+04
1.70800000e-01 9.17939346e+04
1.70850000e-01 9.35862262e+04
1.70900000e-01 9.45186982e+04
1.70950000e-01 9.44944727e+04
1.71000000e-01 9.36831042e+04
1.71050000e-01 9.23388946e+04
1.71100000e-01 9.06434932e+04
1.71150000e-01 8.89965307e+04
1.71200000e-01 8.75554310e+04
1.71250000e-01 8.63323249e+04
1.71300000e-01 8.53029749e+04
1.71350000e-01 8.45763656e+04
1.71400000e-01 8.43705029e+04
1.71450000e-01 8.49275575e+04
1.71500000e-01 8.64049774e+04
1.71550000e-01 8.86695523e+04
1.71600000e-01 9.13579836e+04
1.71650000e-01 9.39858571e+04
1.71700000e-01 9.62019809e+04
1.71750000e-01 9.75219770e+04
1.71800000e-01 9.80669249e+04
1.71850000e-01 9.82970132e+04
1.71900000e-01 9.83454643e+04
1.71950000e-01 9.82970132e+04
1.72000000e-01 9.81638029e+04
1.72050000e-01 9.76551873e+04
1.72100000e-01 9.66137306e+04
1.72150000e-01 9.51605241e+04
1.72200000e-01 9.36952109e+04
1.72250000e-01 9.28232846e+04
1.72300000e-01 9.28838425e+04
1.72350000e-01 9.39374181e+04
1.72400000e-01 9.58144688e+04
1.72450000e-01 9.80305926e+04
1.72500000e-01 1.00089305e+05
1.72550000e-01 1.01542499e+05
1.72600000e-01 1.02148005e+05
1.72650000e-01 1.02026901e+05
1.72700000e-01 1.01215533e+05
1.72750000e-01 9.96049026e+04
1.72800000e-01 9.74372057e+04
1.72850000e-01 9.50152071e+04
1.72900000e-01 9.25568762e+04
1.72950000e-01 9.04012860e+04
1.73000000e-01 8.89601984e+04
1.73050000e-01 8.84757963e+04
1.73100000e-01 8.88633204e+04
1.73150000e-01 8.99289906e+04
1.73200000e-01 9.13821970e+04
1.73250000e-01 9.29201748e+04
1.73300000e-01 9.43249301e+04
1.73350000e-01 9.55601550e+04
1.73400000e-01 9.65895050e+04
1.73450000e-01 9.74250990e+04
1.73500000e-01 9.81516962e+04
1.73550000e-01 9.87814153e+04
1.73600000e-01 9.93263753e+04
1.73650000e-01 9.99197622e+04
1.73700000e-01 1.00561588e+05
1.73750000e-01 1.01300304e+05
1.73800000e-01 1.02135898e+05
1.73850000e-01 1.03201580e+05
1.73900000e-01 1.04557897e+05
1.73950000e-01 1.06192752e+05
1.74000000e-01 1.08130349e+05
1.74050000e-01 1.10394924e+05
1.74100000e-01 1.12780602e+05
1.74150000e-01 1.15069391e+05
1.74200000e-01 1.17224981e+05
1.74250000e-01 1.19089925e+05
1.74300000e-01 1.20531012e+05
1.74350000e-01 1.21705631e+05
1.74400000e-01 1.22432277e+05
1.74450000e-01 1.22553344e+05
1.74500000e-01 1.22190142e+05
1.74550000e-01 1.21221241e+05
1.74600000e-01 1.19731751e+05
1.74650000e-01 1.18012124e+05
1.74700000e-01 1.16425719e+05
1.74750000e-01 1.15420582e+05
1.74800000e-01 1.15360037e+05
1.74850000e-01 1.16413600e+05
1.74900000e-01 1.18544965e+05
1.74950000e-01 1.21463497e+05
1.75000000e-01 1.24854348e+05
1.75050000e-01 1.28124011e+05
1.75100000e-01 1.30909284e+05
1.75150000e-01 1.33210167e+05
1.75200000e-01 1.35026660e+05
1.75250000e-01 1.36964341e+05
1.75300000e-01 1.38780834e+05
1.75350000e-01 1.40839461e+05
1.75400000e-01 1.42898210e+05
1.75450000e-01 1.44835770e+05
1.75500000e-01 1.46289061e+05
1.75550000e-01 1.47257841e+05
1.75600000e-01 1.47984366e+05
1.75650000e-01 1.48347689e+05
1.75700000e-01 1.48832079e+05
1.75750000e-01 1.49437657e+05
1.75800000e-01 1.50285370e+05
1.75850000e-01 1.51254150e+05
1.75900000e-01 1.52465186e+05
1.75950000e-01 1.53797289e+05
1.76000000e-01 1.55008203e+05
1.76050000e-01 1.55976983e+05
1.76100000e-01 1.56219239e+05
1.76150000e-01 1.55734849e+05
1.76200000e-01 1.54402746e+05
1.76250000e-01 1.52343997e+05
1.76300000e-01 1.49558724e+05
1.76350000e-01 1.46531196e+05
1.76400000e-01 1.43745923e+05
1.76450000e-01 1.42171564e+05
1.76500000e-01 1.42413820e+05
1.76550000e-01 1.44593636e+05
1.76600000e-01 1.48953267e+05
1.76650000e-01 1.54402746e+05
1.76700000e-01 1.59731157e+05
1.76750000e-01 1.63969600e+05
1.76800000e-01 1.66876062e+05
1.76850000e-01 1.68692555e+05
1.76900000e-01 1.70266913e+05
1.76950000e-01 1.72446608e+05
1.77000000e-01 1.76079715e+05
1.77050000e-01 1.81529193e+05
1.77100000e-01 1.88310775e+05
1.77150000e-01 1.95334612e+05
1.77200000e-01 2.01147414e+05
1.77250000e-01 2.04174942e+05
1.77300000e-01 2.03448297e+05
1.77350000e-01 1.99209854e+05
1.77400000e-01 1.92064949e+05
1.77450000e-01 1.83466754e+05
1.77500000e-01 1.75716392e+05
1.77550000e-01 1.69782402e+05
1.77600000e-01 1.66876062e+05
1.77650000e-01 1.67239385e+05
1.77700000e-01 1.70387980e+05
1.77750000e-01 1.75595325e+05
1.77800000e-01 1.82255718e+05
1.77850000e-01 1.89279555e+05
1.77900000e-01 1.95697935e+05
1.77950000e-01 2.01026347e+05
1.78000000e-01 2.04053754e+05
1.78050000e-01 2.05022655e+05
1.78100000e-01 2.04296010e+05
1.78150000e-01 2.02358450e+05
1.78200000e-01 2.00299701e+05
1.78250000e-01 1.98967598e+05
1.78300000e-01 1.98846531e+05
1.78350000e-01 1.99936378e+05
1.78400000e-01 2.01752871e+05
1.78450000e-01 2.03690552e+05
1.78500000e-01 2.05507045e+05
1.78550000e-01 2.06475825e+05
1.78600000e-01 2.06960215e+05
1.78650000e-01 2.07081283e+05
1.78700000e-01 2.07928995e+05
1.78750000e-01 2.09261098e+05
1.78800000e-01 2.11561981e+05
1.78850000e-01 2.14710577e+05
1.78900000e-01 2.18101428e+05
1.78950000e-01 2.21128957e+05
1.79000000e-01 2.22945450e+05
1.79050000e-01 2.23066517e+05
1.79100000e-01 2.20886701e+05
1.79150000e-01 2.16406003e+05
1.79200000e-01 2.10351067e+05
1.79250000e-01 2.03690552e+05
1.79300000e-01 1.97635495e+05
1.79350000e-01 1.93154797e+05
1.79400000e-01 1.90974981e+05
1.79450000e-01 1.90853914e+05
1.79500000e-01 1.92428151e+05
1.79550000e-01 1.94729155e+05
1.79600000e-01 1.97393240e+05
1.79650000e-01 1.99815311e+05
1.79700000e-01 2.01752871e+05
1.79750000e-01 2.04053754e+05
1.79800000e-01 2.06596893e+05
1.79850000e-01 2.09745488e+05
1.79900000e-01 2.13257407e+05
1.79950000e-01 2.16769326e+05
1.80000000e-01 2.20886701e+05
1.80050000e-01 2.24035297e+05
1.80100000e-01 2.26457369e+05
1.80150000e-01 2.28031606e+05
1.80200000e-01 2.28879319e+05
1.80250000e-01 2.29242642e+05
1.80300000e-01 2.29484897e+05
1.80350000e-01 2.30574744e+05
1.80400000e-01 2.32391237e+05
1.80450000e-01 2.34813309e+05
1.80500000e-01 2.37719649e+05
1.80550000e-01 2.42684738e+05
1.80600000e-01 2.51525068e+05
1.80650000e-01 2.65935944e+05
1.80700000e-01 2.84100994e+05
1.80750000e-01 2.99722906e+05
1.80800000e-01 3.05656896e+05
1.80850000e-01 3.01176197e+05
1.80900000e-01 2.90034984e+05
1.80950000e-01 2.76350632e+05
1.81000000e-01 2.63150671e+05
1.81050000e-01 2.51646135e+05
1.81100000e-01 2.43290316e+05
1.81150000e-01 2.38325106e+05
1.81200000e-01 2.35418766e+05
1.81250000e-01 2.32633493e+05
1.81300000e-01 2.29727032e+05
1.81350000e-01 2.28152794e+05
1.81400000e-01 2.32875627e+05
1.81450000e-01 2.49829642e+05
1.81500000e-01 2.83132214e+05
1.81550000e-01 3.30119138e+05
1.81600000e-01 3.81223437e+05
1.81650000e-01 4.23487285e+05
1.81700000e-01 4.47223003e+05
1.81750000e-01 4.46617424e+05
1.81800000e-01 4.22881828e+05
1.81850000e-01 3.84129777e+05
1.81900000e-01 3.41623674e+05
1.81950000e-01 3.04445860e+05
1.82000000e-01 2.78288193e+05
1.82050000e-01 2.65814877e+05
1.82100000e-01 2.66420455e+05
1.82150000e-01 2.74534139e+05
1.82200000e-01 2.85069774e+05
1.82250000e-01 2.95121140e+05
1.82300000e-01 3.03719214e+05
1.82350000e-01 3.09895339e+05
1.82400000e-01 3.12559545e+05
1.82450000e-01 3.10985307e+05
1.82500000e-01 3.05051317e+05
1.82550000e-01 2.95968853e+05
1.82600000e-01 2.86765200e+05
1.82650000e-01 2.80104685e+05
1.82700000e-01 2.76350632e+05
1.82750000e-01 2.75260664e+05
1.82800000e-01 2.76108377e+05
1.82850000e-01 2.78046058e+05
1.82900000e-01 2.80468008e+05
1.82950000e-01 2.82526757e+05
1.83000000e-01 2.84585384e+05
1.83050000e-01 2.87128523e+05
1.83100000e-01 2.90398186e+05
1.83150000e-01 2.94031293e+05
1.83200000e-01 2.97543090e+05
1.83250000e-01 3.01055009e+05
1.83300000e-01 3.04809183e+05
1.83350000e-01 3.09289882e+05
1.83400000e-01 3.13165123e+05
1.83450000e-01 3.15466006e+05
1.83500000e-01 3.14981616e+05
1.83550000e-01 3.12559545e+05
1.83600000e-01 3.10137594e+05
1.83650000e-01 3.09532016e+05
1.83700000e-01 3.10985307e+05
1.83750000e-01 3.13165123e+05
1.83800000e-01 3.15223750e+05
1.83850000e-01 3.15344818e+05
1.83900000e-01 3.11833020e+05
1.83950000e-01 3.03719214e+05
1.84000000e-01 2.92941324e+05
1.84050000e-01 2.81679044e+05
1.84100000e-01 2.71991001e+05
1.84150000e-01 2.66299267e+05
1.84200000e-01 2.66299267e+05
1.84250000e-01 2.71022221e+05
1.84300000e-01 2.77198345e+05
1.84350000e-01 2.80710264e+05
1.84400000e-01 2.81073465e+05
1.84450000e-01 2.78893771e+05
1.84500000e-01 2.75018530e+05
1.84550000e-01 2.68963472e+05
1.84600000e-01 2.60970855e+05
1.84650000e-01 2.51888391e+05
1.84700000e-01 2.44016840e+05
1.84750000e-01 2.40141720e+05
1.84800000e-01 2.41110500e+05
1.84850000e-01 2.45833333e+05
1.84900000e-01 2.52251713e+05
1.84950000e-01 2.58427838e+05
1.85000000e-01 2.61576434e+05
1.85050000e-01 2.59881008e+05
1.85100000e-01 2.54915919e+05
1.85150000e-01 2.50677355e+05
1.85200000e-01 2.51161745e+05
1.85250000e-01 2.58427838e+05
1.85300000e-01 2.72112068e+05
1.85350000e-01 2.91245899e+05
1.85400000e-01 3.12801800e+05
1.85450000e-01 3.32177765e+05
1.85500000e-01 3.45498794e+05
1.85550000e-01 3.51917174e+05
1.85600000e-01 3.51795985e+05
1.85650000e-01 3.46346507e+05
1.85700000e-01 3.37869499e+05
1.85750000e-01 3.28665846e+05
1.85800000e-01 3.20915485e+05
1.85850000e-01 3.15344818e+05
1.85900000e-01 3.12075155e+05
1.85950000e-01 3.11227442e+05
1.86000000e-01 3.12438477e+05
1.86050000e-01 3.15466006e+05
1.86100000e-01 3.19704449e+05
1.86150000e-01 3.24790726e+05
1.86200000e-01 3.30361272e+05
1.86250000e-01 3.35447549e+05
1.86300000e-01 3.38111755e+05
1.86350000e-01 3.37627365e+05
1.86400000e-01 3.34720904e+05
1.86450000e-01 3.31208985e+05
1.86500000e-01 3.28544779e+05
1.86550000e-01 3.29634748e+05
1.86600000e-01 3.36658464e+05
1.86650000e-01 3.50100681e+05
1.86700000e-01 3.66328050e+05
1.86750000e-01 3.81102249e+05
1.86800000e-01 3.92001327e+05
1.86850000e-01 3.99993945e+05
1.86900000e-01 4.06654459e+05
1.86950000e-01 4.12225005e+05
1.87000000e-01 4.16100247e+05
1.87050000e-01 4.17795672e+05
1.87100000e-01 4.17553417e+05
1.87150000e-01 4.15615856e+05
1.87200000e-01 4.12830584e+05
1.87250000e-01 4.09681867e+05
1.87300000e-01 4.07502172e+05
1.87350000e-01 4.06896594e+05
1.87400000e-01 4.07138849e+05
1.87450000e-01 4.06533271e+05
1.87500000e-01 4.04837966e+05
1.87550000e-01 4.02415895e+05
1.87600000e-01 4.00115012e+05
1.87650000e-01 3.98056263e+05
1.87700000e-01 3.96118703e+05
1.87750000e-01 3.93817820e+05
1.87800000e-01 3.91516937e+05
1.87850000e-01 3.89337122e+05
1.87900000e-01 3.87278373e+05
1.87950000e-01 3.85098557e+05
1.88000000e-01 3.82434352e+05
1.88050000e-01 3.79770146e+05
1.88100000e-01 3.79164689e+05
1.88150000e-01 3.83039930e+05
1.88200000e-01 3.92243462e+05
1.88250000e-01 4.05322356e+05
1.88300000e-01 4.18764452e+05
1.88350000e-01 4.29663410e+05
1.88400000e-01 4.37656027e+05
1.88450000e-01 4.42378981e+05
1.88500000e-01 4.44558797e+05
1.88550000e-01 4.44922120e+05
1.88600000e-01 4.44195474e+05
1.88650000e-01 4.43347761e+05
1.88700000e-01 4.42984439e+05
1.88750000e-01 4.42863371e+05
1.88800000e-01 4.43590017e+05
1.88850000e-01 4.46375290e+05
1.88900000e-01 4.52309159e+05
1.88950000e-01 4.61512812e+05
1.89000000e-01 4.73138415e+05
1.89050000e-01 4.85248408e+05
1.89100000e-01 4.95784164e+05
1.89150000e-01 5.02808001e+05
1.89200000e-01 5.05351018e+05
1.89250000e-01 5.04624494e+05
1.89300000e-01 5.02808001e+05
1.89350000e-01 5.00991508e+05
1.89400000e-01 4.99175015e+05
1.89450000e-01 4.96874011e+05
1.89500000e-01 4.93604348e+05
1.89550000e-01 4.89729107e+05
1.89600000e-01 4.85248408e+05
1.89650000e-01 4.78951216e+05
1.89700000e-01 4.69384362e+05
1.89750000e-01 4.56668790e+05
1.89800000e-01 4.44316541e+05
1.89850000e-01 4.35960601e+05
1.89900000e-01 4.34144108e+05
1.89950000e-01 4.37050570e+05
1.90000000e-01 4.41410201e+05
1.90050000e-01 4.45164254e+05
1.90100000e-01 4.49402819e+05
1.90150000e-01 4.55821077e+05
1.90200000e-01 4.65145797e+05
1.90250000e-01 4.76408078e+05
1.90300000e-01 4.88275936e+05
1.90350000e-01 4.99296082e+05
1.90400000e-01 5.07167511e+05
1.90450000e-01 5.10195040e+05
1.90500000e-01 5.08499614e+05
1.90550000e-01 5.04987817e+05
1.90600000e-01 5.03171203e+05
1.90650000e-01 5.04503305e+05
1.90700000e-01 5.09226260e+05
1.90750000e-01 5.16855554e+05
1.90800000e-01 5.25211494e+05
1.90850000e-01 5.31508686e+05
1.90900000e-01 5.33809569e+05
1.90950000e-01 5.31629753e+05
1.91000000e-01 5.25332562e+05
1.91050000e-01 5.17097810e+05
1.91100000e-01 5.10316228e+05
1.91150000e-01 5.08257480e+05
1.91200000e-01 5.11769398e+05
1.91250000e-01 5.18187657e+05
1.91300000e-01 5.24363781e+05
1.91350000e-01 5.29450059e+05
1.91400000e-01 5.36594963e+05
1.91450000e-01 5.47978311e+05
1.91500000e-01 5.61541595e+05
1.91550000e-01 5.71471772e+05
1.91600000e-01 5.73772655e+05
1.91650000e-01 5.69049822e+05
1.91700000e-01 5.61541595e+05
1.91750000e-01 5.54275502e+05
1.91800000e-01 5.50521449e+05
1.91850000e-01 5.52095686e+05
1.91900000e-01 5.59846169e+05
1.91950000e-01 5.72077230e+05
1.92000000e-01 5.85761581e+05
1.92050000e-01 5.98113830e+05
1.92100000e-01 6.06227514e+05
1.92150000e-01 6.07438550e+05
1.92200000e-01 6.02110139e+05
1.92250000e-01 5.93390876e+05
1.92300000e-01 5.85156124e+05
1.92350000e-01 5.78616677e+05
1.92400000e-01 5.73772655e+05
1.92450000e-01 5.70260737e+05
1.92500000e-01 5.67717719e+05
1.92550000e-01 5.65901105e+05
1.92600000e-01 5.64569002e+05
1.92650000e-01 5.64326868e+05
1.92700000e-01 5.66264428e+05
1.92750000e-01 5.69897414e+05
1.92800000e-01 5.70018602e+05
1.92850000e-01 5.61783729e+05
1.92900000e-01 5.43255477e+05
1.92950000e-01 5.16734487e+05
1.93000000e-01 4.85853986e+05
1.93050000e-01 4.54610042e+05
1.93100000e-01 4.28210240e+05
1.93150000e-01 4.10529579e+05
1.93200000e-01 4.02415895e+05
1.93250000e-01 4.01810438e+05
1.93300000e-01 4.06291136e+05
1.93350000e-01 4.11498481e+05
1.93400000e-01 4.12830584e+05
1.93450000e-01 4.07259916e+05
1.93500000e-01 3.97571873e+05
1.93550000e-01 3.88247153e+05
1.93600000e-01 3.84129777e+05
1.93650000e-01 3.89337122e+05
1.93700000e-01 4.08470952e+05
1.93750000e-01 4.41773524e+05
1.93800000e-01 4.82947525e+05
1.93850000e-01 5.23879391e+05
1.93900000e-01 5.60088304e+05
1.93950000e-01 5.90968926e+05
1.94000000e-01 6.18579763e+05
1.94050000e-01 6.44010785e+05
1.94100000e-01 6.69926197e+05
1.94150000e-01 6.97537035e+05
1.94200000e-01 7.23936837e+05
1.94250000e-01 7.44160636e+05
1.94300000e-01 7.54575203e+05
1.94350000e-01 7.54696391e+05
1.94400000e-01 7.46703774e+05
1.94450000e-01 7.34109270e+05
1.94500000e-01 7.21030497e+05
1.94550000e-01 7.12069099e+05
1.94600000e-01 7.09889284e+05
1.94650000e-01 7.15823152e+05
1.94700000e-01 7.29991894e+05
1.94750000e-01 7.49367980e+05
1.94800000e-01 7.66443062e+05
1.94850000e-01 7.74193423e+05
1.94900000e-01 7.70439370e+05
1.94950000e-01 7.57239409e+05
1.95000000e-01 7.37136798e+05
1.95050000e-01 7.14491049e+05
1.95100000e-01 6.92935269e+05
1.95150000e-01 6.76707779e+05
1.95200000e-01 6.68836350e+05
1.95250000e-01 6.71258300e+05
1.95300000e-01 6.83610549e+05
1.95350000e-01 7.00806819e+05
1.95400000e-01 7.14733305e+05
1.95450000e-01 7.21393819e+05
1.95500000e-01 7.22846990e+05
1.95550000e-01 7.23573635e+05
1.95600000e-01 7.25632263e+05
1.95650000e-01 7.28175401e+05
1.95700000e-01 7.28659791e+05
1.95750000e-01 7.28175401e+05
1.95800000e-01 7.29386437e+05
1.95850000e-01 7.34593660e+05
1.95900000e-01 7.41254174e+05
1.95950000e-01 7.44402770e+05
1.96000000e-01 7.40769784e+05
1.96050000e-01 7.31323997e+05
1.96100000e-01 7.19456138e+05
1.96150000e-01 7.08920504e+05
1.96200000e-01 7.03471025e+05
1.96250000e-01 7.05529652e+05
1.96300000e-01 7.16549798e+05
1.96350000e-01 7.35199238e+05
1.96400000e-01 7.59661480e+05
1.96450000e-01 7.86908995e+05
1.96500000e-01 8.13793187e+05
1.96550000e-01 8.37528905e+05
1.96600000e-01 8.56541546e+05
1.96650000e-01 8.70952544e+05
1.96700000e-01 8.81003788e+05
1.96750000e-01 8.87422168e+05
1.96800000e-01 8.89965307e+05
1.96850000e-01 8.88754271e+05
1.96900000e-01 8.82941470e+05
1.96950000e-01 8.72284647e+05
1.97000000e-01 8.56904869e+05
1.97050000e-01 8.41161890e+05
1.97100000e-01 8.29294032e+05
1.97150000e-01 8.24086687e+05
1.97200000e-01 8.22391383e+05
1.97250000e-01 8.20574890e+05
1.97300000e-01 8.16699648e+05
1.97350000e-01 8.12340017e+05
1.97400000e-01 8.08949166e+05
1.97450000e-01 8.06163893e+05
1.97500000e-01 8.03378620e+05
1.97550000e-01 8.00108957e+05
1.97600000e-01 7.96112648e+05
1.97650000e-01 7.92721797e+05
1.97700000e-01 7.90905304e+05
1.97750000e-01 7.90057591e+05
1.97800000e-01 7.88846555e+05
1.97850000e-01 7.86545672e+05
1.97900000e-01 7.86303538e+05
1.97950000e-01 7.91874084e+05
1.98000000e-01 8.04468467e+05
1.98050000e-01 8.20695957e+05
1.98100000e-01 8.36438936e+05
1.98150000e-01 8.48427862e+05
1.98200000e-01 8.55088376e+05
1.98250000e-01 8.54603986e+05
1.98300000e-01 8.48185728e+05
1.98350000e-01 8.40193110e+05
1.98400000e-01 8.34259120e+05
1.98450000e-01 8.29778422e+05
1.98500000e-01 8.22875773e+05
1.98550000e-01 8.09918067e+05
1.98600000e-01 7.92237407e+05
1.98650000e-01 7.74920069e+05
1.98700000e-01 7.61841296e+05
1.98750000e-01 7.54817459e+05
1.98800000e-01 7.53122033e+05
1.98850000e-01 7.55544104e+05
1.98900000e-01 7.61356906e+05
1.98950000e-01 7.69228335e+05
1.99000000e-01 7.78553055e+05
1.99050000e-01 7.91874084e+05
1.99100000e-01 8.10765780e+05
1.99150000e-01 8.34985766e+05
1.99200000e-01 8.60901178e+05
1.99250000e-01 8.84394640e+05
1.99300000e-01 9.02559690e+05
1.99350000e-01 9.13821970e+05
1.99400000e-01 9.16244042e+05
1.99450000e-01 9.10915630e+05
1.99500000e-01 9.00379874e+05
1.99550000e-01 8.88027626e+05
1.99600000e-01 8.77007480e+05
1.99650000e-01 8.69257118e+05
1.99700000e-01 8.66592912e+05
1.99750000e-01 8.69378185e+05
1.99800000e-01 8.76402022e+05
1.99850000e-01 8.85605675e+05
1.99900000e-01 8.94082683e+05
1.99950000e-01 8.98563381e+05
2.00000000e-01 8.98805516e+05
2.00050000e-01 8.99653229e+05
2.00100000e-01 9.06313743e+05
2.00150000e-01 9.19150382e+05
2.00225000e-01 9.35620007e+05
2.00275000e-01 9.42038386e+05
2.00325000e-01 9.47851188e+05
2.00375000e-01 9.50394205e+05
2.00425000e-01 9.46761220e+05
2.00475000e-01 9.43854879e+05
2.00525000e-01 9.51362985e+05
2.00575000e-01 9.67953798e+05
2.00625000e-01 9.79216079e+05
2.00675000e-01 9.80184859e+05
2.00725000e-01 9.71950107e+05
2.00775000e-01 9.65289593e+05
2.00825000e-01 9.67832610e+05
2.00875000e-01 9.75825227e+05
2.00925000e-01 9.86118849e+05
2.00975000e-01 9.97017806e+05
2.01025000e-01 1.00258847e+06
2.01075000e-01 9.97865519e+05
2.01125000e-01 9.88419732e+05
2.01175000e-01 9.89146256e+05
2.01225000e-01 1.00815902e+06
2.01275000e-01 1.03286352e+06
2.01325000e-01 1.04860650e+06
2.01375000e-01 1.05320826e+06
2.01425000e-01 1.04679000e+06
2.01475000e-01 1.03722303e+06
2.01525000e-01 1.03407443e+06
2.01575000e-01 1.03395336e+06
2.01625000e-01 1.03637531e+06
2.01675000e-01 1.04848543e+06
2.01725000e-01 1.06834578e+06
2.01775000e-01 1.08505766e+06
2.01825000e-01 1.09498784e+06
2.01875000e-01 1.09389799e+06
2.01925000e-01 1.08433102e+06
2.01975000e-01 1.07863928e+06
2.02025000e-01 1.07742837e+06
2.02075000e-01 1.07367419e+06
2.02125000e-01 1.06289630e+06
2.02175000e-01 1.04691107e+06
2.02225000e-01 1.03794967e+06
2.02275000e-01 1.04618442e+06
2.02325000e-01 1.06749807e+06
2.02375000e-01 1.08384663e+06
2.02425000e-01 1.08251453e+06
2.02475000e-01 1.06616597e+06
2.02525000e-01 1.03685983e+06
2.02575000e-01 9.99439756e+05
2.02625000e-01 9.76067483e+05
2.02675000e-01 9.84302235e+05
2.02725000e-01 1.02269108e+06
2.02775000e-01 1.07597508e+06
2.02825000e-01 1.11218411e+06
2.02875000e-01 1.12538395e+06
2.02925000e-01 1.12986477e+06
2.02975000e-01 1.13349776e+06
2.03025000e-01 1.14597107e+06
2.03075000e-01 1.16764792e+06
2.03125000e-01 1.19041486e+06
2.03175000e-01 1.20700555e+06
2.03225000e-01 1.20821659e+06
2.03275000e-01 1.19126245e+06
2.03325000e-01 1.16425719e+06
2.03375000e-01 1.14003708e+06
2.03425000e-01 1.12804816e+06
2.03475000e-01 1.13277111e+06
2.03525000e-01 1.15408476e+06
2.03575000e-01 1.18363316e+06
2.03625000e-01 1.20979082e+06
2.03675000e-01 1.22286972e+06
2.03725000e-01 1.22214259e+06
2.03775000e-01 1.21633039e+06
2.03825000e-01 1.20579451e+06
2.03875000e-01 1.19852854e+06
2.03925000e-01 1.18787172e+06
2.03975000e-01 1.18750840e+06
2.04025000e-01 1.20155607e+06
2.04075000e-01 1.23279989e+06
2.04125000e-01 1.26912975e+06
2.04175000e-01 1.30097928e+06
2.04225000e-01 1.32616829e+06
2.04275000e-01 1.34263779e+06
2.04325000e-01 1.34324373e+06
2.04375000e-01 1.33028505e+06
2.04425000e-01 1.31538979e+06
2.04475000e-01 1.30994116e+06
2.04525000e-01 1.32192911e+06
2.04575000e-01 1.34808763e+06
2.04625000e-01 1.37158121e+06
2.04675000e-01 1.37642511e+06
2.04725000e-01 1.36189220e+06
2.04775000e-01 1.34154830e+06
2.04825000e-01 1.33367591e+06
2.04875000e-01 1.34191066e+06
2.04925000e-01 1.35159967e+06
2.04975000e-01 1.35571644e+06
2.05025000e-01 1.36346644e+06
2.05075000e-01 1.37267070e+06
2.05125000e-01 1.37569798e+06
2.05175000e-01 1.37606155e+06
2.05225000e-01 1.38163258e+06
2.05275000e-01 1.39168273e+06
2.05325000e-01 1.39943394e+06
2.05375000e-01 1.39967632e+06
2.05425000e-01 1.38914020e+06
2.05475000e-01 1.37170119e+06
2.05525000e-01 1.35220440e+06
2.05575000e-01 1.33355472e+06
2.05625000e-01 1.33246523e+06
2.05675000e-01 1.34954068e+06
2.05725000e-01 1.36516186e+06
2.05775000e-01 1.36479951e+06
2.05825000e-01 1.34639221e+06
2.05875000e-01 1.33670440e+06
2.05925000e-01 1.35159967e+06
2.05975000e-01 1.37497207e+06
2.06025000e-01 1.39374172e+06
2.06075000e-01 1.39749614e+06
2.06125000e-01 1.37969478e+06
2.06175000e-01 1.35014541e+06
2.06225000e-01 1.33198048e+06
2.06275000e-01 1.34300135e+06
2.06325000e-01 1.37363899e+06
2.06375000e-01 1.39882800e+06
2.06425000e-01 1.41384446e+06
2.06475000e-01 1.42934566e+06
2.06525000e-01 1.43661091e+06
2.06575000e-01 1.42922448e+06
2.06625000e-01 1.42631838e+06
2.06675000e-01 1.44266669e+06
2.06725000e-01 1.46846043e+06
2.06775000e-01 1.48577825e+06
2.06825000e-01 1.48892673e+06
2.06875000e-01 1.48686774e+06
2.06925000e-01 1.48771606e+06
2.06975000e-01 1.49897809e+06
2.07025000e-01 1.51823251e+06
2.07075000e-01 1.53579271e+06
2.07125000e-01 1.55165627e+06
2.07175000e-01 1.56122409e+06
2.07225000e-01 1.56279833e+06
2.07275000e-01 1.57188019e+06
2.07325000e-01 1.59040868e+06
2.07375000e-01 1.61063260e+06
2.07425000e-01 1.62952466e+06
2.07475000e-01 1.64345042e+06
2.07525000e-01 1.65435010e+06
2.07575000e-01 1.66997129e+06
2.07625000e-01 1.68837860e+06
2.07675000e-01 1.70327386e+06
2.07725000e-01 1.70969200e+06
2.07775000e-01 1.70545404e+06
2.07825000e-01 1.69964063e+06
2.07875000e-01 1.69758285e+06
2.07925000e-01 1.70714947e+06
2.07975000e-01 1.72737339e+06
2.08025000e-01 1.74020966e+06
2.08075000e-01 1.73524457e+06
2.08125000e-01 1.72143879e+06
2.08175000e-01 1.71586897e+06
2.08225000e-01 1.71853269e+06
2.08275000e-01 1.72991592e+06
2.08325000e-01 1.75958526e+06
2.08375000e-01 1.78029394e+06
2.08425000e-01 1.77435934e+06
2.08475000e-01 1.78077869e+06
2.08525000e-01 1.83575823e+06
2.08575000e-01 1.92064949e+06
2.08625000e-01 1.99379396e+06
2.08675000e-01 2.03956924e+06
2.08725000e-01 2.06984453e+06
2.08775000e-01 2.12918322e+06
2.08825000e-01 2.20002753e+06
2.08875000e-01 2.23187584e+06
2.08925000e-01 2.21262143e+06
2.08975000e-01 2.17871292e+06
2.09025000e-01 2.18416276e+06
2.09075000e-01 2.22303636e+06
2.09125000e-01 2.27934776e+06
2.09175000e-01 2.33820291e+06
2.09225000e-01 2.44138029e+06
2.09275000e-01 2.60244331e+06
2.09325000e-01 2.71579324e+06
2.09375000e-01 2.68915118e+06
2.09425000e-01 2.58318768e+06
2.09475000e-01 2.57010903e+06
2.09525000e-01 2.67922100e+06
2.09575000e-01 2.81461026e+06
2.09625000e-01 2.89514237e+06
2.09675000e-01 2.90991645e+06
2.09725000e-01 2.95726597e+06
2.09775000e-01 3.05886911e+06
2.09825000e-01 3.14485107e+06
2.09875000e-01 3.13722105e+06
2.09925000e-01 3.04409504e+06
2.09975000e-01 2.94866887e+06
2.10025000e-01 2.92796019e+06
2.10075000e-01 3.06201759e+06
2.10125000e-01 3.35689684e+06
2.10175000e-01 3.62428571e+06
2.10225000e-01 3.71959190e+06
2.10275000e-01 3.55998193e+06
2.10325000e-01 3.26607219e+06
2.10375000e-01 3.16265243e+06
2.10425000e-01 3.28484306e+06
2.10475000e-01 3.56930738e+06
2.10525000e-01 3.90669225e+06
2.10575000e-01 4.10699122e+06
2.10625000e-01 4.10323801e+06
2.10675000e-01 4.01604539e+06
2.10725000e-01 3.94302210e+06
2.10775000e-01 3.86527611e+06
2.10825000e-01 3.70409190e+06
2.10875000e-01 3.48381018e+06
2.10925000e-01 3.32250478e+06
2.10975000e-01 3.27636593e+06
2.11025000e-01 3.35822870e+06
2.11075000e-01 3.52595344e+06
2.11125000e-01 3.81635114e+06
2.11175000e-01 4.19018706e+06
2.11225000e-01 4.41943067e+06
2.11275000e-01 4.40405065e+06
2.11325000e-01 4.24226050e+06
2.11375000e-01 4.07720069e+06
2.11425000e-01 3.97196432e+06
2.11475000e-01 3.89373478e+06
2.11525000e-01 3.90160597e+06
2.11575000e-01 4.12297718e+06
2.11625000e-01 4.48748886e+06
2.11675000e-01 4.81167389e+06
2.11725000e-01 4.97782318e+06
2.11775000e-01 4.96147487e+06
2.11825000e-01 4.76844114e+06
2.11875000e-01 4.59890099e+06
2.11925000e-01 4.68149088e+06
2.11975000e-01 4.93955552e+06
2.12025000e-01 5.19398693e+06
2.12075000e-01 5.17194639e+06
2.12125000e-01 4.86628986e+06
2.12175000e-01 4.52599768e+06
2.12225000e-01 4.23051371e+06
2.12275000e-01 3.97014891e+06
2.12325000e-01 3.67090931e+06
2.12375000e-01 3.34502886e+06
2.12425000e-01 3.12268935e+06
2.12475000e-01 3.06976880e+06
2.12525000e-01 3.22320301e+06
2.12575000e-01 3.50512358e+06
2.12625000e-01 3.80654215e+06
2.12675000e-01 4.06569627e+06
2.12725000e-01 4.20399284e+06
2.12775000e-01 4.24637848e+06
2.12825000e-01 4.25085882e+06
2.12875000e-01 4.23293626e+06
2.12925000e-01 4.15942823e+06
2.12975000e-01 3.97729297e+06
2.13025000e-01 3.75979736e+06
2.13075000e-01 3.64620505e+06
2.13125000e-01 3.68374680e+06
2.13175000e-01 3.79951807e+06
2.13225000e-01 3.85328694e+06
2.13275000e-01 3.85825203e+06
2.13325000e-01 3.91407868e+06
2.13375000e-01 3.99134113e+06
2.13425000e-01 3.97402331e+06
2.13475000e-01 3.86164288e+06
2.13525000e-01 3.79939688e+06
2.13575000e-01 3.87762763e+06
2.13625000e-01 4.09899884e+06
2.13675000e-01 4.38552215e+06
2.13725000e-01 4.63365661e+06
2.13775000e-01 4.67785766e+06
2.13825000e-01 4.37946758e+06
2.13875000e-01 4.04644186e+06
2.13925000e-01 3.99097757e+06
2.13975000e-01 4.10929259e+06
2.14025000e-01 4.39206148e+06
2.14075000e-01 4.88881394e+06
2.14125000e-01 5.40300541e+06
2.14175000e-01 5.64496410e+06
2.14225000e-01 5.59979355e+06
2.14275000e-01 5.52228994e+06
2.14325000e-01 5.54493520e+06
2.14375000e-01 5.58526185e+06
2.14425000e-01 5.55522894e+06
2.14475000e-01 5.41305677e+06
2.14525000e-01 5.18514623e+06
2.14575000e-01 4.94900094e+06
2.14625000e-01 4.79919996e+06
2.14675000e-01 4.75172926e+06
2.14725000e-01 4.78079266e+06
2.14775000e-01 4.85999291e+06
2.14825000e-01 4.97576419e+06
2.14875000e-01 5.11551380e+06
2.14925000e-01 5.24727104e+06
2.14975000e-01 5.29401583e+06
2.15025000e-01 5.13900739e+06
2.15075000e-01 4.82826458e+06
2.15125000e-01 4.55808958e+06
2.15175000e-01 4.54343670e+06
2.15225000e-01 4.69432716e+06
2.15275000e-01 4.86955952e+06
2.15325000e-01 5.08899293e+06
2.15375000e-01 5.25514223e+06
2.15425000e-01 5.23055916e+06
2.15475000e-01 5.05520561e+06
2.15525000e-01 4.86737935e+06
2.15575000e-01 4.69166344e+06
2.15625000e-01 4.49366462e+06
2.15675000e-01 4.26866018e+06
2.15725000e-01 4.02488608e+06
2.15775000e-01 3.80981182e+06
2.15825000e-01 3.68338323e+06
2.15875000e-01 3.64717456e+06
2.15925000e-01 3.71535394e+06
2.15975000e-01 3.94205260e+06
2.16025000e-01 4.30474766e+06
2.16075000e-01 4.61415861e+06
2.16125000e-01 4.75717910e+06
2.16175000e-01 4.73332195e+06
2.16225000e-01 4.63256592e+06
2.16275000e-01 4.59030267e+06
2.16325000e-01 4.59720556e+06
2.16375000e-01 4.57504384e+06
2.16425000e-01 4.48022240e+06
2.16475000e-01 4.37534960e+06
2.16525000e-01 4.26514814e+06
2.16575000e-01 4.05879338e+06
2.16625000e-01 3.75156261e+06
2.16675000e-01 3.47363762e+06
2.16725000e-01 3.38826161e+06
2.16775000e-01 3.51541732e+06
2.16825000e-01 3.71947071e+06
2.16875000e-01 3.87036239e+06
2.16925000e-01 3.85025966e+06
2.16975000e-01 3.78062723e+06
2.17025000e-01 3.84553573e+06
2.17075000e-01 4.03251489e+06
2.17125000e-01 4.22324725e+06
2.17175000e-01 4.31988530e+06
2.17225000e-01 4.40598845e+06
2.17275000e-01 4.49100090e+06
2.17325000e-01 4.47344070e+06
2.17375000e-01 4.31225649e+06
2.17425000e-01 4.12673039e+06
2.17475000e-01 3.99618503e+06
2.17525000e-01 3.95162042e+06
2.17575000e-01 4.08398239e+06
2.17625000e-01 4.30898683e+06
2.17675000e-01 4.44970474e+06
2.17725000e-01 4.44340779e+06
2.17775000e-01 4.31479903e+06
2.17825000e-01 4.27495713e+06
2.17875000e-01 4.51158717e+06
2.17925000e-01 4.96147487e+06
2.17975000e-01 5.45774257e+06
2.18025000e-01 5.83097375e+06
2.18075000e-01 6.01456206e+06
2.18125000e-01 6.10635621e+06
2.18175000e-01 6.24331971e+06
2.18225000e-01 6.41419171e+06
2.18275000e-01 6.47910143e+06
2.18325000e-01 6.33850471e+06
2.18375000e-01 6.04689512e+06
2.18425000e-01 5.70805721e+06
2.18475000e-01 5.59059051e+06
2.18525000e-01 5.75395368e+06
2.18575000e-01 5.91489672e+06
2.18625000e-01 5.86003837e+06
2.18675000e-01 5.46936817e+06
2.18725000e-01 5.02662696e+06
2.18775000e-01 4.92526498e+06
2.18825000e-01 5.13234687e+06
2.18875000e-01 5.38157081e+06
2.18925000e-01 5.44175782e+06
2.18975000e-01 5.43207002e+06
2.19025000e-01 5.52313704e+06
2.19075000e-01 5.64811258e+06
2.19125000e-01 5.63902951e+06
2.19175000e-01 5.55413825e+06
2.19225000e-01 5.57787421e+06
2.19275000e-01 5.87493363e+06
2.19325000e-01 6.40159781e+06
2.19375000e-01 6.74249472e+06
2.19425000e-01 6.68436671e+06
2.19475000e-01 6.36211948e+06
2.19525000e-01 5.93729961e+06
2.19575000e-01 5.57181963e+06
2.19625000e-01 5.43933527e+06
2.19675000e-01 5.56479556e+06
2.19725000e-01 5.88304720e+06
2.19775000e-01 6.29394010e+06
2.19825000e-01 6.64270819e+06
2.19875000e-01 6.81745581e+06
2.19925000e-01 6.79250917e+06
2.19975000e-01 6.55975473e+06
2.20025000e-01 6.13868928e+06
2.20075000e-01 5.68638024e+06
2.20125000e-01 5.47300140e+06
2.20175000e-01 5.63769765e+06
2.20225000e-01 6.11350027e+06
2.20275000e-01 6.60395578e+06
2.20325000e-01 6.93819338e+06
2.20375000e-01 7.14333626e+06
2.20425000e-01 7.12686675e+06
2.20475000e-01 6.90997588e+06
2.20525000e-01 6.73329167e+06
2.20575000e-01 6.65142770e+06
2.20625000e-01 6.41407174e+06
2.20675000e-01 6.04156647e+06
2.20725000e-01 5.72924942e+06
2.20775000e-01 5.46537259e+06
2.20825000e-01 5.19798372e+06
2.20875000e-01 5.01899694e+06
2.20925000e-01 5.01596965e+06
2.20975000e-01 4.97128385e+06
2.21025000e-01 4.70280429e+06
2.21075000e-01 4.32024887e+06
2.21125000e-01 4.03469507e+06
2.21175000e-01 3.98116858e+06
2.21225000e-01 4.14550126e+06
2.21275000e-01 4.51836888e+06
2.21325000e-01 4.99332439e+06
2.21375000e-01 5.30164464e+06
2.21425000e-01 5.34233486e+06
2.21475000e-01 5.29280516e+06
2.21525000e-01 5.28541752e+06
2.21575000e-01 5.21590627e+06
2.21625000e-01 4.96074774e+06
2.21675000e-01 4.59732675e+06
2.21725000e-01 4.32654582e+06
2.21775000e-01 4.27895392e+06
2.21825000e-01 4.43275170e+06
2.21875000e-01 4.76190181e+06
2.21925000e-01 5.23988340e+06
2.21975000e-01 5.69485737e+06
2.22025000e-01 5.96152032e+06
2.22075000e-01 6.10005805e+06
2.22125000e-01 6.21934258e+06
2.22175000e-01 6.35703320e+06
2.22225000e-01 6.38258457e+06
2.22275000e-01 6.24549989e+06
2.22325000e-01 6.09121857e+06
2.22375000e-01 6.08601110e+06
2.22425000e-01 6.21292323e+06
2.22475000e-01 6.26499667e+06
2.22525000e-01 6.27153600e+06
2.22575000e-01 6.31525350e+06
2.22625000e-01 6.33608215e+06
2.22675000e-01 6.27771297e+06
2.22725000e-01 6.18337508e+06
2.22775000e-01 6.17126593e+06
2.22825000e-01 6.33705166e+06
2.22875000e-01 6.64948990e+06
2.22925000e-01 6.88478808e+06
2.22975000e-01 6.94848591e+06
2.23025000e-01 6.90004570e+06
2.23075000e-01 6.75266728e+06
2.23125000e-01 6.65699873e+06
2.23175000e-01 6.80716206e+06
2.23225000e-01 7.19662037e+06
2.23275000e-01 7.81725888e+06
2.23325000e-01 8.50874050e+06
2.23375000e-01 8.91478950e+06
2.23425000e-01 8.93973613e+06
2.23475000e-01 8.81415587e+06
2.23525000e-01 8.80616349e+06
2.23575000e-01 8.91588020e+06
2.23625000e-01 8.92157120e+06
2.23675000e-01 8.75748090e+06
2.23725000e-01 8.49820559e+06
2.23775000e-01 8.18806751e+06
2.23825000e-01 7.89076692e+06
2.23875000e-01 7.70923760e+06
2.23925000e-01 7.76712324e+06
2.23975000e-01 8.04492705e+06
2.24025000e-01 8.20611125e+06
2.24075000e-01 8.05013451e+06
2.24125000e-01 7.75016899e+06
2.24175000e-01 7.45565330e+06
2.24225000e-01 7.27012841e+06
2.24275000e-01 7.18136154e+06
2.24325000e-01 7.09090046e+06
2.24375000e-01 6.99075037e+06
2.24425000e-01 6.87836873e+06
2.24475000e-01 6.86589602e+06
2.24525000e-01 7.02235751e+06
2.24575000e-01 7.34775321e+06
2.24625000e-01 7.64033109e+06
2.24675000e-01 7.77257309e+06
2.24725000e-01 7.88519589e+06
2.24775000e-01 8.00072600e+06
2.24825000e-01 8.06793588e+06
2.24875000e-01 7.80611803e+06
2.24925000e-01 7.35368781e+06
2.24975000e-01 7.06450078e+06
2.25025000e-01 6.93891930e+06
2.25075000e-01 6.89483945e+06
2.25125000e-01 6.80062274e+06
2.25175000e-01 6.76756254e+06
2.25225000e-01 6.88999433e+06
2.25275000e-01 7.01715005e+06
2.25325000e-01 6.91627404e+06
2.25375000e-01 6.62357497e+06
2.25425000e-01 6.40874308e+06
2.25475000e-01 6.43211548e+06
2.25525000e-01 6.54643371e+06
2.25575000e-01 6.47873908e+06
2.25625000e-01 6.27335261e+06
2.25675000e-01 6.15794490e+06
2.25725000e-01 6.24441040e+06
2.25775000e-01 6.34710303e+06
2.25825000e-01 6.33487148e+06
2.25875000e-01 6.31610061e+06
2.25925000e-01 6.31997622e+06
2.25975000e-01 6.10768807e+06
2.26025000e-01 5.71738144e+06
2.26075000e-01 5.45665309e+06
2.26125000e-01 5.42698374e+06
2.26175000e-01 5.58647252e+06
2.26225000e-01 5.73239790e+06
2.26275000e-01 5.71362824e+06
2.26325000e-01 5.54154435e+06
2.26375000e-01 5.26858445e+06
2.26425000e-01 5.03122848e+06
2.26475000e-01 4.82414660e+06
2.26525000e-01 4.62203101e+06
2.26575000e-01 4.49499648e+06
2.26625000e-01 4.44837288e+06
2.26675000e-01 4.42851252e+06
2.26725000e-01 4.36299686e+06
2.26775000e-01 4.29033715e+06
2.26825000e-01 4.24419830e+06
2.26875000e-01 4.19309436e+06
2.26925000e-01 4.13993144e+06
2.26975000e-01 4.09548680e+06
2.27025000e-01 4.07841257e+06
2.27075000e-01 4.10796073e+06
2.27125000e-01 4.15204058e+06
2.27175000e-01 4.20835198e+06
2.27225000e-01 4.28791580e+06
2.27275000e-01 4.40017504e+06
2.27325000e-01 4.50032513e+06
2.27375000e-01 4.54597923e+06
2.27425000e-01 4.55590941e+06
2.27475000e-01 4.63983237e+06
2.27525000e-01 4.78406232e+06
2.27575000e-01 4.83916305e+06
2.27625000e-01 4.85635968e+06
2.27675000e-01 4.99477744e+06
2.27725000e-01 5.23588782e+06
2.27775000e-01 5.43703511e+06
2.27825000e-01 5.56963946e+06
2.27875000e-01 5.70393923e+06
2.27925000e-01 5.81571492e+06
2.27975000e-01 5.85228716e+06
2.28025000e-01 5.91380603e+06
2.28075000e-01 6.11241079e+06
2.28125000e-01 6.46783939e+06
2.28175000e-01 6.83126159e+06
2.28225000e-01 7.03483022e+06
2.28275000e-01 7.06910230e+06
2.28325000e-01 6.88551400e+06
2.28375000e-01 6.63435225e+06
2.28425000e-01 6.61073748e+06
2.28475000e-01 6.79178325e+06
2.28525000e-01 6.99498833e+06
2.28575000e-01 7.09283826e+06
2.28625000e-01 6.90973471e+06
2.28675000e-01 6.48443008e+06
2.28725000e-01 6.07244770e+06
2.28775000e-01 5.88982890e+06
2.28825000e-01 6.06615075e+06
2.28875000e-01 6.34189556e+06
2.28925000e-01 6.40850071e+06
2.28975000e-01 6.24876955e+06
2.29025000e-01 5.99651832e+06
2.29075000e-01 5.86040072e+06
2.29125000e-01 5.87323821e+06
2.29175000e-01 5.92543163e+06
2.29225000e-01 5.99603357e+06
2.29275000e-01 6.08286263e+06
2.29325000e-01 6.16315116e+06
2.29375000e-01 6.20953359e+06
2.29425000e-01 6.20299305e+06
2.29475000e-01 6.20226714e+06
2.29525000e-01 6.34601233e+06
2.29575000e-01 6.57150153e+06
2.29625000e-01 6.63556293e+06
2.29675000e-01 6.24295614e+06
2.29725000e-01 5.66906242e+06
2.29775000e-01 5.31448213e+06
2.29825000e-01 5.15547689e+06
2.29875000e-01 5.15184366e+06
2.29925000e-01 5.27403429e+06
2.29975000e-01 5.41681119e+06
2.30025000e-01 5.50351907e+06
2.30075000e-01 5.59083167e+06
2.30125000e-01 5.75201709e+06
2.30175000e-01 5.98598220e+06
2.30225000e-01 6.19693848e+06
2.30275000e-01 6.25603600e+06
2.30325000e-01 6.10720332e+06
2.30375000e-01 6.02667120e+06
2.30425000e-01 6.18373864e+06
2.30475000e-01 6.43780648e+06
2.30525000e-01 6.85160670e+06
2.30575000e-01 7.46691655e+06
2.30625000e-01 7.94635240e+06
2.30675000e-01 8.07653419e+06
2.30725000e-01 7.97771717e+06
2.30775000e-01 7.72025727e+06
2.30825000e-01 7.41859753e+06
2.30875000e-01 7.17772952e+06
2.30925000e-01 6.84688277e+06
2.30975000e-01 6.44143971e+06
2.31025000e-01 6.16048744e+06
2.31075000e-01 5.96055081e+06
2.31125000e-01 5.73058128e+06
2.31175000e-01 5.52313704e+06
2.31225000e-01 5.39053270e+06
2.31275000e-01 5.34076062e+06
2.31325000e-01 5.34608928e+06
2.31375000e-01 5.39307523e+06
2.31425000e-01 5.60972373e+06
2.31475000e-01 6.10623502e+06
2.31525000e-01 6.64573548e+06
2.31575000e-01 6.94812356e+06
2.31625000e-01 6.95877966e+06
2.31675000e-01 6.79456816e+06
2.31725000e-01 6.68594094e+06
2.31775000e-01 6.68509384e+06
2.31825000e-01 6.75569456e+06
2.31875000e-01 6.84203887e+06
2.31925000e-01 6.78052000e+06
2.31975000e-01 6.49242246e+06
2.32025000e-01 6.11035179e+06
2.32075000e-01 5.82588748e+06
2.32125000e-01 5.79718643e+06
2.32175000e-01 5.91308011e+06
2.32225000e-01 6.14716641e+06
2.32275000e-01 6.64597786e+06
2.32325000e-01 7.41326887e+06
2.32375000e-01 8.04492705e+06
2.32425000e-01 8.21592024e+06
2.32475000e-01 7.98122921e+06
2.32525000e-01 7.35671509e+06
2.32575000e-01 6.58288475e+06
2.32625000e-01 6.04229360e+06
2.32675000e-01 5.80723779e+06
2.32725000e-01 5.74523539e+06
2.32775000e-01 5.79936661e+06
2.32825000e-01 5.99942442e+06
2.32875000e-01 6.32772621e+06
2.32925000e-01 6.60892087e+06
2.32975000e-01 6.70156334e+06
2.33025000e-01 6.59208901e+06
2.33075000e-01 6.36139235e+06
2.33125000e-01 6.06869328e+06
2.33175000e-01 5.73058128e+06
2.33225000e-01 5.45144562e+06
2.33275000e-01 5.27984648e+06
2.33325000e-01 5.19410812e+06
2.33375000e-01 5.22825780e+06
2.33425000e-01 5.45738022e+06
2.33475000e-01 5.73215552e+06
2.33525000e-01 5.91792401e+06
2.33575000e-01 6.10490195e+06
2.33625000e-01 6.24949547e+06
2.33675000e-01 6.13517724e+06
2.33725000e-01 5.71059974e+06
2.33775000e-01 5.21760170e+06
2.33825000e-01 4.81760727e+06
2.33875000e-01 4.56329705e+06
2.33925000e-01 4.51122361e+06
2.33975000e-01 4.59587249e+06
2.34025000e-01 4.77861369e+06
2.34075000e-01 4.99356555e+06
2.34125000e-01 5.18563099e+06
2.34175000e-01 5.34281840e+06
2.34225000e-01 5.40784931e+06
2.34275000e-01 5.29377346e+06
2.34325000e-01 4.95299774e+06
2.34375000e-01 4.53580789e+06
2.34425000e-01 4.21004741e+06
2.34475000e-01 4.06533271e+06
2.34525000e-01 4.14211041e+06
2.34575000e-01 4.27968105e+06
2.34625000e-01 4.37668146e+06
2.34675000e-01 4.48324969e+06
2.34725000e-01 4.62057796e+06
2.34775000e-01 4.68815140e+06
2.34825000e-01 4.62287811e+06
2.34875000e-01 4.59441944e+06
2.34925000e-01 4.78539539e+06
2.34975000e-01 5.23176983e+06
2.35025000e-01 5.71629196e+06
2.35075000e-01 6.01129240e+06
2.35125000e-01 6.17538270e+06
2.35175000e-01 6.34443809e+06
2.35225000e-01 6.60129206e+06
2.35275000e-01 6.88079129e+06
2.35325000e-01 7.04379211e+06
2.35375000e-01 6.99353528e+06
2.35425000e-01 6.79408341e+06
2.35475000e-01 6.55769574e+06
2.35525000e-01 6.37713594e+06
2.35575000e-01 6.41419171e+06
2.35625000e-01 6.72868894e+06
2.35675000e-01 7.09041571e+06
2.35725000e-01 7.25862399e+06
2.35775000e-01 7.25208467e+06
2.35825000e-01 7.12783626e+06
2.35875000e-01 6.79820139e+06
2.35925000e-01 6.31743368e+06
2.35975000e-01 5.83521292e+06
2.36025000e-01 5.45471528e+06
2.36075000e-01 5.34814705e+06
2.36125000e-01 5.49625261e+06
2.36175000e-01 5.68601668e+06
2.36225000e-01 5.86451870e+06
2.36275000e-01 6.14958896e+06
2.36325000e-01 6.47449991e+06
2.36375000e-01 6.58179527e+06
2.36425000e-01 6.39372663e+06
2.36475000e-01 6.05282972e+06
2.36525000e-01 5.76909132e+06
2.36575000e-01 5.68177872e+06
2.36625000e-01 5.71072093e+06
2.36675000e-01 5.71665553e+06
2.36725000e-01 5.66276547e+06
2.36775000e-01 5.66700464e+06
2.36825000e-01 5.77127150e+06
2.36875000e-01 5.88898058e+06
2.36925000e-01 6.06142804e+06
2.36975000e-01 6.32457774e+06
2.37025000e-01 6.54607014e+06
2.37075000e-01 6.68364079e+06
2.37125000e-01 6.85814602e+06
2.37175000e-01 7.09017333e+06
2.37225000e-01 7.18850681e+06
2.37275000e-01 7.00177003e+06
2.37325000e-01 6.53565521e+06
2.37375000e-01 5.93778436e+06
2.37425000e-01 5.58719965e+06
2.37475000e-01 5.58828914e+06
2.37525000e-01 5.69437262e+06
2.37575000e-01 5.84211460e+06
2.37625000e-01 6.15649064e+06
2.37675000e-01 6.55091404e+06
2.37725000e-01 6.80134987e+06
2.37775000e-01 6.82084666e+06
2.37825000e-01 6.54994575e+06
2.37875000e-01 6.11592283e+06
2.37925000e-01 5.71762382e+06
2.37975000e-01 5.39428711e+06
2.38025000e-01 5.18841590e+06
2.38075000e-01 5.02916949e+06
2.38125000e-01 4.80440743e+06
2.38175000e-01 4.53992466e+06
2.38225000e-01 4.32606228e+06
2.38275000e-01 4.19115656e+06
2.38325000e-01 4.17226450e+06
2.38375000e-01 4.27483594e+06
2.38425000e-01 4.48785121e+06
2.38475000e-01 4.79774691e+06
2.38525000e-01 5.15232842e+06
2.38575000e-01 5.48293158e+06
2.38625000e-01 5.74293402e+06
2.38675000e-01 5.90835739e+06
2.38725000e-01 5.90484536e+06
2.38775000e-01 5.70248618e+06
2.38825000e-01 5.38617234e+06
2.38875000e-01 5.09020361e+06
2.38925000e-01 4.97200977e+06
2.38975000e-01 5.14687857e+06
2.39025000e-01 5.54469282e+06
2.39075000e-01 5.99881848e+06
2.39125000e-01 6.33874709e+06
2.39175000e-01 6.41903682e+06
2.39225000e-01 6.35121980e+06
2.39275000e-01 6.32591081e+06
2.39325000e-01 6.29987348e+06
2.39375000e-01 6.17804642e+06
2.39425000e-01 5.89963789e+06
2.39475000e-01 5.47687701e+06
2.39525000e-01 5.01596965e+06
2.39575000e-01 4.66792748e+06
2.39625000e-01 4.53168990e+06
2.39675000e-01 4.56717266e+06
2.39725000e-01 4.75281874e+06
2.39775000e-01 5.03110730e+06
2.39825000e-01 5.24424376e+06
2.39875000e-01 5.25865427e+06
2.39925000e-01 5.08766107e+06
2.39975000e-01 4.90588938e+06
2.40025000e-01 4.95687213e+06
2.40075000e-01 5.23855154e+06
2.40125000e-01 5.50836297e+06
2.40175000e-01 5.63067357e+06
2.40225000e-01 5.61069203e+06
2.40275000e-01 5.51599178e+06
2.40325000e-01 5.42456119e+06
2.40375000e-01 5.33107282e+06
2.40425000e-01 5.13476943e+06
2.40475000e-01 4.79593030e+06
2.40525000e-01 4.46544833e+06
2.40575000e-01 4.32848362e+06
2.40625000e-01 4.36808314e+06
2.40675000e-01 4.45987729e+06
2.40725000e-01 4.51364616e+06
2.40775000e-01 4.60737812e+06
2.40825000e-01 4.84618713e+06
2.40875000e-01 5.15475097e+06
2.40925000e-01 5.37939185e+06
2.40975000e-01 5.43291713e+06
2.41025000e-01 5.31872009e+06
2.41075000e-01 5.06017070e+06
2.41125000e-01 4.77401096e+06
2.41175000e-01 4.65654425e+06
2.41225000e-01 4.79290301e+06
2.41275000e-01 5.08245361e+06
2.41325000e-01 5.31181720e+06
2.41375000e-01 5.39501303e+06
2.41425000e-01 5.49940108e+06
2.41475000e-01 5.75964590e+06
2.41525000e-01 6.13384538e+06
2.41575000e-01 6.48007094e+06
2.41625000e-01 6.77325476e+06
2.41675000e-01 7.03701040e+06
2.41725000e-01 7.24082263e+06
2.41775000e-01 7.39147072e+06
2.41825000e-01 7.54732627e+06
2.41875000e-01 7.76772919e+06
2.41925000e-01 7.99091701e+06
2.41975000e-01 8.15185884e+06
2.42025000e-01 8.32006713e+06
2.42075000e-01 8.55027903e+06
2.42125000e-01 8.75263700e+06
2.42175000e-01 8.91503188e+06
2.42225000e-01 9.07294642e+06
2.42275000e-01 9.13955156e+06
2.42325000e-01 8.93985732e+06
2.42375000e-01 8.62475536e+06
2.42425000e-01 8.39890382e+06
2.42475000e-01 8.30444473e+06
2.42525000e-01 8.35312732e+06
2.42575000e-01 8.50256474e+06
2.42625000e-01 8.74585530e+06
2.42675000e-01 9.09547171e+06
2.42725000e-01 9.40718281e+06
2.42775000e-01 9.47608932e+06
2.42825000e-01 9.32386700e+06
2.42875000e-01 8.98623854e+06
2.42925000e-01 8.66338659e+06
2.42975000e-01 8.59351178e+06
2.43025000e-01 8.71412696e+06
2.43075000e-01 8.88172930e+06
2.43125000e-01 8.97194922e+06
2.43175000e-01 8.86695523e+06
2.43225000e-01 8.65006556e+06
2.43275000e-01 8.41077058e+06
2.43325000e-01 8.22427618e+06
2.43375000e-01 8.19860363e+06
2.43425000e-01 8.25661046e+06
2.43475000e-01 8.20829143e+06
2.43525000e-01 7.96802937e+06
2.43575000e-01 7.72425406e+06
2.43625000e-01 7.69167862e+06
2.43675000e-01 7.78904259e+06
2.43725000e-01 7.94538290e+06
2.43775000e-01 8.17280868e+06
2.43825000e-01 8.38534041e+06
2.43875000e-01 8.40907516e+06
2.43925000e-01 8.21374127e+06
2.43975000e-01 7.96015697e+06
2.44025000e-01 7.79388649e+06
2.44075000e-01 7.84462807e+06
2.44125000e-01 8.07544471e+06
2.44175000e-01 8.35191665e+06
2.44225000e-01 8.57667871e+06
2.44275000e-01 8.66665625e+06
2.44325000e-01 8.58297566e+06
2.44375000e-01 8.36172564e+06
2.44425000e-01 8.05582673e+06
2.44475000e-01 7.84487045e+06
2.44525000e-01 7.77729580e+06
2.44575000e-01 7.73333713e+06
2.44625000e-01 7.66455181e+06
2.44675000e-01 7.50724199e+06
2.44725000e-01 7.30863845e+06
2.44775000e-01 7.12565608e+06
2.44825000e-01 6.92826199e+06
2.44875000e-01 6.76768373e+06
2.44925000e-01 6.75533100e+06
2.44975000e-01 6.79032899e+06
2.45025000e-01 6.74200997e+06
2.45075000e-01 6.60734663e+06
2.45125000e-01 6.45512431e+06
2.45175000e-01 6.34988794e+06
2.45225000e-01 6.25203921e+06
2.45275000e-01 6.16315116e+06
2.45325000e-01 6.12621657e+06
2.45375000e-01 6.11652756e+06
2.45425000e-01 6.10042162e+06
2.45475000e-01 6.11434859e+06
2.45525000e-01 6.20093528e+06
2.45575000e-01 6.26681329e+06
2.45625000e-01 6.21813070e+06
2.45675000e-01 6.14571336e+06
2.45725000e-01 6.12803318e+06
2.45775000e-01 6.21365036e+06
2.45825000e-01 6.34891964e+06
2.45875000e-01 6.39881290e+06
2.45925000e-01 6.32857453e+06
2.45975000e-01 6.20008696e+06
2.46025000e-01 6.13263471e+06
2.46075000e-01 6.08104602e+06
2.46125000e-01 5.96818084e+06
2.46175000e-01 5.84611140e+06
2.46225000e-01 5.73009774e+06
2.46275000e-01 5.63588103e+06
2.46325000e-01 5.58647252e+06
2.46375000e-01 5.65804276e+06
2.46425000e-01 5.86233852e+06
2.46475000e-01 6.06615075e+06
2.46525000e-01 6.21050189e+06
2.46575000e-01 6.27129362e+06
2.46625000e-01 6.28376755e+06
2.46675000e-01 6.30944010e+06
2.46725000e-01 6.37229204e+06
2.46775000e-01 6.48830569e+06
2.46825000e-01 6.62018412e+06
2.46875000e-01 6.71960708e+06
2.46925000e-01 6.75702642e+06
2.46975000e-01 6.77543373e+06
2.47025000e-01 6.81261190e+06
2.47075000e-01 6.84773109e+06
2.47125000e-01 6.88866247e+06
2.47175000e-01 6.95914322e+06
2.47225000e-01 7.00298191e+06
2.47275000e-01 6.88466689e+06
2.47325000e-01 6.59378444e+06
2.47375000e-01 6.47970737e+06
2.47425000e-01 6.71972827e+06
2.47475000e-01 7.08181739e+06
2.47525000e-01 7.29822351e+06
2.47575000e-01 7.31917456e+06
2.47625000e-01 7.28066453e+06
2.47675000e-01 7.21490649e+06
2.47725000e-01 7.10591692e+06
2.47775000e-01 7.00068055e+06
2.47825000e-01 6.87643214e+06
2.47875000e-01 6.67915924e+06
2.47925000e-01 6.44507294e+06
2.47975000e-01 6.22648664e+06
2.48025000e-01 6.18083254e+06
2.48075000e-01 6.32772621e+06
2.48125000e-01 6.47389518e+06
2.48175000e-01 6.51143571e+06
2.48225000e-01 6.35291522e+06
2.48275000e-01 5.94965234e+06
2.48325000e-01 5.48874499e+06
2.48375000e-01 5.13319398e+06
2.48425000e-01 4.99974253e+06
2.48475000e-01 5.11696685e+06
2.48525000e-01 5.35286977e+06
2.48575000e-01 5.63660816e+06
2.48625000e-01 5.87578074e+06
2.48675000e-01 5.92179840e+06
2.48725000e-01 5.81026629e+06
2.48775000e-01 5.63757646e+06
2.48825000e-01 5.40022050e+06
2.48875000e-01 5.17146164e+06
2.48925000e-01 5.07906276e+06
2.48975000e-01 5.07300818e+06
2.49025000e-01 5.04660850e+06
2.49075000e-01 4.99695641e+06
2.49125000e-01 4.99562454e+06
2.49175000e-01 5.13234687e+06
2.49225000e-01 5.39525541e+06
2.49275000e-01 5.79258491e+06
2.49325000e-01 6.22951514e+06
2.49375000e-01 6.57428644e+06
2.49425000e-01 6.90573792e+06
2.49475000e-01 7.25680738e+06
2.49525000e-01 7.60969345e+06
2.49575000e-01 7.87272318e+06
2.49625000e-01 7.95240697e+06
2.49675000e-01 7.86497197e+06
2.49725000e-01 7.84014653e+06
2.49775000e-01 7.94635240e+06
2.49825000e-01 8.04105265e+06
2.49875000e-01 8.06551453e+06
2.49925000e-01 8.09494150e+06
2.49975000e-01 8.23735605e+06
2.50025000e-01 8.36669073e+06
2.50075000e-01 8.33786849e+06
2.50125000e-01 8.04298924e+06
2.50175000e-01 7.53884914e+06
2.50225000e-01 7.21987158e+06
2.50275000e-01 7.27121789e+06
2.50325000e-01 7.49501166e+06
2.50375000e-01 7.72679780e+06
2.50425000e-01 7.88834436e+06
2.50475000e-01 7.98013852e+06
2.50525000e-01 7.91656066e+06
2.50575000e-01 7.62047074e+06
2.50625000e-01 7.18148273e+06
2.50675000e-01 6.73777201e+06
2.50725000e-01 6.40523104e+06
2.50775000e-01 6.27032533e+06
2.50825000e-01 6.44882736e+06
2.50875000e-01 6.84942652e+06
2.50925000e-01 7.16973594e+06
2.50975000e-01 7.31445064e+06
2.51025000e-01 7.34956983e+06
2.51075000e-01 7.18148273e+06
2.51125000e-01 6.85148551e+06
2.51175000e-01 6.58579085e+06
2.51225000e-01 6.46590159e+06
2.51275000e-01 6.40462510e+06
2.51325000e-01 6.30750351e+06
2.51375000e-01 6.14026352e+06
2.51425000e-01 5.87578074e+06
2.51475000e-01 5.57109250e+06
2.51525000e-01 5.36255878e+06
2.51575000e-01 5.26822088e+06
2.51625000e-01 5.17909166e+06
2.51675000e-01 5.04769799e+06
2.51725000e-01 4.98448370e+06
2.51775000e-01 5.02662696e+06
2.51825000e-01 5.05980834e+06
2.51875000e-01 5.05835408e+06
2.51925000e-01 5.04503305e+06
2.51975000e-01 5.06598411e+06
2.52025000e-01 5.16129030e+06
2.52075000e-01 5.35286977e+06
2.52125000e-01 5.50812059e+06
2.52175000e-01 5.47929835e+06
2.52225000e-01 5.33833807e+06
2.52275000e-01 5.16904030e+06
2.52325000e-01 4.96886130e+06
2.52375000e-01 4.81893913e+06
2.52425000e-01 4.78055028e+06
2.52475000e-01 4.82002983e+06
2.52525000e-01 4.92974653e+06
2.52575000e-01 5.13864382e+06
2.52625000e-01 5.34863181e+06
2.52675000e-01 5.44696529e+06
2.52725000e-01 5.44466392e+06
2.52775000e-01 5.31423975e+06
2.52825000e-01 5.11297127e+06
2.52875000e-01 4.97200977e+06
2.52925000e-01 4.93919195e+06
2.52975000e-01 5.03837254e+06
2.53025000e-01 5.29353108e+06
2.53075000e-01 5.65150343e+06
2.53125000e-01 6.01020170e+06
2.53175000e-01 6.31113552e+06
2.53225000e-01 6.48879044e+06
2.53275000e-01 6.52390963e+06
2.53325000e-01 6.50247383e+06
2.53375000e-01 6.49254365e+06
2.53425000e-01 6.50102078e+06
2.53475000e-01 6.52294012e+06
2.53525000e-01 6.53250673e+06
2.53575000e-01 6.51216284e+06
2.53625000e-01 6.44374108e+06
2.53675000e-01 6.40402037e+06
2.53725000e-01 6.45318650e+06
2.53775000e-01 6.56762592e+06
2.53825000e-01 6.69708179e+06
2.53875000e-01 6.75920660e+06
2.53925000e-01 6.73740844e+06
2.53975000e-01 6.78839240e+06
2.54025000e-01 6.95611594e+06
2.54075000e-01 7.06728569e+06
2.54125000e-01 6.99474716e+06
2.54175000e-01 6.87352483e+06
2.54225000e-01 6.90549554e+06
2.54275000e-01 7.04040125e+06
2.54325000e-01 7.24506059e+06
2.54375000e-01 7.46437281e+06
2.54425000e-01 7.57275765e+06
2.54475000e-01 7.56040613e+06
2.54525000e-01 7.51717338e+06
2.54575000e-01 7.46243501e+06
2.54625000e-01 7.36749238e+06
2.54675000e-01 7.28381300e+06
2.54725000e-01 7.27824197e+06
2.54775000e-01 7.39159190e+06
2.54825000e-01 7.50312522e+06
2.54875000e-01 7.50251928e+06
2.54925000e-01 7.45516976e+06
2.54975000e-01 7.40430699e+06
2.55025000e-01 7.48810877e+06
2.55075000e-01 7.81798601e+06
2.55125000e-01 8.32890782e+06
2.55175000e-01 8.90425459e+06
2.55225000e-01 9.48541356e+06
2.55275000e-01 9.85271136e+06
2.55325000e-01 9.88201714e+06
2.55375000e-01 9.82425269e+06
2.55425000e-01 9.98398384e+06
2.55475000e-01 1.03207628e+07
2.55525000e-01 1.04663258e+07
2.55575000e-01 1.03463153e+07
2.55625000e-01 1.01863418e+07
2.55675000e-01 1.01802872e+07
2.55725000e-01 1.02397471e+07
2.55775000e-01 1.02662680e+07
2.55825000e-01 1.03581833e+07
2.55875000e-01 1.06757078e+07
2.55925000e-01 1.11355257e+07
2.55975000e-01 1.14978572e+07
2.56025000e-01 1.16431766e+07
2.56075000e-01 1.15458127e+07
2.56125000e-01 1.14080009e+07
2.56175000e-01 1.13033704e+07
2.56225000e-01 1.10967733e+07
2.56275000e-01 1.07436448e+07
2.56325000e-01 1.04476761e+07
2.56375000e-01 1.04428322e+07
2.56425000e-01 1.07501842e+07
2.56475000e-01 1.12354322e+07
2.56525000e-01 1.18886474e+07
2.56575000e-01 1.27363433e+07
2.56625000e-01 1.34796644e+07
2.56675000e-01 1.39363265e+07
2.56725000e-01 1.41768370e+07
2.56775000e-01 1.42206709e+07
2.56825000e-01 1.42625778e+07
2.56875000e-01 1.44207287e+07
2.56925000e-01 1.46585730e+07
2.56975000e-01 1.50136429e+07
2.57025000e-01 1.54533508e+07
2.57075000e-01 1.57511349e+07
2.57125000e-01 1.57979985e+07
2.57175000e-01 1.57258308e+07
2.57225000e-01 1.58138621e+07
2.57275000e-01 1.60239785e+07
2.57325000e-01 1.62212490e+07
2.57375000e-01 1.65124889e+07
2.57425000e-01 1.66781535e+07
2.57475000e-01 1.62774440e+07
2.57525000e-01 1.53832312e+07
2.57575000e-01 1.43185184e+07
2.57625000e-01 1.34433321e+07
2.57675000e-01 1.31359741e+07
2.57725000e-01 1.33629236e+07
2.57775000e-01 1.38612503e+07
2.57825000e-01 1.45023491e+07
2.57875000e-01 1.52629881e+07
2.57925000e-01 1.60001165e+07
2.57975000e-01 1.66616840e+07
2.58025000e-01 1.72800235e+07
2.58075000e-01 1.78384233e+07
2.58125000e-01 1.83977805e+07
2.58175000e-01 1.88560302e+07
2.58225000e-01 1.88218793e+07
2.58275000e-01 1.78774096e+07
2.58325000e-01 1.64854882e+07
2.58375000e-01 1.57432698e+07
2.58425000e-01 1.55985466e+07
2.58475000e-01 1.53105788e+07
2.58525000e-01 1.44312721e+07
2.58575000e-01 1.34182583e+07
2.58625000e-01 1.28724621e+07
2.58675000e-01 1.27212068e+07
2.58725000e-01 1.31187775e+07
2.58775000e-01 1.39845232e+07
2.58825000e-01 1.48025570e+07
2.58875000e-01 1.53894118e+07
2.58925000e-01 1.61313878e+07
2.58975000e-01 1.72883855e+07
2.59025000e-01 1.80423470e+07
2.59075000e-01 1.78559835e+07
2.59125000e-01 1.69732836e+07
2.59175000e-01 1.57288605e+07
2.59225000e-01 1.47493916e+07
2.59275000e-01 1.43536388e+07
2.59325000e-01 1.40910963e+07
2.59375000e-01 1.34168161e+07
2.59425000e-01 1.25709211e+07
2.59475000e-01 1.23201217e+07
2.59525000e-01 1.27193890e+07
2.59575000e-01 1.32070632e+07
2.59625000e-01 1.33561371e+07
2.59675000e-01 1.30833056e+07
2.59725000e-01 1.26423738e+07
2.59775000e-01 1.20457136e+07
2.59825000e-01 1.11092460e+07
2.59875000e-01 1.00947900e+07
2.59925000e-01 9.35547415e+06
2.59975000e-01 8.94688140e+06
2.60025000e-01 8.89383966e+06
2.60075000e-01 9.34905480e+06
2.60125000e-01 1.01449257e+07
2.60175000e-01 1.09426132e+07
2.60225000e-01 1.17614917e+07
2.60275000e-01 1.23989669e+07
2.60325000e-01 1.26466154e+07
2.60375000e-01 1.26159789e+07
2.60425000e-01 1.24297245e+07
2.60475000e-01 1.20947598e+07
2.60525000e-01 1.16183512e+07
2.60575000e-01 1.10440951e+07
2.60625000e-01 1.04054117e+07
2.60675000e-01 9.79833655e+06
2.60725000e-01 9.37981484e+06
2.60775000e-01 9.28366154e+06
2.60825000e-01 9.51217681e+06
2.60875000e-01 1.00049337e+07
2.60925000e-01 1.05929968e+07
2.60975000e-01 1.10173319e+07
2.61025000e-01 1.11816646e+07
2.61075000e-01 1.11139699e+07
2.61125000e-01 1.07633840e+07
2.61175000e-01 1.01009658e+07
2.61225000e-01 9.48347697e+06
2.61275000e-01 9.18871891e+06
2.61325000e-01 9.24200302e+06
2.61375000e-01 9.48008612e+06
2.61425000e-01 9.67614713e+06
2.61475000e-01 9.98701113e+06
2.61525000e-01 1.05646593e+07
2.61575000e-01 1.13950434e+07
2.61625000e-01 1.22117429e+07
2.61675000e-01 1.26257831e+07
2.61725000e-01 1.26471001e+07
2.61775000e-01 1.23306651e+07
2.61825000e-01 1.18026666e+07
2.61875000e-01 1.16459628e+07
2.61925000e-01 1.20660587e+07
2.61975000e-01 1.27557213e+07
2.62025000e-01 1.34548329e+07
2.62075000e-01 1.37345721e+07
2.62125000e-01 1.35551042e+07
2.62175000e-01 1.33673955e+07
2.62225000e-01 1.33239252e+07
2.62275000e-01 1.36295866e+07
2.62325000e-01 1.41338394e+07
2.62375000e-01 1.43775008e+07
2.62425000e-01 1.44009871e+07
2.62475000e-01 1.43854871e+07
2.62525000e-01 1.40622777e+07
2.62575000e-01 1.33343353e+07
2.62625000e-01 1.26051932e+07
2.62675000e-01 1.22405615e+07
2.62725000e-01 1.23094692e+07
2.62775000e-01 1.24435279e+07
2.62825000e-01 1.23424083e+07
2.62875000e-01 1.21039628e+07
2.62925000e-01 1.21129247e+07
2.62975000e-01 1.23610591e+07
2.63025000e-01 1.24903914e+07
2.63075000e-01 1.23398633e+07
2.63125000e-01 1.20942750e+07
2.63175000e-01 1.20423227e+07
2.63225000e-01 1.24400134e+07
2.63275000e-01 1.32276531e+07
2.63325000e-01 1.43527905e+07
2.63375000e-01 1.57707553e+07
2.63425000e-01 1.73376729e+07
2.63475000e-01 1.87780333e+07
2.63525000e-01 1.99851667e+07
2.63575000e-01 2.09127912e+07
2.63625000e-01 2.17602496e+07
2.63675000e-01 2.29099760e+07
2.63725000e-01 2.43088053e+07
2.63775000e-01 2.58495582e+07
2.63825000e-01 2.76113224e+07
2.63875000e-01 2.92760875e+07
2.63925000e-01 3.03738605e+07
2.63975000e-01 3.06567505e+07
2.64025000e-01 3.01624231e+07
2.64075000e-01 2.96912183e+07
2.64125000e-01 2.96523532e+07
2.64175000e-01 2.99943348e+07
2.64225000e-01 3.07605363e+07
2.64275000e-01 3.23230910e+07
2.64325000e-01 3.43463071e+07
2.64375000e-01 3.56973033e+07
2.64425000e-01 3.56379694e+07
2.64475000e-01 3.43388055e+07
2.64525000e-01 3.29977468e+07
2.64575000e-01 3.21659097e+07
2.64625000e-01 3.14378461e+07
2.64675000e-01 3.06382208e+07
2.64725000e-01 2.99971221e+07
2.64775000e-01 2.94826895e+07
2.64825000e-01 2.88241396e+07
2.64875000e-01 2.78789549e+07
2.64925000e-01 2.71679789e+07
2.64975000e-01 2.73169316e+07
2.65025000e-01 2.79189228e+07
2.65075000e-01 2.83340537e+07
2.65125000e-01 2.85584461e+07
2.65175000e-01 2.87994414e+07
2.65225000e-01 2.91389992e+07
2.65275000e-01 2.97466863e+07
2.65325000e-01 3.05240250e+07
2.65375000e-01 3.11659842e+07
2.65425000e-01 3.17356303e+07
2.65475000e-01 3.26338302e+07
2.65525000e-01 3.39086594e+07
2.65575000e-01 3.47526033e+07
2.65625000e-01 3.45174251e+07
2.65675000e-01 3.38650559e+07
2.65725000e-01 3.37724194e+07
2.65775000e-01 3.40045679e+07
2.65825000e-01 3.37171939e+07
2.65875000e-01 3.30947460e+07
2.65925000e-01 3.27980526e+07
2.65975000e-01 3.31704282e+07
2.66025000e-01 3.37016939e+07
2.66075000e-01 3.37130856e+07
2.66125000e-01 3.32680333e+07
2.66175000e-01 3.23884843e+07
2.66225000e-01 3.13505420e+07
2.66275000e-01 3.09389135e+07
2.66325000e-01 3.09306848e+07
2.66375000e-01 3.05629022e+07
2.66425000e-01 2.97718692e+07
2.66475000e-01 2.96918243e+07
2.66525000e-01 3.07441880e+07
2.66575000e-01 3.15650091e+07
2.66625000e-01 3.14021198e+07
2.66675000e-01 3.03836767e+07
2.66725000e-01 2.97917320e+07
2.66775000e-01 3.03613902e+07
2.66825000e-01 3.13305580e+07
2.66875000e-01 3.16847675e+07
2.66925000e-01 3.11918943e+07
2.66975000e-01 3.04936310e+07
2.67025000e-01 3.00622730e+07
2.67075000e-01 3.03144054e+07
2.67125000e-01 3.13588919e+07
2.67175000e-01 3.21798342e+07
2.67225000e-01 3.20280942e+07
2.67275000e-01 3.07768846e+07
2.67325000e-01 2.91140586e+07
2.67375000e-01 2.87955633e+07
2.67425000e-01 2.99173195e+07
2.67475000e-01 3.18641263e+07
2.67525000e-01 3.39429315e+07
2.67575000e-01 3.48209051e+07
2.67625000e-01 3.46962871e+07
2.67675000e-01 3.42810350e+07
2.67725000e-01 3.34699090e+07
2.67775000e-01 3.21912138e+07
2.67825000e-01 3.11008333e+07
2.67875000e-01 3.03679343e+07
2.67925000e-01 2.97027312e+07
2.67975000e-01 2.92994647e+07
2.68025000e-01 2.94858403e+07
2.68075000e-01 3.01052585e+07
2.68125000e-01 3.07352321e+07
2.68175000e-01 3.12684247e+07
2.68225000e-01 3.16250701e+07
2.68275000e-01 3.17042667e+07
2.68325000e-01 3.15865564e+07
2.68375000e-01 3.12721816e+07
2.68425000e-01 3.08258084e+07
2.68475000e-01 3.04736470e+07
2.68525000e-01 3.03093155e+07
2.68575000e-01 3.05090098e+07
2.68625000e-01 3.11524111e+07
2.68675000e-01 3.18218558e+07
2.68725000e-01 3.19857025e+07
2.68775000e-01 3.17154160e+07
2.68825000e-01 3.11173028e+07
2.68875000e-01 3.03326928e+07
2.68925000e-01 2.96523532e+07
2.68975000e-01 2.90260152e+07
2.69025000e-01 2.83474935e+07
2.69075000e-01 2.79525890e+07
2.69125000e-01 2.81779509e+07
2.69175000e-01 2.87773972e+07
2.69225000e-01 2.95838091e+07
2.69275000e-01 3.02804969e+07
2.69325000e-01 3.05161599e+07
2.69375000e-01 3.06158252e+07
2.69425000e-01 3.07881430e+07
2.69475000e-01 3.08744897e+07
2.69525000e-01 3.01460747e+07
2.69575000e-01 2.88358948e+07
2.69625000e-01 2.78616371e+07
2.69675000e-01 2.76020030e+07
2.69725000e-01 2.82967519e+07
2.69775000e-01 2.94720249e+07
2.69825000e-01 3.03124664e+07
2.69875000e-01 3.06410082e+07
2.69925000e-01 3.07188838e+07
2.69975000e-01 3.13551350e+07
2.70025000e-01 3.32032460e+07
2.70075000e-01 3.52339758e+07
2.70125000e-01 3.61356902e+07
2.70175000e-01 3.52030970e+07
2.70225000e-01 3.35036963e+07
2.70275000e-01 3.29208407e+07
2.70325000e-01 3.36954042e+07
2.70375000e-01 3.46910881e+07
2.70425000e-01 3.50078867e+07
2.70475000e-01 3.53195954e+07
2.70525000e-01 3.60446171e+07
2.70575000e-01 3.63026878e+07
2.70625000e-01 3.53034894e+07
2.70675000e-01 3.36736024e+07
2.70725000e-01 3.26590253e+07
2.70775000e-01 3.24163334e+07
2.70825000e-01 3.25913294e+07
2.70875000e-01 3.24707106e+07
2.70925000e-01 3.20185203e+07
2.70975000e-01 3.18653382e+07
2.71025000e-01 3.20908213e+07
2.71075000e-01 3.22191841e+07
2.71125000e-01 3.19273382e+07
2.71175000e-01 3.14848309e+07
2.71225000e-01 3.12518341e+07
2.71275000e-01 3.18345685e+07
2.71325000e-01 3.28443102e+07
2.71375000e-01 3.28360694e+07
2.71425000e-01 3.13060901e+07
2.71475000e-01 2.88237760e+07
2.71525000e-01 2.70057076e+07
2.71575000e-01 2.67046514e+07
2.71625000e-01 2.70526924e+07
2.71675000e-01 2.75953377e+07
2.71725000e-01 2.79546492e+07
2.71775000e-01 2.76488666e+07
2.71825000e-01 2.65128223e+07
2.71875000e-01 2.47481496e+07
2.71925000e-01 2.23949375e+07
2.71975000e-01 2.05410095e+07
2.72025000e-01 2.00803481e+07
2.72075000e-01 2.01741964e+07
2.72125000e-01 2.04110713e+07
2.72175000e-01 2.12730601e+07
2.72225000e-01 2.25635105e+07
2.72275000e-01 2.35426037e+07
2.72325000e-01 2.39762643e+07
2.72375000e-01 2.38767201e+07
2.72425000e-01 2.35601639e+07
2.72475000e-01 2.35613758e+07
2.72525000e-01 2.40237338e+07
2.72575000e-01 2.46465573e+07
2.72625000e-01 2.51968254e+07
2.72675000e-01 2.55030927e+07
2.72725000e-01 2.56051818e+07
2.72775000e-01 2.55366376e+07
2.72825000e-01 2.56171673e+07
2.72875000e-01 2.65913039e+07
2.72925000e-01 2.84153105e+07
2.72975000e-01 3.02929672e+07
2.73025000e-01 3.16931295e+07
2.73075000e-01 3.17739016e+07
2.73125000e-01 3.05966896e+07
2.73175000e-01 2.94084494e+07
2.73225000e-01 2.88960770e+07
2.73275000e-01 2.87162455e+07
2.73325000e-01 2.80966941e+07
2.73375000e-01 2.69157253e+07
2.73425000e-01 2.55472901e+07
2.73475000e-01 2.47622074e+07
2.73525000e-01 2.45981062e+07
2.73575000e-01 2.44473357e+07
2.73625000e-01 2.41379296e+07
2.73675000e-01 2.36030283e+07
2.73725000e-01 2.24494359e+07
2.73775000e-01 2.08724597e+07
2.73825000e-01 1.98393529e+07
2.73875000e-01 1.98534107e+07
2.73925000e-01 1.99002743e+07
2.73975000e-01 1.91179668e+07
2.74025000e-01 1.80821938e+07
2.74075000e-01 1.75762443e+07
2.74125000e-01 1.77841673e+07
2.74175000e-01 1.80049362e+07
2.74225000e-01 1.76526536e+07
2.74275000e-01 1.68197258e+07
2.74325000e-01 1.57693011e+07
2.74375000e-01 1.51159623e+07
2.74425000e-01 1.52331878e+07
2.74475000e-01 1.57535587e+07
2.74525000e-01 1.64071399e+07
2.74575000e-01 1.72061592e+07
2.74625000e-01 1.75877451e+07
2.74675000e-01 1.71206608e+07
2.74725000e-01 1.62690820e+07
2.74775000e-01 1.56237417e+07
2.74825000e-01 1.59881310e+07
2.74875000e-01 1.67222418e+07
2.74925000e-01 1.67514240e+07
2.74975000e-01 1.61574312e+07
2.75025000e-01 1.56122409e+07
2.75075000e-01 1.59301181e+07
2.75125000e-01 1.72608879e+07
2.75175000e-01 1.90794531e+07
2.75225000e-01 2.10627134e+07
2.75275000e-01 2.28070386e+07
2.75325000e-01 2.37431463e+07
2.75375000e-01 2.37127522e+07
2.75425000e-01 2.29014929e+07
2.75475000e-01 2.20290939e+07
2.75525000e-01 2.13487544e+07
2.75575000e-01 2.06347487e+07
2.75625000e-01 1.99104420e+07
2.75675000e-01 1.97354581e+07
2.75725000e-01 2.05842495e+07
2.75775000e-01 2.21485009e+07
2.75825000e-01 2.43507001e+07
2.75875000e-01 2.72999773e+07
2.75925000e-01 3.00758340e+07
2.75975000e-01 3.12473622e+07
2.76025000e-01 3.09932907e+07
2.76075000e-01 3.04976302e+07
2.76125000e-01 3.02639062e+07
2.76175000e-01 2.98102617e+07
2.76225000e-01 2.87448218e+07
2.76275000e-01 2.78147735e+07
2.76325000e-01 2.78073931e+07
2.76375000e-01 2.89304703e+07
2.76425000e-01 3.03873003e+07
2.76475000e-01 3.16615236e+07
2.76525000e-01 3.28271136e+07
2.76575000e-01 3.36980582e+07
2.76625000e-01 3.36782076e+07
2.76675000e-01 3.28760373e+07
2.76725000e-01 3.20399586e+07
2.76775000e-01 3.14468141e+07
2.76825000e-01 3.11179088e+07
2.76875000e-01 3.07353533e+07
2.76925000e-01 3.02855868e+07
2.76975000e-01 3.01328773e+07
2.77025000e-01 3.06010524e+07
2.77075000e-01 3.15358148e+07
2.77125000e-01 3.23167892e+07
2.77175000e-01 3.26866320e+07
2.77225000e-01 3.23121962e+07
2.77275000e-01 3.15639184e+07
2.77325000e-01 3.14494802e+07
2.77375000e-01 3.19548237e+07
2.77425000e-01 3.25218158e+07
2.77475000e-01 3.24988142e+07
2.77525000e-01 3.18165356e+07
2.77575000e-01 3.09757305e+07
2.77625000e-01 3.00511358e+07
2.77675000e-01 2.89287736e+07
2.77725000e-01 2.79479838e+07
2.77775000e-01 2.73880207e+07
2.77825000e-01 2.66932597e+07
2.77875000e-01 2.55010325e+07
2.77925000e-01 2.43778342e+07
2.77975000e-01 2.37007546e+07
2.78025000e-01 2.31538677e+07
2.78075000e-01 2.27056766e+07
2.78125000e-01 2.23946951e+07
2.78175000e-01 2.21299711e+07
2.78225000e-01 2.19455345e+07
2.78275000e-01 2.18585818e+07
2.78325000e-01 2.16048739e+07
2.78375000e-01 2.10812431e+07
2.78425000e-01 2.06892350e+07
2.78475000e-01 2.05626901e+07
2.78525000e-01 2.06182792e+07
2.78575000e-01 2.05899332e+07
2.78625000e-01 2.03560881e+07
2.78675000e-01 2.00523778e+07
2.78725000e-01 1.96192020e+07
2.78775000e-01 1.89196056e+07
2.78825000e-01 1.80059057e+07
2.78875000e-01 1.71439047e+07
2.78925000e-01 1.64877907e+07
2.78975000e-01 1.59280700e+07
2.79025000e-01 1.52663692e+07
2.79075000e-01 1.45782857e+07
2.79125000e-01 1.39405681e+07
2.79175000e-01 1.33355472e+07
2.79225000e-01 1.26835536e+07
2.79275000e-01 1.20798645e+07
2.79325000e-01 1.15443596e+07
2.79375000e-01 1.10118820e+07
2.79425000e-01 1.04984177e+07
2.79475000e-01 1.00528891e+07
2.79525000e-01 1.00331500e+07
2.79575000e-01 1.04321749e+07
2.79625000e-01 1.08061332e+07
2.79675000e-01 1.04734711e+07
2.79725000e-01 9.66149424e+06
2.79775000e-01 9.10988222e+06
2.79825000e-01 8.89492915e+06
2.79875000e-01 8.90861374e+06
2.79925000e-01 9.06761898e+06
2.79975000e-01 9.27712221e+06
2.80025000e-01 9.46058812e+06
2.80075000e-01 9.53022055e+06
2.80125000e-01 9.46579558e+06
2.80175000e-01 9.38889670e+06
2.80225000e-01 9.43866998e+06
2.80275000e-01 9.87668848e+06
2.80325000e-01 1.04672941e+07
2.80375000e-01 1.06912090e+07
2.80425000e-01 1.06061966e+07
2.80475000e-01 1.06293266e+07
2.80525000e-01 1.10130927e+07
2.80575000e-01 1.16736943e+07
2.80625000e-01 1.23943617e+07
2.80675000e-01 1.31117607e+07
2.80725000e-01 1.38484165e+07
2.80775000e-01 1.46494839e+07
2.80825000e-01 1.55192288e+07
2.80875000e-01 1.64352313e+07
2.80925000e-01 1.74203839e+07
2.80975000e-01 1.84463407e+07
2.81025000e-01 1.93560535e+07
2.81075000e-01 2.00075624e+07
2.81125000e-01 2.04807061e+07
2.81175000e-01 2.09436700e+07
2.81225000e-01 2.14738450e+07
2.81275000e-01 2.21342127e+07
2.81325000e-01 2.28345241e+07
2.81375000e-01 2.36220427e+07
2.81425000e-01 2.49296898e+07
2.81475000e-01 2.66226675e+07
2.81525000e-01 2.80240416e+07
2.81575000e-01 2.89138796e+07
2.81625000e-01 2.92777841e+07
2.81675000e-01 2.93849631e+07
2.81725000e-01 2.95488098e+07
2.81775000e-01 2.98636694e+07
2.81825000e-01 3.03630868e+07
2.81875000e-01 3.12773927e+07
2.81925000e-01 3.22896673e+07
2.81975000e-01 3.30602316e+07
2.82025000e-01 3.37931305e+07
2.82075000e-01 3.45308649e+07
2.82125000e-01 3.49887510e+07
2.82175000e-01 3.51017350e+07
2.82225000e-01 3.51846885e+07
2.82275000e-01 3.53715488e+07
2.82325000e-01 3.56482583e+07
2.82375000e-01 3.62942046e+07
2.82425000e-01 3.73561422e+07
2.82475000e-01 3.83593276e+07
2.82525000e-01 3.84866118e+07
2.82575000e-01 3.77351831e+07
2.82625000e-01 3.68701646e+07
2.82675000e-01 3.65067448e+07
2.82725000e-01 3.71461469e+07
2.82775000e-01 3.79640595e+07
2.82825000e-01 3.82934496e+07
2.82875000e-01 3.85968084e+07
2.82925000e-01 3.92684345e+07
2.82975000e-01 4.02233022e+07
2.83025000e-01 4.10242605e+07
2.83075000e-01 4.13231354e+07
2.83125000e-01 4.12353344e+07
2.83175000e-01 4.12252878e+07
2.83225000e-01 4.10900173e+07
2.83275000e-01 4.06228118e+07
2.83325000e-01 4.03066192e+07
2.83375000e-01 4.05691617e+07
2.83425000e-01 4.07241738e+07
2.83475000e-01 4.00850141e+07
2.83525000e-01 3.90251367e+07
2.83575000e-01 3.76533204e+07
2.83625000e-01 3.64627777e+07
2.83675000e-01 3.66280786e+07
2.83725000e-01 3.80522241e+07
2.83775000e-01 3.97811705e+07
2.83825000e-01 4.07884764e+07
2.83875000e-01 4.06760984e+07
2.83925000e-01 4.02338455e+07
2.83975000e-01 3.96965204e+07
2.84025000e-01 3.89011367e+07
2.84075000e-01 3.77871366e+07
2.84125000e-01 3.67363484e+07
2.84175000e-01 3.62449173e+07
2.84225000e-01 3.63432495e+07
2.84275000e-01 3.62657496e+07
2.84325000e-01 3.50822358e+07
2.84375000e-01 3.31172628e+07
2.84425000e-01 3.14359071e+07
2.84475000e-01 3.10330163e+07
2.84525000e-01 3.14776929e+07
2.84575000e-01 3.14475412e+07
2.84625000e-01 3.03994191e+07
2.84675000e-01 2.86129446e+07
2.84725000e-01 2.68892092e+07
2.84775000e-01 2.54717291e+07
2.84825000e-01 2.40690219e+07
2.84875000e-01 2.25021044e+07
2.84925000e-01 2.08682303e+07
2.84975000e-01 1.94994315e+07
2.85025000e-01 1.82835847e+07
2.85075000e-01 1.71018887e+07
2.85125000e-01 1.59878886e+07
2.85175000e-01 1.49209944e+07
2.85225000e-01 1.41010216e+07
2.85275000e-01 1.35874373e+07
2.85325000e-01 1.35138153e+07
2.85375000e-01 1.39980963e+07
2.85425000e-01 1.49167528e+07
2.85475000e-01 1.60844030e+07
2.85525000e-01 1.72785693e+07
2.85575000e-01 1.86379274e+07
2.85625000e-01 2.00239107e+07
2.85675000e-01 2.13614670e+07
2.85725000e-01 2.27714335e+07
2.85775000e-01 2.43395629e+07
2.85825000e-01 2.59836168e+07
2.85875000e-01 2.75229276e+07
2.85925000e-01 2.89510602e+07
2.85975000e-01 3.07045836e+07
2.86025000e-01 3.29987042e+07
2.86075000e-01 3.50752190e+07
2.86125000e-01 3.62842793e+07
2.86175000e-01 3.69727384e+07
2.86225000e-01 3.78078356e+07
2.86275000e-01 3.86756415e+07
2.86325000e-01 3.92968896e+07
2.86375000e-01 4.00245774e+07
2.86425000e-01 4.09463970e+07
2.86475000e-01 4.21655038e+07
2.86525000e-01 4.30204758e+07
2.86575000e-01 4.31476267e+07
2.86625000e-01 4.33439398e+07
2.86675000e-01 4.37550714e+07
2.86725000e-01 4.34543788e+07
2.86775000e-01 4.25228763e+07
2.86825000e-01 4.18803233e+07
2.86875000e-01 4.18042654e+07
2.86925000e-01 4.16789324e+07
2.86975000e-01 4.14924355e+07
2.87025000e-01 4.20292759e+07
2.87075000e-01 4.37036027e+07
2.87125000e-01 4.60898871e+07
2.87175000e-01 4.81260582e+07
2.87225000e-01 4.90573184e+07
2.87275000e-01 4.90448481e+07
2.87325000e-01 4.82958432e+07
2.87375000e-01 4.69564690e+07
2.87425000e-01 4.53677618e+07
2.87475000e-01 4.42079888e+07
2.87525000e-01 4.38380249e+07
2.87575000e-01 4.36006653e+07
2.87625000e-01 4.28967182e+07
2.87675000e-01 4.17852510e+07
2.87725000e-01 4.10470318e+07
2.87775000e-01 4.10168802e+07
2.87825000e-01 4.12146354e+07
2.87875000e-01 4.06819154e+07
2.87925000e-01 3.91268622e+07
2.87975000e-01 3.70478147e+07
2.88025000e-01 3.50299187e+07
2.88075000e-01 3.33793328e+07
2.88125000e-01 3.18693253e+07
2.88175000e-01 3.02635427e+07
2.88225000e-01 2.91236203e+07
2.88275000e-01 2.93701903e+07
2.88325000e-01 3.10288959e+07
2.88375000e-01 3.35424523e+07
2.88425000e-01 3.64429149e+07
2.88475000e-01 3.94675228e+07
2.88525000e-01 4.24718923e+07
2.88575000e-01 4.49854488e+07
2.88625000e-01 4.64060798e+07
2.88675000e-01 4.68229073e+07
2.88725000e-01 4.68763029e+07
2.88775000e-01 4.71405421e+07
2.88825000e-01 4.74460823e+07
2.88875000e-01 4.77344258e+07
2.88925000e-01 4.83201899e+07
2.88975000e-01 4.89251988e+07
2.89025000e-01 4.92711795e+07
2.89075000e-01 4.97911868e+07
2.89125000e-01 5.06276292e+07
2.89175000e-01 5.13292858e+07
2.89225000e-01 5.20300940e+07
2.89275000e-01 5.28655547e+07
2.89325000e-01 5.33600155e+07
2.89375000e-01 5.37805878e+07
2.89425000e-01 5.45524851e+07
2.89475000e-01 5.56363336e+07
2.89525000e-01 5.68483024e+07
2.89575000e-01 5.87868684e+07
2.89625000e-01 6.15481945e+07
2.89675000e-01 6.37074204e+07
2.89725000e-01 6.46510296e+07
2.89775000e-01 6.51544462e+07
2.89825000e-01 6.56690000e+07
2.89875000e-01 6.65364423e+07
2.89925000e-01 6.78274866e+07
2.89975000e-01 6.97015076e+07
2.90025000e-01 7.21190344e+07
2.90075000e-01 7.45464865e+07
2.90125000e-01 7.62673254e+07
2.90175000e-01 7.58778623e+07
2.90225000e-01 7.40170386e+07
2.90275000e-01 7.29895064e+07
2.90325000e-01 7.41508549e+07
2.90375000e-01 7.65418535e+07
2.90425000e-01 7.82594203e+07
2.90475000e-01 7.88095793e+07
2.90525000e-01 7.89025793e+07
2.90575000e-01 7.85947486e+07
2.90625000e-01 7.74960061e+07
2.90675000e-01 7.62805228e+07
2.90725000e-01 7.55069288e+07
2.90775000e-01 7.52549297e+07
2.90825000e-01 7.48395443e+07
2.90875000e-01 7.39228268e+07
2.90925000e-01 7.33980931e+07
2.90975000e-01 7.33523203e+07
2.91025000e-01 7.32726389e+07
2.91075000e-01 7.30461741e+07
2.91125000e-01 7.28860843e+07
2.91175000e-01 7.29846589e+07
2.91225000e-01 7.33202296e+07
2.91275000e-01 7.43931711e+07
2.91325000e-01 7.66740943e+07
2.91375000e-01 7.84287205e+07
2.91425000e-01 7.79768938e+07
2.91475000e-01 7.57088045e+07
2.91525000e-01 7.31939149e+07
2.91575000e-01 7.14348168e+07
2.91625000e-01 7.03991650e+07
2.91675000e-01 7.01828801e+07
2.91725000e-01 7.05619332e+07
2.91775000e-01 7.03211803e+07
2.91825000e-01 6.91898623e+07
2.91875000e-01 6.83299337e+07
2.91925000e-01 6.83832202e+07
2.91975000e-01 6.90940750e+07
2.92025000e-01 6.95914322e+07
2.92075000e-01 6.93011496e+07
2.92125000e-01 6.89175035e+07
2.92175000e-01 6.90917724e+07
2.92225000e-01 6.91948311e+07
2.92275000e-01 6.89006705e+07
2.92325000e-01 6.80174979e+07
2.92375000e-01 6.62045073e+07
2.92425000e-01 6.38264516e+07
2.92475000e-01 6.23991674e+07
2.92525000e-01 6.24502725e+07
2.92575000e-01 6.25888151e+07
2.92625000e-01 6.16368439e+07
2.92675000e-01 6.03862402e+07
2.92725000e-01 6.00879713e+07
2.92775000e-01 6.10943197e+07
2.92825000e-01 6.23512131e+07
2.92875000e-01 6.17165252e+07
2.92925000e-01 6.00699263e+07
2.92975000e-01 5.99632442e+07
2.93025000e-01 6.32241089e+07
2.93075000e-01 6.81032266e+07
2.93125000e-01 7.11571379e+07
2.93175000e-01 7.19158257e+07
2.93225000e-01 7.24015609e+07
2.93275000e-01 7.28733716e+07
2.93325000e-01 7.19246725e+07
2.93375000e-01 7.05906306e+07
2.93425000e-01 7.02419837e+07
2.93475000e-01 7.13611949e+07
2.93525000e-01 7.31125369e+07
2.93575000e-01 7.34202585e+07
2.93625000e-01 7.12657590e+07
2.93675000e-01 6.64201863e+07
2.93725000e-01 6.07109160e+07
2.93775000e-01 5.81127094e+07
2.93825000e-01 5.88970771e+07
2.93875000e-01 6.03596030e+07
2.93925000e-01 6.11878045e+07
2.93975000e-01 6.18249161e+07
2.94025000e-01 6.30601410e+07
2.94075000e-01 6.39842510e+07
2.94125000e-01 6.35883770e+07
2.94175000e-01 6.22945454e+07
2.94225000e-01 6.21591537e+07
2.94275000e-01 6.38492229e+07
2.94325000e-01 6.60435570e+07
2.94375000e-01 6.72201631e+07
2.94425000e-01 6.59296036e+07
2.94475000e-01 6.42191868e+07
2.94525000e-01 6.42266884e+07
2.94575000e-01 6.62510073e+07
2.94625000e-01 6.88940172e+07
2.94675000e-01 6.93416023e+07
2.94725000e-01 6.68406373e+07
2.94775000e-01 6.21654434e+07
2.94825000e-01 5.70023450e+07
2.94875000e-01 5.45414691e+07
2.94925000e-01 5.50550534e+07
2.94975000e-01 5.68107582e+07
2.95025000e-01 5.97629440e+07
2.95075000e-01 6.35964845e+07
2.95125000e-01 6.70637088e+07
2.95175000e-01 6.93895566e+07
2.95225000e-01 7.13879533e+07
2.95275000e-01 7.26681027e+07
2.95325000e-01 7.16915545e+07
2.95375000e-01 6.86789442e+07
2.95425000e-01 6.54390329e+07
2.95475000e-01 6.46306821e+07
2.95525000e-01 6.73680371e+07
2.95575000e-01 7.04754652e+07
2.95625000e-01 7.15348457e+07
2.95675000e-01 7.03937237e+07
2.95725000e-01 6.83154032e+07
2.95775000e-01 6.74254320e+07
2.95825000e-01 6.85714016e+07
2.95875000e-01 7.15258899e+07
2.95925000e-01 7.39954792e+07
2.95975000e-01 7.39109503e+07
2.96025000e-01 7.20658691e+07
2.96075000e-01 7.05173601e+07
2.96125000e-01 7.01029563e+07
2.96175000e-01 7.07134187e+07
2.96225000e-01 7.19711724e+07
2.96275000e-01 7.35206510e+07
2.96325000e-01 7.46402136e+07
2.96375000e-01 7.41630828e+07
2.96425000e-01 7.17576748e+07
2.96475000e-01 6.77096551e+07
2.96525000e-01 6.27180262e+07
2.96575000e-01 5.77505016e+07
2.96625000e-01 5.40867339e+07
2.96675000e-01 5.18395980e+07
2.96725000e-01 5.05112520e+07
2.96775000e-01 5.11877135e+07
2.96825000e-01 5.41289923e+07
2.96875000e-01 5.66088826e+07
2.96925000e-01 5.68899549e+07
2.96975000e-01 5.53313993e+07
2.97025000e-01 5.31179296e+07
2.97075000e-01 5.26788277e+07
2.97125000e-01 5.48530566e+07
2.97175000e-01 5.80705601e+07
2.97225000e-01 5.98079897e+07
2.97275000e-01 5.86505193e+07
2.97325000e-01 5.65390054e+07
2.97375000e-01 5.58665431e+07
2.97425000e-01 5.82935104e+07
2.97475000e-01 6.32518368e+07
2.97525000e-01 6.74039937e+07
2.97575000e-01 6.94553134e+07
2.97625000e-01 6.99532765e+07
2.97675000e-01 7.08208400e+07
2.97725000e-01 7.36276967e+07
2.97775000e-01 7.68475149e+07
2.97825000e-01 7.82826764e+07
2.97875000e-01 7.69561361e+07
2.97925000e-01 7.30966733e+07
2.97975000e-01 6.94503447e+07
2.98025000e-01 6.72712682e+07
2.98075000e-01 6.54556236e+07
2.98125000e-01 6.27537525e+07
2.98175000e-01 5.90885306e+07
2.98225000e-01 5.60457686e+07
2.98275000e-01 5.49562364e+07
2.98325000e-01 5.45476376e+07
2.98375000e-01 5.25631655e+07
2.98425000e-01 5.00168033e+07
2.98475000e-01 4.86544154e+07
2.98525000e-01 4.84801586e+07
2.98575000e-01 4.89500303e+07
2.98625000e-01 4.98534292e+07
2.98675000e-01 5.15240113e+07
2.98725000e-01 5.31966415e+07
2.98775000e-01 5.39968727e+07
2.98825000e-01 5.50215085e+07
2.98875000e-01 5.72122069e+07
2.98925000e-01 6.01493653e+07
2.98975000e-01 6.34480166e+07
2.99025000e-01 6.69464833e+07
2.99075000e-01 6.95119932e+07
2.99125000e-01 7.03896032e+07
2.99175000e-01 6.96208568e+07
2.99225000e-01 6.76172611e+07
2.99275000e-01 6.59507994e+07
2.99325000e-01 6.48245593e+07
2.99375000e-01 6.33562285e+07
2.99425000e-01 6.02554536e+07
2.99475000e-01 5.62033256e+07
2.99525000e-01 5.42542163e+07
2.99575000e-01 5.54738199e+07
2.99625000e-01 5.90491807e+07
2.99675000e-01 6.28786008e+07
2.99725000e-01 6.53172022e+07
2.99775000e-01 6.67510306e+07
2.99825000e-01 6.68017722e+07
2.99875000e-01 6.44305031e+07
2.99925000e-01 5.98985781e+07
2.99975000e-01 5.51446601e+07
3.00025000e-01 5.21447746e+07
3.00075000e-01 4.91732108e+07
3.00125000e-01 4.71920108e+07
3.00175000e-01 4.62838855e+07
3.00225000e-01 4.62079489e+07
3.00275000e-01 4.60701455e+07
3.00325000e-01 4.55294271e+07
3.00375000e-01 4.57729673e+07
3.00425000e-01 4.74916127e+07
3.00475000e-01 5.11666388e+07
3.00525000e-01 5.51268576e+07
3.00575000e-01 5.70150576e+07
3.00625000e-01 5.72973418e+07
3.00675000e-01 5.65311402e+07
3.00725000e-01 5.47845124e+07
3.00775000e-01 5.28524785e+07
3.00825000e-01 5.14455418e+07
3.00875000e-01 5.09622303e+07
3.00925000e-01 5.15579198e+07
3.00975000e-01 5.29119457e+07
3.01025000e-01 5.49908721e+07
3.01075000e-01 5.80376211e+07
3.01125000e-01 6.11489272e+07
3.01175000e-01 6.19938528e+07
3.01225000e-01 6.03156358e+07
3.01275000e-01 5.93728749e+07
3.01325000e-01 6.03681952e+07
3.01375000e-01 6.18164329e+07
3.01425000e-01 6.23779836e+07
3.01475000e-01 6.19931256e+07
3.01525000e-01 6.15415413e+07
3.01575000e-01 6.11565621e+07
3.01625000e-01 6.07127338e+07
3.01675000e-01 6.01079552e+07
3.01725000e-01 5.91163918e+07
3.01775000e-01 5.73163562e+07
3.01825000e-01 5.48031633e+07
3.01875000e-01 5.25896936e+07
3.01925000e-01 5.09968660e+07
3.01975000e-01 4.94469027e+07
3.02025000e-01 4.77072917e+07
3.02075000e-01 4.56556206e+07
3.02125000e-01 4.40681132e+07
3.02175000e-01 4.42943356e+07
3.02225000e-01 4.65551536e+07
3.02275000e-01 5.09665810e+07
3.02325000e-01 5.65526997e+07
3.02375000e-01 6.09153245e+07
3.02425000e-01 6.25978921e+07
3.02475000e-01 6.23998945e+07
3.02525000e-01 6.21187010e+07
3.02575000e-01 6.20130975e+07
3.02625000e-01 6.13965878e+07
3.02675000e-01 6.12003960e+07
3.02725000e-01 6.39161916e+07
3.02775000e-01 6.98382324e+07
3.02825000e-01 7.53237041e+07
3.02875000e-01 7.83415255e+07
3.02925000e-01 7.88729124e+07
3.02975000e-01 7.78676546e+07
3.03025000e-01 7.69194402e+07
3.03075000e-01 7.66814868e+07
3.03125000e-01 7.67591080e+07
3.03175000e-01 7.60224521e+07
3.03225000e-01 7.61251472e+07
3.03275000e-01 7.91060304e+07
3.03325000e-01 8.26342852e+07
3.03375000e-01 8.42882766e+07
3.03425000e-01 8.38687829e+07
3.03475000e-01 8.32413542e+07
3.03525000e-01 8.34073823e+07
3.03575000e-01 8.40295999e+07
3.03625000e-01 8.38886457e+07
3.03675000e-01 8.18501599e+07
3.03725000e-01 7.84935078e+07
3.03775000e-01 7.35020001e+07
3.03825000e-01 6.89565020e+07
3.03875000e-01 6.84729481e+07
3.03925000e-01 7.09099741e+07
3.03975000e-01 7.37347545e+07
3.04025000e-01 7.51364922e+07
3.04075000e-01 7.44974416e+07
3.04125000e-01 7.30373395e+07
3.04175000e-01 7.16610392e+07
3.04225000e-01 7.02275744e+07
3.04275000e-01 6.95283415e+07
3.04325000e-01 7.07182662e+07
3.04375000e-01 7.36924840e+07
3.04425000e-01 7.67841818e+07
3.04475000e-01 7.86419757e+07
3.04525000e-01 7.95534943e+07
3.04575000e-01 8.02470313e+07
3.04625000e-01 8.10701550e+07
3.04675000e-01 8.12430908e+07
3.04725000e-01 7.85527205e+07
3.04775000e-01 7.37831935e+07
3.04825000e-01 7.02281803e+07
3.04875000e-01 6.95165863e+07
3.04925000e-01 7.22070778e+07
3.04975000e-01 7.64004145e+07
3.05025000e-01 7.96765369e+07
3.05075000e-01 8.10716092e+07
3.05125000e-01 8.03291364e+07
3.05175000e-01 8.08886269e+07
3.05225000e-01 8.40816746e+07
3.05275000e-01 8.70228322e+07
3.05325000e-01 8.72230112e+07
3.05375000e-01 8.41232058e+07
3.05425000e-01 7.96725377e+07
3.05475000e-01 7.63399779e+07
3.05525000e-01 7.45691366e+07
3.05575000e-01 7.44327754e+07
3.05625000e-01 7.50607980e+07
3.05675000e-01 7.45738509e+07
3.05725000e-01 7.20640512e+07
3.05775000e-01 6.73843855e+07
3.05825000e-01 6.27480566e+07
3.05875000e-01 6.04724657e+07
3.05925000e-01 5.99220644e+07
3.05975000e-01 5.99640925e+07
3.06025000e-01 6.14637868e+07
3.06075000e-01 6.46402559e+07
3.06125000e-01 6.83174634e+07
3.06175000e-01 7.15680271e+07
3.06225000e-01 7.41612650e+07
3.06275000e-01 7.53623389e+07
3.06325000e-01 7.52476584e+07
3.06375000e-01 7.42402192e+07
3.06425000e-01 7.21925473e+07
3.06475000e-01 6.99302750e+07
3.06525000e-01 6.90340019e+07
3.06575000e-01 6.98958817e+07
3.06625000e-01 7.08776411e+07
3.06675000e-01 6.97268239e+07
3.06725000e-01 6.72160548e+07
3.06775000e-01 6.58616653e+07
3.06825000e-01 6.63517633e+07
3.06875000e-01 6.86548398e+07
3.06925000e-01 7.22031998e+07
3.06975000e-01 7.56081696e+07
3.07025000e-01 7.78798946e+07
3.07075000e-01 7.92512262e+07
3.07125000e-01 8.00065329e+07
3.07175000e-01 8.01826075e+07
3.07225000e-01 7.97995673e+07
3.07275000e-01 7.86974437e+07
3.07325000e-01 7.78841241e+07
3.07375000e-01 7.84910841e+07
3.07425000e-01 7.95350858e+07
3.07475000e-01 7.98174911e+07
3.07525000e-01 7.91726355e+07
3.07575000e-01 7.69853182e+07
3.07625000e-01 7.49010717e+07
3.07675000e-01 7.52136287e+07
3.07725000e-01 7.80637253e+07
3.07775000e-01 8.05748580e+07
3.07825000e-01 8.00004735e+07
3.07875000e-01 7.83135552e+07
3.07925000e-01 7.79805295e+07
3.07975000e-01 7.96549775e+07
3.08025000e-01 8.18451912e+07
3.08075000e-01 8.22711078e+07
3.08125000e-01 8.12297601e+07
3.08175000e-01 7.92214381e+07
3.08225000e-01 7.63571745e+07
3.08275000e-01 7.43354127e+07
3.08325000e-01 7.41404327e+07
3.08375000e-01 7.46066687e+07
3.08425000e-01 7.54532908e+07
3.08475000e-01 7.79719251e+07
3.08525000e-01 8.13227722e+07
3.08575000e-01 8.34101697e+07
3.08625000e-01 8.36815590e+07
3.08675000e-01 8.23693189e+07
3.08725000e-01 8.00351091e+07
3.08775000e-01 7.75054467e+07
3.08825000e-01 7.50563140e+07
3.08875000e-01 7.34789864e+07
3.08925000e-01 7.36119543e+07
3.08975000e-01 7.36042104e+07
3.09025000e-01 7.22585465e+07
3.09075000e-01 7.04752229e+07
3.09125000e-01 6.81488903e+07
3.09175000e-01 6.53040048e+07
3.09225000e-01 6.30915046e+07
3.09275000e-01 6.14841343e+07
3.09325000e-01 5.94003725e+07
3.09375000e-01 5.74616732e+07
3.09425000e-01 5.75734453e+07
3.09475000e-01 5.99740178e+07
3.09525000e-01 6.34543184e+07
3.09575000e-01 6.58924230e+07
3.09625000e-01 6.62721910e+07
3.09675000e-01 6.45620167e+07
3.09725000e-01 6.13511664e+07
3.09775000e-01 5.91725747e+07
3.09825000e-01 5.96451125e+07
3.09875000e-01 6.14524072e+07
3.09925000e-01 6.27917814e+07
3.09975000e-01 6.23621079e+07
3.10025000e-01 5.97652466e+07
3.10075000e-01 5.70427855e+07
3.10125000e-01 5.59178906e+07
3.10175000e-01 5.68779693e+07
3.10225000e-01 5.90942264e+07
3.10275000e-01 6.20701409e+07
3.10325000e-01 6.65851237e+07
3.10375000e-01 7.27238130e+07
3.10425000e-01 7.81828899e+07
3.10475000e-01 8.14387859e+07
3.10525000e-01 8.34133206e+07
3.10575000e-01 8.45721240e+07
3.10625000e-01 8.55533986e+07
3.10675000e-01 8.72262833e+07
3.10725000e-01 8.95740540e+07
3.10775000e-01 9.18268736e+07
3.10825000e-01 9.38365408e+07
3.10875000e-01 9.62165235e+07
3.10925000e-01 9.77626087e+07
3.10975000e-01 9.80229699e+07
3.11025000e-01 9.74488277e+07
3.11075000e-01 9.59264833e+07
3.11125000e-01 9.49064526e+07
3.11175000e-01 9.53914607e+07
3.11225000e-01 9.62383131e+07
3.11275000e-01 9.69038798e+07
3.11325000e-01 9.79250012e+07
3.11375000e-01 9.84561457e+07
3.11425000e-01 9.71924658e+07
3.11475000e-01 9.45230489e+07
3.11525000e-01 9.28226908e+07
3.11575000e-01 9.33545625e+07
3.11625000e-01 9.39170705e+07
3.11675000e-01 9.25824227e+07
3.11725000e-01 8.90466542e+07
3.11775000e-01 8.58247879e+07
3.11825000e-01 8.43971401e+07
3.11875000e-01 8.34173198e+07
3.11925000e-01 8.22681993e+07
3.11975000e-01 8.10975193e+07
3.12025000e-01 7.98931854e+07
3.12075000e-01 7.91515608e+07
3.12125000e-01 7.91004557e+07
3.12175000e-01 7.92640722e+07
3.12225000e-01 7.92627391e+07
3.12275000e-01 7.94049052e+07
3.12325000e-01 8.04774952e+07
3.12375000e-01 8.27360107e+07
3.12425000e-01 8.52832333e+07
3.12475000e-01 8.66889582e+07
3.12525000e-01 8.63238417e+07
3.12575000e-01 8.38150116e+07
3.12625000e-01 8.13404536e+07
3.12675000e-01 8.11321550e+07
3.12725000e-01 8.21639288e+07
3.12775000e-01 8.36149538e+07
3.12825000e-01 8.50684026e+07
3.12875000e-01 8.56777743e+07
3.12925000e-01 8.53459604e+07
3.12975000e-01 8.53704163e+07
3.13025000e-01 8.64179445e+07
3.13075000e-01 8.67507279e+07
3.13125000e-01 8.58556667e+07
3.13175000e-01 8.54306105e+07
3.13225000e-01 8.58143778e+07
3.13275000e-01 8.58913931e+07
3.13325000e-01 8.55930030e+07
3.13375000e-01 8.56724420e+07
3.13425000e-01 8.55581250e+07
3.13475000e-01 8.47397276e+07
3.13525000e-01 8.49919812e+07
3.13575000e-01 8.67619863e+07
3.13625000e-01 8.82101028e+07
3.13675000e-01 8.86117939e+07
3.13725000e-01 8.88000964e+07
3.13775000e-01 9.01858494e+07
3.13825000e-01 9.22521843e+07
3.13875000e-01 9.40450697e+07
3.13925000e-01 9.51166903e+07
3.13975000e-01 9.50980394e+07
3.14025000e-01 9.41136139e+07
3.14075000e-01 9.26659821e+07
3.14125000e-01 9.19249635e+07
3.14175000e-01 9.20935366e+07
3.14225000e-01 9.14851345e+07
3.14275000e-01 8.93016952e+07
3.14325000e-01 8.54235816e+07
3.14375000e-01 8.00386236e+07
3.14425000e-01 7.44950178e+07
3.14475000e-01 7.06417357e+07
3.14525000e-01 6.96189177e+07
3.14575000e-01 7.15996331e+07
3.14625000e-01 7.50802972e+07
3.14675000e-01 7.80112871e+07
3.14725000e-01 7.98963363e+07
3.14775000e-01 8.06242665e+07
3.14825000e-01 8.14786205e+07
3.14875000e-01 8.36449843e+07
3.14925000e-01 8.63787037e+07
3.14975000e-01 8.84744632e+07
3.15025000e-01 8.85434921e+07
3.15075000e-01 8.72538900e+07
3.15125000e-01 8.65734292e+07
3.15175000e-01 8.67290473e+07
3.15225000e-01 8.69045160e+07
3.15275000e-01 8.64603241e+07
3.15325000e-01 8.61472824e+07
3.15375000e-01 8.62830376e+07
3.15425000e-01 8.60393762e+07
3.15475000e-01 8.45833946e+07
3.15525000e-01 8.28407660e+07
3.15575000e-01 8.18513718e+07
3.15625000e-01 8.10112938e+07
3.15675000e-01 7.92055745e+07
3.15725000e-01 7.59179514e+07
3.15775000e-01 7.19717784e+07
3.15825000e-01 6.86784594e+07
3.15875000e-01 6.66991984e+07
3.15925000e-01 6.52894743e+07
3.15975000e-01 6.44770030e+07
3.16025000e-01 6.47554213e+07
3.16075000e-01 6.57146517e+07
3.16125000e-01 6.62854006e+07
3.16175000e-01 6.66548676e+07
3.16225000e-01 6.78168341e+07
3.16275000e-01 6.99690189e+07
3.16325000e-01 7.30117809e+07
3.16375000e-01 7.63789763e+07
3.16425000e-01 7.86064918e+07
3.16475000e-01 7.91146347e+07
3.16525000e-01 7.90699405e+07
3.16575000e-01 8.00470946e+07
3.16625000e-01 8.15018765e+07
3.16675000e-01 8.23717426e+07
3.16725000e-01 8.39064362e+07
3.16775000e-01 8.70369991e+07
3.16825000e-01 8.89627434e+07
3.16875000e-01 8.85813877e+07
3.16925000e-01 8.84782200e+07
3.16975000e-01 9.02203639e+07
3.17025000e-01 9.34338803e+07
3.17075000e-01 9.69134537e+07
3.17125000e-01 9.99753513e+07
3.17175000e-01 1.02417455e+08
3.17225000e-01 1.03727150e+08
3.17275000e-01 1.04385094e+08
3.17325000e-01 1.04667500e+08
3.17375000e-01 1.04186963e+08
3.17425000e-01 1.03274839e+08
3.17475000e-01 1.02330260e+08
3.17525000e-01 1.01013778e+08
3.17575000e-01 9.98131891e+07
3.17625000e-01 9.99156418e+07
3.17675000e-01 1.01341593e+08
3.17725000e-01 1.01832297e+08
3.17775000e-01 1.00396893e+08
3.17825000e-01 9.68876527e+07
3.17875000e-01 9.15023311e+07
3.17925000e-01 8.68209566e+07
3.17975000e-01 8.32453534e+07
3.18025000e-01 7.96888860e+07
3.18075000e-01 7.76621554e+07
3.18125000e-01 7.72172365e+07
3.18175000e-01 7.65234450e+07
3.18225000e-01 7.56778045e+07
3.18275000e-01 7.57583342e+07
3.18325000e-01 7.67984699e+07
3.18375000e-01 7.77652140e+07
3.18425000e-01 7.86727334e+07
3.18475000e-01 7.97800802e+07
3.18525000e-01 8.07225988e+07
3.18575000e-01 8.18048718e+07
3.18625000e-01 8.34825918e+07
3.18675000e-01 8.49423304e+07
3.18725000e-01 8.54376273e+07
3.18775000e-01 8.59583618e+07
3.18825000e-01 8.72389959e+07
3.18875000e-01 8.84630836e+07
3.18925000e-01 9.01058045e+07
3.18975000e-01 9.33581860e+07
3.19025000e-01 9.52575233e+07
3.19075000e-01 9.34650015e+07
3.19125000e-01 8.99203983e+07
3.19175000e-01 8.60453144e+07
3.19225000e-01 8.26402234e+07
3.19275000e-01 8.01413186e+07
3.19325000e-01 7.83818570e+07
3.19375000e-01 7.83910552e+07
3.19425000e-01 8.05277521e+07
3.19475000e-01 8.32240364e+07
3.19525000e-01 8.51106610e+07
3.19575000e-01 8.64528104e+07
3.19625000e-01 8.76520666e+07
3.19675000e-01 8.84239640e+07
3.19725000e-01 8.89070331e+07
3.19775000e-01 8.97019320e+07
3.19825000e-01 9.20402622e+07
3.19875000e-01 9.66121551e+07
3.19925000e-01 1.00346757e+08
3.19975000e-01 1.01436908e+08
3.20025000e-01 9.99395038e+07
3.20075000e-01 9.72470854e+07
3.20125000e-01 9.66727008e+07
3.20175000e-01 9.90337902e+07
3.20225000e-01 1.01925782e+08
3.20275000e-01 1.02467591e+08
3.20325000e-01 1.01771266e+08
3.20375000e-01 1.02199110e+08
3.20425000e-01 1.04091055e+08
3.20475000e-01 1.06552658e+08
3.20525000e-01 1.07448676e+08
3.20575000e-01 1.06372705e+08
3.20625000e-01 1.04824923e+08
3.20675000e-01 1.04507034e+08
3.20725000e-01 1.04939483e+08
3.20775000e-01 1.04090449e+08
3.20825000e-01 1.02076795e+08
3.20875000e-01 9.91734234e+07
3.20925000e-01 9.54271871e+07
3.20975000e-01 9.21249001e+07
3.21025000e-01 8.99088976e+07
3.21075000e-01 8.78282745e+07
3.21125000e-01 8.53428095e+07
3.21175000e-01 8.30428719e+07
3.21225000e-01 8.13823484e+07
3.21275000e-01 8.06102208e+07
3.21325000e-01 8.07617063e+07
3.21375000e-01 8.03928451e+07
3.21425000e-01 7.94208899e+07
3.21475000e-01 7.93846789e+07
3.21525000e-01 8.08519310e+07
3.21575000e-01 8.33623366e+07
3.21625000e-01 8.57952422e+07
3.21675000e-01 8.68784847e+07
3.21725000e-01 8.67025191e+07
3.21775000e-01 8.68362142e+07
3.21825000e-01 8.88503532e+07
3.21875000e-01 9.22378962e+07
3.21925000e-01 9.51175386e+07
3.21975000e-01 9.61776462e+07
3.22025000e-01 9.51897063e+07
3.22075000e-01 9.50787825e+07
3.22125000e-01 9.63537208e+07
3.22175000e-01 9.58854246e+07
3.22225000e-01 9.23945928e+07
3.22275000e-01 8.84064038e+07
3.22325000e-01 8.68328330e+07
3.22375000e-01 8.69244999e+07
3.22425000e-01 8.79938179e+07
3.22475000e-01 8.96941881e+07
3.22525000e-01 8.95162835e+07
3.22575000e-01 8.67709421e+07
3.22625000e-01 8.32687307e+07
3.22675000e-01 8.09390049e+07
3.22725000e-01 8.03090434e+07
3.22775000e-01 7.96658723e+07
3.22825000e-01 7.83142823e+07
3.22875000e-01 7.65946553e+07
3.22925000e-01 7.54288229e+07
3.22975000e-01 7.50268895e+07
3.23025000e-01 7.49384946e+07
3.23075000e-01 7.59527082e+07
3.23125000e-01 7.85586587e+07
3.23175000e-01 8.11837449e+07
3.23225000e-01 8.30686729e+07
3.23275000e-01 8.41924771e+07
3.23325000e-01 8.40275397e+07
3.23375000e-01 8.30319770e+07
3.23425000e-01 8.18472514e+07
3.23475000e-01 8.05421614e+07
3.23525000e-01 7.94575858e+07
3.23575000e-01 8.06452079e+07
3.23625000e-01 8.27202683e+07
3.23675000e-01 8.28515396e+07
3.23725000e-01 8.23895452e+07
3.23775000e-01 8.34894996e+07
3.23825000e-01 8.67584718e+07
3.23875000e-01 8.96048116e+07
3.23925000e-01 8.99738061e+07
3.23975000e-01 8.86212345e+07
3.24025000e-01 8.89995483e+07
3.24075000e-01 9.24501819e+07
3.24125000e-01 9.57668781e+07
3.24175000e-01 9.71104818e+07
3.24225000e-01 9.62474023e+07
3.24275000e-01 9.52524334e+07
3.24325000e-01 9.57959391e+07
3.24375000e-01 9.62132514e+07
3.24425000e-01 9.57082593e+07
3.24475000e-01 9.58533339e+07
3.24525000e-01 9.73955533e+07
3.24575000e-01 9.89474434e+07
3.24625000e-01 1.00115457e+08
3.24675000e-01 1.01004701e+08
3.24725000e-01 1.00443393e+08
3.24775000e-01 9.79731978e+07
3.24825000e-01 9.52846574e+07
3.24875000e-01 9.42200658e+07
3.24925000e-01 9.44517295e+07
3.24975000e-01 9.51478114e+07
3.25025000e-01 9.62495837e+07
3.25075000e-01 9.71489834e+07
3.25125000e-01 9.75413550e+07
3.25175000e-01 9.83310429e+07
3.25225000e-01 9.98784612e+07
3.25275000e-01 1.01537421e+08
3.25325000e-01 1.02942298e+08
3.25375000e-01 1.04199082e+08
3.25425000e-01 1.05155162e+08
3.25475000e-01 1.05943165e+08
3.25525000e-01 1.08797733e+08
3.25575000e-01 1.13981070e+08
3.25625000e-01 1.17690974e+08
3.25675000e-01 1.19028640e+08
3.25725000e-01 1.19783825e+08
3.25775000e-01 1.20484997e+08
3.25825000e-01 1.20684086e+08
3.25875000e-01 1.20611542e+08
3.25925000e-01 1.21797734e+08
3.25975000e-01 1.24088922e+08
3.26025000e-01 1.25607534e+08
3.26075000e-01 1.25682671e+08
3.26125000e-01 1.25358007e+08
3.26175000e-01 1.24695591e+08
3.26225000e-01 1.23714692e+08
3.26275000e-01 1.23753473e+08
3.26325000e-01 1.24597550e+08
3.26375000e-01 1.24624211e+08
3.26425000e-01 1.23005134e+08
3.26475000e-01 1.20118184e+08
3.26525000e-01 1.17938017e+08
3.26575000e-01 1.17046107e+08
3.26625000e-01 1.18138196e+08
3.26675000e-01 1.21440471e+08
3.26725000e-01 1.24063472e+08
3.26775000e-01 1.24819203e+08
3.26825000e-01 1.24785271e+08
3.26875000e-01 1.24808296e+08
3.26925000e-01 1.24856651e+08
3.26975000e-01 1.24103465e+08
3.27025000e-01 1.22772574e+08
3.27075000e-01 1.21424716e+08
3.27125000e-01 1.19918853e+08
3.27175000e-01 1.17869473e+08
3.27225000e-01 1.16163540e+08
3.27275000e-01 1.16745063e+08
3.27325000e-01 1.19502026e+08
3.27375000e-01 1.21320615e+08
3.27425000e-01 1.20936097e+08
3.27475000e-01 1.19994172e+08
3.27525000e-01 1.20540211e+08
3.27575000e-01 1.21761378e+08
3.27625000e-01 1.21323039e+08
3.27675000e-01 1.19167546e+08
3.27725000e-01 1.16718050e+08
3.27775000e-01 1.15758819e+08
3.27825000e-01 1.16282087e+08
3.27875000e-01 1.16649627e+08
3.27925000e-01 1.15579351e+08
3.27975000e-01 1.14025510e+08
3.28025000e-01 1.13549955e+08
3.28075000e-01 1.14105797e+08
3.28125000e-01 1.15304569e+08
3.28175000e-01 1.16097056e+08
3.28225000e-01 1.15643533e+08
3.28275000e-01 1.14511124e+08
3.28325000e-01 1.13620911e+08
3.28375000e-01 1.14380095e+08
3.28425000e-01 1.16427779e+08
3.28475000e-01 1.17549160e+08
3.28525000e-01 1.16950319e+08
3.28575000e-01 1.15612412e+08
3.28625000e-01 1.14410247e+08
3.28675000e-01 1.12686633e+08
3.28725000e-01 1.10197169e+08
3.28775000e-01 1.08844233e+08
3.28825000e-01 1.10405346e+08
3.28875000e-01 1.13600454e+08
3.28925000e-01 1.16259812e+08
3.28975000e-01 1.19483860e+08
3.29025000e-01 1.24380744e+08
3.29075000e-01 1.27988401e+08
3.29125000e-01 1.28828843e+08
3.29175000e-01 1.28971724e+08
3.29225000e-01 1.29357951e+08
3.29275000e-01 1.29894452e+08
3.29325000e-01 1.30956547e+08
3.29375000e-01 1.32891684e+08
3.29425000e-01 1.35272551e+08
3.29475000e-01 1.36791163e+08
3.29525000e-01 1.36531941e+08
3.29575000e-01 1.35570432e+08
3.29625000e-01 1.35604365e+08
3.29675000e-01 1.36677246e+08
3.29725000e-01 1.38020256e+08
3.29775000e-01 1.38703273e+08
3.29825000e-01 1.38447808e+08
3.29875000e-01 1.37422070e+08
3.29925000e-01 1.36709967e+08
3.29975000e-01 1.37379654e+08
3.30025000e-01 1.38970979e+08
3.30075000e-01 1.41297311e+08
3.30125000e-01 1.42984254e+08
3.30175000e-01 1.41436557e+08
3.30225000e-01 1.37333723e+08
3.30275000e-01 1.33144846e+08
3.30325000e-01 1.29290207e+08
3.30375000e-01 1.27443417e+08
3.30425000e-01 1.27763112e+08
3.30475000e-01 1.27529340e+08
3.30525000e-01 1.26108890e+08
3.30575000e-01 1.22914243e+08
3.30625000e-01 1.18716446e+08
3.30675000e-01 1.15352523e+08
3.30725000e-01 1.13801712e+08
3.30775000e-01 1.14896346e+08
3.30825000e-01 1.17621582e+08
3.30875000e-01 1.20025899e+08
3.30925000e-01 1.21307285e+08
3.30975000e-01 1.22446819e+08
3.31025000e-01 1.23180736e+08
3.31075000e-01 1.23074090e+08
3.31125000e-01 1.23225455e+08
3.31175000e-01 1.23925439e+08
3.31225000e-01 1.23848000e+08
3.31275000e-01 1.22205776e+08
3.31325000e-01 1.20748267e+08
3.31375000e-01 1.20538769e+08
3.31425000e-01 1.19662116e+08
3.31475000e-01 1.17979427e+08
3.31525000e-01 1.16836487e+08
3.31575000e-01 1.17102544e+08
3.31625000e-01 1.18727947e+08
3.31675000e-01 1.21159520e+08
3.31725000e-01 1.23070455e+08
3.31775000e-01 1.23793465e+08
3.31825000e-01 1.24417100e+08
3.31875000e-01 1.25188586e+08
3.31925000e-01 1.25376185e+08
3.31975000e-01 1.24816780e+08
3.32025000e-01 1.23845576e+08
3.32075000e-01 1.22556980e+08
3.32125000e-01 1.21461073e+08
3.32175000e-01 1.21119564e+08
3.32225000e-01 1.20432074e+08
3.32275000e-01 1.17959940e+08
3.32325000e-01 1.14504944e+08
3.32375000e-01 1.12694983e+08
3.32425000e-01 1.13372898e+08
3.32475000e-01 1.15279144e+08
3.32525000e-01 1.17851307e+08
3.32575000e-01 1.21197003e+08
3.32625000e-01 1.24162847e+08
3.32675000e-01 1.25052855e+08
3.32725000e-01 1.23016041e+08
3.32775000e-01 1.20255151e+08
3.32825000e-01 1.19349316e+08
3.32875000e-01 1.19386982e+08
3.32925000e-01 1.18669825e+08
3.32975000e-01 1.16027906e+08
3.33025000e-01 1.13870134e+08
3.33075000e-01 1.14449609e+08
3.33125000e-01 1.17093346e+08
3.33175000e-01 1.19980005e+08
3.33225000e-01 1.19871505e+08
3.33275000e-01 1.18494708e+08
3.33325000e-01 1.18663523e+08
3.33375000e-01 1.19876219e+08
3.33425000e-01 1.19820764e+08
3.33475000e-01 1.17381314e+08
3.33525000e-01 1.14802849e+08
3.33575000e-01 1.12633952e+08
3.33625000e-01 1.09617706e+08
3.33675000e-01 1.06936183e+08
3.33725000e-01 1.06262993e+08
3.33775000e-01 1.07601265e+08
3.33825000e-01 1.10608421e+08
3.33875000e-01 1.13764543e+08
3.33925000e-01 1.15735200e+08
3.33975000e-01 1.16785503e+08
3.34025000e-01 1.16877182e+08
3.34075000e-01 1.16550810e+08
3.34125000e-01 1.17617340e+08
3.34175000e-01 1.18768036e+08
3.34225000e-01 1.18243787e+08
3.34275000e-01 1.16611731e+08
3.34325000e-01 1.16784897e+08
3.34375000e-01 1.19905050e+08
3.34425000e-01 1.23000287e+08
3.34475000e-01 1.24429219e+08
3.34525000e-01 1.24895431e+08
3.34575000e-01 1.25275720e+08
3.34625000e-01 1.25957526e+08
3.34675000e-01 1.26365567e+08
3.34725000e-01 1.25780712e+08
3.34775000e-01 1.24854348e+08
3.34825000e-01 1.24090134e+08
3.34875000e-01 1.22845287e+08
3.34925000e-01 1.19311409e+08
3.34975000e-01 1.13999115e+08
3.35025000e-01 1.11276533e+08
3.35075000e-01 1.12903633e+08
3.35125000e-01 1.17866564e+08
3.35175000e-01 1.22661202e+08
3.35225000e-01 1.24412253e+08
3.35275000e-01 1.24983898e+08
3.35325000e-01 1.25778288e+08
3.35375000e-01 1.25783136e+08
3.35425000e-01 1.24556346e+08
3.35475000e-01 1.23731659e+08
3.35525000e-01 1.24125279e+08
3.35575000e-01 1.25556635e+08
3.35625000e-01 1.26764035e+08
3.35675000e-01 1.26057991e+08
3.35725000e-01 1.24262100e+08
3.35775000e-01 1.22544861e+08
3.35825000e-01 1.20198956e+08
3.35875000e-01 1.15786668e+08
3.35925000e-01 1.09425283e+08
3.35975000e-01 1.02659408e+08
3.36025000e-01 9.69253180e+07
3.36075000e-01 9.29333722e+07
3.36125000e-01 9.04853302e+07
3.36175000e-01 8.91533485e+07
3.36225000e-01 8.94319970e+07
3.36275000e-01 9.26188762e+07
3.36325000e-01 9.81906946e+07
3.36375000e-01 1.03426336e+08
3.36425000e-01 1.06758411e+08
3.36475000e-01 1.09053017e+08
3.36525000e-01 1.11158338e+08
3.36575000e-01 1.12326231e+08
3.36625000e-01 1.11406471e+08
3.36675000e-01 1.08747477e+08
3.36725000e-01 1.05662093e+08
3.36775000e-01 1.02853661e+08
3.36825000e-01 1.00651813e+08
3.36875000e-01 9.91133504e+07
3.36925000e-01 9.78712299e+07
3.36975000e-01 9.61210876e+07
3.37025000e-01 9.49792384e+07
3.37075000e-01 9.53781421e+07
3.37125000e-01 9.66345507e+07
3.37175000e-01 9.74460525e+07
3.37225000e-01 9.72198301e+07
3.37275000e-01 9.64948084e+07
3.37325000e-01 9.62872369e+07
3.37375000e-01 9.89160799e+07
3.37425000e-01 1.02850873e+08
3.37475000e-01 1.05101148e+08
3.37525000e-01 1.07306753e+08
3.37575000e-01 1.11607256e+08
3.37625000e-01 1.16127329e+08
3.37675000e-01 1.18660857e+08
3.37725000e-01 1.19675071e+08
3.37775000e-01 1.20052549e+08
3.37825000e-01 1.19565965e+08
3.37875000e-01 1.17673899e+08
3.37925000e-01 1.14460989e+08
3.37975000e-01 1.11122503e+08
3.38025000e-01 1.07948578e+08
3.38075000e-01 1.04417306e+08
3.38125000e-01 1.02495440e+08
3.38175000e-01 1.04588170e+08
3.38225000e-01 1.10187728e+08
3.38275000e-01 1.14514639e+08
3.38325000e-01 1.15364763e+08
3.38375000e-01 1.14972634e+08
3.38425000e-01 1.14282975e+08
3.38475000e-01 1.14926619e+08
3.38525000e-01 1.17208875e+08
3.38575000e-01 1.19195516e+08
3.38625000e-01 1.20258532e+08
3.38675000e-01 1.21607590e+08
3.38725000e-01 1.23309075e+08
3.38775000e-01 1.22742277e+08
3.38825000e-01 1.19668539e+08
3.38875000e-01 1.16771094e+08
3.38925000e-01 1.17238905e+08
3.38975000e-01 1.20733615e+08
3.39025000e-01 1.23753473e+08
3.39075000e-01 1.24555134e+08
3.39125000e-01 1.22377742e+08
3.39175000e-01 1.18731340e+08
3.39225000e-01 1.16373766e+08
3.39275000e-01 1.14465230e+08
3.39325000e-01 1.11263457e+08
3.39375000e-01 1.09027337e+08
3.39425000e-01 1.09964657e+08
3.39475000e-01 1.12307095e+08
3.39525000e-01 1.14607760e+08
3.39575000e-01 1.17513070e+08
3.39625000e-01 1.20067443e+08
3.39675000e-01 1.21698360e+08
3.39725000e-01 1.23505279e+08
3.39775000e-01 1.25840094e+08
3.39825000e-01 1.28114316e+08
3.39875000e-01 1.30004734e+08
3.39925000e-01 1.31169718e+08
3.39975000e-01 1.31576547e+08
3.40025000e-01 1.32984999e+08
3.40075000e-01 1.35960416e+08
3.40125000e-01 1.38228579e+08
3.40175000e-01 1.37657054e+08
3.40225000e-01 1.34577414e+08
3.40275000e-01 1.31820015e+08
3.40325000e-01 1.30691266e+08
3.40375000e-01 1.30139132e+08
3.40425000e-01 1.29643835e+08
3.40475000e-01 1.28209934e+08
3.40525000e-01 1.25907839e+08
3.40575000e-01 1.24052566e+08
3.40625000e-01 1.24097405e+08
3.40675000e-01 1.24769516e+08
3.40725000e-01 1.22985744e+08
3.40775000e-01 1.19383467e+08
3.40825000e-01 1.17138634e+08
3.40875000e-01 1.17836655e+08
3.40925000e-01 1.18598979e+08
3.40975000e-01 1.17509568e+08
3.41025000e-01 1.16327144e+08
3.41075000e-01 1.16722049e+08
3.41125000e-01 1.18541220e+08
3.41175000e-01 1.20280698e+08
3.41225000e-01 1.21047990e+08
3.41275000e-01 1.20093959e+08
3.41325000e-01 1.16477673e+08
3.41375000e-01 1.12392593e+08
3.41425000e-01 1.09820067e+08
3.41475000e-01 1.07738838e+08
3.41525000e-01 1.06204859e+08
3.41575000e-01 1.06834457e+08
3.41625000e-01 1.09967201e+08
3.41675000e-01 1.13659424e+08
3.41725000e-01 1.16564250e+08
3.41775000e-01 1.17681885e+08
3.41825000e-01 1.18240285e+08
3.41875000e-01 1.19591512e+08
3.41925000e-01 1.21755318e+08
3.41975000e-01 1.24969356e+08
3.42025000e-01 1.28090078e+08
3.42075000e-01 1.29583241e+08
3.42125000e-01 1.29178835e+08
3.42175000e-01 1.27714637e+08
3.42225000e-01 1.26623577e+08
3.42275000e-01 1.25278144e+08
3.42325000e-01 1.22764090e+08
3.42375000e-01 1.20313516e+08
3.42425000e-01 1.19047533e+08
3.42475000e-01 1.19773415e+08
3.42525000e-01 1.22050776e+08
3.42575000e-01 1.24642389e+08
3.42625000e-01 1.26747068e+08
3.42675000e-01 1.26601764e+08
3.42725000e-01 1.24004211e+08
3.42775000e-01 1.22391073e+08
3.42825000e-01 1.23398633e+08
3.42875000e-01 1.25109813e+08
3.42925000e-01 1.26816146e+08
3.42975000e-01 1.29327775e+08
3.43025000e-01 1.32936523e+08
3.43075000e-01 1.35466331e+08
3.43125000e-01 1.35353626e+08
3.43175000e-01 1.33655898e+08
3.43225000e-01 1.30681571e+08
3.43275000e-01 1.27445841e+08
3.43325000e-01 1.24575736e+08
3.43375000e-01 1.21589411e+08
3.43425000e-01 1.18723597e+08
3.43475000e-01 1.18508645e+08
3.43525000e-01 1.22225166e+08
3.43575000e-01 1.25798890e+08
3.43625000e-01 1.25660857e+08
3.43675000e-01 1.23226667e+08
3.43725000e-01 1.19906141e+08
3.43775000e-01 1.16352206e+08
3.43825000e-01 1.13287279e+08
3.43875000e-01 1.11114383e+08
3.43925000e-01 1.10030898e+08
3.43975000e-01 1.08413360e+08
3.44025000e-01 1.04725621e+08
3.44075000e-01 9.97921266e+07
3.44125000e-01 9.28094813e+07
3.44175000e-01 8.73003900e+07
3.44225000e-01 8.67515641e+07
3.44275000e-01 8.76743531e+07
3.44325000e-01 8.86495683e+07
3.44375000e-01 9.14827107e+07
3.44425000e-01 9.16416008e+07
3.44475000e-01 9.24701659e+07
3.44525000e-01 9.56141686e+07
3.44575000e-01 9.96419620e+07
3.44625000e-01 1.01753221e+08
3.44675000e-01 1.01561756e+08
3.44725000e-01 1.01891267e+08
3.44775000e-01 1.04506428e+08
3.44825000e-01 1.08662221e+08
3.44875000e-01 1.12140219e+08
3.44925000e-01 1.14120570e+08
3.44975000e-01 1.15235661e+08
3.45025000e-01 1.16938092e+08
3.45075000e-01 1.20082094e+08
3.45125000e-01 1.22996651e+08
3.45175000e-01 1.24391651e+08
3.45225000e-01 1.23112871e+08
3.45275000e-01 1.19378499e+08
3.45325000e-01 1.16326296e+08
3.45375000e-01 1.14948905e+08
3.45425000e-01 1.15613260e+08
3.45475000e-01 1.19781765e+08
3.45525000e-01 1.24111948e+08
3.45575000e-01 1.25361643e+08
3.45625000e-01 1.24247558e+08
3.45675000e-01 1.22049564e+08
3.45725000e-01 1.20216516e+08
3.45775000e-01 1.19172636e+08
3.45825000e-01 1.17934503e+08
3.45875000e-01 1.15170631e+08
3.45925000e-01 1.11790239e+08
3.45975000e-01 1.10344303e+08
3.46025000e-01 1.10071108e+08
3.46075000e-01 1.08874034e+08
3.46125000e-01 1.07570749e+08
3.46175000e-01 1.06911848e+08
3.46225000e-01 1.06655353e+08
3.46275000e-01 1.07521341e+08
3.46325000e-01 1.10828827e+08
3.46375000e-01 1.15213871e+08
3.46425000e-01 1.18317300e+08
3.46475000e-01 1.20292562e+08
3.46525000e-01 1.21697148e+08
3.46575000e-01 1.21091945e+08
3.46625000e-01 1.17461250e+08
3.46675000e-01 1.14017766e+08
3.46725000e-01 1.13699877e+08
3.46775000e-01 1.16599491e+08
3.46825000e-01 1.20258896e+08
3.46875000e-01 1.22580005e+08
3.46925000e-01 1.23482253e+08
3.46975000e-01 1.22580005e+08
3.47025000e-01 1.22110158e+08
3.47075000e-01 1.23845576e+08
3.47125000e-01 1.25813433e+08
3.47175000e-01 1.25767381e+08
3.47225000e-01 1.22711979e+08
3.47275000e-01 1.18387783e+08
3.47325000e-01 1.15636261e+08
3.47375000e-01 1.14528563e+08
3.47425000e-01 1.13507805e+08
3.47475000e-01 1.11621556e+08
3.47525000e-01 1.09408571e+08
3.47575000e-01 1.06919471e+08
3.47625000e-01 1.03941375e+08
3.47675000e-01 1.02285336e+08
3.47725000e-01 1.02418061e+08
3.47775000e-01 1.03154341e+08
3.47825000e-01 1.05447262e+08
3.47875000e-01 1.10265470e+08
3.47925000e-01 1.14445367e+08
3.47975000e-01 1.16456961e+08
3.48025000e-01 1.17676565e+08
3.48075000e-01 1.17994806e+08
3.48125000e-01 1.17811218e+08
3.48175000e-01 1.17698355e+08
3.48225000e-01 1.17754792e+08
3.48275000e-01 1.17481222e+08
3.48325000e-01 1.16082756e+08
3.48375000e-01 1.13716468e+08
3.48425000e-01 1.11871508e+08
3.48475000e-01 1.11793389e+08
3.48525000e-01 1.12683361e+08
3.48575000e-01 1.12954617e+08
3.48625000e-01 1.13125735e+08
3.48675000e-01 1.14791469e+08
3.48725000e-01 1.18643418e+08
3.48775000e-01 1.22412887e+08
3.48825000e-01 1.23126201e+08
3.48875000e-01 1.21285471e+08
3.48925000e-01 1.17265906e+08
3.48975000e-01 1.12532227e+08
3.49025000e-01 1.09222923e+08
3.49075000e-01 1.06800306e+08
3.49125000e-01 1.04605972e+08
3.49175000e-01 1.04319204e+08
3.49225000e-01 1.07115529e+08
3.49275000e-01 1.09938383e+08
3.49325000e-01 1.09442601e+08
3.49375000e-01 1.07226708e+08
3.49425000e-01 1.08429830e+08
3.49475000e-01 1.12693892e+08
3.49525000e-01 1.15683610e+08
3.49575000e-01 1.15800714e+08
3.49625000e-01 1.13314292e+08
3.49675000e-01 1.10533466e+08
3.49725000e-01 1.09362302e+08
3.49775000e-01 1.09316044e+08
3.49825000e-01 1.09927597e+08
3.49875000e-01 1.12992767e+08
3.49925000e-01 1.18269467e+08
3.49975000e-01 1.24360142e+08
3.50025000e-01 1.29456114e+08
3.50075000e-01 1.31064284e+08
3.50125000e-01 1.30715504e+08
3.50175000e-01 1.31486989e+08
3.50225000e-01 1.33120609e+08
3.50275000e-01 1.33565007e+08
3.50325000e-01 1.33649838e+08
3.50375000e-01 1.35557101e+08
3.50425000e-01 1.38582206e+08
3.50475000e-01 1.39280979e+08
3.50525000e-01 1.35908305e+08
3.50575000e-01 1.32478795e+08
3.50625000e-01 1.31193834e+08
3.50675000e-01 1.30599284e+08
3.50725000e-01 1.29938080e+08
3.50775000e-01 1.30159734e+08
3.50825000e-01 1.31623811e+08
3.50875000e-01 1.32636219e+08
3.50925000e-01 1.32775464e+08
3.50975000e-01 1.32057302e+08
3.51025000e-01 1.29986555e+08
3.51075000e-01 1.25779500e+08
3.51125000e-01 1.22102887e+08
3.51175000e-01 1.22273641e+08
3.51225000e-01 1.24184661e+08
3.51275000e-01 1.24053777e+08
3.51325000e-01 1.21830455e+08
3.51375000e-01 1.19188984e+08
3.51425000e-01 1.16981683e+08
3.51475000e-01 1.15663396e+08
3.51525000e-01 1.14885924e+08
3.51575000e-01 1.15031253e+08
3.51625000e-01 1.18166893e+08
3.51675000e-01 1.22483176e+08
3.51725000e-01 1.25486467e+08
3.51775000e-01 1.28358874e+08
3.51825000e-01 1.31150328e+08
3.51875000e-01 1.31964108e+08
3.51925000e-01 1.30905648e+08
3.51975000e-01 1.29692189e+08
3.52025000e-01 1.27530551e+08
3.52075000e-01 1.24721041e+08
3.52125000e-01 1.22343930e+08
3.52175000e-01 1.19722431e+08
3.52225000e-01 1.16991257e+08
3.52275000e-01 1.16455386e+08
3.52325000e-01 1.17070817e+08
3.52375000e-01 1.16174071e+08
3.52425000e-01 1.13164006e+08
3.52475000e-01 1.08406586e+08
3.52525000e-01 1.05321796e+08
3.52575000e-01 1.05612199e+08
3.52625000e-01 1.06700641e+08
3.52675000e-01 1.05311143e+08
3.52725000e-01 1.04152934e+08
3.52775000e-01 1.07149923e+08
3.52825000e-01 1.12004233e+08
3.52875000e-01 1.17199665e+08
3.52925000e-01 1.21774708e+08
3.52975000e-01 1.24259677e+08
3.53025000e-01 1.24960873e+08
3.53075000e-01 1.25204219e+08
3.53125000e-01 1.26466154e+08
3.53175000e-01 1.28119163e+08
3.53225000e-01 1.28171274e+08
3.53275000e-01 1.26351146e+08
3.53325000e-01 1.24223320e+08
3.53375000e-01 1.24308152e+08
3.53425000e-01 1.27183104e+08
3.53475000e-01 1.31381555e+08
3.53525000e-01 1.35035143e+08
3.53575000e-01 1.36126323e+08
3.53625000e-01 1.35340295e+08
3.53675000e-01 1.34935890e+08
3.53725000e-01 1.34995272e+08
3.53775000e-01 1.34984365e+08
3.53825000e-01 1.34740898e+08
3.53875000e-01 1.34835425e+08
3.53925000e-01 1.36507703e+08
3.53975000e-01 1.40195224e+08
3.54025000e-01 1.43386236e+08
3.54075000e-01 1.42859430e+08
3.54125000e-01 1.39920369e+08
3.54175000e-01 1.36885569e+08
3.54225000e-01 1.35033931e+08
3.54275000e-01 1.34969822e+08
3.54325000e-01 1.36030585e+08
3.54375000e-01 1.37769638e+08
3.54425000e-01 1.39716893e+08
3.54475000e-01 1.41435345e+08
3.54525000e-01 1.42439269e+08
3.54575000e-01 1.42142600e+08
3.54625000e-01 1.40755963e+08
3.54675000e-01 1.40644590e+08
3.54725000e-01 1.41918523e+08
3.54775000e-01 1.42061404e+08
3.54825000e-01 1.40062038e+08
3.54875000e-01 1.37254951e+08
3.54925000e-01 1.36920713e+08
3.54975000e-01 1.39192511e+08
3.55025000e-01 1.41267014e+08
3.55075000e-01 1.41597616e+08
3.55125000e-01 1.40529461e+08
3.55175000e-01 1.39095681e+08
3.55225000e-01 1.37868891e+08
3.55275000e-01 1.36401179e+08
3.55325000e-01 1.34511973e+08
3.55375000e-01 1.32340761e+08
3.55425000e-01 1.30005946e+08
3.55475000e-01 1.27730391e+08
3.55525000e-01 1.25605110e+08
3.55575000e-01 1.25471924e+08
3.55625000e-01 1.28024637e+08
3.55675000e-01 1.30880199e+08
3.55725000e-01 1.31078827e+08
3.55775000e-01 1.29728545e+08
3.55825000e-01 1.29549308e+08
3.55875000e-01 1.29017654e+08
3.55925000e-01 1.26644179e+08
3.55975000e-01 1.24719829e+08
3.56025000e-01 1.25266025e+08
3.56075000e-01 1.26452823e+08
3.56125000e-01 1.26743433e+08
3.56175000e-01 1.26527839e+08
3.56225000e-01 1.26691322e+08
3.56275000e-01 1.27577815e+08
3.56325000e-01 1.28867502e+08
3.56375000e-01 1.30012005e+08
3.56425000e-01 1.29448843e+08
3.56475000e-01 1.25503433e+08
3.56525000e-01 1.18964822e+08
3.56575000e-01 1.11492212e+08
3.56625000e-01 1.04457141e+08
3.56675000e-01 1.00930461e+08
3.56725000e-01 1.01606208e+08
3.56775000e-01 1.04516487e+08
3.56825000e-01 1.07775655e+08
3.56875000e-01 1.08848960e+08
3.56925000e-01 1.07246570e+08
3.56975000e-01 1.03835178e+08
3.57025000e-01 9.91008801e+07
3.57075000e-01 9.45562303e+07
3.57125000e-01 9.35604252e+07
3.57175000e-01 9.57037753e+07
3.57225000e-01 9.87231722e+07
3.57275000e-01 1.00624327e+08
3.57325000e-01 1.02216913e+08
3.57375000e-01 1.04866345e+08
3.57425000e-01 1.06455901e+08
3.57475000e-01 1.06435311e+08
3.57525000e-01 1.06412673e+08
3.57575000e-01 1.06995286e+08
3.57625000e-01 1.07531387e+08
3.57675000e-01 1.08236437e+08
3.57725000e-01 1.09184894e+08
3.57775000e-01 1.09733356e+08
3.57825000e-01 1.08995610e+08
3.57875000e-01 1.05889757e+08
3.57925000e-01 1.01172547e+08
3.57975000e-01 9.78644433e+07
3.58025000e-01 9.64243252e+07
3.58075000e-01 9.43657463e+07
3.58125000e-01 8.88860796e+07
3.58175000e-01 8.26353759e+07
3.58225000e-01 8.00992905e+07
3.58275000e-01 8.08479318e+07
3.58325000e-01 8.35076536e+07
3.58375000e-01 8.70184694e+07
3.58425000e-01 8.93110267e+07
3.58475000e-01 8.95218582e+07
3.58525000e-01 8.78524880e+07
3.58575000e-01 8.45546971e+07
3.58625000e-01 8.26265291e+07
3.58675000e-01 8.37097716e+07
3.58725000e-01 8.56455624e+07
3.58775000e-01 8.71329197e+07
3.58825000e-01 8.96722651e+07
3.58875000e-01 9.38735881e+07
3.58925000e-01 9.76263687e+07
3.58975000e-01 1.00274105e+08
3.59025000e-01 1.02674544e+08
3.59075000e-01 1.06398494e+08
3.59125000e-01 1.11636814e+08
3.59175000e-01 1.17057983e+08
3.59225000e-01 1.21938192e+08
3.59275000e-01 1.24569676e+08
3.59325000e-01 1.24803449e+08
3.59375000e-01 1.23673609e+08
3.59425000e-01 1.22762879e+08
3.59475000e-01 1.24233015e+08
3.59525000e-01 1.27093425e+08
3.59575000e-01 1.29594147e+08
3.59625000e-01 1.31858674e+08
3.59675000e-01 1.34476949e+08
3.59725000e-01 1.36909806e+08
3.59775000e-01 1.38077214e+08
3.59825000e-01 1.37945240e+08
3.59875000e-01 1.37345721e+08
3.59925000e-01 1.36997062e+08
3.59975000e-01 1.37024814e+08
3.60025000e-01 1.37492359e+08
3.60075000e-01 1.38802648e+08
3.60125000e-01 1.40108089e+08
3.60175000e-01 1.39580072e+08
3.60225000e-01 1.36641010e+08
3.60275000e-01 1.31718217e+08
3.60325000e-01 1.26469789e+08
3.60375000e-01 1.23481041e+08
3.60425000e-01 1.22181659e+08
3.60475000e-01 1.21213970e+08
3.60525000e-01 1.19640084e+08
3.60575000e-01 1.16982652e+08
3.60625000e-01 1.15235540e+08
3.60675000e-01 1.15561306e+08
3.60725000e-01 1.16557475e+08
3.60775000e-01 1.17462571e+08
3.60825000e-01 1.16560020e+08
3.60875000e-01 1.12754922e+08
3.60925000e-01 1.07754095e+08
3.60975000e-01 1.04332777e+08
3.61025000e-01 1.04299475e+08
3.61075000e-01 1.05700594e+08
3.61125000e-01 1.07519281e+08
3.61175000e-01 1.10407406e+08
3.61225000e-01 1.14270977e+08
3.61275000e-01 1.16867487e+08
3.61325000e-01 1.16933971e+08
3.61375000e-01 1.15332418e+08
3.61425000e-01 1.13604077e+08
3.61475000e-01 1.14259719e+08
3.61525000e-01 1.16683778e+08
3.61575000e-01 1.19107727e+08
3.61625000e-01 1.21131671e+08
3.61675000e-01 1.21723809e+08
3.61725000e-01 1.20771159e+08
3.61775000e-01 1.18812597e+08
3.61825000e-01 1.15447717e+08
3.61875000e-01 1.10104047e+08
3.61925000e-01 1.03894996e+08
3.61975000e-01 1.00305105e+08
3.62025000e-01 1.00631708e+08
3.62075000e-01 1.05789971e+08
3.62125000e-01 1.12183580e+08
3.62175000e-01 1.15181296e+08
3.62225000e-01 1.16935183e+08
3.62275000e-01 1.19865082e+08
3.62325000e-01 1.25033464e+08
3.62375000e-01 1.28309308e+08
3.62425000e-01 1.27918112e+08
3.62475000e-01 1.26721619e+08
3.62525000e-01 1.26974781e+08
3.62575000e-01 1.30306250e+08
3.62625000e-01 1.34853482e+08
3.62675000e-01 1.38694790e+08
3.62725000e-01 1.41475337e+08
3.62775000e-01 1.42459871e+08
3.62825000e-01 1.41960939e+08
3.62875000e-01 1.41042937e+08
3.62925000e-01 1.39971268e+08
3.62975000e-01 1.39122343e+08
3.63025000e-01 1.36781468e+08
3.63075000e-01 1.32265625e+08
3.63125000e-01 1.26018120e+08
3.63175000e-01 1.17144330e+08
3.63225000e-01 1.11000793e+08
3.63275000e-01 1.11332728e+08
3.63325000e-01 1.14360717e+08
3.63375000e-01 1.17808927e+08
3.63425000e-01 1.20460287e+08
3.63475000e-01 1.21091824e+08
3.63525000e-01 1.20149669e+08
3.63575000e-01 1.19953974e+08
3.63625000e-01 1.22719251e+08
3.63675000e-01 1.26140399e+08
3.63725000e-01 1.27238730e+08
3.63775000e-01 1.27546306e+08
3.63825000e-01 1.28607189e+08
3.63875000e-01 1.30422470e+08
3.63925000e-01 1.32685785e+08
3.63975000e-01 1.35258008e+08
3.64025000e-01 1.37282824e+08
3.64075000e-01 1.38199493e+08
3.64125000e-01 1.38548274e+08
3.64175000e-01 1.38268571e+08
3.64225000e-01 1.37184662e+08
3.64275000e-01 1.35697559e+08
3.64325000e-01 1.33988924e+08
3.64375000e-01 1.31966532e+08
3.64425000e-01 1.30248080e+08
3.64475000e-01 1.28974148e+08
3.64525000e-01 1.26709500e+08
3.64575000e-01 1.24082863e+08
3.64625000e-01 1.23246057e+08
3.64675000e-01 1.24639966e+08
3.64725000e-01 1.26165849e+08
3.64775000e-01 1.24492237e+08
3.64825000e-01 1.20485118e+08
3.64875000e-01 1.17793791e+08
3.64925000e-01 1.19279803e+08
3.64975000e-01 1.23068031e+08
3.65025000e-01 1.25275720e+08
3.65075000e-01 1.26674477e+08
3.65125000e-01 1.29948987e+08
3.65175000e-01 1.33205319e+08
3.65225000e-01 1.35151484e+08
3.65275000e-01 1.38002077e+08
3.65325000e-01 1.43060481e+08
3.65375000e-01 1.47323162e+08
3.65425000e-01 1.48482087e+08
3.65475000e-01 1.48621453e+08
3.65525000e-01 1.49521156e+08
3.65575000e-01 1.50383411e+08
3.65625000e-01 1.50546895e+08
3.65675000e-01 1.51400667e+08
3.65725000e-01 1.53592601e+08
3.65775000e-01 1.56100595e+08
3.65825000e-01 1.57001510e+08
3.65875000e-01 1.56939825e+08
3.65925000e-01 1.58619496e+08
3.65975000e-01 1.61150395e+08
3.66025000e-01 1.61644480e+08
3.66075000e-01 1.60186462e+08
3.66125000e-01 1.59137698e+08
3.66175000e-01 1.59469512e+08
3.66225000e-01 1.60088421e+08
3.66275000e-01 1.59360563e+08
3.66325000e-01 1.57506502e+08
3.66375000e-01 1.55702128e+08
3.66425000e-01 1.53907449e+08
3.66475000e-01 1.52161124e+08
3.66525000e-01 1.51606566e+08
3.66575000e-01 1.52951999e+08
3.66625000e-01 1.55392128e+08
3.66675000e-01 1.55666983e+08
3.66725000e-01 1.52982175e+08
3.66775000e-01 1.51472168e+08
3.66825000e-01 1.52488090e+08
3.66875000e-01 1.53485956e+08
3.66925000e-01 1.52061871e+08
3.66975000e-01 1.48623877e+08
3.67025000e-01 1.46336204e+08
3.67075000e-01 1.45913620e+08
3.67125000e-01 1.47405570e+08
3.67175000e-01 1.50142489e+08
3.67225000e-01 1.53097304e+08
3.67275000e-01 1.55937112e+08
3.67325000e-01 1.57311510e+08
3.67375000e-01 1.56181670e+08
3.67425000e-01 1.54223508e+08
3.67475000e-01 1.52798211e+08
3.67525000e-01 1.52207176e+08
3.67575000e-01 1.53148082e+08
3.67625000e-01 1.54155643e+08
3.67675000e-01 1.53627746e+08
3.67725000e-01 1.51623532e+08
3.67775000e-01 1.48633572e+08
3.67825000e-01 1.44191532e+08
3.67875000e-01 1.40320048e+08
3.67925000e-01 1.40241275e+08
3.67975000e-01 1.41087776e+08
3.68025000e-01 1.39232503e+08
3.68075000e-01 1.36089967e+08
3.68125000e-01 1.34582262e+08
3.68175000e-01 1.35061804e+08
3.68225000e-01 1.38243121e+08
3.68275000e-01 1.41105955e+08
3.68325000e-01 1.41243988e+08
3.68375000e-01 1.41603675e+08
3.68425000e-01 1.43328065e+08
3.68475000e-01 1.44995618e+08
3.68525000e-01 1.44745000e+08
3.68575000e-01 1.42714125e+08
3.68625000e-01 1.39808996e+08
3.68675000e-01 1.37906460e+08
3.68725000e-01 1.37684806e+08
3.68775000e-01 1.36875874e+08
3.68825000e-01 1.34344854e+08
3.68875000e-01 1.33580761e+08
3.68925000e-01 1.36390272e+08
3.68975000e-01 1.39676901e+08
3.69025000e-01 1.42261244e+08
3.69075000e-01 1.45607255e+08
3.69125000e-01 1.49837215e+08
3.69175000e-01 1.53735482e+08
3.69225000e-01 1.57177112e+08
3.69275000e-01 1.59745700e+08
3.69325000e-01 1.59920090e+08
3.69375000e-01 1.57921936e+08
3.69425000e-01 1.55271061e+08
3.69475000e-01 1.52502633e+08
3.69525000e-01 1.51974615e+08
3.69575000e-01 1.53982464e+08
3.69625000e-01 1.55411518e+08
3.69675000e-01 1.55556823e+08
3.69725000e-01 1.55451510e+08
3.69775000e-01 1.55681526e+08
3.69825000e-01 1.56267714e+08
3.69875000e-01 1.57230435e+08
3.69925000e-01 1.58722385e+08
3.69975000e-01 1.60686607e+08
3.70025000e-01 1.62781712e+08
3.70075000e-01 1.64038678e+08
3.70125000e-01 1.63638998e+08
3.70175000e-01 1.61237650e+08
3.70225000e-01 1.58484977e+08
3.70275000e-01 1.56540146e+08
3.70325000e-01 1.55032441e+08
3.70375000e-01 1.53148082e+08
3.70425000e-01 1.49040402e+08
3.70475000e-01 1.43782279e+08
3.70525000e-01 1.39811420e+08
3.70575000e-01 1.36864967e+08
3.70625000e-01 1.33262278e+08
3.70675000e-01 1.30111258e+08
3.70725000e-01 1.30266258e+08
3.70775000e-01 1.32444862e+08
3.70825000e-01 1.33436668e+08
3.70875000e-01 1.33222286e+08
3.70925000e-01 1.33947720e+08
3.70975000e-01 1.34661034e+08
3.71025000e-01 1.34693634e+08
3.71075000e-01 1.37689654e+08
3.71125000e-01 1.43156220e+08
3.71175000e-01 1.47359518e+08
3.71225000e-01 1.49986156e+08
3.71275000e-01 1.52205964e+08
3.71325000e-01 1.54997296e+08
3.71375000e-01 1.57651807e+08
3.71425000e-01 1.60095692e+08
3.71475000e-01 1.62774440e+08
3.71525000e-01 1.64577603e+08
3.71575000e-01 1.64106543e+08
3.71625000e-01 1.61420524e+08
3.71675000e-01 1.57989680e+08
3.71725000e-01 1.55612570e+08
3.71775000e-01 1.54581983e+08
3.71825000e-01 1.53408516e+08
3.71875000e-01 1.50216293e+08
3.71925000e-01 1.44462873e+08
3.71975000e-01 1.36963129e+08
3.72025000e-01 1.28700383e+08
3.72075000e-01 1.21295166e+08
3.72125000e-01 1.17376236e+08
3.72175000e-01 1.17322222e+08
3.72225000e-01 1.18074742e+08
3.72275000e-01 1.17973743e+08
3.72325000e-01 1.18856807e+08
3.72375000e-01 1.22831956e+08
3.72425000e-01 1.28974148e+08
3.72475000e-01 1.34046973e+08
3.72525000e-01 1.36997062e+08
3.72575000e-01 1.39524325e+08
3.72625000e-01 1.42570032e+08
3.72675000e-01 1.45005313e+08
3.72725000e-01 1.44196380e+08
3.72775000e-01 1.38303715e+08
3.72825000e-01 1.30902013e+08
3.72875000e-01 1.28821571e+08
3.72925000e-01 1.31892607e+08
3.72975000e-01 1.36702695e+08
3.73025000e-01 1.39716893e+08
3.73075000e-01 1.37936757e+08
3.73125000e-01 1.33961050e+08
3.73175000e-01 1.30721563e+08
3.73225000e-01 1.29021290e+08
3.73275000e-01 1.27193890e+08
3.73325000e-01 1.23241209e+08
3.73375000e-01 1.17506053e+08
3.73425000e-01 1.11644437e+08
3.73475000e-01 1.06607035e+08
3.73525000e-01 1.02043128e+08
3.73575000e-01 9.85047059e+07
3.73625000e-01 9.75630356e+07
3.73675000e-01 9.94497693e+07
3.73725000e-01 1.01180776e+08
3.73775000e-01 1.00941962e+08
3.73825000e-01 1.01616618e+08
3.73875000e-01 1.06075163e+08
3.73925000e-01 1.12989737e+08
3.73975000e-01 1.18699735e+08
3.74025000e-01 1.22220318e+08
3.74075000e-01 1.25452534e+08
3.74125000e-01 1.29475504e+08
3.74175000e-01 1.32245022e+08
3.74225000e-01 1.32104565e+08
3.74275000e-01 1.30501243e+08
3.74325000e-01 1.27414332e+08
3.74375000e-01 1.22408039e+08
3.74425000e-01 1.17382162e+08
3.74475000e-01 1.14806969e+08
3.74525000e-01 1.14956407e+08
3.74575000e-01 1.13500910e+08
3.74625000e-01 1.09469965e+08
3.74675000e-01 1.06035438e+08
3.74725000e-01 1.05579988e+08
3.74775000e-01 1.08443766e+08
3.74825000e-01 1.10696101e+08
3.74875000e-01 1.09553404e+08
3.74925000e-01 1.05967500e+08
3.74975000e-01 1.02294655e+08
3.75025000e-01 1.01212382e+08
3.75075000e-01 1.03452380e+08
3.75125000e-01 1.08591750e+08
3.75175000e-01 1.16455871e+08
3.75225000e-01 1.24390439e+08
3.75275000e-01 1.30282013e+08
3.75325000e-01 1.34233482e+08
3.75375000e-01 1.36611925e+08
3.75425000e-01 1.38958860e+08
3.75475000e-01 1.42641533e+08
3.75525000e-01 1.46893307e+08
3.75575000e-01 1.50085530e+08
3.75625000e-01 1.52030362e+08
3.75675000e-01 1.52415498e+08
3.75725000e-01 1.50724920e+08
3.75775000e-01 1.47074968e+08
3.75825000e-01 1.39665994e+08
3.75875000e-01 1.30159734e+08
3.75925000e-01 1.24367413e+08
3.75975000e-01 1.23668762e+08
3.76025000e-01 1.26952967e+08
3.76075000e-01 1.31471235e+08
3.76125000e-01 1.34549541e+08
3.76175000e-01 1.36237695e+08
3.76225000e-01 1.36372093e+08
3.76275000e-01 1.36275264e+08
3.76325000e-01 1.37250103e+08
3.76375000e-01 1.37693289e+08
3.76425000e-01 1.35067864e+08
3.76475000e-01 1.31507591e+08
3.76525000e-01 1.32635007e+08
3.76575000e-01 1.37350569e+08
3.76625000e-01 1.40104454e+08
3.76675000e-01 1.40203707e+08
3.76725000e-01 1.37526171e+08
3.76775000e-01 1.33939236e+08
3.76825000e-01 1.32815456e+08
3.76875000e-01 1.34917711e+08
3.76925000e-01 1.39288250e+08
3.76975000e-01 1.43452889e+08
3.77025000e-01 1.45194245e+08
3.77075000e-01 1.44599695e+08
3.77125000e-01 1.43291830e+08
3.77175000e-01 1.43635762e+08
3.77225000e-01 1.46705586e+08
3.77275000e-01 1.50866589e+08
3.77325000e-01 1.55108789e+08
3.77375000e-01 1.58661791e+08
3.77425000e-01 1.61046294e+08
3.77475000e-01 1.62348100e+08
3.77525000e-01 1.63026270e+08
3.77575000e-01 1.63560347e+08
3.77625000e-01 1.63875195e+08
3.77675000e-01 1.64185195e+08
3.77725000e-01 1.65230323e+08
3.77775000e-01 1.67008036e+08
3.77825000e-01 1.68283180e+08
3.77875000e-01 1.68142723e+08
3.77925000e-01 1.67704384e+08
3.77975000e-01 1.67950155e+08
3.78025000e-01 1.69884200e+08
3.78075000e-01 1.73203550e+08
3.78125000e-01 1.75531095e+08
3.78175000e-01 1.75992459e+08
3.78225000e-01 1.75263511e+08
3.78275000e-01 1.74224442e+08
3.78325000e-01 1.73731568e+08
3.78375000e-01 1.73714602e+08
3.78425000e-01 1.73463863e+08
3.78475000e-01 1.73466287e+08
3.78525000e-01 1.74282491e+08
3.78575000e-01 1.73953101e+08
3.78625000e-01 1.70207531e+08
3.78675000e-01 1.62633862e+08
3.78725000e-01 1.54629247e+08
3.78775000e-01 1.50819326e+08
3.78825000e-01 1.49842063e+08
3.78875000e-01 1.48296911e+08
3.78925000e-01 1.46475570e+08
3.78975000e-01 1.44998041e+08
3.79025000e-01 1.42978194e+08
3.79075000e-01 1.40593691e+08
3.79125000e-01 1.40030529e+08
3.79175000e-01 1.42238218e+08
3.79225000e-01 1.44636052e+08
3.79275000e-01 1.45001677e+08
3.79325000e-01 1.43374117e+08
3.79375000e-01 1.40428996e+08
3.79425000e-01 1.37541925e+08
3.79475000e-01 1.35752094e+08
3.79525000e-01 1.34173009e+08
3.79575000e-01 1.31439726e+08
3.79625000e-01 1.29878698e+08
3.79675000e-01 1.30855961e+08
3.79725000e-01 1.32206242e+08
3.79775000e-01 1.31606844e+08
3.79825000e-01 1.28536900e+08
3.79875000e-01 1.25707999e+08
3.79925000e-01 1.24660568e+08
3.79975000e-01 1.25367702e+08
3.80025000e-01 1.27333257e+08
3.80075000e-01 1.30503666e+08
3.80125000e-01 1.35618908e+08
3.80175000e-01 1.41614582e+08
3.80225000e-01 1.44975137e+08
3.80275000e-01 1.45771950e+08
3.80325000e-01 1.47868146e+08
3.80375000e-01 1.51739752e+08
3.80425000e-01 1.55970924e+08
3.80475000e-01 1.58518910e+08
3.80525000e-01 1.59000876e+08
3.80575000e-01 1.58288894e+08
3.80625000e-01 1.57375740e+08
3.80675000e-01 1.56540146e+08
3.80725000e-01 1.54418500e+08
3.80775000e-01 1.51341284e+08
3.80825000e-01 1.49125233e+08
3.80875000e-01 1.49660401e+08
3.80925000e-01 1.52530506e+08
3.80975000e-01 1.54976694e+08
3.81025000e-01 1.56042425e+08
3.81075000e-01 1.56971213e+08
3.81125000e-01 1.57483476e+08
3.81175000e-01 1.56544993e+08
3.81225000e-01 1.54384568e+08
3.81275000e-01 1.51771261e+08
3.81325000e-01 1.48409495e+08
3.81375000e-01 1.42883667e+08
3.81425000e-01 1.36741476e+08
3.81475000e-01 1.32430320e+08
3.81525000e-01 1.29864155e+08
3.81575000e-01 1.27201161e+08
3.81625000e-01 1.23219395e+08
3.81675000e-01 1.19222166e+08
3.81725000e-01 1.17625096e+08
3.81775000e-01 1.20426500e+08
3.81825000e-01 1.24099829e+08
3.81875000e-01 1.25021467e+08
3.81925000e-01 1.24304516e+08
3.81975000e-01 1.21951522e+08
3.82025000e-01 1.16707155e+08
3.82075000e-01 1.10157819e+08
3.82125000e-01 1.05188222e+08
3.82175000e-01 1.02661226e+08
3.82225000e-01 1.03736118e+08
3.82275000e-01 1.06807456e+08
3.82325000e-01 1.09935838e+08
3.82375000e-01 1.12190839e+08
3.82425000e-01 1.11406592e+08
3.82475000e-01 1.06968395e+08
3.82525000e-01 1.01641801e+08
3.82575000e-01 9.73712065e+07
3.82625000e-01 9.38366620e+07
3.82675000e-01 9.08589298e+07
3.82725000e-01 8.90220772e+07
3.82775000e-01 8.91058790e+07
3.82825000e-01 8.96792819e+07
3.82875000e-01 8.91699392e+07
3.82925000e-01 8.88538677e+07
3.82975000e-01 8.95839793e+07
3.83025000e-01 8.99325051e+07
3.83075000e-01 9.04590565e+07
3.83125000e-01 9.20011425e+07
3.83175000e-01 9.31093256e+07
3.83225000e-01 9.25273183e+07
3.83275000e-01 8.95360251e+07
3.83325000e-01 8.55570343e+07
3.83375000e-01 8.37428318e+07
3.83425000e-01 8.41428262e+07
3.83475000e-01 8.50044515e+07
3.83525000e-01 8.54344886e+07
3.83575000e-01 8.65041580e+07
3.83625000e-01 8.87451254e+07
3.83675000e-01 9.12171384e+07
3.83725000e-01 9.30513249e+07
3.83775000e-01 9.37801034e+07
3.83825000e-01 9.33234292e+07
3.83875000e-01 9.17612380e+07
3.83925000e-01 8.96982964e+07
3.83975000e-01 8.93979673e+07
3.84025000e-01 9.15466497e+07
3.84075000e-01 9.40172206e+07
3.84125000e-01 9.55362930e+07
3.84175000e-01 9.69670917e+07
3.84225000e-01 1.00859009e+08
3.84275000e-01 1.07006181e+08
3.84325000e-01 1.13582530e+08
3.84375000e-01 1.18898580e+08
3.84425000e-01 1.21160732e+08
3.84475000e-01 1.22990592e+08
3.84525000e-01 1.26041025e+08
3.84575000e-01 1.28343241e+08
3.84625000e-01 1.29213858e+08
3.84675000e-01 1.29607478e+08
3.84725000e-01 1.30338971e+08
3.84775000e-01 1.31535343e+08
3.84825000e-01 1.33858040e+08
3.84875000e-01 1.36060882e+08
3.84925000e-01 1.36642222e+08
3.84975000e-01 1.35668595e+08
3.85025000e-01 1.32722141e+08
3.85075000e-01 1.28787639e+08
3.85125000e-01 1.26466154e+08
3.85175000e-01 1.26616306e+08
3.85225000e-01 1.29649894e+08
3.85275000e-01 1.33264702e+08
3.85325000e-01 1.34180159e+08
3.85375000e-01 1.32994694e+08
3.85425000e-01 1.30852325e+08
3.85475000e-01 1.28271740e+08
3.85525000e-01 1.26335391e+08
3.85575000e-01 1.25534821e+08
3.85625000e-01 1.24799813e+08
3.85675000e-01 1.22296667e+08
3.85725000e-01 1.19471753e+08
3.85775000e-01 1.19113654e+08
3.85825000e-01 1.20421664e+08
3.85875000e-01 1.20464892e+08
3.85925000e-01 1.17261313e+08
3.85975000e-01 1.13039024e+08
3.86025000e-01 1.10410060e+08
3.86075000e-01 1.09058834e+08
3.86125000e-01 1.09576163e+08
3.86175000e-01 1.12190839e+08
3.86225000e-01 1.15973892e+08
3.86275000e-01 1.21099944e+08
3.86325000e-01 1.27534187e+08
3.86375000e-01 1.32541692e+08
3.86425000e-01 1.34338916e+08
3.86475000e-01 1.34547117e+08
3.86525000e-01 1.34625890e+08
3.86575000e-01 1.34148771e+08
3.86625000e-01 1.32489702e+08
3.86675000e-01 1.30835480e+08
3.86725000e-01 1.30917767e+08
3.86775000e-01 1.31771539e+08
3.86825000e-01 1.31362165e+08
3.86875000e-01 1.30231114e+08
3.86925000e-01 1.29394308e+08
3.86975000e-01 1.28569621e+08
3.87025000e-01 1.26881466e+08
3.87075000e-01 1.24259677e+08
3.87125000e-01 1.21526515e+08
3.87175000e-01 1.18673340e+08
3.87225000e-01 1.16329932e+08
3.87275000e-01 1.15583460e+08
3.87325000e-01 1.15819001e+08
3.87375000e-01 1.16915199e+08
3.87425000e-01 1.19888217e+08
3.87475000e-01 1.24609669e+08
3.87525000e-01 1.28982631e+08
3.87575000e-01 1.32221997e+08
3.87625000e-01 1.34307407e+08
3.87675000e-01 1.34257719e+08
3.87725000e-01 1.32938947e+08
3.87775000e-01 1.31253217e+08
3.87825000e-01 1.28666571e+08
3.87875000e-01 1.23299380e+08
3.87925000e-01 1.18371193e+08
3.87975000e-01 1.17607294e+08
3.88025000e-01 1.19940886e+08
3.88075000e-01 1.23093481e+08
3.88125000e-01 1.24130126e+08
3.88175000e-01 1.23451956e+08
3.88225000e-01 1.22546073e+08
3.88275000e-01 1.20767766e+08
3.88325000e-01 1.18244999e+08
3.88375000e-01 1.18014790e+08
3.88425000e-01 1.21058764e+08
3.88475000e-01 1.25273296e+08
3.88525000e-01 1.28327486e+08
3.88575000e-01 1.28094926e+08
3.88625000e-01 1.25901779e+08
3.88675000e-01 1.22856194e+08
3.88725000e-01 1.19456132e+08
3.88775000e-01 1.19131456e+08
3.88825000e-01 1.21518031e+08
3.88875000e-01 1.23439837e+08
3.88925000e-01 1.23117718e+08
3.88975000e-01 1.21825608e+08
3.89025000e-01 1.22674532e+08
3.89075000e-01 1.26216627e+08
3.89125000e-01 1.31115183e+08
3.89175000e-01 1.35951933e+08
3.89225000e-01 1.39879164e+08
3.89275000e-01 1.43075024e+08
3.89325000e-01 1.45461950e+08
3.89375000e-01 1.46353170e+08
3.89425000e-01 1.46388315e+08
3.89475000e-01 1.47125867e+08
3.89525000e-01 1.48416766e+08
3.89575000e-01 1.48769182e+08
3.89625000e-01 1.47204518e+08
3.89675000e-01 1.46813443e+08
3.89725000e-01 1.50063716e+08
3.89775000e-01 1.54313066e+08
3.89825000e-01 1.55501076e+08
3.89875000e-01 1.53760932e+08
3.89925000e-01 1.52650362e+08
3.89975000e-01 1.52715803e+08
3.90025000e-01 1.51486589e+08
3.90075000e-01 1.50193267e+08
3.90125000e-01 1.50902946e+08
3.90175000e-01 1.52947152e+08
3.90225000e-01 1.54953789e+08
3.90275000e-01 1.54339728e+08
3.90325000e-01 1.51250514e+08
3.90375000e-01 1.48311453e+08
3.90425000e-01 1.46932087e+08
3.90475000e-01 1.47857239e+08
3.90525000e-01 1.48782513e+08
3.90575000e-01 1.47455257e+08
3.90625000e-01 1.45282713e+08
3.90675000e-01 1.44065618e+08
3.90725000e-01 1.46060136e+08
3.90775000e-01 1.50138853e+08
3.90825000e-01 1.53957136e+08
3.90875000e-01 1.57281334e+08
3.90925000e-01 1.59752971e+08
3.90975000e-01 1.61700226e+08
3.91025000e-01 1.62919745e+08
3.91075000e-01 1.63267314e+08
3.91125000e-01 1.63330210e+08
3.91175000e-01 1.64225187e+08
3.91225000e-01 1.66081672e+08
3.91275000e-01 1.67745589e+08
3.91325000e-01 1.68767691e+08
3.91375000e-01 1.68509681e+08
3.91425000e-01 1.67165460e+08
3.91475000e-01 1.65547595e+08
3.91525000e-01 1.64885179e+08
3.91575000e-01 1.65247290e+08
3.91625000e-01 1.64558212e+08
3.91675000e-01 1.62315379e+08
3.91725000e-01 1.60016920e+08
3.91775000e-01 1.58644825e+08
3.91825000e-01 1.58116928e+08
3.91875000e-01 1.56760587e+08
3.91925000e-01 1.53724576e+08
3.91975000e-01 1.50479029e+08
3.92025000e-01 1.47946919e+08
3.92075000e-01 1.44963018e+08
3.92125000e-01 1.41143523e+08
3.92175000e-01 1.37452367e+08
3.92225000e-01 1.35733915e+08
3.92275000e-01 1.35726644e+08
3.92325000e-01 1.34692422e+08
3.92375000e-01 1.32733048e+08
3.92425000e-01 1.31864733e+08
3.92475000e-01 1.32035488e+08
3.92525000e-01 1.31092157e+08
3.92575000e-01 1.28311732e+08
3.92625000e-01 1.24312999e+08
3.92675000e-01 1.20018034e+08
3.92725000e-01 1.16595989e+08
3.92775000e-01 1.13003540e+08
3.92825000e-01 1.08153241e+08
3.92875000e-01 1.02516030e+08
3.92925000e-01 9.73284634e+07
3.92975000e-01 9.36479838e+07
3.93025000e-01 9.01850011e+07
3.93075000e-01 8.62361619e+07
3.93125000e-01 8.23489713e+07
3.93175000e-01 7.89797278e+07
3.93225000e-01 7.62082218e+07
3.93275000e-01 7.33000032e+07
3.93325000e-01 7.03474539e+07
3.93375000e-01 6.76280347e+07
3.93425000e-01 6.54464133e+07
3.93475000e-01 6.47332559e+07
3.93525000e-01 6.50260713e+07
3.93575000e-01 6.63740378e+07
3.93625000e-01 6.87239899e+07
3.93675000e-01 7.12580151e+07
3.93725000e-01 7.45949255e+07
3.93775000e-01 7.86756419e+07
3.93825000e-01 8.29296455e+07
3.93875000e-01 8.69875906e+07
3.93925000e-01 9.09048238e+07
3.93975000e-01 9.54736870e+07
3.94025000e-01 1.00147427e+08
3.94075000e-01 1.04189145e+08
3.94125000e-01 1.07689308e+08
3.94175000e-01 1.10443848e+08
3.94225000e-01 1.12807118e+08
3.94275000e-01 1.15292705e+08
3.94325000e-01 1.17822488e+08
3.94375000e-01 1.19914006e+08
3.94425000e-01 1.20972296e+08
3.94475000e-01 1.21722597e+08
3.94525000e-01 1.23953312e+08
3.94575000e-01 1.27770383e+08
3.94625000e-01 1.33013963e+08
3.94675000e-01 1.38262511e+08
3.94725000e-01 1.41992327e+08
3.94775000e-01 1.44032897e+08
3.94825000e-01 1.44437424e+08
3.94875000e-01 1.44757119e+08
3.94925000e-01 1.46283002e+08
3.94975000e-01 1.48311453e+08
3.95025000e-01 1.50644936e+08
3.95075000e-01 1.53275330e+08
3.95125000e-01 1.55141389e+08
3.95175000e-01 1.56202272e+08
3.95225000e-01 1.56977272e+08
3.95275000e-01 1.56709688e+08
3.95325000e-01 1.55185017e+08
3.95375000e-01 1.53828676e+08
3.95425000e-01 1.54126679e+08
3.95475000e-01 1.56538934e+08
3.95525000e-01 1.58845876e+08
3.95575000e-01 1.58986333e+08
3.95625000e-01 1.57808019e+08
3.95675000e-01 1.56002433e+08
3.95725000e-01 1.53494439e+08
3.95775000e-01 1.51790651e+08
3.95825000e-01 1.51399455e+08
3.95875000e-01 1.51011894e+08
3.95925000e-01 1.50155698e+08
3.95975000e-01 1.48806750e+08
3.96025000e-01 1.46351958e+08
3.96075000e-01 1.42783202e+08
3.96125000e-01 1.37923426e+08
3.96175000e-01 1.31094581e+08
3.96225000e-01 1.23960584e+08
3.96275000e-01 1.18575735e+08
3.96325000e-01 1.14997950e+08
3.96375000e-01 1.12332896e+08
3.96425000e-01 1.09539964e+08
3.96475000e-01 1.06400675e+08
3.96525000e-01 1.03345443e+08
3.96575000e-01 9.99966562e+07
3.96625000e-01 9.60541189e+07
3.96675000e-01 9.17256328e+07
3.96725000e-01 8.74834935e+07
3.96775000e-01 8.46593191e+07
3.96825000e-01 8.21019288e+07
3.96875000e-01 8.01019566e+07
3.96925000e-01 7.91817125e+07
3.96975000e-01 7.91566508e+07
3.97025000e-01 8.08463564e+07
3.97075000e-01 8.36115605e+07
3.97125000e-01 8.67491524e+07
3.97175000e-01 8.99670195e+07
3.97225000e-01 9.36173474e+07
3.97275000e-01 9.78652916e+07
3.97325000e-01 1.02355334e+08
3.97375000e-01 1.06657777e+08
3.97425000e-01 1.10738493e+08
3.97475000e-01 1.14759500e+08
3.97525000e-01 1.19221317e+08
3.97575000e-01 1.24258465e+08
3.97625000e-01 1.29434300e+08
3.97675000e-01 1.34272262e+08
3.97725000e-01 1.38262511e+08
3.97775000e-01 1.42349590e+08
3.97825000e-01 1.47030128e+08
3.97875000e-01 1.51772473e+08
3.97925000e-01 1.56471068e+08
3.97975000e-01 1.60905836e+08
3.98025000e-01 1.64803983e+08
3.98075000e-01 1.68406792e+08
3.98125000e-01 1.71700693e+08
3.98175000e-01 1.73775075e+08
3.98225000e-01 1.74912307e+08
3.98275000e-01 1.75842307e+08
3.98325000e-01 1.76946697e+08
3.98375000e-01 1.78271528e+08
3.98425000e-01 1.78995750e+08
3.98475000e-01 1.79546794e+08
3.98525000e-01 1.80811031e+08
3.98575000e-01 1.82793431e+08
3.98625000e-01 1.84652340e+08
3.98675000e-01 1.85903368e+08
3.98725000e-01 1.86262933e+08
3.98775000e-01 1.86628680e+08
3.98825000e-01 1.89058023e+08
3.98875000e-01 1.92590422e+08
3.98925000e-01 1.94872036e+08
3.98975000e-01 1.95673697e+08
3.99025000e-01 1.95179612e+08
3.99075000e-01 1.94905848e+08
3.99125000e-01 1.95696723e+08
3.99175000e-01 1.97188674e+08
3.99225000e-01 1.98508658e+08
3.99275000e-01 1.99259420e+08
3.99325000e-01 1.99994549e+08
3.99375000e-01 2.00794998e+08
3.99425000e-01 2.01440447e+08
3.99475000e-01 2.01461049e+08
3.99525000e-01 2.00885768e+08
3.99575000e-01 2.00290006e+08
3.99625000e-01 1.99982430e+08
3.99675000e-01 1.99966675e+08
3.99725000e-01 1.99760776e+08
3.99775000e-01 1.99177133e+08
3.99825000e-01 1.98104131e+08
3.99875000e-01 1.97739596e+08
3.99925000e-01 1.99002743e+08
3.99975000e-01 2.01280600e+08
4.00025000e-01 2.03891483e+08
4.00075000e-01 2.05871580e+08
4.00125000e-01 2.06339004e+08
4.00175000e-01 2.05997495e+08
4.00225000e-01 2.06066451e+08
4.00275000e-01 2.06931130e+08
4.00325000e-01 2.08403690e+08
4.00375000e-01 2.09153362e+08
4.00425000e-01 2.08915954e+08
4.00475000e-01 2.07895063e+08
4.00525000e-01 2.05115849e+08
4.00575000e-01 2.00700592e+08
4.00625000e-01 1.97490190e+08
4.00675000e-01 1.97237028e+08
4.00725000e-01 1.99188040e+08
4.00775000e-01 2.01591812e+08
4.00825000e-01 2.03983586e+08
4.00875000e-01 2.06549629e+08
4.00925000e-01 2.08762166e+08
4.00975000e-01 2.09911395e+08
4.01025000e-01 2.10421235e+08
4.01075000e-01 2.11127278e+08
4.01125000e-01 2.11934999e+08
4.01175000e-01 2.12868635e+08
4.01225000e-01 2.13916187e+08
4.01275000e-01 2.14440569e+08
4.01325000e-01 2.14848732e+08
4.01375000e-01 2.15719349e+08
4.01425000e-01 2.16478716e+08
4.01475000e-01 2.16240096e+08
4.01525000e-01 2.15555866e+08
4.01575000e-01 2.15669783e+08
4.01625000e-01 2.16582817e+08
4.01675000e-01 2.17105987e+08
4.01725000e-01 2.16894028e+08
4.01775000e-01 2.15744799e+08
4.01825000e-01 2.14124510e+08
4.01875000e-01 2.13977993e+08
4.01925000e-01 2.15623732e+08
4.01975000e-01 2.17721139e+08
4.02025000e-01 2.19399599e+08
4.02075000e-01 2.19458981e+08
4.02125000e-01 2.18687496e+08
4.02175000e-01 2.18722640e+08
4.02225000e-01 2.18967320e+08
4.02275000e-01 2.18924904e+08
4.02325000e-01 2.18958836e+08
4.02375000e-01 2.19138074e+08
4.02425000e-01 2.19075056e+08
4.02475000e-01 2.18353379e+08
4.02525000e-01 2.16978860e+08
4.02575000e-01 2.16004021e+08
4.02625000e-01 2.15968876e+08
4.02675000e-01 2.16852946e+08
4.02725000e-01 2.17808395e+08
4.02775000e-01 2.18084462e+08
4.02825000e-01 2.18072343e+08
4.02875000e-01 2.17768403e+08
4.02925000e-01 2.17152039e+08
4.02975000e-01 2.16179623e+08
4.03025000e-01 2.14481773e+08
4.03075000e-01 2.11502720e+08
4.03125000e-01 2.07177021e+08
4.03175000e-01 2.04070720e+08
4.03225000e-01 2.03772839e+08
4.03275000e-01 2.03849188e+08
4.03325000e-01 2.02750736e+08
4.03375000e-01 2.01549517e+08
4.03425000e-01 2.01622109e+08
4.03475000e-01 2.03121330e+08
4.03525000e-01 2.04762221e+08
4.03575000e-01 2.06279621e+08
4.03625000e-01 2.07953233e+08
4.03675000e-01 2.10042158e+08
4.03725000e-01 2.12534397e+08
4.03775000e-01 2.14989189e+08
4.03825000e-01 2.17053876e+08
4.03875000e-01 2.18045682e+08
4.03925000e-01 2.17998540e+08
4.03975000e-01 2.17483852e+08
4.04025000e-01 2.16655530e+08
4.04075000e-01 2.15537688e+08
4.04125000e-01 2.14409060e+08
4.04175000e-01 2.13363932e+08
4.04225000e-01 2.13090288e+08
4.04275000e-01 2.13945272e+08
4.04325000e-01 2.14506011e+08
4.04375000e-01 2.13348298e+08
4.04425000e-01 2.10313498e+08
4.04475000e-01 2.05636596e+08
4.04525000e-01 2.00947574e+08
4.04575000e-01 1.96877462e+08
4.04625000e-01 1.92598905e+08
4.04675000e-01 1.90296811e+08
4.04725000e-01 1.92129058e+08
4.04775000e-01 1.96287638e+08
4.04825000e-01 2.00757430e+08
4.04875000e-01 2.04803425e+08
4.04925000e-01 2.07325962e+08
4.04975000e-01 2.08470344e+08
4.05025000e-01 2.09651083e+08
4.05075000e-01 2.11214413e+08
4.05125000e-01 2.12511492e+08
4.05175000e-01 2.12925593e+08
4.05225000e-01 2.12416965e+08
4.05275000e-01 2.11065472e+08
4.05325000e-01 2.09239284e+08
4.05375000e-01 2.08002920e+08
4.05425000e-01 2.07753393e+08
4.05475000e-01 2.07655352e+08
4.05525000e-01 2.06552053e+08
4.05575000e-01 2.04941459e+08
4.05625000e-01 2.04088899e+08
4.05675000e-01 2.03812831e+08
4.05725000e-01 2.03774051e+08
4.05775000e-01 2.02965119e+08
4.05825000e-01 2.01022711e+08
4.05875000e-01 1.99408360e+08
4.05925000e-01 1.99042735e+08
4.05975000e-01 1.99837125e+08
4.06025000e-01 2.01015440e+08
4.06075000e-01 2.02185271e+08
4.06125000e-01 2.03306628e+08
4.06175000e-01 2.03769204e+08
4.06225000e-01 2.02609067e+08
4.06275000e-01 2.00443794e+08
4.06325000e-01 1.98227622e+08
4.06375000e-01 1.94836892e+08
4.06425000e-01 1.90610446e+08
4.06475000e-01 1.87259587e+08
4.06525000e-01 1.88734692e+08
4.06575000e-01 1.91899042e+08
4.06625000e-01 1.95002798e+08
4.06675000e-01 1.96474147e+08
4.06725000e-01 1.96492325e+08
4.06775000e-01 1.96730824e+08
4.06825000e-01 1.98190175e+08
4.06875000e-01 2.00916065e+08
4.06925000e-01 2.03758297e+08
4.06975000e-01 2.05969621e+08
4.07025000e-01 2.07007479e+08
4.07075000e-01 2.06484309e+08
4.07125000e-01 2.04514028e+08
4.07175000e-01 2.01744388e+08
4.07225000e-01 1.98038810e+08
4.07275000e-01 1.95517486e+08
4.07325000e-01 1.97512004e+08
4.07375000e-01 2.01159533e+08
4.07425000e-01 2.03481018e+08
4.07475000e-01 2.04283891e+08
4.07525000e-01 2.03933899e+08
4.07575000e-01 2.03255728e+08
4.07625000e-01 2.02433465e+08
4.07675000e-01 2.00982719e+08
4.07725000e-01 1.98328208e+08
4.07775000e-01 1.95688240e+08
4.07825000e-01 1.94233737e+08
4.07875000e-01 1.94093280e+08
4.07925000e-01 1.95941281e+08
4.07975000e-01 1.98517141e+08
4.08025000e-01 2.00815600e+08
4.08075000e-01 2.03247245e+08
4.08125000e-01 2.06372936e+08
4.08175000e-01 2.09626845e+08
4.08225000e-01 2.11678322e+08
4.08275000e-01 2.12436356e+08
4.08325000e-01 2.12106965e+08
4.08375000e-01 2.10866966e+08
4.08425000e-01 2.09225954e+08
4.08475000e-01 2.08222029e+08
4.08525000e-01 2.07646869e+08
4.08575000e-01 2.07329598e+08
4.08625000e-01 2.07932631e+08
4.08675000e-01 2.09427005e+08
4.08725000e-01 2.11361051e+08
4.08775000e-01 2.13619518e+08
4.08825000e-01 2.16447207e+08
4.08875000e-01 2.18823227e+08
4.08925000e-01 2.19779888e+08
4.08975000e-01 2.20062014e+08
4.09025000e-01 2.19933676e+08
4.09075000e-01 2.19256717e+08
4.09125000e-01 2.18246733e+08
4.09175000e-01 2.17705385e+08
4.09225000e-01 2.17138708e+08
4.09275000e-01 2.15368145e+08
4.09325000e-01 2.13451187e+08
4.09375000e-01 2.12992247e+08
4.09425000e-01 2.13894373e+08
4.09475000e-01 2.14880120e+08
4.09525000e-01 2.12241363e+08
4.09575000e-01 2.08962005e+08
4.09625000e-01 2.06130681e+08
4.09675000e-01 2.03642077e+08
4.09725000e-01 2.01504677e+08
4.09775000e-01 2.00176210e+08
4.09825000e-01 1.99029404e+08
4.09836000e-01 1.98753216e+08
4.09853000e-01 1.97539878e+08
4.09870000e-01 1.96188385e+08
4.09886000e-01 1.94988256e+08
4.09903000e-01 1.93372814e+08
4.09920000e-01 1.91284981e+08
4.09937000e-01 1.89532718e+08
4.09954000e-01 1.87911096e+08
4.09970000e-01 1.86272629e+08
4.09987000e-01 1.84699603e+08
4.10004000e-01 1.82593591e+08
4.10021000e-01 1.79638776e+08
4.10038000e-01 1.76530172e+08
4.10055000e-01 1.73895051e+08
4.10071000e-01 1.71848422e+08
4.10088000e-01 1.70714947e+08
4.10105000e-01 1.69851479e+08
4.10122000e-01 1.68590878e+08
4.10139000e-01 1.67051664e+08
4.10155000e-01 1.65770460e+08
4.10172000e-01 1.64738662e+08
4.10189000e-01 1.64130660e+08
4.10206000e-01 1.64724119e+08
4.10223000e-01 1.65408349e+08
4.10240000e-01 1.65395018e+08
4.10256000e-01 1.65180636e+08
4.10273000e-01 1.65018365e+08
4.10290000e-01 1.64366856e+08
4.10307000e-01 1.63749280e+08
4.10324000e-01 1.63498541e+08
4.10341000e-01 1.62917322e+08
4.10357000e-01 1.62583084e+08
4.10374000e-01 1.63163092e+08
4.10391000e-01 1.64428662e+08
4.10408000e-01 1.66651984e+08
4.10425000e-01 1.70289818e+08
4.10442000e-01 1.74226865e+08
4.10458000e-01 1.77512283e+08
4.10475000e-01 1.80377540e+08
4.10492000e-01 1.83059924e+08
4.10509000e-01 1.85636874e+08
4.10526000e-01 1.88773351e+08
4.10543000e-01 1.92701915e+08
4.10560000e-01 1.96953689e+08
4.10576000e-01 2.00408649e+08
4.10593000e-01 2.02818602e+08
4.10610000e-01 2.04414653e+08
4.10627000e-01 2.05775841e+08
4.10644000e-01 2.07208409e+08
4.10661000e-01 2.08998362e+08
4.10678000e-01 2.10740930e+08
4.10694000e-01 2.12340738e+08
4.10711000e-01 2.13730890e+08
4.10728000e-01 2.14343740e+08
4.10745000e-01 2.14829342e+08
4.10762000e-01 2.15980995e+08
4.10779000e-01 2.17065995e+08
4.10796000e-01 2.17533418e+08
4.10813000e-01 2.17528571e+08
4.10829000e-01 2.17437801e+08
4.10846000e-01 2.17658242e+08
4.10863000e-01 2.18423547e+08
4.10880000e-01 2.19273684e+08
4.10897000e-01 2.20718371e+08
4.10914000e-01 2.22106220e+08
4.10931000e-01 2.21924559e+08
4.10948000e-01 2.20505322e+08
4.10965000e-01 2.19115048e+08
4.10981000e-01 2.18464751e+08
4.10998000e-01 2.18409005e+08
4.11015000e-01 2.18773539e+08
4.11032000e-01 2.19400810e+08
4.11049000e-01 2.19829575e+08
4.11066000e-01 2.19293074e+08
4.11083000e-01 2.18643989e+08
4.11100000e-01 2.18711733e+08
4.11117000e-01 2.18484141e+08
4.11133000e-01 2.17664302e+08
4.11150000e-01 2.16674920e+08
4.11167000e-01 2.15389959e+08
4.11184000e-01 2.13971934e+08
4.11201000e-01 2.13598916e+08
4.11218000e-01 2.14101484e+08
4.11235000e-01 2.15325851e+08
4.11252000e-01 2.17061147e+08
4.11269000e-01 2.18107488e+08
4.11286000e-01 2.18140209e+08
4.11303000e-01 2.18189775e+08
4.11320000e-01 2.18197046e+08
4.11336000e-01 2.17925826e+08
4.11353000e-01 2.17728411e+08
4.11370000e-01 2.17610979e+08
4.11387000e-01 2.17480217e+08
4.11404000e-01 2.17291284e+08
4.11421000e-01 2.16626444e+08
4.11438000e-01 2.16442359e+08
4.11455000e-01 2.17070842e+08
4.11472000e-01 2.17581894e+08
4.11489000e-01 2.17864020e+08
4.11506000e-01 2.18384767e+08
4.11523000e-01 2.18595514e+08
4.11540000e-01 2.18400521e+08
4.11557000e-01 2.18710521e+08
4.11573000e-01 2.19905803e+08
4.11590000e-01 2.21408660e+08
4.11607000e-01 2.22854559e+08
4.11624000e-01 2.24553620e+08
4.11641000e-01 2.26602673e+08
4.11658000e-01 2.28827329e+08
4.11675000e-01 2.30613525e+08
4.11692000e-01 2.31449119e+08
4.11709000e-01 2.30740651e+08
4.11726000e-01 2.28634761e+08
4.11743000e-01 2.25916020e+08
4.11760000e-01 2.23199703e+08
4.11777000e-01 2.21547905e+08
4.11794000e-01 2.21522456e+08
4.11811000e-01 2.22320603e+08
4.11828000e-01 2.23190008e+08
4.11845000e-01 2.24048628e+08
4.11862000e-01 2.24634816e+08
4.11879000e-01 2.25293596e+08
4.11896000e-01 2.26215113e+08
4.11913000e-01 2.27014350e+08
4.11929000e-01 2.28014639e+08
4.11946000e-01 2.29084006e+08
4.11963000e-01 2.28933854e+08
4.11980000e-01 2.28018275e+08
4.11997000e-01 2.27095547e+08
4.12014000e-01 2.25475258e+08
4.12031000e-01 2.23923925e+08
4.12048000e-01 2.23573933e+08
4.12065000e-01 2.23351068e+08
4.12082000e-01 2.22125610e+08
4.12099000e-01 2.20605787e+08
4.12116000e-01 2.19197335e+08
4.12133000e-01 2.17740529e+08
4.12150000e-01 2.16396308e+08
4.12167000e-01 2.15307672e+08
4.12184000e-01 2.14595569e+08
4.12201000e-01 2.13568619e+08
4.12218000e-01 2.12909839e+08
4.12235000e-01 2.13534686e+08
4.12252000e-01 2.15020698e+08
4.12269000e-01 2.16702672e+08
4.12286000e-01 2.18475658e+08
4.12303000e-01 2.19658821e+08
4.12320000e-01 2.19744743e+08
4.12337000e-01 2.19559446e+08
4.12354000e-01 2.20149270e+08
4.12371000e-01 2.21576991e+08
4.12388000e-01 2.22620907e+08
4.12405000e-01 2.22956357e+08
4.12422000e-01 2.22861830e+08
4.12439000e-01 2.21514094e+08
4.12456000e-01 2.18933387e+08
4.12473000e-01 2.16935233e+08
4.12490000e-01 2.16128724e+08
4.12507000e-01 2.15916765e+08
4.12524000e-01 2.16941292e+08
4.12541000e-01 2.19070209e+08
4.12558000e-01 2.20748668e+08
4.12575000e-01 2.21560024e+08
4.12592000e-01 2.22097737e+08
4.12609000e-01 2.22002119e+08
4.12626000e-01 2.20994559e+08
4.12643000e-01 2.19479583e+08
4.12660000e-01 2.17990056e+08
4.12677000e-01 2.16909783e+08
4.12694000e-01 2.16300690e+08
4.12711000e-01 2.16670072e+08
4.12729000e-01 2.18217648e+08
4.12746000e-01 2.19842906e+08
4.12763000e-01 2.20600939e+08
4.12780000e-01 2.20909727e+08
4.12797000e-01 2.20506533e+08
4.12814000e-01 2.19606710e+08
4.12831000e-01 2.18928539e+08
4.12848000e-01 2.18682769e+08
4.12865000e-01 2.18406581e+08
4.12882000e-01 2.17339759e+08
4.12899000e-01 2.15934943e+08
4.12916000e-01 2.15054510e+08
4.12933000e-01 2.14691308e+08
4.12950000e-01 2.14929807e+08
4.12967000e-01 2.16464173e+08
4.12984000e-01 2.18456268e+08
4.13001000e-01 2.19864598e+08
4.13018000e-01 2.20231557e+08
4.13035000e-01 2.18772327e+08
4.13052000e-01 2.15594646e+08
4.13070000e-01 2.11604397e+08
4.13087000e-01 2.07256885e+08
4.13104000e-01 2.03858883e+08
4.13121000e-01 2.02285736e+08
4.13138000e-01 2.02089532e+08
4.13155000e-01 2.03209798e+08
4.13172000e-01 2.05290239e+08
4.13189000e-01 2.07203683e+08
4.13206000e-01 2.08302013e+08
4.13223000e-01 2.08848209e+08
4.13240000e-01 2.08432776e+08
4.13257000e-01 2.07281122e+08
4.13274000e-01 2.05473113e+08
4.13291000e-01 2.03332077e+08
4.13309000e-01 2.01201949e+08
4.13326000e-01 1.99278810e+08
4.13343000e-01 1.97674276e+08
4.13360000e-01 1.96538377e+08
4.13377000e-01 1.95648248e+08
4.13394000e-01 1.95370969e+08
4.13411000e-01 1.95525969e+08
4.13428000e-01 1.95763256e+08
4.13445000e-01 1.96440214e+08
4.13462000e-01 1.97900655e+08
4.13479000e-01 1.98923970e+08
4.13497000e-01 1.99088665e+08
4.13514000e-01 1.98939725e+08
4.13531000e-01 1.98435945e+08
4.13548000e-01 1.98410495e+08
4.13565000e-01 1.99462895e+08
4.13582000e-01 2.01530127e+08
4.13599000e-01 2.04655697e+08
4.13616000e-01 2.08017463e+08
4.13633000e-01 2.10968643e+08
4.13650000e-01 2.13648603e+08
4.13668000e-01 2.15928884e+08
4.13685000e-01 2.17124165e+08
4.13702000e-01 2.17880987e+08
4.13719000e-01 2.18502320e+08
4.13736000e-01 2.19322159e+08
4.13753000e-01 2.20223074e+08
4.13770000e-01 2.21751381e+08
4.13787000e-01 2.24472545e+08
4.13805000e-01 2.27989311e+08
4.13822000e-01 2.30974424e+08
4.13839000e-01 2.33685772e+08
4.13856000e-01 2.35928606e+08
4.13873000e-01 2.37043902e+08
4.13890000e-01 2.36955556e+08
4.13907000e-01 2.36877995e+08
4.13924000e-01 2.37085106e+08
4.13942000e-01 2.37223140e+08
4.13959000e-01 2.37319970e+08
4.13976000e-01 2.37111768e+08
4.13993000e-01 2.36818734e+08
4.14010000e-01 2.35945572e+08
4.14027000e-01 2.34541968e+08
4.14044000e-01 2.33636206e+08
4.14062000e-01 2.32942281e+08
4.14079000e-01 2.32256839e+08
4.14096000e-01 2.31782144e+08
4.14113000e-01 2.31560491e+08
4.14130000e-01 2.31054287e+08
4.14147000e-01 2.30883532e+08
4.14164000e-01 2.29813075e+08
4.14182000e-01 2.27524190e+08
4.14199000e-01 2.24350145e+08
4.14216000e-01 2.20038989e+08
4.14233000e-01 2.14594357e+08
4.14250000e-01 2.09278065e+08
4.14267000e-01 2.05163113e+08
4.14285000e-01 2.02238473e+08
4.14302000e-01 2.00369990e+08
4.14319000e-01 1.99666370e+08
4.14336000e-01 2.00063505e+08
4.14353000e-01 2.00613337e+08
4.14370000e-01 2.00919701e+08
4.14388000e-01 2.01537398e+08
4.14405000e-01 2.02512238e+08
4.14422000e-01 2.02810119e+08
4.14439000e-01 2.02698747e+08
4.14456000e-01 2.02794364e+08
4.14473000e-01 2.03013594e+08
4.14491000e-01 2.02758008e+08
4.14508000e-01 2.02636940e+08
4.14525000e-01 2.03598449e+08
4.14542000e-01 2.04822816e+08
4.14559000e-01 2.05866732e+08
4.14577000e-01 2.06714324e+08
4.14594000e-01 2.07310207e+08
4.14611000e-01 2.06841572e+08
4.14628000e-01 2.06667182e+08
4.14645000e-01 2.06905681e+08
4.14662000e-01 2.07300512e+08
4.14680000e-01 2.08689574e+08
4.14697000e-01 2.11514839e+08
4.14714000e-01 2.14856003e+08
4.14731000e-01 2.19100506e+08
4.14748000e-01 2.24289672e+08
4.14766000e-01 2.28328396e+08
4.14783000e-01 2.30800034e+08
4.14800000e-01 2.31927449e+08
4.14817000e-01 2.31148814e+08
4.14834000e-01 2.29586574e+08
4.14852000e-01 2.27984464e+08
4.14869000e-01 2.25871180e+08
4.14886000e-01 2.24176966e+08
4.14903000e-01 2.23381365e+08
4.14921000e-01 2.22435610e+08
4.14938000e-01 2.22063804e+08
4.14955000e-01 2.23541212e+08
4.14972000e-01 2.25312987e+08
4.14989000e-01 2.26658420e+08
4.15007000e-01 2.27929929e+08
4.15024000e-01 2.28444616e+08
4.15041000e-01 2.27085852e+08
4.15058000e-01 2.24585129e+08
4.15076000e-01 2.22330298e+08
4.15093000e-01 2.20510169e+08
4.15110000e-01 2.20596092e+08
4.15127000e-01 2.22832866e+08
4.15144000e-01 2.26102529e+08
4.15162000e-01 2.28713412e+08
4.15179000e-01 2.30417321e+08
4.15196000e-01 2.30540812e+08
4.15213000e-01 2.28753404e+08
4.15231000e-01 2.25349222e+08
4.15248000e-01 2.21394117e+08
4.15265000e-01 2.17769615e+08
4.15282000e-01 2.14366644e+08
4.15300000e-01 2.11701227e+08
4.15317000e-01 2.10599261e+08
4.15334000e-01 2.10776075e+08
4.15351000e-01 2.11100617e+08
4.15369000e-01 2.12068185e+08
4.15386000e-01 2.14228611e+08
4.15403000e-01 2.16668860e+08
4.15420000e-01 2.18779599e+08
4.15438000e-01 2.21116838e+08
4.15455000e-01 2.22494993e+08
4.15472000e-01 2.22108644e+08
4.15489000e-01 2.20361107e+08
4.15507000e-01 2.17347031e+08
4.15524000e-01 2.13246500e+08
4.15541000e-01 2.10183948e+08
4.15559000e-01 2.09074589e+08
4.15576000e-01 2.09403979e+08
4.15593000e-01 2.10698635e+08
4.15610000e-01 2.12160288e+08
4.15628000e-01 2.12322560e+08
4.15645000e-01 2.10615015e+08
4.15662000e-01 2.07682013e+08
4.15679000e-01 2.05166748e+08
4.15697000e-01 2.03279966e+08
4.15714000e-01 2.01138931e+08
4.15731000e-01 2.00240319e+08
4.15749000e-01 2.00993626e+08
4.15766000e-01 2.01513160e+08
4.15783000e-01 2.03334501e+08
4.15800000e-01 2.06900833e+08
4.15818000e-01 2.10816067e+08
4.15835000e-01 2.14541034e+08
4.15852000e-01 2.18593090e+08
4.15870000e-01 2.21345763e+08
4.15887000e-01 2.22996349e+08
4.15904000e-01 2.23676943e+08
4.15921000e-01 2.23355915e+08
4.15939000e-01 2.22037143e+08
4.15956000e-01 2.20312753e+08
4.15973000e-01 2.18665803e+08
4.15991000e-01 2.16753571e+08
4.16008000e-01 2.15720561e+08
4.16025000e-01 2.16597359e+08
4.16043000e-01 2.19033852e+08
4.16060000e-01 2.21677577e+08
4.16077000e-01 2.24141943e+08
4.16095000e-01 2.25389214e+08
4.16112000e-01 2.25282689e+08
4.16129000e-01 2.24684382e+08
4.16146000e-01 2.24835868e+08
4.16164000e-01 2.26031028e+08
4.16181000e-01 2.27675554e+08
4.16198000e-01 2.28517208e+08
4.16216000e-01 2.29314143e+08
4.16233000e-01 2.30221117e+08
4.16250000e-01 2.30258685e+08
4.16268000e-01 2.30465796e+08
4.16285000e-01 2.31791840e+08
4.16302000e-01 2.32513516e+08
4.16320000e-01 2.32204728e+08
4.16337000e-01 2.32089721e+08
4.16354000e-01 2.31337625e+08
4.16372000e-01 2.29844463e+08
4.16389000e-01 2.28582650e+08
4.16406000e-01 2.27748267e+08
4.16424000e-01 2.27033741e+08
4.16441000e-01 2.26924792e+08
4.16458000e-01 2.27848733e+08
4.16476000e-01 2.29022200e+08
4.16493000e-01 2.30901711e+08
4.16510000e-01 2.32666093e+08
4.16528000e-01 2.34102418e+08
4.16545000e-01 2.34343340e+08
4.16563000e-01 2.32981061e+08
4.16580000e-01 2.30110956e+08
4.16597000e-01 2.26875105e+08
4.16615000e-01 2.23422569e+08
4.16632000e-01 2.20713523e+08
4.16649000e-01 2.19525513e+08
4.16667000e-01 2.18428395e+08
4.16684000e-01 2.17441436e+08
4.16701000e-01 2.16986132e+08
4.16719000e-01 2.17074478e+08
4.16736000e-01 2.16657953e+08
4.16754000e-01 2.16895240e+08
4.16771000e-01 2.17793852e+08
4.16788000e-01 2.18338837e+08
4.16806000e-01 2.17210088e+08
4.16823000e-01 2.16524646e+08
4.16840000e-01 2.16018563e+08
4.16858000e-01 2.15416621e+08
4.16875000e-01 2.15691597e+08
4.16892000e-01 2.17267046e+08
4.16910000e-01 2.18300056e+08
4.16927000e-01 2.18102640e+08
4.16945000e-01 2.17577046e+08
4.16962000e-01 2.16622809e+08
4.16979000e-01 2.15469944e+08
4.16997000e-01 2.14189952e+08
4.17014000e-01 2.12776653e+08
4.17032000e-01 2.10645312e+08
4.17049000e-01 2.07583851e+08
4.17066000e-01 2.05652350e+08
4.17084000e-01 2.04661756e+08
4.17101000e-01 2.04065873e+08
4.17119000e-01 2.04352968e+08
4.17136000e-01 2.06439469e+08
4.17153000e-01 2.07427639e+08
4.17171000e-01 2.07060681e+08
4.17188000e-01 2.06412807e+08
4.17206000e-01 2.06438257e+08
4.17223000e-01 2.04776764e+08
4.17240000e-01 2.02812542e+08
4.17258000e-01 2.01996339e+08
4.17275000e-01 2.01871636e+08
4.17293000e-01 2.00768337e+08
4.17310000e-01 2.00897887e+08
4.17327000e-01 2.00790150e+08
4.17345000e-01 2.00206507e+08
4.17362000e-01 1.99770471e+08
4.17380000e-01 1.99069275e+08
4.17397000e-01 1.96515351e+08
4.17415000e-01 1.93987967e+08
4.17432000e-01 1.92587998e+08
4.17449000e-01 1.92445117e+08
4.17467000e-01 1.92825406e+08
4.17484000e-01 1.93596771e+08
4.17502000e-01 1.93650094e+08
4.17519000e-01 1.93327975e+08
4.17537000e-01 1.92414820e+08
4.17554000e-01 1.93028882e+08
4.17571000e-01 1.94034018e+08
4.17589000e-01 1.94811442e+08
4.17606000e-01 1.94964018e+08
4.17624000e-01 1.95383088e+08
4.17641000e-01 1.94815078e+08
4.17659000e-01 1.94537799e+08
4.17676000e-01 1.95763256e+08
4.17693000e-01 1.98712133e+08
4.17711000e-01 2.00998473e+08
4.17728000e-01 2.01855881e+08
4.17746000e-01 2.04134950e+08
4.17763000e-01 2.06427350e+08
4.17781000e-01 2.07168538e+08
4.17798000e-01 2.08057334e+08
4.17816000e-01 2.09373682e+08
4.17833000e-01 2.10364398e+08
4.17851000e-01 2.12046371e+08
4.17868000e-01 2.14234670e+08
4.17885000e-01 2.15765401e+08
4.17903000e-01 2.18148692e+08
4.17920000e-01 2.19533997e+08
4.17938000e-01 2.20851557e+08
4.17955000e-01 2.21246389e+08
4.17973000e-01 2.21352913e+08
4.17990000e-01 2.19772616e+08
4.18008000e-01 2.18280666e+08
4.18025000e-01 2.16165080e+08
4.18043000e-01 2.15278587e+08
4.18060000e-01 2.14284357e+08
4.18078000e-01 2.13436645e+08
4.18095000e-01 2.13590433e+08
4.18113000e-01 2.14019197e+08
4.18130000e-01 2.14571332e+08
4.18148000e-01 2.16387825e+08
4.18165000e-01 2.18447785e+08
4.18183000e-01 2.19294286e+08
4.18200000e-01 2.20241252e+08
4.18218000e-01 2.20287304e+08
4.18235000e-01 2.20846830e+08
4.18253000e-01 2.22147424e+08
4.18270000e-01 2.22964840e+08
4.18288000e-01 2.23793163e+08
4.18305000e-01 2.24394984e+08
4.18323000e-01 2.22669383e+08
4.18340000e-01 2.20745032e+08
4.18358000e-01 2.19491702e+08
4.18375000e-01 2.17885834e+08
4.18393000e-01 2.16634928e+08
4.18410000e-01 2.15869502e+08
4.18428000e-01 2.16054799e+08
4.18445000e-01 2.16037832e+08
4.18463000e-01 2.15846597e+08
4.18480000e-01 2.14759052e+08
4.18498000e-01 2.13879831e+08
4.18515000e-01 2.13097559e+08
4.18533000e-01 2.12648314e+08
4.18550000e-01 2.11503932e+08
4.18568000e-01 2.10904413e+08
4.18585000e-01 2.11187873e+08
4.18603000e-01 2.08953522e+08
4.18620000e-01 2.06165825e+08
4.18638000e-01 2.04895407e+08
4.18655000e-01 2.04164035e+08
4.18673000e-01 2.03569364e+08
4.18690000e-01 2.05580849e+08
4.18708000e-01 2.08334734e+08
4.18725000e-01 2.09490023e+08
4.18743000e-01 2.09156997e+08
4.18760000e-01 2.07872158e+08
4.18778000e-01 2.05066162e+08
4.18796000e-01 2.01777109e+08
4.18813000e-01 1.99223063e+08
4.18831000e-01 1.98782301e+08
4.18848000e-01 1.99235182e+08
4.18866000e-01 2.00320303e+08
4.18883000e-01 2.02004822e+08
4.18901000e-01 2.03253305e+08
4.18918000e-01 2.04019942e+08
4.18936000e-01 2.04804637e+08
4.18953000e-01 2.05797655e+08
4.18971000e-01 2.05330231e+08
4.18989000e-01 2.04622976e+08
4.19006000e-01 2.03735271e+08
4.19024000e-01 2.02896041e+08
4.19041000e-01 2.02320881e+08
4.19059000e-01 2.04429196e+08
4.19076000e-01 2.07487021e+08
4.19094000e-01 2.09378530e+08
4.19111000e-01 2.12410906e+08
4.19129000e-01 2.17242809e+08
4.19147000e-01 2.21613347e+08
4.19164000e-01 2.25821614e+08
4.19182000e-01 2.30257473e+08
4.19199000e-01 2.32393661e+08
4.19217000e-01 2.31895940e+08
4.19234000e-01 2.29837192e+08
4.19252000e-01 2.28193877e+08
4.19270000e-01 2.26982963e+08
4.19287000e-01 2.27134327e+08
4.19305000e-01 2.28434921e+08
4.19322000e-01 2.29712489e+08
4.19340000e-01 2.30274440e+08
4.19358000e-01 2.30692176e+08
4.19375000e-01 2.29620507e+08
4.19393000e-01 2.27077368e+08
4.19410000e-01 2.25461927e+08
4.19428000e-01 2.23910594e+08
4.19445000e-01 2.21721084e+08
4.19463000e-01 2.18515650e+08
4.19481000e-01 2.16283724e+08
4.19498000e-01 2.13589221e+08
4.19516000e-01 2.11834534e+08
4.19533000e-01 2.11112736e+08
4.19551000e-01 2.12888025e+08
4.19569000e-01 2.14785714e+08
4.19586000e-01 2.16464173e+08
4.19604000e-01 2.18020353e+08
4.19621000e-01 2.19650337e+08
4.19639000e-01 2.19871870e+08
4.19657000e-01 2.17923403e+08
4.19674000e-01 2.14608900e+08
4.19692000e-01 2.09750336e+08
4.19710000e-01 2.04816756e+08
4.19727000e-01 2.00672719e+08
4.19745000e-01 1.97208064e+08
4.19762000e-01 1.95992181e+08
4.19780000e-01 1.96454757e+08
4.19798000e-01 1.97206852e+08
4.19815000e-01 1.98064139e+08
4.19833000e-01 1.99787438e+08
4.19851000e-01 2.01067429e+08
4.19868000e-01 2.01441659e+08
4.19886000e-01 2.01819525e+08
4.19903000e-01 2.02479517e+08
4.19921000e-01 2.03088610e+08
4.19939000e-01 2.03427695e+08
4.19956000e-01 2.04448586e+08
4.19974000e-01 2.06446740e+08
4.19992000e-01 2.07996861e+08
4.20009000e-01 2.08821548e+08
4.20027000e-01 2.09180023e+08
4.20045000e-01 2.07790962e+08
4.20062000e-01 2.05089188e+08
4.20080000e-01 2.02873137e+08
4.20097000e-01 2.01206796e+08
4.20115000e-01 1.99797133e+08
4.20133000e-01 1.99063216e+08
4.20150000e-01 1.97366699e+08
4.20168000e-01 1.96606121e+08
4.20186000e-01 1.96265824e+08
4.20203000e-01 1.96523834e+08
4.20221000e-01 1.97627012e+08
4.20239000e-01 1.98811386e+08
4.20256000e-01 2.01120752e+08
4.20274000e-01 2.04378418e+08
4.20292000e-01 2.07459148e+08
4.20309000e-01 2.08636251e+08
4.20327000e-01 2.10141532e+08
4.20345000e-01 2.09462150e+08
4.20362000e-01 2.08294742e+08
4.20380000e-01 2.05591756e+08
4.20398000e-01 2.04345697e+08
4.20415000e-01 2.05135239e+08
4.20433000e-01 2.07288394e+08
4.20451000e-01 2.09885946e+08
4.20468000e-01 2.13952544e+08
4.20486000e-01 2.16484775e+08
4.20504000e-01 2.15870714e+08
4.20521000e-01 2.14713001e+08
4.20539000e-01 2.12269237e+08
4.20557000e-01 2.10283201e+08
4.20575000e-01 2.11132126e+08
4.20592000e-01 2.15249502e+08
4.20610000e-01 2.18750514e+08
4.20628000e-01 2.22691076e+08
4.20645000e-01 2.26118283e+08
4.20663000e-01 2.28993236e+08
4.20681000e-01 2.30052786e+08
4.20698000e-01 2.30246566e+08
4.20716000e-01 2.30760041e+08
4.20734000e-01 2.31363075e+08
4.20751000e-01 2.32982273e+08
4.20769000e-01 2.34986487e+08
4.20787000e-01 2.36653918e+08
4.20805000e-01 2.36681791e+08
4.20822000e-01 2.37519809e+08
4.20840000e-01 2.36463895e+08
4.20858000e-01 2.34698180e+08
4.20875000e-01 2.32164736e+08
4.20893000e-01 2.31840194e+08
4.20911000e-01 2.31507168e+08
4.20929000e-01 2.30443982e+08
4.20946000e-01 2.29987465e+08
4.20964000e-01 2.30598982e+08
4.20982000e-01 2.29367344e+08
4.20999000e-01 2.27054343e+08
4.21017000e-01 2.26709198e+08
4.21035000e-01 2.26079503e+08
4.21053000e-01 2.26293885e+08
4.21070000e-01 2.28332032e+08
4.21088000e-01 2.31057923e+08
4.21106000e-01 2.32029126e+08
4.21124000e-01 2.33001542e+08
4.21141000e-01 2.33674865e+08
4.21159000e-01 2.32580170e+08
4.21177000e-01 2.30567473e+08
4.21194000e-01 2.27817345e+08
4.21212000e-01 2.25541790e+08
4.21230000e-01 2.23135595e+08
4.21248000e-01 2.21560024e+08
4.21265000e-01 2.19021733e+08
4.21283000e-01 2.17890682e+08
4.21301000e-01 2.16978860e+08
4.21319000e-01 2.16421757e+08
4.21336000e-01 2.15611613e+08
4.21354000e-01 2.15365722e+08
4.21372000e-01 2.13958603e+08
4.21390000e-01 2.12129991e+08
4.21408000e-01 2.10751837e+08
4.21425000e-01 2.08323827e+08
4.21443000e-01 2.06658699e+08
4.21461000e-01 2.05639019e+08
4.21479000e-01 2.05241764e+08
4.21496000e-01 2.03719516e+08
4.21514000e-01 2.03330865e+08
4.21532000e-01 2.03138297e+08
4.21550000e-01 2.02749524e+08
4.21567000e-01 2.01741964e+08
4.21585000e-01 2.00346964e+08
4.21603000e-01 1.98573978e+08
4.21621000e-01 1.97830487e+08
4.21638000e-01 1.98274885e+08
4.21656000e-01 1.98454123e+08
4.21674000e-01 1.99591234e+08
4.21692000e-01 2.00834990e+08
4.21710000e-01 2.00767125e+08
4.21727000e-01 2.01278176e+08
4.21745000e-01 2.02256651e+08
4.21763000e-01 2.02223930e+08
4.21781000e-01 2.03013594e+08
4.21799000e-01 2.04404958e+08
4.21816000e-01 2.04861596e+08
4.21834000e-01 2.05055255e+08
4.21852000e-01 2.06289316e+08
4.21870000e-01 2.04692053e+08
4.21888000e-01 2.03732847e+08
4.21905000e-01 2.04782823e+08
4.21923000e-01 2.06784613e+08
4.21941000e-01 2.09751548e+08
4.21959000e-01 2.15597070e+08
4.21977000e-01 2.20810474e+08
4.21994000e-01 2.23726509e+08
4.22012000e-01 2.26964784e+08
4.22030000e-01 2.29417032e+08
4.22048000e-01 2.29218404e+08
4.22066000e-01 2.28531750e+08
4.22083000e-01 2.28669784e+08
4.22101000e-01 2.28616582e+08
4.22119000e-01 2.29737939e+08
4.22137000e-01 2.32295620e+08
4.22155000e-01 2.34268324e+08
4.22172000e-01 2.35038477e+08
4.22190000e-01 2.34350611e+08
4.22208000e-01 2.32868356e+08
4.22226000e-01 2.33034263e+08
4.22244000e-01 2.32368212e+08
4.22262000e-01 2.31413974e+08
4.22279000e-01 2.30936855e+08
4.22297000e-01 2.31008235e+08
4.22315000e-01 2.29481261e+08
4.22333000e-01 2.29328685e+08
4.22351000e-01 2.30049150e+08
4.22369000e-01 2.29087642e+08
4.22387000e-01 2.28015851e+08
4.22404000e-01 2.26743131e+08
4.22422000e-01 2.24610579e+08
4.22440000e-01 2.21367456e+08
4.22458000e-01 2.18325506e+08
4.22476000e-01 2.15725409e+08
4.22494000e-01 2.09505778e+08
4.22511000e-01 2.03093457e+08
4.22529000e-01 1.96281578e+08
4.22547000e-01 1.88978038e+08
4.22565000e-01 1.83287516e+08
4.22583000e-01 1.78855293e+08
4.22601000e-01 1.75160501e+08
4.22619000e-01 1.72601729e+08
4.22636000e-01 1.71087965e+08
4.22654000e-01 1.70111792e+08
4.22672000e-01 1.69203606e+08
4.22690000e-01 1.68576335e+08
4.22708000e-01 1.69081327e+08
4.22726000e-01 1.68171808e+08
4.22744000e-01 1.68268759e+08
4.22761000e-01 1.68094369e+08
4.22779000e-01 1.67476671e+08
4.22797000e-01 1.66790018e+08
4.22815000e-01 1.65600917e+08
4.22833000e-01 1.65363509e+08
4.22851000e-01 1.65368357e+08
4.22869000e-01 1.65916977e+08
4.22887000e-01 1.66870002e+08
4.22905000e-01 1.69335580e+08
4.22922000e-01 1.72343719e+08
4.22940000e-01 1.75419723e+08
4.22958000e-01 1.78978784e+08
4.22976000e-01 1.83321449e+08
4.22994000e-01 1.87776698e+08
4.23012000e-01 1.92806016e+08
4.23030000e-01 1.99031828e+08
4.23048000e-01 2.05572366e+08
4.23066000e-01 2.11902278e+08
4.23083000e-01 2.18344896e+08
4.23101000e-01 2.24012271e+08
4.23119000e-01 2.28158854e+08
4.23137000e-01 2.31137907e+08
4.23155000e-01 2.32317434e+08
4.23173000e-01 2.31767602e+08
4.23191000e-01 2.29276574e+08
4.23209000e-01 2.26397986e+08
4.23227000e-01 2.24109222e+08
4.23245000e-01 2.22636662e+08
4.23263000e-01 2.22455001e+08
4.23280000e-01 2.24216959e+08
4.23298000e-01 2.27296598e+08
4.23316000e-01 2.30769737e+08
4.23334000e-01 2.35023934e+08
4.23352000e-01 2.38147202e+08
4.23370000e-01 2.39914007e+08
4.23388000e-01 2.40451720e+08
4.23406000e-01 2.39623397e+08
4.23424000e-01 2.36282233e+08
4.23442000e-01 2.32275018e+08
4.23460000e-01 2.28540234e+08
4.23478000e-01 2.24352568e+08
4.23496000e-01 2.20018387e+08
4.23513000e-01 2.17036910e+08
4.23531000e-01 2.14336468e+08
4.23549000e-01 2.11195144e+08
4.23567000e-01 2.08819124e+08
4.23585000e-01 2.07212045e+08
4.23603000e-01 2.05469477e+08
4.23621000e-01 2.04414653e+08
4.23639000e-01 2.04074356e+08
4.23657000e-01 2.04351756e+08
4.23675000e-01 2.05206740e+08
4.23693000e-01 2.06678089e+08
4.23711000e-01 2.08483675e+08
4.23729000e-01 2.10248057e+08
4.23747000e-01 2.11348932e+08
4.23765000e-01 2.11109100e+08
4.23783000e-01 2.10026524e+08
4.23801000e-01 2.07772784e+08
4.23819000e-01 2.04337214e+08
4.23837000e-01 2.00282735e+08
4.23855000e-01 1.96698224e+08
4.23872000e-01 1.93378874e+08
4.23890000e-01 1.90766658e+08
4.23908000e-01 1.89439403e+08
4.23926000e-01 1.89460005e+08
4.23944000e-01 1.90724363e+08
4.23962000e-01 1.93457525e+08
4.23980000e-01 1.97616105e+08
4.23998000e-01 2.02862230e+08
4.24016000e-01 2.08253538e+08
4.24034000e-01 2.13224686e+08
4.24052000e-01 2.17317945e+08
4.24070000e-01 2.19977304e+08
4.24088000e-01 2.20782601e+08
4.24106000e-01 2.20002753e+08
4.24124000e-01 2.18921268e+08
4.24142000e-01 2.18016718e+08
4.24160000e-01 2.16915842e+08
4.24178000e-01 2.15696323e+08
4.24196000e-01 2.15259197e+08
4.24214000e-01 2.14629502e+08
4.24232000e-01 2.14520554e+08
4.24250000e-01 2.15524478e+08
4.24268000e-01 2.17418411e+08
4.24286000e-01 2.19754438e+08
4.24304000e-01 2.22475603e+08
4.24322000e-01 2.25300868e+08
4.24340000e-01 2.28063115e+08
4.24358000e-01 2.29885667e+08
4.24376000e-01 2.31200804e+08
4.24394000e-01 2.33213501e+08
4.24412000e-01 2.34753926e+08
4.24430000e-01 2.35363019e+08
4.24448000e-01 2.36724207e+08
4.24466000e-01 2.38630380e+08
4.24484000e-01 2.39398108e+08
4.24502000e-01 2.38821615e+08
4.24520000e-01 2.37277675e+08
4.24538000e-01 2.35411495e+08
4.24556000e-01 2.32733958e+08
4.24574000e-01 2.29547794e+08
4.24592000e-01 2.27428572e+08
4.24610000e-01 2.27352224e+08
4.24628000e-01 2.28407048e+08
4.24646000e-01 2.29090065e+08
4.24665000e-01 2.29687039e+08
4.24683000e-01 2.30298677e+08
4.24701000e-01 2.30163067e+08
4.24719000e-01 2.29120362e+08
4.24737000e-01 2.28798244e+08
4.24755000e-01 2.28417954e+08
4.24773000e-01 2.26905402e+08
4.24791000e-01 2.24832232e+08
4.24809000e-01 2.22553042e+08
4.24827000e-01 2.19380208e+08
4.24845000e-01 2.15296765e+08
4.24863000e-01 2.11685593e+08
4.24881000e-01 2.09347142e+08
4.24899000e-01 2.06770071e+08
4.24917000e-01 2.03213434e+08
4.24935000e-01 2.00382109e+08
4.24953000e-01 1.98369412e+08
4.24971000e-01 1.95815367e+08
4.24989000e-01 1.93876595e+08
4.25007000e-01 1.93885078e+08
4.25025000e-01 1.95540511e+08
4.25044000e-01 1.97502309e+08
4.25062000e-01 1.99333345e+08
4.25080000e-01 2.02148915e+08
4.25098000e-01 2.05728578e+08
4.25116000e-01 2.08685938e+08
4.25134000e-01 2.10661067e+08
4.25152000e-01 2.12409694e+08
4.25170000e-01 2.13815722e+08
4.25188000e-01 2.14704518e+08
4.25206000e-01 2.15525569e+08
4.25224000e-01 2.16505377e+08
4.25242000e-01 2.17568563e+08
4.25260000e-01 2.17086597e+08
4.25279000e-01 2.15517207e+08
4.25297000e-01 2.14371492e+08
4.25315000e-01 2.13489968e+08
4.25333000e-01 2.12205007e+08
4.25351000e-01 2.12057278e+08
4.25369000e-01 2.13412407e+08
4.25387000e-01 2.13930730e+08
4.25405000e-01 2.13938001e+08
4.25423000e-01 2.15494181e+08
4.25441000e-01 2.17646124e+08
4.25460000e-01 2.18913997e+08
4.25478000e-01 2.20495626e+08
4.25496000e-01 2.22565161e+08
4.25514000e-01 2.23679246e+08
4.25532000e-01 2.24075289e+08
4.25550000e-01 2.24531806e+08
4.25568000e-01 2.24881798e+08
4.25586000e-01 2.24908460e+08
4.25604000e-01 2.24863620e+08
4.25622000e-01 2.25038010e+08
4.25641000e-01 2.24996927e+08
4.25659000e-01 2.24351357e+08
4.25677000e-01 2.23136806e+08
4.25695000e-01 2.21240329e+08
4.25713000e-01 2.18767480e+08
4.25731000e-01 2.16354013e+08
4.25749000e-01 2.14309807e+08
4.25767000e-01 2.13062415e+08
4.25786000e-01 2.13600128e+08
4.25804000e-01 2.14784502e+08
4.25822000e-01 2.15300401e+08
4.25840000e-01 2.15254349e+08
4.25858000e-01 2.14506011e+08
4.25876000e-01 2.11709710e+08
4.25894000e-01 2.07789750e+08
4.25913000e-01 2.04946307e+08
4.25931000e-01 2.03149204e+08
4.25949000e-01 2.01811042e+08
4.25967000e-01 2.01467109e+08
4.25985000e-01 2.01528915e+08
4.26003000e-01 2.00407437e+08
4.26021000e-01 1.98102919e+08
4.26040000e-01 1.95297044e+08
4.26058000e-01 1.92349500e+08
4.26076000e-01 1.89743343e+08
4.26094000e-01 1.87771850e+08
4.26112000e-01 1.86701393e+08
4.26130000e-01 1.86284747e+08
4.26148000e-01 1.85745944e+08
4.26167000e-01 1.85621120e+08
4.26185000e-01 1.86387758e+08
4.26203000e-01 1.87797300e+08
4.26221000e-01 1.89585919e+08
4.26239000e-01 1.91833601e+08
4.26257000e-01 1.93676755e+08
4.26276000e-01 1.94697646e+08
4.26294000e-01 1.94967654e+08
4.26312000e-01 1.94818713e+08
4.26330000e-01 1.95051274e+08
4.26348000e-01 1.96188385e+08
4.26367000e-01 1.98147759e+08
4.26385000e-01 2.01286659e+08
4.26403000e-01 2.06363241e+08
4.26421000e-01 2.11878041e+08
4.26439000e-01 2.16831132e+08
4.26457000e-01 2.21847119e+08
4.26476000e-01 2.26234503e+08
4.26494000e-01 2.29260820e+08
4.26512000e-01 2.31740940e+08
4.26530000e-01 2.34183493e+08
4.26548000e-01 2.36433598e+08
4.26567000e-01 2.38109633e+08
4.26585000e-01 2.38864031e+08
4.26603000e-01 2.38595235e+08
4.26621000e-01 2.37037843e+08
4.26639000e-01 2.34041823e+08
4.26658000e-01 2.30997328e+08
4.26676000e-01 2.28783701e+08
4.26694000e-01 2.26919945e+08
4.26712000e-01 2.25794953e+08
4.26730000e-01 2.25809495e+08
4.26749000e-01 2.26301157e+08
4.26767000e-01 2.26918733e+08
4.26785000e-01 2.28082505e+08
4.26803000e-01 2.29201437e+08
4.26821000e-01 2.29639897e+08
4.26840000e-01 2.29219616e+08
4.26858000e-01 2.28187818e+08
4.26876000e-01 2.27059190e+08
4.26894000e-01 2.26497361e+08
4.26913000e-01 2.26217537e+08
4.26931000e-01 2.25860273e+08
4.26949000e-01 2.24543925e+08
4.26967000e-01 2.21406236e+08
4.26985000e-01 2.16519920e+08
4.27004000e-01 2.10226243e+08
4.27022000e-01 2.03295721e+08
4.27040000e-01 1.97457469e+08
4.27058000e-01 1.93077236e+08
4.27077000e-01 1.89902100e+08
4.27095000e-01 1.88324106e+08
4.27113000e-01 1.88490013e+08
4.27131000e-01 1.89870591e+08
4.27150000e-01 1.92426939e+08
4.27168000e-01 1.94832044e+08
4.27186000e-01 1.96097493e+08
4.27204000e-01 1.96274307e+08
4.27223000e-01 1.94887791e+08
4.27241000e-01 1.92001931e+08
4.27259000e-01 1.89070142e+08
4.27277000e-01 1.86910807e+08
4.27296000e-01 1.84722629e+08
4.27314000e-01 1.82386601e+08
4.27332000e-01 1.80857083e+08
4.27350000e-01 1.80228600e+08
4.27369000e-01 1.78995750e+08
4.27387000e-01 1.77707275e+08
4.27405000e-01 1.76612459e+08
4.27423000e-01 1.75269449e+08
4.27442000e-01 1.73997940e+08
4.27460000e-01 1.74265646e+08
4.27478000e-01 1.76381231e+08
4.27497000e-01 1.79599995e+08
4.27515000e-01 1.83843407e+08
4.27533000e-01 1.89181514e+08
4.27551000e-01 1.94259186e+08
4.27570000e-01 1.98414131e+08
4.27588000e-01 2.01878907e+08
4.27606000e-01 2.04448586e+08
4.27625000e-01 2.05956291e+08
4.27643000e-01 2.06366877e+08
4.27661000e-01 2.05738273e+08
4.27679000e-01 2.05916299e+08
4.27698000e-01 2.07183081e+08
4.27716000e-01 2.08555055e+08
4.27734000e-01 2.10776075e+08
4.27753000e-01 2.14613748e+08
4.27771000e-01 2.17896741e+08
4.27789000e-01 2.19327007e+08
4.27807000e-01 2.19728989e+08
4.27826000e-01 2.19775040e+08
4.27844000e-01 2.19182914e+08
4.27862000e-01 2.18013082e+08
4.27881000e-01 2.17380842e+08
4.27899000e-01 2.17534630e+08
4.27917000e-01 2.17744165e+08
4.27936000e-01 2.17188395e+08
4.27954000e-01 2.16481140e+08
4.27972000e-01 2.15813876e+08
4.27991000e-01 2.14481773e+08
4.28009000e-01 2.13320425e+08
4.28027000e-01 2.12998306e+08
4.28046000e-01 2.12902567e+08
4.28064000e-01 2.12509069e+08
4.28082000e-01 2.11746066e+08
4.28101000e-01 2.10825762e+08
4.28119000e-01 2.09193354e+08
4.28137000e-01 2.06790673e+08
4.28156000e-01 2.04854325e+08
4.28174000e-01 2.04543113e+08
4.28192000e-01 2.04285103e+08
4.28211000e-01 2.04423136e+08
4.28229000e-01 2.05548128e+08
4.28247000e-01 2.06273562e+08
4.28266000e-01 2.05272061e+08
4.28284000e-01 2.03871002e+08
4.28302000e-01 2.02477093e+08
4.28321000e-01 2.00958481e+08
4.28339000e-01 2.00179846e+08
4.28357000e-01 2.00718770e+08
4.28376000e-01 2.01188618e+08
4.28394000e-01 2.01932109e+08
4.28412000e-01 2.03546459e+08
4.28431000e-01 2.04328730e+08
4.28449000e-01 2.04545415e+08
4.28467000e-01 2.04918433e+08
4.28486000e-01 2.04652061e+08
4.28504000e-01 2.03881788e+08
4.28522000e-01 2.02932398e+08
4.28541000e-01 2.01507101e+08
4.28559000e-01 2.00076836e+08
4.28578000e-01 1.99518642e+08
4.28596000e-01 1.99845608e+08
4.28614000e-01 2.01104998e+08
4.28633000e-01 2.02555744e+08
4.28651000e-01 2.04503121e+08
4.28669000e-01 2.06669606e+08
4.28688000e-01 2.07964140e+08
4.28706000e-01 2.07967776e+08
4.28725000e-01 2.06634461e+08
4.28743000e-01 2.03432542e+08
4.28761000e-01 1.99283657e+08
4.28780000e-01 1.95000375e+08
4.28798000e-01 1.90953167e+08
4.28816000e-01 1.87423070e+08
4.28835000e-01 1.85594458e+08
4.28853000e-01 1.83872492e+08
4.28872000e-01 1.81580093e+08
4.28890000e-01 1.80853447e+08
4.28908000e-01 1.81016930e+08
4.28927000e-01 1.79836192e+08
4.28945000e-01 1.78453189e+08
4.28964000e-01 1.77939714e+08
4.28982000e-01 1.77047283e+08
4.29000000e-01 1.77070309e+08
4.29019000e-01 1.78071810e+08
4.29037000e-01 1.79124088e+08
4.29056000e-01 1.79653318e+08
4.29074000e-01 1.79855582e+08
4.29092000e-01 1.79941504e+08
4.29111000e-01 1.79423303e+08
4.29129000e-01 1.78694233e+08
4.29148000e-01 1.78705140e+08
4.29166000e-01 1.79417243e+08
4.29185000e-01 1.79362708e+08
4.29203000e-01 1.79345742e+08
4.29221000e-01 1.79792564e+08
4.29240000e-01 1.79654530e+08
4.29258000e-01 1.78350301e+08
4.29277000e-01 1.78353936e+08
4.29295000e-01 1.79390582e+08
4.29314000e-01 1.80858294e+08
4.29332000e-01 1.83030839e+08
4.29350000e-01 1.84906714e+08
4.29369000e-01 1.86253238e+08
4.29387000e-01 1.88154563e+08
4.29406000e-01 1.89416377e+08
4.29424000e-01 1.90013472e+08
4.29443000e-01 1.92480262e+08
4.29461000e-01 1.95915832e+08
4.29479000e-01 1.99447141e+08
4.29498000e-01 2.02946940e+08
4.29516000e-01 2.05716459e+08
4.29535000e-01 2.06494004e+08
4.29553000e-01 2.05860673e+08
4.29572000e-01 2.04621764e+08
4.29590000e-01 2.03665103e+08
4.29609000e-01 2.03248457e+08
4.29627000e-01 2.02785881e+08
4.29646000e-01 2.01970889e+08
4.29664000e-01 2.01259998e+08
4.29682000e-01 2.00466820e+08
4.29701000e-01 1.99461683e+08
4.29719000e-01 1.97571265e+08
4.29738000e-01 1.94614026e+08
4.29756000e-01 1.91237717e+08
4.29775000e-01 1.88232124e+08
4.29793000e-01 1.85312332e+08
4.29812000e-01 1.83115550e+08
4.29830000e-01 1.81416609e+08
4.29849000e-01 1.79271817e+08
4.29867000e-01 1.77397275e+08
4.29886000e-01 1.75663069e+08
4.29904000e-01 1.73258085e+08
4.29923000e-01 1.71272050e+08
4.29941000e-01 1.68764056e+08
4.29960000e-01 1.65209721e+08
4.29978000e-01 1.62115660e+08
4.29997000e-01 1.60755684e+08
4.30015000e-01 1.59365411e+08
4.30034000e-01 1.58505579e+08
4.30052000e-01 1.58027248e+08
4.30071000e-01 1.57230435e+08
4.30089000e-01 1.55987890e+08
4.30108000e-01 1.54543203e+08
4.30126000e-01 1.52576558e+08
4.30145000e-01 1.50820538e+08
4.30163000e-01 1.49524792e+08
4.30182000e-01 1.48150273e+08
4.30200000e-01 1.46281790e+08
4.30219000e-01 1.44778933e+08
4.30237000e-01 1.43801669e+08
4.30256000e-01 1.44054711e+08
4.30274000e-01 1.44698948e+08
4.30293000e-01 1.46309663e+08
4.30311000e-01 1.48531774e+08
4.30330000e-01 1.50147215e+08
4.30348000e-01 1.50902946e+08
4.30367000e-01 1.51784592e+08
4.30385000e-01 1.52637152e+08
4.30404000e-01 1.53919568e+08
4.30422000e-01 1.55108789e+08
4.30441000e-01 1.55952867e+08
4.30459000e-01 1.58304527e+08
4.30478000e-01 1.62467955e+08
4.30496000e-01 1.64638076e+08
4.30515000e-01 1.64389882e+08
4.30533000e-01 1.64388670e+08
4.30552000e-01 1.63299913e+08
4.30571000e-01 1.60672064e+08
4.30589000e-01 1.59346021e+08
4.30608000e-01 1.58942827e+08
4.30626000e-01 1.57613148e+08
4.30645000e-01 1.55421213e+08
4.30663000e-01 1.53190498e+08
4.30682000e-01 1.50815690e+08
4.30700000e-01 1.49018588e+08
4.30719000e-01 1.48101919e+08
4.30737000e-01 1.47647826e+08
4.30756000e-01 1.46284214e+08
4.30775000e-01 1.44619085e+08
4.30793000e-01 1.43098050e+08
4.30812000e-01 1.40970345e+08
4.30830000e-01 1.39025392e+08
4.30849000e-01 1.37919790e+08
4.30867000e-01 1.37130248e+08
4.30886000e-01 1.36305561e+08
4.30904000e-01 1.35543771e+08
4.30923000e-01 1.34706965e+08
4.30942000e-01 1.34210456e+08
4.30960000e-01 1.34325585e+08
4.30979000e-01 1.33377286e+08
4.30997000e-01 1.31170930e+08
4.31016000e-01 1.29356739e+08
4.31034000e-01 1.28253561e+08
4.31053000e-01 1.25787983e+08
4.31072000e-01 1.23885447e+08
4.31090000e-01 1.23284837e+08
4.31109000e-01 1.22119853e+08
4.31127000e-01 1.20744510e+08
4.31146000e-01 1.21791675e+08
4.31165000e-01 1.25051643e+08
4.31183000e-01 1.29142478e+08
4.31202000e-01 1.34032430e+08
4.31220000e-01 1.38860697e+08
4.31239000e-01 1.42319414e+08
4.31258000e-01 1.43976060e+08
4.31276000e-01 1.45785281e+08
4.31295000e-01 1.48152696e+08
4.31313000e-01 1.50607489e+08
4.31332000e-01 1.52727922e+08
4.31351000e-01 1.54497152e+08
4.31369000e-01 1.56103019e+08
4.31388000e-01 1.57483476e+08
4.31406000e-01 1.59464664e+08
4.31425000e-01 1.62679913e+08
4.31444000e-01 1.66802137e+08
4.31462000e-01 1.70731913e+08
4.31481000e-01 1.74637330e+08
4.31499000e-01 1.78260621e+08
4.31518000e-01 1.81659956e+08
4.31537000e-01 1.84436746e+08
4.31555000e-01 1.87535775e+08
4.31574000e-01 1.91751193e+08
4.31593000e-01 1.95993392e+08
4.31611000e-01 2.00434099e+08
4.31630000e-01 2.06202182e+08
4.31648000e-01 2.12838459e+08
4.31667000e-01 2.18629446e+08
4.31686000e-01 2.22711678e+08
4.31704000e-01 2.25323893e+08
4.31723000e-01 2.26962361e+08
4.31742000e-01 2.27377673e+08
4.31760000e-01 2.28566895e+08
4.31779000e-01 2.31455178e+08
4.31798000e-01 2.34921045e+08
4.31816000e-01 2.37998140e+08
4.31835000e-01 2.41166126e+08
4.31854000e-01 2.44605452e+08
4.31872000e-01 2.47474224e+08
4.31891000e-01 2.49974947e+08
4.31909000e-01 2.51974313e+08
4.31928000e-01 2.53148992e+08
4.31947000e-01 2.52612612e+08
4.31965000e-01 2.52165670e+08
4.31984000e-01 2.51814466e+08
4.32003000e-01 2.51660678e+08
4.32021000e-01 2.52465974e+08
4.32040000e-01 2.54111834e+08
4.32059000e-01 2.55573487e+08
4.32077000e-01 2.57429972e+08
4.32096000e-01 2.59280277e+08
4.32115000e-01 2.59688439e+08
4.32133000e-01 2.58218303e+08
4.32152000e-01 2.54852901e+08
4.32171000e-01 2.49712210e+08
4.32189000e-01 2.43238205e+08
4.32208000e-01 2.37663902e+08
4.32227000e-01 2.33028204e+08
4.32246000e-01 2.29373404e+08
4.32264000e-01 2.26497361e+08
4.32283000e-01 2.24333300e+08
4.32302000e-01 2.21756228e+08
4.32320000e-01 2.18727488e+08
4.32339000e-01 2.14640409e+08
4.32358000e-01 2.10185160e+08
4.32376000e-01 2.05476748e+08
4.32395000e-01 1.99581539e+08
4.32414000e-01 1.93458737e+08
4.32432000e-01 1.88462139e+08
4.32451000e-01 1.84471890e+08
4.32470000e-01 1.81010871e+08
4.32489000e-01 1.78445918e+08
4.32507000e-01 1.76736071e+08
4.32526000e-01 1.74708832e+08
4.32545000e-01 1.71727355e+08
4.32563000e-01 1.69128469e+08
4.32582000e-01 1.67336214e+08
4.32601000e-01 1.65506390e+08
4.32620000e-01 1.63257619e+08
4.32638000e-01 1.61571888e+08
4.32657000e-01 1.61191599e+08
4.32676000e-01 1.61811599e+08
4.32694000e-01 1.63629303e+08
4.32713000e-01 1.67156976e+08
4.32732000e-01 1.72303727e+08
4.32751000e-01 1.77113815e+08
4.32769000e-01 1.81140421e+08
4.32788000e-01 1.85284458e+08
4.32807000e-01 1.89332878e+08
4.32825000e-01 1.92182381e+08
4.32844000e-01 1.94942204e+08
4.32863000e-01 1.97765046e+08
4.32882000e-01 2.00007879e+08
4.32900000e-01 2.02002398e+08
4.32919000e-01 2.04455857e+08
4.32938000e-01 2.07748546e+08
4.32957000e-01 2.12236516e+08
4.32975000e-01 2.17009157e+08
4.32994000e-01 2.21667882e+08
4.33013000e-01 2.26186028e+08
4.33032000e-01 2.30022489e+08
4.33050000e-01 2.33292273e+08
4.33069000e-01 2.36454200e+08
4.33088000e-01 2.38821615e+08
4.33107000e-01 2.40253092e+08
4.33125000e-01 2.40255516e+08
4.33144000e-01 2.39964906e+08
4.33163000e-01 2.39175243e+08
4.33182000e-01 2.38884633e+08
4.33200000e-01 2.39101439e+08
4.33219000e-01 2.39149793e+08
4.33238000e-01 2.38239184e+08
4.33257000e-01 2.37275251e+08
4.33276000e-01 2.36606776e+08
4.33294000e-01 2.36220427e+08
4.33313000e-01 2.35791784e+08
4.33332000e-01 2.35346053e+08
4.33351000e-01 2.34728477e+08
4.33369000e-01 2.33476358e+08
4.33388000e-01 2.32515940e+08
4.33407000e-01 2.32354881e+08
4.33426000e-01 2.33211077e+08
4.33445000e-01 2.35217714e+08
4.33463000e-01 2.37637362e+08
4.33482000e-01 2.39610067e+08
4.33501000e-01 2.41351423e+08
4.33520000e-01 2.41851567e+08
4.33539000e-01 2.39749312e+08
4.33557000e-01 2.37019665e+08
4.33576000e-01 2.33701526e+08
4.33595000e-01 2.29622931e+08
4.33614000e-01 2.25735570e+08
4.33633000e-01 2.22715313e+08
4.33651000e-01 2.20054743e+08
4.33670000e-01 2.17929462e+08
4.33689000e-01 2.16481140e+08
4.33708000e-01 2.14076035e+08
4.33727000e-01 2.12413330e+08
4.33745000e-01 2.10846364e+08
4.33764000e-01 2.08845786e+08
4.33783000e-01 2.05907815e+08
4.33802000e-01 2.03147992e+08
4.33821000e-01 1.99816523e+08
4.33839000e-01 1.95993392e+08
4.33858000e-01 1.91516329e+08
4.33877000e-01 1.87191843e+08
4.33896000e-01 1.83036898e+08
4.33915000e-01 1.78638487e+08
4.33934000e-01 1.74011271e+08
4.33952000e-01 1.70024658e+08
4.33971000e-01 1.66013806e+08
4.33990000e-01 1.62015074e+08
4.34009000e-01 1.57951021e+08
4.34028000e-01 1.53810498e+08
4.34047000e-01 1.51462473e+08
4.34065000e-01 1.51000987e+08
4.34084000e-01 1.51288083e+08
4.34103000e-01 1.52950788e+08
4.34122000e-01 1.55271061e+08
4.34141000e-01 1.57270427e+08
4.34160000e-01 1.57576791e+08
4.34179000e-01 1.58604954e+08
4.34197000e-01 1.58772072e+08
4.34216000e-01 1.59119641e+08
4.34235000e-01 1.59131638e+08
4.34254000e-01 1.60211912e+08
4.34273000e-01 1.59861920e+08
4.34292000e-01 1.59917666e+08
4.34311000e-01 1.61368413e+08
4.34329000e-01 1.63549440e+08
4.34348000e-01 1.65935155e+08
4.34367000e-01 1.69644368e+08
4.34386000e-01 1.74458093e+08
4.34405000e-01 1.78984843e+08
4.34424000e-01 1.83162813e+08
4.34443000e-01 1.87826385e+08
4.34461000e-01 1.92064949e+08
4.34480000e-01 1.95496884e+08
4.34499000e-01 1.97765046e+08
4.34518000e-01 2.00096226e+08
4.34537000e-01 2.02511026e+08
4.34556000e-01 2.04811909e+08
4.34575000e-01 2.06753104e+08
4.34594000e-01 2.08246267e+08
4.34613000e-01 2.08570809e+08
4.34631000e-01 2.07470055e+08
4.34650000e-01 2.06084629e+08
4.34669000e-01 2.04850689e+08
4.34688000e-01 2.04474035e+08
4.34707000e-01 2.05074645e+08
4.34726000e-01 2.05950231e+08
4.34745000e-01 2.07644445e+08
4.34764000e-01 2.09098827e+08
4.34783000e-01 2.10312287e+08
4.34802000e-01 2.12597415e+08
4.34820000e-01 2.15429951e+08
4.34839000e-01 2.17231902e+08
4.34858000e-01 2.18538555e+08
4.34877000e-01 2.19535208e+08
4.34896000e-01 2.18681557e+08
4.34915000e-01 2.16774173e+08
4.34934000e-01 2.15136918e+08
4.34953000e-01 2.13454823e+08
4.34972000e-01 2.11463940e+08
4.34991000e-01 2.08731869e+08
4.35010000e-01 2.06064027e+08
4.35029000e-01 2.02883922e+08
4.35047000e-01 1.99574267e+08
4.35066000e-01 1.96623087e+08
4.35085000e-01 1.94456602e+08
4.35104000e-01 1.91810575e+08
4.35123000e-01 1.89458793e+08
4.35142000e-01 1.89003488e+08
4.35161000e-01 1.88217581e+08
4.35180000e-01 1.87995928e+08
4.35199000e-01 1.89542413e+08
4.35218000e-01 1.91430286e+08
4.35237000e-01 1.92629202e+08
4.35256000e-01 1.94494171e+08
4.35275000e-01 1.96068408e+08
4.35294000e-01 1.96004299e+08
4.35313000e-01 1.95877173e+08
4.35331000e-01 1.95060969e+08
4.35350000e-01 1.93077236e+08
4.35369000e-01 1.91768159e+08
4.35388000e-01 1.91934066e+08
4.35407000e-01 1.91712533e+08
4.35426000e-01 1.91512694e+08
4.35445000e-01 1.92403913e+08
4.35464000e-01 1.92793897e+08
4.35483000e-01 1.92767236e+08
4.35502000e-01 1.93275864e+08
4.35521000e-01 1.95109323e+08
4.35540000e-01 1.98943360e+08
4.35559000e-01 2.04279043e+08
4.35578000e-01 2.10326829e+08
4.35597000e-01 2.16439936e+08
4.35616000e-01 2.22298789e+08
4.35635000e-01 2.27010715e+08
4.35654000e-01 2.30456101e+08
4.35673000e-01 2.33230467e+08
4.35692000e-01 2.35189841e+08
4.35711000e-01 2.35853469e+08
4.35730000e-01 2.35859528e+08
4.35749000e-01 2.35636784e+08
4.35768000e-01 2.34652249e+08
4.35787000e-01 2.32746077e+08
4.35806000e-01 2.30981695e+08
4.35825000e-01 2.30167794e+08
4.35844000e-01 2.28681903e+08
4.35863000e-01 2.28013428e+08
4.35882000e-01 2.29163990e+08
4.35901000e-01 2.30419744e+08
4.35920000e-01 2.29989889e+08
4.35939000e-01 2.30690964e+08
4.35958000e-01 2.31547160e+08
4.35977000e-01 2.33075467e+08
4.35996000e-01 2.34957402e+08
4.36015000e-01 2.37810540e+08
4.36034000e-01 2.40399609e+08
4.36053000e-01 2.42299722e+08
4.36072000e-01 2.42966985e+08
4.36091000e-01 2.42253670e+08
4.36110000e-01 2.40496439e+08
4.36129000e-01 2.38040556e+08
4.36148000e-01 2.35342417e+08
4.36167000e-01 2.32555932e+08
4.36186000e-01 2.29788838e+08
4.36205000e-01 2.28341606e+08
4.36224000e-01 2.28665058e+08
4.36243000e-01 2.29016140e+08
4.36262000e-01 2.29604752e+08
4.36281000e-01 2.31388525e+08
4.36300000e-01 2.32997906e+08
4.36319000e-01 2.34959825e+08
4.36338000e-01 2.37514962e+08
4.36357000e-01 2.40073855e+08
4.36376000e-01 2.43128045e+08
4.36395000e-01 2.46374682e+08
4.36414000e-01 2.47471801e+08
4.36433000e-01 2.48539955e+08
4.36453000e-01 2.50337058e+08
4.36472000e-01 2.50884466e+08
4.36491000e-01 2.49329497e+08
4.36510000e-01 2.47855725e+08
4.36529000e-01 2.46277852e+08
4.36548000e-01 2.44026536e+08
4.36567000e-01 2.41921857e+08
4.36586000e-01 2.39511904e+08
4.36605000e-01 2.36504978e+08
4.36624000e-01 2.33247433e+08
4.36643000e-01 2.30635339e+08
4.36662000e-01 2.28397352e+08
4.36681000e-01 2.28120073e+08
4.36700000e-01 2.29341895e+08
4.36719000e-01 2.31564127e+08
4.36738000e-01 2.33074255e+08
4.36758000e-01 2.35160756e+08
4.36777000e-01 2.36928895e+08
4.36796000e-01 2.37380564e+08
4.36815000e-01 2.35091800e+08
4.36834000e-01 2.32938645e+08
4.36853000e-01 2.29859006e+08
4.36872000e-01 2.26849655e+08
4.36891000e-01 2.24715891e+08
4.36910000e-01 2.24103163e+08
4.36929000e-01 2.22577280e+08
4.36948000e-01 2.20966686e+08
4.36967000e-01 2.17896741e+08
4.36987000e-01 2.14455112e+08
4.37006000e-01 2.12478772e+08
4.37025000e-01 2.11985898e+08
4.37044000e-01 2.12056066e+08
4.37063000e-01 2.12693154e+08
4.37082000e-01 2.13435433e+08
4.37101000e-01 2.13129068e+08
4.37120000e-01 2.12444839e+08
4.37139000e-01 2.13137552e+08
4.37158000e-01 2.14728755e+08
4.37178000e-01 2.16886757e+08
4.37197000e-01 2.18254005e+08
4.37216000e-01 2.19580048e+08
4.37235000e-01 2.19250658e+08
4.37254000e-01 2.17267046e+08
4.37273000e-01 2.13954967e+08
4.37292000e-01 2.11322271e+08
4.37311000e-01 2.08029582e+08
4.37331000e-01 2.05434332e+08
4.37350000e-01 2.05212679e+08
4.37369000e-01 2.05692342e+08
4.37388000e-01 2.05938112e+08
4.37407000e-01 2.06007190e+08
4.37426000e-01 2.03725576e+08
4.37445000e-01 2.00976659e+08
4.37464000e-01 1.99111691e+08
4.37484000e-01 1.98557012e+08
4.37503000e-01 1.99160166e+08
4.37522000e-01 2.01370279e+08
4.37541000e-01 2.03399821e+08
4.37560000e-01 2.03132237e+08
4.37579000e-01 2.02330576e+08
4.37598000e-01 2.01450142e+08
4.37618000e-01 2.00206507e+08
4.37637000e-01 1.99949709e+08
4.37656000e-01 2.01038465e+08
4.37675000e-01 2.01597871e+08
4.37694000e-01 2.01909083e+08
4.37713000e-01 2.03288449e+08
4.37733000e-01 2.03481018e+08
4.37752000e-01 2.03039044e+08
4.37771000e-01 2.03602085e+08
4.37790000e-01 2.05339926e+08
4.37809000e-01 2.06974758e+08
4.37828000e-01 2.08145801e+08
4.37848000e-01 2.10810007e+08
4.37867000e-01 2.13417254e+08
4.37886000e-01 2.14852367e+08
4.37905000e-01 2.15324639e+08
4.37924000e-01 2.16247367e+08
4.37943000e-01 2.18538555e+08
4.37963000e-01 2.21587898e+08
4.37982000e-01 2.24774062e+08
4.38001000e-01 2.28642032e+08
4.38020000e-01 2.32438501e+08
4.38039000e-01 2.34727265e+08
4.38059000e-01 2.35131792e+08
4.38078000e-01 2.35772394e+08
4.38097000e-01 2.35901944e+08
4.38116000e-01 2.34665459e+08
4.38135000e-01 2.32649247e+08
4.38154000e-01 2.29509014e+08
4.38174000e-01 2.24588765e+08
4.38193000e-01 2.19144133e+08
4.38212000e-01 2.13872559e+08
4.38231000e-01 2.08144590e+08
4.38251000e-01 2.03530705e+08
4.38270000e-01 2.00346964e+08
4.38289000e-01 1.97658521e+08
4.38308000e-01 1.94329476e+08
4.38327000e-01 1.90925294e+08
4.38347000e-01 1.87073199e+08
4.38366000e-01 1.82953278e+08
4.38385000e-01 1.79271817e+08
4.38404000e-01 1.77561970e+08
4.38423000e-01 1.76493815e+08
4.38443000e-01 1.76894707e+08
4.38462000e-01 1.78035453e+08
4.38481000e-01 1.79621809e+08
4.38500000e-01 1.81163447e+08
4.38520000e-01 1.81025413e+08
4.38539000e-01 1.80168005e+08
4.38558000e-01 1.78682114e+08
4.38577000e-01 1.76509570e+08
4.38596000e-01 1.74228077e+08
4.38616000e-01 1.72700982e+08
4.38635000e-01 1.72455091e+08
4.38654000e-01 1.74241408e+08
4.38673000e-01 1.77278510e+08
4.38693000e-01 1.82279956e+08
4.38712000e-01 1.88810920e+08
4.38731000e-01 1.95714901e+08
4.38750000e-01 2.02190119e+08
4.38770000e-01 2.08619285e+08
4.38789000e-01 2.13787849e+08
4.38808000e-01 2.17270682e+08
4.38827000e-01 2.20002753e+08
4.38847000e-01 2.22870313e+08
4.38866000e-01 2.26142521e+08
4.38885000e-01 2.29033107e+08
4.38904000e-01 2.30921101e+08
4.38924000e-01 2.31772449e+08
4.38943000e-01 2.31489111e+08
4.38962000e-01 2.30832633e+08
4.38982000e-01 2.29791261e+08
4.39001000e-01 2.28301735e+08
4.39020000e-01 2.27271149e+08
4.39039000e-01 2.26471911e+08
4.39059000e-01 2.25190586e+08
4.39078000e-01 2.24172240e+08
4.39097000e-01 2.24316333e+08
4.39117000e-01 2.25350434e+08
4.39136000e-01 2.26878741e+08
4.39155000e-01 2.28720683e+08
4.39174000e-01 2.30307160e+08
4.39194000e-01 2.31344897e+08
4.39213000e-01 2.30965941e+08
4.39232000e-01 2.29517497e+08
4.39252000e-01 2.27969921e+08
4.39271000e-01 2.27074945e+08
4.39290000e-01 2.26800089e+08
4.39309000e-01 2.27584784e+08
4.39329000e-01 2.28721895e+08
4.39348000e-01 2.29327473e+08
4.39367000e-01 2.28884166e+08
4.39387000e-01 2.27593267e+08
4.39406000e-01 2.26806149e+08
4.39425000e-01 2.26687384e+08
4.39445000e-01 2.27245699e+08
4.39464000e-01 2.28205996e+08
4.39483000e-01 2.29052497e+08
4.39502000e-01 2.29091277e+08
4.39522000e-01 2.28729166e+08
4.39541000e-01 2.28035242e+08
4.39560000e-01 2.27703428e+08
4.39580000e-01 2.27927505e+08
4.39599000e-01 2.28191453e+08
4.39618000e-01 2.28724319e+08
4.39638000e-01 2.28983541e+08
4.39657000e-01 2.28862352e+08
4.39676000e-01 2.28166125e+08
4.39696000e-01 2.27268725e+08
4.39715000e-01 2.26677689e+08
4.39734000e-01 2.27062826e+08
4.39754000e-01 2.28325972e+08
4.39773000e-01 2.29745210e+08
4.39792000e-01 2.30516574e+08
4.39812000e-01 2.29497016e+08
4.39831000e-01 2.27531461e+08
4.39850000e-01 2.25557545e+08
4.39870000e-01 2.23988155e+08
4.39889000e-01 2.23341494e+08
4.39909000e-01 2.24120129e+08
4.39928000e-01 2.24916943e+08
4.39947000e-01 2.25256028e+08
4.39967000e-01 2.24600883e+08
4.39986000e-01 2.22844985e+08
4.40005000e-01 2.20608210e+08
4.40025000e-01 2.18969743e+08
4.40044000e-01 2.18378708e+08
4.40063000e-01 2.19147769e+08
4.40083000e-01 2.21194278e+08
4.40102000e-01 2.23571509e+08
4.40121000e-01 2.25277842e+08
4.40141000e-01 2.25826462e+08
4.40160000e-01 2.25753749e+08
4.40180000e-01 2.25352858e+08
4.40199000e-01 2.25096180e+08
4.40218000e-01 2.25179679e+08
4.40238000e-01 2.25154351e+08
4.40257000e-01 2.24393773e+08
4.40276000e-01 2.22525169e+08
4.40296000e-01 2.19170795e+08
4.40315000e-01 2.14745722e+08
4.40335000e-01 2.10382455e+08
4.40354000e-01 2.06537631e+08
4.40373000e-01 2.03933899e+08
4.40393000e-01 2.03239974e+08
4.40412000e-01 2.03807984e+08
4.40432000e-01 2.04664180e+08
4.40451000e-01 2.05626901e+08
4.40470000e-01 2.06836724e+08
4.40490000e-01 2.08314132e+08
4.40509000e-01 2.10318346e+08
4.40529000e-01 2.12569542e+08
4.40548000e-01 2.14794197e+08
4.40567000e-01 2.16186894e+08
4.40587000e-01 2.16017352e+08
4.40606000e-01 2.14045738e+08
4.40626000e-01 2.11724253e+08
4.40645000e-01 2.09397920e+08
4.40665000e-01 2.06889926e+08
4.40684000e-01 2.04380720e+08
4.40703000e-01 2.02879196e+08
4.40723000e-01 2.01758930e+08
4.40742000e-01 2.00566073e+08
4.40762000e-01 1.99834701e+08
4.40781000e-01 2.00206507e+08
4.40800000e-01 2.01625744e+08
4.40820000e-01 2.04349333e+08
4.40839000e-01 2.08701693e+08
4.40859000e-01 2.14157231e+08
4.40878000e-01 2.19595803e+08
4.40898000e-01 2.24394984e+08
4.40917000e-01 2.27994159e+08
4.40937000e-01 2.30095202e+08
4.40956000e-01 2.31102762e+08
4.40975000e-01 2.31966230e+08
4.40995000e-01 2.32793340e+08
4.41014000e-01 2.33719705e+08
4.41034000e-01 2.34755138e+08
4.41053000e-01 2.35734825e+08
4.41073000e-01 2.36102996e+08
4.41092000e-01 2.36203461e+08
4.41112000e-01 2.36696334e+08
4.41131000e-01 2.38013894e+08
4.41151000e-01 2.39616126e+08
4.41170000e-01 2.41689296e+08
4.41189000e-01 2.44239706e+08
4.41209000e-01 2.46597547e+08
4.41228000e-01 2.47882387e+08
4.41248000e-01 2.48628423e+08
4.41267000e-01 2.49426448e+08
4.41287000e-01 2.49755838e+08
4.41306000e-01 2.49193888e+08
4.41326000e-01 2.47796464e+08
4.41345000e-01 2.45327129e+08
4.41365000e-01 2.41762009e+08
4.41384000e-01 2.37446005e+08
4.41404000e-01 2.33168661e+08
4.41423000e-01 2.29903845e+08
4.41443000e-01 2.28225386e+08
4.41462000e-01 2.27827040e+08
4.41482000e-01 2.27973557e+08
4.41501000e-01 2.27765234e+08
4.41521000e-01 2.27021622e+08
4.41540000e-01 2.26130402e+08
4.41560000e-01 2.24718315e+08
4.41579000e-01 2.23267569e+08
4.41599000e-01 2.22148636e+08
4.41618000e-01 2.21441381e+08
4.41638000e-01 2.20879430e+08
4.41657000e-01 2.20129880e+08
4.41677000e-01 2.19392327e+08
4.41696000e-01 2.19479583e+08
4.41716000e-01 2.20309118e+08
4.41735000e-01 2.21271838e+08
4.41755000e-01 2.22892127e+08
4.41774000e-01 2.25229367e+08
4.41794000e-01 2.27414030e+08
4.41813000e-01 2.28945972e+08
4.41833000e-01 2.30552931e+08
4.41852000e-01 2.33321358e+08
4.41872000e-01 2.37066928e+08
4.41891000e-01 2.41539144e+08
4.41911000e-01 2.47114658e+08
4.41930000e-01 2.52853535e+08
4.41950000e-01 2.57168327e+08
4.41969000e-01 2.59642388e+08
4.41989000e-01 2.60739628e+08
4.42008000e-01 2.60867966e+08
4.42028000e-01 2.60668126e+08
4.42048000e-01 2.60513126e+08
4.42067000e-01 2.60728721e+08
4.42087000e-01 2.60740839e+08
4.42106000e-01 2.60515550e+08
4.42126000e-01 2.60360550e+08
4.42145000e-01 2.59429339e+08
4.42165000e-01 2.58150437e+08
4.42184000e-01 2.57614058e+08
4.42204000e-01 2.57341505e+08
4.42223000e-01 2.56272260e+08
4.42243000e-01 2.55044258e+08
4.42263000e-01 2.53689129e+08
4.42282000e-01 2.52036119e+08
4.42302000e-01 2.50156608e+08
4.42321000e-01 2.49043735e+08
4.42341000e-01 2.49066761e+08
4.42360000e-01 2.49185404e+08
4.42380000e-01 2.48468454e+08
4.42400000e-01 2.47440413e+08
4.42419000e-01 2.46134971e+08
4.42439000e-01 2.43932130e+08
4.42458000e-01 2.41737771e+08
4.42478000e-01 2.40524312e+08
4.42497000e-01 2.40164625e+08
4.42517000e-01 2.40209465e+08
4.42537000e-01 2.40550973e+08
4.42556000e-01 2.40277330e+08
4.42576000e-01 2.39003276e+08
4.42595000e-01 2.37550106e+08
4.42615000e-01 2.36408148e+08
4.42635000e-01 2.35814810e+08
4.42654000e-01 2.36724207e+08
4.42674000e-01 2.38994793e+08
4.42693000e-01 2.41102017e+08
4.42713000e-01 2.42596391e+08
4.42733000e-01 2.44075011e+08
4.42752000e-01 2.45000163e+08
4.42772000e-01 2.45370757e+08
4.42791000e-01 2.45692876e+08
4.42811000e-01 2.45758318e+08
4.42831000e-01 2.44991680e+08
4.42850000e-01 2.42956078e+08
4.42870000e-01 2.39911583e+08
4.42889000e-01 2.36621318e+08
4.42909000e-01 2.33771816e+08
4.42929000e-01 2.31739729e+08
4.42948000e-01 2.31338837e+08
4.42968000e-01 2.32250780e+08
4.42987000e-01 2.33355170e+08
4.43007000e-01 2.34273172e+08
4.43027000e-01 2.34635283e+08
4.43046000e-01 2.34225909e+08
4.43066000e-01 2.34206518e+08
4.43086000e-01 2.35260130e+08
4.43105000e-01 2.36639497e+08
4.43125000e-01 2.38643710e+08
4.43145000e-01 2.40630958e+08
4.43164000e-01 2.41329609e+08
4.43184000e-01 2.40753237e+08
4.43203000e-01 2.39354480e+08
4.43223000e-01 2.37048750e+08
4.43243000e-01 2.34837425e+08
4.43262000e-01 2.33703950e+08
4.43282000e-01 2.33461816e+08
4.43302000e-01 2.33638630e+08
4.43321000e-01 2.33454544e+08
4.43341000e-01 2.32305315e+08
4.43361000e-01 2.31038532e+08
4.43380000e-01 2.30265956e+08
4.43400000e-01 2.30037031e+08
4.43420000e-01 2.31079736e+08
4.43439000e-01 2.33628934e+08
4.43459000e-01 2.35423613e+08
4.43479000e-01 2.35886190e+08
4.43498000e-01 2.35686350e+08
4.43518000e-01 2.34344552e+08
4.43538000e-01 2.32138196e+08
4.43557000e-01 2.30884744e+08
4.43577000e-01 2.30389447e+08
4.43597000e-01 2.30253838e+08
4.43616000e-01 2.30877473e+08
4.43636000e-01 2.31865643e+08
4.43656000e-01 2.32530483e+08
4.43675000e-01 2.32811519e+08
4.43695000e-01 2.33181992e+08
4.43715000e-01 2.34492281e+08
4.43734000e-01 2.36901021e+08
4.43754000e-01 2.39367811e+08
4.43774000e-01 2.41640942e+08
4.43794000e-01 2.43384722e+08
4.43813000e-01 2.43641399e+08
4.43833000e-01 2.43434409e+08
4.43853000e-01 2.44437122e+08
4.43872000e-01 2.45936343e+08
4.43892000e-01 2.47320436e+08
4.43912000e-01 2.49763110e+08
4.43931000e-01 2.52257773e+08
4.43951000e-01 2.53541400e+08
4.43971000e-01 2.54703961e+08
4.43991000e-01 2.55865309e+08
4.44010000e-01 2.56065149e+08
4.44030000e-01 2.56463495e+08
4.44050000e-01 2.56818335e+08
4.44069000e-01 2.55813198e+08
4.44089000e-01 2.54224418e+08
4.44109000e-01 2.52671874e+08
4.44129000e-01 2.50014939e+08
4.44148000e-01 2.46506656e+08
4.44168000e-01 2.43526391e+08
4.44188000e-01 2.42193076e+08
4.44208000e-01 2.40915508e+08
4.44227000e-01 2.39016607e+08
4.44247000e-01 2.37477514e+08
4.44267000e-01 2.36262843e+08
4.44286000e-01 2.34030916e+08
4.44306000e-01 2.31882610e+08
4.44326000e-01 2.31452754e+08
4.44346000e-01 2.31697313e+08
4.44365000e-01 2.32120018e+08
4.44385000e-01 2.33185627e+08
4.44405000e-01 2.34827730e+08
4.44425000e-01 2.36184071e+08
4.44444000e-01 2.37539199e+08
4.44464000e-01 2.38922201e+08
4.44484000e-01 2.39861896e+08
4.44504000e-01 2.40674464e+08
4.44523000e-01 2.40949441e+08
4.44543000e-01 2.40217948e+08
4.44563000e-01 2.39338726e+08
4.44583000e-01 2.39601584e+08
4.44603000e-01 2.39476881e+08
4.44622000e-01 2.39246744e+08
4.44642000e-01 2.40386278e+08
4.44662000e-01 2.42791383e+08
4.44682000e-01 2.44940902e+08
4.44701000e-01 2.47193310e+08
4.44721000e-01 2.50271737e+08
4.44741000e-01 2.52859594e+08
4.44761000e-01 2.54395173e+08
4.44780000e-01 2.55428182e+08
4.44800000e-01 2.56944371e+08
4.44820000e-01 2.57791962e+08
4.44840000e-01 2.57787115e+08
4.44860000e-01 2.57184081e+08
4.44879000e-01 2.55322749e+08
4.44899000e-01 2.52640365e+08
4.44919000e-01 2.49810252e+08
4.44939000e-01 2.47393149e+08
4.44959000e-01 2.45700147e+08
4.44978000e-01 2.44657442e+08
4.44998000e-01 2.43393205e+08
4.45018000e-01 2.42470476e+08
4.45038000e-01 2.42267001e+08
4.45058000e-01 2.42506712e+08
4.45077000e-01 2.43022611e+08
4.45097000e-01 2.43814577e+08
4.45117000e-01 2.45088631e+08
4.45137000e-01 2.46341961e+08
4.45157000e-01 2.46493325e+08
4.45177000e-01 2.46293607e+08
4.45196000e-01 2.46470300e+08
4.45216000e-01 2.45574233e+08
4.45236000e-01 2.43990179e+08
4.45256000e-01 2.43148526e+08
4.45276000e-01 2.42267001e+08
4.45295000e-01 2.40411728e+08
4.45315000e-01 2.37603429e+08
4.45335000e-01 2.34231968e+08
4.45355000e-01 2.30053998e+08
4.45375000e-01 2.26413741e+08
4.45395000e-01 2.24656630e+08
4.45414000e-01 2.24012271e+08
4.45434000e-01 2.23765289e+08
4.45454000e-01 2.24356204e+08
4.45474000e-01 2.24328452e+08
4.45494000e-01 2.23311197e+08
4.45514000e-01 2.22520321e+08
4.45534000e-01 2.22175298e+08
4.45553000e-01 2.21259719e+08
4.45573000e-01 2.20587608e+08
4.45593000e-01 2.19395963e+08
4.45613000e-01 2.18646413e+08
4.45633000e-01 2.17661878e+08
4.45653000e-01 2.16263122e+08
4.45673000e-01 2.15340393e+08
4.45692000e-01 2.15173274e+08
4.45712000e-01 2.14708153e+08
4.45732000e-01 2.13706652e+08
4.45752000e-01 2.11852712e+08
4.45772000e-01 2.09683803e+08
4.45792000e-01 2.07861251e+08
4.45812000e-01 2.06579926e+08
4.45831000e-01 2.06891138e+08
4.45851000e-01 2.09407615e+08
4.45871000e-01 2.12472712e+08
4.45891000e-01 2.15552230e+08
4.45911000e-01 2.17857961e+08
4.45931000e-01 2.19825939e+08
4.45951000e-01 2.21034430e+08
4.45971000e-01 2.21498339e+08
4.45991000e-01 2.20668805e+08
4.46010000e-01 2.19411717e+08
4.46030000e-01 2.17331276e+08
4.46050000e-01 2.14886179e+08
4.46070000e-01 2.12450898e+08
4.46090000e-01 2.11037599e+08
4.46110000e-01 2.11161211e+08
4.46130000e-01 2.11398498e+08
4.46150000e-01 2.12433932e+08
4.46170000e-01 2.14417544e+08
4.46190000e-01 2.16586452e+08
4.46209000e-01 2.18099005e+08
4.46229000e-01 2.19651549e+08
4.46249000e-01 2.21976670e+08
4.46269000e-01 2.24723163e+08
4.46289000e-01 2.26728588e+08
4.46309000e-01 2.27750691e+08
4.46329000e-01 2.28631125e+08
4.46349000e-01 2.28708564e+08
4.46369000e-01 2.28341606e+08
4.46389000e-01 2.28806727e+08
4.46409000e-01 2.29930507e+08
4.46429000e-01 2.30865354e+08
4.46449000e-01 2.31968653e+08
4.46468000e-01 2.32727899e+08
4.46488000e-01 2.32290772e+08
4.46508000e-01 2.31933509e+08
4.46528000e-01 2.32465162e+08
4.46548000e-01 2.33671229e+08
4.46568000e-01 2.35386045e+08
4.46588000e-01 2.38644922e+08
4.46608000e-01 2.42275484e+08
4.46628000e-01 2.45480917e+08
4.46648000e-01 2.47620862e+08
4.46668000e-01 2.48584795e+08
4.46688000e-01 2.48093133e+08
4.46708000e-01 2.47218759e+08
4.46728000e-01 2.46428005e+08
4.46748000e-01 2.44948173e+08
4.46768000e-01 2.42422001e+08
4.46788000e-01 2.39676599e+08
4.46808000e-01 2.37465396e+08
4.46828000e-01 2.36302835e+08
4.46848000e-01 2.35895885e+08
4.46867000e-01 2.36203461e+08
4.46887000e-01 2.36955556e+08
4.46907000e-01 2.36917988e+08
4.46927000e-01 2.35757851e+08
4.46947000e-01 2.34584384e+08
4.46967000e-01 2.33551374e+08
4.46987000e-01 2.32874415e+08
4.47007000e-01 2.33132426e+08
4.47027000e-01 2.34617105e+08
4.47047000e-01 2.36891326e+08
4.47067000e-01 2.39949152e+08
4.47087000e-01 2.42620629e+08
4.47107000e-01 2.43727443e+08
4.47127000e-01 2.42885789e+08
4.47147000e-01 2.41123831e+08
4.47167000e-01 2.39065082e+08
4.47187000e-01 2.37920700e+08
4.47207000e-01 2.38298566e+08
4.47227000e-01 2.39409015e+08
4.47247000e-01 2.40592177e+08
4.47267000e-01 2.42323839e+08
4.47287000e-01 2.44567884e+08
4.47307000e-01 2.46624209e+08
4.47327000e-01 2.48748278e+08
4.47347000e-01 2.50922034e+08
4.47367000e-01 2.52914129e+08
4.47387000e-01 2.54647002e+08
4.47407000e-01 2.56137741e+08
4.47427000e-01 2.56990301e+08
4.47447000e-01 2.56446650e+08
4.47467000e-01 2.56069996e+08
4.47487000e-01 2.54626400e+08
4.47507000e-01 2.52704594e+08
4.47527000e-01 2.51838703e+08
4.47547000e-01 2.52377628e+08
4.47567000e-01 2.52381264e+08
4.47587000e-01 2.52555654e+08
4.47608000e-01 2.53180501e+08
4.47628000e-01 2.53896240e+08
4.47648000e-01 2.54883198e+08
4.47668000e-01 2.56378784e+08
4.47688000e-01 2.57979683e+08
4.47708000e-01 2.59328752e+08
4.47728000e-01 2.60270992e+08
4.47748000e-01 2.60944194e+08
4.47768000e-01 2.61104162e+08
4.47788000e-01 2.60555542e+08
4.47808000e-01 2.59189507e+08
4.47828000e-01 2.57458936e+08
4.47848000e-01 2.54535630e+08
4.47868000e-01 2.51395517e+08
4.47888000e-01 2.49346464e+08
4.47908000e-01 2.47843607e+08
4.47928000e-01 2.46021054e+08
4.47948000e-01 2.45857571e+08
4.47968000e-01 2.46184537e+08
4.47989000e-01 2.46033173e+08
4.48009000e-01 2.46373470e+08
4.48029000e-01 2.47523912e+08
4.48049000e-01 2.47092844e+08
4.48069000e-01 2.45255749e+08
4.48089000e-01 2.43771070e+08
4.48109000e-01 2.41416865e+08
4.48129000e-01 2.38145990e+08
4.48149000e-01 2.36411784e+08
4.48169000e-01 2.36220427e+08
4.48189000e-01 2.35744520e+08
4.48209000e-01 2.35583461e+08
4.48229000e-01 2.35556800e+08
4.48250000e-01 2.34491069e+08
4.48270000e-01 2.32203517e+08
4.48290000e-01 2.29901422e+08
4.48310000e-01 2.28709776e+08
4.48330000e-01 2.28329608e+08
4.48350000e-01 2.29426727e+08
4.48370000e-01 2.32661245e+08
4.48390000e-01 2.35916487e+08
4.48410000e-01 2.37875861e+08
4.48430000e-01 2.39396896e+08
4.48451000e-01 2.40033863e+08
4.48471000e-01 2.40650227e+08
4.48491000e-01 2.41855203e+08
4.48511000e-01 2.44416520e+08
4.48531000e-01 2.46771938e+08
4.48551000e-01 2.48935999e+08
4.48571000e-01 2.51332499e+08
4.48591000e-01 2.53485654e+08
4.48612000e-01 2.54988511e+08
4.48632000e-01 2.57323327e+08
4.48652000e-01 2.59322693e+08
4.48672000e-01 2.59753881e+08
4.48692000e-01 2.59857982e+08
4.48712000e-01 2.59792540e+08
4.48732000e-01 2.58505277e+08
4.48752000e-01 2.56825606e+08
4.48773000e-01 2.56038487e+08
4.48793000e-01 2.55167749e+08
4.48813000e-01 2.53833222e+08
4.48833000e-01 2.52949274e+08
4.48853000e-01 2.51990068e+08
4.48873000e-01 2.50450975e+08
4.48893000e-01 2.48268735e+08
4.48914000e-01 2.46748912e+08
4.48934000e-01 2.45937555e+08
4.48954000e-01 2.46345597e+08
4.48974000e-01 2.45915741e+08
4.48994000e-01 2.45690452e+08
4.49014000e-01 2.45133470e+08
4.49035000e-01 2.44547282e+08
4.49055000e-01 2.43894561e+08
4.49075000e-01 2.43859417e+08
4.49095000e-01 2.44451664e+08
4.49115000e-01 2.45445894e+08
4.49135000e-01 2.46143333e+08
4.49156000e-01 2.46946328e+08
4.49176000e-01 2.47625710e+08
4.49196000e-01 2.48336480e+08
4.49216000e-01 2.48892371e+08
4.49236000e-01 2.49097058e+08
4.49256000e-01 2.49090999e+08
4.49277000e-01 2.49053430e+08
4.49297000e-01 2.47565116e+08
4.49317000e-01 2.47195733e+08
4.49337000e-01 2.47491191e+08
4.49357000e-01 2.48088286e+08
4.49378000e-01 2.48407981e+08
4.49398000e-01 2.49677066e+08
4.49418000e-01 2.50547804e+08
4.49438000e-01 2.50754915e+08
4.49458000e-01 2.49600838e+08
4.49479000e-01 2.49282355e+08
4.49499000e-01 2.49734024e+08
4.49519000e-01 2.49036464e+08
4.49539000e-01 2.48265100e+08
4.49559000e-01 2.48106464e+08
4.49580000e-01 2.47579658e+08
4.49600000e-01 2.46264522e+08
4.49620000e-01 2.45679545e+08
4.49640000e-01 2.45474858e+08
4.49661000e-01 2.44715613e+08
4.49681000e-01 2.44005933e+08
4.49701000e-01 2.43444104e+08
4.49721000e-01 2.42363831e+08
4.49741000e-01 2.40883999e+08
4.49762000e-01 2.40393550e+08
4.49782000e-01 2.39812330e+08
4.49802000e-01 2.40864609e+08
4.49822000e-01 2.43175187e+08
4.49843000e-01 2.46040444e+08
4.49863000e-01 2.47808462e+08
4.49883000e-01 2.49775228e+08
4.49903000e-01 2.51388246e+08
4.49924000e-01 2.51910204e+08
4.49944000e-01 2.51855670e+08
4.49964000e-01 2.52077323e+08
4.49984000e-01 2.52554442e+08
4.50004000e-01 2.51844763e+08
4.50025000e-01 2.51521432e+08
4.50045000e-01 2.52114892e+08
4.50065000e-01 2.52406713e+08
4.50086000e-01 2.52169305e+08
4.50106000e-01 2.52019153e+08
4.50126000e-01 2.52044602e+08
4.50146000e-01 2.51686127e+08
4.50167000e-01 2.51962194e+08
4.50187000e-01 2.52116104e+08
4.50207000e-01 2.52964907e+08
4.50227000e-01 2.53895028e+08
4.50248000e-01 2.55350622e+08
4.50268000e-01 2.57020598e+08
4.50288000e-01 2.58840727e+08
4.50308000e-01 2.59724796e+08
4.50329000e-01 2.59457091e+08
4.50349000e-01 2.58553752e+08
4.50369000e-01 2.57485598e+08
4.50390000e-01 2.57150148e+08
4.50410000e-01 2.57294241e+08
4.50430000e-01 2.57444515e+08
4.50450000e-01 2.57376650e+08
4.50471000e-01 2.58243753e+08
4.50491000e-01 2.59380863e+08
4.50511000e-01 2.60641465e+08
4.50532000e-01 2.62474924e+08
4.50552000e-01 2.64239427e+08
4.50572000e-01 2.65629580e+08
4.50593000e-01 2.66749845e+08
4.50613000e-01 2.68372558e+08
4.50633000e-01 2.70030415e+08
4.50653000e-01 2.71368577e+08
4.50674000e-01 2.70956779e+08
4.50694000e-01 2.70445728e+08
4.50714000e-01 2.69420110e+08
4.50735000e-01 2.68446361e+08
4.50755000e-01 2.67905134e+08
4.50775000e-01 2.68189684e+08
4.50796000e-01 2.68069829e+08
4.50816000e-01 2.67562413e+08
4.50836000e-01 2.67414685e+08
4.50857000e-01 2.67740439e+08
4.50877000e-01 2.68401643e+08
4.50897000e-01 2.68545736e+08
4.50918000e-01 2.68210286e+08
4.50938000e-01 2.67799700e+08
4.50958000e-01 2.67242718e+08
4.50979000e-01 2.66453055e+08
4.50999000e-01 2.65932429e+08
4.51019000e-01 2.66197590e+08
4.51040000e-01 2.66023199e+08
4.51060000e-01 2.65724106e+08
4.51080000e-01 2.65569106e+08
4.51101000e-01 2.65375326e+08
4.51121000e-01 2.64519130e+08
4.51141000e-01 2.63809451e+08
4.51162000e-01 2.62787348e+08
4.51182000e-01 2.62821281e+08
4.51202000e-01 2.63458247e+08
4.51223000e-01 2.64801257e+08
4.51243000e-01 2.65771249e+08
4.51264000e-01 2.65882742e+08
4.51284000e-01 2.65096835e+08
4.51304000e-01 2.64086851e+08
4.51325000e-01 2.63178544e+08
4.51345000e-01 2.62484619e+08
4.51365000e-01 2.61921578e+08
4.51386000e-01 2.60595535e+08
4.51406000e-01 2.59495871e+08
4.51427000e-01 2.59223440e+08
4.51447000e-01 2.59482540e+08
4.51467000e-01 2.60456168e+08
4.51488000e-01 2.61794330e+08
4.51508000e-01 2.63153095e+08
4.51528000e-01 2.63747766e+08
4.51549000e-01 2.64060190e+08
4.51569000e-01 2.64490045e+08
4.51590000e-01 2.63943849e+08
4.51610000e-01 2.62793407e+08
4.51630000e-01 2.62042645e+08
4.51651000e-01 2.60641465e+08
4.51671000e-01 2.58760863e+08
4.51692000e-01 2.57261642e+08
4.51712000e-01 2.55393038e+08
4.51732000e-01 2.53536553e+08
4.51753000e-01 2.51975525e+08
4.51773000e-01 2.51812042e+08
4.51794000e-01 2.52915341e+08
4.51814000e-01 2.54786369e+08
4.51834000e-01 2.55177444e+08
4.51855000e-01 2.54703961e+08
4.51875000e-01 2.53954410e+08
4.51896000e-01 2.53931385e+08
4.51916000e-01 2.54155341e+08
4.51937000e-01 2.55305782e+08
4.51957000e-01 2.57210743e+08
4.51977000e-01 2.58431473e+08
4.51998000e-01 2.58616649e+08
4.52018000e-01 2.58231634e+08
4.52039000e-01 2.57683014e+08
4.52059000e-01 2.57413006e+08
4.52080000e-01 2.55891970e+08
4.52100000e-01 2.53546248e+08
4.52120000e-01 2.51488711e+08
4.52141000e-01 2.50214779e+08
4.52161000e-01 2.49353735e+08
4.52182000e-01 2.49829642e+08
4.52202000e-01 2.51584450e+08
4.52223000e-01 2.54546537e+08
4.52243000e-01 2.57308784e+08
4.52264000e-01 2.59652083e+08
4.52284000e-01 2.61864620e+08
4.52304000e-01 2.62657798e+08
4.52325000e-01 2.61690229e+08
4.52345000e-01 2.59590398e+08
4.52366000e-01 2.57926481e+08
4.52386000e-01 2.57475903e+08
4.52407000e-01 2.57984531e+08
4.52427000e-01 2.58660277e+08
4.52448000e-01 2.59910093e+08
4.52468000e-01 2.60113447e+08
4.52489000e-01 2.57597091e+08
4.52509000e-01 2.54511392e+08
4.52530000e-01 2.51179923e+08
4.52550000e-01 2.48530260e+08
4.52571000e-01 2.45092266e+08
4.52591000e-01 2.43114714e+08
4.52612000e-01 2.42234280e+08
4.52632000e-01 2.43014128e+08
4.52653000e-01 2.43754104e+08
4.52673000e-01 2.44811230e+08
4.52694000e-01 2.44311086e+08
4.52714000e-01 2.42058678e+08
4.52735000e-01 2.38967041e+08
4.52755000e-01 2.35436944e+08
4.52776000e-01 2.32633493e+08
4.52796000e-01 2.30724897e+08
4.52817000e-01 2.30253838e+08
4.52837000e-01 2.29694311e+08
4.52858000e-01 2.29890515e+08
4.52878000e-01 2.31246855e+08
4.52899000e-01 2.32838059e+08
4.52919000e-01 2.32657731e+08
4.52940000e-01 2.31280788e+08
4.52960000e-01 2.28325972e+08
4.52981000e-01 2.24178178e+08
4.53001000e-01 2.20793508e+08
4.53022000e-01 2.19753226e+08
4.53042000e-01 2.21270626e+08
4.53063000e-01 2.23537576e+08
4.53083000e-01 2.26738283e+08
4.53104000e-01 2.29680980e+08
4.53124000e-01 2.31933509e+08
4.53145000e-01 2.32433653e+08
4.53165000e-01 2.31640475e+08
4.53186000e-01 2.30303525e+08
4.53206000e-01 2.29924447e+08
4.53227000e-01 2.29949897e+08
4.53248000e-01 2.30287770e+08
4.53268000e-01 2.32738806e+08
4.53289000e-01 2.35163180e+08
4.53309000e-01 2.36009681e+08
4.53330000e-01 2.36357249e+08
4.53350000e-01 2.36478437e+08
4.53371000e-01 2.35703316e+08
4.53391000e-01 2.33155451e+08
4.53412000e-01 2.29859006e+08
4.53432000e-01 2.25406180e+08
4.53453000e-01 2.22182448e+08
4.53474000e-01 2.21028371e+08
4.53494000e-01 2.21731991e+08
4.53515000e-01 2.25045281e+08
4.53535000e-01 2.29811863e+08
4.53556000e-01 2.33619239e+08
4.53576000e-01 2.35376350e+08
4.53597000e-01 2.36718148e+08
4.53618000e-01 2.37266768e+08
4.53638000e-01 2.37291005e+08
4.53659000e-01 2.37373292e+08
4.53679000e-01 2.39232201e+08
4.53700000e-01 2.40995371e+08
4.53721000e-01 2.41815211e+08
4.53741000e-01 2.43275773e+08
4.53762000e-01 2.46092555e+08
4.53782000e-01 2.47622074e+08
4.53803000e-01 2.48680412e+08
4.53823000e-01 2.50959603e+08
4.53844000e-01 2.53347620e+08
4.53865000e-01 2.54500485e+08
4.53885000e-01 2.54022155e+08
4.53906000e-01 2.54315188e+08
4.53926000e-01 2.54468976e+08
4.53947000e-01 2.55750301e+08
4.53968000e-01 2.57357259e+08
4.53988000e-01 2.59706618e+08
4.54009000e-01 2.62448263e+08
4.54030000e-01 2.64366554e+08
4.54050000e-01 2.64550639e+08
4.54071000e-01 2.63616883e+08
4.54091000e-01 2.62827340e+08
4.54112000e-01 2.61574010e+08
4.54133000e-01 2.60938255e+08
4.54153000e-01 2.60411449e+08
4.54174000e-01 2.60459804e+08
4.54194000e-01 2.60534940e+08
4.54215000e-01 2.60851000e+08
4.54236000e-01 2.60559178e+08
4.54256000e-01 2.60520398e+08
4.54277000e-01 2.60274628e+08
4.54298000e-01 2.58769347e+08
4.54318000e-01 2.57346352e+08
4.54339000e-01 2.56187428e+08
4.54360000e-01 2.53566850e+08
4.54380000e-01 2.50918399e+08
4.54401000e-01 2.50028270e+08
4.54422000e-01 2.49157531e+08
4.54442000e-01 2.48250557e+08
4.54463000e-01 2.48787058e+08
4.54483000e-01 2.49903567e+08
4.54504000e-01 2.51677644e+08
4.54525000e-01 2.52644000e+08
4.54545000e-01 2.53238672e+08
4.54566000e-01 2.53341561e+08
4.54587000e-01 2.53657620e+08
4.54607000e-01 2.53031561e+08
4.54628000e-01 2.52301279e+08
4.54649000e-01 2.52437010e+08
4.54669000e-01 2.52671874e+08
4.54690000e-01 2.52013093e+08
4.54711000e-01 2.50217202e+08
4.54732000e-01 2.49340404e+08
4.54752000e-01 2.48204506e+08
4.54773000e-01 2.45933920e+08
4.54794000e-01 2.41260653e+08
4.54814000e-01 2.38753871e+08
4.54835000e-01 2.37105708e+08
4.54856000e-01 2.35421190e+08
4.54876000e-01 2.35836502e+08
4.54897000e-01 2.39438100e+08
4.54918000e-01 2.42402611e+08
4.54938000e-01 2.44463783e+08
4.54959000e-01 2.47061335e+08
4.54980000e-01 2.48897218e+08
4.55000000e-01 2.49669794e+08
4.55021000e-01 2.50169939e+08
4.55042000e-01 2.50868711e+08
4.55063000e-01 2.51388246e+08
4.55083000e-01 2.51047949e+08
4.55104000e-01 2.51568696e+08
4.55125000e-01 2.52017941e+08
4.55145000e-01 2.53288359e+08
4.55166000e-01 2.54260775e+08
4.55187000e-01 2.55636384e+08
4.55208000e-01 2.56209242e+08
4.55228000e-01 2.56899531e+08
4.55249000e-01 2.55403945e+08
4.55270000e-01 2.53790806e+08
4.55290000e-01 2.51877484e+08
4.55311000e-01 2.52355814e+08
4.55332000e-01 2.53632170e+08
4.55353000e-01 2.56136529e+08
4.55373000e-01 2.58249812e+08
4.55394000e-01 2.60138897e+08
4.55415000e-01 2.59183447e+08
4.55436000e-01 2.56106353e+08
4.55456000e-01 2.52033695e+08
4.55477000e-01 2.48794330e+08
4.55498000e-01 2.45843028e+08
4.55519000e-01 2.44166993e+08
4.55539000e-01 2.43778342e+08
4.55560000e-01 2.44151238e+08
4.55581000e-01 2.43654730e+08
4.55602000e-01 2.44830621e+08
4.55622000e-01 2.45809096e+08
4.55643000e-01 2.46247555e+08
4.55664000e-01 2.46579369e+08
4.55685000e-01 2.46751335e+08
4.55705000e-01 2.44696223e+08
4.55726000e-01 2.42570942e+08
4.55747000e-01 2.41494304e+08
4.55768000e-01 2.41794730e+08
4.55789000e-01 2.42724730e+08
4.55809000e-01 2.44923936e+08
4.55830000e-01 2.46234225e+08
4.55851000e-01 2.46932997e+08
4.55872000e-01 2.46698013e+08
4.55892000e-01 2.46506656e+08
4.55913000e-01 2.46270581e+08
4.55934000e-01 2.47280565e+08
4.55955000e-01 2.49013438e+08
4.55976000e-01 2.51841127e+08
4.55996000e-01 2.54867444e+08
4.56017000e-01 2.58076634e+08
4.56038000e-01 2.61194932e+08
4.56059000e-01 2.63951120e+08
4.56080000e-01 2.65081081e+08
4.56100000e-01 2.65524267e+08
4.56121000e-01 2.65492758e+08
4.56142000e-01 2.65131859e+08
4.56163000e-01 2.64560334e+08
4.56184000e-01 2.64088063e+08
4.56204000e-01 2.62596113e+08
4.56225000e-01 2.62264299e+08
4.56246000e-01 2.62530671e+08
4.56267000e-01 2.62597325e+08
4.56288000e-01 2.62617805e+08
4.56308000e-01 2.63767156e+08
4.56329000e-01 2.63116738e+08
4.56350000e-01 2.62476136e+08
4.56371000e-01 2.62316289e+08
4.56392000e-01 2.61612669e+08
4.56413000e-01 2.60666915e+08
4.56433000e-01 2.60112235e+08
4.56454000e-01 2.59252525e+08
4.56475000e-01 2.58081481e+08
4.56496000e-01 2.57521954e+08
4.56517000e-01 2.57171962e+08
4.56538000e-01 2.56275895e+08
4.56558000e-01 2.54305493e+08
4.56579000e-01 2.53178077e+08
4.56600000e-01 2.52370357e+08
4.56621000e-01 2.52008246e+08
4.56642000e-01 2.52304915e+08
4.56663000e-01 2.52503543e+08
4.56684000e-01 2.52785791e+08
4.56704000e-01 2.52690052e+08
4.56725000e-01 2.52824450e+08
4.56746000e-01 2.53314899e+08
4.56767000e-01 2.54163824e+08
4.56788000e-01 2.54793519e+08
4.56809000e-01 2.55656986e+08
4.56830000e-01 2.56274683e+08
4.56850000e-01 2.56492580e+08
4.56871000e-01 2.56692420e+08
4.56892000e-01 2.57726642e+08
4.56913000e-01 2.59922212e+08
4.56934000e-01 2.61983263e+08
4.56955000e-01 2.63401410e+08
4.56976000e-01 2.64285358e+08
4.56997000e-01 2.64275663e+08
4.57018000e-01 2.62861273e+08
4.57038000e-01 2.60715390e+08
4.57059000e-01 2.59322693e+08
4.57080000e-01 2.58363608e+08
4.57101000e-01 2.57523166e+08
4.57122000e-01 2.56821970e+08
4.57143000e-01 2.56846208e+08
4.57164000e-01 2.56706962e+08
4.57185000e-01 2.56680301e+08
4.57206000e-01 2.56825606e+08
4.57226000e-01 2.57578913e+08
4.57247000e-01 2.58425414e+08
4.57268000e-01 2.59187083e+08
4.57289000e-01 2.59712677e+08
4.57310000e-01 2.59779210e+08
4.57331000e-01 2.59355414e+08
4.57352000e-01 2.58917075e+08
4.57373000e-01 2.58714812e+08
4.57394000e-01 2.58629980e+08
4.57415000e-01 2.58684515e+08
4.57436000e-01 2.58735414e+08
4.57457000e-01 2.58976336e+08
4.57477000e-01 2.59137396e+08
4.57498000e-01 2.59492235e+08
4.57519000e-01 2.60473134e+08
4.57540000e-01 2.62123720e+08
4.57561000e-01 2.64382309e+08
4.57582000e-01 2.66943504e+08
4.57603000e-01 2.69318312e+08
4.57624000e-01 2.71218425e+08
4.57645000e-01 2.72423280e+08
4.57666000e-01 2.72488722e+08
4.57687000e-01 2.71486009e+08
4.57708000e-01 2.70189051e+08
4.57729000e-01 2.68872702e+08
4.57750000e-01 2.67601072e+08
4.57771000e-01 2.66557277e+08
4.57792000e-01 2.66045013e+08
4.57813000e-01 2.65512148e+08
4.57834000e-01 2.64873970e+08
4.57854000e-01 2.63949908e+08
4.57875000e-01 2.62318712e+08
4.57896000e-01 2.60169194e+08
4.57917000e-01 2.58244964e+08
4.57938000e-01 2.56650004e+08
4.57959000e-01 2.55032139e+08
4.57980000e-01 2.53170806e+08
4.58001000e-01 2.51841127e+08
4.58022000e-01 2.50139642e+08
4.58043000e-01 2.47936922e+08
4.58064000e-01 2.46138486e+08
4.58085000e-01 2.45413173e+08
4.58106000e-01 2.44473357e+08
4.58127000e-01 2.43155797e+08
4.58148000e-01 2.41990813e+08
4.58169000e-01 2.40692643e+08
4.58190000e-01 2.39392049e+08
4.58211000e-01 2.38181013e+08
4.58232000e-01 2.37116615e+08
4.58253000e-01 2.36175587e+08
4.58274000e-01 2.35419978e+08
4.58295000e-01 2.34637707e+08
4.58316000e-01 2.34078180e+08
4.58337000e-01 2.34567417e+08
4.58358000e-01 2.35796631e+08
4.58379000e-01 2.37317667e+08
4.58400000e-01 2.39341150e+08
4.58421000e-01 2.40779898e+08
4.58442000e-01 2.41179456e+08
4.58463000e-01 2.40604296e+08
4.58484000e-01 2.40052041e+08
4.58505000e-01 2.40245821e+08
4.58526000e-01 2.41450797e+08
4.58547000e-01 2.43402900e+08
4.58568000e-01 2.45843028e+08
4.58589000e-01 2.47571175e+08
4.58610000e-01 2.47561480e+08
4.58631000e-01 2.47427082e+08
4.58652000e-01 2.47360428e+08
4.58673000e-01 2.46831199e+08
4.58695000e-01 2.46648325e+08
4.58716000e-01 2.47301046e+08
4.58737000e-01 2.48851167e+08
4.58758000e-01 2.50912339e+08
4.58779000e-01 2.53345196e+08
4.58800000e-01 2.55677588e+08
4.58821000e-01 2.57381497e+08
4.58842000e-01 2.57775117e+08
4.58863000e-01 2.57570430e+08
4.58884000e-01 2.57318479e+08
4.58905000e-01 2.56905590e+08
4.58926000e-01 2.56737260e+08
4.58947000e-01 2.57574065e+08
4.58968000e-01 2.58258295e+08
4.58989000e-01 2.58887990e+08
4.59010000e-01 2.59707830e+08
4.59031000e-01 2.60167982e+08
4.59052000e-01 2.59796176e+08
4.59074000e-01 2.59558889e+08
4.59095000e-01 2.58243753e+08
4.59116000e-01 2.56737260e+08
4.59137000e-01 2.56053030e+08
4.59158000e-01 2.55689707e+08
4.59179000e-01 2.55775751e+08
4.59200000e-01 2.57150148e+08
4.59221000e-01 2.58593745e+08
4.59242000e-01 2.59124065e+08
4.59263000e-01 2.59164057e+08
4.59284000e-01 2.58728143e+08
4.59306000e-01 2.57965140e+08
4.59327000e-01 2.57210743e+08
4.59348000e-01 2.56934675e+08
4.59369000e-01 2.56329097e+08
4.59390000e-01 2.55178656e+08
4.59411000e-01 2.53867155e+08
4.59432000e-01 2.52192331e+08
4.59453000e-01 2.50338270e+08
4.59474000e-01 2.48787058e+08
4.59495000e-01 2.48147547e+08
4.59517000e-01 2.47890870e+08
4.59538000e-01 2.47917531e+08
4.59559000e-01 2.48325573e+08
4.59580000e-01 2.49129779e+08
4.59601000e-01 2.50317668e+08
4.59622000e-01 2.52612612e+08
4.59643000e-01 2.54647002e+08
4.59664000e-01 2.55537131e+08
4.59686000e-01 2.55944081e+08
4.59707000e-01 2.55363953e+08
4.59728000e-01 2.53432452e+08
4.59749000e-01 2.52265044e+08
4.59770000e-01 2.52335212e+08
4.59791000e-01 2.52694899e+08
4.59812000e-01 2.53157475e+08
4.59834000e-01 2.53458992e+08
4.59855000e-01 2.53139297e+08
4.59876000e-01 2.52495060e+08
4.59897000e-01 2.51845975e+08
4.59918000e-01 2.50769458e+08
4.59939000e-01 2.49886601e+08
4.59960000e-01 2.49398575e+08
4.59982000e-01 2.49047371e+08
4.60003000e-01 2.49138141e+08
4.60024000e-01 2.49455533e+08
4.60045000e-01 2.49771593e+08
4.60066000e-01 2.50173575e+08
4.60087000e-01 2.50363719e+08
4.60109000e-01 2.49754626e+08
4.60130000e-01 2.48236015e+08
4.60151000e-01 2.46469088e+08
4.60172000e-01 2.45227876e+08
4.60193000e-01 2.44418944e+08
4.60214000e-01 2.44251825e+08
4.60236000e-01 2.45513638e+08
4.60257000e-01 2.47048005e+08
4.60278000e-01 2.47728599e+08
4.60299000e-01 2.47774650e+08
4.60320000e-01 2.46834834e+08
4.60342000e-01 2.44934843e+08
4.60363000e-01 2.43226086e+08
4.60384000e-01 2.41961849e+08
4.60405000e-01 2.41166126e+08
4.60426000e-01 2.41472611e+08
4.60448000e-01 2.42712611e+08
4.60469000e-01 2.44211833e+08
4.60490000e-01 2.45875749e+08
4.60511000e-01 2.47287837e+08
4.60532000e-01 2.48397074e+08
4.60554000e-01 2.49679490e+08
4.60575000e-01 2.50479939e+08
4.60596000e-01 2.49965252e+08
4.60617000e-01 2.49013438e+08
4.60638000e-01 2.48772516e+08
4.60660000e-01 2.49149048e+08
4.60681000e-01 2.50031905e+08
4.60702000e-01 2.51953832e+08
4.60723000e-01 2.54286224e+08
4.60745000e-01 2.55900454e+08
4.60766000e-01 2.56725141e+08
4.60787000e-01 2.57349988e+08
4.60808000e-01 2.57934964e+08
4.60829000e-01 2.58517396e+08
4.60851000e-01 2.59675109e+08
4.60872000e-01 2.61392348e+08
4.60893000e-01 2.62978704e+08
4.60914000e-01 2.64573665e+08
4.60936000e-01 2.66173352e+08
4.60957000e-01 2.66420455e+08
4.60978000e-01 2.65463673e+08
4.60999000e-01 2.64378673e+08
4.61021000e-01 2.63096257e+08
4.61042000e-01 2.61817356e+08
4.61063000e-01 2.61250679e+08
4.61084000e-01 2.61289338e+08
4.61106000e-01 2.62074154e+08
4.61127000e-01 2.63649603e+08
4.61148000e-01 2.64675342e+08
4.61170000e-01 2.64596691e+08
4.61191000e-01 2.63974146e+08
4.61212000e-01 2.62728087e+08
4.61233000e-01 2.60636617e+08
4.61255000e-01 2.58456802e+08
4.61276000e-01 2.56863174e+08
4.61297000e-01 2.55562580e+08
4.61318000e-01 2.54224418e+08
4.61340000e-01 2.53444571e+08
4.61361000e-01 2.53566850e+08
4.61382000e-01 2.54069418e+08
4.61404000e-01 2.54759707e+08
4.61425000e-01 2.55488655e+08
4.61446000e-01 2.55128968e+08
4.61467000e-01 2.54737893e+08
4.61489000e-01 2.55416064e+08
4.61510000e-01 2.56372725e+08
4.61531000e-01 2.57762998e+08
4.61553000e-01 2.59727220e+08
4.61574000e-01 2.61018119e+08
4.61595000e-01 2.61213111e+08
4.61617000e-01 2.60520398e+08
4.61638000e-01 2.58745109e+08
4.61659000e-01 2.57192564e+08
4.61681000e-01 2.56361818e+08
4.61702000e-01 2.55412428e+08
4.61723000e-01 2.54534418e+08
4.61744000e-01 2.54254715e+08
4.61766000e-01 2.53943503e+08
4.61787000e-01 2.53331866e+08
4.61808000e-01 2.53093367e+08
4.61830000e-01 2.53347620e+08
4.61851000e-01 2.53221705e+08
4.61872000e-01 2.52659755e+08
4.61894000e-01 2.51655830e+08
4.61915000e-01 2.50194177e+08
4.61936000e-01 2.48566617e+08
4.61958000e-01 2.47786769e+08
4.61979000e-01 2.48105252e+08
4.62000000e-01 2.49163591e+08
4.62022000e-01 2.50420678e+08
4.62043000e-01 2.51388246e+08
4.62065000e-01 2.51950197e+08
4.62086000e-01 2.52066416e+08
4.62107000e-01 2.51637652e+08
4.62129000e-01 2.51411272e+08
4.62150000e-01 2.51816889e+08
4.62171000e-01 2.52174153e+08
4.62193000e-01 2.52917765e+08
4.62214000e-01 2.54805638e+08
4.62235000e-01 2.57314843e+08
4.62257000e-01 2.59734491e+08
4.62278000e-01 2.62065671e+08
4.62299000e-01 2.64301112e+08
4.62321000e-01 2.65887590e+08
4.62342000e-01 2.66175776e+08
4.62364000e-01 2.66059556e+08
4.62385000e-01 2.66312597e+08
4.62406000e-01 2.66534251e+08
4.62428000e-01 2.66686827e+08
4.62449000e-01 2.66857582e+08
4.62471000e-01 2.66749845e+08
4.62492000e-01 2.66162445e+08
4.62513000e-01 2.64893360e+08
4.62535000e-01 2.63475213e+08
4.62556000e-01 2.62551273e+08
4.62577000e-01 2.61982051e+08
4.62599000e-01 2.61478271e+08
4.62620000e-01 2.61587340e+08
4.62642000e-01 2.61899764e+08
4.62663000e-01 2.62318712e+08
4.62684000e-01 2.62893994e+08
4.62706000e-01 2.63481273e+08
4.62727000e-01 2.63763521e+08
4.62749000e-01 2.63436554e+08
4.62770000e-01 2.62179467e+08
4.62792000e-01 2.60733568e+08
4.62813000e-01 2.59063592e+08
4.62834000e-01 2.56594378e+08
4.62856000e-01 2.54489578e+08
4.62877000e-01 2.53662467e+08
4.62899000e-01 2.53113969e+08
4.62920000e-01 2.52613824e+08
4.62942000e-01 2.52657331e+08
4.62963000e-01 2.53231400e+08
4.62984000e-01 2.54005188e+08
4.63006000e-01 2.54898953e+08
4.63027000e-01 2.56043335e+08
4.63049000e-01 2.57382709e+08
4.63070000e-01 2.57972412e+08
4.63092000e-01 2.58103295e+08
4.63113000e-01 2.57724218e+08
4.63134000e-01 2.56192275e+08
4.63156000e-01 2.54556232e+08
4.63177000e-01 2.53582604e+08
4.63199000e-01 2.52594434e+08
4.63220000e-01 2.51682491e+08
4.63242000e-01 2.51349466e+08
4.63263000e-01 2.50964329e+08
4.63285000e-01 2.51012804e+08
4.63306000e-01 2.51471745e+08
4.63328000e-01 2.52531416e+08
4.63349000e-01 2.54785157e+08
4.63371000e-01 2.57771481e+08
4.63392000e-01 2.59881008e+08
4.63414000e-01 2.60953889e+08
4.63435000e-01 2.60947829e+08
4.63456000e-01 2.59643600e+08
4.63478000e-01 2.57531650e+08
4.63499000e-01 2.55631537e+08
4.63521000e-01 2.54192909e+08
4.63542000e-01 2.53227765e+08
4.63564000e-01 2.52637941e+08
4.63585000e-01 2.52163246e+08
4.63607000e-01 2.50701593e+08
4.63628000e-01 2.49036464e+08
4.63650000e-01 2.47569963e+08
4.63671000e-01 2.46460726e+08
4.63693000e-01 2.45589987e+08
4.63714000e-01 2.45563326e+08
4.63736000e-01 2.45652884e+08
4.63757000e-01 2.45737716e+08
4.63779000e-01 2.45357427e+08
4.63800000e-01 2.44273639e+08
4.63822000e-01 2.42689585e+08
4.63843000e-01 2.40882787e+08
4.63865000e-01 2.39044480e+08
4.63886000e-01 2.37661478e+08
4.63908000e-01 2.37070564e+08
4.63929000e-01 2.37385411e+08
4.63951000e-01 2.38767201e+08
4.63973000e-01 2.41238839e+08
4.63994000e-01 2.44128334e+08
4.64016000e-01 2.46999529e+08
4.64037000e-01 2.49410694e+08
4.64059000e-01 2.51114603e+08
4.64080000e-01 2.51852034e+08
4.64102000e-01 2.52519297e+08
4.64123000e-01 2.53553519e+08
4.64145000e-01 2.55426971e+08
4.64166000e-01 2.57977259e+08
4.64188000e-01 2.60521610e+08
4.64209000e-01 2.62603384e+08
4.64231000e-01 2.64100182e+08
4.64253000e-01 2.64463384e+08
4.64274000e-01 2.63896707e+08
4.64296000e-01 2.63596402e+08
4.64317000e-01 2.63644756e+08
4.64339000e-01 2.64412606e+08
4.64360000e-01 2.65692597e+08
4.64382000e-01 2.67334700e+08
4.64403000e-01 2.68727397e+08
4.64425000e-01 2.69438167e+08
4.64447000e-01 2.68712855e+08
4.64468000e-01 2.66890302e+08
4.64490000e-01 2.65076233e+08
4.64511000e-01 2.63200358e+08
4.64533000e-01 2.61428705e+08
4.64554000e-01 2.60247966e+08
4.64576000e-01 2.59250101e+08
4.64598000e-01 2.57519531e+08
4.64619000e-01 2.56069996e+08
4.64641000e-01 2.54535630e+08
4.64662000e-01 2.52875349e+08
4.64684000e-01 2.51883543e+08
4.64706000e-01 2.51101272e+08
4.64727000e-01 2.49604474e+08
4.64749000e-01 2.47723751e+08
4.64770000e-01 2.46345597e+08
4.64792000e-01 2.44877884e+08
4.64814000e-01 2.43791672e+08
4.64835000e-01 2.43150949e+08
4.64857000e-01 2.43130468e+08
4.64878000e-01 2.43029882e+08
4.64900000e-01 2.42786536e+08
4.64922000e-01 2.42018686e+08
4.64943000e-01 2.40687795e+08
4.64965000e-01 2.39768702e+08
4.64987000e-01 2.39122041e+08
4.65008000e-01 2.38976736e+08
4.65030000e-01 2.39204328e+08
4.65051000e-01 2.39291584e+08
4.65073000e-01 2.38563726e+08
4.65095000e-01 2.38586752e+08
4.65116000e-01 2.38979160e+08
4.65138000e-01 2.39580981e+08
4.65160000e-01 2.40915508e+08
4.65181000e-01 2.42184593e+08
4.65203000e-01 2.42434120e+08
4.65224000e-01 2.42787748e+08
4.65246000e-01 2.43886078e+08
4.65268000e-01 2.45059545e+08
4.65289000e-01 2.45703783e+08
4.65311000e-01 2.45625132e+08
4.65333000e-01 2.45540300e+08
4.65354000e-01 2.45133470e+08
4.65376000e-01 2.44778631e+08
4.65398000e-01 2.45178189e+08
4.65419000e-01 2.45914530e+08
4.65441000e-01 2.46304393e+08
4.65463000e-01 2.46344385e+08
4.65484000e-01 2.46326207e+08
4.65506000e-01 2.46384377e+08
4.65528000e-01 2.46544225e+08
4.65549000e-01 2.45833333e+08
4.65571000e-01 2.45325918e+08
4.65593000e-01 2.45020765e+08
4.65614000e-01 2.44741062e+08
4.65636000e-01 2.44671985e+08
4.65658000e-01 2.44834256e+08
4.65679000e-01 2.44469843e+08
4.65701000e-01 2.44276062e+08
4.65723000e-01 2.44452876e+08
4.65745000e-01 2.44533951e+08
4.65766000e-01 2.44633326e+08
4.65788000e-01 2.45088631e+08
4.65810000e-01 2.46615726e+08
4.65831000e-01 2.49081304e+08
4.65853000e-01 2.51913840e+08
4.65875000e-01 2.54977604e+08
4.65896000e-01 2.57724218e+08
4.65918000e-01 2.59339659e+08
4.65940000e-01 2.60140109e+08
4.65962000e-01 2.60358127e+08
4.65983000e-01 2.60040855e+08
4.66005000e-01 2.60326618e+08
4.66027000e-01 2.60197067e+08
4.66048000e-01 2.59660566e+08
4.66070000e-01 2.60112235e+08
4.66092000e-01 2.61156152e+08
4.66114000e-01 2.61719315e+08
4.66135000e-01 2.62296899e+08
4.66157000e-01 2.62563392e+08
4.66179000e-01 2.61834322e+08
4.66200000e-01 2.60976914e+08
4.66222000e-01 2.59934331e+08
4.66244000e-01 2.59044202e+08
4.66266000e-01 2.58577990e+08
4.66287000e-01 2.58352701e+08
4.66309000e-01 2.57779965e+08
4.66331000e-01 2.56949218e+08
4.66353000e-01 2.56121986e+08
4.66374000e-01 2.55212588e+08
4.66396000e-01 2.53886545e+08
4.66418000e-01 2.52538687e+08
4.66440000e-01 2.51465685e+08
4.66461000e-01 2.49858727e+08
4.66483000e-01 2.48533896e+08
4.66505000e-01 2.47694666e+08
4.66527000e-01 2.47005589e+08
4.66548000e-01 2.47006801e+08
4.66570000e-01 2.47006801e+08
4.66592000e-01 2.45600894e+08
4.66614000e-01 2.43909104e+08
4.66636000e-01 2.42333534e+08
4.66657000e-01 2.39335090e+08
4.66679000e-01 2.37089954e+08
4.66701000e-01 2.36042401e+08
4.66723000e-01 2.35716647e+08
4.66744000e-01 2.35214079e+08
4.66766000e-01 2.34879841e+08
4.66788000e-01 2.34269536e+08
4.66810000e-01 2.33766968e+08
4.66832000e-01 2.33270459e+08
4.66853000e-01 2.32956824e+08
4.66875000e-01 2.32654095e+08
4.66897000e-01 2.31917754e+08
4.66919000e-01 2.31596847e+08
4.66941000e-01 2.30867778e+08
4.66962000e-01 2.30546871e+08
4.66984000e-01 2.31157297e+08
4.67006000e-01 2.32122441e+08
4.67028000e-01 2.33154239e+08
4.67050000e-01 2.34377273e+08
4.67071000e-01 2.35332722e+08
4.67093000e-01 2.36754504e+08
4.67115000e-01 2.39163124e+08
4.67137000e-01 2.40663557e+08
4.67159000e-01 2.41590043e+08
4.67181000e-01 2.42659288e+08
4.67202000e-01 2.44088342e+08
4.67224000e-01 2.44758029e+08
4.67246000e-01 2.45411961e+08
4.67268000e-01 2.46922090e+08
4.67290000e-01 2.48996472e+08
4.67312000e-01 2.50019787e+08
4.67333000e-01 2.50574466e+08
4.67355000e-01 2.51209008e+08
4.67377000e-01 2.51594145e+08
4.67399000e-01 2.51965830e+08
4.67421000e-01 2.52380052e+08
4.67443000e-01 2.52815967e+08
4.67464000e-01 2.53863519e+08
4.67486000e-01 2.54640943e+08
4.67508000e-01 2.54800790e+08
4.67530000e-01 2.54976392e+08
4.67552000e-01 2.55449996e+08
4.67574000e-01 2.55563792e+08
4.67596000e-01 2.55391826e+08
4.67617000e-01 2.55005477e+08
4.67639000e-01 2.54413351e+08
4.67661000e-01 2.54340638e+08
4.67683000e-01 2.55617115e+08
4.67705000e-01 2.57124699e+08
4.67727000e-01 2.57819836e+08
4.67749000e-01 2.58574354e+08
4.67771000e-01 2.58506489e+08
4.67792000e-01 2.57251947e+08
4.67814000e-01 2.55843495e+08
4.67836000e-01 2.54843206e+08
4.67858000e-01 2.53555943e+08
4.67880000e-01 2.52085806e+08
4.67902000e-01 2.50495693e+08
4.67924000e-01 2.49029193e+08
4.67946000e-01 2.48558133e+08
4.67968000e-01 2.48778575e+08
4.67990000e-01 2.49424024e+08
4.68011000e-01 2.49644345e+08
4.68033000e-01 2.49071609e+08
4.68055000e-01 2.48068896e+08
4.68077000e-01 2.46437700e+08
4.68099000e-01 2.44616359e+08
4.68121000e-01 2.43412595e+08
4.68143000e-01 2.43025035e+08
4.68165000e-01 2.42547916e+08
4.68187000e-01 2.41949730e+08
4.68209000e-01 2.40405669e+08
4.68231000e-01 2.39695989e+08
4.68252000e-01 2.39082049e+08
4.68274000e-01 2.38590388e+08
4.68296000e-01 2.39008124e+08
4.68318000e-01 2.40411728e+08
4.68340000e-01 2.40638229e+08
4.68362000e-01 2.40794441e+08
4.68384000e-01 2.41660211e+08
4.68406000e-01 2.42942748e+08
4.68428000e-01 2.44434698e+08
4.68450000e-01 2.45461649e+08
4.68472000e-01 2.45902411e+08
4.68494000e-01 2.45794674e+08
4.68516000e-01 2.44719248e+08
4.68538000e-01 2.44173052e+08
4.68560000e-01 2.43988967e+08
4.68582000e-01 2.43699569e+08
4.68604000e-01 2.43842450e+08
4.68626000e-01 2.44411672e+08
4.68647000e-01 2.44182747e+08
4.68669000e-01 2.43332611e+08
4.68691000e-01 2.43084417e+08
4.68713000e-01 2.43203060e+08
4.68735000e-01 2.43542145e+08
4.68757000e-01 2.43704417e+08
4.68779000e-01 2.44595757e+08
4.68801000e-01 2.46074377e+08
4.68823000e-01 2.46556343e+08
4.68845000e-01 2.46388013e+08
4.68867000e-01 2.46499385e+08
4.68889000e-01 2.47146046e+08
4.68911000e-01 2.47385878e+08
4.68933000e-01 2.47471801e+08
4.68955000e-01 2.47410116e+08
4.68977000e-01 2.47142410e+08
4.68999000e-01 2.46509080e+08
4.69021000e-01 2.45547571e+08
4.69043000e-01 2.44736215e+08
4.69065000e-01 2.43855781e+08
4.69087000e-01 2.43738350e+08
4.69109000e-01 2.44187595e+08
4.69131000e-01 2.44920300e+08
4.69153000e-01 2.45357427e+08
4.69175000e-01 2.47056488e+08
4.69197000e-01 2.48762821e+08
4.69219000e-01 2.49723117e+08
4.69241000e-01 2.50201448e+08
4.69263000e-01 2.50680990e+08
4.69285000e-01 2.51077034e+08
4.69307000e-01 2.51259907e+08
4.69329000e-01 2.51532339e+08
4.69351000e-01 2.52050662e+08
4.69373000e-01 2.53307628e+08
4.69395000e-01 2.54048816e+08
4.69417000e-01 2.54604707e+08
4.69439000e-01 2.54783945e+08
4.69462000e-01 2.54730622e+08
4.69484000e-01 2.55051529e+08
4.69506000e-01 2.55827741e+08
4.69528000e-01 2.56762709e+08
4.69550000e-01 2.57667259e+08
4.69572000e-01 2.58741473e+08
4.69594000e-01 2.59160422e+08
4.69616000e-01 2.59317845e+08
4.69638000e-01 2.59127701e+08
4.69660000e-01 2.58740261e+08
4.69682000e-01 2.57901032e+08
4.69704000e-01 2.56394539e+08
4.69726000e-01 2.53984586e+08
4.69748000e-01 2.51980373e+08
4.69770000e-01 2.50684626e+08
4.69792000e-01 2.50136006e+08
4.69814000e-01 2.49937500e+08
4.69837000e-01 2.49978583e+08
4.69859000e-01 2.49153895e+08
4.69881000e-01 2.48250557e+08
4.69903000e-01 2.47236937e+08
4.69925000e-01 2.46277852e+08
4.69947000e-01 2.45255749e+08
4.69969000e-01 2.44831832e+08
4.69991000e-01 2.43988967e+08
4.70013000e-01 2.43033518e+08
4.70035000e-01 2.41992025e+08
4.70057000e-01 2.41631247e+08
4.70079000e-01 2.41315066e+08
4.70102000e-01 2.41627611e+08
4.70124000e-01 2.41049906e+08
4.70146000e-01 2.38933108e+08
4.70168000e-01 2.36865877e+08
4.70190000e-01 2.35406647e+08
4.70212000e-01 2.33872281e+08
4.70234000e-01 2.33765756e+08
4.70256000e-01 2.35780877e+08
4.70278000e-01 2.37713589e+08
4.70301000e-01 2.38738116e+08
4.70323000e-01 2.39488878e+08
4.70345000e-01 2.39039633e+08
4.70367000e-01 2.38866455e+08
4.70389000e-01 2.38070853e+08
4.70411000e-01 2.37341783e+08
4.70433000e-01 2.36557089e+08
4.70455000e-01 2.37074199e+08
4.70478000e-01 2.37026936e+08
4.70500000e-01 2.37667538e+08
4.70522000e-01 2.38637651e+08
4.70544000e-01 2.39433253e+08
4.70566000e-01 2.38494649e+08
4.70588000e-01 2.37133582e+08
4.70610000e-01 2.35396952e+08
4.70633000e-01 2.33122731e+08
4.70655000e-01 2.32581382e+08
4.70677000e-01 2.34234392e+08
4.70699000e-01 2.36060580e+08
4.70721000e-01 2.37564649e+08
4.70743000e-01 2.38807194e+08
4.70765000e-01 2.38967041e+08
4.70788000e-01 2.38027225e+08
4.70810000e-01 2.36775106e+08
4.70832000e-01 2.35666960e+08
4.70854000e-01 2.35107554e+08
4.70876000e-01 2.33506534e+08
4.70898000e-01 2.32743653e+08
4.70921000e-01 2.33219560e+08
4.70943000e-01 2.34313164e+08
4.70965000e-01 2.35593156e+08
4.70987000e-01 2.37524657e+08
4.71009000e-01 2.38547972e+08
4.71032000e-01 2.38782956e+08
4.71054000e-01 2.37885556e+08
4.71076000e-01 2.37874649e+08
4.71098000e-01 2.39147491e+08
4.71120000e-01 2.40914296e+08
4.71143000e-01 2.42871247e+08
4.71165000e-01 2.45943615e+08
4.71187000e-01 2.48042234e+08
4.71209000e-01 2.49067973e+08
4.71231000e-01 2.49172074e+08
4.71254000e-01 2.49164802e+08
4.71276000e-01 2.48493903e+08
4.71298000e-01 2.47571175e+08
4.71320000e-01 2.47153317e+08
4.71342000e-01 2.47241785e+08
4.71365000e-01 2.47459803e+08
4.71387000e-01 2.48963872e+08
4.71409000e-01 2.50263254e+08
4.71431000e-01 2.50490846e+08
4.71453000e-01 2.50872347e+08
4.71476000e-01 2.50475091e+08
4.71498000e-01 2.49032828e+08
4.71520000e-01 2.47932074e+08
4.71542000e-01 2.47279353e+08
4.71565000e-01 2.46837258e+08
4.71587000e-01 2.47177555e+08
4.71609000e-01 2.47580870e+08
4.71631000e-01 2.48048294e+08
4.71654000e-01 2.48382531e+08
4.71676000e-01 2.47958735e+08
4.71698000e-01 2.47435565e+08
4.71720000e-01 2.46867555e+08
4.71743000e-01 2.46025902e+08
4.71765000e-01 2.45639553e+08
4.71787000e-01 2.46592700e+08
4.71809000e-01 2.48212989e+08
4.71832000e-01 2.50154185e+08
4.71854000e-01 2.52699747e+08
4.71876000e-01 2.55127756e+08
4.71898000e-01 2.56439378e+08
4.71921000e-01 2.57197412e+08
4.71943000e-01 2.57431184e+08
4.71965000e-01 2.57076345e+08
4.71988000e-01 2.57129546e+08
4.72010000e-01 2.57422701e+08
4.72032000e-01 2.57685438e+08
4.72054000e-01 2.57248311e+08
4.72077000e-01 2.57480750e+08
4.72099000e-01 2.57014539e+08
4.72121000e-01 2.56283167e+08
4.72144000e-01 2.54756072e+08
4.72166000e-01 2.53829586e+08
4.72188000e-01 2.53140509e+08
4.72210000e-01 2.52970966e+08
4.72233000e-01 2.53173230e+08
4.72255000e-01 2.53772749e+08
4.72277000e-01 2.54396384e+08
4.72300000e-01 2.54529570e+08
4.72322000e-01 2.54498061e+08
4.72344000e-01 2.54591377e+08
4.72367000e-01 2.54951064e+08
4.72389000e-01 2.55566216e+08
4.72411000e-01 2.56019097e+08
4.72434000e-01 2.55633960e+08
4.72456000e-01 2.55435454e+08
4.72478000e-01 2.56096658e+08
4.72500000e-01 2.56868022e+08
4.72523000e-01 2.57125911e+08
4.72545000e-01 2.57351200e+08
4.72567000e-01 2.57495293e+08
4.72590000e-01 2.56125622e+08
4.72612000e-01 2.55097581e+08
4.72634000e-01 2.54404868e+08
4.72657000e-01 2.54706384e+08
4.72679000e-01 2.54993358e+08
4.72701000e-01 2.55177444e+08
4.72724000e-01 2.55015172e+08
4.72746000e-01 2.54493214e+08
4.72769000e-01 2.53563214e+08
4.72791000e-01 2.52583527e+08
4.72813000e-01 2.51992491e+08
4.72836000e-01 2.51011592e+08
4.72858000e-01 2.50729466e+08
4.72880000e-01 2.50458246e+08
4.72903000e-01 2.49557210e+08
4.72925000e-01 2.48852379e+08
4.72947000e-01 2.48349810e+08
4.72970000e-01 2.47668005e+08
4.72992000e-01 2.45684393e+08
4.73015000e-01 2.43579714e+08
4.73037000e-01 2.42205195e+08
4.73059000e-01 2.41115348e+08
4.73082000e-01 2.39947940e+08
4.73104000e-01 2.41508847e+08
4.73126000e-01 2.43905468e+08
4.73149000e-01 2.45863630e+08
4.73171000e-01 2.47339826e+08
4.73194000e-01 2.47592989e+08
4.73216000e-01 2.47405268e+08
4.73238000e-01 2.46981351e+08
4.73261000e-01 2.46612090e+08
4.73283000e-01 2.46868767e+08
4.73306000e-01 2.48508446e+08
4.73328000e-01 2.49465107e+08
4.73350000e-01 2.51095212e+08
4.73373000e-01 2.52650060e+08
4.73395000e-01 2.53089731e+08
4.73418000e-01 2.53311264e+08
4.73440000e-01 2.53574121e+08
4.73462000e-01 2.53167171e+08
4.73485000e-01 2.51941713e+08
4.73507000e-01 2.51230822e+08
4.73530000e-01 2.51047949e+08
4.73552000e-01 2.50969177e+08
4.73575000e-01 2.50230533e+08
4.73597000e-01 2.50279009e+08
4.73619000e-01 2.50829931e+08
4.73642000e-01 2.51255060e+08
4.73664000e-01 2.51085517e+08
4.73687000e-01 2.51175076e+08
4.73709000e-01 2.52137796e+08
4.73732000e-01 2.52410349e+08
4.73754000e-01 2.51820525e+08
4.73776000e-01 2.51841127e+08
4.73799000e-01 2.52386111e+08
4.73821000e-01 2.52101561e+08
4.73844000e-01 2.52072476e+08
4.73866000e-01 2.52010670e+08
4.73889000e-01 2.51447628e+08
4.73911000e-01 2.51011592e+08
4.73934000e-01 2.50905068e+08
4.73956000e-01 2.50897797e+08
4.73979000e-01 2.51310685e+08
4.74001000e-01 2.50636151e+08
4.74024000e-01 2.50649482e+08
4.74046000e-01 2.51177499e+08
4.74068000e-01 2.51622018e+08
4.74091000e-01 2.52969755e+08
4.74113000e-01 2.55619418e+08
4.74136000e-01 2.57442091e+08
4.74158000e-01 2.58234057e+08
4.74181000e-01 2.58993303e+08
4.74203000e-01 2.58701481e+08
4.74226000e-01 2.57915574e+08
4.74248000e-01 2.57422701e+08
4.74271000e-01 2.58154073e+08
4.74293000e-01 2.59281489e+08
4.74316000e-01 2.60837669e+08
4.74338000e-01 2.61762942e+08
4.74361000e-01 2.61835534e+08
4.74383000e-01 2.61299033e+08
4.74406000e-01 2.60088119e+08
4.74428000e-01 2.57868311e+08
4.74451000e-01 2.56725141e+08
4.74473000e-01 2.56124410e+08
4.74496000e-01 2.54619250e+08
4.74518000e-01 2.54536842e+08
4.74541000e-01 2.55580759e+08
4.74563000e-01 2.56384844e+08
4.74586000e-01 2.56898319e+08
4.74608000e-01 2.57577701e+08
4.74631000e-01 2.56920133e+08
4.74654000e-01 2.56522877e+08
4.74676000e-01 2.56355758e+08
4.74699000e-01 2.56316978e+08
4.74721000e-01 2.56800156e+08
4.74744000e-01 2.57698768e+08
4.74766000e-01 2.58116505e+08
4.74789000e-01 2.58019675e+08
4.74811000e-01 2.57320903e+08
4.74834000e-01 2.55715157e+08
4.74856000e-01 2.54746377e+08
4.74879000e-01 2.54196545e+08
4.74901000e-01 2.54213511e+08
4.74924000e-01 2.55043046e+08
4.74947000e-01 2.57377861e+08
4.74969000e-01 2.59039354e+08
4.74992000e-01 2.60249178e+08
4.75014000e-01 2.61624788e+08
4.75037000e-01 2.62850366e+08
4.75059000e-01 2.62864909e+08
4.75082000e-01 2.61854924e+08
4.75105000e-01 2.61588552e+08
4.75127000e-01 2.60990245e+08
4.75150000e-01 2.60883721e+08
4.75172000e-01 2.61124643e+08
4.75195000e-01 2.62341738e+08
4.75217000e-01 2.62610534e+08
4.75240000e-01 2.61363263e+08
4.75263000e-01 2.59994804e+08
4.75285000e-01 2.58588897e+08
4.75308000e-01 2.56527725e+08
4.75330000e-01 2.55385767e+08
4.75353000e-01 2.56430895e+08
4.75376000e-01 2.57156208e+08
4.75398000e-01 2.58072998e+08
4.75421000e-01 2.59372380e+08
4.75443000e-01 2.59372380e+08
4.75466000e-01 2.58422990e+08
4.75489000e-01 2.56290317e+08
4.75511000e-01 2.54355180e+08
4.75534000e-01 2.52872925e+08
4.75556000e-01 2.52266256e+08
4.75579000e-01 2.51670373e+08
4.75602000e-01 2.52239594e+08
4.75624000e-01 2.52613824e+08
4.75647000e-01 2.51985220e+08
4.75669000e-01 2.51483864e+08
4.75692000e-01 2.51509313e+08
4.75715000e-01 2.51240517e+08
4.75737000e-01 2.49790983e+08
4.75760000e-01 2.49701303e+08
4.75783000e-01 2.50125221e+08
4.75805000e-01 2.50265678e+08
4.75828000e-01 2.50967965e+08
4.75851000e-01 2.52602917e+08
4.75873000e-01 2.53807772e+08
4.75896000e-01 2.54443648e+08
4.75919000e-01 2.55021232e+08
4.75941000e-01 2.54967909e+08
4.75964000e-01 2.55029715e+08
4.75986000e-01 2.54006400e+08
4.76009000e-01 2.54478671e+08
4.76032000e-01 2.55638808e+08
4.76054000e-01 2.56832877e+08
4.76077000e-01 2.56301224e+08
4.76100000e-01 2.56103929e+08
4.76122000e-01 2.54932885e+08
4.76145000e-01 2.53313687e+08
4.76168000e-01 2.52101561e+08
4.76190000e-01 2.52502331e+08
4.76213000e-01 2.53134450e+08
4.76236000e-01 2.52145068e+08
4.76259000e-01 2.51129024e+08
4.76281000e-01 2.50446127e+08
4.76304000e-01 2.49827218e+08
4.76327000e-01 2.49356159e+08
4.76349000e-01 2.49966464e+08
4.76372000e-01 2.50407347e+08
4.76395000e-01 2.49724329e+08
4.76417000e-01 2.48070108e+08
4.76440000e-01 2.46882098e+08
4.76463000e-01 2.45226664e+08
4.76485000e-01 2.42275484e+08
4.76508000e-01 2.40830676e+08
4.76531000e-01 2.40136873e+08
4.76554000e-01 2.39045692e+08
4.76576000e-01 2.37874649e+08
4.76599000e-01 2.38411150e+08
4.76622000e-01 2.39190997e+08
4.76644000e-01 2.40404457e+08
4.76667000e-01 2.40730211e+08
4.76690000e-01 2.41487033e+08
4.76713000e-01 2.41287314e+08
4.76735000e-01 2.40129601e+08
4.76758000e-01 2.39538566e+08
4.76781000e-01 2.40267635e+08
4.76803000e-01 2.41534296e+08
4.76826000e-01 2.43005644e+08
4.76849000e-01 2.44140331e+08
4.76872000e-01 2.44724096e+08
4.76894000e-01 2.44984409e+08
4.76917000e-01 2.45248478e+08
4.76940000e-01 2.45857571e+08
4.76963000e-01 2.46504232e+08
4.76985000e-01 2.47372547e+08
4.77008000e-01 2.48761609e+08
4.77031000e-01 2.50231745e+08
4.77054000e-01 2.51568696e+08
4.77076000e-01 2.52858382e+08
4.77099000e-01 2.53908359e+08
4.77122000e-01 2.53719426e+08
4.77145000e-01 2.52977026e+08
4.77168000e-01 2.52016729e+08
4.77190000e-01 2.51790349e+08
4.77213000e-01 2.52260197e+08
4.77236000e-01 2.53599571e+08
4.77259000e-01 2.55207741e+08
4.77281000e-01 2.56794097e+08
4.77304000e-01 2.57508624e+08
4.77327000e-01 2.57633327e+08
4.77350000e-01 2.57796810e+08
4.77373000e-01 2.57954233e+08
4.77395000e-01 2.58124988e+08
4.77418000e-01 2.58623921e+08
4.77441000e-01 2.58900109e+08
4.77464000e-01 2.58784980e+08
4.77487000e-01 2.58378150e+08
4.77509000e-01 2.57840438e+08
4.77532000e-01 2.57238616e+08
4.77555000e-01 2.56755438e+08
4.77578000e-01 2.56635461e+08
4.77601000e-01 2.56782099e+08
4.77623000e-01 2.57152572e+08
4.77646000e-01 2.58207396e+08
4.77669000e-01 2.59386923e+08
4.77692000e-01 2.60646313e+08
4.77715000e-01 2.62086273e+08
4.77737000e-01 2.63320213e+08
4.77760000e-01 2.63705350e+08
4.77783000e-01 2.63675053e+08
4.77806000e-01 2.63352934e+08
4.77829000e-01 2.62456746e+08
4.77852000e-01 2.61420222e+08
4.77874000e-01 2.60376305e+08
4.77897000e-01 2.59631481e+08
4.77920000e-01 2.59002998e+08
4.77943000e-01 2.58810429e+08
4.77966000e-01 2.59015117e+08
4.77989000e-01 2.59386923e+08
4.78011000e-01 2.59896762e+08
4.78034000e-01 2.60555542e+08
4.78057000e-01 2.61404467e+08
4.78080000e-01 2.62097180e+08
4.78103000e-01 2.62666281e+08
4.78126000e-01 2.63057477e+08
4.78149000e-01 2.63070808e+08
4.78171000e-01 2.62098392e+08
4.78194000e-01 2.60750535e+08
4.78217000e-01 2.59414796e+08
4.78240000e-01 2.58183158e+08
4.78263000e-01 2.57213166e+08
4.78286000e-01 2.57113913e+08
4.78309000e-01 2.57634538e+08
4.78332000e-01 2.58323616e+08
4.78354000e-01 2.59216168e+08
4.78377000e-01 2.60157075e+08
4.78400000e-01 2.60909170e+08
4.78423000e-01 2.61165847e+08
4.78446000e-01 2.61208263e+08
4.78469000e-01 2.60737204e+08
4.78492000e-01 2.59491024e+08
4.78515000e-01 2.57673319e+08
4.78538000e-01 2.55917420e+08
4.78560000e-01 2.54346697e+08
4.78583000e-01 2.53080036e+08
4.78606000e-01 2.52363085e+08
4.78629000e-01 2.51994915e+08
4.78652000e-01 2.51683703e+08
4.78675000e-01 2.51598993e+08
4.78698000e-01 2.52054297e+08
4.78721000e-01 2.52440646e+08
4.78744000e-01 2.52851111e+08
4.78767000e-01 2.52602917e+08
4.78790000e-01 2.51215068e+08
4.78813000e-01 2.48730100e+08
4.78835000e-01 2.46406191e+08
4.78858000e-01 2.44455300e+08
4.78881000e-01 2.43361696e+08
4.78904000e-01 2.42947595e+08
4.78927000e-01 2.43057755e+08
4.78950000e-01 2.43062603e+08
4.78973000e-01 2.42776841e+08
4.78996000e-01 2.42728365e+08
4.79019000e-01 2.43849722e+08
4.79042000e-01 2.45783767e+08
4.79065000e-01 2.47434353e+08
4.79088000e-01 2.48533896e+08
4.79111000e-01 2.48927516e+08
4.79134000e-01 2.48387379e+08
4.79157000e-01 2.47255116e+08
4.79180000e-01 2.46434064e+08
4.79203000e-01 2.46199080e+08
4.79226000e-01 2.46431640e+08
4.79249000e-01 2.46822715e+08
4.79272000e-01 2.47085573e+08
4.79294000e-01 2.48038599e+08
4.79317000e-01 2.49804192e+08
4.79340000e-01 2.51824161e+08
4.79363000e-01 2.53595935e+08
4.79386000e-01 2.55366376e+08
4.79409000e-01 2.56708174e+08
4.79432000e-01 2.57425125e+08
4.79455000e-01 2.57813776e+08
4.79478000e-01 2.58504065e+08
4.79501000e-01 2.59177388e+08
4.79524000e-01 2.59564948e+08
4.79547000e-01 2.59723584e+08
4.79570000e-01 2.59971778e+08
4.79593000e-01 2.60589475e+08
4.79616000e-01 2.61764154e+08
4.79639000e-01 2.63315366e+08
4.79662000e-01 2.64721394e+08
4.79685000e-01 2.65530326e+08
4.79708000e-01 2.65383809e+08
4.79731000e-01 2.64487621e+08
4.79754000e-01 2.63560045e+08
4.79777000e-01 2.62784924e+08
4.79800000e-01 2.62288415e+08
4.79823000e-01 2.62034162e+08
4.79846000e-01 2.61665992e+08
4.79869000e-01 2.61045992e+08
4.79892000e-01 2.60063881e+08
4.79916000e-01 2.58832243e+08
4.79939000e-01 2.57313632e+08
4.79962000e-01 2.55970622e+08
4.79985000e-01 2.54880774e+08
4.80008000e-01 2.54368511e+08
4.80031000e-01 2.54334578e+08
4.80054000e-01 2.54691842e+08
4.80077000e-01 2.55027291e+08
4.80100000e-01 2.54972756e+08
4.80123000e-01 2.54249868e+08
4.80146000e-01 2.53026713e+08
4.80169000e-01 2.51859305e+08
4.80192000e-01 2.51154474e+08
4.80215000e-01 2.51152050e+08
4.80238000e-01 2.52199602e+08
4.80261000e-01 2.53780020e+08
4.80284000e-01 2.54932885e+08
4.80307000e-01 2.55885911e+08
4.80330000e-01 2.56429683e+08
4.80354000e-01 2.56393327e+08
4.80377000e-01 2.56235903e+08
4.80400000e-01 2.56599226e+08
4.80423000e-01 2.57125911e+08
4.80446000e-01 2.57753303e+08
4.80469000e-01 2.58902533e+08
4.80492000e-01 2.60152227e+08
4.80515000e-01 2.60918865e+08
4.80538000e-01 2.60899475e+08
4.80561000e-01 2.60438111e+08
4.80584000e-01 2.59532228e+08
4.80607000e-01 2.58237693e+08
4.80631000e-01 2.57196200e+08
4.80654000e-01 2.57090887e+08
4.80677000e-01 2.57242252e+08
4.80700000e-01 2.57449241e+08
4.80723000e-01 2.57853768e+08
4.80746000e-01 2.57802869e+08
4.80769000e-01 2.57151360e+08
4.80792000e-01 2.56722717e+08
4.80815000e-01 2.56277107e+08
4.80839000e-01 2.55802291e+08
4.80862000e-01 2.56014250e+08
4.80885000e-01 2.56278319e+08
4.80908000e-01 2.56100293e+08
4.80931000e-01 2.56095446e+08
4.80954000e-01 2.56329097e+08
4.80977000e-01 2.56145012e+08
4.81000000e-01 2.56062725e+08
4.81024000e-01 2.55807139e+08
4.81047000e-01 2.55217436e+08
4.81070000e-01 2.54683359e+08
4.81093000e-01 2.54184426e+08
4.81116000e-01 2.53893816e+08
4.81139000e-01 2.54137162e+08
4.81162000e-01 2.54535630e+08
4.81186000e-01 2.54764555e+08
4.81209000e-01 2.54839570e+08
4.81232000e-01 2.54680935e+08
4.81255000e-01 2.54534418e+08
4.81278000e-01 2.54205028e+08
4.81301000e-01 2.53514739e+08
4.81325000e-01 2.53077612e+08
4.81348000e-01 2.52891103e+08
4.81371000e-01 2.52443070e+08
4.81394000e-01 2.52453977e+08
4.81417000e-01 2.53453054e+08
4.81440000e-01 2.54477459e+08
4.81464000e-01 2.55308206e+08
4.81487000e-01 2.56424836e+08
4.81510000e-01 2.57184081e+08
4.81533000e-01 2.57432396e+08
4.81556000e-01 2.57978471e+08
4.81580000e-01 2.58655430e+08
4.81603000e-01 2.58862540e+08
4.81626000e-01 2.58607075e+08
4.81649000e-01 2.58031794e+08
4.81672000e-01 2.57116337e+08
4.81696000e-01 2.56314554e+08
4.81719000e-01 2.56204394e+08
4.81742000e-01 2.56759073e+08
4.81765000e-01 2.57489234e+08
4.81788000e-01 2.58429050e+08
4.81812000e-01 2.59556465e+08
4.81835000e-01 2.60539788e+08
4.81858000e-01 2.61494025e+08
4.81881000e-01 2.62391425e+08
4.81904000e-01 2.62856425e+08
4.81928000e-01 2.62523400e+08
4.81951000e-01 2.61572798e+08
4.81974000e-01 2.60465863e+08
4.81997000e-01 2.59481328e+08
4.82021000e-01 2.58597380e+08
4.82044000e-01 2.57948174e+08
4.82067000e-01 2.57624843e+08
4.82090000e-01 2.57351200e+08
4.82114000e-01 2.57389980e+08
4.82137000e-01 2.58102083e+08
4.82160000e-01 2.59136184e+08
4.82183000e-01 2.59608576e+08
4.82207000e-01 2.59521321e+08
4.82230000e-01 2.58931618e+08
4.82253000e-01 2.57205895e+08
4.82276000e-01 2.55050317e+08
4.82300000e-01 2.53696400e+08
4.82323000e-01 2.52898375e+08
4.82346000e-01 2.52185060e+08
4.82369000e-01 2.51907781e+08
4.82393000e-01 2.51916264e+08
4.82416000e-01 2.51894450e+08
4.82439000e-01 2.52131737e+08
4.82462000e-01 2.52791729e+08
4.82486000e-01 2.53407002e+08
4.82509000e-01 2.53686705e+08
4.82532000e-01 2.53897452e+08
4.82556000e-01 2.53916842e+08
4.82579000e-01 2.53604418e+08
4.82602000e-01 2.53368222e+08
4.82625000e-01 2.53420333e+08
4.82649000e-01 2.53341561e+08
4.82672000e-01 2.53205951e+08
4.82695000e-01 2.53869578e+08
4.82719000e-01 2.55121697e+08
4.82742000e-01 2.55891970e+08
4.82765000e-01 2.56516818e+08
4.82789000e-01 2.57383921e+08
4.82812000e-01 2.57691497e+08
4.82835000e-01 2.57420277e+08
4.82859000e-01 2.57462572e+08
4.82882000e-01 2.57635750e+08
4.82905000e-01 2.57546192e+08
4.82928000e-01 2.57277396e+08
4.82952000e-01 2.56513182e+08
4.82975000e-01 2.55202893e+08
4.82998000e-01 2.54113046e+08
4.83022000e-01 2.53334289e+08
4.83045000e-01 2.52648848e+08
4.83068000e-01 2.52332788e+08
4.83092000e-01 2.52361874e+08
4.83115000e-01 2.51941713e+08
4.83138000e-01 2.51068551e+08
4.83162000e-01 2.50012515e+08
4.83185000e-01 2.49038888e+08
4.83208000e-01 2.48325573e+08
4.83232000e-01 2.47964795e+08
4.83255000e-01 2.48141488e+08
4.83279000e-01 2.48898430e+08
4.83302000e-01 2.49891448e+08
4.83325000e-01 2.50958391e+08
4.83349000e-01 2.52048238e+08
4.83372000e-01 2.52832933e+08
4.83395000e-01 2.53104274e+08
4.83419000e-01 2.52868078e+08
4.83442000e-01 2.52038543e+08
4.83465000e-01 2.51393094e+08
4.83489000e-01 2.51232034e+08
4.83512000e-01 2.51298567e+08
4.83536000e-01 2.51756416e+08
4.83559000e-01 2.52834145e+08
4.83582000e-01 2.53689129e+08
4.83606000e-01 2.54323671e+08
4.83629000e-01 2.55125333e+08
4.83653000e-01 2.56000919e+08
4.83676000e-01 2.56556810e+08
4.83699000e-01 2.56499851e+08
4.83723000e-01 2.56023945e+08
4.83746000e-01 2.55313053e+08
4.83770000e-01 2.54248656e+08
4.83793000e-01 2.53071553e+08
4.83816000e-01 2.52225052e+08
4.83840000e-01 2.51442781e+08
4.83863000e-01 2.49989489e+08
4.83887000e-01 2.48205717e+08
4.83910000e-01 2.46533318e+08
4.83933000e-01 2.45055910e+08
4.83957000e-01 2.44136817e+08
4.83980000e-01 2.43982908e+08
4.84004000e-01 2.44169417e+08
4.84027000e-01 2.44553341e+08
4.84051000e-01 2.45152739e+08
4.84074000e-01 2.45279987e+08
4.84097000e-01 2.44984409e+08
4.84121000e-01 2.44415308e+08
4.84144000e-01 2.43347153e+08
4.84168000e-01 2.41564593e+08
4.84191000e-01 2.39949152e+08
4.84215000e-01 2.39207964e+08
4.84238000e-01 2.39017819e+08
4.84262000e-01 2.38942803e+08
4.84285000e-01 2.39349633e+08
4.84308000e-01 2.39975813e+08
4.84332000e-01 2.40486744e+08
4.84355000e-01 2.41169761e+08
4.84379000e-01 2.42884577e+08
4.84402000e-01 2.44892427e+08
4.84426000e-01 2.46667715e+08
4.84449000e-01 2.48416464e+08
4.84473000e-01 2.49933864e+08
4.84496000e-01 2.50793696e+08
4.84520000e-01 2.51829008e+08
4.84543000e-01 2.53052163e+08
4.84567000e-01 2.53677010e+08
4.84590000e-01 2.53713367e+08
4.84613000e-01 2.53254426e+08
4.84637000e-01 2.52062781e+08
4.84660000e-01 2.50725830e+08
4.84684000e-01 2.49713422e+08
4.84707000e-01 2.49513583e+08
4.84731000e-01 2.49571753e+08
4.84754000e-01 2.49701303e+08
4.84778000e-01 2.49766745e+08
4.84801000e-01 2.49758262e+08
4.84825000e-01 2.49545092e+08
4.84849000e-01 2.49467531e+08
4.84872000e-01 2.49175709e+08
4.84896000e-01 2.48513294e+08
4.84919000e-01 2.47694666e+08
4.84943000e-01 2.47011648e+08
4.84966000e-01 2.46317723e+08
4.84990000e-01 2.45533029e+08
4.85013000e-01 2.44588486e+08
4.85037000e-01 2.43468342e+08
4.85060000e-01 2.42030805e+08
4.85084000e-01 2.40544914e+08
4.85107000e-01 2.39447795e+08
4.85131000e-01 2.39361752e+08
4.85154000e-01 2.39751736e+08
4.85178000e-01 2.40750813e+08
4.85201000e-01 2.42251247e+08
4.85225000e-01 2.43614859e+08
4.85248000e-01 2.44221528e+08
4.85272000e-01 2.44688951e+08
4.85296000e-01 2.44638173e+08
4.85319000e-01 2.44026536e+08
4.85343000e-01 2.43062603e+08
4.85366000e-01 2.41949730e+08
4.85390000e-01 2.39744465e+08
4.85413000e-01 2.37217081e+08
4.85437000e-01 2.34870146e+08
4.85460000e-01 2.32648036e+08
4.85484000e-01 2.30680057e+08
4.85508000e-01 2.29977770e+08
4.85531000e-01 2.29965652e+08
4.85555000e-01 2.30117016e+08
4.85578000e-01 2.30351879e+08
4.85602000e-01 2.30637762e+08
4.85625000e-01 2.30689752e+08
4.85649000e-01 2.30219905e+08
4.85673000e-01 2.29625355e+08
4.85696000e-01 2.29067040e+08
4.85720000e-01 2.28186606e+08
4.85743000e-01 2.26944182e+08
4.85767000e-01 2.25557545e+08
4.85791000e-01 2.23938468e+08
4.85814000e-01 2.21414719e+08
4.85838000e-01 2.18745666e+08
4.85861000e-01 2.15907070e+08
4.85885000e-01 2.13229534e+08
4.85909000e-01 2.11166059e+08
4.85932000e-01 2.09528804e+08
4.85956000e-01 2.07101885e+08
4.85979000e-01 2.03823738e+08
4.86003000e-01 1.99689396e+08
4.86027000e-01 1.94794476e+08
4.86050000e-01 1.90078793e+08
4.86074000e-01 1.86057156e+08
4.86098000e-01 1.82860084e+08
4.86121000e-01 1.80425894e+08
4.86145000e-01 1.78454401e+08
4.86169000e-01 1.76892283e+08
4.86192000e-01 1.75525035e+08
4.86216000e-01 1.73979762e+08
4.86239000e-01 1.72478117e+08
4.86263000e-01 1.71169040e+08
4.86287000e-01 1.69685572e+08
4.86310000e-01 1.69074056e+08
4.86334000e-01 1.69966487e+08
4.86358000e-01 1.72009481e+08
4.86381000e-01 1.74530806e+08
4.86405000e-01 1.77692732e+08
4.86429000e-01 1.80785581e+08
4.86452000e-01 1.83424338e+08
4.86476000e-01 1.86008680e+08
4.86500000e-01 1.90088488e+08
4.86523000e-01 1.95087509e+08
4.86547000e-01 2.00343329e+08
4.86571000e-01 2.05911451e+08
4.86594000e-01 2.11198780e+08
4.86618000e-01 2.14949197e+08
4.86642000e-01 2.17612191e+08
4.86665000e-01 2.19713234e+08
4.86689000e-01 2.21052608e+08
4.86713000e-01 2.22417432e+08
4.86736000e-01 2.24001486e+08
4.86760000e-01 2.25597537e+08
4.86784000e-01 2.27543580e+08
4.86808000e-01 2.29822770e+08
4.86831000e-01 2.31659865e+08
4.86855000e-01 2.32809095e+08
4.86879000e-01 2.33903790e+08
4.86902000e-01 2.34434231e+08
4.86926000e-01 2.34227120e+08
4.86950000e-01 2.33103340e+08
4.86973000e-01 2.31662289e+08
4.86997000e-01 2.30272016e+08
4.87021000e-01 2.28626277e+08
4.87045000e-01 2.26485242e+08
4.87068000e-01 2.24408315e+08
4.87092000e-01 2.23121052e+08
4.87116000e-01 2.21793797e+08
4.87140000e-01 2.21044125e+08
4.87163000e-01 2.21358973e+08
4.87187000e-01 2.22377440e+08
4.87211000e-01 2.23167104e+08
4.87234000e-01 2.23536365e+08
4.87258000e-01 2.23401967e+08
4.87282000e-01 2.23444383e+08
4.87306000e-01 2.23594535e+08
4.87329000e-01 2.23326951e+08
4.87353000e-01 2.23507401e+08
4.87377000e-01 2.23925137e+08
4.87401000e-01 2.23467408e+08
4.87424000e-01 2.22911517e+08
4.87448000e-01 2.22112280e+08
4.87472000e-01 2.21337280e+08
4.87496000e-01 2.21374727e+08
4.87520000e-01 2.22577280e+08
4.87543000e-01 2.24237561e+08
4.87567000e-01 2.27937200e+08
4.87591000e-01 2.32204728e+08
4.87615000e-01 2.35410283e+08
4.87638000e-01 2.37437522e+08
4.87662000e-01 2.37581615e+08
4.87686000e-01 2.36426326e+08
4.87710000e-01 2.34913774e+08
4.87734000e-01 2.33763332e+08
4.87757000e-01 2.33781511e+08
4.87781000e-01 2.35579825e+08
4.87805000e-01 2.37145701e+08
4.87829000e-01 2.38357827e+08
4.87852000e-01 2.39752948e+08
4.87876000e-01 2.40615203e+08
4.87900000e-01 2.41177033e+08
4.87924000e-01 2.42104730e+08
4.87948000e-01 2.43402900e+08
4.87972000e-01 2.44716825e+08
4.87995000e-01 2.45972579e+08
4.88019000e-01 2.46614514e+08
4.88043000e-01 2.46719826e+08
4.88067000e-01 2.45829698e+08
4.88091000e-01 2.44709553e+08
4.88114000e-01 2.43781977e+08
4.88138000e-01 2.43224874e+08
4.88162000e-01 2.43744409e+08
4.88186000e-01 2.45541512e+08
4.88210000e-01 2.47320436e+08
4.88234000e-01 2.49097058e+08
4.88257000e-01 2.51159321e+08
4.88281000e-01 2.52214145e+08
4.88305000e-01 2.52187483e+08
4.88329000e-01 2.51883543e+08
4.88353000e-01 2.50940212e+08
4.88377000e-01 2.49522066e+08
4.88400000e-01 2.47978004e+08
4.88424000e-01 2.47117082e+08
4.88448000e-01 2.46039232e+08
4.88472000e-01 2.44519409e+08
4.88496000e-01 2.43182458e+08
4.88520000e-01 2.42685949e+08
4.88544000e-01 2.41479761e+08
4.88568000e-01 2.40915508e+08
4.88591000e-01 2.41686872e+08
4.88615000e-01 2.42575789e+08
4.88639000e-01 2.42888213e+08
4.88663000e-01 2.43431985e+08
4.88687000e-01 2.43327763e+08
4.88711000e-01 2.42435332e+08
4.88735000e-01 2.41333245e+08
4.88759000e-01 2.39143855e+08
4.88782000e-01 2.37040267e+08
4.88806000e-01 2.35633148e+08
4.88830000e-01 2.34657097e+08
4.88854000e-01 2.34333645e+08
4.88878000e-01 2.34815732e+08
4.88902000e-01 2.34778164e+08
4.88926000e-01 2.33261976e+08
4.88950000e-01 2.31403067e+08
4.88974000e-01 2.28503877e+08
4.88998000e-01 2.24677111e+08
4.89021000e-01 2.21357761e+08
4.89045000e-01 2.19783523e+08
4.89069000e-01 2.19297922e+08
4.89093000e-01 2.19898531e+08
4.89117000e-01 2.21637585e+08
4.89141000e-01 2.22825595e+08
4.89165000e-01 2.23200915e+08
4.89189000e-01 2.21974246e+08
4.89213000e-01 2.20267913e+08
4.89237000e-01 2.18680345e+08
4.89261000e-01 2.18774751e+08
4.89285000e-01 2.19750803e+08
4.89309000e-01 2.21678789e+08
4.89333000e-01 2.23808917e+08
4.89356000e-01 2.25636317e+08
4.89380000e-01 2.25838581e+08
4.89404000e-01 2.25320258e+08
4.89428000e-01 2.26175121e+08
4.89452000e-01 2.27707063e+08
4.89476000e-01 2.29398853e+08
4.89500000e-01 2.32868356e+08
4.89524000e-01 2.37934031e+08
4.89548000e-01 2.41925492e+08
4.89572000e-01 2.45394995e+08
4.89596000e-01 2.48948118e+08
4.89620000e-01 2.50945060e+08
4.89644000e-01 2.51908993e+08
4.89668000e-01 2.52612612e+08
4.89692000e-01 2.53374281e+08
4.89716000e-01 2.54680935e+08
4.89740000e-01 2.56693632e+08
4.89764000e-01 2.58350277e+08
4.89788000e-01 2.59966930e+08
4.89812000e-01 2.61444338e+08
4.89836000e-01 2.61450398e+08
4.89860000e-01 2.60427204e+08
4.89884000e-01 2.59768424e+08
4.89908000e-01 2.59184659e+08
4.89932000e-01 2.58429050e+08
4.89956000e-01 2.58409659e+08
4.89980000e-01 2.58834667e+08
4.90004000e-01 2.59107220e+08
4.90028000e-01 2.59418432e+08
4.90052000e-01 2.59906457e+08
4.90076000e-01 2.60244331e+08
4.90100000e-01 2.60341160e+08
4.90124000e-01 2.59804659e+08
4.90148000e-01 2.58564659e+08
4.90172000e-01 2.56337580e+08
4.90196000e-01 2.54444860e+08
4.90220000e-01 2.53060646e+08
4.90244000e-01 2.51913840e+08
4.90268000e-01 2.50919610e+08
4.90292000e-01 2.50155396e+08
4.90316000e-01 2.49290838e+08
4.90340000e-01 2.48441914e+08
4.90364000e-01 2.48146335e+08
4.90388000e-01 2.48741007e+08
4.90412000e-01 2.50168727e+08
4.90436000e-01 2.51802347e+08
4.90461000e-01 2.53445783e+08
4.90485000e-01 2.54693054e+08
4.90509000e-01 2.55461994e+08
4.90533000e-01 2.56178945e+08
4.90557000e-01 2.56526513e+08
4.90581000e-01 2.56626978e+08
4.90605000e-01 2.56263776e+08
4.90629000e-01 2.55262276e+08
4.90653000e-01 2.53594723e+08
4.90677000e-01 2.53279876e+08
4.90701000e-01 2.53554731e+08
4.90725000e-01 2.54508968e+08
4.90749000e-01 2.55838648e+08
4.90773000e-01 2.57124699e+08
4.90798000e-01 2.57531650e+08
4.90822000e-01 2.57282244e+08
4.90846000e-01 2.55451208e+08
4.90870000e-01 2.53599571e+08
4.90894000e-01 2.51848398e+08
4.90918000e-01 2.49715846e+08
4.90942000e-01 2.47531183e+08
4.90966000e-01 2.45976214e+08
4.90990000e-01 2.44468631e+08
4.91014000e-01 2.43103807e+08
4.91039000e-01 2.40980829e+08
4.91063000e-01 2.38432964e+08
4.91087000e-01 2.35820869e+08
4.91111000e-01 2.33151816e+08
4.91135000e-01 2.31497473e+08
4.91159000e-01 2.31607754e+08
4.91183000e-01 2.32106687e+08
4.91207000e-01 2.32962883e+08
4.91232000e-01 2.34013950e+08
4.91256000e-01 2.34402722e+08
4.91280000e-01 2.34084239e+08
4.91304000e-01 2.34339704e+08
4.91328000e-01 2.34615893e+08
4.91352000e-01 2.35161968e+08
4.91376000e-01 2.36693910e+08
4.91400000e-01 2.39033573e+08
4.91425000e-01 2.41364754e+08
4.91449000e-01 2.44100460e+08
4.91473000e-01 2.47153317e+08
4.91497000e-01 2.49681913e+08
4.91521000e-01 2.51198101e+08
4.91545000e-01 2.52451553e+08
4.91570000e-01 2.53312475e+08
4.91594000e-01 2.54285012e+08
4.91618000e-01 2.54627612e+08
4.91642000e-01 2.54525935e+08
4.91666000e-01 2.53439723e+08
4.91690000e-01 2.51693398e+08
4.91715000e-01 2.48896007e+08
4.91739000e-01 2.45311375e+08
4.91763000e-01 2.42128968e+08
4.91787000e-01 2.39938245e+08
4.91811000e-01 2.38385700e+08
4.91836000e-01 2.36647980e+08
4.91860000e-01 2.35371502e+08
4.91884000e-01 2.32305315e+08
4.91908000e-01 2.27739784e+08
4.91932000e-01 2.23860907e+08
4.91957000e-01 2.20845619e+08
4.91981000e-01 2.18277030e+08
4.92005000e-01 2.17162946e+08
4.92029000e-01 2.16802046e+08
4.92053000e-01 2.15507512e+08
4.92078000e-01 2.13867712e+08
4.92102000e-01 2.12309229e+08
4.92126000e-01 2.11571676e+08
4.92150000e-01 2.11892583e+08
4.92174000e-01 2.13147247e+08
4.92199000e-01 2.14824494e+08
4.92223000e-01 2.15777520e+08
4.92247000e-01 2.16431452e+08
4.92271000e-01 2.18216436e+08
4.92296000e-01 2.19796854e+08
4.92320000e-01 2.20128668e+08
4.92344000e-01 2.21059880e+08
4.92368000e-01 2.20724430e+08
4.92393000e-01 2.19627312e+08
4.92417000e-01 2.20284880e+08
4.92441000e-01 2.23035008e+08
4.92465000e-01 2.26219960e+08
4.92490000e-01 2.30437923e+08
4.92514000e-01 2.33533196e+08
4.92538000e-01 2.34786647e+08
4.92562000e-01 2.34721205e+08
4.92587000e-01 2.34446350e+08
4.92611000e-01 2.34705451e+08
4.92635000e-01 2.35317089e+08
4.92659000e-01 2.35604063e+08
4.92684000e-01 2.35685138e+08
4.92708000e-01 2.35576190e+08
4.92732000e-01 2.35000908e+08
4.92757000e-01 2.35476936e+08
4.92781000e-01 2.36448140e+08
4.92805000e-01 2.37510114e+08
4.92829000e-01 2.39277041e+08
4.92854000e-01 2.40222795e+08
4.92878000e-01 2.40271271e+08
4.92902000e-01 2.41529449e+08
4.92927000e-01 2.43370179e+08
4.92951000e-01 2.44502442e+08
4.92975000e-01 2.46351656e+08
4.92999000e-01 2.48100405e+08
4.93024000e-01 2.48782211e+08
4.93048000e-01 2.49106753e+08
4.93072000e-01 2.49310107e+08
4.93097000e-01 2.49983430e+08
4.93121000e-01 2.50694321e+08
4.93145000e-01 2.50888101e+08
4.93170000e-01 2.50109466e+08
4.93194000e-01 2.49684337e+08
4.93218000e-01 2.48562981e+08
4.93243000e-01 2.45904835e+08
4.93267000e-01 2.43681391e+08
4.93291000e-01 2.42940324e+08
4.93316000e-01 2.42113213e+08
4.93340000e-01 2.41158854e+08
4.93364000e-01 2.41754738e+08
4.93389000e-01 2.43267290e+08
4.93413000e-01 2.44018052e+08
4.93437000e-01 2.43778342e+08
4.93462000e-01 2.44078647e+08
4.93486000e-01 2.43913951e+08
4.93510000e-01 2.42712611e+08
4.93535000e-01 2.41447162e+08
4.93559000e-01 2.40724152e+08
4.93583000e-01 2.39200692e+08
4.93608000e-01 2.38279176e+08
4.93632000e-01 2.37299489e+08
4.93657000e-01 2.35679079e+08
4.93681000e-01 2.35048172e+08
4.93705000e-01 2.35079681e+08
4.93730000e-01 2.33237738e+08
4.93754000e-01 2.32881687e+08
4.93778000e-01 2.34064849e+08
4.93803000e-01 2.33920756e+08
4.93827000e-01 2.33240162e+08
4.93852000e-01 2.34401510e+08
4.93876000e-01 2.33946206e+08
4.93900000e-01 2.33018508e+08
4.93925000e-01 2.32254416e+08
4.93949000e-01 2.33041534e+08
4.93974000e-01 2.33875916e+08
4.93998000e-01 2.35450275e+08
4.94022000e-01 2.37149336e+08
4.94047000e-01 2.38987522e+08
4.94071000e-01 2.39467186e+08
4.94096000e-01 2.39341150e+08
4.94120000e-01 2.39349633e+08
4.94144000e-01 2.39031150e+08
4.94169000e-01 2.39220082e+08
4.94193000e-01 2.40056888e+08
4.94218000e-01 2.40984464e+08
4.94242000e-01 2.42644745e+08
4.94267000e-01 2.45037732e+08
4.94291000e-01 2.46940268e+08
4.94315000e-01 2.49124931e+08
4.94340000e-01 2.52639153e+08
4.94364000e-01 2.54942581e+08
4.94389000e-01 2.56330309e+08
4.94413000e-01 2.57176810e+08
4.94438000e-01 2.57196200e+08
4.94462000e-01 2.55830164e+08
4.94486000e-01 2.53506256e+08
4.94511000e-01 2.51936866e+08
4.94535000e-01 2.50897797e+08
4.94560000e-01 2.49912050e+08
4.94584000e-01 2.48726464e+08
4.94609000e-01 2.49258118e+08
4.94633000e-01 2.50054931e+08
4.94658000e-01 2.50638575e+08
4.94682000e-01 2.51336135e+08
4.94707000e-01 2.52522933e+08
4.94731000e-01 2.52966119e+08
4.94756000e-01 2.52886256e+08
4.94780000e-01 2.52467186e+08
4.94805000e-01 2.51309474e+08
4.94829000e-01 2.50126432e+08
4.94854000e-01 2.48045870e+08
4.94878000e-01 2.45821215e+08
4.94902000e-01 2.44248189e+08
4.94927000e-01 2.43967274e+08
4.94951000e-01 2.44329264e+08
4.94976000e-01 2.45378029e+08
4.95000000e-01 2.47562692e+08
4.95025000e-01 2.49764321e+08
4.95049000e-01 2.51377339e+08
4.95074000e-01 2.52350967e+08
4.95099000e-01 2.53024289e+08
4.95123000e-01 2.52922612e+08
4.95148000e-01 2.52239594e+08
4.95172000e-01 2.50954755e+08
4.95197000e-01 2.50065838e+08
4.95221000e-01 2.49811464e+08
4.95246000e-01 2.49173286e+08
4.95270000e-01 2.48604185e+08
4.95295000e-01 2.48237226e+08
4.95319000e-01 2.47830276e+08
4.95344000e-01 2.47476648e+08
4.95368000e-01 2.48148759e+08
4.95393000e-01 2.49261753e+08
4.95417000e-01 2.50685838e+08
4.95442000e-01 2.52015517e+08
4.95466000e-01 2.53193832e+08
4.95491000e-01 2.53347620e+08
4.95516000e-01 2.53063070e+08
4.95540000e-01 2.52116104e+08
4.95565000e-01 2.49006167e+08
4.95589000e-01 2.44010781e+08
4.95614000e-01 2.38267057e+08
4.95638000e-01 2.33070619e+08
4.95663000e-01 2.28631125e+08
4.95688000e-01 2.27122208e+08
4.95712000e-01 2.27888725e+08
4.95737000e-01 2.29452176e+08
4.95761000e-01 2.30578380e+08
4.95786000e-01 2.31636840e+08
4.95810000e-01 2.31842617e+08
4.95835000e-01 2.32243509e+08
4.95860000e-01 2.32780010e+08
4.95884000e-01 2.33287426e+08
4.95909000e-01 2.33825138e+08
4.95933000e-01 2.34624376e+08
4.95958000e-01 2.35023934e+08
4.95983000e-01 2.35318301e+08
4.96007000e-01 2.35538621e+08
4.96032000e-01 2.35107554e+08
4.96056000e-01 2.34210154e+08
4.96081000e-01 2.33955901e+08
4.96106000e-01 2.34680001e+08
4.96130000e-01 2.38066005e+08
4.96155000e-01 2.43251536e+08
4.96179000e-01 2.49210854e+08
4.96204000e-01 2.54598648e+08
4.96229000e-01 2.59097525e+08
4.96253000e-01 2.60978126e+08
4.96278000e-01 2.61842806e+08
4.96303000e-01 2.62183103e+08
4.96327000e-01 2.61663568e+08
4.96352000e-01 2.60760230e+08
4.96376000e-01 2.59965718e+08
4.96401000e-01 2.58570719e+08
4.96426000e-01 2.56630614e+08
4.96450000e-01 2.54106987e+08
4.96475000e-01 2.52394594e+08
4.96500000e-01 2.50706440e+08
4.96524000e-01 2.49261753e+08
4.96549000e-01 2.48719193e+08
4.96574000e-01 2.48575100e+08
4.96598000e-01 2.47781922e+08
4.96623000e-01 2.46855436e+08
4.96648000e-01 2.46339537e+08
4.96672000e-01 2.44824561e+08
4.96697000e-01 2.43652306e+08
4.96722000e-01 2.42113213e+08
4.96746000e-01 2.40859761e+08
4.96771000e-01 2.39602795e+08
4.96796000e-01 2.38942803e+08
4.96820000e-01 2.37816600e+08
4.96845000e-01 2.37115404e+08
4.96870000e-01 2.36836791e+08
4.96894000e-01 2.35361807e+08
4.96919000e-01 2.34418477e+08
4.96944000e-01 2.34732112e+08
4.96968000e-01 2.36680580e+08
4.96993000e-01 2.37943726e+08
4.97018000e-01 2.39986599e+08
4.97043000e-01 2.41633671e+08
4.97067000e-01 2.42461993e+08
4.97092000e-01 2.42687161e+08
4.97117000e-01 2.42635172e+08
4.97141000e-01 2.42684738e+08
4.97166000e-01 2.42705340e+08
4.97191000e-01 2.44119851e+08
4.97216000e-01 2.45117716e+08
4.97240000e-01 2.47269658e+08
4.97265000e-01 2.49700092e+08
4.97290000e-01 2.52100349e+08
4.97315000e-01 2.53491713e+08
4.97339000e-01 2.54662757e+08
4.97364000e-01 2.55393038e+08
4.97389000e-01 2.55258640e+08
4.97413000e-01 2.56401810e+08
4.97438000e-01 2.58141954e+08
4.97463000e-01 2.58892838e+08
4.97488000e-01 2.59070863e+08
4.97512000e-01 2.59833744e+08
4.97537000e-01 2.59244042e+08
4.97562000e-01 2.58582838e+08
4.97587000e-01 2.58722083e+08
4.97611000e-01 2.58468921e+08
4.97636000e-01 2.58020887e+08
4.97661000e-01 2.57850133e+08
4.97686000e-01 2.57306360e+08
4.97711000e-01 2.55308206e+08
4.97735000e-01 2.54148069e+08
4.97760000e-01 2.53502620e+08
4.97785000e-01 2.52650060e+08
4.97810000e-01 2.51646135e+08
4.97834000e-01 2.51574755e+08
4.97859000e-01 2.49299200e+08
4.97884000e-01 2.46162723e+08
4.97909000e-01 2.44087130e+08
4.97934000e-01 2.42452298e+08
4.97958000e-01 2.40858550e+08
4.97983000e-01 2.41300645e+08
4.98008000e-01 2.41193999e+08
4.98033000e-01 2.40164625e+08
4.98058000e-01 2.39362964e+08
4.98082000e-01 2.37769336e+08
4.98107000e-01 2.34953766e+08
4.98132000e-01 2.33266824e+08
4.98157000e-01 2.30660788e+08
4.98182000e-01 2.27311141e+08
4.98206000e-01 2.24713468e+08
4.98231000e-01 2.23083484e+08
4.98256000e-01 2.21532151e+08
4.98281000e-01 2.21205185e+08
4.98306000e-01 2.21195489e+08
4.98331000e-01 2.20971533e+08
4.98355000e-01 2.19293074e+08
4.98380000e-01 2.17912496e+08
4.98405000e-01 2.16791139e+08
4.98430000e-01 2.15903434e+08
4.98455000e-01 2.15132070e+08
4.98480000e-01 2.15930096e+08
4.98504000e-01 2.15968876e+08
4.98529000e-01 2.15719349e+08
4.98554000e-01 2.15802969e+08
4.98579000e-01 2.16172352e+08
4.98604000e-01 2.16954623e+08
4.98629000e-01 2.19017007e+08
4.98654000e-01 2.21226998e+08
4.98678000e-01 2.23702272e+08
4.98703000e-01 2.26815844e+08
4.98728000e-01 2.28328396e+08
4.98753000e-01 2.30244142e+08
4.98778000e-01 2.33351534e+08
4.98803000e-01 2.36056944e+08
4.98828000e-01 2.37912217e+08
4.98853000e-01 2.40880363e+08
4.98878000e-01 2.42702916e+08
4.98902000e-01 2.43737138e+08
4.98927000e-01 2.44977137e+08
4.98952000e-01 2.45006223e+08
4.98977000e-01 2.45552419e+08
4.99002000e-01 2.46516351e+08
4.99027000e-01 2.45747411e+08
4.99052000e-01 2.45350155e+08
4.99077000e-01 2.46613302e+08
4.99102000e-01 2.47269658e+08
4.99127000e-01 2.46836046e+08
4.99151000e-01 2.47430718e+08
4.99176000e-01 2.46367411e+08
4.99201000e-01 2.44850011e+08
4.99226000e-01 2.42957290e+08
4.99251000e-01 2.40917932e+08
4.99276000e-01 2.39732346e+08
4.99301000e-01 2.39500997e+08
4.99326000e-01 2.39624609e+08
4.99351000e-01 2.40121118e+08
4.99376000e-01 2.40857338e+08
4.99401000e-01 2.40954288e+08
4.99426000e-01 2.40738694e+08
4.99451000e-01 2.39916431e+08
4.99476000e-01 2.40485532e+08
4.99501000e-01 2.42866399e+08
4.99525000e-01 2.44116215e+08
4.99550000e-01 2.45570597e+08
4.99575000e-01 2.48036175e+08
4.99600000e-01 2.49453110e+08
4.99625000e-01 2.49259329e+08
4.99650000e-01 2.49474802e+08
4.99675000e-01 2.49054642e+08
4.99700000e-01 2.48697379e+08
4.99725000e-01 2.48777363e+08
4.99750000e-01 2.48076167e+08
4.99775000e-01 2.48236015e+08
4.99800000e-01 2.48621151e+08
4.99825000e-01 2.48784634e+08
4.99850000e-01 2.46425581e+08
4.99875000e-01 2.46643478e+08
4.99900000e-01 2.43907892e+08
4.99925000e-01 2.41364754e+08
4.99950000e-01 2.38951287e+08
4.99975000e-01 2.37432675e+08
5.00000000e-01 2.36595869e+08
5.00025000e-01 2.34167738e+08
5.00050000e-01 2.31848677e+08
5.00075000e-01 2.30303525e+08
5.00100000e-01 2.28315066e+08
5.00125000e-01 2.24413163e+08
5.00150000e-01 2.23066517e+08
5.00175000e-01 2.22177721e+08
5.00200000e-01 2.21354125e+08
5.00225000e-01 2.21292440e+08
5.00250000e-01 2.21443805e+08
5.00275000e-01 2.21578202e+08
5.00300000e-01 2.21895474e+08
5.00325000e-01 2.22479238e+08
5.00350000e-01 2.23050763e+08
5.00375000e-01 2.25102240e+08
5.00400000e-01 2.27378885e+08
5.00425000e-01 2.28216903e+08
5.00450000e-01 2.27323260e+08
5.00475000e-01 2.26233291e+08
5.00500000e-01 2.24290884e+08
5.00526000e-01 2.22639086e+08
5.00551000e-01 2.22245466e+08
5.00576000e-01 2.22243042e+08
5.00601000e-01 2.22054109e+08
5.00626000e-01 2.22063804e+08
5.00651000e-01 2.22210321e+08
5.00676000e-01 2.22011815e+08
5.00701000e-01 2.22538499e+08
5.00726000e-01 2.23418933e+08
5.00751000e-01 2.24326028e+08
5.00776000e-01 2.25322682e+08
5.00801000e-01 2.26436767e+08
5.00826000e-01 2.27418877e+08
5.00851000e-01 2.28122497e+08
5.00877000e-01 2.28614159e+08
5.00902000e-01 2.28610523e+08
5.00927000e-01 2.28810363e+08
5.00952000e-01 2.30007946e+08
5.00977000e-01 2.32759408e+08
5.01002000e-01 2.35753004e+08
5.01027000e-01 2.38233124e+08
5.01052000e-01 2.39142643e+08
5.01077000e-01 2.39032362e+08
5.01102000e-01 2.38066005e+08
5.01128000e-01 2.37212233e+08
5.01153000e-01 2.37155274e+08
5.01178000e-01 2.37861318e+08
5.01203000e-01 2.38147202e+08
5.01228000e-01 2.37691776e+08
5.01253000e-01 2.35914063e+08
5.01278000e-01 2.33057289e+08
5.01303000e-01 2.30334913e+08
5.01329000e-01 2.27538733e+08
5.01354000e-01 2.24890281e+08
5.01379000e-01 2.23485587e+08
5.01404000e-01 2.22856982e+08
5.01429000e-01 2.22457424e+08
5.01454000e-01 2.22566373e+08
5.01479000e-01 2.22545771e+08
5.01505000e-01 2.22123187e+08
5.01530000e-01 2.21597593e+08
5.01555000e-01 2.21547905e+08
5.01580000e-01 2.22671807e+08
5.01605000e-01 2.24376806e+08
5.01630000e-01 2.26284190e+08
5.01655000e-01 2.27598115e+08
5.01681000e-01 2.27180257e+08
5.01706000e-01 2.25731935e+08
5.01731000e-01 2.24403468e+08
5.01756000e-01 2.23068941e+08
5.01781000e-01 2.23079848e+08
5.01806000e-01 2.24338147e+08
5.01832000e-01 2.25300868e+08
5.01857000e-01 2.26461004e+08
5.01882000e-01 2.27596903e+08
5.01907000e-01 2.27750691e+08
5.01932000e-01 2.27667192e+08
5.01958000e-01 2.28006156e+08
5.01983000e-01 2.28129768e+08
5.02008000e-01 2.27778564e+08
5.02033000e-01 2.26896919e+08
5.02058000e-01 2.25305715e+08
5.02084000e-01 2.23427416e+08
5.02109000e-01 2.21459559e+08
5.02134000e-01 2.19940947e+08
5.02159000e-01 2.18941870e+08
5.02185000e-01 2.19329431e+08
5.02210000e-01 2.21141076e+08
5.02235000e-01 2.23026525e+08
5.02260000e-01 2.24967842e+08
5.02285000e-01 2.27051919e+08
5.02311000e-01 2.28294464e+08
5.02336000e-01 2.28358572e+08
5.02361000e-01 2.28269014e+08
5.02386000e-01 2.27916598e+08
5.02412000e-01 2.27607810e+08
5.02437000e-01 2.27554487e+08
5.02462000e-01 2.27429784e+08
5.02487000e-01 2.27064038e+08
5.02513000e-01 2.27085852e+08
5.02538000e-01 2.27331743e+08
5.02563000e-01 2.27520554e+08
5.02588000e-01 2.28172063e+08
5.02614000e-01 2.28465218e+08
5.02639000e-01 2.28205996e+08
5.02664000e-01 2.28126133e+08
5.02689000e-01 2.28662634e+08
5.02715000e-01 2.29110667e+08
5.02740000e-01 2.29946261e+08
5.02765000e-01 2.30887168e+08
5.02790000e-01 2.31039744e+08
5.02816000e-01 2.30623220e+08
5.02841000e-01 2.30215057e+08
5.02866000e-01 2.30206574e+08
5.02892000e-01 2.30818212e+08
5.02917000e-01 2.31948051e+08
5.02942000e-01 2.32649247e+08
5.02968000e-01 2.32781222e+08
5.02993000e-01 2.32459103e+08
5.03018000e-01 2.31584729e+08
5.03043000e-01 2.30683693e+08
5.03069000e-01 2.31137907e+08
5.03094000e-01 2.32686695e+08
5.03119000e-01 2.34522578e+08
5.03145000e-01 2.37180724e+08
5.03170000e-01 2.40455356e+08
5.03195000e-01 2.42684738e+08
5.03221000e-01 2.43844874e+08
5.03246000e-01 2.44688951e+08
5.03271000e-01 2.44961504e+08
5.03297000e-01 2.45168494e+08
5.03322000e-01 2.46108310e+08
5.03347000e-01 2.47182403e+08
5.03373000e-01 2.47413751e+08
5.03398000e-01 2.47106175e+08
5.03423000e-01 2.45775284e+08
5.03449000e-01 2.43894561e+08
5.03474000e-01 2.42447451e+08
5.03499000e-01 2.41863686e+08
5.03525000e-01 2.41621552e+08
5.03550000e-01 2.42200348e+08
5.03575000e-01 2.42918510e+08
5.03601000e-01 2.43198213e+08
5.03626000e-01 2.43485187e+08
5.03651000e-01 2.43853357e+08
5.03677000e-01 2.43459859e+08
5.03702000e-01 2.42528526e+08
5.03728000e-01 2.41794730e+08
5.03753000e-01 2.40492803e+08
5.03778000e-01 2.38620685e+08
5.03804000e-01 2.37158910e+08
5.03829000e-01 2.35497417e+08
5.03855000e-01 2.33314087e+08
5.03880000e-01 2.32255628e+08
5.03905000e-01 2.32050940e+08
5.03931000e-01 2.30889592e+08
5.03956000e-01 2.29751269e+08
5.03981000e-01 2.28605675e+08
5.04007000e-01 2.25895418e+08
5.04032000e-01 2.22300001e+08
5.04058000e-01 2.19650337e+08
5.04083000e-01 2.17470522e+08
5.04108000e-01 2.15720561e+08
5.04134000e-01 2.15004944e+08
5.04159000e-01 2.14954045e+08
5.04185000e-01 2.14977070e+08
5.04210000e-01 2.15615248e+08
5.04236000e-01 2.16546460e+08
5.04261000e-01 2.17297343e+08
5.04286000e-01 2.18643989e+08
5.04312000e-01 2.20063226e+08
5.04337000e-01 2.20921846e+08
5.04363000e-01 2.21913652e+08
5.04388000e-01 2.23129535e+08
5.04414000e-01 2.23954222e+08
5.04439000e-01 2.25587842e+08
5.04465000e-01 2.28803091e+08
5.04490000e-01 2.32483341e+08
5.04515000e-01 2.37227988e+08
5.04541000e-01 2.43356848e+08
5.04566000e-01 2.49184193e+08
5.04592000e-01 2.53818679e+08
5.04617000e-01 2.57536497e+08
5.04643000e-01 2.59578279e+08
5.04668000e-01 2.59254949e+08
5.04694000e-01 2.57663624e+08
5.04719000e-01 2.55056376e+08
5.04745000e-01 2.52132949e+08
5.04770000e-01 2.50058567e+08
5.04796000e-01 2.49011014e+08
5.04821000e-01 2.47552997e+08
5.04847000e-01 2.46174842e+08
5.04872000e-01 2.45279987e+08
5.04898000e-01 2.44088342e+08
5.04923000e-01 2.42658076e+08
5.04948000e-01 2.41843084e+08
5.04974000e-01 2.40501286e+08
5.05000000e-01 2.37550106e+08
5.05025000e-01 2.33896518e+08
5.05050000e-01 2.30273228e+08
5.05076000e-01 2.26975691e+08
5.05102000e-01 2.24574222e+08
5.05127000e-01 2.23181525e+08
5.05153000e-01 2.22441670e+08
5.05178000e-01 2.22462272e+08
5.05204000e-01 2.23081060e+08
5.05229000e-01 2.24580281e+08
5.05255000e-01 2.27020410e+08
5.05280000e-01 2.29450964e+08
5.05306000e-01 2.30804881e+08
5.05331000e-01 2.32059423e+08
5.05357000e-01 2.33832289e+08
5.05382000e-01 2.35313453e+08
5.05408000e-01 2.36892538e+08
5.05433000e-01 2.38672674e+08
5.05459000e-01 2.39745677e+08
5.05485000e-01 2.40112635e+08
5.05510000e-01 2.41327185e+08
5.05536000e-01 2.43520332e+08
5.05561000e-01 2.46173630e+08
5.05587000e-01 2.48857226e+08
5.05612000e-01 2.50977660e+08
5.05638000e-01 2.52059145e+08
5.05663000e-01 2.52255349e+08
5.05689000e-01 2.52110044e+08
5.05715000e-01 2.52014305e+08
5.05740000e-01 2.52119739e+08
5.05766000e-01 2.52175365e+08
5.05791000e-01 2.52047026e+08
5.05817000e-01 2.51981584e+08
5.05842000e-01 2.51801135e+08
5.05868000e-01 2.51368856e+08
5.05894000e-01 2.50932941e+08
5.05919000e-01 2.50513872e+08
5.05945000e-01 2.50219626e+08
5.05970000e-01 2.50349177e+08
5.05996000e-01 2.50757339e+08
5.06022000e-01 2.51240517e+08
5.06047000e-01 2.51716424e+08
5.06073000e-01 2.51913840e+08
5.06099000e-01 2.52191119e+08
5.06124000e-01 2.52682780e+08
5.06150000e-01 2.53142933e+08
5.06175000e-01 2.53649137e+08
5.06201000e-01 2.54229266e+08
5.06227000e-01 2.54645790e+08
5.06252000e-01 2.54854113e+08
5.06278000e-01 2.54835935e+08
5.06303000e-01 2.53930173e+08
5.06329000e-01 2.51790349e+08
5.06355000e-01 2.49145412e+08
5.06380000e-01 2.46777997e+08
5.06406000e-01 2.44771359e+08
5.06432000e-01 2.43418655e+08
5.06457000e-01 2.43120773e+08
5.06483000e-01 2.43272138e+08
5.06509000e-01 2.43028670e+08
5.06534000e-01 2.42282756e+08
5.06560000e-01 2.41421712e+08
5.06586000e-01 2.40684159e+08
5.06611000e-01 2.39619762e+08
5.06637000e-01 2.38348132e+08
5.06663000e-01 2.37392683e+08
5.06688000e-01 2.36640709e+08
5.06714000e-01 2.35241952e+08
5.06740000e-01 2.33376984e+08
5.06765000e-01 2.31537465e+08
5.06791000e-01 2.29274151e+08
5.06817000e-01 2.27274784e+08
5.06842000e-01 2.26905402e+08
5.06868000e-01 2.28219327e+08
5.06894000e-01 2.30253838e+08
5.06919000e-01 2.32704873e+08
5.06945000e-01 2.35123309e+08
5.06971000e-01 2.36747233e+08
5.06997000e-01 2.37312819e+08
5.07022000e-01 2.37196479e+08
5.07048000e-01 2.36707241e+08
5.07074000e-01 2.36021799e+08
5.07099000e-01 2.35060291e+08
5.07125000e-01 2.33883188e+08
5.07151000e-01 2.33031839e+08
5.07177000e-01 2.32643188e+08
5.07202000e-01 2.32248356e+08
5.07228000e-01 2.32714568e+08
5.07254000e-01 2.34370002e+08
5.07279000e-01 2.36098148e+08
5.07305000e-01 2.37338148e+08
5.07331000e-01 2.38168894e+08
5.07357000e-01 2.38211310e+08
5.07382000e-01 2.37289794e+08
5.07408000e-01 2.36265267e+08
5.07434000e-01 2.35456334e+08
5.07460000e-01 2.34419689e+08
5.07485000e-01 2.32984697e+08
5.07511000e-01 2.31761542e+08
5.07537000e-01 2.30420956e+08
5.07563000e-01 2.29643533e+08
5.07588000e-01 2.29945050e+08
5.07614000e-01 2.31215346e+08
5.07640000e-01 2.33063348e+08
5.07666000e-01 2.35147546e+08
5.07691000e-01 2.36731479e+08
5.07717000e-01 2.37511326e+08
5.07743000e-01 2.36931318e+08
5.07769000e-01 2.34870146e+08
5.07795000e-01 2.31823348e+08
5.07820000e-01 2.28497939e+08
5.07846000e-01 2.25739206e+08
5.07872000e-01 2.24241196e+08
5.07898000e-01 2.23468620e+08
5.07924000e-01 2.22984230e+08
5.07949000e-01 2.22086830e+08
5.07975000e-01 2.20992135e+08
5.08001000e-01 2.20102007e+08
5.08027000e-01 2.19491702e+08
5.08053000e-01 2.19117472e+08
5.08078000e-01 2.19127167e+08
5.08104000e-01 2.19030216e+08
5.08130000e-01 2.18035987e+08
5.08156000e-01 2.15804181e+08
5.08182000e-01 2.12901355e+08
5.08208000e-01 2.10309863e+08
5.08233000e-01 2.07697768e+08
5.08259000e-01 2.05625689e+08
5.08285000e-01 2.05166748e+08
5.08311000e-01 2.05974469e+08
5.08337000e-01 2.07853980e+08
5.08363000e-01 2.10426082e+08
5.08388000e-01 2.12833611e+08
5.08414000e-01 2.15025546e+08
5.08440000e-01 2.17213723e+08
5.08466000e-01 2.18974591e+08
5.08492000e-01 2.20609422e+08
5.08518000e-01 2.22056533e+08
5.08544000e-01 2.22882432e+08
5.08569000e-01 2.23047127e+08
5.08595000e-01 2.22850923e+08
5.08621000e-01 2.22516685e+08
5.08647000e-01 2.22096525e+08
5.08673000e-01 2.22468331e+08
5.08699000e-01 2.23933620e+08
5.08725000e-01 2.25139808e+08
5.08750000e-01 2.26321759e+08
5.08776000e-01 2.28176911e+08
5.08802000e-01 2.29794897e+08
5.08828000e-01 2.30844752e+08
5.08854000e-01 2.31962594e+08
5.08880000e-01 2.32887746e+08
5.08906000e-01 2.33030627e+08
5.08932000e-01 2.32478493e+08
5.08958000e-01 2.31835346e+08
5.08984000e-01 2.31145178e+08
5.09009000e-01 2.30646246e+08
5.09035000e-01 2.30686117e+08
5.09061000e-01 2.31413974e+08
5.09087000e-01 2.32515940e+08
5.09113000e-01 2.33940146e+08
5.09139000e-01 2.35107554e+08
5.09165000e-01 2.36242241e+08
5.09191000e-01 2.37312819e+08
5.09217000e-01 2.37895251e+08
5.09243000e-01 2.38492225e+08
5.09269000e-01 2.39306126e+08
5.09295000e-01 2.39935821e+08
5.09321000e-01 2.40582482e+08
5.09346000e-01 2.41083839e+08
5.09372000e-01 2.41210965e+08
5.09398000e-01 2.41037787e+08
5.09424000e-01 2.41401110e+08
5.09450000e-01 2.42291239e+08
5.09476000e-01 2.43390781e+08
5.09502000e-01 2.44257884e+08
5.09528000e-01 2.44563037e+08
5.09554000e-01 2.43718959e+08
5.09580000e-01 2.42570942e+08
5.09606000e-01 2.41473823e+08
5.09632000e-01 2.40691431e+08
5.09658000e-01 2.40408092e+08
5.09684000e-01 2.39829175e+08
5.09710000e-01 2.37897675e+08
5.09736000e-01 2.35366655e+08
5.09762000e-01 2.32354881e+08
5.09788000e-01 2.29486109e+08
5.09814000e-01 2.27302658e+08
5.09840000e-01 2.25763444e+08
5.09866000e-01 2.24809206e+08
5.09892000e-01 2.24336935e+08
5.09918000e-01 2.23564238e+08
5.09944000e-01 2.22748034e+08
5.09970000e-01 2.22318179e+08
5.09996000e-01 2.21602440e+08
5.10022000e-01 2.20505322e+08
5.10048000e-01 2.20289727e+08
5.10074000e-01 2.21118050e+08
5.10100000e-01 2.21947585e+08
5.10126000e-01 2.22579703e+08
5.10152000e-01 2.23305137e+08
5.10178000e-01 2.23484375e+08
5.10204000e-01 2.23564238e+08
5.10230000e-01 2.24462850e+08
5.10256000e-01 2.26129190e+08
5.10282000e-01 2.28508725e+08
5.10308000e-01 2.30955034e+08
5.10334000e-01 2.33091222e+08
5.10360000e-01 2.34925893e+08
5.10386000e-01 2.36081182e+08
5.10412000e-01 2.36410572e+08
5.10438000e-01 2.37234047e+08
5.10465000e-01 2.37863742e+08
5.10491000e-01 2.37994504e+08
5.10517000e-01 2.38333589e+08
5.10543000e-01 2.39318124e+08
5.10569000e-01 2.39309762e+08
5.10595000e-01 2.37517385e+08
5.10621000e-01 2.35135427e+08
5.10647000e-01 2.33602273e+08
5.10673000e-01 2.32176855e+08
5.10699000e-01 2.31178990e+08
5.10725000e-01 2.31564127e+08
5.10751000e-01 2.32661245e+08
5.10777000e-01 2.33200170e+08
5.10804000e-01 2.33322570e+08
5.10830000e-01 2.33090010e+08
5.10856000e-01 2.32396085e+08
5.10882000e-01 2.30522633e+08
5.10908000e-01 2.28520843e+08
5.10934000e-01 2.27100394e+08
5.10960000e-01 2.26130402e+08
5.10986000e-01 2.25625410e+08
5.11012000e-01 2.26224808e+08
5.11038000e-01 2.26909038e+08
5.11065000e-01 2.26837658e+08
5.11091000e-01 2.27108877e+08
5.11117000e-01 2.28972634e+08
5.11143000e-01 2.31466085e+08
5.11169000e-01 2.33523501e+08
5.11195000e-01 2.35656053e+08
5.11221000e-01 2.37461760e+08
5.11247000e-01 2.37771760e+08
5.11274000e-01 2.37357538e+08
5.11300000e-01 2.37212233e+08
5.11326000e-01 2.37667538e+08
5.11352000e-01 2.38201615e+08
5.11378000e-01 2.38765989e+08
5.11404000e-01 2.39864320e+08
5.11430000e-01 2.41575500e+08
5.11457000e-01 2.42999585e+08
5.11483000e-01 2.44323205e+08
5.11509000e-01 2.45718326e+08
5.11535000e-01 2.46601183e+08
5.11561000e-01 2.46834834e+08
5.11587000e-01 2.46909971e+08
5.11614000e-01 2.46964506e+08
5.11640000e-01 2.46747700e+08
5.11666000e-01 2.46699224e+08
5.11692000e-01 2.47250268e+08
5.11718000e-01 2.48011937e+08
5.11745000e-01 2.48686472e+08
5.11771000e-01 2.49454322e+08
5.11797000e-01 2.50150549e+08
5.11823000e-01 2.50297066e+08
5.11849000e-01 2.50027058e+08
5.11876000e-01 2.49611745e+08
5.11902000e-01 2.49495404e+08
5.11928000e-01 2.49750991e+08
5.11954000e-01 2.50174787e+08
5.11980000e-01 2.50510236e+08
5.12007000e-01 2.50412195e+08
5.12033000e-01 2.50096135e+08
5.12059000e-01 2.49377973e+08
5.12085000e-01 2.48584795e+08
5.12111000e-01 2.47968309e+08
5.12138000e-01 2.47819369e+08
5.12164000e-01 2.47427082e+08
5.12190000e-01 2.46214834e+08
5.12216000e-01 2.44031383e+08
5.12243000e-01 2.41763221e+08
5.12269000e-01 2.39832811e+08
5.12295000e-01 2.38263421e+08
5.12321000e-01 2.37148124e+08
5.12348000e-01 2.35973445e+08
5.12374000e-01 2.33785146e+08
5.12400000e-01 2.31510804e+08
5.12426000e-01 2.29058556e+08
5.12453000e-01 2.26531172e+08
5.12479000e-01 2.24379230e+08
5.12505000e-01 2.23705907e+08
5.12531000e-01 2.22708042e+08
5.12558000e-01 2.21533363e+08
5.12584000e-01 2.19999118e+08
5.12610000e-01 2.19101718e+08
5.12636000e-01 2.17878563e+08
5.12663000e-01 2.16655530e+08
5.12689000e-01 2.15841750e+08
5.12715000e-01 2.16449631e+08
5.12742000e-01 2.17270682e+08
5.12768000e-01 2.17734470e+08
5.12794000e-01 2.17776886e+08
5.12821000e-01 2.17502031e+08
5.12847000e-01 2.16559791e+08
5.12873000e-01 2.16357527e+08
5.12899000e-01 2.17086597e+08
5.12926000e-01 2.18647625e+08
5.12952000e-01 2.20622753e+08
5.12978000e-01 2.22754093e+08
5.13005000e-01 2.23445594e+08
5.13031000e-01 2.24046204e+08
5.13057000e-01 2.24547561e+08
5.13084000e-01 2.25553909e+08
5.13110000e-01 2.26699503e+08
5.13136000e-01 2.28301735e+08
5.13163000e-01 2.29505378e+08
5.13189000e-01 2.29849311e+08
5.13215000e-01 2.28393717e+08
5.13242000e-01 2.26746766e+08
5.13268000e-01 2.25636317e+08
5.13294000e-01 2.25058612e+08
5.13321000e-01 2.25786470e+08
5.13347000e-01 2.27871758e+08
5.13373000e-01 2.29857794e+08
5.13400000e-01 2.31707008e+08
5.13426000e-01 2.33383043e+08
5.13452000e-01 2.34109689e+08
5.13479000e-01 2.34430596e+08
5.13505000e-01 2.35197112e+08
5.13532000e-01 2.35600427e+08
5.13558000e-01 2.34781800e+08
5.13584000e-01 2.33581671e+08
5.13611000e-01 2.32714568e+08
5.13637000e-01 2.31837770e+08
5.13663000e-01 2.31188685e+08
5.13690000e-01 2.31263822e+08
5.13716000e-01 2.32506245e+08
5.13743000e-01 2.33611968e+08
5.13769000e-01 2.32667305e+08
5.13795000e-01 2.30467008e+08
5.13822000e-01 2.28899921e+08
5.13848000e-01 2.26826751e+08
5.13875000e-01 2.24597248e+08
5.13901000e-01 2.23963917e+08
5.13927000e-01 2.24491935e+08
5.13954000e-01 2.24898765e+08
5.13980000e-01 2.25149503e+08
5.14007000e-01 2.24747400e+08
5.14033000e-01 2.23227577e+08
5.14060000e-01 2.22469543e+08
5.14086000e-01 2.21771983e+08
5.14112000e-01 2.20042624e+08
5.14139000e-01 2.17844751e+08
5.14165000e-01 2.17015217e+08
5.14192000e-01 2.15440858e+08
5.14218000e-01 2.13598916e+08
5.14245000e-01 2.12776653e+08
5.14271000e-01 2.13729678e+08
5.14297000e-01 2.16202527e+08
5.14324000e-01 2.19554599e+08
5.14350000e-01 2.22958781e+08
5.14377000e-01 2.26446462e+08
5.14403000e-01 2.28968998e+08
5.14430000e-01 2.28852657e+08
5.14456000e-01 2.27275996e+08
5.14483000e-01 2.25088909e+08
5.14509000e-01 2.22161967e+08
5.14536000e-01 2.20442304e+08
5.14562000e-01 2.19049606e+08
5.14589000e-01 2.17920979e+08
5.14615000e-01 2.17833844e+08
5.14642000e-01 2.19668516e+08
5.14668000e-01 2.20823805e+08
5.14695000e-01 2.22550618e+08
5.14721000e-01 2.24677111e+08
5.14747000e-01 2.26550562e+08
5.14774000e-01 2.27158565e+08
5.14800000e-01 2.27506012e+08
5.14827000e-01 2.27346164e+08
5.14854000e-01 2.27147658e+08
5.14880000e-01 2.26724953e+08
5.14907000e-01 2.26056477e+08
5.14933000e-01 2.24770426e+08
5.14960000e-01 2.24207264e+08
5.14986000e-01 2.23896052e+08
5.15013000e-01 2.23928773e+08
5.15039000e-01 2.23479527e+08
5.15066000e-01 2.24186662e+08
5.15092000e-01 2.24717103e+08
5.15119000e-01 2.24881798e+08
5.15145000e-01 2.24324816e+08
5.15172000e-01 2.24955723e+08
5.15198000e-01 2.25885723e+08
5.15225000e-01 2.26482818e+08
5.15251000e-01 2.26527537e+08
5.15278000e-01 2.27059190e+08
5.15305000e-01 2.27275996e+08
5.15331000e-01 2.26607521e+08
5.15358000e-01 2.25257240e+08
5.15384000e-01 2.24588765e+08
5.15411000e-01 2.23249390e+08
5.15437000e-01 2.22698347e+08
5.15464000e-01 2.23456501e+08
5.15490000e-01 2.24688018e+08
5.15517000e-01 2.25189374e+08
5.15544000e-01 2.27216614e+08
5.15570000e-01 2.29309295e+08
5.15597000e-01 2.30852023e+08
5.15623000e-01 2.32197457e+08
5.15650000e-01 2.33694255e+08
5.15677000e-01 2.35114825e+08
5.15703000e-01 2.36307683e+08
5.15730000e-01 2.36783590e+08
5.15756000e-01 2.37184360e+08
5.15783000e-01 2.38400243e+08
5.15810000e-01 2.38610990e+08
5.15836000e-01 2.37745098e+08
5.15863000e-01 2.37810540e+08
5.15889000e-01 2.38447506e+08
5.15916000e-01 2.38750235e+08
5.15943000e-01 2.39739617e+08
5.15969000e-01 2.41382932e+08
5.15996000e-01 2.42527314e+08
5.16023000e-01 2.43269714e+08
5.16049000e-01 2.43412595e+08
5.16076000e-01 2.41940035e+08
5.16102000e-01 2.40399609e+08
5.16129000e-01 2.38930685e+08
5.16156000e-01 2.37745098e+08
5.16182000e-01 2.37019665e+08
5.16209000e-01 2.37312819e+08
5.16236000e-01 2.37203750e+08
5.16262000e-01 2.37461760e+08
5.16289000e-01 2.37514962e+08
5.16316000e-01 2.37112980e+08
5.16342000e-01 2.36818734e+08
5.16369000e-01 2.36535275e+08
5.16396000e-01 2.34957402e+08
5.16422000e-01 2.33582883e+08
5.16449000e-01 2.32063059e+08
5.16476000e-01 2.29315355e+08
5.16502000e-01 2.26529960e+08
5.16529000e-01 2.23745899e+08
5.16556000e-01 2.18685193e+08
5.16582000e-01 2.12963162e+08
5.16609000e-01 2.07861251e+08
5.16636000e-01 2.03101940e+08
5.16662000e-01 1.99196523e+08
5.16689000e-01 1.97119596e+08
5.16716000e-01 1.95016129e+08
5.16742000e-01 1.91247412e+08
5.16769000e-01 1.86799435e+08
5.16796000e-01 1.82519787e+08
5.16823000e-01 1.79041802e+08
5.16849000e-01 1.77268815e+08
5.16876000e-01 1.77761688e+08
5.16903000e-01 1.79873760e+08
5.16929000e-01 1.81989346e+08
5.16956000e-01 1.83029627e+08
5.16983000e-01 1.83621754e+08
5.17010000e-01 1.82740229e+08
5.17036000e-01 1.80239506e+08
5.17063000e-01 1.76633061e+08
5.17090000e-01 1.73569297e+08
5.17117000e-01 1.70685861e+08
5.17143000e-01 1.69291952e+08
5.17170000e-01 1.68277242e+08
5.17197000e-01 1.67444072e+08
5.17224000e-01 1.65786093e+08
5.17250000e-01 1.65609401e+08
5.17277000e-01 1.67119408e+08
5.17304000e-01 1.69661335e+08
5.17331000e-01 1.73123566e+08
5.17357000e-01 1.77558334e+08
5.17384000e-01 1.80314522e+08
5.17411000e-01 1.81222829e+08
5.17438000e-01 1.81393584e+08
5.17464000e-01 1.81177989e+08
5.17491000e-01 1.80502243e+08
5.17518000e-01 1.81215558e+08
5.17545000e-01 1.83010237e+08
5.17572000e-01 1.85191264e+08
5.17598000e-01 1.88626834e+08
5.17625000e-01 1.94838103e+08
5.17652000e-01 2.01943016e+08
5.17679000e-01 2.09552920e+08
5.17706000e-01 2.17447496e+08
5.17732000e-01 2.25275418e+08
5.17759000e-01 2.31484263e+08
5.17786000e-01 2.36001197e+08
5.17813000e-01 2.39071142e+08
5.17840000e-01 2.41196423e+08
5.17866000e-01 2.42017474e+08
5.17893000e-01 2.42018686e+08
5.17920000e-01 2.41553686e+08
5.17947000e-01 2.40945805e+08
5.17974000e-01 2.40278542e+08
5.18001000e-01 2.39785669e+08
5.18027000e-01 2.39470821e+08
5.18054000e-01 2.38757506e+08
5.18081000e-01 2.37599794e+08
5.18108000e-01 2.35995138e+08
5.18135000e-01 2.33179568e+08
5.18162000e-01 2.28580226e+08
5.18188000e-01 2.22180024e+08
5.18215000e-01 2.14068763e+08
5.18242000e-01 2.05534919e+08
5.18269000e-01 1.97438079e+08
5.18296000e-01 1.90391337e+08
5.18323000e-01 1.85139153e+08
5.18350000e-01 1.81863431e+08
5.18376000e-01 1.79848310e+08
5.18403000e-01 1.78696657e+08
5.18430000e-01 1.77984554e+08
5.18457000e-01 1.77847732e+08
5.18484000e-01 1.78070598e+08
5.18511000e-01 1.78034241e+08
5.18538000e-01 1.78101986e+08
5.18565000e-01 1.78694233e+08
5.18592000e-01 1.79514073e+08
5.18618000e-01 1.80476793e+08
5.18645000e-01 1.81564338e+08
5.18672000e-01 1.83607211e+08
5.18699000e-01 1.86189130e+08
5.18726000e-01 1.89139098e+08
5.18753000e-01 1.94260398e+08
5.18780000e-01 2.01262422e+08
5.18807000e-01 2.08616861e+08
5.18834000e-01 2.16276452e+08
5.18861000e-01 2.24029238e+08
5.18888000e-01 2.29746422e+08
5.18914000e-01 2.33461816e+08
5.18941000e-01 2.35756639e+08
5.18968000e-01 2.36873148e+08
5.18995000e-01 2.35874071e+08
5.19022000e-01 2.34844696e+08
5.19049000e-01 2.33175932e+08
5.19076000e-01 2.29954745e+08
5.19103000e-01 2.26670539e+08
5.19130000e-01 2.24327240e+08
5.19157000e-01 2.21981517e+08
5.19184000e-01 2.20487143e+08
5.19211000e-01 2.20155329e+08
5.19238000e-01 2.21615771e+08
5.19265000e-01 2.24252103e+08
5.19292000e-01 2.26453733e+08
5.19319000e-01 2.27520554e+08
5.19346000e-01 2.27102818e+08
5.19373000e-01 2.24915731e+08
5.19400000e-01 2.20944872e+08
5.19427000e-01 2.16852946e+08
5.19454000e-01 2.13015273e+08
5.19481000e-01 2.10665914e+08
5.19508000e-01 2.09448819e+08
5.19534000e-01 2.09894429e+08
5.19561000e-01 2.10107599e+08
5.19589000e-01 2.11622575e+08
5.19615000e-01 2.13688595e+08
5.19642000e-01 2.15047238e+08
5.19669000e-01 2.16713579e+08
5.19696000e-01 2.18702038e+08
5.19724000e-01 2.18877640e+08
5.19751000e-01 2.19122320e+08
5.19778000e-01 2.18918844e+08
5.19805000e-01 2.17340971e+08
5.19832000e-01 2.15652817e+08
5.19859000e-01 2.16339470e+08
5.19886000e-01 2.16726910e+08
5.19913000e-01 2.18642777e+08
5.19940000e-01 2.21127745e+08
5.19967000e-01 2.24774062e+08
5.19994000e-01 2.27571454e+08
5.20021000e-01 2.30970788e+08
5.20048000e-01 2.32446984e+08
5.20075000e-01 2.32032762e+08
5.20102000e-01 2.31495170e+08
5.20129000e-01 2.31522922e+08
5.20156000e-01 2.31721550e+08
5.20183000e-01 2.32553509e+08
5.20210000e-01 2.34824094e+08
5.20237000e-01 2.37438734e+08
5.20264000e-01 2.38847065e+08
5.20291000e-01 2.37763277e+08
5.20318000e-01 2.36739962e+08
5.20346000e-01 2.36337859e+08
5.20373000e-01 2.34894384e+08
5.20400000e-01 2.33935299e+08
5.20427000e-01 2.33303180e+08
5.20454000e-01 2.30778220e+08
5.20481000e-01 2.28661422e+08
5.20508000e-01 2.26523901e+08
5.20535000e-01 2.23734992e+08
5.20562000e-01 2.21510458e+08
5.20589000e-01 2.22657264e+08
5.20616000e-01 2.23796798e+08
5.20644000e-01 2.24321181e+08
5.20671000e-01 2.23923925e+08
5.20698000e-01 2.22021388e+08
5.20725000e-01 2.18966108e+08
5.20752000e-01 2.15364510e+08
5.20779000e-01 2.11788482e+08
5.20806000e-01 2.10726387e+08
5.20833000e-01 2.12889237e+08
5.20860000e-01 2.14541034e+08
5.20888000e-01 2.15039967e+08
5.20915000e-01 2.15897375e+08
5.20942000e-01 2.15553442e+08
5.20969000e-01 2.16309173e+08
5.20996000e-01 2.17480217e+08
5.21023000e-01 2.19949430e+08
5.21050000e-01 2.22932119e+08
5.21078000e-01 2.25810707e+08
5.21105000e-01 2.26534808e+08
5.21132000e-01 2.26714046e+08
5.21159000e-01 2.26523901e+08
5.21186000e-01 2.25735570e+08
5.21213000e-01 2.27445539e+08
5.21241000e-01 2.30119440e+08
5.21268000e-01 2.32935010e+08
5.21295000e-01 2.35571342e+08
5.21322000e-01 2.38315532e+08
5.21349000e-01 2.37920700e+08
5.21376000e-01 2.35589520e+08
5.21404000e-01 2.34533485e+08
5.21431000e-01 2.33821503e+08
5.21458000e-01 2.32238661e+08
5.21485000e-01 2.30052786e+08
5.21512000e-01 2.29729455e+08
5.21540000e-01 2.28371903e+08
5.21567000e-01 2.26371325e+08
5.21594000e-01 2.24784969e+08
5.21621000e-01 2.24863620e+08
5.21648000e-01 2.23556967e+08
5.21676000e-01 2.21549117e+08
5.21703000e-01 2.20680924e+08
5.21730000e-01 2.20849133e+08
5.21757000e-01 2.20770482e+08
5.21784000e-01 2.21210032e+08
5.21812000e-01 2.22078347e+08
5.21839000e-01 2.22138941e+08
5.21866000e-01 2.21691998e+08
5.21893000e-01 2.22424703e+08
5.21921000e-01 2.23404390e+08
5.21948000e-01 2.23982096e+08
5.21975000e-01 2.24977537e+08
5.22002000e-01 2.27881453e+08
5.22030000e-01 2.29980194e+08
5.22057000e-01 2.31593212e+08
5.22084000e-01 2.33209865e+08
5.22111000e-01 2.35674231e+08
5.22139000e-01 2.36656342e+08
5.22166000e-01 2.37201326e+08
5.22193000e-01 2.38690853e+08
5.22221000e-01 2.40690219e+08
5.22248000e-01 2.41500363e+08
5.22275000e-01 2.41692932e+08
5.22302000e-01 2.41537932e+08
5.22330000e-01 2.40301568e+08
5.22357000e-01 2.38555243e+08
5.22384000e-01 2.37295853e+08
5.22411000e-01 2.36471166e+08
5.22439000e-01 2.35999985e+08
5.22466000e-01 2.35441792e+08
5.22493000e-01 2.33968020e+08
5.22521000e-01 2.30927160e+08
5.22548000e-01 2.26263588e+08
5.22575000e-01 2.20438668e+08
5.22603000e-01 2.15583739e+08
5.22630000e-01 2.12436356e+08
5.22657000e-01 2.10340160e+08
5.22685000e-01 2.09543225e+08
5.22712000e-01 2.10048217e+08
5.22739000e-01 2.09984108e+08
5.22766000e-01 2.09505778e+08
5.22794000e-01 2.09198202e+08
5.22821000e-01 2.08053698e+08
5.22849000e-01 2.06895986e+08
5.22876000e-01 2.06053120e+08
5.22903000e-01 2.05741908e+08
5.22930000e-01 2.06042334e+08
5.22958000e-01 2.07639598e+08
5.22985000e-01 2.08563538e+08
5.23013000e-01 2.09612302e+08
5.23040000e-01 2.10950465e+08
5.23067000e-01 2.13279221e+08
5.23095000e-01 2.17131437e+08
5.23122000e-01 2.20867311e+08
5.23149000e-01 2.22930907e+08
5.23177000e-01 2.24542713e+08
5.23204000e-01 2.25489800e+08
5.23232000e-01 2.25148291e+08
5.23259000e-01 2.25149503e+08
5.23286000e-01 2.25791317e+08
5.23314000e-01 2.24673597e+08
5.23341000e-01 2.23961493e+08
5.23368000e-01 2.22906670e+08
5.23396000e-01 2.21765923e+08
5.23423000e-01 2.21552753e+08
5.23451000e-01 2.22504688e+08
5.23478000e-01 2.21654551e+08
5.23505000e-01 2.21294864e+08
5.23533000e-01 2.21315466e+08
5.23560000e-01 2.20454422e+08
5.23588000e-01 2.19293074e+08
5.23615000e-01 2.18462328e+08
5.23642000e-01 2.17281589e+08
5.23670000e-01 2.17950064e+08
5.23697000e-01 2.19535208e+08
5.23725000e-01 2.21820458e+08
5.23752000e-01 2.24149214e+08
5.23780000e-01 2.26670539e+08
5.23807000e-01 2.27053131e+08
5.23834000e-01 2.27584784e+08
5.23862000e-01 2.28038877e+08
5.23889000e-01 2.29012505e+08
5.23917000e-01 2.30947762e+08
5.23944000e-01 2.33282578e+08
5.23972000e-01 2.35031205e+08
5.23999000e-01 2.37269192e+08
5.24027000e-01 2.38953710e+08
5.24054000e-01 2.39233413e+08
5.24082000e-01 2.38662979e+08
5.24109000e-01 2.38363886e+08
5.24136000e-01 2.37374504e+08
5.24164000e-01 2.37016029e+08
5.24191000e-01 2.36762988e+08
5.24219000e-01 2.36838003e+08
5.24246000e-01 2.36932530e+08
5.24274000e-01 2.37367233e+08
5.24301000e-01 2.37288582e+08
5.24329000e-01 2.37275251e+08
5.24356000e-01 2.38118116e+08
5.24384000e-01 2.38431752e+08
5.24411000e-01 2.37731768e+08
5.24439000e-01 2.37406013e+08
5.24466000e-01 2.37150548e+08
5.24494000e-01 2.36204673e+08
5.24521000e-01 2.35076045e+08
5.24549000e-01 2.34172586e+08
5.24576000e-01 2.32748501e+08
5.24604000e-01 2.30883532e+08
5.24631000e-01 2.30079447e+08
5.24659000e-01 2.30142465e+08
5.24687000e-01 2.30957457e+08
5.24714000e-01 2.31898364e+08
5.24742000e-01 2.33803325e+08
5.24769000e-01 2.34997273e+08
5.24797000e-01 2.35463606e+08
5.24824000e-01 2.35729978e+08
5.24852000e-01 2.35347265e+08
5.24879000e-01 2.34051518e+08
5.24907000e-01 2.31352168e+08
5.24934000e-01 2.30269592e+08
5.24962000e-01 2.29699158e+08
5.24990000e-01 2.29828830e+08
5.25017000e-01 2.29716125e+08
5.25045000e-01 2.30763677e+08
5.25072000e-01 2.31499897e+08
5.25100000e-01 2.31696101e+08
5.25127000e-01 2.33024568e+08
5.25155000e-01 2.34766045e+08
5.25182000e-01 2.35749368e+08
5.25210000e-01 2.35941936e+08
5.25238000e-01 2.36203461e+08
5.25265000e-01 2.35589520e+08
5.25293000e-01 2.34693332e+08
5.25320000e-01 2.33935299e+08
5.25348000e-01 2.31962594e+08
5.25376000e-01 2.30578380e+08
5.25403000e-01 2.28324761e+08
5.25431000e-01 2.27577513e+08
5.25458000e-01 2.28275073e+08
5.25486000e-01 2.29954745e+08
5.25514000e-01 2.30763677e+08
5.25541000e-01 2.32543814e+08
5.25569000e-01 2.33757273e+08
5.25597000e-01 2.34244087e+08
5.25624000e-01 2.34667883e+08
5.25652000e-01 2.35237105e+08
5.25679000e-01 2.35444215e+08
5.25707000e-01 2.35476936e+08
5.25735000e-01 2.34452410e+08
5.25762000e-01 2.33114247e+08
5.25790000e-01 2.31863219e+08
5.25818000e-01 2.30900499e+08
5.25845000e-01 2.30107321e+08
5.25873000e-01 2.31239584e+08
5.25901000e-01 2.32266534e+08
5.25928000e-01 2.34211366e+08
5.25956000e-01 2.37070564e+08
5.25984000e-01 2.39322971e+08
5.26011000e-01 2.39503421e+08
5.26039000e-01 2.39904312e+08
5.26067000e-01 2.38299778e+08
5.26094000e-01 2.35821960e+08
5.26122000e-01 2.33358806e+08
5.26150000e-01 2.31968653e+08
5.26177000e-01 2.29159143e+08
5.26205000e-01 2.27627200e+08
5.26233000e-01 2.25048917e+08
5.26260000e-01 2.22078347e+08
5.26288000e-01 2.20959414e+08
5.26316000e-01 2.21807127e+08
5.26343000e-01 2.22674230e+08
5.26371000e-01 2.23649070e+08
5.26399000e-01 2.23102874e+08
5.26427000e-01 2.21179856e+08
5.26454000e-01 2.19082327e+08
5.26482000e-01 2.15474791e+08
5.26510000e-01 2.10939558e+08
5.26537000e-01 2.09785481e+08
5.26565000e-01 2.07797021e+08
5.26593000e-01 2.07219316e+08
5.26621000e-01 2.08499429e+08
5.26648000e-01 2.11591066e+08
5.26676000e-01 2.10905625e+08
5.26704000e-01 2.11721829e+08
5.26732000e-01 2.10760320e+08
5.26759000e-01 2.08291106e+08
5.26787000e-01 2.05132816e+08
5.26815000e-01 2.03250881e+08
5.26843000e-01 2.00102285e+08
5.26870000e-01 1.97733537e+08
5.26898000e-01 1.93086931e+08
5.26926000e-01 1.89618640e+08
5.26954000e-01 1.88311987e+08
5.26981000e-01 1.87622910e+08
5.27009000e-01 1.89491514e+08
5.27037000e-01 1.94026747e+08
5.27065000e-01 1.97346097e+08
5.27093000e-01 2.00067140e+08
5.27120000e-01 2.01996339e+08
5.27148000e-01 2.02019364e+08
5.27176000e-01 2.00073200e+08
5.27204000e-01 1.98236105e+08
5.27232000e-01 1.96649749e+08
5.27259000e-01 1.95631281e+08
5.27287000e-01 1.96229467e+08
5.27315000e-01 1.99632438e+08
5.27343000e-01 2.03426483e+08
5.27370000e-01 2.06879019e+08
5.27398000e-01 2.10946829e+08
5.27426000e-01 2.14042102e+08
5.27454000e-01 2.14893450e+08
5.27482000e-01 2.14874060e+08
5.27510000e-01 2.14680401e+08
5.27537000e-01 2.13448763e+08
5.27565000e-01 2.12430296e+08
5.27593000e-01 2.11962872e+08
5.27621000e-01 2.11643177e+08
5.27649000e-01 2.11561981e+08
5.27677000e-01 2.12576813e+08
5.27704000e-01 2.15419044e+08
5.27732000e-01 2.18588242e+08
5.27760000e-01 2.21649704e+08
5.27788000e-01 2.24341783e+08
5.27816000e-01 2.25892994e+08
5.27844000e-01 2.26044359e+08
5.27872000e-01 2.25748901e+08
5.27899000e-01 2.25857850e+08
5.27927000e-01 2.26583283e+08
5.27955000e-01 2.28336758e+08
5.27983000e-01 2.30778220e+08
5.28011000e-01 2.32436077e+08
5.28039000e-01 2.33236526e+08
5.28067000e-01 2.33441214e+08
5.28095000e-01 2.32943493e+08
5.28123000e-01 2.31711855e+08
5.28150000e-01 2.31165659e+08
5.28178000e-01 2.30526269e+08
5.28206000e-01 2.28734014e+08
5.28234000e-01 2.26353147e+08
5.28262000e-01 2.23828307e+08
5.28290000e-01 2.21080482e+08
5.28318000e-01 2.18779599e+08
5.28346000e-01 2.17590377e+08
5.28374000e-01 2.17109623e+08
5.28402000e-01 2.17613403e+08
5.28430000e-01 2.18738395e+08
5.28457000e-01 2.20014872e+08
5.28485000e-01 2.21328797e+08
5.28513000e-01 2.22599094e+08
5.28541000e-01 2.24224230e+08
5.28569000e-01 2.25941470e+08
5.28597000e-01 2.27707063e+08
5.28625000e-01 2.29592634e+08
5.28653000e-01 2.31456390e+08
5.28681000e-01 2.32089721e+08
5.28709000e-01 2.32754560e+08
5.28737000e-01 2.34406358e+08
5.28765000e-01 2.36349978e+08
5.28793000e-01 2.38534641e+08
5.28821000e-01 2.41305492e+08
5.28849000e-01 2.43584561e+08
5.28877000e-01 2.44352290e+08
5.28905000e-01 2.44599393e+08
5.28933000e-01 2.44450453e+08
5.28961000e-01 2.43990179e+08
5.28989000e-01 2.43571231e+08
5.29017000e-01 2.43549417e+08
5.29045000e-01 2.43655941e+08
5.29073000e-01 2.43715324e+08
5.29101000e-01 2.43683815e+08
5.29129000e-01 2.43578502e+08
5.29156000e-01 2.43375027e+08
5.29185000e-01 2.43221239e+08
5.29213000e-01 2.43473189e+08
5.29241000e-01 2.43762587e+08
5.29269000e-01 2.44115003e+08
5.29297000e-01 2.44549706e+08
5.29325000e-01 2.44915452e+08
5.29353000e-01 2.44664714e+08
5.29381000e-01 2.44503654e+08
5.29409000e-01 2.44852434e+08
5.29437000e-01 2.45220605e+08
5.29465000e-01 2.45273928e+08
5.29493000e-01 2.45092266e+08
5.29521000e-01 2.44343807e+08
5.29549000e-01 2.42759874e+08
5.29577000e-01 2.40422635e+08
5.29605000e-01 2.38118116e+08
5.29633000e-01 2.35745732e+08
5.29661000e-01 2.32920467e+08
5.29689000e-01 2.29727032e+08
5.29717000e-01 2.26766157e+08
5.29745000e-01 2.23842850e+08
5.29773000e-01 2.21690786e+08
5.29801000e-01 2.20611846e+08
5.29829000e-01 2.20336991e+08
5.29857000e-01 2.20353836e+08
5.29886000e-01 2.20352624e+08
5.29914000e-01 2.19644278e+08
5.29942000e-01 2.18607632e+08
5.29970000e-01 2.17598860e+08
5.29998000e-01 2.17120530e+08
5.30026000e-01 2.17046605e+08
5.30054000e-01 2.17340971e+08
5.30082000e-01 2.17638852e+08
5.30110000e-01 2.18389614e+08
5.30138000e-01 2.19068997e+08
5.30166000e-01 2.20202472e+08
5.30195000e-01 2.22439246e+08
5.30223000e-01 2.25704061e+08
5.30251000e-01 2.28757040e+08
5.30279000e-01 2.31528982e+08
5.30307000e-01 2.33482418e+08
5.30335000e-01 2.34378485e+08
5.30363000e-01 2.34515306e+08
5.30391000e-01 2.34493492e+08
5.30420000e-01 2.34707875e+08
5.30448000e-01 2.35533774e+08
5.30476000e-01 2.36635861e+08
5.30504000e-01 2.37712378e+08
5.30532000e-01 2.38533429e+08
5.30560000e-01 2.38872514e+08
5.30588000e-01 2.38851912e+08
5.30617000e-01 2.39077201e+08
5.30645000e-01 2.39405379e+08
5.30673000e-01 2.39688718e+08
5.30701000e-01 2.39953999e+08
5.30729000e-01 2.39866744e+08
5.30757000e-01 2.39542201e+08
5.30786000e-01 2.38986310e+08
5.30814000e-01 2.38452354e+08
5.30842000e-01 2.38142354e+08
5.30870000e-01 2.37942514e+08
5.30898000e-01 2.37726920e+08
5.30926000e-01 2.37676021e+08
5.30955000e-01 2.37866166e+08
5.30983000e-01 2.38040556e+08
5.31011000e-01 2.38235548e+08
5.31039000e-01 2.38515251e+08
5.31067000e-01 2.38831310e+08
5.31096000e-01 2.39332666e+08
5.31124000e-01 2.39986599e+08
5.31152000e-01 2.40588542e+08
5.31180000e-01 2.41083839e+08
5.31208000e-01 2.41536720e+08
5.31237000e-01 2.41785035e+08
5.31265000e-01 2.41845508e+08
5.31293000e-01 2.42035652e+08
5.31321000e-01 2.42360195e+08
5.31350000e-01 2.42343229e+08
5.31378000e-01 2.42065950e+08
5.31406000e-01 2.41833389e+08
5.31434000e-01 2.41567017e+08
5.31463000e-01 2.41172185e+08
5.31491000e-01 2.40342651e+08
5.31519000e-01 2.38790227e+08
5.31547000e-01 2.36989368e+08
5.31576000e-01 2.34925893e+08
5.31604000e-01 2.32715780e+08
5.31632000e-01 2.31309873e+08
5.31660000e-01 2.30866566e+08
5.31689000e-01 2.30658364e+08
5.31717000e-01 2.30655941e+08
5.31745000e-01 2.30911406e+08
5.31773000e-01 2.31226253e+08
5.31802000e-01 2.31434576e+08
5.31830000e-01 2.31386101e+08
5.31858000e-01 2.31479416e+08
5.31887000e-01 2.31922602e+08
5.31915000e-01 2.32330643e+08
5.31943000e-01 2.32367000e+08
5.31971000e-01 2.32295620e+08
5.32000000e-01 2.32145467e+08
5.32028000e-01 2.32170796e+08
5.32056000e-01 2.32437289e+08
5.32085000e-01 2.33200170e+08
5.32113000e-01 2.34681213e+08
5.32141000e-01 2.36289505e+08
5.32170000e-01 2.37389047e+08
5.32198000e-01 2.38156775e+08
5.32226000e-01 2.38545548e+08
5.32255000e-01 2.37513750e+08
5.32283000e-01 2.35565283e+08
5.32311000e-01 2.33586519e+08
5.32340000e-01 2.31799111e+08
5.32368000e-01 2.30385812e+08
5.32396000e-01 2.29690675e+08
5.32425000e-01 2.29369768e+08
5.32453000e-01 2.28771582e+08
5.32481000e-01 2.28112802e+08
5.32510000e-01 2.27458869e+08
5.32538000e-01 2.27266301e+08
5.32566000e-01 2.27629624e+08
5.32595000e-01 2.28158854e+08
5.32623000e-01 2.27455234e+08
5.32652000e-01 2.24752248e+08
5.32680000e-01 2.19963973e+08
5.32708000e-01 2.13793908e+08
5.32737000e-01 2.07160055e+08
5.32765000e-01 2.02101651e+08
5.32793000e-01 2.00030905e+08
5.32822000e-01 1.99877117e+08
5.32850000e-01 2.00596370e+08
5.32879000e-01 2.01863153e+08
5.32907000e-01 2.02920279e+08
5.32935000e-01 2.03162535e+08
5.32964000e-01 2.03797077e+08
5.32992000e-01 2.05148570e+08
5.33021000e-01 2.06598104e+08
5.33049000e-01 2.07989590e+08
5.33077000e-01 2.09275641e+08
5.33106000e-01 2.09855770e+08
5.33134000e-01 2.09355625e+08
5.33163000e-01 2.08823972e+08
5.33191000e-01 2.09572310e+08
5.33220000e-01 2.11875617e+08
5.33248000e-01 2.15417833e+08
5.33276000e-01 2.20171084e+08
5.33305000e-01 2.25034374e+08
5.33333000e-01 2.28511148e+08
5.33362000e-01 2.30636551e+08
5.33390000e-01 2.32210788e+08
5.33419000e-01 2.33221984e+08
5.33447000e-01 2.34006679e+08
5.33476000e-01 2.34719994e+08
5.33504000e-01 2.34792707e+08
5.33532000e-01 2.34386968e+08
5.33561000e-01 2.33955901e+08
5.33589000e-01 2.33029415e+08
5.33618000e-01 2.31096703e+08
5.33646000e-01 2.28790972e+08
5.33675000e-01 2.27382521e+08
5.33703000e-01 2.27156141e+08
5.33732000e-01 2.27928717e+08
5.33760000e-01 2.29817923e+08
5.33789000e-01 2.31904424e+08
5.33817000e-01 2.32089721e+08
5.33846000e-01 2.30643822e+08
5.33874000e-01 2.28872047e+08
5.33903000e-01 2.26860562e+08
5.33931000e-01 2.24352568e+08
5.33960000e-01 2.22155908e+08
5.33988000e-01 2.20505322e+08
5.34017000e-01 2.19093234e+08
5.34045000e-01 2.18228555e+08
5.34074000e-01 2.17970666e+08
5.34102000e-01 2.18042046e+08
5.34131000e-01 2.18590666e+08
5.34159000e-01 2.20135939e+08
5.34188000e-01 2.22465907e+08
5.34217000e-01 2.25403757e+08
5.34245000e-01 2.28654151e+08
5.34274000e-01 2.31321992e+08
5.34302000e-01 2.32635917e+08
5.34331000e-01 2.33392738e+08
5.34359000e-01 2.34577112e+08
5.34388000e-01 2.35677867e+08
5.34416000e-01 2.35713011e+08
5.34445000e-01 2.35254071e+08
5.34474000e-01 2.34665459e+08
5.34502000e-01 2.33345475e+08
5.34531000e-01 2.31933509e+08
5.34559000e-01 2.31481840e+08
5.34588000e-01 2.31581093e+08
5.34616000e-01 2.31438212e+08
5.34645000e-01 2.31048227e+08
5.34674000e-01 2.30053998e+08
5.34702000e-01 2.28891438e+08
5.34731000e-01 2.27693733e+08
5.34759000e-01 2.25994792e+08
5.34788000e-01 2.23984519e+08
5.34817000e-01 2.22383499e+08
5.34845000e-01 2.20984864e+08
5.34874000e-01 2.19461405e+08
5.34902000e-01 2.18136573e+08
5.34931000e-01 2.17950064e+08
5.34960000e-01 2.19343973e+08
5.34988000e-01 2.21773195e+08
5.35017000e-01 2.24761943e+08
5.35046000e-01 2.27891149e+08
5.35074000e-01 2.30360362e+08
5.35103000e-01 2.31749424e+08
5.35131000e-01 2.32112746e+08
5.35160000e-01 2.31622297e+08
5.35189000e-01 2.31101550e+08
5.35217000e-01 2.30990178e+08
5.35246000e-01 2.31033685e+08
5.35275000e-01 2.31337625e+08
5.35303000e-01 2.32367000e+08
5.35332000e-01 2.33955901e+08
5.35361000e-01 2.35534986e+08
5.35389000e-01 2.37121463e+08
5.35418000e-01 2.38733269e+08
5.35447000e-01 2.40148870e+08
5.35475000e-01 2.41064449e+08
5.35504000e-01 2.41542779e+08
5.35533000e-01 2.41732924e+08
5.35561000e-01 2.41834601e+08
5.35590000e-01 2.41950942e+08
5.35619000e-01 2.41856415e+08
5.35647000e-01 2.41548839e+08
5.35676000e-01 2.41591255e+08
5.35705000e-01 2.42189441e+08
5.35733000e-01 2.42850644e+08
5.35762000e-01 2.43126833e+08
5.35791000e-01 2.43078357e+08
5.35820000e-01 2.42787748e+08
5.35848000e-01 2.42133815e+08
5.35877000e-01 2.41238839e+08
5.35906000e-01 2.40761720e+08
5.35934000e-01 2.40739906e+08
5.35963000e-01 2.40629746e+08
5.35992000e-01 2.40090821e+08
5.36021000e-01 2.39297643e+08
5.36049000e-01 2.38614625e+08
5.36078000e-01 2.38049039e+08
5.36107000e-01 2.37234047e+08
5.36136000e-01 2.36232546e+08
5.36164000e-01 2.35445427e+08
5.36193000e-01 2.34802402e+08
5.36222000e-01 2.34142410e+08
5.36251000e-01 2.33799689e+08
5.36279000e-01 2.34263477e+08
5.36308000e-01 2.34764833e+08
5.36337000e-01 2.34595291e+08
5.36366000e-01 2.33992136e+08
5.36394000e-01 2.33139697e+08
5.36423000e-01 2.32179279e+08
5.36452000e-01 2.31338837e+08
5.36481000e-01 2.31025202e+08
5.36509000e-01 2.31458814e+08
5.36538000e-01 2.32477281e+08
5.36567000e-01 2.32838059e+08
5.36596000e-01 2.32176855e+08
5.36625000e-01 2.31498685e+08
5.36653000e-01 2.31285636e+08
5.36682000e-01 2.31254127e+08
5.36711000e-01 2.31748212e+08
5.36740000e-01 2.33046382e+08
5.36769000e-01 2.34092722e+08
5.36797000e-01 2.33958325e+08
5.36826000e-01 2.32841695e+08
5.36855000e-01 2.31244432e+08
5.36884000e-01 2.30623220e+08
5.36913000e-01 2.30721261e+08
5.36942000e-01 2.30950186e+08
5.36970000e-01 2.30319279e+08
5.36999000e-01 2.28077657e+08
5.37028000e-01 2.24470121e+08
5.37057000e-01 2.20385345e+08
5.37086000e-01 2.16990979e+08
5.37115000e-01 2.15690385e+08
5.37143000e-01 2.16524646e+08
5.37172000e-01 2.17883411e+08
5.37201000e-01 2.18818379e+08
5.37230000e-01 2.18901878e+08
5.37259000e-01 2.18395674e+08
5.37288000e-01 2.17509302e+08
5.37317000e-01 2.16582817e+08
5.37346000e-01 2.16967953e+08
5.37374000e-01 2.18628234e+08
5.37403000e-01 2.20229133e+08
5.37432000e-01 2.21646068e+08
5.37461000e-01 2.22825595e+08
5.37490000e-01 2.24034085e+08
5.37519000e-01 2.26038299e+08
5.37548000e-01 2.28755828e+08
5.37577000e-01 2.31768814e+08
5.37606000e-01 2.34938012e+08
5.37634000e-01 2.37104497e+08
5.37663000e-01 2.37659055e+08
5.37692000e-01 2.37191631e+08
5.37721000e-01 2.36874360e+08
5.37750000e-01 2.36960404e+08
5.37779000e-01 2.36806615e+08
5.37808000e-01 2.36271326e+08
5.37837000e-01 2.36014528e+08
5.37866000e-01 2.35883766e+08
5.37895000e-01 2.35409071e+08
5.37924000e-01 2.34965885e+08
5.37953000e-01 2.34671518e+08
5.37982000e-01 2.34430596e+08
5.38010000e-01 2.34181069e+08
5.38039000e-01 2.34013950e+08
5.38068000e-01 2.33878340e+08
5.38097000e-01 2.33421823e+08
5.38126000e-01 2.32726687e+08
5.38155000e-01 2.31639263e+08
5.38184000e-01 2.29710065e+08
5.38213000e-01 2.27820980e+08
5.38242000e-01 2.26596614e+08
5.38271000e-01 2.25363764e+08
5.38300000e-01 2.24861196e+08
5.38329000e-01 2.25608444e+08
5.38358000e-01 2.26569953e+08
5.38387000e-01 2.27374038e+08
5.38416000e-01 2.28114014e+08
5.38445000e-01 2.28680691e+08
5.38474000e-01 2.28849022e+08
5.38503000e-01 2.28818846e+08
5.38532000e-01 2.28709776e+08
5.38561000e-01 2.28367055e+08
5.38590000e-01 2.27934776e+08
5.38619000e-01 2.27827040e+08
5.38648000e-01 2.27995371e+08
5.38677000e-01 2.28747345e+08
5.38706000e-01 2.30724897e+08
5.38735000e-01 2.33034263e+08
5.38764000e-01 2.34785435e+08
5.38793000e-01 2.35921334e+08
5.38822000e-01 2.36304047e+08
5.38851000e-01 2.35861952e+08
5.38880000e-01 2.34781800e+08
5.38909000e-01 2.34045459e+08
5.38938000e-01 2.33831077e+08
5.38967000e-01 2.33436366e+08
5.38996000e-01 2.32746077e+08
5.39025000e-01 2.32242297e+08
5.39055000e-01 2.31909271e+08
5.39084000e-01 2.31749424e+08
5.39113000e-01 2.32181703e+08
5.39142000e-01 2.32408204e+08
5.39171000e-01 2.31650170e+08
5.39200000e-01 2.30882321e+08
5.39229000e-01 2.30026125e+08
5.39258000e-01 2.28878107e+08
5.39287000e-01 2.28158854e+08
5.39316000e-01 2.28275073e+08
5.39345000e-01 2.28434921e+08
5.39374000e-01 2.28598404e+08
5.39403000e-01 2.28956879e+08
5.39432000e-01 2.29322626e+08
5.39462000e-01 2.29351590e+08
5.39491000e-01 2.29325050e+08
5.39520000e-01 2.29138541e+08
5.39549000e-01 2.27697368e+08
5.39578000e-01 2.25155563e+08
5.39607000e-01 2.23045915e+08
5.39636000e-01 2.20472601e+08
5.39665000e-01 2.18346108e+08
5.39695000e-01 2.17712656e+08
5.39724000e-01 2.18528860e+08
5.39753000e-01 2.19221573e+08
5.39782000e-01 2.19875505e+08
5.39811000e-01 2.20175931e+08
5.39840000e-01 2.20453211e+08
5.39869000e-01 2.20198836e+08
5.39898000e-01 2.19460193e+08
5.39928000e-01 2.18788082e+08
5.39957000e-01 2.18111124e+08
5.39986000e-01 2.17044181e+08
5.40015000e-01 2.16246155e+08
5.40044000e-01 2.16295843e+08
5.40073000e-01 2.18002175e+08
5.40103000e-01 2.20851557e+08
5.40132000e-01 2.24038933e+08
5.40161000e-01 2.27150081e+08
5.40190000e-01 2.30558990e+08
5.40219000e-01 2.32256839e+08
5.40249000e-01 2.31381253e+08
5.40278000e-01 2.29068251e+08
5.40307000e-01 2.26596614e+08
5.40336000e-01 2.23536365e+08
5.40365000e-01 2.20263066e+08
5.40394000e-01 2.17692054e+08
5.40424000e-01 2.15800546e+08
5.40453000e-01 2.13866500e+08
5.40482000e-01 2.12366066e+08
5.40511000e-01 2.11370625e+08
5.40541000e-01 2.10880175e+08
5.40570000e-01 2.10652584e+08
5.40599000e-01 2.09988956e+08
5.40628000e-01 2.09182447e+08
5.40657000e-01 2.08440047e+08
5.40687000e-01 2.07734003e+08
5.40716000e-01 2.06950520e+08
5.40745000e-01 2.06811275e+08
5.40774000e-01 2.07474903e+08
5.40804000e-01 2.08349277e+08
5.40833000e-01 2.08986243e+08
5.40862000e-01 2.10418811e+08
5.40891000e-01 2.11878041e+08
5.40921000e-01 2.12517552e+08
5.40950000e-01 2.13447552e+08
5.40979000e-01 2.15875561e+08
5.41008000e-01 2.18154751e+08
5.41038000e-01 2.20530650e+08
5.41067000e-01 2.22516685e+08
5.41096000e-01 2.24178178e+08
5.41126000e-01 2.24688018e+08
5.41155000e-01 2.24501630e+08
5.41184000e-01 2.23944527e+08
5.41213000e-01 2.23497705e+08
5.41243000e-01 2.22607577e+08
5.41272000e-01 2.21838636e+08
5.41301000e-01 2.21309407e+08
5.41331000e-01 2.21630313e+08
5.41360000e-01 2.21965763e+08
5.41389000e-01 2.22124399e+08
5.41419000e-01 2.22260008e+08
5.41448000e-01 2.23410450e+08
5.41477000e-01 2.24266646e+08
5.41506000e-01 2.25170105e+08
5.41536000e-01 2.26176333e+08
5.41565000e-01 2.26688596e+08
5.41594000e-01 2.26365265e+08
5.41624000e-01 2.25624198e+08
5.41653000e-01 2.25071943e+08
5.41682000e-01 2.25172529e+08
5.41712000e-01 2.25787681e+08
5.41741000e-01 2.26091622e+08
5.41771000e-01 2.26561469e+08
5.41800000e-01 2.26985386e+08
5.41829000e-01 2.26900555e+08
5.41859000e-01 2.26724953e+08
5.41888000e-01 2.27352224e+08
5.41917000e-01 2.28669784e+08
5.41947000e-01 2.29579303e+08
5.41976000e-01 2.30606253e+08
5.42005000e-01 2.31561703e+08
5.42035000e-01 2.31749424e+08
5.42064000e-01 2.31790628e+08
5.42094000e-01 2.32272594e+08
5.42123000e-01 2.32720627e+08
5.42152000e-01 2.33335780e+08
5.42182000e-01 2.34313164e+08
5.42211000e-01 2.34586808e+08
5.42241000e-01 2.33925604e+08
5.42270000e-01 2.32569263e+08
5.42299000e-01 2.31295331e+08
5.42329000e-01 2.29717337e+08
5.42358000e-01 2.28135828e+08
5.42388000e-01 2.27282056e+08
5.42417000e-01 2.27467353e+08
5.42446000e-01 2.27688885e+08
5.42476000e-01 2.28197513e+08
5.42505000e-01 2.29147024e+08
5.42535000e-01 2.30188396e+08
5.42564000e-01 2.31097915e+08
5.42594000e-01 2.31920178e+08
5.42623000e-01 2.32683059e+08
5.42652000e-01 2.33231679e+08
5.42682000e-01 2.33517441e+08
5.42711000e-01 2.33206229e+08
5.42741000e-01 2.32409416e+08
5.42770000e-01 2.31945628e+08
5.42800000e-01 2.30548083e+08
5.42829000e-01 2.28074022e+08
5.42859000e-01 2.26339816e+08
5.42888000e-01 2.25518764e+08
5.42918000e-01 2.24524535e+08
5.42947000e-01 2.24260586e+08
5.42977000e-01 2.24920578e+08
5.43006000e-01 2.24862408e+08
5.43036000e-01 2.24481028e+08
5.43065000e-01 2.23807705e+08
5.43095000e-01 2.22924848e+08
5.43124000e-01 2.21816822e+08
5.43154000e-01 2.20651838e+08
5.43183000e-01 2.19410506e+08
5.43213000e-01 2.18240674e+08
5.43242000e-01 2.17302191e+08
5.43272000e-01 2.15933732e+08
5.43301000e-01 2.14003443e+08
5.43331000e-01 2.14082094e+08
5.43360000e-01 2.15612825e+08
5.43390000e-01 2.17556444e+08
5.43419000e-01 2.20242464e+08
5.43449000e-01 2.23448018e+08
5.43478000e-01 2.24043780e+08
5.43508000e-01 2.23244543e+08
5.43537000e-01 2.22123187e+08
5.43567000e-01 2.20665169e+08
5.43596000e-01 2.19904591e+08
5.43626000e-01 2.19759286e+08
5.43656000e-01 2.20134727e+08
5.43685000e-01 2.20771694e+08
5.43715000e-01 2.21981517e+08
5.43744000e-01 2.22878796e+08
5.43774000e-01 2.23307561e+08
5.43803000e-01 2.24321181e+08
5.43833000e-01 2.26045570e+08
5.43863000e-01 2.27957802e+08
5.43892000e-01 2.30005523e+08
5.43922000e-01 2.32281077e+08
5.43951000e-01 2.33573188e+08
5.43981000e-01 2.33898942e+08
5.44010000e-01 2.34562570e+08
5.44040000e-01 2.35354536e+08
5.44070000e-01 2.36776318e+08
5.44099000e-01 2.38417209e+08
5.44129000e-01 2.40039922e+08
5.44158000e-01 2.41053542e+08
5.44188000e-01 2.41874593e+08
5.44218000e-01 2.42151872e+08
5.44247000e-01 2.42177322e+08
5.44277000e-01 2.42166415e+08
5.44307000e-01 2.42012627e+08
5.44336000e-01 2.41264288e+08
5.44366000e-01 2.39731134e+08
5.44395000e-01 2.38507979e+08
5.44425000e-01 2.37298277e+08
5.44455000e-01 2.36002409e+08
5.44484000e-01 2.35114825e+08
5.44514000e-01 2.33770604e+08
5.44544000e-01 2.30556566e+08
5.44573000e-01 2.27486743e+08
5.44603000e-01 2.24776485e+08
5.44633000e-01 2.22245466e+08
5.44662000e-01 2.20822593e+08
5.44692000e-01 2.20760787e+08
5.44722000e-01 2.20617906e+08
5.44751000e-01 2.20281244e+08
5.44781000e-01 2.19944583e+08
5.44811000e-01 2.19668516e+08
5.44840000e-01 2.19417777e+08
5.44870000e-01 2.20014872e+08
5.44900000e-01 2.21191854e+08
5.44929000e-01 2.22462272e+08
5.44959000e-01 2.23859695e+08
5.44989000e-01 2.25189374e+08
5.45019000e-01 2.25629046e+08
5.45048000e-01 2.27222673e+08
5.45078000e-01 2.29888091e+08
5.45108000e-01 2.32918043e+08
5.45137000e-01 2.36276174e+08
5.45167000e-01 2.39458702e+08
5.45197000e-01 2.41087474e+08
5.45227000e-01 2.41714746e+08
5.45256000e-01 2.42084128e+08
5.45286000e-01 2.42437756e+08
5.45316000e-01 2.42855492e+08
5.45345000e-01 2.42830042e+08
5.45375000e-01 2.41338092e+08
5.45405000e-01 2.37536776e+08
5.45435000e-01 2.33395162e+08
5.45464000e-01 2.29384311e+08
5.45494000e-01 2.25343162e+08
5.45524000e-01 2.22664535e+08
5.45554000e-01 2.22306060e+08
5.45583000e-01 2.22313331e+08
5.45613000e-01 2.22327874e+08
5.45643000e-01 2.22751670e+08
5.45673000e-01 2.23188796e+08
5.45703000e-01 2.23736204e+08
5.45732000e-01 2.24249680e+08
5.45762000e-01 2.24723163e+08
5.45792000e-01 2.25132537e+08
5.45822000e-01 2.25535731e+08
5.45852000e-01 2.25595113e+08
5.45881000e-01 2.25166470e+08
5.45911000e-01 2.26349511e+08
5.45941000e-01 2.29159143e+08
5.45971000e-01 2.32225330e+08
5.46001000e-01 2.35886190e+08
5.46030000e-01 2.40346286e+08
5.46060000e-01 2.43186094e+08
5.46090000e-01 2.44168205e+08
5.46120000e-01 2.44196078e+08
5.46150000e-01 2.42504288e+08
5.46179000e-01 2.39683870e+08
5.46209000e-01 2.37169817e+08
5.46239000e-01 2.34774528e+08
5.46269000e-01 2.32474857e+08
5.46299000e-01 2.31451542e+08
5.46329000e-01 2.31227465e+08
5.46359000e-01 2.30617160e+08
5.46388000e-01 2.30074600e+08
5.46418000e-01 2.29873548e+08
5.46448000e-01 2.29684616e+08
5.46478000e-01 2.28885378e+08
5.46508000e-01 2.27996582e+08
5.46538000e-01 2.26962361e+08
5.46568000e-01 2.25797377e+08
5.46597000e-01 2.24723163e+08
5.46627000e-01 2.23841638e+08
5.46657000e-01 2.23529093e+08
5.46687000e-01 2.24850289e+08
5.46717000e-01 2.26847232e+08
5.46747000e-01 2.28749768e+08
5.46777000e-01 2.31225041e+08
5.46807000e-01 2.33575612e+08
5.46837000e-01 2.34447562e+08
5.46866000e-01 2.34562570e+08
5.46896000e-01 2.34591655e+08
5.46926000e-01 2.34139986e+08
5.46956000e-01 2.33360017e+08
5.46986000e-01 2.33140909e+08
5.47016000e-01 2.33460604e+08
5.47046000e-01 2.34311952e+08
5.47076000e-01 2.35697257e+08
5.47106000e-01 2.36988156e+08
5.47136000e-01 2.37820114e+08
5.47166000e-01 2.38367522e+08
5.47196000e-01 2.38420845e+08
5.47226000e-01 2.37717225e+08
5.47255000e-01 2.36715724e+08
5.47285000e-01 2.36197401e+08
5.47315000e-01 2.35551952e+08
5.47345000e-01 2.34597715e+08
5.47375000e-01 2.34350611e+08
5.47405000e-01 2.34617105e+08
5.47435000e-01 2.34767257e+08
5.47465000e-01 2.34252570e+08
5.47495000e-01 2.32581382e+08
5.47525000e-01 2.29572032e+08
5.47555000e-01 2.25822826e+08
5.47585000e-01 2.22034719e+08
5.47615000e-01 2.18937022e+08
5.47645000e-01 2.17586741e+08
5.47675000e-01 2.17425682e+08
5.47705000e-01 2.17660666e+08
5.47735000e-01 2.18009446e+08
5.47765000e-01 2.19188852e+08
5.47795000e-01 2.20408371e+08
5.47825000e-01 2.21539422e+08
5.47855000e-01 2.23200915e+08
5.47885000e-01 2.24694077e+08
5.47915000e-01 2.24990868e+08
5.47945000e-01 2.23801646e+08
5.47975000e-01 2.21792585e+08
5.48005000e-01 2.19790795e+08
5.48035000e-01 2.19042335e+08
5.48065000e-01 2.20053531e+08
5.48095000e-01 2.22780755e+08
5.48125000e-01 2.26546927e+08
5.48155000e-01 2.29427939e+08
5.48186000e-01 2.31067618e+08
5.48216000e-01 2.31779721e+08
5.48246000e-01 2.32193821e+08
5.48276000e-01 2.32421534e+08
5.48306000e-01 2.32983485e+08
5.48336000e-01 2.33456968e+08
5.48366000e-01 2.33456968e+08
5.48396000e-01 2.32990756e+08
5.48426000e-01 2.32227754e+08
5.48456000e-01 2.32087297e+08
5.48486000e-01 2.32801824e+08
5.48516000e-01 2.34303469e+08
5.48546000e-01 2.36094512e+08
5.48576000e-01 2.37820114e+08
5.48607000e-01 2.38497072e+08
5.48637000e-01 2.37260708e+08
5.48667000e-01 2.35671807e+08
5.48697000e-01 2.34418477e+08
5.48727000e-01 2.33052441e+08
5.48757000e-01 2.31403067e+08
5.48787000e-01 2.31015507e+08
5.48817000e-01 2.30248990e+08
5.48847000e-01 2.28887802e+08
5.48878000e-01 2.27602963e+08
5.48908000e-01 2.27048283e+08
5.48938000e-01 2.26445250e+08
5.48968000e-01 2.25837369e+08
5.48998000e-01 2.25480105e+08
5.49028000e-01 2.24999351e+08
5.49058000e-01 2.24431341e+08
5.49089000e-01 2.23897264e+08
5.49119000e-01 2.23504977e+08
5.49149000e-01 2.24122553e+08
5.49179000e-01 2.25664190e+08
5.49209000e-01 2.26773428e+08
5.49239000e-01 2.26749190e+08
5.49269000e-01 2.27214190e+08
5.49300000e-01 2.26928428e+08
5.49330000e-01 2.26084351e+08
5.49360000e-01 2.25844519e+08
5.49390000e-01 2.26906614e+08
5.49420000e-01 2.27570242e+08
5.49451000e-01 2.28254471e+08
5.49481000e-01 2.29086430e+08
5.49511000e-01 2.29372192e+08
5.49541000e-01 2.29718548e+08
5.49571000e-01 2.29527192e+08
5.49602000e-01 2.27793107e+08
5.49632000e-01 2.26468276e+08
5.49662000e-01 2.25690731e+08
5.49692000e-01 2.24566951e+08
5.49722000e-01 2.23795587e+08
5.49753000e-01 2.25334800e+08
5.49783000e-01 2.27036164e+08
5.49813000e-01 2.29110667e+08
5.49843000e-01 2.31577457e+08
5.49874000e-01 2.34166526e+08
5.49904000e-01 2.35911639e+08
5.49934000e-01 2.37132370e+08
5.49964000e-01 2.37335724e+08
5.49995000e-01 2.35536197e+08
5.50025000e-01 2.34070909e+08
5.50055000e-01 2.32415475e+08
5.50085000e-01 2.30023701e+08
5.50116000e-01 2.29622931e+08
5.50146000e-01 2.31393372e+08
5.50176000e-01 2.32505033e+08
5.50206000e-01 2.33742730e+08
5.50237000e-01 2.35636784e+08
5.50267000e-01 2.36065427e+08
5.50297000e-01 2.35962538e+08
5.50327000e-01 2.35706952e+08
5.50358000e-01 2.35059079e+08
5.50388000e-01 2.34625588e+08
5.50418000e-01 2.33816655e+08
5.50449000e-01 2.32376695e+08
5.50479000e-01 2.30332489e+08
5.50509000e-01 2.29289905e+08
5.50540000e-01 2.27800378e+08
5.50570000e-01 2.27090699e+08
5.50600000e-01 2.27288115e+08
5.50630000e-01 2.28470065e+08
5.50661000e-01 2.29214768e+08
5.50691000e-01 2.30327762e+08
5.50721000e-01 2.30809729e+08
5.50752000e-01 2.31128212e+08
5.50782000e-01 2.31318356e+08
5.50812000e-01 2.30980483e+08
5.50843000e-01 2.30207786e+08
5.50873000e-01 2.30218693e+08
5.50904000e-01 2.29855370e+08
5.50934000e-01 2.29259608e+08
5.50964000e-01 2.29614448e+08
5.50995000e-01 2.30433075e+08
5.51025000e-01 2.30778220e+08
5.51055000e-01 2.31973501e+08
5.51086000e-01 2.32565627e+08
5.51116000e-01 2.32383966e+08
5.51146000e-01 2.31309873e+08
5.51177000e-01 2.29924447e+08
5.51207000e-01 2.27892360e+08
5.51238000e-01 2.26740707e+08
5.51268000e-01 2.25317834e+08
5.51298000e-01 2.23789527e+08
5.51329000e-01 2.22803781e+08
5.51359000e-01 2.22364109e+08
5.51390000e-01 2.21884567e+08
5.51420000e-01 2.21699270e+08
5.51450000e-01 2.22612424e+08
5.51481000e-01 2.23175587e+08
5.51511000e-01 2.22806204e+08
5.51542000e-01 2.22074711e+08
5.51572000e-01 2.21334856e+08
5.51602000e-01 2.21259719e+08
5.51633000e-01 2.21508034e+08
5.51663000e-01 2.22886068e+08
5.51694000e-01 2.25239062e+08
5.51724000e-01 2.28048572e+08
5.51755000e-01 2.29940202e+08
5.51785000e-01 2.31416398e+08
5.51815000e-01 2.32962883e+08
5.51846000e-01 2.34137562e+08
5.51876000e-01 2.35026358e+08
5.51907000e-01 2.35892249e+08
5.51937000e-01 2.36649192e+08
5.51968000e-01 2.36043613e+08
5.51998000e-01 2.34979216e+08
5.52029000e-01 2.34399087e+08
5.52059000e-01 2.34235604e+08
5.52090000e-01 2.33815443e+08
5.52120000e-01 2.34172586e+08
5.52151000e-01 2.34515306e+08
5.52181000e-01 2.34516518e+08
5.52212000e-01 2.34433019e+08
5.52242000e-01 2.34758774e+08
5.52273000e-01 2.34579536e+08
5.52303000e-01 2.34374849e+08
5.52334000e-01 2.33747578e+08
5.52364000e-01 2.32955612e+08
5.52395000e-01 2.31621085e+08
5.52425000e-01 2.30687328e+08
5.52456000e-01 2.29756117e+08
5.52486000e-01 2.29599905e+08
5.52517000e-01 2.29228099e+08
5.52547000e-01 2.29362497e+08
5.52578000e-01 2.28537810e+08
5.52608000e-01 2.28460370e+08
5.52639000e-01 2.27869335e+08
5.52669000e-01 2.26364054e+08
5.52700000e-01 2.23942103e+08
5.52731000e-01 2.22533652e+08
5.52761000e-01 2.20456846e+08
5.52792000e-01 2.18796565e+08
5.52822000e-01 2.18170506e+08
5.52853000e-01 2.18886123e+08
5.52883000e-01 2.19169583e+08
5.52914000e-01 2.19834423e+08
5.52944000e-01 2.20631236e+08
5.52975000e-01 2.21609711e+08
5.53006000e-01 2.21865177e+08
5.53036000e-01 2.22579703e+08
5.53067000e-01 2.23011982e+08
5.53097000e-01 2.23497705e+08
5.53128000e-01 2.23127111e+08
5.53159000e-01 2.23142866e+08
5.53189000e-01 2.23260297e+08
5.53220000e-01 2.24801935e+08
5.53250000e-01 2.26584495e+08
5.53281000e-01 2.29406125e+08
5.53312000e-01 2.31652594e+08
5.53342000e-01 2.32656519e+08
5.53373000e-01 2.31877762e+08
5.53403000e-01 2.30067329e+08
5.53434000e-01 2.28615370e+08
5.53465000e-01 2.27734937e+08
5.53495000e-01 2.27487955e+08
5.53526000e-01 2.27342529e+08
5.53557000e-01 2.27797955e+08
5.53587000e-01 2.27495226e+08
5.53618000e-01 2.26412529e+08
5.53649000e-01 2.26591767e+08
5.53679000e-01 2.27292963e+08
5.53710000e-01 2.27796743e+08
5.53740000e-01 2.28417954e+08
5.53771000e-01 2.29364921e+08
5.53802000e-01 2.28887802e+08
5.53833000e-01 2.27738572e+08
5.53863000e-01 2.27244487e+08
5.53894000e-01 2.27314776e+08
5.53925000e-01 2.28503877e+08
5.53955000e-01 2.30097626e+08
5.53986000e-01 2.32070330e+08
5.54017000e-01 2.33424247e+08
5.54047000e-01 2.34445138e+08
5.54078000e-01 2.34833790e+08
5.54109000e-01 2.35016663e+08
5.54139000e-01 2.35281944e+08
5.54170000e-01 2.34911350e+08
5.54201000e-01 2.34566206e+08
5.54232000e-01 2.33586519e+08
5.54262000e-01 2.32639552e+08
5.54293000e-01 2.31700948e+08
5.54324000e-01 2.31438212e+08
5.54354000e-01 2.31409127e+08
5.54385000e-01 2.32212000e+08
5.54416000e-01 2.33105764e+08
5.54447000e-01 2.33714857e+08
5.54477000e-01 2.34030916e+08
5.54508000e-01 2.33483630e+08
5.54539000e-01 2.32563204e+08
5.54570000e-01 2.31834134e+08
5.54600000e-01 2.31286847e+08
5.54631000e-01 2.30738228e+08
5.54662000e-01 2.30538388e+08
5.54693000e-01 2.31067618e+08
5.54723000e-01 2.31358227e+08
5.54754000e-01 2.32185338e+08
5.54785000e-01 2.33120307e+08
5.54816000e-01 2.33955901e+08
5.54847000e-01 2.34150893e+08
5.54877000e-01 2.34402722e+08
5.54908000e-01 2.34198035e+08
5.54939000e-01 2.34013950e+08
5.54970000e-01 2.34030916e+08
5.55001000e-01 2.33918332e+08
5.55031000e-01 2.33731823e+08
5.55062000e-01 2.33954689e+08
5.55093000e-01 2.34378485e+08
5.55124000e-01 2.34786647e+08
5.55155000e-01 2.35252859e+08
5.55185000e-01 2.35066350e+08
5.55216000e-01 2.34018798e+08
5.55247000e-01 2.33134849e+08
5.55278000e-01 2.32306527e+08
5.55309000e-01 2.31321992e+08
5.55340000e-01 2.30108533e+08
5.55370000e-01 2.29429150e+08
5.55401000e-01 2.28938701e+08
5.55432000e-01 2.28431285e+08
5.55463000e-01 2.27957802e+08
5.55494000e-01 2.28542657e+08
5.55525000e-01 2.28836903e+08
5.55556000e-01 2.29001598e+08
5.55586000e-01 2.29337047e+08
5.55617000e-01 2.29655652e+08
5.55648000e-01 2.29014929e+08
5.55679000e-01 2.28632337e+08
5.55710000e-01 2.28248412e+08
5.55741000e-01 2.28541445e+08
5.55772000e-01 2.29357649e+08
5.55803000e-01 2.30785491e+08
5.55833000e-01 2.31360651e+08
5.55864000e-01 2.31882610e+08
5.55895000e-01 2.32683059e+08
5.55926000e-01 2.33488477e+08
5.55957000e-01 2.34469376e+08
5.55988000e-01 2.36389970e+08
5.56019000e-01 2.37832233e+08
5.56050000e-01 2.37294641e+08
5.56081000e-01 2.36489223e+08
5.56112000e-01 2.34798766e+08
5.56143000e-01 2.32948340e+08
5.56174000e-01 2.31875338e+08
5.56204000e-01 2.30411261e+08
5.56235000e-01 2.28954456e+08
5.56266000e-01 2.28715836e+08
5.56297000e-01 2.28348877e+08
5.56328000e-01 2.27389792e+08
5.56359000e-01 2.27444327e+08
5.56390000e-01 2.27539945e+08
5.56421000e-01 2.26597826e+08
5.56452000e-01 2.26049206e+08
5.56483000e-01 2.25586630e+08
5.56514000e-01 2.25298444e+08
5.56545000e-01 2.24327240e+08
5.56576000e-01 2.23785892e+08
5.56607000e-01 2.22984230e+08
5.56638000e-01 2.22824383e+08
5.56669000e-01 2.22828018e+08
5.56700000e-01 2.22783179e+08
5.56731000e-01 2.24148002e+08
5.56762000e-01 2.25729511e+08
5.56793000e-01 2.25447384e+08
5.56824000e-01 2.24784969e+08
5.56855000e-01 2.24902400e+08
5.56886000e-01 2.23796798e+08
5.56917000e-01 2.22227288e+08
5.56948000e-01 2.22905458e+08
5.56979000e-01 2.24186662e+08
5.57010000e-01 2.25212400e+08
5.57041000e-01 2.26274495e+08
5.57072000e-01 2.26749190e+08
5.57103000e-01 2.26373749e+08
5.57134000e-01 2.24106798e+08
5.57165000e-01 2.22263644e+08
5.57196000e-01 2.20940024e+08
5.57227000e-01 2.20213379e+08
5.57258000e-01 2.18705674e+08
5.57289000e-01 2.18748090e+08
5.57320000e-01 2.19174431e+08
5.57351000e-01 2.19609133e+08
5.57383000e-01 2.20432609e+08
5.57414000e-01 2.21296076e+08
5.57445000e-01 2.21061092e+08
5.57476000e-01 2.20299422e+08
5.57507000e-01 2.19208242e+08
5.57538000e-01 2.17609767e+08
5.57569000e-01 2.16387825e+08
5.57600000e-01 2.16213434e+08
5.57631000e-01 2.15482062e+08
5.57662000e-01 2.16343106e+08
5.57693000e-01 2.18038410e+08
5.57724000e-01 2.19443226e+08
5.57756000e-01 2.20907303e+08
5.57787000e-01 2.23011982e+08
5.57818000e-01 2.23173163e+08
5.57849000e-01 2.22464696e+08
5.57880000e-01 2.22715313e+08
5.57911000e-01 2.22990290e+08
5.57942000e-01 2.22727432e+08
5.57973000e-01 2.23806494e+08
5.58005000e-01 2.25076790e+08
5.58036000e-01 2.24502842e+08
5.58067000e-01 2.24632392e+08
5.58098000e-01 2.25506767e+08
5.58129000e-01 2.25310563e+08
5.58160000e-01 2.25058612e+08
5.58191000e-01 2.25926927e+08
5.58223000e-01 2.25861485e+08
5.58254000e-01 2.25494648e+08
5.58285000e-01 2.24999351e+08
5.58316000e-01 2.24173452e+08
5.58347000e-01 2.23814977e+08
5.58378000e-01 2.24063171e+08
5.58410000e-01 2.23927561e+08
5.58441000e-01 2.23974824e+08
5.58472000e-01 2.23967553e+08
5.58503000e-01 2.22088042e+08
5.58534000e-01 2.19026581e+08
5.58566000e-01 2.18079615e+08
5.58597000e-01 2.16903724e+08
5.58628000e-01 2.15639486e+08
5.58659000e-01 2.15977359e+08
5.58690000e-01 2.16864943e+08
5.58722000e-01 2.14275874e+08
5.58753000e-01 2.12203795e+08
5.58784000e-01 2.10904413e+08
5.58815000e-01 2.09617150e+08
5.58847000e-01 2.08286259e+08
5.58878000e-01 2.08917166e+08
5.58909000e-01 2.09221106e+08
5.58940000e-01 2.09792752e+08
5.58971000e-01 2.10154863e+08
5.59003000e-01 2.10096692e+08
5.59034000e-01 2.10810007e+08
5.59065000e-01 2.12404847e+08
5.59096000e-01 2.13004366e+08
5.59128000e-01 2.15128435e+08
5.59159000e-01 2.16687039e+08
5.59190000e-01 2.17567351e+08
5.59222000e-01 2.18297632e+08
5.59253000e-01 2.20072921e+08
5.59284000e-01 2.20763210e+08
5.59315000e-01 2.20473813e+08
5.59347000e-01 2.20029294e+08
5.59378000e-01 2.20248523e+08
5.59409000e-01 2.19755650e+08
5.59441000e-01 2.19933676e+08
5.59472000e-01 2.20617906e+08
5.59503000e-01 2.21466830e+08
5.59534000e-01 2.21680001e+08
5.59566000e-01 2.21860329e+08
5.59597000e-01 2.22814688e+08
5.59628000e-01 2.24065594e+08
5.59660000e-01 2.24536654e+08
5.59691000e-01 2.23871814e+08
5.59722000e-01 2.22899398e+08
5.59754000e-01 2.21541846e+08
5.59785000e-01 2.20088676e+08
5.59816000e-01 2.20181991e+08
5.59848000e-01 2.21678789e+08
5.59879000e-01 2.23273628e+08
5.59910000e-01 2.24517263e+08
5.59942000e-01 2.25429206e+08
5.59973000e-01 2.24828596e+08
5.60004000e-01 2.23817400e+08
5.60036000e-01 2.22894551e+08
5.60067000e-01 2.21954856e+08
5.60099000e-01 2.20443515e+08
5.60130000e-01 2.17874927e+08
5.60161000e-01 2.15141765e+08
5.60193000e-01 2.13125433e+08
5.60224000e-01 2.12198947e+08
5.60255000e-01 2.11967720e+08
5.60287000e-01 2.13265890e+08
5.60318000e-01 2.14906781e+08
5.60350000e-01 2.15942215e+08
5.60381000e-01 2.16337047e+08
5.60412000e-01 2.16749935e+08
5.60444000e-01 2.17152039e+08
5.60475000e-01 2.17706597e+08
5.60507000e-01 2.18772327e+08
5.60538000e-01 2.19472312e+08
5.60570000e-01 2.19938523e+08
5.60601000e-01 2.20390193e+08
5.60632000e-01 2.21223363e+08
5.60664000e-01 2.22880008e+08
5.60695000e-01 2.24730434e+08
5.60727000e-01 2.26520265e+08
5.60758000e-01 2.28281133e+08
5.60790000e-01 2.29461871e+08
5.60821000e-01 2.29208709e+08
5.60852000e-01 2.28718259e+08
5.60884000e-01 2.28354937e+08
5.60915000e-01 2.28038877e+08
5.60947000e-01 2.27738572e+08
5.60978000e-01 2.27421301e+08
5.61010000e-01 2.27068885e+08
5.61041000e-01 2.26749190e+08
5.61073000e-01 2.26475547e+08
5.61104000e-01 2.26801301e+08
5.61136000e-01 2.27351012e+08
5.61167000e-01 2.27938412e+08
5.61199000e-01 2.28483396e+08
5.61230000e-01 2.29028259e+08
5.61262000e-01 2.29598693e+08
5.61293000e-01 2.30121863e+08
5.61325000e-01 2.30263533e+08
5.61356000e-01 2.29619295e+08
5.61388000e-01 2.27736149e+08
5.61419000e-01 2.24794664e+08
5.61451000e-01 2.21618195e+08
5.61482000e-01 2.18751725e+08
5.61514000e-01 2.16584029e+08
5.61545000e-01 2.15248290e+08
5.61577000e-01 2.14734815e+08
5.61608000e-01 2.14451476e+08
5.61640000e-01 2.14243153e+08
5.61672000e-01 2.14045738e+08
5.61703000e-01 2.13768458e+08
5.61735000e-01 2.13464518e+08
5.61766000e-01 2.12849366e+08
5.61798000e-01 2.11936211e+08
5.61829000e-01 2.11012271e+08
5.61861000e-01 2.10813643e+08
5.61892000e-01 2.11392439e+08
5.61924000e-01 2.13491179e+08
5.61956000e-01 2.16783868e+08
5.61987000e-01 2.19874294e+08
5.62019000e-01 2.22370169e+08
5.62050000e-01 2.24397408e+08
5.62082000e-01 2.25652072e+08
5.62114000e-01 2.25748901e+08
5.62145000e-01 2.25960860e+08
5.62177000e-01 2.26427071e+08
5.62208000e-01 2.26886012e+08
5.62240000e-01 2.26990234e+08
5.62272000e-01 2.26732224e+08
5.62303000e-01 2.26073444e+08
5.62335000e-01 2.25348010e+08
5.62366000e-01 2.24514840e+08
5.62398000e-01 2.23737416e+08
5.62430000e-01 2.23404390e+08
5.62461000e-01 2.23463773e+08
5.62493000e-01 2.23777408e+08
5.62525000e-01 2.24651783e+08
5.62556000e-01 2.25677400e+08
5.62588000e-01 2.26348299e+08
5.62620000e-01 2.26913885e+08
5.62651000e-01 2.27290539e+08
5.62683000e-01 2.26953877e+08
5.62715000e-01 2.26117072e+08
5.62746000e-01 2.25447384e+08
5.62778000e-01 2.25248757e+08
5.62810000e-01 2.25575723e+08
5.62841000e-01 2.26898131e+08
5.62873000e-01 2.28765523e+08
5.62905000e-01 2.30756406e+08
5.62936000e-01 2.32467586e+08
5.62968000e-01 2.33739095e+08
5.63000000e-01 2.34120596e+08
5.63031000e-01 2.34142410e+08
5.63063000e-01 2.33982562e+08
5.63095000e-01 2.33804536e+08
5.63127000e-01 2.33691831e+08
5.63158000e-01 2.33496839e+08
5.63190000e-01 2.33294697e+08
5.63222000e-01 2.33039111e+08
5.63253000e-01 2.32580170e+08
5.63285000e-01 2.31941992e+08
5.63317000e-01 2.31460026e+08
5.63349000e-01 2.31026414e+08
5.63380000e-01 2.30617160e+08
5.63412000e-01 2.30188396e+08
5.63444000e-01 2.29719760e+08
5.63475000e-01 2.29149448e+08
5.63507000e-01 2.28411895e+08
5.63539000e-01 2.27538733e+08
5.63571000e-01 2.26774640e+08
5.63603000e-01 2.26126767e+08
5.63634000e-01 2.25505555e+08
5.63666000e-01 2.24621486e+08
5.63698000e-01 2.23838003e+08
5.63730000e-01 2.23250602e+08
5.63761000e-01 2.22852135e+08
5.63793000e-01 2.22755305e+08
5.63825000e-01 2.23210610e+08
5.63857000e-01 2.23741052e+08
5.63889000e-01 2.23988155e+08
5.63920000e-01 2.23971189e+08
5.63952000e-01 2.23639375e+08
5.63984000e-01 2.22673018e+08
5.64016000e-01 2.21494704e+08
5.64048000e-01 2.20717159e+08
5.64079000e-01 2.20249735e+08
5.64111000e-01 2.19840482e+08
5.64143000e-01 2.19811397e+08
5.64175000e-01 2.20187929e+08
5.64207000e-01 2.20740185e+08
5.64239000e-01 2.20770482e+08
5.64270000e-01 2.20766846e+08
5.64302000e-01 2.21148347e+08
5.64334000e-01 2.21345763e+08
5.64366000e-01 2.21050185e+08
5.64398000e-01 2.20915787e+08
5.64430000e-01 2.20913363e+08
5.64462000e-01 2.20808050e+08
5.64493000e-01 2.21099872e+08
5.64525000e-01 2.22037143e+08
5.64557000e-01 2.23206975e+08
5.64589000e-01 2.24319969e+08
5.64621000e-01 2.25349222e+08
5.64653000e-01 2.26049206e+08
5.64685000e-01 2.26165547e+08
5.64716000e-01 2.26104953e+08
5.64748000e-01 2.26290250e+08
5.64780000e-01 2.26787971e+08
5.64812000e-01 2.26990234e+08
5.64844000e-01 2.26751614e+08
5.64876000e-01 2.26359206e+08
5.64908000e-01 2.25613291e+08
5.64940000e-01 2.24593612e+08
5.64972000e-01 2.23778620e+08
5.65004000e-01 2.23341494e+08
5.65036000e-01 2.22924848e+08
5.65068000e-01 2.22448941e+08
5.65099000e-01 2.21959704e+08
5.65131000e-01 2.21780466e+08
5.65163000e-01 2.21663034e+08
5.65195000e-01 2.21666670e+08
5.65227000e-01 2.21751381e+08
5.65259000e-01 2.21712600e+08
5.65291000e-01 2.21586686e+08
5.65323000e-01 2.21292440e+08
5.65355000e-01 2.20860040e+08
5.65387000e-01 2.20206107e+08
5.65419000e-01 2.19609133e+08
5.65451000e-01 2.19365666e+08
5.65483000e-01 2.19531573e+08
5.65515000e-01 2.20007601e+08
5.65547000e-01 2.20897608e+08
5.65579000e-01 2.21988789e+08
5.65611000e-01 2.22723796e+08
5.65643000e-01 2.22947874e+08
5.65675000e-01 2.22278187e+08
5.65707000e-01 2.20139575e+08
5.65739000e-01 2.17089021e+08
5.65771000e-01 2.14136629e+08
5.65803000e-01 2.11203506e+08
5.65835000e-01 2.09014116e+08
5.65867000e-01 2.08649582e+08
5.65899000e-01 2.09257463e+08
5.65931000e-01 2.09877463e+08
5.65963000e-01 2.10740930e+08
5.65995000e-01 2.11651661e+08
5.66027000e-01 2.12045159e+08
5.66059000e-01 2.11919245e+08
5.66091000e-01 2.10933498e+08
5.66123000e-01 2.09203049e+08
5.66155000e-01 2.07224164e+08
5.66187000e-01 2.05770994e+08
5.66219000e-01 2.05757663e+08
5.66251000e-01 2.07782479e+08
5.66283000e-01 2.10882599e+08
5.66316000e-01 2.14234670e+08
5.66348000e-01 2.17424470e+08
5.66380000e-01 2.19271260e+08
5.66412000e-01 2.19897319e+08
5.66444000e-01 2.20637296e+08
5.66476000e-01 2.21438957e+08
5.66508000e-01 2.21733202e+08
5.66540000e-01 2.21847119e+08
5.66572000e-01 2.21782890e+08
5.66604000e-01 2.21286381e+08
5.66636000e-01 2.21028371e+08
5.66669000e-01 2.21408660e+08
5.66701000e-01 2.22147424e+08
5.66733000e-01 2.22913941e+08
5.66765000e-01 2.23483163e+08
5.66797000e-01 2.23220305e+08
5.66829000e-01 2.22278187e+08
5.66861000e-01 2.21274262e+08
5.66893000e-01 2.20493203e+08
5.66926000e-01 2.19957914e+08
5.66958000e-01 2.19702327e+08
5.66990000e-01 2.19657609e+08
5.67022000e-01 2.19743531e+08
5.67054000e-01 2.19993058e+08
5.67086000e-01 2.20261854e+08
5.67118000e-01 2.20775329e+08
5.67151000e-01 2.21959704e+08
5.67183000e-01 2.23200915e+08
5.67215000e-01 2.24184238e+08
5.67247000e-01 2.25069519e+08
5.67279000e-01 2.25674976e+08
5.67312000e-01 2.26067384e+08
5.67344000e-01 2.26688596e+08
5.67376000e-01 2.27152505e+08
5.67408000e-01 2.27239640e+08
5.67440000e-01 2.27384945e+08
5.67472000e-01 2.27494014e+08
5.67505000e-01 2.27214190e+08
5.67537000e-01 2.27157353e+08
5.67569000e-01 2.27549640e+08
5.67601000e-01 2.27743420e+08
5.67633000e-01 2.27693733e+08
5.67666000e-01 2.27715547e+08
5.67698000e-01 2.27624776e+08
5.67730000e-01 2.27045859e+08
5.67762000e-01 2.26259953e+08
5.67795000e-01 2.25678612e+08
5.67827000e-01 2.25148291e+08
5.67859000e-01 2.24433765e+08
5.67891000e-01 2.24174664e+08
5.67924000e-01 2.24694077e+08
5.67956000e-01 2.25254816e+08
5.67988000e-01 2.25681036e+08
5.68020000e-01 2.26291462e+08
5.68053000e-01 2.26465852e+08
5.68085000e-01 2.25493436e+08
5.68117000e-01 2.24088620e+08
5.68150000e-01 2.22791662e+08
5.68182000e-01 2.21593957e+08
5.68214000e-01 2.20660322e+08
5.68246000e-01 2.20438668e+08
5.68279000e-01 2.20408371e+08
5.68311000e-01 2.20120185e+08
5.68343000e-01 2.19875505e+08
5.68376000e-01 2.19877929e+08
5.68408000e-01 2.20029294e+08
5.68440000e-01 2.20195200e+08
5.68473000e-01 2.20140787e+08
5.68505000e-01 2.19621252e+08
5.68537000e-01 2.18745666e+08
5.68569000e-01 2.17848387e+08
5.68602000e-01 2.17579470e+08
5.68634000e-01 2.17982785e+08
5.68666000e-01 2.18376284e+08
5.68699000e-01 2.18588242e+08
5.68731000e-01 2.18436878e+08
5.68763000e-01 2.17591589e+08
5.68796000e-01 2.16799623e+08
5.68828000e-01 2.16732969e+08
5.68861000e-01 2.16966741e+08
5.68893000e-01 2.17182336e+08
5.68925000e-01 2.17443860e+08
5.68958000e-01 2.17310674e+08
5.68990000e-01 2.16816589e+08
5.69022000e-01 2.16616749e+08
5.69055000e-01 2.16986132e+08
5.69087000e-01 2.17439013e+08
5.69120000e-01 2.17608555e+08
5.69152000e-01 2.17739318e+08
5.69184000e-01 2.18218860e+08
5.69217000e-01 2.18846252e+08
5.69249000e-01 2.19784735e+08
5.69282000e-01 2.21266991e+08
5.69314000e-01 2.22806204e+08
5.69346000e-01 2.23514551e+08
5.69379000e-01 2.23535153e+08
5.69411000e-01 2.23300290e+08
5.69444000e-01 2.22876373e+08
5.69476000e-01 2.22452577e+08
5.69508000e-01 2.22542135e+08
5.69541000e-01 2.23083484e+08
5.69573000e-01 2.23589687e+08
5.69606000e-01 2.24030450e+08
5.69638000e-01 2.24575434e+08
5.69671000e-01 2.24626333e+08
5.69703000e-01 2.24155274e+08
5.69736000e-01 2.23721662e+08
5.69768000e-01 2.23323315e+08
5.69801000e-01 2.22830442e+08
5.69833000e-01 2.22606365e+08
5.69866000e-01 2.22664535e+08
5.69898000e-01 2.22808628e+08
5.69930000e-01 2.23053186e+08
5.69963000e-01 2.23199703e+08
5.69995000e-01 2.22666959e+08
5.70028000e-01 2.21562448e+08
5.70060000e-01 2.20378074e+08
5.70093000e-01 2.18927327e+08
5.70125000e-01 2.17543114e+08
5.70158000e-01 2.16781444e+08
5.70190000e-01 2.16787504e+08
5.70223000e-01 2.17041757e+08
5.70255000e-01 2.17624310e+08
5.70288000e-01 2.18312175e+08
5.70321000e-01 2.18979438e+08
5.70353000e-01 2.19389904e+08
5.70386000e-01 2.19420201e+08
5.70418000e-01 2.18865521e+08
5.70451000e-01 2.18004599e+08
5.70483000e-01 2.17107199e+08
5.70516000e-01 2.16814165e+08
5.70548000e-01 2.17050240e+08
5.70581000e-01 2.17738106e+08
5.70613000e-01 2.18927327e+08
5.70646000e-01 2.19957914e+08
5.70679000e-01 2.19833211e+08
5.70711000e-01 2.19170795e+08
5.70744000e-01 2.18559157e+08
5.70776000e-01 2.16828708e+08
5.70809000e-01 2.14439357e+08
5.70841000e-01 2.12849366e+08
5.70874000e-01 2.11336813e+08
5.70907000e-01 2.09669261e+08
5.70939000e-01 2.08834879e+08
5.70972000e-01 2.08842150e+08
5.71004000e-01 2.08645946e+08
5.71037000e-01 2.07915665e+08
5.71070000e-01 2.07138241e+08
5.71102000e-01 2.06695055e+08
5.71135000e-01 2.06239629e+08
5.71167000e-01 2.05881154e+08
5.71200000e-01 2.06646580e+08
5.71233000e-01 2.07841861e+08
5.71265000e-01 2.08591411e+08
5.71298000e-01 2.10232302e+08
5.71331000e-01 2.12284991e+08
5.71363000e-01 2.13515417e+08
5.71396000e-01 2.14415120e+08
5.71429000e-01 2.15439646e+08
5.71461000e-01 2.16133571e+08
5.71494000e-01 2.16625233e+08
5.71527000e-01 2.17579470e+08
5.71559000e-01 2.19257929e+08
5.71592000e-01 2.21395329e+08
5.71625000e-01 2.22774696e+08
5.71657000e-01 2.23469832e+08
5.71690000e-01 2.23986943e+08
5.71723000e-01 2.23777408e+08
5.71755000e-01 2.23169527e+08
5.71788000e-01 2.22795298e+08
5.71821000e-01 2.22617272e+08
5.71853000e-01 2.22732280e+08
5.71886000e-01 2.23221517e+08
5.71919000e-01 2.23626044e+08
5.71952000e-01 2.23902111e+08
5.71984000e-01 2.24319969e+08
5.72017000e-01 2.24304214e+08
5.72050000e-01 2.23873026e+08
5.72082000e-01 2.23504977e+08
5.72115000e-01 2.23208186e+08
5.72148000e-01 2.23284535e+08
5.72181000e-01 2.23927561e+08
5.72213000e-01 2.24751036e+08
5.72246000e-01 2.25630258e+08
5.72279000e-01 2.26574800e+08
5.72312000e-01 2.27130691e+08
5.72344000e-01 2.27315988e+08
5.72377000e-01 2.27370402e+08
5.72410000e-01 2.27344952e+08
5.72443000e-01 2.27524190e+08
5.72475000e-01 2.27872970e+08
5.72508000e-01 2.28226598e+08
5.72541000e-01 2.28548717e+08
5.72574000e-01 2.28806727e+08
5.72607000e-01 2.28931430e+08
5.72639000e-01 2.28912040e+08
5.72672000e-01 2.28881742e+08
5.72705000e-01 2.28870836e+08
5.72738000e-01 2.28919311e+08
5.72770000e-01 2.28889014e+08
5.72803000e-01 2.28898709e+08
5.72836000e-01 2.28908404e+08
5.72869000e-01 2.28930218e+08
5.72902000e-01 2.28978693e+08
5.72935000e-01 2.29029471e+08
5.72967000e-01 2.28962939e+08
5.73000000e-01 2.28514784e+08
5.73033000e-01 2.27677978e+08
5.73066000e-01 2.27054343e+08
5.73099000e-01 2.26482818e+08
5.73132000e-01 2.25947529e+08
5.73164000e-01 2.25765868e+08
5.73197000e-01 2.26002064e+08
5.73230000e-01 2.26039511e+08
5.73263000e-01 2.26066172e+08
5.73296000e-01 2.26138885e+08
5.73329000e-01 2.26224808e+08
5.73362000e-01 2.26290250e+08
5.73394000e-01 2.26339816e+08
5.73427000e-01 2.26351935e+08
5.73460000e-01 2.26295097e+08
5.73493000e-01 2.26067384e+08
5.73526000e-01 2.25971767e+08
5.73559000e-01 2.26090410e+08
5.73592000e-01 2.26382232e+08
5.73625000e-01 2.26858139e+08
5.73658000e-01 2.27612658e+08
5.73691000e-01 2.28149159e+08
5.73724000e-01 2.28304159e+08
5.73756000e-01 2.28256895e+08
5.73789000e-01 2.28035242e+08
5.73822000e-01 2.27541156e+08
5.73855000e-01 2.27013139e+08
5.73888000e-01 2.26709198e+08
5.73921000e-01 2.26435555e+08
5.73954000e-01 2.26178756e+08
5.73987000e-01 2.25993581e+08
5.74020000e-01 2.25840883e+08
5.74053000e-01 2.25664190e+08
5.74086000e-01 2.25678612e+08
5.74119000e-01 2.25698002e+08
5.74152000e-01 2.25681036e+08
5.74185000e-01 2.25730723e+08
5.74218000e-01 2.25826462e+08
5.74251000e-01 2.25909961e+08
5.74284000e-01 2.26078291e+08
5.74317000e-01 2.26429495e+08
5.74350000e-01 2.27090699e+08
5.74383000e-01 2.27819769e+08
5.74416000e-01 2.28381598e+08
5.74449000e-01 2.28879319e+08
5.74482000e-01 2.29321414e+08
5.74515000e-01 2.29495804e+08
5.74548000e-01 2.29728243e+08
5.74581000e-01 2.29833556e+08
5.74614000e-01 2.29317778e+08
5.74647000e-01 2.28439768e+08
5.74680000e-01 2.27711911e+08
5.74713000e-01 2.26870257e+08
5.74746000e-01 2.26183604e+08
5.74779000e-01 2.26034663e+08
5.74812000e-01 2.26211477e+08
5.74845000e-01 2.26310852e+08
5.74878000e-01 2.26342240e+08
5.74911000e-01 2.26337513e+08
5.74944000e-01 2.26395562e+08
5.74977000e-01 2.26440402e+08
5.75010000e-01 2.26430707e+08
5.75043000e-01 2.26188452e+08
5.75076000e-01 2.25614503e+08
5.75109000e-01 2.25218460e+08
5.75142000e-01 2.24987232e+08
5.75175000e-01 2.24054687e+08
5.75208000e-01 2.23107721e+08
5.75242000e-01 2.22354414e+08
5.75275000e-01 2.21276686e+08
5.75308000e-01 2.19796854e+08
5.75341000e-01 2.18689919e+08
5.75374000e-01 2.17764767e+08
5.75407000e-01 2.16860096e+08
5.75440000e-01 2.16175987e+08
5.75473000e-01 2.15795698e+08
5.75506000e-01 2.15593435e+08
5.75540000e-01 2.15374205e+08
5.75573000e-01 2.15547383e+08
5.75606000e-01 2.15819936e+08
5.75639000e-01 2.15908282e+08
5.75672000e-01 2.16477504e+08
5.75705000e-01 2.17820514e+08
5.75738000e-01 2.19387480e+08
5.75771000e-01 2.20960626e+08
5.75805000e-01 2.22903034e+08
5.75838000e-01 2.24827385e+08
5.75871000e-01 2.26031028e+08
5.75904000e-01 2.26569953e+08
5.75937000e-01 2.26812208e+08
5.75971000e-01 2.26830386e+08
5.76004000e-01 2.26293885e+08
5.76037000e-01 2.25689519e+08
5.76070000e-01 2.25029527e+08
5.76103000e-01 2.24070442e+08
5.76136000e-01 2.22628179e+08
5.76170000e-01 2.20793508e+08
5.76203000e-01 2.19257929e+08
5.76236000e-01 2.17993692e+08
5.76269000e-01 2.17159310e+08
5.76302000e-01 2.16958258e+08
5.76336000e-01 2.17361452e+08
5.76369000e-01 2.17485064e+08
5.76402000e-01 2.17667938e+08
5.76435000e-01 2.18206741e+08
5.76469000e-01 2.18846252e+08
5.76502000e-01 2.19567929e+08
5.76535000e-01 2.20451999e+08
5.76568000e-01 2.21158042e+08
5.76602000e-01 2.21678789e+08
5.76635000e-01 2.22103797e+08
5.76668000e-01 2.23122264e+08
5.76701000e-01 2.24485876e+08
5.76735000e-01 2.25894206e+08
5.76768000e-01 2.26993870e+08
5.76801000e-01 2.27601751e+08
5.76834000e-01 2.27256606e+08
5.76868000e-01 2.26536020e+08
5.76901000e-01 2.25861485e+08
5.76934000e-01 2.25339648e+08
5.76967000e-01 2.25143444e+08
5.77001000e-01 2.25137385e+08
5.77034000e-01 2.24923002e+08
5.77067000e-01 2.24384077e+08
5.77101000e-01 2.23882721e+08
5.77134000e-01 2.23463773e+08
5.77167000e-01 2.23146502e+08
5.77201000e-01 2.22979383e+08
5.77234000e-01 2.23077424e+08
5.77267000e-01 2.22967264e+08
5.77301000e-01 2.22893339e+08
5.77334000e-01 2.22888491e+08
5.77367000e-01 2.22720161e+08
5.77401000e-01 2.22800145e+08
5.77434000e-01 2.23054398e+08
5.77467000e-01 2.23140442e+08
5.77501000e-01 2.23111357e+08
5.77534000e-01 2.23219093e+08
5.77567000e-01 2.23354703e+08
5.77601000e-01 2.23639375e+08
5.77634000e-01 2.24017119e+08
5.77667000e-01 2.24292095e+08
5.77701000e-01 2.24422858e+08
5.77734000e-01 2.24305426e+08
5.77768000e-01 2.24133460e+08
5.77801000e-01 2.24053475e+08
5.77834000e-01 2.23956646e+08
5.77868000e-01 2.24305426e+08
5.77901000e-01 2.24461638e+08
5.77934000e-01 2.24183026e+08
5.77968000e-01 2.23796798e+08
5.78001000e-01 2.23514551e+08
5.78035000e-01 2.22608789e+08
5.78068000e-01 2.21530939e+08
5.78102000e-01 2.20901244e+08
5.78135000e-01 2.20144422e+08
5.78168000e-01 2.19041123e+08
5.78202000e-01 2.18395674e+08
5.78235000e-01 2.17996116e+08
5.78269000e-01 2.17545537e+08
5.78302000e-01 2.17109623e+08
5.78336000e-01 2.16495682e+08
5.78369000e-01 2.15186605e+08
5.78402000e-01 2.13838748e+08
5.78436000e-01 2.12603474e+08
5.78469000e-01 2.11871981e+08
5.78503000e-01 2.11736371e+08
5.78536000e-01 2.12220761e+08
5.78570000e-01 2.13354358e+08
5.78603000e-01 2.14464807e+08
5.78637000e-01 2.14929807e+08
5.78670000e-01 2.15357360e+08
5.78704000e-01 2.15893739e+08
5.78737000e-01 2.16242520e+08
5.78771000e-01 2.16640987e+08
5.78804000e-01 2.17290072e+08
5.78838000e-01 2.17969454e+08
5.78871000e-01 2.18883700e+08
5.78905000e-01 2.19779888e+08
5.78938000e-01 2.20516229e+08
5.78972000e-01 2.21001830e+08
5.79005000e-01 2.21349278e+08
5.79039000e-01 2.21345763e+08
5.79072000e-01 2.21097448e+08
5.79106000e-01 2.20707464e+08
5.79139000e-01 2.20483508e+08
5.79173000e-01 2.20368379e+08
5.79206000e-01 2.20318813e+08
5.79240000e-01 2.19993058e+08
5.79274000e-01 2.19830787e+08
5.79307000e-01 2.19788371e+08
5.79341000e-01 2.19669728e+08
5.79374000e-01 2.19400810e+08
5.79408000e-01 2.19300345e+08
5.79441000e-01 2.19058090e+08
5.79475000e-01 2.19221573e+08
5.79509000e-01 2.19891260e+08
5.79542000e-01 2.20791084e+08
5.79576000e-01 2.21723507e+08
5.79609000e-01 2.22521533e+08
5.79643000e-01 2.22452577e+08
5.79677000e-01 2.21878507e+08
5.79710000e-01 2.21264567e+08
5.79744000e-01 2.21006678e+08
5.79777000e-01 2.21161678e+08
5.79811000e-01 2.21803492e+08
5.79845000e-01 2.22427127e+08
5.79878000e-01 2.22853347e+08
5.79912000e-01 2.22956357e+08
5.79945000e-01 2.22847287e+08
5.79979000e-01 2.22689864e+08
5.80013000e-01 2.22567585e+08
5.80046000e-01 2.22507112e+08
5.80080000e-01 2.22451365e+08
5.80114000e-01 2.22362897e+08
5.80147000e-01 2.22471967e+08
5.80181000e-01 2.23101662e+08
5.80215000e-01 2.23721662e+08
5.80248000e-01 2.24168604e+08
5.80282000e-01 2.24531806e+08
5.80316000e-01 2.24587553e+08
5.80349000e-01 2.24092256e+08
5.80383000e-01 2.23303925e+08
5.80417000e-01 2.22743187e+08
5.80450000e-01 2.22289094e+08
5.80484000e-01 2.21776830e+08
5.80518000e-01 2.21035642e+08
5.80552000e-01 2.20654262e+08
5.80585000e-01 2.20215802e+08
5.80619000e-01 2.19657609e+08
5.80653000e-01 2.18980650e+08
5.80686000e-01 2.18708098e+08
5.80720000e-01 2.18360529e+08
5.80754000e-01 2.17910072e+08
5.80788000e-01 2.17397809e+08
5.80821000e-01 2.17522511e+08
5.80855000e-01 2.17609767e+08
5.80889000e-01 2.17991268e+08
5.80922000e-01 2.18698403e+08
5.80956000e-01 2.19688996e+08
5.80990000e-01 2.20240040e+08
5.81024000e-01 2.21056244e+08
5.81058000e-01 2.21730779e+08
5.81091000e-01 2.22238194e+08
5.81125000e-01 2.22576068e+08
5.81159000e-01 2.23262721e+08
5.81193000e-01 2.23741052e+08
5.81226000e-01 2.23928773e+08
5.81260000e-01 2.23804070e+08
5.81294000e-01 2.24213323e+08
5.81328000e-01 2.24352568e+08
5.81362000e-01 2.24351357e+08
5.81395000e-01 2.24447095e+08
5.81429000e-01 2.24726798e+08
5.81463000e-01 2.24098315e+08
5.81497000e-01 2.22892127e+08
5.81531000e-01 2.21876084e+08
5.81564000e-01 2.21082905e+08
5.81598000e-01 2.20421702e+08
5.81632000e-01 2.20231557e+08
5.81666000e-01 2.20645779e+08
5.81700000e-01 2.20915787e+08
5.81734000e-01 2.20986076e+08
5.81767000e-01 2.21214880e+08
5.81801000e-01 2.21465618e+08
5.81835000e-01 2.21827729e+08
5.81869000e-01 2.22309696e+08
5.81903000e-01 2.22944238e+08
5.81937000e-01 2.23291806e+08
5.81971000e-01 2.23576357e+08
5.82004000e-01 2.24390137e+08
5.82038000e-01 2.25386790e+08
5.82072000e-01 2.26228444e+08
5.82106000e-01 2.27015562e+08
5.82140000e-01 2.27872970e+08
5.82174000e-01 2.27985675e+08
5.82208000e-01 2.27600539e+08
5.82242000e-01 2.27051919e+08
5.82276000e-01 2.26705562e+08
5.82309000e-01 2.26342240e+08
5.82343000e-01 2.26047994e+08
5.82377000e-01 2.25934198e+08
5.82411000e-01 2.25991157e+08
5.82445000e-01 2.25966919e+08
5.82479000e-01 2.25930563e+08
5.82513000e-01 2.25888147e+08
5.82547000e-01 2.25793741e+08
5.82581000e-01 2.25667826e+08
5.82615000e-01 2.25649648e+08
5.82649000e-01 2.25612079e+08
5.82683000e-01 2.25564816e+08
5.82717000e-01 2.25582994e+08
5.82751000e-01 2.25880875e+08
5.82785000e-01 2.26196935e+08
5.82818000e-01 2.26542079e+08
5.82852000e-01 2.26858139e+08
5.82886000e-01 2.27102818e+08
5.82920000e-01 2.26881164e+08
5.82954000e-01 2.26107376e+08
5.82988000e-01 2.25423147e+08
5.83022000e-01 2.24631181e+08
5.83056000e-01 2.23962705e+08
5.83090000e-01 2.23538788e+08
5.83124000e-01 2.23531517e+08
5.83158000e-01 2.23515763e+08
5.83192000e-01 2.23684093e+08
5.83226000e-01 2.23675731e+08
5.83260000e-01 2.23503765e+08
5.83294000e-01 2.23435899e+08
5.83328000e-01 2.23249390e+08
5.83363000e-01 2.22872737e+08
5.83397000e-01 2.22445305e+08
5.83431000e-01 2.22075923e+08
5.83465000e-01 2.22068652e+08
5.83499000e-01 2.22258796e+08
5.83533000e-01 2.22803781e+08
5.83567000e-01 2.23561814e+08
5.83601000e-01 2.24362264e+08
5.83635000e-01 2.24621486e+08
5.83669000e-01 2.24651783e+08
5.83703000e-01 2.24273917e+08
5.83737000e-01 2.23840426e+08
5.83771000e-01 2.23633315e+08
5.83805000e-01 2.23569085e+08
5.83839000e-01 2.23399543e+08
5.83873000e-01 2.23183949e+08
5.83907000e-01 2.23254238e+08
5.83942000e-01 2.23243331e+08
5.83976000e-01 2.23239695e+08
5.84010000e-01 2.23401967e+08
5.84044000e-01 2.23816189e+08
5.84078000e-01 2.23914230e+08
5.84112000e-01 2.23851212e+08
5.84146000e-01 2.23822248e+08
5.84180000e-01 2.23708331e+08
5.84215000e-01 2.23819824e+08
5.84249000e-01 2.24051052e+08
5.84283000e-01 2.24346509e+08
5.84317000e-01 2.24481028e+08
5.84351000e-01 2.24529382e+08
5.84385000e-01 2.24632392e+08
5.84419000e-01 2.24804359e+08
5.84454000e-01 2.24966630e+08
5.84488000e-01 2.25153139e+08
5.84522000e-01 2.25436477e+08
5.84556000e-01 2.25263299e+08
5.84590000e-01 2.24852713e+08
5.84624000e-01 2.24287248e+08
5.84659000e-01 2.23246967e+08
5.84693000e-01 2.22525169e+08
5.84727000e-01 2.22041990e+08
5.84761000e-01 2.21584262e+08
5.84795000e-01 2.21234270e+08
5.84830000e-01 2.21374727e+08
5.84864000e-01 2.21363820e+08
5.84898000e-01 2.21394117e+08
5.84932000e-01 2.21478949e+08
5.84966000e-01 2.21569719e+08
5.85001000e-01 2.21708965e+08
5.85035000e-01 2.21585474e+08
5.85069000e-01 2.21126533e+08
5.85103000e-01 2.20883066e+08
5.85138000e-01 2.20545193e+08
5.85172000e-01 2.20550040e+08
5.85206000e-01 2.20515017e+08
5.85240000e-01 2.20695345e+08
5.85275000e-01 2.20755939e+08
5.85309000e-01 2.20946084e+08
5.85343000e-01 2.20817745e+08
5.85377000e-01 2.20797143e+08
5.85412000e-01 2.20769270e+08
5.85446000e-01 2.20370802e+08
5.85480000e-01 2.19943371e+08
5.85514000e-01 2.19547327e+08
5.85549000e-01 2.18818379e+08
5.85583000e-01 2.17462038e+08
5.85617000e-01 2.15939791e+08
5.85651000e-01 2.14717848e+08
5.85686000e-01 2.13373627e+08
5.85720000e-01 2.12648314e+08
5.85754000e-01 2.12861484e+08
5.85789000e-01 2.13194510e+08
5.85823000e-01 2.12565906e+08
5.85857000e-01 2.12219550e+08
5.85892000e-01 2.11919245e+08
5.85926000e-01 2.11294397e+08
5.85960000e-01 2.11105465e+08
5.85995000e-01 2.11823627e+08
5.86029000e-01 2.12274084e+08
5.86063000e-01 2.11746066e+08
5.86098000e-01 2.10866966e+08
5.86132000e-01 2.11250769e+08
5.86167000e-01 2.11838170e+08
5.86201000e-01 2.12442415e+08
5.86235000e-01 2.13939213e+08
5.86270000e-01 2.15735104e+08
5.86304000e-01 2.16087520e+08
5.86338000e-01 2.16775385e+08
5.86373000e-01 2.17818090e+08
5.86407000e-01 2.18735971e+08
5.86441000e-01 2.19624888e+08
5.86476000e-01 2.20336991e+08
5.86510000e-01 2.19996694e+08
5.86545000e-01 2.19340337e+08
5.86579000e-01 2.18293997e+08
5.86613000e-01 2.17698113e+08
5.86648000e-01 2.17872504e+08
5.86682000e-01 2.18379919e+08
5.86717000e-01 2.18875216e+08
5.86751000e-01 2.19722929e+08
5.86786000e-01 2.20296999e+08
5.86820000e-01 2.20351412e+08
5.86854000e-01 2.20340627e+08
5.86889000e-01 2.20339415e+08
5.86923000e-01 2.20320024e+08
5.86958000e-01 2.20098371e+08
5.86992000e-01 2.19674575e+08
5.87027000e-01 2.19782312e+08
5.87061000e-01 2.19985787e+08
5.87096000e-01 2.20028082e+08
5.87130000e-01 2.20728066e+08
5.87165000e-01 2.21676365e+08
5.87199000e-01 2.22200626e+08
5.87234000e-01 2.22525169e+08
5.87268000e-01 2.23035008e+08
5.87302000e-01 2.23006044e+08
5.87337000e-01 2.22986654e+08
5.87372000e-01 2.22940602e+08
5.87406000e-01 2.22985442e+08
5.87441000e-01 2.23004832e+08
5.87475000e-01 2.22961204e+08
5.87510000e-01 2.23127111e+08
5.87544000e-01 2.23328163e+08
5.87579000e-01 2.23420145e+08
5.87613000e-01 2.23401967e+08
5.87648000e-01 2.23353491e+08
5.87682000e-01 2.23262721e+08
5.87717000e-01 2.23101662e+08
5.87751000e-01 2.23027737e+08
5.87786000e-01 2.23081060e+08
5.87820000e-01 2.23213034e+08
5.87855000e-01 2.22952721e+08
5.87889000e-01 2.22551830e+08
5.87924000e-01 2.22141365e+08
5.87959000e-01 2.21475313e+08
5.87993000e-01 2.20805626e+08
5.88028000e-01 2.20340627e+08
5.88062000e-01 2.19982151e+08
5.88097000e-01 2.19558234e+08
5.88131000e-01 2.19540056e+08
5.88166000e-01 2.19675787e+08
5.88201000e-01 2.19525513e+08
5.88235000e-01 2.18728700e+08
5.88270000e-01 2.18304904e+08
5.88305000e-01 2.17844751e+08
5.88339000e-01 2.17291284e+08
5.88374000e-01 2.17092656e+08
5.88408000e-01 2.17769615e+08
5.88443000e-01 2.18037199e+08
5.88478000e-01 2.18415064e+08
5.88512000e-01 2.18957625e+08
5.88547000e-01 2.19444438e+08
5.88581000e-01 2.19649126e+08
5.88616000e-01 2.20019598e+08
5.88651000e-01 2.20132304e+08
5.88685000e-01 2.19824727e+08
5.88720000e-01 2.18996405e+08
5.88755000e-01 2.18480506e+08
5.88789000e-01 2.17015217e+08
5.88824000e-01 2.13497239e+08
5.88859000e-01 2.08433988e+08
5.88893000e-01 2.03712366e+08
5.88928000e-01 1.98644267e+08
5.88963000e-01 1.93931008e+08
5.88998000e-01 1.91562381e+08
5.89032000e-01 1.90993159e+08
5.89067000e-01 1.90415454e+08
5.89102000e-01 1.89554532e+08
5.89136000e-01 1.88356827e+08
5.89171000e-01 1.87151850e+08
5.89206000e-01 1.86018375e+08
5.89240000e-01 1.85042324e+08
5.89275000e-01 1.84393239e+08
5.89310000e-01 1.84479161e+08
5.89345000e-01 1.85198536e+08
5.89379000e-01 1.87512749e+08
5.89414000e-01 1.89532718e+08
5.89449000e-01 1.89943183e+08
5.89484000e-01 1.91549050e+08
5.89518000e-01 1.92849644e+08
5.89553000e-01 1.92526314e+08
5.89588000e-01 1.92342228e+08
5.89623000e-01 1.93588287e+08
5.89657000e-01 1.94589788e+08
5.89692000e-01 1.95467798e+08
5.89727000e-01 1.96331266e+08
5.89762000e-01 1.97097782e+08
5.89797000e-01 1.98076257e+08
5.89831000e-01 1.98347598e+08
5.89866000e-01 1.98138064e+08
5.89901000e-01 1.97636707e+08
5.89936000e-01 1.97660945e+08
5.89971000e-01 2.00122887e+08
5.90005000e-01 2.03801925e+08
5.90040000e-01 2.07962928e+08
5.90075000e-01 2.12395152e+08
5.90110000e-01 2.16435088e+08
5.90145000e-01 2.18227343e+08
5.90179000e-01 2.18906725e+08
5.90214000e-01 2.19245811e+08
5.90249000e-01 2.19377785e+08
5.90284000e-01 2.19805337e+08
5.90319000e-01 2.20227921e+08
5.90354000e-01 2.20257007e+08
5.90388000e-01 2.20166236e+08
5.90423000e-01 2.19618828e+08
5.90458000e-01 2.19117472e+08
5.90493000e-01 2.18528860e+08
5.90528000e-01 2.18215224e+08
5.90563000e-01 2.17918555e+08
5.90598000e-01 2.18199470e+08
5.90633000e-01 2.18378708e+08
5.90667000e-01 2.18509591e+08
5.90702000e-01 2.18608844e+08
5.90737000e-01 2.18743242e+08
5.90772000e-01 2.18969743e+08
5.90807000e-01 2.18933387e+08
5.90842000e-01 2.18390826e+08
5.90877000e-01 2.18239462e+08
5.90912000e-01 2.17999751e+08
5.90947000e-01 2.18340048e+08
5.90982000e-01 2.18892183e+08
5.91017000e-01 2.19999118e+08
5.91051000e-01 2.20621541e+08
5.91086000e-01 2.21350489e+08
5.91121000e-01 2.21407448e+08
5.91156000e-01 2.21321525e+08
5.91191000e-01 2.21137440e+08
5.91226000e-01 2.20736549e+08
5.91261000e-01 2.18911573e+08
5.91296000e-01 2.17596436e+08
5.91331000e-01 2.16290995e+08
5.91366000e-01 2.15408137e+08
5.91401000e-01 2.14945561e+08
5.91436000e-01 2.15714502e+08
5.91471000e-01 2.15272528e+08
5.91506000e-01 2.14980706e+08
5.91541000e-01 2.14273451e+08
5.91576000e-01 2.13631637e+08
5.91611000e-01 2.13194510e+08
5.91646000e-01 2.13492391e+08
5.91681000e-01 2.13609823e+08
5.91716000e-01 2.13480272e+08
5.91751000e-01 2.12762110e+08
5.91786000e-01 2.13416043e+08
5.91821000e-01 2.14478138e+08
5.91856000e-01 2.15549807e+08
5.91891000e-01 2.16700248e+08
5.91926000e-01 2.18065072e+08
5.91961000e-01 2.17867656e+08
5.91996000e-01 2.17924615e+08
5.92031000e-01 2.18217648e+08
5.92066000e-01 2.18561581e+08
5.92101000e-01 2.19186428e+08
5.92136000e-01 2.20008813e+08
5.92172000e-01 2.20229133e+08
5.92207000e-01 2.20185505e+08
5.92242000e-01 2.20269125e+08
5.92277000e-01 2.20218226e+08
5.92312000e-01 2.20179567e+08
5.92347000e-01 2.20158965e+08
5.92382000e-01 2.20167448e+08
5.92417000e-01 2.20163813e+08
5.92452000e-01 2.20401100e+08
5.92487000e-01 2.20684438e+08
5.92522000e-01 2.20755939e+08
5.92557000e-01 2.20017175e+08
5.92593000e-01 2.19560658e+08
5.92628000e-01 2.18571276e+08
5.92663000e-01 2.17652183e+08
5.92698000e-01 2.16918266e+08
5.92733000e-01 2.16912207e+08
5.92768000e-01 2.16603419e+08
5.92803000e-01 2.16421757e+08
5.92839000e-01 2.15908282e+08
5.92874000e-01 2.14533763e+08
5.92909000e-01 2.13595280e+08
5.92944000e-01 2.12729389e+08
5.92979000e-01 2.12144534e+08
5.93014000e-01 2.11666203e+08
5.93049000e-01 2.11772728e+08
5.93085000e-01 2.12225609e+08
5.93120000e-01 2.12689518e+08
5.93155000e-01 2.13577102e+08
5.93190000e-01 2.14622231e+08
5.93225000e-01 2.15944639e+08
5.93261000e-01 2.16524646e+08
5.93296000e-01 2.16320080e+08
5.93331000e-01 2.15567985e+08
5.93366000e-01 2.14661011e+08
5.93401000e-01 2.14765112e+08
5.93437000e-01 2.15205874e+08
5.93472000e-01 2.16352801e+08
5.93507000e-01 2.17486276e+08
5.93542000e-01 2.18524012e+08
5.93578000e-01 2.18622175e+08
5.93613000e-01 2.18428395e+08
5.93648000e-01 2.18240674e+08
5.93683000e-01 2.18066284e+08
5.93718000e-01 2.18003387e+08
5.93754000e-01 2.17865232e+08
5.93789000e-01 2.17533418e+08
5.93824000e-01 2.17533418e+08
5.93859000e-01 2.17973090e+08
5.93895000e-01 2.18533707e+08
5.93930000e-01 2.19000040e+08
5.93965000e-01 2.19638219e+08
5.94001000e-01 2.19907014e+08
5.94036000e-01 2.19500185e+08
5.94071000e-01 2.19013371e+08
5.94106000e-01 2.18560369e+08
5.94142000e-01 2.18215224e+08
5.94177000e-01 2.17973090e+08
5.94212000e-01 2.17917343e+08
5.94248000e-01 2.17843540e+08
5.94283000e-01 2.17832633e+08
5.94318000e-01 2.17774462e+08
5.94354000e-01 2.17700537e+08
5.94389000e-01 2.17719927e+08
5.94424000e-01 2.17678845e+08
5.94460000e-01 2.17725987e+08
5.94495000e-01 2.17732046e+08
5.94530000e-01 2.17772038e+08
5.94566000e-01 2.17872504e+08
5.94601000e-01 2.18004599e+08
5.94636000e-01 2.18207953e+08
5.94672000e-01 2.18222496e+08
5.94707000e-01 2.17485064e+08
5.94742000e-01 2.16913419e+08
5.94778000e-01 2.15997961e+08
5.94813000e-01 2.15106621e+08
5.94849000e-01 2.14492680e+08
5.94884000e-01 2.14600417e+08
5.94919000e-01 2.14432086e+08
5.94955000e-01 2.14585874e+08
5.94990000e-01 2.14476926e+08
5.95026000e-01 2.14481773e+08
5.95061000e-01 2.14459959e+08
5.95096000e-01 2.14080882e+08
5.95132000e-01 2.13261043e+08
5.95167000e-01 2.12220761e+08
5.95203000e-01 2.11086074e+08
5.95238000e-01 2.10784558e+08
5.95274000e-01 2.10848788e+08
5.95309000e-01 2.11817568e+08
5.95344000e-01 2.13164213e+08
5.95380000e-01 2.14432086e+08
5.95415000e-01 2.14893450e+08
5.95451000e-01 2.15322215e+08
5.95486000e-01 2.15112680e+08
5.95522000e-01 2.14241942e+08
5.95557000e-01 2.13588009e+08
5.95593000e-01 2.12849366e+08
5.95628000e-01 2.12059702e+08
5.95664000e-01 2.11807873e+08
5.95699000e-01 2.12671340e+08
5.95735000e-01 2.13428161e+08
5.95770000e-01 2.14280722e+08
5.95806000e-01 2.15164791e+08
5.95841000e-01 2.15551019e+08
5.95877000e-01 2.15434799e+08
5.95912000e-01 2.15214357e+08
5.95948000e-01 2.14985554e+08
5.95983000e-01 2.14568908e+08
5.96019000e-01 2.14134205e+08
5.96054000e-01 2.14291629e+08
5.96090000e-01 2.14629502e+08
5.96125000e-01 2.14980706e+08
5.96161000e-01 2.15541324e+08
5.96196000e-01 2.16387825e+08
5.96232000e-01 2.16689462e+08
5.96267000e-01 2.16846886e+08
5.96303000e-01 2.16960682e+08
5.96339000e-01 2.17108411e+08
5.96374000e-01 2.17219783e+08
5.96410000e-01 2.16993403e+08
5.96445000e-01 2.16620385e+08
5.96481000e-01 2.16346742e+08
5.96516000e-01 2.16249791e+08
5.96552000e-01 2.16110545e+08
5.96588000e-01 2.16271605e+08
5.96623000e-01 2.16524646e+08
5.96659000e-01 2.16725698e+08
5.96694000e-01 2.16831132e+08
5.96730000e-01 2.16930385e+08
5.96766000e-01 2.16984920e+08
5.96801000e-01 2.17015217e+08
5.96837000e-01 2.17085385e+08
5.96872000e-01 2.17081749e+08
5.96908000e-01 2.16963106e+08
5.96944000e-01 2.16984920e+08
5.96979000e-01 2.17371147e+08
5.97015000e-01 2.17755072e+08
5.97051000e-01 2.18200682e+08
5.97086000e-01 2.18745666e+08
5.97122000e-01 2.19153829e+08
5.97158000e-01 2.19323371e+08
5.97193000e-01 2.19457769e+08
5.97229000e-01 2.19536420e+08
5.97265000e-01 2.19603074e+08
5.97300000e-01 2.19600650e+08
5.97336000e-01 2.19386268e+08
5.97372000e-01 2.18032351e+08
5.97407000e-01 2.17021276e+08
5.97443000e-01 2.16827496e+08
5.97479000e-01 2.15712078e+08
5.97514000e-01 2.14198314e+08
5.97550000e-01 2.13273161e+08
5.97586000e-01 2.12506645e+08
5.97621000e-01 2.11828475e+08
5.97657000e-01 2.11270160e+08
5.97693000e-01 2.10307439e+08
5.97729000e-01 2.09992592e+08
5.97764000e-01 2.09678956e+08
5.97800000e-01 2.09360473e+08
5.97836000e-01 2.09126700e+08
5.97872000e-01 2.09278065e+08
5.97907000e-01 2.10212912e+08
5.97943000e-01 2.11311364e+08
5.97979000e-01 2.12488467e+08
5.98015000e-01 2.13847231e+08
5.98050000e-01 2.15576468e+08
5.98086000e-01 2.16679767e+08
5.98122000e-01 2.17550385e+08
5.98158000e-01 2.18207953e+08
5.98193000e-01 2.18612480e+08
5.98229000e-01 2.18674286e+08
5.98265000e-01 2.18659743e+08
5.98301000e-01 2.18499896e+08
5.98337000e-01 2.17893106e+08
5.98372000e-01 2.17219783e+08
5.98408000e-01 2.16382977e+08
5.98444000e-01 2.15522055e+08
5.98480000e-01 2.14842672e+08
5.98516000e-01 2.14568908e+08
5.98552000e-01 2.13919823e+08
5.98587000e-01 2.13169061e+08
5.98623000e-01 2.12433932e+08
5.98659000e-01 2.11710922e+08
5.98695000e-01 2.11101829e+08
5.98731000e-01 2.11049718e+08
5.98767000e-01 2.11172118e+08
5.98802000e-01 2.11333178e+08
5.98838000e-01 2.11677110e+08
5.98874000e-01 2.12498162e+08
5.98910000e-01 2.13298611e+08
5.98946000e-01 2.13884678e+08
5.98982000e-01 2.14159655e+08
5.99018000e-01 2.14118451e+08
5.99054000e-01 2.13694655e+08
5.99089000e-01 2.13649815e+08
5.99125000e-01 2.13868924e+08
5.99161000e-01 2.14378763e+08
5.99197000e-01 2.14961316e+08
5.99233000e-01 2.15340393e+08
5.99269000e-01 2.15243442e+08
5.99305000e-01 2.15081171e+08
5.99341000e-01 2.14924959e+08
5.99377000e-01 2.14790561e+08
5.99413000e-01 2.14720272e+08
5.99448000e-01 2.14658587e+08
5.99484000e-01 2.14733603e+08
5.99520000e-01 2.14895874e+08
5.99556000e-01 2.14682825e+08
5.99592000e-01 2.14294053e+08
5.99628000e-01 2.13804815e+08
5.99664000e-01 2.13172696e+08
5.99700000e-01 2.12470288e+08
5.99736000e-01 2.12197857e+08
5.99772000e-01 2.12220761e+08
5.99808000e-01 2.12375761e+08
5.99844000e-01 2.12552575e+08
5.99880000e-01 2.12683459e+08
5.99916000e-01 2.12719694e+08
5.99952000e-01 2.12639831e+08
5.99988000e-01 2.12574389e+08
6.00024000e-01 2.12526035e+08
6.00060000e-01 2.12741508e+08
6.00096000e-01 2.13383322e+08
6.00132000e-01 2.13689807e+08
6.00168000e-01 2.13923458e+08
6.00204000e-01 2.14145112e+08
6.00240000e-01 2.14118451e+08
6.00276000e-01 2.13740585e+08
6.00312000e-01 2.13726043e+08
6.00348000e-01 2.13734526e+08
6.00384000e-01 2.13468154e+08
6.00420000e-01 2.13144823e+08
6.00456000e-01 2.12857849e+08
6.00492000e-01 2.12568330e+08
6.00529000e-01 2.12271661e+08
6.00565000e-01 2.12029526e+08
6.00601000e-01 2.11684382e+08
6.00637000e-01 2.11084863e+08
6.00673000e-01 2.10754261e+08
6.00709000e-01 2.10102752e+08
6.00745000e-01 2.09526380e+08
6.00781000e-01 2.09123065e+08
6.00817000e-01 2.08813065e+08
6.00853000e-01 2.08122776e+08
6.00889000e-01 2.07849132e+08
6.00925000e-01 2.07971411e+08
6.00962000e-01 2.08174887e+08
6.00998000e-01 2.08506701e+08
6.01034000e-01 2.08930496e+08
6.01070000e-01 2.09222318e+08
6.01106000e-01 2.09270793e+08
6.01142000e-01 2.09230801e+08
6.01178000e-01 2.09135184e+08
6.01214000e-01 2.09156997e+08
6.01251000e-01 2.09766090e+08
6.01287000e-01 2.10415175e+08
6.01323000e-01 2.11049718e+08
6.01359000e-01 2.11782423e+08
6.01395000e-01 2.12465441e+08
6.01431000e-01 2.12613169e+08
6.01468000e-01 2.12534397e+08
6.01504000e-01 2.11690441e+08
6.01540000e-01 2.10514550e+08
6.01576000e-01 2.09343506e+08
6.01612000e-01 2.08334734e+08
6.01648000e-01 2.07564461e+08
6.01685000e-01 2.07695344e+08
6.01721000e-01 2.08483675e+08
6.01757000e-01 2.09315633e+08
6.01793000e-01 2.09963506e+08
6.01830000e-01 2.10390938e+08
6.01866000e-01 2.10118506e+08
6.01902000e-01 2.09295031e+08
6.01938000e-01 2.08415809e+08
6.01974000e-01 2.07507623e+08
6.02011000e-01 2.06529148e+08
6.02047000e-01 2.06602952e+08
6.02083000e-01 2.06996572e+08
6.02119000e-01 2.07482174e+08
6.02156000e-01 2.08046427e+08
6.02192000e-01 2.08730657e+08
6.02228000e-01 2.08469132e+08
6.02265000e-01 2.07658988e+08
6.02301000e-01 2.06760376e+08
6.02337000e-01 2.05882366e+08
6.02373000e-01 2.05321748e+08
6.02410000e-01 2.05767358e+08
6.02446000e-01 2.06680513e+08
6.02482000e-01 2.07574156e+08
6.02518000e-01 2.08503065e+08
6.02555000e-01 2.09189718e+08
6.02591000e-01 2.09252615e+08
6.02627000e-01 2.09293819e+08
6.02664000e-01 2.09382166e+08
6.02700000e-01 2.09350778e+08
6.02736000e-01 2.09411251e+08
6.02773000e-01 2.09924726e+08
6.02809000e-01 2.10300168e+08
6.02845000e-01 2.10288049e+08
6.02882000e-01 2.10204429e+08
6.02918000e-01 2.10001075e+08
6.02954000e-01 2.09395496e+08
6.02991000e-01 2.08884445e+08
6.03027000e-01 2.08764589e+08
6.03064000e-01 2.08983819e+08
6.03100000e-01 2.09598972e+08
6.03136000e-01 2.10238362e+08
6.03173000e-01 2.10897142e+08
6.03209000e-01 2.11574100e+08
6.03245000e-01 2.11950754e+08
6.03282000e-01 2.11832110e+08
6.03318000e-01 2.11813932e+08
6.03355000e-01 2.12221973e+08
6.03391000e-01 2.12957102e+08
6.03427000e-01 2.13858138e+08
6.03464000e-01 2.14826918e+08
6.03500000e-01 2.15615248e+08
6.03537000e-01 2.15941003e+08
6.03573000e-01 2.15933732e+08
6.03610000e-01 2.15841750e+08
6.03646000e-01 2.15709654e+08
6.03682000e-01 2.15576468e+08
6.03719000e-01 2.15457825e+08
6.03755000e-01 2.15385112e+08
6.03792000e-01 2.15365722e+08
6.03828000e-01 2.15318579e+08
6.03865000e-01 2.15270104e+08
6.03901000e-01 2.15266468e+08
6.03938000e-01 2.15261621e+08
6.03974000e-01 2.15202238e+08
6.04011000e-01 2.15164791e+08
6.04047000e-01 2.15119951e+08
6.04084000e-01 2.15086019e+08
6.04120000e-01 2.15096926e+08
6.04157000e-01 2.15111468e+08
6.04193000e-01 2.15115104e+08
6.04230000e-01 2.15009791e+08
6.04266000e-01 2.14824494e+08
6.04303000e-01 2.14636773e+08
6.04339000e-01 2.14476926e+08
6.04376000e-01 2.14340104e+08
6.04412000e-01 2.14308595e+08
6.04449000e-01 2.14315866e+08
6.04485000e-01 2.14297688e+08
6.04522000e-01 2.14248001e+08
6.04558000e-01 2.14211644e+08
6.04595000e-01 2.14214068e+08
6.04631000e-01 2.14204373e+08
6.04668000e-01 2.14186316e+08
6.04705000e-01 2.14158443e+08
6.04741000e-01 2.14145112e+08
6.04778000e-01 2.14199526e+08
6.04814000e-01 2.14298900e+08
6.04851000e-01 2.14421179e+08
6.04888000e-01 2.14566484e+08
6.04924000e-01 2.14667070e+08
6.04961000e-01 2.14673130e+08
6.04997000e-01 2.14710577e+08
6.05034000e-01 2.14762688e+08
6.05070000e-01 2.14801468e+08
6.05107000e-01 2.14808740e+08
6.05144000e-01 2.14809952e+08
6.05180000e-01 2.14785714e+08
6.05217000e-01 2.14664647e+08
6.05254000e-01 2.14474502e+08
6.05290000e-01 2.14331621e+08
6.05327000e-01 2.14215280e+08
6.05364000e-01 2.14109967e+08
6.05400000e-01 2.14014350e+08
6.05437000e-01 2.13552864e+08
6.05473000e-01 2.12883177e+08
6.05510000e-01 2.12252270e+08
6.05547000e-01 2.11606821e+08
6.05583000e-01 2.11028025e+08
6.05620000e-01 2.10908049e+08
6.05657000e-01 2.10992881e+08
6.05694000e-01 2.10990457e+08
6.05730000e-01 2.11032873e+08
6.05767000e-01 2.11173330e+08
6.05804000e-01 2.11345296e+08
6.05840000e-01 2.11529382e+08
6.05877000e-01 2.11709710e+08
6.05914000e-01 2.11747278e+08
6.05950000e-01 2.11925304e+08
6.05987000e-01 2.12498162e+08
6.06024000e-01 2.13142399e+08
6.06061000e-01 2.13846019e+08
6.06097000e-01 2.14644045e+08
6.06134000e-01 2.15065417e+08
6.06171000e-01 2.15003732e+08
6.06208000e-01 2.14934654e+08
6.06244000e-01 2.14868001e+08
6.06281000e-01 2.14802680e+08
6.06318000e-01 2.14805104e+08
6.06355000e-01 2.14688884e+08
6.06391000e-01 2.13757551e+08
6.06428000e-01 2.12376973e+08
6.06465000e-01 2.11164847e+08
6.06502000e-01 2.10053065e+08
6.06538000e-01 2.09087920e+08
6.06575000e-01 2.08802158e+08
6.06612000e-01 2.08908682e+08
6.06649000e-01 2.08978972e+08
6.06686000e-01 2.09133972e+08
6.06722000e-01 2.09314421e+08
6.06759000e-01 2.09544437e+08
6.06796000e-01 2.09835168e+08
6.06833000e-01 2.10070031e+08
6.06870000e-01 2.10135473e+08
6.06907000e-01 2.10638041e+08
6.06943000e-01 2.11881676e+08
6.06980000e-01 2.13246500e+08
6.07017000e-01 2.14583450e+08
6.07054000e-01 2.15966452e+08
6.07091000e-01 2.16814165e+08
6.07128000e-01 2.16983708e+08
6.07165000e-01 2.17041757e+08
6.07201000e-01 2.17109623e+08
6.07238000e-01 2.17181124e+08
6.07275000e-01 2.17230690e+08
6.07312000e-01 2.17241597e+08
6.07349000e-01 2.17231902e+08
6.07386000e-01 2.17206452e+08
6.07423000e-01 2.17181124e+08
6.07460000e-01 2.17138708e+08
6.07497000e-01 2.17059935e+08
6.07533000e-01 2.16981284e+08
6.07570000e-01 2.16912207e+08
6.07607000e-01 2.16829920e+08
6.07644000e-01 2.16695401e+08
6.07681000e-01 2.16157809e+08
6.07718000e-01 2.15164791e+08
6.07755000e-01 2.14003443e+08
6.07792000e-01 2.12787560e+08
6.07829000e-01 2.11626211e+08
6.07866000e-01 2.10882599e+08
6.07903000e-01 2.10587142e+08
6.07940000e-01 2.10432142e+08
6.07977000e-01 2.10303803e+08
6.08014000e-01 2.10173041e+08
6.08051000e-01 2.10077302e+08
6.08088000e-01 2.09893217e+08
6.08125000e-01 2.09476692e+08
6.08161000e-01 2.08930496e+08
6.08199000e-01 2.08609589e+08
6.08236000e-01 2.08610801e+08
6.08273000e-01 2.08928073e+08
6.08310000e-01 2.09618362e+08
6.08346000e-01 2.10278354e+08
6.08384000e-01 2.10545938e+08
6.08421000e-01 2.10503643e+08
6.08458000e-01 2.10180312e+08
6.08495000e-01 2.09654718e+08
6.08532000e-01 2.09374894e+08
6.08569000e-01 2.09247768e+08
6.08606000e-01 2.09095191e+08
6.08643000e-01 2.09207775e+08
6.08680000e-01 2.09517897e+08
6.08717000e-01 2.09768514e+08
6.08754000e-01 2.10147591e+08
6.08791000e-01 2.10507279e+08
6.08828000e-01 2.10560480e+08
6.08865000e-01 2.10588354e+08
6.08902000e-01 2.10783346e+08
6.08939000e-01 2.10847576e+08
6.08976000e-01 2.10963795e+08
6.09013000e-01 2.11268948e+08
6.09051000e-01 2.11419100e+08
6.09088000e-01 2.11381532e+08
6.09125000e-01 2.11338025e+08
6.09162000e-01 2.11258041e+08
6.09199000e-01 2.11019542e+08
6.09236000e-01 2.10746989e+08
6.09273000e-01 2.10429718e+08
6.09310000e-01 2.10234726e+08
6.09347000e-01 2.10267447e+08
6.09385000e-01 2.10545938e+08
6.09422000e-01 2.11023178e+08
6.09459000e-01 2.11616516e+08
6.09496000e-01 2.11947118e+08
6.09533000e-01 2.11978627e+08
6.09570000e-01 2.12030738e+08
6.09607000e-01 2.12013772e+08
6.09645000e-01 2.11945906e+08
6.09682000e-01 2.12018619e+08
6.09719000e-01 2.12335890e+08
6.09756000e-01 2.12664069e+08
6.09793000e-01 2.13045448e+08
6.09830000e-01 2.13485120e+08
6.09868000e-01 2.13891949e+08
6.09905000e-01 2.14126934e+08
6.09942000e-01 2.14209221e+08
6.09979000e-01 2.14147536e+08
6.10016000e-01 2.14113603e+08
6.10054000e-01 2.13824205e+08
6.10091000e-01 2.12817857e+08
6.10128000e-01 2.11237439e+08
6.10165000e-01 2.09451243e+08
6.10203000e-01 2.07542647e+08
6.10240000e-01 2.05980528e+08
6.10277000e-01 2.05199469e+08
6.10314000e-01 2.04999629e+08
6.10352000e-01 2.04975392e+08
6.10389000e-01 2.04934188e+08
6.10426000e-01 2.04794942e+08
6.10463000e-01 2.04590255e+08
6.10501000e-01 2.04243899e+08
6.10538000e-01 2.03759509e+08
6.10575000e-01 2.03224219e+08
6.10612000e-01 2.03042679e+08
6.10650000e-01 2.03334501e+08
6.10687000e-01 2.04074356e+08
6.10724000e-01 2.05424637e+08
6.10762000e-01 2.06960215e+08
6.10799000e-01 2.08107021e+08
6.10836000e-01 2.08779132e+08
6.10874000e-01 2.09227166e+08
6.10911000e-01 2.09407615e+08
6.10948000e-01 2.09443972e+08
6.10986000e-01 2.09367744e+08
6.11023000e-01 2.09434277e+08
6.11060000e-01 2.09530015e+08
6.11098000e-01 2.09749124e+08
6.11135000e-01 2.10142744e+08
6.11172000e-01 2.10778498e+08
6.11210000e-01 2.11598338e+08
6.11247000e-01 2.12429084e+08
6.11284000e-01 2.13017696e+08
6.11322000e-01 2.13509358e+08
6.11359000e-01 2.13865288e+08
6.11396000e-01 2.13902856e+08
6.11434000e-01 2.13637696e+08
6.11471000e-01 2.13205296e+08
6.11509000e-01 2.12758474e+08
6.11546000e-01 2.12251059e+08
6.11583000e-01 2.11811508e+08
6.11621000e-01 2.11620152e+08
6.11658000e-01 2.11709710e+08
6.11696000e-01 2.11995593e+08
6.11733000e-01 2.12423025e+08
6.11770000e-01 2.12756051e+08
6.11808000e-01 2.12935288e+08
6.11845000e-01 2.12936500e+08
6.11883000e-01 2.12728177e+08
6.11920000e-01 2.12334679e+08
6.11958000e-01 2.12092423e+08
6.11995000e-01 2.12155441e+08
6.12033000e-01 2.12106965e+08
6.12070000e-01 2.11421524e+08
6.12108000e-01 2.10469710e+08
6.12145000e-01 2.09546861e+08
6.12182000e-01 2.08478827e+08
6.12220000e-01 2.07574156e+08
6.12257000e-01 2.07288394e+08
6.12295000e-01 2.07365954e+08
6.12332000e-01 2.07128546e+08
6.12370000e-01 2.06674453e+08
6.12407000e-01 2.06354758e+08
6.12445000e-01 2.06008402e+08
6.12482000e-01 2.05554188e+08
6.12520000e-01 2.05209164e+08
6.12557000e-01 2.05228433e+08
6.12595000e-01 2.05806138e+08
6.12632000e-01 2.06527936e+08
6.12670000e-01 2.06957792e+08
6.12708000e-01 2.07562037e+08
6.12745000e-01 2.07996861e+08
6.12783000e-01 2.07415520e+08
6.12820000e-01 2.06395841e+08
6.12858000e-01 2.06170673e+08
6.12895000e-01 2.06188851e+08
6.12933000e-01 2.06242053e+08
6.12970000e-01 2.06627190e+08
6.13008000e-01 2.07088554e+08
6.13046000e-01 2.06889926e+08
6.13083000e-01 2.06466130e+08
6.13121000e-01 2.05978105e+08
6.13158000e-01 2.05974469e+08
6.13196000e-01 2.06799156e+08
6.13234000e-01 2.07964140e+08
6.13271000e-01 2.08882021e+08
6.13309000e-01 2.10125778e+08
6.13346000e-01 2.11235015e+08
6.13384000e-01 2.11890159e+08
6.13422000e-01 2.12489678e+08
6.13459000e-01 2.12975280e+08
6.13497000e-01 2.12266813e+08
6.13535000e-01 2.10429718e+08
6.13572000e-01 2.08360184e+08
6.13610000e-01 2.05740697e+08
6.13648000e-01 2.02814966e+08
6.13685000e-01 2.00877406e+08
6.13723000e-01 1.99660311e+08
6.13761000e-01 1.98669717e+08
6.13798000e-01 1.98359717e+08
6.13836000e-01 1.98669717e+08
6.13874000e-01 1.98855014e+08
6.13911000e-01 1.99062004e+08
6.13949000e-01 1.99036675e+08
6.13987000e-01 1.98190175e+08
6.14024000e-01 1.97143834e+08
6.14062000e-01 1.96993681e+08
6.14100000e-01 1.97235816e+08
6.14137000e-01 1.98457759e+08
6.14175000e-01 2.00973024e+08
6.14213000e-01 2.03708731e+08
6.14251000e-01 2.05695978e+08
6.14288000e-01 2.07262944e+08
6.14326000e-01 2.07622631e+08
6.14364000e-01 2.06940825e+08
6.14402000e-01 2.06129469e+08
6.14439000e-01 2.05212679e+08
6.14477000e-01 2.04195544e+08
6.14515000e-01 2.03949653e+08
6.14553000e-01 2.04633883e+08
6.14590000e-01 2.05408883e+08
6.14628000e-01 2.06116138e+08
6.14666000e-01 2.07057045e+08
6.14704000e-01 2.07698980e+08
6.14742000e-01 2.07645657e+08
6.14779000e-01 2.07126122e+08
6.14817000e-01 2.06593257e+08
6.14855000e-01 2.06386146e+08
6.14893000e-01 2.06439469e+08
6.14930000e-01 2.06722807e+08
6.14968000e-01 2.07258096e+08
6.15006000e-01 2.07987166e+08
6.15044000e-01 2.08099750e+08
6.15082000e-01 2.07782479e+08
6.15120000e-01 2.07589910e+08
6.15157000e-01 2.07806716e+08
6.15195000e-01 2.08417021e+08
6.15233000e-01 2.09138819e+08
6.15271000e-01 2.09919878e+08
6.15309000e-01 2.10549573e+08
6.15347000e-01 2.10364398e+08
6.15385000e-01 2.09437912e+08
6.15422000e-01 2.08677455e+08
6.15460000e-01 2.07850344e+08
6.15498000e-01 2.06940825e+08
6.15536000e-01 2.06650215e+08
6.15574000e-01 2.07127334e+08
6.15612000e-01 2.07317479e+08
6.15650000e-01 2.07226587e+08
6.15688000e-01 2.07287182e+08
6.15726000e-01 2.07074011e+08
6.15764000e-01 2.06381298e+08
6.15801000e-01 2.05727366e+08
6.15839000e-01 2.05513105e+08
6.15877000e-01 2.05703249e+08
6.15915000e-01 2.06142800e+08
6.15953000e-01 2.06397053e+08
6.15991000e-01 2.06278409e+08
6.16029000e-01 2.05584485e+08
6.16067000e-01 2.03288449e+08
6.16105000e-01 2.00354236e+08
6.16143000e-01 1.98377895e+08
6.16181000e-01 1.96750214e+08
6.16219000e-01 1.94841739e+08
6.16257000e-01 1.93733592e+08
6.16295000e-01 1.93595559e+08
6.16333000e-01 1.93251626e+08
6.16371000e-01 1.92715246e+08
6.16409000e-01 1.92477838e+08
6.16447000e-01 1.92693432e+08
6.16485000e-01 1.92654652e+08
6.16523000e-01 1.92118151e+08
6.16561000e-01 1.92609812e+08
6.16599000e-01 1.94702494e+08
6.16637000e-01 1.97140198e+08
6.16675000e-01 1.99162590e+08
6.16713000e-01 2.01493770e+08
6.16751000e-01 2.03105576e+08
6.16789000e-01 2.03051041e+08
6.16827000e-01 2.01892117e+08
6.16865000e-01 2.00679990e+08
6.16903000e-01 1.99229123e+08
6.16941000e-01 1.97898232e+08
6.16979000e-01 1.96986410e+08
6.17017000e-01 1.97181402e+08
6.17055000e-01 1.97883810e+08
6.17094000e-01 1.98651539e+08
6.17132000e-01 1.99036675e+08
6.17170000e-01 1.99100784e+08
6.17208000e-01 1.98139275e+08
6.17246000e-01 1.97136563e+08
6.17284000e-01 1.96609757e+08
6.17322000e-01 1.97222606e+08
6.17360000e-01 1.98403224e+08
6.17398000e-01 2.00247590e+08
6.17436000e-01 2.02282101e+08
6.17475000e-01 2.04086475e+08
6.17513000e-01 2.04775552e+08
6.17551000e-01 2.04894196e+08
6.17589000e-01 2.04824027e+08
6.17627000e-01 2.04392839e+08
6.17665000e-01 2.03707519e+08
6.17703000e-01 2.03605721e+08
6.17742000e-01 2.04226932e+08
6.17780000e-01 2.04929340e+08
6.17818000e-01 2.05414942e+08
6.17856000e-01 2.05597815e+08
6.17894000e-01 2.05330231e+08
6.17932000e-01 2.05079493e+08
6.17971000e-01 2.05056467e+08
6.18009000e-01 2.05042045e+08
6.18047000e-01 2.05634172e+08
6.18085000e-01 2.06556900e+08
6.18123000e-01 2.07177021e+08
6.18162000e-01 2.07732791e+08
6.18200000e-01 2.08433988e+08
6.18238000e-01 2.08914742e+08
6.18276000e-01 2.09109734e+08
6.18314000e-01 2.09229589e+08
6.18353000e-01 2.09286548e+08
6.18391000e-01 2.09676532e+08
6.18429000e-01 2.10283201e+08
6.18467000e-01 2.10848788e+08
6.18506000e-01 2.11322271e+08
6.18544000e-01 2.11714557e+08
6.18582000e-01 2.11710922e+08
6.18620000e-01 2.11244710e+08
6.18659000e-01 2.10484253e+08
6.18697000e-01 2.09904124e+08
6.18735000e-01 2.09496083e+08
6.18774000e-01 2.09021388e+08
6.18812000e-01 2.08792463e+08
6.18850000e-01 2.08895352e+08
6.18888000e-01 2.08884445e+08
6.18927000e-01 2.08538088e+08
6.18965000e-01 2.07350200e+08
6.19003000e-01 2.05268425e+08
6.19042000e-01 2.03235126e+08
6.19080000e-01 2.01474380e+08
6.19118000e-01 1.99963040e+08
6.19157000e-01 1.99604564e+08
6.19195000e-01 2.00331210e+08
6.19233000e-01 2.00878618e+08
6.19272000e-01 2.01187406e+08
6.19310000e-01 2.01594235e+08
6.19348000e-01 2.01649982e+08
6.19387000e-01 2.01413786e+08
6.19425000e-01 2.01100150e+08
6.19464000e-01 2.00824083e+08
6.19502000e-01 2.01263634e+08
6.19540000e-01 2.02581194e+08
6.19579000e-01 2.04308128e+08
6.19617000e-01 2.06295376e+08
6.19656000e-01 2.08243843e+08
6.19694000e-01 2.09376106e+08
6.19732000e-01 2.09595336e+08
6.19771000e-01 2.09428217e+08
6.19809000e-01 2.09184871e+08
6.19848000e-01 2.08685938e+08
6.19886000e-01 2.07763089e+08
6.19924000e-01 2.07052197e+08
6.19963000e-01 2.06400689e+08
6.20001000e-01 2.05819469e+08
6.20040000e-01 2.05499774e+08
6.20078000e-01 2.05615994e+08
6.20117000e-01 2.05542190e+08
6.20155000e-01 2.05462206e+08
6.20193000e-01 2.05321748e+08
6.20232000e-01 2.05134027e+08
6.20270000e-01 2.05008113e+08
6.20309000e-01 2.04940247e+08
6.20347000e-01 2.04801002e+08
6.20386000e-01 2.05184927e+08
6.20424000e-01 2.05944172e+08
6.20463000e-01 2.06794308e+08
6.20501000e-01 2.07608089e+08
6.20540000e-01 2.08463073e+08
6.20578000e-01 2.08855481e+08
6.20617000e-01 2.08974124e+08
6.20655000e-01 2.08995938e+08
6.20694000e-01 2.09003209e+08
6.20732000e-01 2.08997150e+08
6.20771000e-01 2.08877173e+08
6.20810000e-01 2.08776708e+08
6.20848000e-01 2.08712478e+08
6.20887000e-01 2.08650794e+08
6.20925000e-01 2.08897776e+08
6.20964000e-01 2.09234437e+08
6.21002000e-01 2.09477904e+08
6.21041000e-01 2.09672897e+08
6.21079000e-01 2.09858194e+08
6.21118000e-01 2.10015617e+08
6.21157000e-01 2.09775785e+08
6.21195000e-01 2.08860328e+08
6.21234000e-01 2.08067029e+08
6.21272000e-01 2.07335657e+08
6.21311000e-01 2.06575079e+08
6.21350000e-01 2.05917510e+08
6.21388000e-01 2.05521588e+08
6.21427000e-01 2.05152206e+08
6.21465000e-01 2.04672663e+08
6.21504000e-01 2.04045392e+08
6.21543000e-01 2.03792229e+08
6.21581000e-01 2.04027214e+08
6.21620000e-01 2.04048906e+08
6.21659000e-01 2.03885423e+08
6.21697000e-01 2.04511604e+08
6.21736000e-01 2.05221162e+08
6.21775000e-01 2.05381009e+08
6.21813000e-01 2.05452511e+08
6.21852000e-01 2.05669317e+08
6.21891000e-01 2.05444027e+08
6.21929000e-01 2.04810697e+08
6.21968000e-01 2.04580560e+08
6.22007000e-01 2.04367511e+08
6.22045000e-01 2.04199180e+08
6.22084000e-01 2.03907237e+08
6.22123000e-01 2.03617839e+08
6.22161000e-01 2.03422847e+08
6.22200000e-01 2.03313899e+08
6.22239000e-01 2.03030560e+08
6.22278000e-01 2.02914219e+08
6.22316000e-01 2.03286026e+08
6.22355000e-01 2.03846764e+08
6.22394000e-01 2.04511604e+08
6.22432000e-01 2.05745544e+08
6.22471000e-01 2.06765223e+08
6.22510000e-01 2.07318691e+08
6.22549000e-01 2.07914453e+08
6.22588000e-01 2.08678667e+08
6.22626000e-01 2.09152150e+08
6.22665000e-01 2.09572310e+08
6.22704000e-01 2.09933209e+08
6.22743000e-01 2.09870191e+08
6.22781000e-01 2.09293819e+08
6.22820000e-01 2.08787615e+08
6.22859000e-01 2.08117928e+08
6.22898000e-01 2.06938401e+08
6.22937000e-01 2.04928128e+08
6.22975000e-01 2.03450721e+08
6.23014000e-01 2.01922414e+08
6.23053000e-01 2.00701804e+08
6.23092000e-01 1.99833489e+08
6.23131000e-01 1.99398665e+08
6.23169000e-01 1.98873192e+08
6.23208000e-01 1.98305182e+08
6.23247000e-01 1.97463529e+08
6.23286000e-01 1.97216547e+08
6.23325000e-01 1.97760198e+08
6.23364000e-01 1.98152606e+08
6.23403000e-01 1.98185327e+08
6.23441000e-01 1.99179557e+08
6.23480000e-01 2.00546804e+08
6.23519000e-01 2.01858305e+08
6.23558000e-01 2.02747101e+08
6.23597000e-01 2.03149204e+08
6.23636000e-01 2.03433754e+08
6.23675000e-01 2.03162535e+08
6.23714000e-01 2.02575134e+08
6.23753000e-01 2.02469822e+08
6.23791000e-01 2.03108000e+08
6.23830000e-01 2.02897253e+08
6.23869000e-01 2.02089532e+08
6.23908000e-01 2.00917277e+08
6.23947000e-01 1.99929107e+08
6.23986000e-01 1.99233970e+08
6.24025000e-01 1.98610335e+08
6.24064000e-01 1.98213200e+08
6.24103000e-01 1.98951844e+08
6.24142000e-01 1.99529549e+08
6.24181000e-01 1.99691820e+08
6.24220000e-01 1.99871058e+08
6.24259000e-01 1.99697879e+08
6.24298000e-01 1.98663658e+08
6.24337000e-01 1.97651250e+08
6.24376000e-01 1.96785359e+08
6.24415000e-01 1.96199292e+08
6.24454000e-01 1.96223529e+08
6.24493000e-01 1.95873537e+08
6.24532000e-01 1.95628858e+08
6.24571000e-01 1.95281289e+08
6.24610000e-01 1.94170840e+08
6.24649000e-01 1.93174187e+08
6.24688000e-01 1.93057967e+08
6.24727000e-01 1.92752693e+08
6.24766000e-01 1.92979195e+08
6.24805000e-01 1.94495383e+08
6.24844000e-01 1.96228256e+08
6.24883000e-01 1.97858361e+08
6.24922000e-01 1.99613048e+08
6.24961000e-01 2.00844685e+08
6.25000000e-01 2.02061659e+08
6.25039000e-01 2.03192832e+08
6.25078000e-01 2.03759509e+08
6.25117000e-01 2.03639653e+08
6.25156000e-01 2.04254806e+08
6.25195000e-01 2.04007824e+08
6.25234000e-01 2.02715592e+08
6.25274000e-01 2.01112269e+08
6.25313000e-01 2.00233047e+08
6.25352000e-01 1.98800479e+08
6.25391000e-01 1.97496250e+08
6.25430000e-01 1.96904002e+08
6.25469000e-01 1.96819291e+08
6.25508000e-01 1.95877173e+08
6.25547000e-01 1.95089933e+08
6.25586000e-01 1.93956458e+08
6.25626000e-01 1.93656153e+08
6.25665000e-01 1.93795398e+08
6.25704000e-01 1.94307662e+08
6.25743000e-01 1.94226587e+08
6.25782000e-01 1.95603408e+08
6.25821000e-01 1.96669139e+08
6.25861000e-01 1.97825640e+08
6.25900000e-01 1.99333345e+08
6.25939000e-01 2.01025135e+08
6.25978000e-01 2.01071065e+08
6.26017000e-01 2.01442871e+08
6.26057000e-01 2.01907871e+08
6.26096000e-01 2.02297855e+08
6.26135000e-01 2.02795576e+08
6.26174000e-01 2.04115560e+08
6.26213000e-01 2.04660544e+08
6.26253000e-01 2.05096459e+08
6.26292000e-01 2.05727366e+08
6.26331000e-01 2.06200970e+08
6.26370000e-01 2.05499774e+08
6.26409000e-01 2.05021443e+08
6.26449000e-01 2.04245110e+08
6.26488000e-01 2.03592390e+08
6.26527000e-01 2.03378129e+08
6.26566000e-01 2.03982374e+08
6.26606000e-01 2.04210087e+08
6.26645000e-01 2.04332366e+08
6.26684000e-01 2.04217237e+08
6.26723000e-01 2.03869790e+08
6.26763000e-01 2.03732847e+08
6.26802000e-01 2.03577847e+08
6.26841000e-01 2.03016018e+08
6.26881000e-01 2.02835568e+08
6.26920000e-01 2.03339348e+08
6.26959000e-01 2.03645713e+08
6.26999000e-01 2.03912085e+08
6.27038000e-01 2.04737984e+08
6.27077000e-01 2.05061314e+08
6.27117000e-01 2.04694477e+08
6.27156000e-01 2.04505544e+08
6.27195000e-01 2.04604798e+08
6.27234000e-01 2.04685994e+08
6.27274000e-01 2.04719805e+08
6.27313000e-01 2.04866443e+08
6.27353000e-01 2.04781612e+08
6.27392000e-01 2.05045560e+08
6.27431000e-01 2.05490079e+08
6.27471000e-01 2.05975681e+08
6.27510000e-01 2.06617495e+08
6.27549000e-01 2.07394918e+08
6.27589000e-01 2.07684437e+08
6.27628000e-01 2.07789750e+08
6.27668000e-01 2.07968988e+08
6.27707000e-01 2.07981106e+08
6.27746000e-01 2.07815200e+08
6.27786000e-01 2.07553554e+08
6.27825000e-01 2.07166114e+08
6.27865000e-01 2.06605376e+08
6.27904000e-01 2.05544493e+08
6.27943000e-01 2.04437679e+08
6.27983000e-01 2.03610568e+08
6.28022000e-01 2.02949364e+08
6.28062000e-01 2.02352390e+08
6.28101000e-01 2.02221507e+08
6.28141000e-01 2.02196178e+08
6.28180000e-01 2.02071354e+08
6.28220000e-01 2.01930897e+08
6.28259000e-01 2.01882543e+08
6.28299000e-01 2.01870424e+08
6.28338000e-01 2.02035119e+08
6.28378000e-01 2.02014517e+08
6.28417000e-01 2.02356026e+08
6.28457000e-01 2.03160111e+08
6.28496000e-01 2.04058602e+08
6.28536000e-01 2.04785247e+08
6.28575000e-01 2.05637808e+08
6.28615000e-01 2.06127045e+08
6.28654000e-01 2.06252960e+08
6.28694000e-01 2.06300223e+08
6.28733000e-01 2.06357182e+08
6.28773000e-01 2.06438257e+08
6.28812000e-01 2.06589621e+08
6.28852000e-01 2.06602952e+08
6.28891000e-01 2.06540055e+08
6.28931000e-01 2.06256596e+08
6.28970000e-01 2.05685071e+08
6.29010000e-01 2.05257518e+08
6.29049000e-01 2.04916009e+08
6.29089000e-01 2.04579348e+08
6.29129000e-01 2.04486154e+08
6.29168000e-01 2.04695689e+08
6.29208000e-01 2.04723441e+08
6.29247000e-01 2.04639942e+08
6.29287000e-01 2.04633883e+08
6.29327000e-01 2.04630247e+08
6.29366000e-01 2.04569653e+08
6.29406000e-01 2.04493426e+08
6.29445000e-01 2.04447374e+08
6.29485000e-01 2.04593891e+08
6.29525000e-01 2.04855536e+08
6.29564000e-01 2.05135239e+08
6.29604000e-01 2.05186138e+08
6.29644000e-01 2.04642366e+08
6.29683000e-01 2.04131315e+08
6.29723000e-01 2.03534341e+08
6.29763000e-01 2.02968754e+08
6.29802000e-01 2.02577558e+08
6.29842000e-01 2.02807695e+08
6.29882000e-01 2.02706018e+08
6.29921000e-01 2.02473457e+08
6.29961000e-01 2.01789228e+08
6.30001000e-01 2.00329998e+08
6.30040000e-01 1.99160166e+08
6.30080000e-01 1.97743232e+08
6.30120000e-01 1.95614315e+08
6.30159000e-01 1.94846587e+08
6.30199000e-01 1.95269171e+08
6.30239000e-01 1.95363697e+08
6.30279000e-01 1.95728111e+08
6.30318000e-01 1.97028826e+08
6.30358000e-01 1.97378818e+08
6.30398000e-01 1.97388513e+08
6.30438000e-01 1.97388513e+08
6.30477000e-01 1.97108689e+08
6.30517000e-01 1.97685182e+08
6.30557000e-01 1.98621242e+08
6.30596000e-01 1.99554877e+08
6.30636000e-01 2.01214067e+08
6.30676000e-01 2.03457992e+08
6.30716000e-01 2.04741619e+08
6.30756000e-01 2.05752815e+08
6.30795000e-01 2.06863386e+08
6.30835000e-01 2.07140665e+08
6.30875000e-01 2.07104308e+08
6.30915000e-01 2.07140665e+08
6.30955000e-01 2.07124910e+08
6.30994000e-01 2.06916588e+08
6.31034000e-01 2.06931130e+08
6.31074000e-01 2.06979606e+08
6.31114000e-01 2.06939613e+08
6.31154000e-01 2.06926283e+08
6.31194000e-01 2.07135817e+08
6.31233000e-01 2.07225376e+08
6.31273000e-01 2.07030505e+08
6.31313000e-01 2.05962350e+08
6.31353000e-01 2.04864020e+08
6.31393000e-01 2.02894829e+08
6.31433000e-01 2.00885768e+08
6.31473000e-01 1.99275174e+08
6.31512000e-01 1.98764123e+08
6.31552000e-01 1.98272461e+08
6.31592000e-01 1.98514717e+08
6.31632000e-01 1.98342751e+08
6.31672000e-01 1.97333978e+08
6.31712000e-01 1.95869901e+08
6.31752000e-01 1.93985543e+08
6.31792000e-01 1.91410895e+08
6.31832000e-01 1.90169684e+08
6.31872000e-01 1.89652573e+08
6.31911000e-01 1.90071521e+08
6.31951000e-01 1.91416955e+08
6.31991000e-01 1.93607678e+08
6.32031000e-01 1.94925238e+08
6.32071000e-01 1.95941281e+08
6.32111000e-01 1.95511426e+08
6.32151000e-01 1.94563248e+08
6.32191000e-01 1.94168416e+08
6.32231000e-01 1.94375527e+08
6.32271000e-01 1.95100840e+08
6.32311000e-01 1.97085663e+08
6.32351000e-01 1.99087453e+08
6.32391000e-01 2.00372414e+08
6.32431000e-01 2.01152261e+08
6.32471000e-01 2.01819525e+08
6.32511000e-01 2.01975737e+08
6.32551000e-01 2.01811042e+08
6.32591000e-01 2.01316956e+08
6.32631000e-01 2.01304838e+08
6.32671000e-01 2.01631804e+08
6.32711000e-01 2.02021788e+08
6.32751000e-01 2.02892406e+08
6.32791000e-01 2.04034485e+08
6.32831000e-01 2.04523723e+08
6.32871000e-01 2.04488578e+08
6.32911000e-01 2.04384356e+08
6.32951000e-01 2.04137374e+08
6.32992000e-01 2.03903602e+08
6.33032000e-01 2.03549974e+08
6.33072000e-01 2.03186772e+08
6.33112000e-01 2.02864653e+08
6.33152000e-01 2.02934822e+08
6.33192000e-01 2.03092245e+08
6.33232000e-01 2.03476170e+08
6.33272000e-01 2.03939958e+08
6.33312000e-01 2.04252382e+08
6.33352000e-01 2.03939958e+08
6.33392000e-01 2.02633305e+08
6.33433000e-01 2.01676644e+08
6.33473000e-01 2.00848321e+08
6.33513000e-01 1.99580327e+08
6.33553000e-01 1.98299123e+08
6.33593000e-01 1.98353658e+08
6.33633000e-01 1.98193810e+08
6.33673000e-01 1.97909139e+08
6.33714000e-01 1.97802614e+08
6.33754000e-01 1.97338826e+08
6.33794000e-01 1.96657020e+08
6.33834000e-01 1.95789917e+08
6.33874000e-01 1.94584941e+08
6.33914000e-01 1.94664925e+08
6.33955000e-01 1.95699147e+08
6.33995000e-01 1.96361563e+08
6.34035000e-01 1.97079604e+08
6.34075000e-01 1.98790784e+08
6.34115000e-01 1.99566996e+08
6.34156000e-01 1.99935166e+08
6.34196000e-01 2.00300913e+08
6.34236000e-01 2.00176210e+08
6.34276000e-01 1.99453200e+08
6.34317000e-01 1.99003955e+08
6.34357000e-01 1.98713345e+08
6.34397000e-01 1.98590945e+08
6.34437000e-01 1.98899733e+08
6.34477000e-01 1.99166226e+08
6.34518000e-01 1.98946996e+08
6.34558000e-01 1.98354870e+08
6.34598000e-01 1.97913986e+08
6.34639000e-01 1.97588232e+08
6.34679000e-01 1.97415054e+08
6.34719000e-01 1.97580960e+08
6.34759000e-01 1.97995182e+08
6.34800000e-01 1.98905792e+08
6.34840000e-01 1.99963040e+08
6.34880000e-01 2.00937879e+08
6.34921000e-01 2.01767414e+08
6.34961000e-01 2.02738618e+08
6.35001000e-01 2.03043891e+08
6.35042000e-01 2.03036620e+08
6.35082000e-01 2.03369646e+08
6.35122000e-01 2.03899966e+08
6.35163000e-01 2.04232992e+08
6.35203000e-01 2.04288738e+08
6.35243000e-01 2.04143433e+08
6.35284000e-01 2.03784958e+08
6.35324000e-01 2.03143144e+08
6.35364000e-01 2.01907871e+08
6.35405000e-01 2.01146202e+08
6.35445000e-01 2.00790150e+08
6.35486000e-01 2.00160456e+08
6.35526000e-01 1.99792285e+08
6.35566000e-01 2.00168939e+08
6.35607000e-01 2.00371202e+08
6.35647000e-01 2.00317879e+08
6.35688000e-01 1.99867422e+08
6.35728000e-01 1.98387590e+08
6.35768000e-01 1.97562782e+08
6.35809000e-01 1.96902790e+08
6.35849000e-01 1.96081739e+08
6.35890000e-01 1.96217470e+08
6.35930000e-01 1.97268537e+08
6.35970000e-01 1.97530183e+08
6.36011000e-01 1.97680335e+08
6.36051000e-01 1.98014573e+08
6.36092000e-01 1.97461105e+08
6.36132000e-01 1.96585519e+08
6.36173000e-01 1.95826274e+08
6.36213000e-01 1.94748424e+08
6.36254000e-01 1.94615238e+08
6.36294000e-01 1.94821137e+08
6.36335000e-01 1.95217181e+08
6.36375000e-01 1.95751137e+08
6.36416000e-01 1.96601273e+08
6.36456000e-01 1.96715191e+08
6.36497000e-01 1.96741731e+08
6.36537000e-01 1.97023979e+08
6.36578000e-01 1.97240663e+08
6.36618000e-01 1.97635495e+08
6.36659000e-01 1.98253071e+08
6.36699000e-01 1.98732614e+08
6.36740000e-01 1.99121386e+08
6.36780000e-01 1.99181980e+08
6.36821000e-01 1.99300624e+08
6.36862000e-01 1.99454412e+08
6.36902000e-01 1.99801980e+08
6.36943000e-01 2.00026058e+08
6.36983000e-01 2.00198024e+08
6.37024000e-01 2.00362719e+08
6.37064000e-01 2.00248802e+08
6.37105000e-01 2.00160456e+08
6.37146000e-01 2.00095014e+08
6.37186000e-01 2.00218626e+08
6.37227000e-01 2.00412285e+08
6.37267000e-01 2.00569709e+08
6.37308000e-01 2.00889404e+08
6.37349000e-01 2.01262422e+08
6.37389000e-01 2.01699669e+08
6.37430000e-01 2.01916354e+08
6.37471000e-01 2.02032695e+08
6.37511000e-01 2.02244532e+08
6.37552000e-01 2.02515873e+08
6.37592000e-01 2.02850111e+08
6.37633000e-01 2.03089821e+08
6.37674000e-01 2.03247245e+08
6.37714000e-01 2.03163746e+08
6.37755000e-01 2.02989356e+08
6.37796000e-01 2.02785881e+08
6.37836000e-01 2.02594525e+08
6.37877000e-01 2.02509814e+08
6.37918000e-01 2.01917566e+08
6.37958000e-01 2.01503465e+08
6.37999000e-01 2.01178923e+08
6.38040000e-01 2.00879830e+08
6.38081000e-01 2.00670295e+08
6.38121000e-01 2.00930608e+08
6.38162000e-01 2.00903946e+08
6.38203000e-01 2.00931820e+08
6.38244000e-01 2.01000897e+08
6.38284000e-01 2.01037254e+08
6.38325000e-01 2.00864075e+08
6.38366000e-01 2.00682414e+08
6.38406000e-01 1.99702727e+08
6.38447000e-01 1.99304259e+08
6.38488000e-01 1.99171073e+08
6.38529000e-01 1.99299412e+08
6.38570000e-01 1.99535608e+08
6.38610000e-01 2.00413497e+08
6.38651000e-01 2.00592735e+08
6.38692000e-01 2.00505600e+08
6.38733000e-01 2.00432887e+08
6.38774000e-01 2.00390471e+08
6.38814000e-01 2.00304549e+08
6.38855000e-01 2.00413497e+08
6.38896000e-01 2.00480151e+08
6.38937000e-01 2.00979083e+08
6.38978000e-01 2.01612414e+08
6.39018000e-01 2.02337847e+08
6.39059000e-01 2.02745889e+08
6.39100000e-01 2.02800424e+08
6.39141000e-01 2.02467398e+08
6.39182000e-01 2.01459838e+08
6.39223000e-01 1.99384244e+08
6.39264000e-01 1.97815945e+08
6.39304000e-01 1.96797477e+08
6.39345000e-01 1.95664002e+08
6.39386000e-01 1.95018553e+08
6.39427000e-01 1.95414475e+08
6.39468000e-01 1.95403568e+08
6.39509000e-01 1.95292196e+08
6.39550000e-01 1.95172341e+08
6.39591000e-01 1.94953111e+08
6.39632000e-01 1.95224452e+08
6.39672000e-01 1.95430230e+08
6.39713000e-01 1.95484765e+08
6.39754000e-01 1.96716402e+08
6.39795000e-01 1.98082317e+08
6.39836000e-01 1.97559147e+08
6.39877000e-01 1.96418400e+08
6.39918000e-01 1.95941281e+08
6.39959000e-01 1.94428729e+08
6.40000000e-01 1.92935567e+08
6.40041000e-01 1.92959804e+08
6.40082000e-01 1.93688874e+08
6.40123000e-01 1.93887502e+08
6.40164000e-01 1.93979484e+08
6.40205000e-01 1.94076313e+08
6.40246000e-01 1.94132060e+08
6.40287000e-01 1.94087220e+08
6.40328000e-01 1.93536298e+08
6.40369000e-01 1.93805093e+08
6.40410000e-01 1.95519909e+08
6.40451000e-01 1.97556844e+08
6.40492000e-01 1.99736538e+08
6.40533000e-01 2.02374204e+08
6.40574000e-01 2.03834645e+08
6.40615000e-01 2.03540400e+08
6.40656000e-01 2.01966041e+08
6.40697000e-01 2.00676355e+08
6.40738000e-01 1.99579115e+08
6.40779000e-01 1.98781089e+08
6.40820000e-01 1.98159877e+08
6.40861000e-01 1.98497751e+08
6.40902000e-01 1.98465030e+08
6.40943000e-01 1.98141699e+08
6.40985000e-01 1.97448986e+08
6.41026000e-01 1.95677333e+08
6.41067000e-01 1.94054620e+08
6.41108000e-01 1.92801169e+08
6.41149000e-01 1.91464218e+08
6.41190000e-01 1.91456947e+08
6.41231000e-01 1.92790262e+08
6.41272000e-01 1.93967365e+08
6.41313000e-01 1.94641899e+08
6.41355000e-01 1.95238873e+08
6.41396000e-01 1.94970078e+08
6.41437000e-01 1.94429941e+08
6.41478000e-01 1.93823272e+08
6.41519000e-01 1.92842373e+08
6.41560000e-01 1.93061603e+08
6.41601000e-01 1.93727654e+08
6.41643000e-01 1.94348866e+08
6.41684000e-01 1.95108111e+08
6.41725000e-01 1.96423248e+08
6.41766000e-01 1.96875038e+08
6.41807000e-01 1.96445062e+08
6.41849000e-01 1.95199002e+08
6.41890000e-01 1.94601907e+08
6.41931000e-01 1.93906771e+08
6.41972000e-01 1.92038288e+08
6.42013000e-01 1.90664981e+08
6.42055000e-01 1.90482108e+08
6.42096000e-01 1.89990446e+08
6.42137000e-01 1.89656209e+08
6.42178000e-01 1.90723151e+08
6.42219000e-01 1.91739074e+08
6.42261000e-01 1.92405125e+08
6.42302000e-01 1.92525102e+08
6.42343000e-01 1.92325262e+08
6.42385000e-01 1.92944050e+08
6.42426000e-01 1.93607678e+08
6.42467000e-01 1.93847509e+08
6.42508000e-01 1.95340672e+08
6.42550000e-01 1.97461105e+08
6.42591000e-01 1.98689107e+08
6.42632000e-01 1.99849244e+08
6.42673000e-01 2.01457414e+08
6.42715000e-01 2.01952711e+08
6.42756000e-01 2.02037543e+08
6.42797000e-01 2.02008457e+08
6.42839000e-01 2.01884845e+08
6.42880000e-01 2.01572422e+08
6.42921000e-01 2.00026058e+08
6.42963000e-01 1.98858650e+08
6.43004000e-01 1.97854725e+08
6.43045000e-01 1.96892004e+08
6.43087000e-01 1.96102341e+08
6.43128000e-01 1.96148392e+08
6.43169000e-01 1.95920679e+08
6.43211000e-01 1.95513850e+08
6.43252000e-01 1.95145680e+08
6.43294000e-01 1.94833256e+08
6.43335000e-01 1.94897365e+08
6.43376000e-01 1.94790840e+08
6.43418000e-01 1.94305238e+08
6.43459000e-01 1.95014917e+08
6.43501000e-01 1.95877173e+08
6.43542000e-01 1.96842317e+08
6.43583000e-01 1.97855937e+08
6.43625000e-01 1.99120174e+08
6.43666000e-01 1.99510159e+08
6.43708000e-01 1.99299412e+08
6.43749000e-01 1.97319436e+08
6.43791000e-01 1.95842028e+08
6.43832000e-01 1.94718248e+08
6.43874000e-01 1.93291618e+08
6.43915000e-01 1.92253761e+08
6.43956000e-01 1.92862975e+08
6.43998000e-01 1.92968288e+08
6.44039000e-01 1.93033729e+08
6.44081000e-01 1.93041001e+08
6.44122000e-01 1.92895696e+08
6.44164000e-01 1.92831466e+08
6.44205000e-01 1.92609812e+08
6.44247000e-01 1.91754828e+08
6.44288000e-01 1.92665559e+08
6.44330000e-01 1.94325840e+08
6.44371000e-01 1.96043080e+08
6.44413000e-01 1.97974580e+08
6.44454000e-01 2.00392895e+08
6.44496000e-01 2.01077125e+08
6.44538000e-01 2.01187406e+08
6.44579000e-01 2.01132871e+08
6.44621000e-01 2.01033618e+08
6.44662000e-01 2.01120752e+08
6.44704000e-01 2.01229701e+08
6.44745000e-01 2.01310897e+08
6.44787000e-01 2.01290295e+08
6.44828000e-01 2.00173786e+08
6.44870000e-01 1.98887735e+08
6.44912000e-01 1.97785648e+08
6.44953000e-01 1.96682470e+08
6.44995000e-01 1.95534452e+08
6.45036000e-01 1.95605832e+08
6.45078000e-01 1.95599772e+08
6.45120000e-01 1.95459315e+08
6.45161000e-01 1.95357638e+08
6.45203000e-01 1.95443561e+08
6.45245000e-01 1.95402357e+08
6.45286000e-01 1.95324917e+08
6.45328000e-01 1.94586153e+08
6.45369000e-01 1.94420246e+08
6.45411000e-01 1.94933721e+08
6.45453000e-01 1.95395206e+08
6.45494000e-01 1.95473858e+08
6.45536000e-01 1.96227044e+08
6.45578000e-01 1.96039444e+08
6.45619000e-01 1.95355214e+08
6.45661000e-01 1.94985832e+08
6.45703000e-01 1.95037943e+08
6.45745000e-01 1.95051274e+08
6.45786000e-01 1.95053698e+08
6.45828000e-01 1.95045214e+08
6.45870000e-01 1.95151739e+08
6.45911000e-01 1.95343095e+08
6.45953000e-01 1.95862630e+08
6.45995000e-01 1.96558979e+08
6.46037000e-01 1.97600351e+08
6.46078000e-01 1.97953978e+08
6.46120000e-01 1.97119596e+08
6.46162000e-01 1.95736594e+08
6.46204000e-01 1.94174476e+08
6.46245000e-01 1.92245278e+08
6.46287000e-01 1.90845430e+08
6.46329000e-01 1.90444539e+08
6.46371000e-01 1.90224219e+08
6.46412000e-01 1.89728922e+08
6.46454000e-01 1.89157276e+08
6.46496000e-01 1.88648648e+08
6.46538000e-01 1.88181225e+08
6.46580000e-01 1.87845775e+08
6.46621000e-01 1.88521522e+08
6.46663000e-01 1.90378007e+08
6.46705000e-01 1.92360407e+08
6.46747000e-01 1.94156297e+08
6.46789000e-01 1.95731747e+08
6.46831000e-01 1.96638842e+08
6.46872000e-01 1.96533529e+08
6.46914000e-01 1.96328842e+08
6.46956000e-01 1.96568553e+08
6.46998000e-01 1.96406281e+08
6.47040000e-01 1.96011571e+08
6.47082000e-01 1.95562204e+08
6.47124000e-01 1.95077814e+08
6.47165000e-01 1.94403279e+08
6.47207000e-01 1.94283424e+08
6.47249000e-01 1.94396129e+08
6.47291000e-01 1.94723096e+08
6.47333000e-01 1.95139620e+08
6.47375000e-01 1.95426594e+08
6.47417000e-01 1.95298256e+08
6.47459000e-01 1.94988256e+08
6.47501000e-01 1.94531739e+08
6.47543000e-01 1.94552341e+08
6.47584000e-01 1.94865977e+08
6.47626000e-01 1.95599772e+08
6.47668000e-01 1.96451121e+08
6.47710000e-01 1.97140198e+08
6.47752000e-01 1.97204428e+08
6.47794000e-01 1.97109901e+08
6.47836000e-01 1.97028826e+08
6.47878000e-01 1.96973079e+08
6.47920000e-01 1.97109901e+08
6.47962000e-01 1.97650038e+08
6.48004000e-01 1.98111402e+08
6.48046000e-01 1.98130792e+08
6.48088000e-01 1.97960038e+08
6.48130000e-01 1.97321860e+08
6.48172000e-01 1.96234315e+08
6.48214000e-01 1.95207486e+08
6.48256000e-01 1.94587365e+08
6.48298000e-01 1.94140543e+08
6.48340000e-01 1.93971000e+08
6.48382000e-01 1.93855993e+08
6.48424000e-01 1.93904347e+08
6.48466000e-01 1.93973424e+08
6.48508000e-01 1.94035230e+08
6.48551000e-01 1.94287060e+08
6.48593000e-01 1.94964018e+08
6.48635000e-01 1.95820214e+08
6.48677000e-01 1.97019131e+08
6.48719000e-01 1.98267614e+08
6.48761000e-01 1.99352735e+08
6.48803000e-01 2.00052719e+08
6.48845000e-01 2.00581828e+08
6.48887000e-01 2.00796210e+08
6.48929000e-01 2.00943939e+08
6.48971000e-01 2.00989990e+08
6.49014000e-01 2.00746523e+08
6.49056000e-01 2.00438946e+08
6.49098000e-01 2.00141065e+08
6.49140000e-01 1.99816523e+08
6.49182000e-01 1.99330921e+08
6.49224000e-01 1.98139275e+08
6.49266000e-01 1.96647325e+08
6.49309000e-01 1.94801747e+08
6.49351000e-01 1.92014050e+08
6.49393000e-01 1.88917444e+08
6.49435000e-01 1.86455502e+08
6.49477000e-01 1.83845831e+08
6.49519000e-01 1.81012083e+08
6.49562000e-01 1.79245277e+08
6.49604000e-01 1.77977283e+08
6.49646000e-01 1.76951544e+08
6.49688000e-01 1.76403045e+08
6.49730000e-01 1.76450188e+08
6.49773000e-01 1.77119875e+08
6.49815000e-01 1.77371825e+08
6.49857000e-01 1.77905903e+08
6.49899000e-01 1.79488623e+08
6.49942000e-01 1.81362075e+08
6.49984000e-01 1.82828575e+08
6.50026000e-01 1.85256585e+08
6.50068000e-01 1.88016530e+08
6.50111000e-01 1.89904524e+08
6.50153000e-01 1.91481185e+08
6.50195000e-01 1.92720094e+08
6.50237000e-01 1.93146313e+08
6.50280000e-01 1.92910117e+08
6.50322000e-01 1.92768448e+08
6.50364000e-01 1.93216603e+08
6.50406000e-01 1.93820848e+08
6.50449000e-01 1.94639476e+08
6.50491000e-01 1.95511426e+08
6.50533000e-01 1.96176266e+08
6.50576000e-01 1.96221105e+08
6.50618000e-01 1.96173842e+08
6.50660000e-01 1.96107188e+08
6.50703000e-01 1.95954612e+08
6.50745000e-01 1.95760832e+08
6.50787000e-01 1.95771739e+08
6.50830000e-01 1.95990969e+08
6.50872000e-01 1.96252493e+08
6.50915000e-01 1.96594002e+08
6.50957000e-01 1.96968232e+08
6.50999000e-01 1.97132927e+08
6.51042000e-01 1.97065061e+08
6.51084000e-01 1.96956113e+08
6.51126000e-01 1.96825351e+08
6.51169000e-01 1.96675198e+08
6.51211000e-01 1.96549284e+08
6.51254000e-01 1.96460816e+08
6.51296000e-01 1.96483842e+08
6.51339000e-01 1.96704284e+08
6.51381000e-01 1.97020343e+08
6.51423000e-01 1.97191097e+08
6.51466000e-01 1.97043369e+08
6.51508000e-01 1.96680046e+08
6.51551000e-01 1.96177478e+08
6.51593000e-01 1.95659155e+08
6.51636000e-01 1.95220816e+08
6.51678000e-01 1.94719460e+08
6.51721000e-01 1.94093280e+08
6.51763000e-01 1.93432076e+08
6.51806000e-01 1.92773295e+08
6.51848000e-01 1.92131482e+08
6.51890000e-01 1.91788761e+08
6.51933000e-01 1.91597404e+08
6.51976000e-01 1.91539355e+08
6.52018000e-01 1.91660422e+08
6.52060000e-01 1.91820270e+08
6.52103000e-01 1.92029805e+08
6.52146000e-01 1.92281634e+08
6.52188000e-01 1.92555399e+08
6.52231000e-01 1.93007068e+08
6.52273000e-01 1.93600406e+08
6.52316000e-01 1.94212044e+08
6.52358000e-01 1.94842951e+08
6.52401000e-01 1.95377028e+08
6.52443000e-01 1.95556266e+08
6.52486000e-01 1.95535664e+08
6.52529000e-01 1.95412052e+08
6.52571000e-01 1.95206274e+08
6.52614000e-01 1.94968866e+08
6.52656000e-01 1.94744788e+08
6.52699000e-01 1.94574034e+08
6.52742000e-01 1.94455390e+08
6.52784000e-01 1.94396129e+08
6.52827000e-01 1.94341595e+08
6.52869000e-01 1.94236161e+08
6.52912000e-01 1.94107822e+08
6.52955000e-01 1.93961305e+08
6.52997000e-01 1.93860840e+08
6.53040000e-01 1.93904347e+08
6.53083000e-01 1.94095703e+08
6.53125000e-01 1.94352501e+08
6.53168000e-01 1.94560824e+08
6.53211000e-01 1.94490535e+08
6.53253000e-01 1.94077525e+08
6.53296000e-01 1.93548416e+08
6.53339000e-01 1.92996161e+08
6.53381000e-01 1.92514195e+08
6.53424000e-01 1.92286482e+08
6.53467000e-01 1.92248913e+08
6.53509000e-01 1.92212678e+08
6.53552000e-01 1.92147236e+08
6.53595000e-01 1.92041923e+08
6.53637000e-01 1.91903769e+08
6.53680000e-01 1.91725864e+08
6.53723000e-01 1.91455735e+08
6.53766000e-01 1.91364965e+08
6.53808000e-01 1.91464218e+08
6.53851000e-01 1.91594981e+08
6.53894000e-01 1.91783913e+08
6.53937000e-01 1.92058890e+08
6.53979000e-01 1.92069676e+08
6.54022000e-01 1.91885712e+08
6.54065000e-01 1.91687084e+08
6.54108000e-01 1.91486032e+08
6.54151000e-01 1.91306795e+08
6.54193000e-01 1.91237717e+08
6.54236000e-01 1.91357694e+08
6.54279000e-01 1.91691931e+08
6.54322000e-01 1.92067373e+08
6.54365000e-01 1.92418456e+08
6.54407000e-01 1.92629202e+08
6.54450000e-01 1.92039500e+08
6.54493000e-01 1.90916810e+08
6.54536000e-01 1.89834234e+08
6.54579000e-01 1.88612292e+08
6.54622000e-01 1.87386835e+08
6.54664000e-01 1.86792163e+08
6.54707000e-01 1.86533062e+08
6.54750000e-01 1.86180647e+08
6.54793000e-01 1.85960205e+08
6.54836000e-01 1.85834290e+08
6.54879000e-01 1.85599306e+08
6.54922000e-01 1.85222773e+08
6.54965000e-01 1.85125823e+08
6.55008000e-01 1.85624755e+08
6.55050000e-01 1.86250815e+08
6.55093000e-01 1.87045326e+08
6.55136000e-01 1.88116995e+08
6.55179000e-01 1.88916232e+08
6.55222000e-01 1.89079715e+08
6.55265000e-01 1.89292886e+08
6.55308000e-01 1.89344997e+08
6.55351000e-01 1.89143945e+08
6.55394000e-01 1.88699547e+08
6.55437000e-01 1.88112147e+08
6.55480000e-01 1.87513961e+08
6.55523000e-01 1.86892750e+08
6.55566000e-01 1.86255662e+08
6.55609000e-01 1.85699892e+08
6.55652000e-01 1.85177934e+08
6.55695000e-01 1.84594169e+08
6.55738000e-01 1.83889459e+08
6.55781000e-01 1.83005389e+08
6.55824000e-01 1.81949354e+08
6.55867000e-01 1.80676633e+08
6.55910000e-01 1.79212556e+08
6.55953000e-01 1.77661223e+08
6.55996000e-01 1.75902901e+08
6.56039000e-01 1.73606744e+08
6.56082000e-01 1.70196624e+08
6.56125000e-01 1.65175789e+08
6.56168000e-01 1.59031173e+08
6.56211000e-01 1.52531718e+08
6.56254000e-01 1.45968154e+08
6.56297000e-01 1.40718394e+08
6.56340000e-01 1.37448731e+08
6.56383000e-01 1.35634662e+08
6.56426000e-01 1.34641644e+08
6.56470000e-01 1.34346066e+08
6.56513000e-01 1.34639221e+08
6.56556000e-01 1.35453001e+08
6.56599000e-01 1.37202840e+08
6.56642000e-01 1.40574301e+08
6.56685000e-01 1.45534542e+08
6.56728000e-01 1.51245667e+08
6.56771000e-01 1.56888926e+08
6.56814000e-01 1.61994472e+08
6.56858000e-01 1.65849111e+08
6.56901000e-01 1.68225131e+08
6.56944000e-01 1.69781190e+08
6.56987000e-01 1.71189642e+08
6.57030000e-01 1.72436913e+08
6.57073000e-01 1.73357339e+08
6.57117000e-01 1.73925349e+08
6.57160000e-01 1.74253527e+08
6.57203000e-01 1.74919578e+08
6.57246000e-01 1.75440204e+08
6.57289000e-01 1.75950043e+08
6.57333000e-01 1.76514417e+08
6.57376000e-01 1.76951544e+08
6.57419000e-01 1.77423936e+08
6.57462000e-01 1.78064538e+08
6.57505000e-01 1.78606978e+08
6.57549000e-01 1.79036954e+08
6.57592000e-01 1.79511649e+08
6.57635000e-01 1.79991191e+08
6.57678000e-01 1.80549506e+08
6.57722000e-01 1.81062982e+08
6.57765000e-01 1.81709643e+08
6.57808000e-01 1.82527059e+08
6.57851000e-01 1.83465542e+08
6.57895000e-01 1.84567629e+08
6.57938000e-01 1.85634450e+08
6.57981000e-01 1.86537910e+08
6.58025000e-01 1.87320181e+08
6.58068000e-01 1.87893039e+08
6.58111000e-01 1.88196979e+08
6.58155000e-01 1.88513038e+08
6.58198000e-01 1.88812131e+08
6.58241000e-01 1.89062870e+08
6.58284000e-01 1.89257741e+08
6.58328000e-01 1.89369235e+08
6.58371000e-01 1.89476971e+08
6.58415000e-01 1.89585919e+08
6.58458000e-01 1.89569074e+08
6.58501000e-01 1.89496361e+08
6.58545000e-01 1.89476971e+08
6.58588000e-01 1.89450310e+08
6.58631000e-01 1.89455157e+08
6.58675000e-01 1.89590767e+08
6.58718000e-01 1.89799090e+08
6.58761000e-01 1.89996506e+08
6.58805000e-01 1.90202405e+08
6.58848000e-01 1.90432420e+08
6.58892000e-01 1.90671040e+08
6.58935000e-01 1.90841795e+08
6.58979000e-01 1.91005278e+08
6.59022000e-01 1.91277709e+08
6.59065000e-01 1.91478761e+08
6.59109000e-01 1.91142100e+08
6.59152000e-01 1.90143022e+08
6.59196000e-01 1.88869090e+08
6.59239000e-01 1.87108223e+08
6.59283000e-01 1.85197324e+08
6.59326000e-01 1.83864009e+08
6.59370000e-01 1.83011449e+08
6.59413000e-01 1.82289651e+08
6.59457000e-01 1.81881609e+08
6.59500000e-01 1.81761633e+08
6.59544000e-01 1.81655108e+08
6.59587000e-01 1.81301480e+08
6.59631000e-01 1.81176778e+08
6.59674000e-01 1.81679346e+08
6.59718000e-01 1.82309041e+08
6.59761000e-01 1.83210077e+08
6.59805000e-01 1.84705663e+08
6.59848000e-01 1.86097027e+08
6.59892000e-01 1.86958070e+08
6.59935000e-01 1.87662902e+08
6.59979000e-01 1.88072276e+08
6.60022000e-01 1.88163046e+08
6.60066000e-01 1.88123054e+08
6.60110000e-01 1.88271995e+08
6.60153000e-01 1.88688640e+08
6.60197000e-01 1.89128191e+08
6.60240000e-01 1.89607733e+08
6.60284000e-01 1.90096971e+08
6.60328000e-01 1.90421513e+08
6.60371000e-01 1.90586208e+08
6.60415000e-01 1.90677100e+08
6.60458000e-01 1.90706185e+08
6.60502000e-01 1.90761810e+08
6.60546000e-01 1.90775141e+08
6.60589000e-01 1.90694066e+08
6.60633000e-01 1.90541490e+08
6.60677000e-01 1.90329531e+08
6.60720000e-01 1.89995294e+08
6.60764000e-01 1.89347421e+08
6.60807000e-01 1.88498496e+08
6.60851000e-01 1.87743977e+08
6.60895000e-01 1.87128825e+08
6.60939000e-01 1.86672308e+08
6.60982000e-01 1.86600807e+08
6.61026000e-01 1.86784892e+08
6.61070000e-01 1.86993215e+08
6.61113000e-01 1.87055021e+08
6.61157000e-01 1.87117918e+08
6.61201000e-01 1.87151850e+08
6.61244000e-01 1.87225775e+08
6.61288000e-01 1.87530928e+08
6.61332000e-01 1.88184860e+08
6.61376000e-01 1.89020454e+08
6.61419000e-01 1.89908038e+08
6.61463000e-01 1.90766658e+08
6.61507000e-01 1.91356482e+08
6.61551000e-01 1.91550262e+08
6.61594000e-01 1.91484820e+08
6.61638000e-01 1.91333456e+08
6.61682000e-01 1.91206329e+08
6.61726000e-01 1.91156642e+08
6.61770000e-01 1.91144523e+08
6.61813000e-01 1.91156642e+08
6.61857000e-01 1.91230567e+08
6.61901000e-01 1.91280133e+08
6.61945000e-01 1.91224508e+08
6.61989000e-01 1.91105743e+08
6.62032000e-01 1.90988312e+08
6.62076000e-01 1.90844219e+08
6.62120000e-01 1.90675888e+08
6.62164000e-01 1.90531795e+08
6.62208000e-01 1.90451810e+08
6.62252000e-01 1.90385278e+08
6.62296000e-01 1.90316201e+08
6.62339000e-01 1.90172108e+08
6.62383000e-01 1.89940759e+08
6.62427000e-01 1.89721650e+08
6.62471000e-01 1.89530294e+08
6.62515000e-01 1.89383777e+08
6.62559000e-01 1.89314700e+08
6.62603000e-01 1.89202116e+08
6.62647000e-01 1.89030149e+08
6.62690000e-01 1.88922292e+08
6.62734000e-01 1.88787894e+08
6.62778000e-01 1.88668038e+08
6.62822000e-01 1.88635318e+08
6.62866000e-01 1.88609868e+08
6.62910000e-01 1.88474258e+08
6.62954000e-01 1.88274419e+08
6.62998000e-01 1.88033496e+08
6.63042000e-01 1.87844563e+08
6.63086000e-01 1.87539411e+08
6.63130000e-01 1.87233047e+08
6.63174000e-01 1.86938680e+08
6.63218000e-01 1.86225486e+08
6.63262000e-01 1.85193688e+08
6.63306000e-01 1.84318102e+08
6.63350000e-01 1.83399009e+08
6.63394000e-01 1.82472524e+08
6.63438000e-01 1.82086175e+08
6.63482000e-01 1.82162524e+08
6.63526000e-01 1.82242508e+08
6.63570000e-01 1.82349033e+08
6.63614000e-01 1.82642067e+08
6.63658000e-01 1.82908560e+08
6.63702000e-01 1.83082950e+08
6.63746000e-01 1.83683560e+08
6.63790000e-01 1.84700815e+08
6.63834000e-01 1.85449153e+08
6.63878000e-01 1.86024435e+08
6.63922000e-01 1.86760654e+08
6.63967000e-01 1.87165181e+08
6.64011000e-01 1.87180936e+08
6.64055000e-01 1.87289884e+08
6.64099000e-01 1.87487300e+08
6.64143000e-01 1.87473969e+08
6.64187000e-01 1.87024724e+08
6.64231000e-01 1.86259298e+08
6.64275000e-01 1.85587187e+08
6.64319000e-01 1.84921136e+08
6.64364000e-01 1.84475526e+08
6.64408000e-01 1.84570053e+08
6.64452000e-01 1.85026569e+08
6.64496000e-01 1.85332934e+08
6.64540000e-01 1.85394740e+08
6.64584000e-01 1.85163391e+08
6.64628000e-01 1.84734748e+08
6.64673000e-01 1.84078391e+08
6.64717000e-01 1.83880976e+08
6.64761000e-01 1.84324161e+08
6.64805000e-01 1.84929619e+08
6.64849000e-01 1.85538833e+08
6.64894000e-01 1.86344130e+08
6.64938000e-01 1.86792163e+08
6.64982000e-01 1.86821248e+08
6.65026000e-01 1.86732902e+08
6.65070000e-01 1.86775197e+08
6.65115000e-01 1.86878207e+08
6.65159000e-01 1.87052597e+08
6.65203000e-01 1.87280189e+08
6.65247000e-01 1.87477605e+08
6.65292000e-01 1.87561225e+08
6.65336000e-01 1.87549106e+08
6.65380000e-01 1.87407437e+08
6.65424000e-01 1.87233047e+08
6.65469000e-01 1.87145791e+08
6.65513000e-01 1.87013817e+08
6.65557000e-01 1.86895173e+08
6.65602000e-01 1.86889114e+08
6.65646000e-01 1.86988367e+08
6.65690000e-01 1.87091256e+08
6.65735000e-01 1.87311698e+08
6.65779000e-01 1.87558801e+08
6.65823000e-01 1.87597460e+08
6.65868000e-01 1.87412163e+08
6.65912000e-01 1.87170029e+08
6.65956000e-01 1.86920502e+08
6.66001000e-01 1.86678367e+08
6.66045000e-01 1.86585052e+08
6.66089000e-01 1.86591112e+08
6.66134000e-01 1.86385334e+08
6.66178000e-01 1.85514595e+08
6.66223000e-01 1.84201882e+08
6.66267000e-01 1.82909772e+08
6.66311000e-01 1.81630871e+08
6.66356000e-01 1.80603920e+08
6.66400000e-01 1.80283013e+08
6.66445000e-01 1.80536176e+08
6.66489000e-01 1.80699659e+08
6.66533000e-01 1.80766191e+08
6.66578000e-01 1.80721473e+08
6.66622000e-01 1.80419956e+08
6.66667000e-01 1.80061481e+08
6.66711000e-01 1.80406625e+08
6.66756000e-01 1.81330566e+08
6.66800000e-01 1.82494338e+08
6.66844000e-01 1.83917211e+08
6.66889000e-01 1.85420068e+08
6.66933000e-01 1.86283536e+08
6.66978000e-01 1.86637163e+08
6.67022000e-01 1.86937468e+08
6.67067000e-01 1.87264434e+08
6.67111000e-01 1.87587765e+08
6.67156000e-01 1.87937757e+08
6.67200000e-01 1.88343496e+08
6.67245000e-01 1.88661979e+08
6.67289000e-01 1.88898175e+08
6.67334000e-01 1.89003488e+08
6.67379000e-01 1.88952589e+08
6.67423000e-01 1.88850912e+08
6.67468000e-01 1.88757597e+08
6.67512000e-01 1.88661979e+08
6.67557000e-01 1.88528793e+08
6.67601000e-01 1.88118207e+08
6.67646000e-01 1.87065928e+08
6.67690000e-01 1.85642934e+08
6.67735000e-01 1.84345975e+08
6.67780000e-01 1.83131304e+08
6.67824000e-01 1.82201304e+08
6.67869000e-01 1.81903423e+08
6.67913000e-01 1.82077813e+08
6.67958000e-01 1.82151617e+08
6.68003000e-01 1.82180702e+08
6.68047000e-01 1.82187974e+08
6.68092000e-01 1.82087387e+08
6.68137000e-01 1.82091023e+08
6.68181000e-01 1.82741441e+08
6.68226000e-01 1.83828864e+08
6.68271000e-01 1.85016874e+08
6.68315000e-01 1.86325951e+08
6.68360000e-01 1.87505478e+08
6.68405000e-01 1.88067429e+08
6.68449000e-01 1.88220005e+08
6.68494000e-01 1.88326530e+08
6.68539000e-01 1.88425783e+08
6.68583000e-01 1.88454868e+08
6.68628000e-01 1.88347132e+08
6.68673000e-01 1.88232124e+08
6.68717000e-01 1.88092757e+08
6.68762000e-01 1.87999563e+08
6.68807000e-01 1.87988656e+08
6.68852000e-01 1.88119419e+08
6.68896000e-01 1.88293809e+08
6.68941000e-01 1.88457292e+08
6.68986000e-01 1.88540912e+08
6.69031000e-01 1.88573633e+08
6.69075000e-01 1.88488801e+08
6.69120000e-01 1.88452444e+08
6.69165000e-01 1.88509403e+08
6.69210000e-01 1.88646225e+08
6.69254000e-01 1.88853336e+08
6.69299000e-01 1.89162124e+08
6.69344000e-01 1.89392260e+08
6.69389000e-01 1.89502421e+08
6.69434000e-01 1.89292886e+08
6.69478000e-01 1.88695912e+08
6.69523000e-01 1.88084274e+08
6.69568000e-01 1.87539411e+08
6.69613000e-01 1.87092468e+08
6.69658000e-01 1.86942316e+08
6.69703000e-01 1.87034419e+08
6.69748000e-01 1.86910807e+08
6.69792000e-01 1.86629892e+08
6.69837000e-01 1.86240029e+08
6.69882000e-01 1.85782179e+08
6.69927000e-01 1.85318391e+08
6.69972000e-01 1.85342629e+08
6.70017000e-01 1.85811264e+08
6.70062000e-01 1.86404724e+08
6.70107000e-01 1.87042902e+08
6.70151000e-01 1.87750036e+08
6.70196000e-01 1.87968054e+08
6.70241000e-01 1.87742765e+08
6.70286000e-01 1.87627757e+08
6.70331000e-01 1.87498207e+08
6.70376000e-01 1.87278977e+08
6.70421000e-01 1.87340783e+08
6.70466000e-01 1.87511538e+08
6.70511000e-01 1.87403801e+08
6.70556000e-01 1.87270494e+08
6.70601000e-01 1.87260799e+08
6.70646000e-01 1.87148215e+08
6.70691000e-01 1.86977460e+08
6.70736000e-01 1.87046538e+08
6.70781000e-01 1.87262011e+08
6.70826000e-01 1.87649571e+08
6.70871000e-01 1.88124266e+08
6.70916000e-01 1.88621987e+08
6.70961000e-01 1.88945318e+08
6.71006000e-01 1.89124555e+08
6.71051000e-01 1.89328030e+08
6.71096000e-01 1.89200904e+08
6.71141000e-01 1.88624411e+08
6.71186000e-01 1.87849411e+08
6.71231000e-01 1.87046538e+08
6.71276000e-01 1.86306561e+08
6.71321000e-01 1.85824595e+08
6.71366000e-01 1.85655052e+08
6.71411000e-01 1.85601730e+08
6.71456000e-01 1.85618696e+08
6.71501000e-01 1.85538833e+08
6.71547000e-01 1.85428551e+08
6.71592000e-01 1.84952645e+08
6.71637000e-01 1.84265991e+08
6.71682000e-01 1.84142500e+08
6.71727000e-01 1.84419779e+08
6.71772000e-01 1.84723841e+08
6.71817000e-01 1.85422492e+08
6.71862000e-01 1.86328375e+08
6.71908000e-01 1.86755807e+08
6.71953000e-01 1.86935044e+08
6.71998000e-01 1.87065928e+08
6.72043000e-01 1.87077925e+08
6.72088000e-01 1.86970189e+08
6.72133000e-01 1.87289884e+08
6.72179000e-01 1.87926850e+08
6.72224000e-01 1.88477894e+08
6.72269000e-01 1.89021666e+08
6.72314000e-01 1.89753038e+08
6.72359000e-01 1.89797878e+08
6.72405000e-01 1.89220294e+08
6.72450000e-01 1.88672886e+08
6.72495000e-01 1.87965630e+08
6.72540000e-01 1.86975037e+08
6.72585000e-01 1.86346553e+08
6.72631000e-01 1.86028070e+08
6.72676000e-01 1.85708375e+08
6.72721000e-01 1.85613848e+08
6.72766000e-01 1.86000197e+08
6.72812000e-01 1.86178223e+08
6.72857000e-01 1.86168528e+08
6.72902000e-01 1.86346553e+08
6.72948000e-01 1.86692910e+08
6.72993000e-01 1.86829732e+08
6.73038000e-01 1.87246256e+08
6.73083000e-01 1.87917155e+08
6.73129000e-01 1.88338648e+08
6.73174000e-01 1.88481530e+08
6.73219000e-01 1.88786682e+08
6.73265000e-01 1.88795165e+08
6.73310000e-01 1.88623199e+08
6.73355000e-01 1.88519098e+08
6.73401000e-01 1.88588054e+08
6.73446000e-01 1.88550607e+08
6.73491000e-01 1.88492436e+08
6.73537000e-01 1.88426995e+08
6.73582000e-01 1.88377429e+08
6.73628000e-01 1.88226064e+08
6.73673000e-01 1.88196979e+08
6.73718000e-01 1.88303504e+08
6.73764000e-01 1.88276842e+08
6.73809000e-01 1.87938969e+08
6.73854000e-01 1.87803359e+08
6.73900000e-01 1.87595036e+08
6.73945000e-01 1.87269282e+08
6.73991000e-01 1.87104587e+08
6.74036000e-01 1.87156698e+08
6.74082000e-01 1.87098527e+08
6.74127000e-01 1.86942316e+08
6.74172000e-01 1.86731690e+08
6.74218000e-01 1.86543969e+08
6.74263000e-01 1.86290807e+08
6.74309000e-01 1.86244876e+08
6.74354000e-01 1.86466409e+08
6.74400000e-01 1.86679579e+08
6.74445000e-01 1.86777621e+08
6.74491000e-01 1.87008969e+08
6.74536000e-01 1.87067140e+08
6.74582000e-01 1.86896385e+08
6.74627000e-01 1.86721995e+08
6.74673000e-01 1.86734114e+08
6.74718000e-01 1.86784892e+08
6.74764000e-01 1.86787316e+08
6.74809000e-01 1.86844274e+08
6.74855000e-01 1.86651706e+08
6.74900000e-01 1.85950510e+08
6.74946000e-01 1.85393528e+08
6.74992000e-01 1.84846120e+08
6.75037000e-01 1.84218849e+08
6.75083000e-01 1.83842195e+08
6.75128000e-01 1.83701738e+08
6.75174000e-01 1.83401433e+08
6.75219000e-01 1.83097371e+08
6.75265000e-01 1.82955702e+08
6.75311000e-01 1.82837059e+08
6.75356000e-01 1.82833423e+08
6.75402000e-01 1.83269338e+08
6.75447000e-01 1.83957203e+08
6.75493000e-01 1.84596593e+08
6.75539000e-01 1.85299001e+08
6.75584000e-01 1.85961417e+08
6.75630000e-01 1.86374427e+08
6.75676000e-01 1.86688062e+08
6.75721000e-01 1.87052597e+08
6.75767000e-01 1.87400165e+08
6.75813000e-01 1.87806995e+08
6.75858000e-01 1.87999563e+08
6.75904000e-01 1.88006835e+08
6.75950000e-01 1.87797300e+08
6.75995000e-01 1.87551530e+08
6.76041000e-01 1.87320181e+08
6.76087000e-01 1.87103375e+08
6.76133000e-01 1.87013817e+08
6.76178000e-01 1.87086409e+08
6.76224000e-01 1.87167605e+08
6.76270000e-01 1.87216080e+08
6.76315000e-01 1.87226987e+08
6.76361000e-01 1.87062292e+08
6.76407000e-01 1.86643223e+08
6.76453000e-01 1.86307773e+08
6.76498000e-01 1.86109145e+08
6.76544000e-01 1.85899732e+08
6.76590000e-01 1.85577613e+08
6.76636000e-01 1.85059290e+08
6.76682000e-01 1.84643856e+08
6.76727000e-01 1.84161890e+08
6.76773000e-01 1.83660534e+08
6.76819000e-01 1.83302059e+08
6.76865000e-01 1.83335991e+08
6.76911000e-01 1.83275397e+08
6.76956000e-01 1.83195534e+08
6.77002000e-01 1.83214924e+08
6.77048000e-01 1.83108278e+08
6.77094000e-01 1.82608134e+08
6.77140000e-01 1.82620253e+08
6.77186000e-01 1.82919346e+08
6.77232000e-01 1.83167661e+08
6.77277000e-01 1.83568552e+08
6.77323000e-01 1.84444017e+08
6.77369000e-01 1.84731112e+08
6.77415000e-01 1.84676577e+08
6.77461000e-01 1.84755229e+08
6.77507000e-01 1.84927195e+08
6.77553000e-01 1.84957492e+08
6.77599000e-01 1.85165815e+08
6.77644000e-01 1.85588399e+08
6.77690000e-01 1.85846409e+08
6.77736000e-01 1.85984443e+08
6.77782000e-01 1.86241241e+08
6.77828000e-01 1.86255662e+08
6.77874000e-01 1.86120052e+08
6.77920000e-01 1.86074122e+08
6.77966000e-01 1.86121264e+08
6.78012000e-01 1.86130959e+08
6.78058000e-01 1.86087331e+08
6.78104000e-01 1.86036554e+08
6.78150000e-01 1.85807629e+08
6.78196000e-01 1.85222773e+08
6.78242000e-01 1.84767347e+08
6.78288000e-01 1.84389603e+08
6.78334000e-01 1.83988712e+08
6.78380000e-01 1.83621754e+08
6.78426000e-01 1.83522500e+08
6.78472000e-01 1.83269338e+08
6.78518000e-01 1.82914619e+08
6.78564000e-01 1.82378118e+08
6.78610000e-01 1.81999041e+08
6.78656000e-01 1.81618752e+08
6.78702000e-01 1.81565550e+08
6.78748000e-01 1.81796777e+08
6.78794000e-01 1.82221906e+08
6.78841000e-01 1.82553720e+08
6.78887000e-01 1.82907348e+08
6.78933000e-01 1.82897653e+08
6.78979000e-01 1.82850389e+08
6.79025000e-01 1.82774041e+08
6.79071000e-01 1.82863720e+08
6.79117000e-01 1.83007813e+08
6.79163000e-01 1.83011449e+08
6.79209000e-01 1.82649338e+08
6.79256000e-01 1.82289651e+08
6.79302000e-01 1.81812532e+08
6.79348000e-01 1.81307540e+08
6.79394000e-01 1.80915253e+08
6.79440000e-01 1.80757708e+08
6.79486000e-01 1.80362997e+08
6.79532000e-01 1.80109835e+08
6.79579000e-01 1.79887091e+08
6.79625000e-01 1.79710277e+08
6.79671000e-01 1.79493471e+08
6.79717000e-01 1.79541946e+08
6.79763000e-01 1.79431665e+08
6.79810000e-01 1.79419667e+08
6.79856000e-01 1.79470445e+08
6.79902000e-01 1.79501954e+08
6.79948000e-01 1.79394217e+08
6.79995000e-01 1.79661801e+08
6.80041000e-01 1.79937869e+08
6.80087000e-01 1.80258775e+08
6.80133000e-01 1.80652395e+08
6.80180000e-01 1.81037532e+08
6.80226000e-01 1.80996328e+08
6.80272000e-01 1.81001176e+08
6.80318000e-01 1.81156176e+08
6.80365000e-01 1.81339049e+08
6.80411000e-01 1.81619964e+08
6.80457000e-01 1.82029338e+08
6.80504000e-01 1.82069330e+08
6.80550000e-01 1.81363287e+08
6.80596000e-01 1.80876473e+08
6.80643000e-01 1.80424682e+08
6.80689000e-01 1.79947564e+08
6.80735000e-01 1.79773174e+08
6.80782000e-01 1.80275742e+08
6.80828000e-01 1.80451344e+08
6.80874000e-01 1.80246778e+08
6.80921000e-01 1.80158310e+08
6.80967000e-01 1.80094080e+08
6.81013000e-01 1.79704217e+08
6.81060000e-01 1.80022700e+08
6.81106000e-01 1.80979362e+08
6.81153000e-01 1.81840405e+08
6.81199000e-01 1.82609346e+08
6.81245000e-01 1.83469177e+08
6.81292000e-01 1.83560069e+08
6.81338000e-01 1.82910984e+08
6.81385000e-01 1.82644490e+08
6.81431000e-01 1.82685694e+08
6.81477000e-01 1.82627524e+08
6.81524000e-01 1.82656609e+08
6.81570000e-01 1.83079314e+08
6.81617000e-01 1.83033263e+08
6.81663000e-01 1.82775253e+08
6.81710000e-01 1.82516152e+08
6.81756000e-01 1.82368423e+08
6.81803000e-01 1.82137074e+08
6.81849000e-01 1.82166160e+08
6.81896000e-01 1.82111625e+08
6.81942000e-01 1.82126167e+08
6.81989000e-01 1.81973591e+08
6.82035000e-01 1.81991770e+08
6.82082000e-01 1.81778599e+08
6.82128000e-01 1.81668439e+08
6.82175000e-01 1.81450421e+08
6.82221000e-01 1.81362075e+08
6.82268000e-01 1.81217982e+08
6.82314000e-01 1.81112548e+08
6.82361000e-01 1.80916465e+08
6.82408000e-01 1.80992692e+08
6.82454000e-01 1.81084796e+08
6.82501000e-01 1.81330566e+08
6.82547000e-01 1.81598150e+08
6.82594000e-01 1.81910695e+08
6.82640000e-01 1.81884033e+08
6.82687000e-01 1.81722974e+08
6.82734000e-01 1.81094369e+08
6.82780000e-01 1.80576168e+08
6.82827000e-01 1.80135284e+08
6.82874000e-01 1.79818013e+08
6.82920000e-01 1.79604843e+08
6.82967000e-01 1.79820437e+08
6.83013000e-01 1.79935445e+08
6.83060000e-01 1.80000887e+08
6.83107000e-01 1.80014217e+08
6.83153000e-01 1.80039667e+08
6.83200000e-01 1.79854370e+08
6.83247000e-01 1.80102564e+08
6.83293000e-01 1.80555566e+08
6.83340000e-01 1.81083584e+08
6.83387000e-01 1.81731457e+08
6.83434000e-01 1.82574322e+08
6.83480000e-01 1.82920557e+08
6.83527000e-01 1.82992059e+08
6.83574000e-01 1.82901288e+08
6.83620000e-01 1.82881898e+08
6.83667000e-01 1.82852813e+08
6.83714000e-01 1.82949643e+08
6.83761000e-01 1.83147059e+08
6.83807000e-01 1.83368712e+08
6.83854000e-01 1.83263278e+08
6.83901000e-01 1.83171296e+08
6.83948000e-01 1.82631160e+08
6.83995000e-01 1.81509803e+08
6.84041000e-01 1.80547083e+08
6.84088000e-01 1.79866489e+08
6.84135000e-01 1.78964241e+08
6.84182000e-01 1.78309096e+08
6.84229000e-01 1.77770172e+08
6.84275000e-01 1.77319714e+08
6.84322000e-01 1.76778366e+08
6.84369000e-01 1.76549562e+08
6.84416000e-01 1.76432009e+08
6.84463000e-01 1.76642756e+08
6.84510000e-01 1.77283358e+08
6.84556000e-01 1.78272740e+08
6.84603000e-01 1.79051497e+08
6.84650000e-01 1.80088142e+08
6.84697000e-01 1.81181625e+08
6.84744000e-01 1.82172219e+08
6.84791000e-01 1.83075679e+08
6.84838000e-01 1.83986288e+08
6.84885000e-01 1.84623254e+08
6.84932000e-01 1.85277187e+08
6.84978000e-01 1.85398375e+08
6.85025000e-01 1.85114916e+08
6.85072000e-01 1.84722629e+08
6.85119000e-01 1.84371425e+08
6.85166000e-01 1.84063849e+08
6.85213000e-01 1.83822805e+08
6.85260000e-01 1.83774330e+08
6.85307000e-01 1.83596304e+08
6.85354000e-01 1.82887958e+08
6.85401000e-01 1.81945718e+08
6.85448000e-01 1.80789217e+08
6.85495000e-01 1.79671496e+08
6.85542000e-01 1.78944851e+08
6.85589000e-01 1.78850445e+08
6.85636000e-01 1.78963029e+08
6.85683000e-01 1.78912251e+08
6.85730000e-01 1.78971512e+08
6.85777000e-01 1.78868623e+08
6.85824000e-01 1.78563471e+08
6.85871000e-01 1.78581649e+08
6.85918000e-01 1.79144691e+08
6.85965000e-01 1.79922235e+08
6.86012000e-01 1.80593013e+08
6.86059000e-01 1.80619675e+08
6.86106000e-01 1.80519209e+08
6.86153000e-01 1.80347243e+08
6.86201000e-01 1.80256352e+08
6.86248000e-01 1.80467098e+08
6.86295000e-01 1.81021778e+08
6.86342000e-01 1.81336625e+08
6.86389000e-01 1.81474659e+08
6.86436000e-01 1.81370558e+08
6.86483000e-01 1.81217982e+08
6.86530000e-01 1.80946641e+08
6.86577000e-01 1.81358439e+08
6.86625000e-01 1.82392661e+08
6.86672000e-01 1.83350534e+08
6.86719000e-01 1.84210366e+08
6.86766000e-01 1.85197324e+08
6.86813000e-01 1.85549740e+08
6.86860000e-01 1.85331722e+08
6.86908000e-01 1.85071409e+08
6.86955000e-01 1.84846120e+08
6.87002000e-01 1.84660823e+08
6.87049000e-01 1.84365366e+08
6.87096000e-01 1.83928118e+08
6.87144000e-01 1.83440092e+08
6.87191000e-01 1.82933888e+08
6.87238000e-01 1.82608134e+08
6.87285000e-01 1.82513728e+08
6.87332000e-01 1.82575534e+08
6.87380000e-01 1.82584017e+08
6.87427000e-01 1.82525847e+08
6.87474000e-01 1.82399932e+08
6.87521000e-01 1.82261777e+08
6.87569000e-01 1.82086175e+08
6.87616000e-01 1.82093447e+08
6.87663000e-01 1.82225542e+08
6.87711000e-01 1.82392661e+08
6.87758000e-01 1.82621464e+08
6.87805000e-01 1.82907348e+08
6.87852000e-01 1.82984787e+08
6.87900000e-01 1.82894017e+08
6.87947000e-01 1.82832211e+08
6.87995000e-01 1.82740229e+08
6.88042000e-01 1.82451922e+08
6.88089000e-01 1.81992981e+08
6.88137000e-01 1.81484354e+08
6.88184000e-01 1.80975726e+08
6.88231000e-01 1.80471946e+08
6.88279000e-01 1.80198302e+08
6.88326000e-01 1.80140132e+08
6.88373000e-01 1.80080871e+08
6.88421000e-01 1.79827708e+08
6.88468000e-01 1.79568608e+08
6.88516000e-01 1.79160445e+08
6.88563000e-01 1.78797122e+08
6.88610000e-01 1.78575590e+08
6.88658000e-01 1.78860140e+08
6.88705000e-01 1.79217404e+08
6.88753000e-01 1.79721184e+08
6.88800000e-01 1.80191031e+08
6.88848000e-01 1.80613615e+08
6.88895000e-01 1.80633005e+08
6.88943000e-01 1.80731168e+08
6.88990000e-01 1.80853447e+08
6.89037000e-01 1.81047227e+08
6.89085000e-01 1.81250702e+08
6.89132000e-01 1.81756785e+08
6.89180000e-01 1.82053576e+08
6.89227000e-01 1.82271472e+08
6.89275000e-01 1.82367211e+08
6.89322000e-01 1.82370847e+08
6.89370000e-01 1.82035397e+08
6.89417000e-01 1.81644201e+08
6.89465000e-01 1.81273607e+08
6.89513000e-01 1.80953912e+08
6.89560000e-01 1.80773463e+08
6.89608000e-01 1.80726320e+08
6.89655000e-01 1.80544659e+08
6.89703000e-01 1.80169217e+08
6.89750000e-01 1.79858005e+08
6.89798000e-01 1.79501954e+08
6.89846000e-01 1.79081794e+08
6.89893000e-01 1.78949698e+08
6.89941000e-01 1.79087853e+08
6.89988000e-01 1.79177411e+08
6.90036000e-01 1.79285148e+08
6.90083000e-01 1.79440148e+08
6.90131000e-01 1.79451055e+08
6.90179000e-01 1.79374827e+08
6.90226000e-01 1.79451055e+08
6.90274000e-01 1.79590421e+08
6.90322000e-01 1.79694522e+08
6.90369000e-01 1.79798623e+08
6.90417000e-01 1.79882243e+08
6.90465000e-01 1.79687251e+08
6.90512000e-01 1.79373615e+08
6.90560000e-01 1.79074522e+08
6.90608000e-01 1.78840750e+08
6.90655000e-01 1.78718471e+08
6.90703000e-01 1.78706352e+08
6.90751000e-01 1.78795910e+08
6.90799000e-01 1.78931520e+08
6.90846000e-01 1.79015140e+08
6.90894000e-01 1.79114393e+08
6.90942000e-01 1.79244065e+08
6.90990000e-01 1.79310597e+08
6.91037000e-01 1.79315445e+08
6.91085000e-01 1.79489835e+08
6.91133000e-01 1.79610902e+08
6.91181000e-01 1.79684827e+08
6.91228000e-01 1.79788928e+08
6.91276000e-01 1.79703005e+08
6.91324000e-01 1.78970300e+08
6.91372000e-01 1.78344241e+08
6.91419000e-01 1.77707275e+08
6.91467000e-01 1.76904402e+08
6.91515000e-01 1.75908960e+08
6.91563000e-01 1.75712756e+08
6.91611000e-01 1.75446263e+08
6.91659000e-01 1.75199281e+08
6.91706000e-01 1.75032162e+08
6.91754000e-01 1.75259875e+08
6.91802000e-01 1.75085485e+08
6.91850000e-01 1.75319136e+08
6.91898000e-01 1.75608534e+08
6.91946000e-01 1.75736994e+08
6.91994000e-01 1.75827764e+08
6.92042000e-01 1.76484120e+08
6.92089000e-01 1.76824417e+08
6.92137000e-01 1.77176833e+08
6.92185000e-01 1.77736360e+08
6.92233000e-01 1.78363631e+08
6.92281000e-01 1.78211055e+08
6.92329000e-01 1.77892572e+08
6.92377000e-01 1.77235004e+08
6.92425000e-01 1.76577435e+08
6.92473000e-01 1.76073655e+08
6.92521000e-01 1.76031239e+08
6.92569000e-01 1.75971857e+08
6.92617000e-01 1.76201994e+08
6.92665000e-01 1.76445340e+08
6.92713000e-01 1.76475637e+08
6.92761000e-01 1.76238350e+08
6.92809000e-01 1.76317002e+08
6.92857000e-01 1.76355782e+08
6.92905000e-01 1.76559257e+08
6.92953000e-01 1.76920156e+08
6.93001000e-01 1.77547427e+08
6.93049000e-01 1.77793197e+08
6.93097000e-01 1.78037877e+08
6.93145000e-01 1.77968799e+08
6.93193000e-01 1.77621231e+08
6.93241000e-01 1.77035164e+08
6.93289000e-01 1.76614883e+08
6.93337000e-01 1.76223808e+08
6.93385000e-01 1.75919867e+08
6.93433000e-01 1.75950043e+08
6.93481000e-01 1.76107467e+08
6.93529000e-01 1.76122009e+08
6.93577000e-01 1.76214113e+08
6.93626000e-01 1.76378808e+08
6.93674000e-01 1.76433221e+08
6.93722000e-01 1.76577435e+08
6.93770000e-01 1.77044859e+08
6.93818000e-01 1.77494105e+08
6.93866000e-01 1.77954257e+08
6.93914000e-01 1.78426528e+08
6.93963000e-01 1.78828631e+08
6.94011000e-01 1.79045437e+08
6.94059000e-01 1.79210132e+08
6.94107000e-01 1.79321504e+08
6.94155000e-01 1.79322716e+08
6.94203000e-01 1.79217404e+08
6.94252000e-01 1.79184683e+08
6.94300000e-01 1.79063615e+08
6.94348000e-01 1.78563471e+08
6.94396000e-01 1.77720606e+08
6.94444000e-01 1.77168350e+08
6.94493000e-01 1.76556833e+08
6.94541000e-01 1.75960950e+08
6.94589000e-01 1.75561392e+08
6.94637000e-01 1.75641255e+08
6.94686000e-01 1.75539578e+08
6.94734000e-01 1.75510493e+08
6.94782000e-01 1.75558968e+08
6.94831000e-01 1.75711544e+08
6.94879000e-01 1.75866544e+08
6.94927000e-01 1.76319425e+08
6.94975000e-01 1.76570164e+08
6.95024000e-01 1.76922580e+08
6.95072000e-01 1.77362130e+08
6.95120000e-01 1.77894996e+08
6.95169000e-01 1.78030606e+08
6.95217000e-01 1.78265469e+08
6.95265000e-01 1.78423014e+08
6.95314000e-01 1.78628791e+08
6.95362000e-01 1.78518631e+08
6.95410000e-01 1.78409683e+08
6.95459000e-01 1.78328487e+08
6.95507000e-01 1.78385445e+08
6.95555000e-01 1.78551352e+08
6.95604000e-01 1.78867411e+08
6.95652000e-01 1.79194378e+08
6.95701000e-01 1.79560124e+08
6.95749000e-01 1.79571031e+08
6.95797000e-01 1.79401489e+08
6.95846000e-01 1.79191954e+08
6.95894000e-01 1.78990902e+08
6.95943000e-01 1.78722107e+08
6.95991000e-01 1.78582861e+08
6.96040000e-01 1.78661512e+08
6.96088000e-01 1.78823784e+08
6.96136000e-01 1.78975148e+08
6.96185000e-01 1.78993326e+08
6.96233000e-01 1.79001809e+08
6.96282000e-01 1.79021200e+08
6.96330000e-01 1.79098639e+08
6.96379000e-01 1.78956970e+08
6.96427000e-01 1.79015140e+08
6.96476000e-01 1.79189530e+08
6.96524000e-01 1.79229522e+08
6.96573000e-01 1.79148326e+08
6.96621000e-01 1.79325140e+08
6.96670000e-01 1.79343318e+08
6.96718000e-01 1.79400277e+08
6.96767000e-01 1.79484988e+08
6.96816000e-01 1.79550429e+08
6.96864000e-01 1.79448631e+08
6.96913000e-01 1.79350590e+08
6.96961000e-01 1.79334835e+08
6.97010000e-01 1.79214980e+08
6.97058000e-01 1.78912251e+08
6.97107000e-01 1.78909827e+08
6.97156000e-01 1.78912251e+08
6.97204000e-01 1.78765613e+08
6.97253000e-01 1.78690598e+08
6.97301000e-01 1.78780156e+08
6.97350000e-01 1.78659089e+08
6.97399000e-01 1.78478639e+08
6.97447000e-01 1.78363631e+08
6.97496000e-01 1.77905903e+08
6.97545000e-01 1.77529249e+08
6.97593000e-01 1.77491681e+08
6.97642000e-01 1.77445629e+08
6.97691000e-01 1.76733647e+08
6.97739000e-01 1.76070020e+08
6.97788000e-01 1.75464441e+08
6.97837000e-01 1.74391560e+08
6.97885000e-01 1.73482041e+08
6.97934000e-01 1.73098238e+08
6.97983000e-01 1.72892339e+08
6.98032000e-01 1.72806295e+08
6.98080000e-01 1.72962507e+08
6.98129000e-01 1.73086119e+08
6.98178000e-01 1.73100661e+08
6.98227000e-01 1.73545059e+08
6.98275000e-01 1.74311576e+08
6.98324000e-01 1.75072154e+08
6.98373000e-01 1.75981552e+08
6.98422000e-01 1.77065461e+08
6.98470000e-01 1.77913174e+08
6.98519000e-01 1.78211055e+08
6.98568000e-01 1.78511360e+08
6.98617000e-01 1.78674843e+08
6.98666000e-01 1.78799546e+08
6.98714000e-01 1.78580437e+08
6.98763000e-01 1.78481063e+08
6.98812000e-01 1.78393928e+08
6.98861000e-01 1.78200148e+08
6.98910000e-01 1.78045148e+08
6.98959000e-01 1.78214691e+08
6.99007000e-01 1.78276376e+08
6.99056000e-01 1.78341817e+08
6.99105000e-01 1.78393928e+08
6.99154000e-01 1.78333334e+08
6.99203000e-01 1.78156520e+08
6.99252000e-01 1.78271528e+08
6.99301000e-01 1.78413319e+08
6.99350000e-01 1.78598494e+08
6.99398000e-01 1.78942427e+08
6.99447000e-01 1.79376039e+08
6.99496000e-01 1.79500742e+08
6.99545000e-01 1.79581938e+08
6.99594000e-01 1.79659378e+08
6.99643000e-01 1.79649683e+08
6.99692000e-01 1.79703005e+08
6.99741000e-01 1.79637564e+08
6.99790000e-01 1.79495894e+08
6.99839000e-01 1.78834691e+08
6.99888000e-01 1.78116528e+08
6.99937000e-01 1.77362130e+08
6.99986000e-01 1.76665782e+08
7.00035000e-01 1.76068808e+08
7.00084000e-01 1.76021544e+08
7.00133000e-01 1.76021544e+08
7.00182000e-01 1.75724875e+08
7.00231000e-01 1.75274297e+08
7.00280000e-01 1.74913519e+08
7.00329000e-01 1.74093679e+08
7.00378000e-01 1.73700059e+08
7.00427000e-01 1.73592323e+08
7.00476000e-01 1.73901111e+08
7.00525000e-01 1.74172330e+08
7.00574000e-01 1.74808085e+08
7.00624000e-01 1.74898976e+08
7.00673000e-01 1.74861408e+08
7.00722000e-01 1.74835958e+08
7.00771000e-01 1.74971568e+08
7.00820000e-01 1.75081849e+08
7.00869000e-01 1.75401544e+08
7.00918000e-01 1.75803526e+08
7.00967000e-01 1.76267314e+08
7.01016000e-01 1.76535020e+08
7.01066000e-01 1.76653663e+08
7.01115000e-01 1.76254105e+08
7.01164000e-01 1.76221384e+08
7.01213000e-01 1.76125645e+08
7.01262000e-01 1.76013061e+08
7.01311000e-01 1.76068808e+08
7.01361000e-01 1.76376384e+08
7.01410000e-01 1.76428495e+08
7.01459000e-01 1.75500798e+08
7.01508000e-01 1.74198992e+08
7.01557000e-01 1.73035220e+08
7.01607000e-01 1.71661913e+08
7.01656000e-01 1.70886913e+08
7.01705000e-01 1.71044337e+08
7.01754000e-01 1.71571143e+08
7.01804000e-01 1.71997362e+08
7.01853000e-01 1.72797812e+08
7.01902000e-01 1.72969778e+08
7.01951000e-01 1.72647659e+08
7.02001000e-01 1.72733703e+08
7.02050000e-01 1.73472346e+08
7.02099000e-01 1.74235348e+08
7.02149000e-01 1.74771728e+08
7.02198000e-01 1.75832612e+08
7.02247000e-01 1.76200782e+08
7.02297000e-01 1.75646103e+08
7.02346000e-01 1.75154441e+08
7.02395000e-01 1.74861408e+08
7.02445000e-01 1.74316423e+08
7.02494000e-01 1.74016119e+08
7.02543000e-01 1.73934922e+08
7.02593000e-01 1.73767804e+08
7.02642000e-01 1.73357339e+08
7.02691000e-01 1.73273719e+08
7.02741000e-01 1.73149016e+08
7.02790000e-01 1.73331889e+08
7.02839000e-01 1.73868390e+08
7.02889000e-01 1.74821416e+08
7.02938000e-01 1.75275508e+08
7.02988000e-01 1.75882299e+08
7.03037000e-01 1.76293976e+08
7.03087000e-01 1.76343663e+08
7.03136000e-01 1.76266102e+08
7.03185000e-01 1.76298823e+08
7.03235000e-01 1.76423647e+08
7.03284000e-01 1.76648815e+08
7.03334000e-01 1.76504722e+08
7.03383000e-01 1.76539867e+08
7.03433000e-01 1.76631849e+08
7.03482000e-01 1.76794120e+08
7.03532000e-01 1.76872893e+08
7.03581000e-01 1.77288205e+08
7.03631000e-01 1.77318503e+08
7.03680000e-01 1.76774730e+08
7.03730000e-01 1.75943984e+08
7.03779000e-01 1.75145958e+08
7.03829000e-01 1.74317635e+08
7.03878000e-01 1.74077925e+08
7.03928000e-01 1.74542925e+08
7.03977000e-01 1.75056400e+08
7.04027000e-01 1.75454746e+08
7.04077000e-01 1.75911384e+08
7.04126000e-01 1.75891994e+08
7.04176000e-01 1.75578358e+08
7.04225000e-01 1.75747901e+08
7.04275000e-01 1.76292764e+08
7.04325000e-01 1.76666994e+08
7.04374000e-01 1.77150172e+08
7.04424000e-01 1.77857427e+08
7.04473000e-01 1.78068174e+08
7.04523000e-01 1.77919233e+08
7.04573000e-01 1.77989401e+08
7.04622000e-01 1.77985766e+08
7.04672000e-01 1.77954257e+08
7.04722000e-01 1.77945774e+08
7.04771000e-01 1.77905903e+08
7.04821000e-01 1.77742420e+08
7.04871000e-01 1.77844097e+08
7.04920000e-01 1.78014851e+08
7.04970000e-01 1.78200148e+08
7.05020000e-01 1.78385445e+08
7.05069000e-01 1.78513784e+08
7.05119000e-01 1.78111681e+08
7.05169000e-01 1.77730301e+08
7.05219000e-01 1.77324562e+08
7.05268000e-01 1.76901978e+08
7.05318000e-01 1.76628213e+08
7.05368000e-01 1.76589554e+08
7.05418000e-01 1.76221384e+08
7.05467000e-01 1.75716392e+08
7.05517000e-01 1.75372459e+08
7.05567000e-01 1.74960661e+08
7.05617000e-01 1.74532018e+08
7.05667000e-01 1.74462940e+08
7.05716000e-01 1.74665204e+08
7.05766000e-01 1.74808085e+08
7.05816000e-01 1.74997018e+08
7.05866000e-01 1.74934000e+08
7.05916000e-01 1.74638542e+08
7.05965000e-01 1.74368535e+08
7.06015000e-01 1.74367323e+08
7.06065000e-01 1.74390348e+08
7.06115000e-01 1.74650661e+08
7.06165000e-01 1.74942483e+08
7.06215000e-01 1.75257451e+08
7.06265000e-01 1.75319136e+08
7.06314000e-01 1.75373671e+08
7.06364000e-01 1.75368824e+08
7.06414000e-01 1.75680035e+08
7.06464000e-01 1.75916232e+08
7.06514000e-01 1.76232291e+08
7.06564000e-01 1.76536231e+08
7.06614000e-01 1.76756673e+08
7.06664000e-01 1.76019121e+08
7.06714000e-01 1.75130204e+08
7.06764000e-01 1.74312788e+08
7.06814000e-01 1.73193855e+08
7.06864000e-01 1.72390982e+08
7.06914000e-01 1.72530228e+08
7.06964000e-01 1.72336447e+08
7.07014000e-01 1.71881143e+08
7.07064000e-01 1.71772073e+08
7.07114000e-01 1.71565083e+08
7.07164000e-01 1.71063727e+08
7.07214000e-01 1.71285259e+08
7.07264000e-01 1.72519321e+08
7.07314000e-01 1.73611592e+08
7.07364000e-01 1.75056400e+08
7.07414000e-01 1.76278221e+08
7.07464000e-01 1.76882588e+08
7.07514000e-01 1.77150172e+08
7.07564000e-01 1.77511071e+08
7.07614000e-01 1.77653952e+08
7.07664000e-01 1.77859851e+08
7.07714000e-01 1.78105621e+08
7.07764000e-01 1.78306673e+08
7.07814000e-01 1.78304249e+08
7.07864000e-01 1.78258319e+08
7.07914000e-01 1.78097138e+08
7.07965000e-01 1.77901055e+08
7.08015000e-01 1.77721818e+08
7.08065000e-01 1.77558334e+08
7.08115000e-01 1.77362130e+08
7.08165000e-01 1.77041223e+08
7.08215000e-01 1.76599128e+08
7.08266000e-01 1.75956103e+08
7.08316000e-01 1.74982475e+08
7.08366000e-01 1.73836881e+08
7.08416000e-01 1.72800235e+08
7.08466000e-01 1.71877507e+08
7.08516000e-01 1.71033430e+08
7.08567000e-01 1.70486022e+08
7.08617000e-01 1.70167539e+08
7.08667000e-01 1.69932676e+08
7.08717000e-01 1.69828454e+08
7.08767000e-01 1.69919345e+08
7.08818000e-01 1.70053743e+08
7.08868000e-01 1.70123911e+08
7.08918000e-01 1.70274063e+08
7.08968000e-01 1.70331022e+08
7.09019000e-01 1.70243887e+08
7.09069000e-01 1.70229345e+08
7.09119000e-01 1.70262066e+08
7.09170000e-01 1.70173598e+08
7.09220000e-01 1.70063438e+08
7.09270000e-01 1.70011327e+08
7.09320000e-01 1.69886624e+08
7.09371000e-01 1.69815123e+08
7.09421000e-01 1.70117851e+08
7.09471000e-01 1.70500564e+08
7.09522000e-01 1.70873582e+08
7.09572000e-01 1.71274352e+08
7.09622000e-01 1.71669184e+08
7.09673000e-01 1.71754016e+08
7.09723000e-01 1.71768559e+08
7.09774000e-01 1.71790251e+08
7.09824000e-01 1.71798735e+08
7.09874000e-01 1.71820548e+08
7.09925000e-01 1.71990091e+08
7.09975000e-01 1.72188719e+08
7.10026000e-01 1.72387347e+08
7.10076000e-01 1.72631905e+08
7.10126000e-01 1.72922636e+08
7.10177000e-01 1.73007346e+08
7.10227000e-01 1.73055822e+08
7.10278000e-01 1.73168406e+08
7.10328000e-01 1.73282202e+08
7.10379000e-01 1.73328253e+08
7.10429000e-01 1.73376729e+08
7.10480000e-01 1.73407026e+08
7.10530000e-01 1.73397331e+08
7.10581000e-01 1.73236271e+08
7.10631000e-01 1.73009770e+08
7.10682000e-01 1.72802659e+08
7.10732000e-01 1.72593246e+08
7.10783000e-01 1.72404313e+08
7.10833000e-01 1.72346143e+08
7.10884000e-01 1.72309786e+08
7.10934000e-01 1.72100372e+08
7.10985000e-01 1.71802370e+08
7.11035000e-01 1.71365244e+08
7.11086000e-01 1.70876006e+08
7.11136000e-01 1.70449665e+08
7.11187000e-01 1.70132394e+08
7.11238000e-01 1.69859963e+08
7.11288000e-01 1.69655275e+08
7.11339000e-01 1.69390115e+08
7.11389000e-01 1.69025580e+08
7.11440000e-01 1.68753149e+08
7.11491000e-01 1.68648927e+08
7.11541000e-01 1.68634384e+08
7.11592000e-01 1.68824529e+08
7.11642000e-01 1.69110291e+08
7.11693000e-01 1.69501487e+08
7.11744000e-01 1.69822394e+08
7.11794000e-01 1.70061014e+08
7.11845000e-01 1.70245099e+08
7.11896000e-01 1.70515107e+08
7.11946000e-01 1.70728277e+08
7.11997000e-01 1.70783903e+08
7.12048000e-01 1.70384345e+08
7.12099000e-01 1.69850267e+08
7.12149000e-01 1.69296800e+08
7.12200000e-01 1.68813622e+08
7.12251000e-01 1.68423759e+08
7.12301000e-01 1.68501198e+08
7.12352000e-01 1.68592089e+08
7.12403000e-01 1.68600573e+08
7.12454000e-01 1.68474537e+08
7.12504000e-01 1.68288028e+08
7.12555000e-01 1.68240885e+08
7.12606000e-01 1.68719216e+08
7.12657000e-01 1.69291952e+08
7.12708000e-01 1.69899955e+08
7.12758000e-01 1.70482386e+08
7.12809000e-01 1.70845709e+08
7.12860000e-01 1.70642234e+08
7.12911000e-01 1.70070709e+08
7.12962000e-01 1.69296800e+08
7.13012000e-01 1.68629537e+08
7.13063000e-01 1.68028927e+08
7.13114000e-01 1.67446374e+08
7.13165000e-01 1.66959561e+08
7.13216000e-01 1.66635018e+08
7.13267000e-01 1.66305628e+08
7.13318000e-01 1.66079248e+08
7.13369000e-01 1.66021078e+08
7.13419000e-01 1.66182137e+08
7.13470000e-01 1.66773173e+08
7.13521000e-01 1.67538478e+08
7.13572000e-01 1.68221495e+08
7.13623000e-01 1.68929963e+08
7.13674000e-01 1.69664970e+08
7.13725000e-01 1.70114216e+08
7.13776000e-01 1.70366166e+08
7.13827000e-01 1.70569642e+08
7.13878000e-01 1.70665259e+08
7.13929000e-01 1.70609513e+08
7.13980000e-01 1.70524802e+08
7.14031000e-01 1.70437668e+08
7.14082000e-01 1.70251159e+08
7.14133000e-01 1.70216014e+08
7.14184000e-01 1.70139665e+08
7.14235000e-01 1.69982242e+08
7.14286000e-01 1.69862386e+08
7.14337000e-01 1.69937523e+08
7.14388000e-01 1.69960428e+08
7.14439000e-01 1.69910862e+08
7.14490000e-01 1.69850267e+08
7.14541000e-01 1.69726776e+08
7.14592000e-01 1.69437379e+08
7.14643000e-01 1.68578759e+08
7.14694000e-01 1.67322883e+08
7.14745000e-01 1.66050163e+08
7.14796000e-01 1.64794287e+08
7.14847000e-01 1.63611246e+08
7.14898000e-01 1.63148549e+08
7.14950000e-01 1.63269737e+08
7.15001000e-01 1.63127947e+08
7.15052000e-01 1.62734448e+08
7.15103000e-01 1.62273084e+08
7.15154000e-01 1.62173709e+08
7.15205000e-01 1.62899143e+08
7.15256000e-01 1.64239729e+08
7.15308000e-01 1.65736527e+08
7.15359000e-01 1.67194545e+08
7.15410000e-01 1.67988935e+08
7.15461000e-01 1.67737105e+08
7.15512000e-01 1.67341062e+08
7.15564000e-01 1.67279377e+08
7.15615000e-01 1.67288951e+08
7.15666000e-01 1.67493638e+08
7.15717000e-01 1.67804850e+08
7.15768000e-01 1.67916343e+08
7.15820000e-01 1.67664392e+08
7.15871000e-01 1.67318036e+08
7.15922000e-01 1.67116984e+08
7.15973000e-01 1.67219994e+08
7.16025000e-01 1.67716503e+08
7.16076000e-01 1.68182715e+08
7.16127000e-01 1.68642867e+08
7.16178000e-01 1.68998919e+08
7.16230000e-01 1.69006190e+08
7.16281000e-01 1.68334079e+08
7.16332000e-01 1.67284103e+08
7.16384000e-01 1.65935155e+08
7.16435000e-01 1.64486711e+08
7.16486000e-01 1.63129159e+08
7.16538000e-01 1.62434143e+08
7.16589000e-01 1.62234304e+08
7.16640000e-01 1.62452322e+08
7.16692000e-01 1.62785347e+08
7.16743000e-01 1.63045660e+08
7.16794000e-01 1.63559135e+08
7.16846000e-01 1.64707153e+08
7.16897000e-01 1.66110757e+08
7.16949000e-01 1.67740741e+08
7.17000000e-01 1.69363454e+08
7.17052000e-01 1.70781479e+08
7.17103000e-01 1.71549329e+08
7.17154000e-01 1.72030083e+08
7.17206000e-01 1.72203261e+08
7.17257000e-01 1.72294031e+08
7.17309000e-01 1.72335236e+08
7.17360000e-01 1.72321905e+08
7.17412000e-01 1.72093101e+08
7.17463000e-01 1.71803582e+08
7.17515000e-01 1.71332523e+08
7.17566000e-01 1.70740396e+08
7.17617000e-01 1.70179658e+08
7.17669000e-01 1.69799368e+08
7.17721000e-01 1.69469978e+08
7.17772000e-01 1.69244810e+08
7.17824000e-01 1.68857250e+08
7.17875000e-01 1.68315901e+08
7.17927000e-01 1.67728622e+08
7.17978000e-01 1.66928173e+08
7.18030000e-01 1.65913341e+08
7.18081000e-01 1.65307763e+08
7.18133000e-01 1.64975949e+08
7.18184000e-01 1.64766535e+08
7.18236000e-01 1.64775018e+08
7.18288000e-01 1.64975949e+08
7.18339000e-01 1.65034119e+08
7.18391000e-01 1.65161246e+08
7.18442000e-01 1.65294432e+08
7.18494000e-01 1.65552442e+08
7.18546000e-01 1.65797000e+08
7.18597000e-01 1.65817602e+08
7.18649000e-01 1.65570620e+08
7.18701000e-01 1.65225476e+08
7.18752000e-01 1.64421391e+08
7.18804000e-01 1.63479151e+08
7.18856000e-01 1.62675066e+08
7.18907000e-01 1.61964175e+08
7.18959000e-01 1.61294488e+08
7.19011000e-01 1.60737506e+08
7.19062000e-01 1.60578870e+08
7.19114000e-01 1.61099617e+08
7.19166000e-01 1.61631149e+08
7.19217000e-01 1.61847955e+08
7.19269000e-01 1.62378397e+08
7.19321000e-01 1.62959616e+08
7.19373000e-01 1.63048084e+08
7.19424000e-01 1.63277009e+08
7.19476000e-01 1.63755339e+08
7.19528000e-01 1.63858228e+08
7.19580000e-01 1.63729890e+08
7.19632000e-01 1.63515507e+08
7.19683000e-01 1.63268525e+08
7.19735000e-01 1.63474303e+08
7.19787000e-01 1.64199737e+08
7.19839000e-01 1.65210933e+08
7.19891000e-01 1.66328654e+08
7.19942000e-01 1.67269682e+08
7.19994000e-01 1.67709232e+08
7.20046000e-01 1.67745589e+08
7.20098000e-01 1.67855749e+08
7.20150000e-01 1.67927250e+08
7.20202000e-01 1.68021656e+08
7.20254000e-01 1.68259064e+08
7.20305000e-01 1.68671953e+08
7.20357000e-01 1.68898454e+08
7.20409000e-01 1.69035275e+08
7.20461000e-01 1.69118774e+08
7.20513000e-01 1.68885123e+08
7.20565000e-01 1.67863020e+08
7.20617000e-01 1.66679858e+08
7.20669000e-01 1.65610612e+08
7.20721000e-01 1.64552153e+08
7.20773000e-01 1.63376262e+08
7.20825000e-01 1.62734448e+08
7.20877000e-01 1.62289929e+08
7.20929000e-01 1.61724464e+08
7.20981000e-01 1.61157666e+08
7.21032000e-01 1.60735082e+08
7.21085000e-01 1.60856149e+08
7.21137000e-01 1.61787482e+08
7.21189000e-01 1.62902779e+08
7.21241000e-01 1.64028983e+08
7.21293000e-01 1.65267892e+08
7.21345000e-01 1.66250002e+08
7.21397000e-01 1.66456992e+08
7.21449000e-01 1.66409850e+08
7.21501000e-01 1.66316535e+08
7.21553000e-01 1.66180925e+08
7.21605000e-01 1.65990780e+08
7.21657000e-01 1.65874561e+08
7.21709000e-01 1.65844264e+08
7.21761000e-01 1.66136085e+08
7.21813000e-01 1.66329866e+08
7.21865000e-01 1.66414698e+08
7.21917000e-01 1.66375917e+08
7.21970000e-01 1.66293509e+08
7.22022000e-01 1.66247579e+08
7.22074000e-01 1.66206375e+08
7.22126000e-01 1.65841840e+08
7.22178000e-01 1.64996551e+08
7.22230000e-01 1.63981719e+08
7.22282000e-01 1.62865210e+08
7.22335000e-01 1.61937634e+08
7.22387000e-01 1.61534320e+08
7.22439000e-01 1.61513717e+08
7.22491000e-01 1.61752337e+08
7.22543000e-01 1.62173709e+08
7.22596000e-01 1.62448686e+08
7.22648000e-01 1.62618229e+08
7.22700000e-01 1.62958404e+08
7.22752000e-01 1.63663236e+08
7.22805000e-01 1.64479440e+08
7.22857000e-01 1.65478517e+08
7.22909000e-01 1.66374705e+08
7.22961000e-01 1.66959561e+08
7.23014000e-01 1.67304705e+08
7.23066000e-01 1.67462129e+08
7.23118000e-01 1.67543325e+08
7.23170000e-01 1.67706808e+08
7.23223000e-01 1.67808485e+08
7.23275000e-01 1.67816968e+08
7.23327000e-01 1.67844842e+08
7.23380000e-01 1.67706808e+08
7.23432000e-01 1.67338638e+08
7.23484000e-01 1.66919690e+08
7.23537000e-01 1.66465475e+08
7.23589000e-01 1.65959272e+08
7.23641000e-01 1.65673509e+08
7.23694000e-01 1.65588799e+08
7.23746000e-01 1.65520933e+08
7.23799000e-01 1.65256985e+08
7.23851000e-01 1.64822161e+08
7.23903000e-01 1.64460050e+08
7.23956000e-01 1.64268815e+08
7.24008000e-01 1.64207008e+08
7.24061000e-01 1.64351101e+08
7.24113000e-01 1.64681703e+08
7.24165000e-01 1.64946985e+08
7.24218000e-01 1.65008670e+08
7.24270000e-01 1.64873060e+08
7.24323000e-01 1.64559424e+08
7.24375000e-01 1.64243365e+08
7.24428000e-01 1.63996262e+08
7.24480000e-01 1.63789151e+08
7.24533000e-01 1.63687474e+08
7.24585000e-01 1.63751704e+08
7.24638000e-01 1.63819448e+08
7.24690000e-01 1.63843686e+08
7.24743000e-01 1.63864288e+08
7.24795000e-01 1.63807329e+08
7.24848000e-01 1.63825507e+08
7.24900000e-01 1.63863076e+08
7.24953000e-01 1.63817024e+08
7.25005000e-01 1.63716559e+08
7.25058000e-01 1.63600339e+08
7.25111000e-01 1.63376262e+08
7.25163000e-01 1.63092923e+08
7.25216000e-01 1.62859151e+08
7.25268000e-01 1.62636286e+08
7.25321000e-01 1.62443838e+08
7.25374000e-01 1.62201583e+08
7.25426000e-01 1.62149472e+08
7.25479000e-01 1.62333557e+08
7.25531000e-01 1.62779288e+08
7.25584000e-01 1.63470668e+08
7.25637000e-01 1.64272450e+08
7.25689000e-01 1.64932442e+08
7.25742000e-01 1.65348967e+08
7.25795000e-01 1.65608189e+08
7.25847000e-01 1.65730468e+08
7.25900000e-01 1.65811543e+08
7.25953000e-01 1.65604553e+08
7.26005000e-01 1.64856094e+08
7.26058000e-01 1.63890949e+08
7.26111000e-01 1.63000820e+08
7.26164000e-01 1.62121720e+08
7.26216000e-01 1.61502811e+08
7.26269000e-01 1.61459183e+08
7.26322000e-01 1.61654175e+08
7.26375000e-01 1.61749914e+08
7.26427000e-01 1.61747490e+08
7.26480000e-01 1.61766880e+08
7.26533000e-01 1.62258541e+08
7.26586000e-01 1.63175210e+08
7.26639000e-01 1.64152474e+08
7.26691000e-01 1.65150339e+08
7.26744000e-01 1.66024713e+08
7.26797000e-01 1.66381977e+08
7.26850000e-01 1.66327442e+08
7.26903000e-01 1.66224553e+08
7.26956000e-01 1.66185773e+08
7.27008000e-01 1.66161535e+08
7.27061000e-01 1.66071977e+08
7.27114000e-01 1.65930307e+08
7.27167000e-01 1.65774096e+08
7.27220000e-01 1.65654119e+08
7.27273000e-01 1.65581527e+08
7.27326000e-01 1.65479729e+08
7.27379000e-01 1.65181848e+08
7.27431000e-01 1.64779866e+08
7.27484000e-01 1.64381399e+08
7.27537000e-01 1.63980507e+08
7.27590000e-01 1.63676567e+08
7.27643000e-01 1.63589432e+08
7.27696000e-01 1.63517931e+08
7.27749000e-01 1.63298701e+08
7.27802000e-01 1.63058991e+08
7.27855000e-01 1.62770805e+08
7.27908000e-01 1.62677490e+08
7.27961000e-01 1.62922169e+08
7.28014000e-01 1.63297490e+08
7.28067000e-01 1.63504600e+08
7.28120000e-01 1.63519143e+08
7.28173000e-01 1.63296278e+08
7.28226000e-01 1.62977795e+08
7.28279000e-01 1.62645981e+08
7.28332000e-01 1.62058702e+08
7.28385000e-01 1.61429007e+08
7.28438000e-01 1.60959038e+08
7.28491000e-01 1.60404480e+08
7.28544000e-01 1.59821927e+08
7.28597000e-01 1.59732369e+08
7.28651000e-01 1.60122353e+08
7.28704000e-01 1.60150106e+08
7.28757000e-01 1.59392072e+08
7.28810000e-01 1.58279199e+08
7.28863000e-01 1.57510138e+08
7.28916000e-01 1.56862264e+08
7.28969000e-01 1.56326975e+08
7.29022000e-01 1.56434833e+08
7.29076000e-01 1.56925282e+08
7.29129000e-01 1.56594680e+08
7.29182000e-01 1.55555611e+08
7.29235000e-01 1.54936823e+08
7.29288000e-01 1.55175322e+08
7.29341000e-01 1.55722730e+08
7.29395000e-01 1.56661213e+08
7.29448000e-01 1.58184672e+08
7.29501000e-01 1.59777209e+08
7.29554000e-01 1.60824640e+08
7.29607000e-01 1.61288549e+08
7.29661000e-01 1.61885523e+08
7.29714000e-01 1.62610957e+08
7.29767000e-01 1.63095347e+08
7.29820000e-01 1.63341117e+08
7.29874000e-01 1.63660812e+08
7.29927000e-01 1.63793998e+08
7.29980000e-01 1.63671719e+08
7.30034000e-01 1.63456125e+08
7.30087000e-01 1.63229745e+08
7.30140000e-01 1.62966888e+08
7.30193000e-01 1.62791286e+08
7.30247000e-01 1.62701727e+08
7.30300000e-01 1.62882177e+08
7.30353000e-01 1.63129159e+08
7.30407000e-01 1.63539745e+08
7.30460000e-01 1.63855804e+08
7.30514000e-01 1.63939424e+08
7.30567000e-01 1.63909127e+08
7.30620000e-01 1.63457337e+08
7.30674000e-01 1.62527337e+08
7.30727000e-01 1.61740219e+08
7.30780000e-01 1.61121431e+08
7.30834000e-01 1.60511005e+08
7.30887000e-01 1.60198581e+08
7.30941000e-01 1.59884945e+08
7.30994000e-01 1.59186173e+08
7.31048000e-01 1.58623132e+08
7.31101000e-01 1.58064817e+08
7.31154000e-01 1.58019977e+08
7.31208000e-01 1.58811943e+08
7.31261000e-01 1.59808597e+08
7.31315000e-01 1.60616439e+08
7.31368000e-01 1.61499175e+08
7.31422000e-01 1.61913397e+08
7.31475000e-01 1.62176133e+08
7.31529000e-01 1.62706575e+08
7.31582000e-01 1.63268525e+08
7.31636000e-01 1.63765034e+08
7.31689000e-01 1.64334135e+08
7.31743000e-01 1.64578814e+08
7.31797000e-01 1.64468533e+08
7.31850000e-01 1.64265179e+08
7.31904000e-01 1.63763822e+08
7.31957000e-01 1.62962040e+08
7.32011000e-01 1.62294777e+08
7.32064000e-01 1.61635997e+08
7.32118000e-01 1.61072955e+08
7.32172000e-01 1.60977216e+08
7.32225000e-01 1.61311454e+08
7.32279000e-01 1.61523413e+08
7.32332000e-01 1.61673565e+08
7.32386000e-01 1.61588854e+08
7.32440000e-01 1.61266736e+08
7.32493000e-01 1.60742353e+08
7.32547000e-01 1.60324496e+08
7.32601000e-01 1.59943116e+08
7.32654000e-01 1.59714191e+08
7.32708000e-01 1.59674199e+08
7.32762000e-01 1.59784480e+08
7.32815000e-01 1.59728734e+08
7.32869000e-01 1.59561615e+08
7.32923000e-01 1.59128003e+08
7.32977000e-01 1.59020266e+08
7.33030000e-01 1.59502232e+08
7.33084000e-01 1.60147682e+08
7.33138000e-01 1.60846454e+08
7.33192000e-01 1.61723252e+08
7.33245000e-01 1.62067185e+08
7.33299000e-01 1.61892795e+08
7.33353000e-01 1.61637208e+08
7.33407000e-01 1.61373260e+08
7.33461000e-01 1.61416888e+08
7.33514000e-01 1.61816446e+08
7.33568000e-01 1.62211278e+08
7.33622000e-01 1.62573389e+08
7.33676000e-01 1.62853092e+08
7.33730000e-01 1.63106254e+08
7.33783000e-01 1.63278221e+08
7.33837000e-01 1.63355660e+08
7.33891000e-01 1.63454913e+08
7.33945000e-01 1.63626880e+08
7.33999000e-01 1.63647482e+08
7.34053000e-01 1.63576102e+08
7.34107000e-01 1.63568830e+08
7.34160000e-01 1.63543381e+08
7.34214000e-01 1.63453701e+08
7.34268000e-01 1.63237017e+08
7.34322000e-01 1.63010515e+08
7.34376000e-01 1.62839761e+08
7.34430000e-01 1.62690820e+08
7.34484000e-01 1.62574601e+08
7.34538000e-01 1.62551575e+08
7.34592000e-01 1.62520066e+08
7.34646000e-01 1.62403846e+08
7.34700000e-01 1.62202795e+08
7.34754000e-01 1.61994472e+08
7.34808000e-01 1.61877040e+08
7.34862000e-01 1.61868557e+08
7.34916000e-01 1.61880676e+08
7.34970000e-01 1.61751126e+08
7.35024000e-01 1.61505234e+08
7.35078000e-01 1.61309030e+08
7.35132000e-01 1.61057201e+08
7.35186000e-01 1.60745989e+08
7.35240000e-01 1.60577658e+08
7.35294000e-01 1.60553421e+08
7.35348000e-01 1.60259175e+08
7.35402000e-01 1.59660868e+08
7.35456000e-01 1.58850724e+08
7.35510000e-01 1.58337248e+08
7.35565000e-01 1.58046639e+08
7.35619000e-01 1.57920724e+08
7.35673000e-01 1.57988468e+08
7.35727000e-01 1.58437835e+08
7.35781000e-01 1.58705419e+08
7.35835000e-01 1.58839817e+08
7.35889000e-01 1.59032385e+08
7.35943000e-01 1.59618573e+08
7.35998000e-01 1.60192522e+08
7.36052000e-01 1.60535242e+08
7.36106000e-01 1.60727811e+08
7.36160000e-01 1.60930074e+08
7.36214000e-01 1.60701149e+08
7.36269000e-01 1.60135563e+08
7.36323000e-01 1.59771149e+08
7.36377000e-01 1.59568886e+08
7.36431000e-01 1.59315723e+08
7.36485000e-01 1.59065106e+08
7.36540000e-01 1.59068742e+08
7.36594000e-01 1.59315723e+08
7.36648000e-01 1.59704496e+08
7.36703000e-01 1.60036310e+08
7.36757000e-01 1.60656310e+08
7.36811000e-01 1.61419312e+08
7.36865000e-01 1.61885523e+08
7.36920000e-01 1.62018710e+08
7.36974000e-01 1.62154319e+08
7.37028000e-01 1.62184616e+08
7.37083000e-01 1.62109601e+08
7.37137000e-01 1.61977505e+08
7.37191000e-01 1.61751126e+08
7.37246000e-01 1.61591278e+08
7.37300000e-01 1.61381743e+08
7.37354000e-01 1.61123854e+08
7.37409000e-01 1.60924015e+08
7.37463000e-01 1.60844030e+08
7.37518000e-01 1.60716904e+08
7.37572000e-01 1.60547361e+08
7.37626000e-01 1.60337826e+08
7.37681000e-01 1.60219183e+08
7.37735000e-01 1.60013284e+08
7.37790000e-01 1.59675411e+08
7.37844000e-01 1.59457514e+08
7.37898000e-01 1.59545860e+08
7.37953000e-01 1.59629359e+08
7.38007000e-01 1.59734793e+08
7.38062000e-01 1.59858284e+08
7.38116000e-01 1.59842529e+08
7.38171000e-01 1.59612514e+08
7.38225000e-01 1.59318147e+08
7.38280000e-01 1.59195868e+08
7.38334000e-01 1.59141333e+08
7.38389000e-01 1.59015419e+08
7.38443000e-01 1.58744199e+08
7.38498000e-01 1.58006646e+08
7.38552000e-01 1.57155298e+08
7.38607000e-01 1.56090900e+08
7.38661000e-01 1.55169262e+08
7.38716000e-01 1.54693356e+08
7.38771000e-01 1.54259865e+08
7.38825000e-01 1.53098516e+08
7.38880000e-01 1.52466398e+08
7.38934000e-01 1.51917778e+08
7.38989000e-01 1.51632015e+08
7.39044000e-01 1.52097015e+08
7.39098000e-01 1.53196558e+08
7.39153000e-01 1.54208966e+08
7.39208000e-01 1.55011839e+08
7.39262000e-01 1.55078492e+08
7.39317000e-01 1.55435756e+08
7.39372000e-01 1.56139254e+08
7.39426000e-01 1.56658789e+08
7.39481000e-01 1.57338171e+08
7.39536000e-01 1.58261021e+08
7.39590000e-01 1.58555266e+08
7.39645000e-01 1.58354215e+08
7.39700000e-01 1.58167706e+08
7.39754000e-01 1.58405114e+08
7.39809000e-01 1.58918589e+08
7.39864000e-01 1.59184961e+08
7.39919000e-01 1.59237072e+08
7.39973000e-01 1.59054199e+08
7.40028000e-01 1.58340884e+08
7.40083000e-01 1.57611936e+08
7.40138000e-01 1.57179536e+08
7.40192000e-01 1.57058468e+08
7.40247000e-01 1.57184383e+08
7.40302000e-01 1.57494383e+08
7.40357000e-01 1.57584062e+08
7.40412000e-01 1.57633629e+08
7.40466000e-01 1.57551342e+08
7.40521000e-01 1.57858918e+08
7.40576000e-01 1.58411173e+08
7.40631000e-01 1.59103886e+08
7.40686000e-01 1.59714191e+08
7.40741000e-01 1.59905547e+08
7.40796000e-01 1.58986333e+08
7.40851000e-01 1.57955868e+08
7.40905000e-01 1.56615282e+08
7.40960000e-01 1.55203195e+08
7.41015000e-01 1.54322761e+08
7.41070000e-01 1.54311854e+08
7.41125000e-01 1.54190787e+08
7.41180000e-01 1.54175033e+08
7.41235000e-01 1.54013973e+08
7.41290000e-01 1.54330033e+08
7.41345000e-01 1.54601374e+08
7.41400000e-01 1.54405170e+08
7.41455000e-01 1.54068508e+08
7.41510000e-01 1.54621976e+08
7.41565000e-01 1.54961061e+08
7.41620000e-01 1.55042136e+08
7.41675000e-01 1.55149872e+08
7.41730000e-01 1.55151084e+08
7.41785000e-01 1.54647304e+08
7.41840000e-01 1.54028516e+08
7.41895000e-01 1.53631382e+08
7.41950000e-01 1.54004278e+08
7.42005000e-01 1.54959849e+08
7.42060000e-01 1.55562882e+08
7.42115000e-01 1.55560459e+08
7.42170000e-01 1.55106366e+08
7.42225000e-01 1.54139888e+08
7.42280000e-01 1.53321261e+08
7.42335000e-01 1.52733982e+08
7.42391000e-01 1.52660057e+08
7.42446000e-01 1.52913219e+08
7.42501000e-01 1.53320049e+08
7.42556000e-01 1.53383067e+08
7.42611000e-01 1.53866245e+08
7.42666000e-01 1.54451221e+08
7.42721000e-01 1.55561670e+08
7.42776000e-01 1.56927706e+08
7.42832000e-01 1.58466799e+08
7.42887000e-01 1.59515563e+08
7.42942000e-01 1.60201005e+08
7.42997000e-01 1.60362064e+08
7.43052000e-01 1.60135563e+08
7.43108000e-01 1.59700860e+08
7.43163000e-01 1.59309664e+08
7.43218000e-01 1.59094191e+08
7.43273000e-01 1.58885868e+08
7.43329000e-01 1.58681181e+08
7.43384000e-01 1.58429352e+08
7.43439000e-01 1.58333613e+08
7.43494000e-01 1.58423292e+08
7.43550000e-01 1.58730868e+08
7.43605000e-01 1.59099039e+08
7.43660000e-01 1.59531318e+08
7.43716000e-01 1.59897064e+08
7.43771000e-01 1.60122353e+08
7.43826000e-01 1.60278565e+08
7.43882000e-01 1.60284625e+08
7.43937000e-01 1.60092056e+08
7.43992000e-01 1.59697225e+08
7.44048000e-01 1.59295121e+08
7.44103000e-01 1.58717538e+08
7.44158000e-01 1.58028460e+08
7.44214000e-01 1.57667561e+08
7.44269000e-01 1.57474993e+08
7.44325000e-01 1.57149238e+08
7.44380000e-01 1.56503789e+08
7.44435000e-01 1.55573789e+08
7.44491000e-01 1.54845932e+08
7.44546000e-01 1.54181092e+08
7.44602000e-01 1.53416999e+08
7.44657000e-01 1.53419423e+08
7.44713000e-01 1.54114560e+08
7.44768000e-01 1.54337304e+08
7.44823000e-01 1.54270772e+08
7.44879000e-01 1.54236839e+08
7.44934000e-01 1.54527449e+08
7.44990000e-01 1.55105154e+08
7.45045000e-01 1.55679102e+08
7.45101000e-01 1.56507425e+08
7.45156000e-01 1.57529528e+08
7.45212000e-01 1.57929207e+08
7.45268000e-01 1.57874672e+08
7.45323000e-01 1.58007858e+08
7.45379000e-01 1.58155587e+08
7.45434000e-01 1.58377241e+08
7.45490000e-01 1.58679969e+08
7.45545000e-01 1.59009359e+08
7.45601000e-01 1.59178902e+08
7.45657000e-01 1.59247979e+08
7.45712000e-01 1.59302393e+08
7.45768000e-01 1.59473147e+08
7.45823000e-01 1.59711767e+08
7.45879000e-01 1.59939480e+08
7.45935000e-01 1.60131927e+08
7.45990000e-01 1.60044793e+08
7.46046000e-01 1.59343597e+08
7.46102000e-01 1.58207698e+08
7.46157000e-01 1.57230435e+08
7.46213000e-01 1.56305161e+08
7.46269000e-01 1.55587120e+08
7.46324000e-01 1.55335169e+08
7.46380000e-01 1.55518043e+08
7.46436000e-01 1.55531373e+08
7.46492000e-01 1.55496229e+08
7.46547000e-01 1.55487746e+08
7.46603000e-01 1.56007280e+08
7.46659000e-01 1.56787249e+08
7.46714000e-01 1.57594969e+08
7.46770000e-01 1.58432987e+08
7.46826000e-01 1.59280700e+08
7.46882000e-01 1.59599183e+08
7.46938000e-01 1.59617361e+08
7.46993000e-01 1.59557979e+08
7.47049000e-01 1.59445395e+08
7.47105000e-01 1.59291607e+08
7.47161000e-01 1.58971791e+08
7.47217000e-01 1.58448742e+08
7.47272000e-01 1.58093902e+08
7.47328000e-01 1.57843163e+08
7.47384000e-01 1.57553765e+08
7.47440000e-01 1.57310298e+08
7.47496000e-01 1.57114215e+08
7.47552000e-01 1.56896197e+08
7.47608000e-01 1.56683027e+08
7.47664000e-01 1.56445740e+08
7.47719000e-01 1.56511060e+08
7.47775000e-01 1.56827120e+08
7.47831000e-01 1.57053621e+08
7.47887000e-01 1.57358773e+08
7.47943000e-01 1.57674833e+08
7.47999000e-01 1.57868613e+08
7.48055000e-01 1.57975137e+08
7.48111000e-01 1.58109657e+08
7.48167000e-01 1.58115716e+08
7.48223000e-01 1.57998163e+08
7.48279000e-01 1.57696646e+08
7.48335000e-01 1.57493171e+08
7.48391000e-01 1.57269215e+08
7.48447000e-01 1.57083918e+08
7.48503000e-01 1.57060892e+08
7.48559000e-01 1.57178324e+08
7.48615000e-01 1.57311510e+08
7.48671000e-01 1.57432698e+08
7.48727000e-01 1.57678468e+08
7.48783000e-01 1.58023613e+08
7.48839000e-01 1.58254961e+08
7.48895000e-01 1.58456013e+08
7.48951000e-01 1.58571021e+08
7.49008000e-01 1.58287682e+08
7.49064000e-01 1.57838316e+08
7.49120000e-01 1.57436334e+08
7.49176000e-01 1.56948308e+08
7.49232000e-01 1.56514696e+08
7.49288000e-01 1.56081205e+08
7.49344000e-01 1.55186229e+08
7.49401000e-01 1.53917144e+08
7.49457000e-01 1.52713380e+08
7.49513000e-01 1.51805194e+08
7.49569000e-01 1.51447930e+08
7.49625000e-01 1.51716726e+08
7.49681000e-01 1.52242320e+08
7.49738000e-01 1.52525659e+08
7.49794000e-01 1.52546261e+08
7.49850000e-01 1.52542625e+08
7.49906000e-01 1.53050041e+08
7.49963000e-01 1.53912296e+08
7.50019000e-01 1.54977906e+08
7.50075000e-01 1.56119985e+08
7.50131000e-01 1.57002722e+08
7.50188000e-01 1.57231647e+08
7.50244000e-01 1.57361197e+08
7.50300000e-01 1.57567096e+08
7.50356000e-01 1.57666349e+08
7.50413000e-01 1.57724520e+08
7.50469000e-01 1.57720884e+08
7.50525000e-01 1.57633629e+08
7.50582000e-01 1.57450876e+08
7.50638000e-01 1.57376951e+08
7.50694000e-01 1.57367256e+08
7.50751000e-01 1.57421791e+08
7.50807000e-01 1.57359985e+08
7.50863000e-01 1.57247401e+08
7.50920000e-01 1.56534086e+08
7.50976000e-01 1.55096671e+08
7.51033000e-01 1.53959560e+08
7.51089000e-01 1.52868379e+08
7.51146000e-01 1.51870514e+08
7.51202000e-01 1.51418845e+08
7.51258000e-01 1.51685217e+08
7.51315000e-01 1.51686429e+08
7.51371000e-01 1.51433388e+08
7.51428000e-01 1.50852047e+08
7.51484000e-01 1.51134295e+08
7.51541000e-01 1.51966253e+08
7.51597000e-01 1.52953211e+08
7.51654000e-01 1.54113348e+08
7.51710000e-01 1.55559247e+08
7.51767000e-01 1.56176823e+08
7.51823000e-01 1.56283469e+08
7.51880000e-01 1.56245900e+08
7.51936000e-01 1.56227722e+08
7.51993000e-01 1.56342730e+08
7.52049000e-01 1.56623766e+08
7.52106000e-01 1.56571655e+08
7.52162000e-01 1.56031518e+08
7.52219000e-01 1.55554399e+08
7.52276000e-01 1.55040924e+08
7.52332000e-01 1.54316702e+08
7.52389000e-01 1.53494439e+08
7.52445000e-01 1.53300780e+08
7.52502000e-01 1.53005201e+08
7.52559000e-01 1.52623821e+08
7.52615000e-01 1.52324607e+08
7.52672000e-01 1.52886558e+08
7.52729000e-01 1.53619263e+08
7.52785000e-01 1.54349423e+08
7.52842000e-01 1.54964696e+08
7.52899000e-01 1.56001221e+08
7.52955000e-01 1.56314856e+08
7.53012000e-01 1.56165916e+08
7.53069000e-01 1.56083629e+08
7.53125000e-01 1.56157433e+08
7.53182000e-01 1.55905603e+08
7.53239000e-01 1.55736061e+08
7.53296000e-01 1.55631960e+08
7.53352000e-01 1.55445451e+08
7.53409000e-01 1.55181381e+08
7.53466000e-01 1.55107578e+08
7.53523000e-01 1.55314567e+08
7.53579000e-01 1.55602875e+08
7.53636000e-01 1.55882577e+08
7.53693000e-01 1.56256807e+08
7.53750000e-01 1.56552264e+08
7.53807000e-01 1.56582562e+08
7.53864000e-01 1.56520755e+08
7.53920000e-01 1.56542569e+08
7.53977000e-01 1.56547417e+08
7.54034000e-01 1.56413019e+08
7.54091000e-01 1.56289528e+08
7.54148000e-01 1.56156221e+08
7.54205000e-01 1.56001221e+08
7.54262000e-01 1.55857128e+08
7.54318000e-01 1.55789383e+08
7.54375000e-01 1.55715459e+08
7.54432000e-01 1.55663348e+08
7.54489000e-01 1.55584696e+08
7.54546000e-01 1.55496229e+08
7.54603000e-01 1.55326686e+08
7.54660000e-01 1.55096671e+08
7.54717000e-01 1.54904102e+08
7.54774000e-01 1.54780611e+08
7.54831000e-01 1.54775764e+08
7.54888000e-01 1.54919857e+08
7.54945000e-01 1.55107578e+08
7.55002000e-01 1.55233492e+08
7.55059000e-01 1.55304872e+08
7.55116000e-01 1.55331534e+08
7.55173000e-01 1.55432120e+08
7.55230000e-01 1.55577425e+08
7.55287000e-01 1.55744544e+08
7.55344000e-01 1.55774841e+08
7.55401000e-01 1.55396975e+08
7.55458000e-01 1.54964696e+08
7.55515000e-01 1.54571076e+08
7.55572000e-01 1.54108500e+08
7.55629000e-01 1.53780322e+08
7.55687000e-01 1.53965619e+08
7.55744000e-01 1.54139888e+08
7.55801000e-01 1.54056389e+08
7.55858000e-01 1.53633805e+08
7.55915000e-01 1.53375795e+08
7.55972000e-01 1.53387914e+08
7.56029000e-01 1.53488379e+08
7.56086000e-01 1.53637441e+08
7.56144000e-01 1.54193211e+08
7.56201000e-01 1.54653363e+08
7.56258000e-01 1.54744255e+08
7.56315000e-01 1.54615916e+08
7.56372000e-01 1.54568653e+08
7.56430000e-01 1.54841084e+08
7.56487000e-01 1.55284391e+08
7.56544000e-01 1.55779688e+08
7.56601000e-01 1.56363332e+08
7.56659000e-01 1.56934977e+08
7.56716000e-01 1.56898621e+08
7.56773000e-01 1.56184094e+08
7.56830000e-01 1.55566518e+08
7.56888000e-01 1.55137753e+08
7.56945000e-01 1.54764857e+08
7.57002000e-01 1.54602585e+08
7.57060000e-01 1.54877441e+08
7.57117000e-01 1.55034864e+08
7.57174000e-01 1.54953789e+08
7.57232000e-01 1.54512906e+08
7.57289000e-01 1.54201694e+08
7.57346000e-01 1.54248958e+08
7.57404000e-01 1.54331245e+08
7.57461000e-01 1.54520177e+08
7.57518000e-01 1.55013051e+08
7.57576000e-01 1.55310932e+08
7.57633000e-01 1.55097882e+08
7.57691000e-01 1.54785459e+08
7.57748000e-01 1.54380932e+08
7.57805000e-01 1.54328821e+08
7.57863000e-01 1.54478973e+08
7.57920000e-01 1.54818058e+08
7.57978000e-01 1.55206831e+08
7.58035000e-01 1.55594391e+08
7.58093000e-01 1.55496229e+08
7.58150000e-01 1.55330322e+08
7.58208000e-01 1.54855627e+08
7.58265000e-01 1.54021245e+08
7.58323000e-01 1.53425483e+08
7.58380000e-01 1.52852625e+08
7.58438000e-01 1.51854760e+08
7.58495000e-01 1.51021589e+08
7.58553000e-01 1.50611124e+08
7.58610000e-01 1.50108556e+08
7.58668000e-01 1.49527215e+08
7.58725000e-01 1.49279021e+08
7.58783000e-01 1.49691910e+08
7.58841000e-01 1.50211445e+08
7.58898000e-01 1.50545683e+08
7.58956000e-01 1.51269904e+08
7.59013000e-01 1.52304126e+08
7.59071000e-01 1.52896253e+08
7.59129000e-01 1.53286237e+08
7.59186000e-01 1.53862609e+08
7.59244000e-01 1.54221084e+08
7.59301000e-01 1.54201694e+08
7.59359000e-01 1.53995795e+08
7.59417000e-01 1.53873516e+08
7.59474000e-01 1.53689431e+08
7.59532000e-01 1.53507769e+08
7.59590000e-01 1.53435178e+08
7.59648000e-01 1.53470322e+08
7.59705000e-01 1.53410940e+08
7.59763000e-01 1.53374583e+08
7.59821000e-01 1.53426694e+08
7.59878000e-01 1.53538067e+08
7.59936000e-01 1.53579271e+08
7.59994000e-01 1.53643379e+08
7.60052000e-01 1.53565940e+08
7.60109000e-01 1.53207465e+08
7.60167000e-01 1.52868379e+08
7.60225000e-01 1.52616550e+08
7.60283000e-01 1.52354904e+08
7.60341000e-01 1.52110346e+08
7.60398000e-01 1.51891116e+08
7.60456000e-01 1.51680370e+08
7.60514000e-01 1.51275964e+08
7.60572000e-01 1.50885980e+08
7.60630000e-01 1.50895675e+08
7.60688000e-01 1.51256574e+08
7.60746000e-01 1.51516886e+08
7.60803000e-01 1.51780956e+08
7.60861000e-01 1.51794287e+08
7.60919000e-01 1.51589599e+08
7.60977000e-01 1.51327954e+08
7.61035000e-01 1.51198403e+08
7.61093000e-01 1.51195980e+08
7.61151000e-01 1.51457625e+08
7.61209000e-01 1.51639287e+08
7.61267000e-01 1.51713090e+08
7.61325000e-01 1.51550819e+08
7.61383000e-01 1.51382489e+08
7.61441000e-01 1.51531429e+08
7.61499000e-01 1.51502344e+08
7.61557000e-01 1.50879920e+08
7.61615000e-01 1.50480241e+08
7.61673000e-01 1.49929318e+08
7.61731000e-01 1.49169952e+08
7.61789000e-01 1.48103130e+08
7.61847000e-01 1.47640554e+08
7.61905000e-01 1.46687408e+08
7.61963000e-01 1.46017720e+08
7.62021000e-01 1.45369847e+08
7.62079000e-01 1.45849390e+08
7.62137000e-01 1.46565128e+08
7.62195000e-01 1.47768893e+08
7.62253000e-01 1.48702528e+08
7.62311000e-01 1.50167817e+08
7.62369000e-01 1.50630514e+08
7.62428000e-01 1.51010683e+08
7.62486000e-01 1.51513251e+08
7.62544000e-01 1.52158700e+08
7.62602000e-01 1.52382778e+08
7.62660000e-01 1.52656421e+08
7.62718000e-01 1.52795788e+08
7.62776000e-01 1.52662480e+08
7.62835000e-01 1.52447007e+08
7.62893000e-01 1.52161124e+08
7.62951000e-01 1.52153853e+08
7.63009000e-01 1.52230201e+08
7.63068000e-01 1.52325819e+08
7.63126000e-01 1.52443372e+08
7.63184000e-01 1.52617762e+08
7.63242000e-01 1.52479607e+08
7.63301000e-01 1.52348845e+08
7.63359000e-01 1.52253227e+08
7.63417000e-01 1.52162336e+08
7.63475000e-01 1.52100651e+08
7.63534000e-01 1.52070354e+08
7.63592000e-01 1.52012183e+08
7.63650000e-01 1.51942015e+08
7.63709000e-01 1.51883845e+08
7.63767000e-01 1.51843853e+08
7.63825000e-01 1.51779744e+08
7.63884000e-01 1.51604142e+08
7.63942000e-01 1.51469744e+08
7.64000000e-01 1.51331589e+08
7.64059000e-01 1.51176589e+08
7.64117000e-01 1.51055522e+08
7.64175000e-01 1.51076124e+08
7.64234000e-01 1.51106421e+08
7.64292000e-01 1.51141566e+08
7.64351000e-01 1.51129447e+08
7.64409000e-01 1.51198403e+08
7.64468000e-01 1.51279600e+08
7.64526000e-01 1.51393395e+08
7.64584000e-01 1.51510827e+08
7.64643000e-01 1.51668251e+08
7.64701000e-01 1.51726421e+08
7.64760000e-01 1.51738540e+08
7.64818000e-01 1.51737328e+08
7.64877000e-01 1.51717938e+08
7.64935000e-01 1.51699760e+08
7.64994000e-01 1.51713090e+08
7.65052000e-01 1.51736116e+08
7.65111000e-01 1.51723997e+08
7.65169000e-01 1.51685217e+08
7.65228000e-01 1.51374005e+08
7.65287000e-01 1.51055522e+08
7.65345000e-01 1.50510538e+08
7.65404000e-01 1.49859029e+08
7.65462000e-01 1.49378275e+08
7.65521000e-01 1.49166316e+08
7.65580000e-01 1.48632360e+08
7.65638000e-01 1.47770105e+08
7.65697000e-01 1.46933299e+08
7.65755000e-01 1.45832423e+08
7.65814000e-01 1.44754695e+08
7.65873000e-01 1.43937279e+08
7.65931000e-01 1.43813788e+08
7.65990000e-01 1.43375329e+08
7.66049000e-01 1.43221541e+08
7.66107000e-01 1.42964864e+08
7.66166000e-01 1.43225176e+08
7.66225000e-01 1.43088354e+08
7.66284000e-01 1.42637897e+08
7.66342000e-01 1.41577014e+08
7.66401000e-01 1.41179758e+08
7.66460000e-01 1.40322472e+08
7.66518000e-01 1.40250971e+08
7.66577000e-01 1.41080505e+08
7.66636000e-01 1.42444117e+08
7.66695000e-01 1.43134406e+08
7.66754000e-01 1.43306372e+08
7.66812000e-01 1.43285770e+08
7.66871000e-01 1.44437424e+08
7.66930000e-01 1.46038322e+08
7.66989000e-01 1.47785859e+08
7.67048000e-01 1.49850546e+08
7.67106000e-01 1.51505979e+08
7.67165000e-01 1.51853548e+08
7.67224000e-01 1.51698548e+08
7.67283000e-01 1.51522946e+08
7.67342000e-01 1.51576269e+08
7.67401000e-01 1.51704607e+08
7.67460000e-01 1.51785804e+08
7.67519000e-01 1.51877785e+08
7.67578000e-01 1.51920201e+08
7.67636000e-01 1.51777320e+08
7.67695000e-01 1.51565362e+08
7.67754000e-01 1.51406726e+08
7.67813000e-01 1.51105209e+08
7.67872000e-01 1.50396742e+08
7.67931000e-01 1.49782802e+08
7.67990000e-01 1.49305683e+08
7.68049000e-01 1.48828443e+08
7.68108000e-01 1.48455546e+08
7.68167000e-01 1.48488146e+08
7.68226000e-01 1.48433732e+08
7.68285000e-01 1.48271461e+08
7.68344000e-01 1.47957826e+08
7.68403000e-01 1.48109190e+08
7.68462000e-01 1.48421614e+08
7.68521000e-01 1.48720707e+08
7.68580000e-01 1.49048885e+08
7.68640000e-01 1.49519944e+08
7.68699000e-01 1.49504190e+08
7.68758000e-01 1.49269326e+08
7.68817000e-01 1.49070699e+08
7.68876000e-01 1.48912063e+08
7.68935000e-01 1.48765546e+08
7.68994000e-01 1.48199960e+08
7.69053000e-01 1.47790707e+08
7.69112000e-01 1.47384968e+08
7.69172000e-01 1.46951477e+08
7.69231000e-01 1.46722552e+08
7.69290000e-01 1.47134350e+08
7.69349000e-01 1.47438291e+08
7.69408000e-01 1.47539968e+08
7.69468000e-01 1.47504823e+08
7.69527000e-01 1.47845120e+08
7.69586000e-01 1.48310241e+08
7.69645000e-01 1.48822384e+08
7.69704000e-01 1.49188130e+08
7.69764000e-01 1.48869647e+08
7.69823000e-01 1.48310241e+08
7.69882000e-01 1.47409206e+08
7.69942000e-01 1.46550586e+08
7.70001000e-01 1.45998330e+08
7.70060000e-01 1.46367713e+08
7.70119000e-01 1.46504534e+08
7.70179000e-01 1.46496051e+08
7.70238000e-01 1.46140121e+08
7.70297000e-01 1.46636630e+08
7.70357000e-01 1.47340128e+08
7.70416000e-01 1.48029206e+08
7.70475000e-01 1.48795843e+08
7.70535000e-01 1.49862665e+08
7.70594000e-01 1.50090378e+08
7.70654000e-01 1.50032207e+08
7.70713000e-01 1.49958404e+08
7.70772000e-01 1.49937802e+08
7.70832000e-01 1.49706453e+08
7.70891000e-01 1.48874495e+08
7.70951000e-01 1.48139487e+08
7.71010000e-01 1.47140410e+08
7.71069000e-01 1.46303604e+08
7.71129000e-01 1.45721051e+08
7.71188000e-01 1.45701661e+08
7.71248000e-01 1.45368635e+08
7.71307000e-01 1.44792263e+08
7.71367000e-01 1.44095915e+08
7.71426000e-01 1.43982119e+08
7.71486000e-01 1.43984543e+08
7.71545000e-01 1.44558491e+08
7.71605000e-01 1.45748925e+08
7.71664000e-01 1.46959960e+08
7.71724000e-01 1.47422536e+08
7.71784000e-01 1.47581172e+08
7.71843000e-01 1.47876629e+08
7.71903000e-01 1.48083740e+08
7.71962000e-01 1.48254495e+08
7.72022000e-01 1.48539045e+08
7.72082000e-01 1.48823595e+08
7.72141000e-01 1.48298123e+08
7.72201000e-01 1.47519366e+08
7.72260000e-01 1.46854526e+08
7.72320000e-01 1.46210289e+08
7.72380000e-01 1.45540602e+08
7.72439000e-01 1.45304527e+08
7.72499000e-01 1.45453467e+08
7.72559000e-01 1.45320160e+08
7.72618000e-01 1.44640899e+08
7.72678000e-01 1.44524558e+08
7.72738000e-01 1.44748636e+08
7.72798000e-01 1.44874550e+08
7.72857000e-01 1.45136196e+08
7.72917000e-01 1.46131638e+08
7.72977000e-01 1.46869069e+08
7.73036000e-01 1.47122232e+08
7.73096000e-01 1.47124655e+08
7.73156000e-01 1.47646614e+08
7.73216000e-01 1.48003756e+08
7.73276000e-01 1.48276309e+08
7.73335000e-01 1.48608122e+08
7.73395000e-01 1.49157833e+08
7.73455000e-01 1.49220851e+08
7.73515000e-01 1.49239029e+08
7.73575000e-01 1.49208732e+08
7.73635000e-01 1.49133717e+08
7.73694000e-01 1.49023435e+08
7.73754000e-01 1.49035554e+08
7.73814000e-01 1.49062215e+08
7.73874000e-01 1.49093724e+08
7.73934000e-01 1.49160257e+08
7.73994000e-01 1.49241453e+08
7.74054000e-01 1.49080394e+08
7.74114000e-01 1.48464029e+08
7.74174000e-01 1.48006180e+08
7.74234000e-01 1.47579960e+08
7.74293000e-01 1.47133138e+08
7.74353000e-01 1.46717705e+08
7.74413000e-01 1.46489992e+08
7.74473000e-01 1.45665305e+08
7.74533000e-01 1.44843041e+08
7.74593000e-01 1.43816212e+08
7.74653000e-01 1.42620931e+08
7.74713000e-01 1.41351725e+08
7.74773000e-01 1.40594903e+08
7.74833000e-01 1.39863410e+08
7.74893000e-01 1.39259165e+08
7.74953000e-01 1.38631893e+08
7.75014000e-01 1.38928563e+08
7.75074000e-01 1.39400834e+08
7.75134000e-01 1.39582495e+08
7.75194000e-01 1.40128691e+08
7.75254000e-01 1.41621854e+08
7.75314000e-01 1.42900634e+08
7.75374000e-01 1.43980907e+08
7.75434000e-01 1.45197881e+08
7.75494000e-01 1.46447697e+08
7.75555000e-01 1.47121020e+08
7.75615000e-01 1.47401934e+08
7.75675000e-01 1.47647826e+08
7.75735000e-01 1.47944495e+08
7.75795000e-01 1.47817247e+08
7.75855000e-01 1.47604198e+08
7.75916000e-01 1.47375273e+08
7.75976000e-01 1.47165738e+08
7.76036000e-01 1.47014374e+08
7.76096000e-01 1.46990136e+08
7.76156000e-01 1.46963596e+08
7.76217000e-01 1.46939358e+08
7.76277000e-01 1.46842408e+08
7.76337000e-01 1.46812232e+08
7.76398000e-01 1.46769816e+08
7.76458000e-01 1.46812232e+08
7.76518000e-01 1.46955113e+08
7.76578000e-01 1.47175433e+08
7.76639000e-01 1.47295410e+08
7.76699000e-01 1.47424960e+08
7.76759000e-01 1.47445562e+08
7.76820000e-01 1.47376485e+08
7.76880000e-01 1.47286927e+08
7.76940000e-01 1.47223909e+08
7.77001000e-01 1.46982986e+08
7.77061000e-01 1.46427095e+08
7.77122000e-01 1.45974214e+08
7.77182000e-01 1.45499398e+08
7.77242000e-01 1.44734093e+08
7.77303000e-01 1.44034109e+08
7.77363000e-01 1.43475915e+08
7.77424000e-01 1.42818347e+08
7.77484000e-01 1.42176412e+08
7.77544000e-01 1.41730802e+08
7.77605000e-01 1.41716259e+08
7.77665000e-01 1.41976693e+08
7.77726000e-01 1.42176412e+08
7.77786000e-01 1.42550642e+08
7.77847000e-01 1.43066541e+08
7.77907000e-01 1.43289406e+08
7.77968000e-01 1.43563049e+08
7.78029000e-01 1.43910618e+08
7.78089000e-01 1.44138331e+08
7.78150000e-01 1.44315145e+08
7.78210000e-01 1.44458026e+08
7.78271000e-01 1.44587576e+08
7.78331000e-01 1.44718338e+08
7.78392000e-01 1.44766814e+08
7.78452000e-01 1.44873338e+08
7.78513000e-01 1.44976349e+08
7.78574000e-01 1.45081661e+08
7.78634000e-01 1.45186974e+08
7.78695000e-01 1.45203940e+08
7.78756000e-01 1.44714703e+08
7.78816000e-01 1.44373194e+08
7.78877000e-01 1.44063194e+08
7.78938000e-01 1.43750770e+08
7.78998000e-01 1.43570321e+08
7.79059000e-01 1.43815000e+08
7.79120000e-01 1.43942127e+08
7.79180000e-01 1.43930008e+08
7.79241000e-01 1.43761677e+08
7.79302000e-01 1.44014719e+08
7.79362000e-01 1.44363499e+08
7.79423000e-01 1.44666227e+08
7.79484000e-01 1.45025915e+08
7.79545000e-01 1.45394085e+08
7.79606000e-01 1.44826075e+08
7.79666000e-01 1.44335625e+08
7.79727000e-01 1.43834269e+08
7.79788000e-01 1.43148949e+08
7.79849000e-01 1.42502166e+08
7.79910000e-01 1.42408972e+08
7.79970000e-01 1.42154719e+08
7.80031000e-01 1.41889438e+08
7.80092000e-01 1.41577014e+08
7.80153000e-01 1.41911252e+08
7.80214000e-01 1.42314567e+08
7.80275000e-01 1.42662014e+08
7.80336000e-01 1.43147737e+08
7.80396000e-01 1.44068042e+08
7.80457000e-01 1.44482263e+08
7.80518000e-01 1.44809230e+08
7.80579000e-01 1.45050152e+08
7.80640000e-01 1.44889093e+08
7.80701000e-01 1.44707431e+08
7.80762000e-01 1.44517287e+08
7.80823000e-01 1.44299390e+08
7.80884000e-01 1.44069253e+08
7.80945000e-01 1.43652729e+08
7.81006000e-01 1.43168218e+08
7.81067000e-01 1.42606388e+08
7.81128000e-01 1.41937913e+08
7.81189000e-01 1.41763523e+08
7.81250000e-01 1.42180047e+08
7.81311000e-01 1.42482897e+08
7.81372000e-01 1.42731091e+08
7.81433000e-01 1.42912752e+08
7.81494000e-01 1.43179125e+08
7.81555000e-01 1.43527905e+08
7.81616000e-01 1.43908194e+08
7.81677000e-01 1.44350168e+08
7.81739000e-01 1.45002889e+08
7.81800000e-01 1.45213635e+08
7.81861000e-01 1.45246356e+08
7.81922000e-01 1.45174855e+08
7.81983000e-01 1.45113170e+08
7.82044000e-01 1.44965442e+08
7.82105000e-01 1.44836982e+08
7.82167000e-01 1.44724398e+08
7.82228000e-01 1.44668651e+08
7.82289000e-01 1.44614238e+08
7.82350000e-01 1.44634840e+08
7.82411000e-01 1.44592424e+08
7.82473000e-01 1.44491837e+08
7.82534000e-01 1.44026837e+08
7.82595000e-01 1.43793186e+08
7.82656000e-01 1.43611525e+08
7.82718000e-01 1.43466220e+08
7.82779000e-01 1.43381388e+08
7.82840000e-01 1.43693812e+08
7.82901000e-01 1.43800458e+08
7.82963000e-01 1.43762889e+08
7.83024000e-01 1.43282135e+08
7.83085000e-01 1.42327776e+08
7.83147000e-01 1.41742921e+08
7.83208000e-01 1.41243988e+08
7.83269000e-01 1.40825040e+08
7.83331000e-01 1.40746267e+08
7.83392000e-01 1.40775353e+08
7.83453000e-01 1.40142022e+08
7.83515000e-01 1.39435979e+08
7.83576000e-01 1.38564028e+08
7.83638000e-01 1.38686307e+08
7.83699000e-01 1.39389927e+08
7.83760000e-01 1.40392640e+08
7.83822000e-01 1.41259743e+08
7.83883000e-01 1.42134117e+08
7.83945000e-01 1.42213980e+08
7.84006000e-01 1.42412608e+08
7.84068000e-01 1.42671709e+08
7.84129000e-01 1.43009582e+08
7.84191000e-01 1.43508515e+08
7.84252000e-01 1.43856083e+08
7.84314000e-01 1.43749558e+08
7.84375000e-01 1.43589711e+08
7.84437000e-01 1.43422592e+08
7.84498000e-01 1.43245778e+08
7.84560000e-01 1.43175489e+08
7.84621000e-01 1.43230024e+08
7.84683000e-01 1.43238507e+08
7.84745000e-01 1.43268804e+08
7.84806000e-01 1.43203362e+08
7.84868000e-01 1.43009582e+08
7.84929000e-01 1.42863065e+08
7.84991000e-01 1.42726244e+08
7.85053000e-01 1.42463507e+08
7.85114000e-01 1.42295176e+08
7.85176000e-01 1.42198226e+08
7.85238000e-01 1.42094125e+08
7.85299000e-01 1.41931854e+08
7.85361000e-01 1.41701717e+08
7.85423000e-01 1.41438980e+08
7.85484000e-01 1.40381733e+08
7.85546000e-01 1.39510994e+08
7.85608000e-01 1.38889782e+08
7.85669000e-01 1.38553121e+08
7.85731000e-01 1.38269783e+08
7.85793000e-01 1.38766291e+08
7.85855000e-01 1.38937046e+08
7.85916000e-01 1.38878875e+08
7.85978000e-01 1.38534943e+08
7.86040000e-01 1.39090834e+08
7.86102000e-01 1.39873105e+08
7.86164000e-01 1.40772929e+08
7.86225000e-01 1.41666572e+08
7.86287000e-01 1.42779566e+08
7.86349000e-01 1.42984254e+08
7.86411000e-01 1.42939414e+08
7.86473000e-01 1.42929719e+08
7.86535000e-01 1.43038667e+08
7.86596000e-01 1.43150161e+08
7.86658000e-01 1.43293042e+08
7.86720000e-01 1.43421380e+08
7.86782000e-01 1.43410473e+08
7.86844000e-01 1.43254261e+08
7.86906000e-01 1.43139254e+08
7.86968000e-01 1.42966075e+08
7.87030000e-01 1.42854582e+08
7.87092000e-01 1.42762600e+08
7.87154000e-01 1.42727455e+08
7.87216000e-01 1.42614871e+08
7.87278000e-01 1.42508226e+08
7.87340000e-01 1.42422303e+08
7.87402000e-01 1.42461083e+08
7.87464000e-01 1.42366556e+08
7.87526000e-01 1.42314567e+08
7.87588000e-01 1.42193378e+08
7.87650000e-01 1.42109879e+08
7.87712000e-01 1.41974270e+08
7.87774000e-01 1.42005657e+08
7.87836000e-01 1.41868836e+08
7.87898000e-01 1.41828843e+08
7.87960000e-01 1.41658210e+08
7.88022000e-01 1.41337182e+08
7.88084000e-01 1.41143523e+08
7.88146000e-01 1.41243988e+08
7.88208000e-01 1.41345665e+08
7.88271000e-01 1.41505513e+08
7.88333000e-01 1.41721107e+08
7.88395000e-01 1.41942761e+08
7.88457000e-01 1.42035954e+08
7.88519000e-01 1.41962151e+08
7.88581000e-01 1.42192166e+08
7.88644000e-01 1.42509438e+08
7.88706000e-01 1.42640321e+08
7.88768000e-01 1.42744422e+08
7.88830000e-01 1.42970923e+08
7.88892000e-01 1.42913964e+08
7.88955000e-01 1.42855794e+08
7.89017000e-01 1.42812287e+08
7.89079000e-01 1.42807440e+08
7.89141000e-01 1.42821982e+08
7.89204000e-01 1.42790473e+08
7.89266000e-01 1.42722608e+08
7.89328000e-01 1.42675344e+08
7.89391000e-01 1.42645169e+08
7.89453000e-01 1.42580939e+08
7.89515000e-01 1.42514285e+08
7.89578000e-01 1.42446541e+08
7.89640000e-01 1.42389582e+08
7.89702000e-01 1.42301236e+08
7.89765000e-01 1.42245489e+08
7.89827000e-01 1.42249125e+08
7.89889000e-01 1.42240642e+08
7.89952000e-01 1.42040802e+08
7.90014000e-01 1.41969422e+08
7.90077000e-01 1.42028683e+08
7.90139000e-01 1.42101396e+08
7.90201000e-01 1.42221251e+08
7.90264000e-01 1.42510649e+08
7.90326000e-01 1.42650016e+08
7.90389000e-01 1.42576091e+08
7.90451000e-01 1.42517921e+08
7.90514000e-01 1.42628202e+08
7.90576000e-01 1.42829133e+08
7.90639000e-01 1.43157311e+08
7.90701000e-01 1.43299101e+08
7.90764000e-01 1.43359574e+08
7.90826000e-01 1.43270016e+08
7.90889000e-01 1.43133194e+08
7.90951000e-01 1.42984254e+08
7.91014000e-01 1.42642745e+08
7.91077000e-01 1.42198226e+08
7.91139000e-01 1.41454735e+08
7.91202000e-01 1.40562182e+08
7.91264000e-01 1.39707198e+08
7.91327000e-01 1.39140521e+08
7.91390000e-01 1.38677824e+08
7.91452000e-01 1.38517976e+08
7.91515000e-01 1.38501010e+08
7.91578000e-01 1.38451444e+08
7.91640000e-01 1.38317046e+08
7.91703000e-01 1.38245545e+08
7.91766000e-01 1.38275842e+08
7.91828000e-01 1.38291596e+08
7.91891000e-01 1.38255240e+08
7.91954000e-01 1.38346010e+08
7.92016000e-01 1.38418723e+08
7.92079000e-01 1.38434478e+08
7.92142000e-01 1.38628258e+08
7.92205000e-01 1.38961284e+08
7.92267000e-01 1.39414165e+08
7.92330000e-01 1.39904614e+08
7.92393000e-01 1.40381733e+08
7.92456000e-01 1.40665071e+08
7.92519000e-01 1.40764446e+08
7.92581000e-01 1.40673554e+08
7.92644000e-01 1.40493226e+08
7.92707000e-01 1.40322472e+08
7.92770000e-01 1.40220673e+08
7.92833000e-01 1.40161412e+08
7.92896000e-01 1.39844020e+08
7.92959000e-01 1.39434767e+08
7.93021000e-01 1.38958860e+08
7.93084000e-01 1.38145080e+08
7.93147000e-01 1.37168907e+08
7.93210000e-01 1.36427840e+08
7.93273000e-01 1.35864678e+08
7.93336000e-01 1.35341507e+08
7.93399000e-01 1.35250737e+08
7.93462000e-01 1.35565585e+08
7.93525000e-01 1.35512262e+08
7.93588000e-01 1.35100585e+08
7.93651000e-01 1.34991636e+08
7.93714000e-01 1.35002543e+08
7.93777000e-01 1.34881355e+08
7.93840000e-01 1.35117551e+08
7.93903000e-01 1.35623755e+08
7.93966000e-01 1.35554678e+08
7.94029000e-01 1.35317391e+08
7.94092000e-01 1.35597094e+08
7.94155000e-01 1.36229212e+08
7.94218000e-01 1.36602230e+08
7.94281000e-01 1.37090256e+08
7.94344000e-01 1.37472969e+08
7.94407000e-01 1.36680881e+08
7.94470000e-01 1.35383923e+08
7.94534000e-01 1.34640432e+08
7.94597000e-01 1.34153619e+08
7.94660000e-01 1.33781813e+08
7.94723000e-01 1.34111203e+08
7.94786000e-01 1.34954068e+08
7.94849000e-01 1.35690287e+08
7.94913000e-01 1.36487222e+08
7.94976000e-01 1.37699349e+08
7.95039000e-01 1.39026604e+08
7.95102000e-01 1.40055978e+08
7.95165000e-01 1.40937624e+08
7.95229000e-01 1.41630337e+08
7.95292000e-01 1.41700505e+08
7.95355000e-01 1.41503089e+08
7.95418000e-01 1.41138676e+08
7.95482000e-01 1.40772929e+08
7.95545000e-01 1.40421725e+08
7.95608000e-01 1.40065673e+08
7.95672000e-01 1.39737495e+08
7.95735000e-01 1.39410529e+08
7.95798000e-01 1.39053266e+08
7.95862000e-01 1.38761444e+08
7.95925000e-01 1.38617351e+08
7.95988000e-01 1.38664614e+08
7.96052000e-01 1.38882511e+08
7.96115000e-01 1.39144157e+08
7.96178000e-01 1.39310064e+08
7.96242000e-01 1.39405681e+08
7.96305000e-01 1.39444462e+08
7.96369000e-01 1.39428707e+08
7.96432000e-01 1.39403258e+08
7.96495000e-01 1.39460216e+08
7.96559000e-01 1.39452945e+08
7.96622000e-01 1.39382656e+08
7.96686000e-01 1.39335392e+08
7.96749000e-01 1.39329454e+08
7.96813000e-01 1.39372961e+08
7.96876000e-01 1.39402046e+08
7.96940000e-01 1.39443250e+08
7.97003000e-01 1.39466276e+08
7.97067000e-01 1.39425072e+08
7.97130000e-01 1.39389927e+08
7.97194000e-01 1.39359630e+08
7.97257000e-01 1.39277343e+08
7.97321000e-01 1.39077503e+08
7.97385000e-01 1.38909173e+08
7.97448000e-01 1.38864333e+08
7.97512000e-01 1.38872816e+08
7.97575000e-01 1.38914020e+08
7.97639000e-01 1.39084775e+08
7.97703000e-01 1.39179180e+08
7.97766000e-01 1.39099317e+08
7.97830000e-01 1.39033875e+08
7.97894000e-01 1.39073868e+08
7.97957000e-01 1.39107800e+08
7.98021000e-01 1.39179180e+08
7.98085000e-01 1.39250681e+08
7.98148000e-01 1.39260377e+08
7.98212000e-01 1.39177968e+08
7.98276000e-01 1.39149004e+08
7.98339000e-01 1.39167061e+08
7.98403000e-01 1.39236139e+08
7.98467000e-01 1.39331756e+08
7.98531000e-01 1.39398410e+08
7.98594000e-01 1.39305216e+08
7.98658000e-01 1.39110224e+08
7.98722000e-01 1.38905537e+08
7.98786000e-01 1.38697214e+08
7.98850000e-01 1.38533731e+08
7.98913000e-01 1.38486589e+08
7.98977000e-01 1.38475682e+08
7.99041000e-01 1.38394485e+08
7.99105000e-01 1.38338739e+08
7.99169000e-01 1.38365400e+08
7.99233000e-01 1.38440537e+08
7.99297000e-01 1.38496284e+08
7.99361000e-01 1.38490224e+08
7.99424000e-01 1.38393274e+08
7.99488000e-01 1.38162046e+08
7.99552000e-01 1.37919790e+08
7.99616000e-01 1.37894341e+08
7.99680000e-01 1.37830232e+08
7.99744000e-01 1.37208899e+08
7.99808000e-01 1.36378153e+08
7.99872000e-01 1.35588610e+08
7.99936000e-01 1.34870448e+08
8.00000000e-01 1.34308619e+08
8.00064000e-01 1.34272262e+08
8.00128000e-01 1.34394541e+08
8.00192000e-01 1.34434533e+08
8.00256000e-01 1.34634373e+08
8.00320000e-01 1.35429975e+08
8.00384000e-01 1.36441171e+08
8.00448000e-01 1.37571010e+08
8.00512000e-01 1.38519188e+08
8.00576000e-01 1.39136886e+08
8.00641000e-01 1.39226444e+08
8.00705000e-01 1.39219172e+08
8.00769000e-01 1.39198570e+08
8.00833000e-01 1.39192511e+08
8.00897000e-01 1.39127190e+08
8.00961000e-01 1.38933410e+08
8.01025000e-01 1.38677824e+08
8.01089000e-01 1.38422359e+08
8.01154000e-01 1.38229790e+08
8.01218000e-01 1.38146292e+08
8.01282000e-01 1.38135385e+08
8.01346000e-01 1.38149927e+08
8.01411000e-01 1.38214036e+08
8.01475000e-01 1.38343586e+08
8.01539000e-01 1.38422359e+08
8.01603000e-01 1.38404180e+08
8.01667000e-01 1.38361765e+08
8.01732000e-01 1.38295232e+08
8.01796000e-01 1.38157199e+08
8.01860000e-01 1.38032374e+08
8.01925000e-01 1.37947664e+08
8.01989000e-01 1.37845866e+08
8.02053000e-01 1.37664325e+08
8.02118000e-01 1.37540713e+08
8.02182000e-01 1.37550408e+08
8.02246000e-01 1.37613426e+08
8.02311000e-01 1.37679959e+08
8.02375000e-01 1.37952511e+08
8.02439000e-01 1.38115994e+08
8.02504000e-01 1.38050553e+08
8.02568000e-01 1.37897977e+08
8.02633000e-01 1.37541925e+08
8.02697000e-01 1.36920713e+08
8.02761000e-01 1.36276476e+08
8.02826000e-01 1.35789662e+08
8.02890000e-01 1.35366957e+08
8.02955000e-01 1.35187719e+08
8.03019000e-01 1.35393618e+08
8.03084000e-01 1.35773907e+08
8.03148000e-01 1.36246179e+08
8.03213000e-01 1.37053899e+08
8.03277000e-01 1.37865256e+08
8.03342000e-01 1.38360553e+08
8.03406000e-01 1.38582206e+08
8.03471000e-01 1.38652496e+08
8.03536000e-01 1.38379943e+08
8.03600000e-01 1.37929486e+08
8.03665000e-01 1.37621909e+08
8.03729000e-01 1.37481452e+08
8.03794000e-01 1.37355416e+08
8.03859000e-01 1.37265858e+08
8.03923000e-01 1.37373594e+08
8.03988000e-01 1.37621909e+08
8.04052000e-01 1.37907672e+08
8.04117000e-01 1.38200705e+08
8.04182000e-01 1.38534943e+08
8.04246000e-01 1.38726299e+08
8.04311000e-01 1.38743266e+08
8.04376000e-01 1.38630682e+08
8.04440000e-01 1.38009349e+08
8.04505000e-01 1.37108434e+08
8.04570000e-01 1.36043915e+08
8.04635000e-01 1.34877719e+08
8.04699000e-01 1.33756363e+08
8.04764000e-01 1.33050319e+08
8.04829000e-01 1.32525937e+08
8.04894000e-01 1.32134862e+08
8.04958000e-01 1.32128803e+08
8.05023000e-01 1.32685785e+08
8.05088000e-01 1.33533498e+08
8.05153000e-01 1.34532575e+08
8.05218000e-01 1.35595882e+08
8.05283000e-01 1.36356339e+08
8.05347000e-01 1.36717238e+08
8.05412000e-01 1.36967977e+08
8.05477000e-01 1.37007848e+08
8.05542000e-01 1.37078137e+08
8.05607000e-01 1.37193145e+08
8.05672000e-01 1.37173755e+08
8.05737000e-01 1.37080561e+08
8.05802000e-01 1.37080561e+08
8.05867000e-01 1.37141155e+08
8.05932000e-01 1.37216171e+08
8.05997000e-01 1.37332511e+08
8.06062000e-01 1.37503145e+08
8.06127000e-01 1.37552832e+08
8.06192000e-01 1.37534654e+08
8.06257000e-01 1.37506780e+08
8.06322000e-01 1.37441460e+08
8.06387000e-01 1.37412375e+08
8.06452000e-01 1.37422070e+08
8.06517000e-01 1.37420858e+08
8.06582000e-01 1.37409951e+08
8.06647000e-01 1.37406315e+08
8.06712000e-01 1.37352992e+08
8.06777000e-01 1.37237985e+08
8.06842000e-01 1.37113282e+08
8.06907000e-01 1.36903747e+08
8.06972000e-01 1.36637375e+08
8.07037000e-01 1.36298290e+08
8.07102000e-01 1.35910729e+08
8.07168000e-01 1.35528016e+08
8.07233000e-01 1.35270127e+08
8.07298000e-01 1.35128458e+08
8.07363000e-01 1.34955280e+08
8.07428000e-01 1.34824518e+08
8.07494000e-01 1.34835425e+08
8.07559000e-01 1.34940737e+08
8.07624000e-01 1.35163603e+08
8.07689000e-01 1.35603153e+08
8.07754000e-01 1.36097238e+08
8.07820000e-01 1.36426628e+08
8.07885000e-01 1.36584052e+08
8.07950000e-01 1.36686941e+08
8.08016000e-01 1.36728145e+08
8.08081000e-01 1.36717238e+08
8.08146000e-01 1.36729357e+08
8.08211000e-01 1.36785103e+08
8.08277000e-01 1.36697848e+08
8.08342000e-01 1.36116628e+08
8.08407000e-01 1.35376652e+08
8.08473000e-01 1.34846210e+08
8.08538000e-01 1.34381210e+08
8.08604000e-01 1.34034854e+08
8.08669000e-01 1.34203185e+08
8.08734000e-01 1.34479373e+08
8.08800000e-01 1.34388482e+08
8.08865000e-01 1.34367880e+08
8.08931000e-01 1.34748169e+08
8.08996000e-01 1.35174388e+08
8.09061000e-01 1.35557101e+08
8.09127000e-01 1.35847711e+08
8.09192000e-01 1.35804205e+08
8.09258000e-01 1.35305272e+08
8.09323000e-01 1.34831789e+08
8.09389000e-01 1.34608923e+08
8.09454000e-01 1.34689998e+08
8.09520000e-01 1.34675456e+08
8.09586000e-01 1.34520456e+08
8.09651000e-01 1.34399389e+08
8.09717000e-01 1.34032430e+08
8.09782000e-01 1.33525014e+08
8.09848000e-01 1.33366379e+08
8.09913000e-01 1.33359107e+08
8.09979000e-01 1.33194412e+08
8.10045000e-01 1.33239252e+08
8.10110000e-01 1.33609846e+08
8.10176000e-01 1.33944084e+08
8.10241000e-01 1.34443016e+08
8.10307000e-01 1.35256797e+08
8.10373000e-01 1.35949509e+08
8.10438000e-01 1.36344220e+08
8.10504000e-01 1.36703907e+08
8.10570000e-01 1.36884357e+08
8.10636000e-01 1.36776620e+08
8.10701000e-01 1.36671186e+08
8.10767000e-01 1.36628892e+08
8.10833000e-01 1.36573145e+08
8.10898000e-01 1.36490858e+08
8.10964000e-01 1.36469044e+08
8.11030000e-01 1.36421781e+08
8.11096000e-01 1.36323739e+08
8.11162000e-01 1.36286171e+08
8.11227000e-01 1.36304349e+08
8.11293000e-01 1.36247391e+08
8.11359000e-01 1.36192856e+08
8.11425000e-01 1.36189220e+08
8.11491000e-01 1.36123900e+08
8.11557000e-01 1.36060882e+08
8.11622000e-01 1.36123900e+08
8.11688000e-01 1.36148137e+08
8.11754000e-01 1.36093602e+08
8.11820000e-01 1.36065729e+08
8.11886000e-01 1.36074212e+08
8.11952000e-01 1.36062093e+08
8.12018000e-01 1.36163892e+08
8.12084000e-01 1.36373305e+08
8.12150000e-01 1.36577993e+08
8.12216000e-01 1.36766925e+08
8.12282000e-01 1.36920713e+08
8.12348000e-01 1.36992214e+08
8.12414000e-01 1.37013907e+08
8.12480000e-01 1.36963129e+08
8.12546000e-01 1.36840729e+08
8.12612000e-01 1.36695424e+08
8.12678000e-01 1.36569509e+08
8.12744000e-01 1.36425416e+08
8.12810000e-01 1.36359975e+08
8.12876000e-01 1.36368458e+08
8.12942000e-01 1.36381788e+08
8.13008000e-01 1.36442383e+08
8.13074000e-01 1.36569509e+08
8.13140000e-01 1.36707543e+08
8.13206000e-01 1.36833579e+08
8.13273000e-01 1.36982519e+08
8.13339000e-01 1.37082985e+08
8.13405000e-01 1.37078137e+08
8.13471000e-01 1.37040569e+08
8.13537000e-01 1.36984943e+08
8.13603000e-01 1.36907383e+08
8.13670000e-01 1.36840729e+08
8.13736000e-01 1.36762078e+08
8.13802000e-01 1.36611925e+08
8.13868000e-01 1.36410874e+08
8.13935000e-01 1.36223153e+08
8.14001000e-01 1.36056034e+08
8.14067000e-01 1.35893763e+08
8.14133000e-01 1.35761789e+08
8.14200000e-01 1.35663747e+08
8.14266000e-01 1.35565585e+08
8.14332000e-01 1.35553466e+08
8.14399000e-01 1.35611636e+08
8.14465000e-01 1.35692711e+08
8.14531000e-01 1.35761789e+08
8.14598000e-01 1.35842864e+08
8.14664000e-01 1.35931331e+08
8.14730000e-01 1.35987078e+08
8.14797000e-01 1.35908305e+08
8.14863000e-01 1.35708466e+08
8.14930000e-01 1.35463908e+08
8.14996000e-01 1.35211957e+08
8.15062000e-01 1.34960127e+08
8.15129000e-01 1.34825729e+08
8.15195000e-01 1.34842575e+08
8.15262000e-01 1.34841363e+08
8.15328000e-01 1.34852270e+08
8.15395000e-01 1.34973458e+08
8.15461000e-01 1.35191355e+08
8.15528000e-01 1.35381499e+08
8.15594000e-01 1.35548618e+08
8.15661000e-01 1.35689076e+08
8.15727000e-01 1.35685440e+08
8.15794000e-01 1.35572856e+08
8.15860000e-01 1.35507414e+08
8.15927000e-01 1.35524381e+08
8.15993000e-01 1.35479662e+08
8.16060000e-01 1.35288306e+08
8.16127000e-01 1.35056957e+08
8.16193000e-01 1.34831789e+08
8.16260000e-01 1.34618618e+08
8.16327000e-01 1.34483009e+08
8.16393000e-01 1.34519244e+08
8.16460000e-01 1.34595593e+08
8.16526000e-01 1.34589533e+08
8.16593000e-01 1.34656187e+08
8.16660000e-01 1.34723931e+08
8.16727000e-01 1.34683939e+08
8.16793000e-01 1.34647704e+08
8.16860000e-01 1.34622254e+08
8.16927000e-01 1.34475737e+08
8.16993000e-01 1.34313466e+08
8.17060000e-01 1.34255296e+08
8.17127000e-01 1.34178947e+08
8.17194000e-01 1.34182583e+08
8.17261000e-01 1.34292864e+08
8.17327000e-01 1.34416355e+08
8.17394000e-01 1.34562872e+08
8.17461000e-01 1.34753016e+08
8.17528000e-01 1.34849846e+08
8.17595000e-01 1.34822094e+08
8.17661000e-01 1.34763923e+08
8.17728000e-01 1.34570143e+08
8.17795000e-01 1.34296500e+08
8.17862000e-01 1.34094236e+08
8.17929000e-01 1.33876218e+08
8.17996000e-01 1.33688498e+08
8.18063000e-01 1.33557735e+08
8.18130000e-01 1.32897743e+08
8.18197000e-01 1.31639565e+08
8.18264000e-01 1.30533842e+08
8.18331000e-01 1.29618385e+08
8.18398000e-01 1.28803393e+08
8.18465000e-01 1.28551442e+08
8.18532000e-01 1.28653241e+08
8.18599000e-01 1.28377052e+08
8.18666000e-01 1.28361298e+08
8.18733000e-01 1.28963241e+08
8.18800000e-01 1.29797623e+08
8.18867000e-01 1.30885046e+08
8.18934000e-01 1.32242599e+08
8.19001000e-01 1.33196836e+08
8.19068000e-01 1.33624389e+08
8.19135000e-01 1.33958626e+08
8.19202000e-01 1.34237117e+08
8.19269000e-01 1.34088177e+08
8.19336000e-01 1.33183505e+08
8.19403000e-01 1.31872005e+08
8.19471000e-01 1.30469734e+08
8.19538000e-01 1.28993538e+08
8.19605000e-01 1.27956892e+08
8.19672000e-01 1.27648104e+08
8.19739000e-01 1.27275086e+08
8.19807000e-01 1.26835536e+08
8.19874000e-01 1.27180680e+08
8.19941000e-01 1.27908417e+08
8.20008000e-01 1.28575680e+08
8.20075000e-01 1.29623233e+08
8.20143000e-01 1.30681571e+08
8.20210000e-01 1.30891106e+08
8.20277000e-01 1.30865656e+08
8.20345000e-01 1.31029139e+08
8.20412000e-01 1.31097005e+08
8.20479000e-01 1.31245945e+08
8.20547000e-01 1.31651684e+08
8.20614000e-01 1.31761844e+08
8.20681000e-01 1.31575335e+08
8.20749000e-01 1.31459116e+08
8.20816000e-01 1.31210801e+08
8.20883000e-01 1.30904436e+08
8.20951000e-01 1.30789429e+08
8.21018000e-01 1.30768827e+08
8.21085000e-01 1.30497607e+08
8.21153000e-01 1.30070054e+08
8.21220000e-01 1.29569910e+08
8.21288000e-01 1.29102486e+08
8.21355000e-01 1.28747646e+08
8.21423000e-01 1.28544171e+08
8.21490000e-01 1.28541747e+08
8.21558000e-01 1.28547807e+08
8.21625000e-01 1.28598706e+08
8.21693000e-01 1.29193256e+08
8.21760000e-01 1.30049452e+08
8.21828000e-01 1.30486700e+08
8.21895000e-01 1.30364300e+08
8.21963000e-01 1.30107623e+08
8.22030000e-01 1.29546884e+08
8.22098000e-01 1.28737951e+08
8.22166000e-01 1.28298401e+08
8.22233000e-01 1.28351603e+08
8.22301000e-01 1.28375840e+08
8.22368000e-01 1.28677478e+08
8.22436000e-01 1.29614749e+08
8.22504000e-01 1.30881411e+08
8.22571000e-01 1.32156676e+08
8.22639000e-01 1.33496050e+08
8.22707000e-01 1.34545905e+08
8.22774000e-01 1.34992848e+08
8.22842000e-01 1.34996484e+08
8.22910000e-01 1.34565296e+08
8.22978000e-01 1.33770906e+08
8.23045000e-01 1.32679725e+08
8.23113000e-01 1.31392462e+08
8.23181000e-01 1.30329276e+08
8.23249000e-01 1.29611114e+08
8.23316000e-01 1.29163080e+08
8.23384000e-01 1.28993538e+08
8.23452000e-01 1.29291419e+08
8.23520000e-01 1.29611114e+08
8.23588000e-01 1.30188698e+08
8.23655000e-01 1.31037622e+08
8.23723000e-01 1.31750937e+08
8.23791000e-01 1.32048818e+08
8.23859000e-01 1.32202607e+08
8.23927000e-01 1.32027005e+08
8.23995000e-01 1.31534131e+08
8.24063000e-01 1.31185351e+08
8.24131000e-01 1.31040046e+08
8.24198000e-01 1.30763979e+08
8.24266000e-01 1.30682783e+08
8.24334000e-01 1.30902013e+08
8.24402000e-01 1.31216860e+08
8.24470000e-01 1.31591090e+08
8.24538000e-01 1.32045183e+08
8.24606000e-01 1.32132438e+08
8.24674000e-01 1.31651684e+08
8.24742000e-01 1.31109124e+08
8.24810000e-01 1.30617462e+08
8.24878000e-01 1.30106411e+08
8.24946000e-01 1.29783080e+08
8.25014000e-01 1.29768538e+08
8.25082000e-01 1.29755207e+08
8.25151000e-01 1.29820649e+08
8.25219000e-01 1.30203240e+08
8.25287000e-01 1.30743377e+08
8.25355000e-01 1.31266547e+08
8.25423000e-01 1.31746090e+08
8.25491000e-01 1.31907149e+08
8.25559000e-01 1.31742454e+08
8.25628000e-01 1.31467599e+08
8.25696000e-01 1.31188987e+08
8.25764000e-01 1.31021868e+08
8.25832000e-01 1.31060648e+08
8.25900000e-01 1.31107912e+08
8.25968000e-01 1.31230191e+08
8.26037000e-01 1.31519589e+08
8.26105000e-01 1.31852614e+08
8.26173000e-01 1.32035488e+08
8.26241000e-01 1.32138498e+08
8.26310000e-01 1.32173643e+08
8.26378000e-01 1.32073056e+08
8.26446000e-01 1.31888971e+08
8.26515000e-01 1.31743666e+08
8.26583000e-01 1.31681860e+08
8.26651000e-01 1.31559581e+08
8.26720000e-01 1.31510015e+08
8.26788000e-01 1.31558369e+08
8.26856000e-01 1.31651684e+08
8.26925000e-01 1.31767904e+08
8.26993000e-01 1.31935023e+08
8.27061000e-01 1.32004100e+08
8.27130000e-01 1.31931387e+08
8.27198000e-01 1.31816379e+08
8.27267000e-01 1.31656532e+08
8.27335000e-01 1.31514741e+08
8.27404000e-01 1.31340472e+08
8.27472000e-01 1.31076403e+08
8.27541000e-01 1.30805183e+08
8.27609000e-01 1.30636852e+08
8.27678000e-01 1.30464886e+08
8.27746000e-01 1.30340183e+08
8.27815000e-01 1.30376419e+08
8.27883000e-01 1.30418835e+08
8.27952000e-01 1.30481852e+08
8.28020000e-01 1.30623522e+08
8.28089000e-01 1.30812454e+08
8.28157000e-01 1.30918979e+08
8.28226000e-01 1.31029139e+08
8.28294000e-01 1.31078827e+08
8.28363000e-01 1.31012173e+08
8.28432000e-01 1.30933522e+08
8.28500000e-01 1.30875351e+08
8.28569000e-01 1.30767615e+08
8.28638000e-01 1.30592013e+08
8.28706000e-01 1.30478217e+08
8.28775000e-01 1.30383690e+08
8.28844000e-01 1.30295344e+08
8.28912000e-01 1.30263835e+08
8.28981000e-01 1.30354605e+08
8.29050000e-01 1.30365512e+08
8.29119000e-01 1.30389749e+08
8.29187000e-01 1.30285648e+08
8.29256000e-01 1.29918690e+08
8.29325000e-01 1.29537189e+08
8.29394000e-01 1.29247791e+08
8.29463000e-01 1.28934155e+08
8.29531000e-01 1.28737951e+08
8.29600000e-01 1.28776732e+08
8.29669000e-01 1.28724621e+08
8.29738000e-01 1.28762189e+08
8.29807000e-01 1.28994750e+08
8.29876000e-01 1.29272029e+08
8.29944000e-01 1.29601419e+08
8.30013000e-01 1.30033698e+08
8.30082000e-01 1.30363088e+08
8.30151000e-01 1.30466098e+08
8.30220000e-01 1.30515664e+08
8.30289000e-01 1.30536266e+08
8.30358000e-01 1.30525359e+08
8.30427000e-01 1.30369147e+08
8.30496000e-01 1.30037333e+08
8.30565000e-01 1.29428241e+08
8.30634000e-01 1.28793698e+08
8.30703000e-01 1.28298401e+08
8.30772000e-01 1.27920536e+08
8.30841000e-01 1.27514918e+08
8.30910000e-01 1.27247213e+08
8.30979000e-01 1.26995383e+08
8.31048000e-01 1.26944484e+08
8.31117000e-01 1.27203585e+08
8.31186000e-01 1.27758264e+08
8.31255000e-01 1.28448554e+08
8.31324000e-01 1.29086732e+08
8.31393000e-01 1.29566274e+08
8.31463000e-01 1.29984132e+08
8.31532000e-01 1.30330488e+08
8.31601000e-01 1.30524147e+08
8.31670000e-01 1.30831845e+08
8.31739000e-01 1.30878987e+08
8.31808000e-01 1.30669573e+08
8.31878000e-01 1.30439437e+08
8.31947000e-01 1.30343819e+08
8.32016000e-01 1.30117318e+08
8.32085000e-01 1.30038545e+08
8.32154000e-01 1.30153674e+08
8.32224000e-01 1.30323217e+08
8.32293000e-01 1.30522935e+08
8.32362000e-01 1.30772462e+08
8.32432000e-01 1.30747013e+08
8.32501000e-01 1.29979284e+08
8.32570000e-01 1.28494605e+08
8.32639000e-01 1.27107967e+08
8.32709000e-01 1.25802526e+08
8.32778000e-01 1.24598762e+08
8.32847000e-01 1.23943617e+08
8.32917000e-01 1.23896354e+08
8.32986000e-01 1.23329677e+08
8.33056000e-01 1.23093481e+08
8.33125000e-01 1.23598473e+08
8.33195000e-01 1.24276643e+08
8.33264000e-01 1.24981475e+08
8.33333000e-01 1.25842518e+08
8.33403000e-01 1.26057991e+08
8.33472000e-01 1.25544516e+08
8.33542000e-01 1.25229668e+08
8.33611000e-01 1.25154653e+08
8.33681000e-01 1.25292686e+08
8.33750000e-01 1.25523914e+08
8.33820000e-01 1.25572389e+08
8.33889000e-01 1.25651162e+08
8.33959000e-01 1.25771017e+08
8.34028000e-01 1.25887237e+08
8.34098000e-01 1.25967221e+08
8.34167000e-01 1.26157366e+08
8.34237000e-01 1.26094348e+08
8.34307000e-01 1.26012061e+08
8.34376000e-01 1.25998730e+08
8.34446000e-01 1.25967221e+08
8.34516000e-01 1.25728601e+08
8.34585000e-01 1.25545728e+08
8.34655000e-01 1.25362855e+08
8.34725000e-01 1.25167984e+08
8.34794000e-01 1.25192100e+08
8.34864000e-01 1.25473136e+08
8.34934000e-01 1.25645102e+08
8.35003000e-01 1.25999942e+08
8.35073000e-01 1.26621154e+08
8.35143000e-01 1.27312655e+08
8.35213000e-01 1.28030696e+08
8.35282000e-01 1.28830055e+08
8.35352000e-01 1.29291419e+08
8.35422000e-01 1.29453690e+08
8.35492000e-01 1.29590512e+08
8.35562000e-01 1.29721274e+08
8.35631000e-01 1.29693401e+08
8.35701000e-01 1.29482775e+08
8.35771000e-01 1.29307173e+08
8.35841000e-01 1.29190832e+08
8.35911000e-01 1.29060070e+08
8.35981000e-01 1.28928096e+08
8.36051000e-01 1.28851747e+08
8.36120000e-01 1.28706442e+08
8.36190000e-01 1.28553866e+08
8.36260000e-01 1.28431587e+08
8.36330000e-01 1.28322639e+08
8.36400000e-01 1.28029484e+08
8.36470000e-01 1.27528128e+08
8.36540000e-01 1.27157655e+08
8.36610000e-01 1.26866924e+08
8.36680000e-01 1.26642968e+08
8.36750000e-01 1.26692534e+08
8.36820000e-01 1.27002655e+08
8.36890000e-01 1.27105544e+08
8.36960000e-01 1.27363433e+08
8.37030000e-01 1.27766748e+08
8.37100000e-01 1.28140977e+08
8.37170000e-01 1.28406138e+08
8.37240000e-01 1.28602342e+08
8.37311000e-01 1.28539324e+08
8.37381000e-01 1.28357662e+08
8.37451000e-01 1.28157944e+08
8.37521000e-01 1.27947197e+08
8.37591000e-01 1.27708577e+08
8.37661000e-01 1.27407060e+08
8.37731000e-01 1.27092213e+08
8.37802000e-01 1.26806451e+08
8.37872000e-01 1.26556924e+08
8.37942000e-01 1.26336603e+08
8.38012000e-01 1.26122221e+08
8.38083000e-01 1.25933288e+08
8.38153000e-01 1.25829187e+08
8.38223000e-01 1.25817069e+08
8.38293000e-01 1.25861787e+08
8.38364000e-01 1.25953890e+08
8.38434000e-01 1.26254195e+08
8.38504000e-01 1.26449187e+08
8.38574000e-01 1.25899356e+08
8.38645000e-01 1.24716193e+08
8.38715000e-01 1.23891506e+08
8.38785000e-01 1.23180736e+08
8.38856000e-01 1.22670897e+08
8.38926000e-01 1.22767726e+08
8.38997000e-01 1.23109235e+08
8.39067000e-01 1.22733793e+08
8.39137000e-01 1.23088633e+08
8.39208000e-01 1.24094981e+08
8.39278000e-01 1.25280568e+08
8.39349000e-01 1.26555712e+08
8.39419000e-01 1.28040391e+08
8.39490000e-01 1.28670207e+08
8.39560000e-01 1.28586587e+08
8.39631000e-01 1.28329910e+08
8.39701000e-01 1.27964163e+08
8.39772000e-01 1.27668706e+08
8.39842000e-01 1.27399789e+08
8.39913000e-01 1.27265391e+08
8.39983000e-01 1.27020712e+08
8.40054000e-01 1.26881466e+08
8.40124000e-01 1.26779789e+08
8.40195000e-01 1.26822205e+08
8.40266000e-01 1.26932365e+08
8.40336000e-01 1.27151595e+08
8.40407000e-01 1.27299324e+08
8.40477000e-01 1.27407060e+08
8.40548000e-01 1.27522068e+08
8.40619000e-01 1.27648104e+08
8.40689000e-01 1.27826130e+08
8.40760000e-01 1.28063417e+08
8.40831000e-01 1.28185696e+08
8.40901000e-01 1.28191755e+08
8.40972000e-01 1.28128859e+08
8.41043000e-01 1.27932655e+08
8.41114000e-01 1.27611748e+08
8.41184000e-01 1.27316290e+08
8.41255000e-01 1.26956603e+08
8.41326000e-01 1.26618730e+08
8.41397000e-01 1.26426162e+08
8.41468000e-01 1.26346298e+08
8.41538000e-01 1.26101619e+08
8.41609000e-01 1.25800102e+08
8.41680000e-01 1.25331467e+08
8.41751000e-01 1.25083152e+08
8.41822000e-01 1.24896643e+08
8.41893000e-01 1.24790118e+08
8.41963000e-01 1.24742855e+08
8.42034000e-01 1.24787694e+08
8.42105000e-01 1.24541803e+08
8.42176000e-01 1.24334813e+08
8.42247000e-01 1.24325118e+08
8.42318000e-01 1.24254829e+08
8.42389000e-01 1.24260888e+08
8.42460000e-01 1.24249981e+08
8.42531000e-01 1.23954524e+08
8.42602000e-01 1.23444685e+08
8.42673000e-01 1.23099540e+08
8.42744000e-01 1.22858617e+08
8.42815000e-01 1.22927574e+08
8.42886000e-01 1.23237574e+08
8.42957000e-01 1.23581506e+08
8.43028000e-01 1.23918168e+08
8.43099000e-01 1.24305728e+08
8.43170000e-01 1.24575736e+08
8.43241000e-01 1.24713769e+08
8.43313000e-01 1.24536956e+08
8.43384000e-01 1.23702573e+08
8.43455000e-01 1.22542437e+08
8.43526000e-01 1.21625768e+08
8.43597000e-01 1.21112293e+08
8.43668000e-01 1.20842358e+08
8.43739000e-01 1.20717146e+08
8.43811000e-01 1.20396106e+08
8.43882000e-01 1.20297167e+08
8.43953000e-01 1.20647996e+08
8.44024000e-01 1.21262445e+08
8.44096000e-01 1.22211835e+08
8.44167000e-01 1.23443473e+08
8.44238000e-01 1.24174966e+08
8.44309000e-01 1.24708922e+08
8.44381000e-01 1.25274508e+08
8.44452000e-01 1.25453746e+08
8.44523000e-01 1.25270873e+08
8.44595000e-01 1.25372550e+08
8.44666000e-01 1.25188586e+08
8.44737000e-01 1.24796178e+08
8.44809000e-01 1.24670263e+08
8.44880000e-01 1.24809508e+08
8.44951000e-01 1.24733160e+08
8.45023000e-01 1.25051643e+08
8.45094000e-01 1.25609958e+08
8.45166000e-01 1.26168273e+08
8.45237000e-01 1.26804027e+08
8.45309000e-01 1.27505223e+08
8.45380000e-01 1.27769171e+08
8.45451000e-01 1.27797045e+08
8.45523000e-01 1.27746146e+08
8.45594000e-01 1.27593569e+08
8.45666000e-01 1.27369492e+08
8.45737000e-01 1.27059492e+08
8.45809000e-01 1.26657510e+08
8.45881000e-01 1.26277221e+08
8.45952000e-01 1.26043449e+08
8.46024000e-01 1.25938136e+08
8.46095000e-01 1.25895720e+08
8.46167000e-01 1.25898144e+08
8.46238000e-01 1.25847366e+08
8.46310000e-01 1.25894508e+08
8.46382000e-01 1.25950255e+08
8.46453000e-01 1.25919958e+08
8.46525000e-01 1.25814645e+08
8.46597000e-01 1.25635407e+08
8.46668000e-01 1.24837382e+08
8.46740000e-01 1.23615439e+08
8.46812000e-01 1.22747124e+08
8.46883000e-01 1.21991514e+08
8.46955000e-01 1.21267293e+08
8.47027000e-01 1.20944689e+08
8.47099000e-01 1.21053322e+08
8.47170000e-01 1.20705524e+08
8.47242000e-01 1.20847205e+08
8.47314000e-01 1.21498641e+08
8.47386000e-01 1.22314845e+08
8.47458000e-01 1.23046217e+08
8.47529000e-01 1.23994516e+08
8.47601000e-01 1.24460728e+08
8.47673000e-01 1.24530896e+08
8.47745000e-01 1.24564829e+08
8.47817000e-01 1.24658144e+08
8.47889000e-01 1.24551498e+08
8.47961000e-01 1.24218472e+08
8.48033000e-01 1.23720752e+08
8.48104000e-01 1.23155287e+08
8.48176000e-01 1.22636964e+08
8.48248000e-01 1.22187718e+08
8.48320000e-01 1.21843786e+08
8.48392000e-01 1.21642734e+08
8.48464000e-01 1.21528938e+08
8.48536000e-01 1.21406538e+08
8.48608000e-01 1.21396843e+08
8.48680000e-01 1.21445318e+08
8.48752000e-01 1.21528938e+08
8.48824000e-01 1.21601530e+08
8.48896000e-01 1.21614861e+08
8.48969000e-01 1.21670608e+08
8.49041000e-01 1.21915166e+08
8.49113000e-01 1.22050776e+08
8.49185000e-01 1.22178023e+08
8.49257000e-01 1.22271217e+08
8.49329000e-01 1.22313633e+08
8.49401000e-01 1.22256675e+08
8.49473000e-01 1.21894564e+08
8.49545000e-01 1.20733494e+08
8.49618000e-01 1.18075105e+08
8.49690000e-01 1.14026601e+08
8.49762000e-01 1.10085033e+08
8.49834000e-01 1.06556536e+08
8.49906000e-01 1.03402365e+08
8.49979000e-01 1.01691331e+08
8.50051000e-01 1.01274394e+08
8.50123000e-01 1.01234790e+08
8.50196000e-01 1.02925222e+08
8.50268000e-01 1.05984211e+08
8.50340000e-01 1.09672084e+08
8.50412000e-01 1.13746619e+08
8.50485000e-01 1.17568053e+08
8.50557000e-01 1.19740113e+08
8.50629000e-01 1.20798524e+08
8.50702000e-01 1.21429564e+08
8.50774000e-01 1.21916378e+08
8.50847000e-01 1.22404403e+08
8.50919000e-01 1.22795599e+08
8.50991000e-01 1.22963930e+08
8.51064000e-01 1.23019677e+08
8.51136000e-01 1.22993015e+08
8.51209000e-01 1.22550920e+08
8.51281000e-01 1.21203063e+08
8.51354000e-01 1.19571055e+08
8.51426000e-01 1.18051728e+08
8.51499000e-01 1.16623353e+08
8.51571000e-01 1.15557186e+08
8.51644000e-01 1.15277205e+08
8.51716000e-01 1.15056799e+08
8.51789000e-01 1.15167359e+08
8.51861000e-01 1.15981636e+08
8.51934000e-01 1.17163696e+08
8.52006000e-01 1.18462617e+08
8.52079000e-01 1.20047095e+08
8.52152000e-01 1.21184957e+08
8.52224000e-01 1.21599106e+08
8.52297000e-01 1.21699572e+08
8.52370000e-01 1.21715326e+08
8.52442000e-01 1.21502277e+08
8.52515000e-01 1.20877478e+08
8.52588000e-01 1.19788673e+08
8.52660000e-01 1.18353148e+08
8.52733000e-01 1.16993196e+08
8.52806000e-01 1.15820456e+08
8.52878000e-01 1.14984377e+08
8.52951000e-01 1.14212734e+08
8.53024000e-01 1.13498365e+08
8.53097000e-01 1.13108659e+08
8.53169000e-01 1.12868767e+08
8.53242000e-01 1.12633710e+08
8.53315000e-01 1.12398289e+08
8.53388000e-01 1.11844858e+08
8.53461000e-01 1.10738857e+08
8.53534000e-01 1.11384924e+08
8.53606000e-01 1.11789269e+08
8.53679000e-01 1.11859025e+08
8.53752000e-01 1.11562816e+08
8.53825000e-01 1.10710995e+08
8.53898000e-01 1.08888443e+08
8.53971000e-01 1.05780409e+08
8.54044000e-01 1.01046233e+08
8.54117000e-01 9.53182023e+07
8.54190000e-01 8.97203405e+07
8.54263000e-01 8.49102397e+07
8.54336000e-01 8.15842241e+07
8.54409000e-01 7.98331123e+07
8.54482000e-01 7.94967054e+07
8.54555000e-01 8.11815635e+07
8.54628000e-01 8.50944339e+07
8.54701000e-01 9.05439369e+07
8.54774000e-01 9.67652282e+07
8.54847000e-01 1.03131824e+08
8.54920000e-01 1.08457449e+08
8.54993000e-01 1.12137686e+08
8.55066000e-01 1.14506155e+08
8.55139000e-01 1.15979709e+08
8.55213000e-01 1.16872335e+08
8.55286000e-01 1.17591915e+08
8.55359000e-01 1.18458145e+08
8.55432000e-01 1.19065578e+08
8.55505000e-01 1.19380438e+08
8.55578000e-01 1.19366271e+08
8.55652000e-01 1.19307543e+08
8.55725000e-01 1.19247106e+08
8.55798000e-01 1.19135577e+08
8.55871000e-01 1.19027186e+08
8.55945000e-01 1.19093185e+08
8.56018000e-01 1.19067032e+08
8.56091000e-01 1.19287801e+08
8.56164000e-01 1.19670235e+08
8.56238000e-01 1.19964020e+08
8.56311000e-01 1.20171107e+08
8.56384000e-01 1.20406516e+08
8.56458000e-01 1.20383514e+08
8.56531000e-01 1.20244850e+08
8.56604000e-01 1.20100503e+08
8.56678000e-01 1.19969353e+08
8.56751000e-01 1.19766629e+08
8.56825000e-01 1.19515102e+08
8.56898000e-01 1.19238393e+08
8.56971000e-01 1.18940003e+08
8.57045000e-01 1.18595464e+08
8.57118000e-01 1.18534434e+08
8.57192000e-01 1.18709539e+08
8.57265000e-01 1.18901853e+08
8.57339000e-01 1.19092700e+08
8.57412000e-01 1.19295788e+08
8.57486000e-01 1.19404300e+08
8.57559000e-01 1.19592239e+08
8.57633000e-01 1.19804173e+08
8.57706000e-01 1.20054488e+08
8.57780000e-01 1.20337135e+08
8.57854000e-01 1.20685782e+08
8.57927000e-01 1.20897947e+08
8.58001000e-01 1.20772359e+08
8.58074000e-01 1.20183456e+08
8.58148000e-01 1.19705114e+08
8.58222000e-01 1.19192487e+08
8.58295000e-01 1.18705309e+08
8.58369000e-01 1.18355814e+08
8.58443000e-01 1.18303376e+08
8.58516000e-01 1.18015881e+08
8.58590000e-01 1.17945519e+08
8.58664000e-01 1.18048698e+08
8.58738000e-01 1.18385481e+08
8.58811000e-01 1.18750597e+08
8.58885000e-01 1.19377893e+08
8.58959000e-01 1.19802355e+08
8.59033000e-01 1.19966444e+08
8.59107000e-01 1.20065504e+08
8.59180000e-01 1.20211790e+08
8.59254000e-01 1.20367408e+08
8.59328000e-01 1.20531740e+08
8.59402000e-01 1.20742086e+08
8.59476000e-01 1.20715813e+08
8.59550000e-01 1.20607422e+08
8.59623000e-01 1.20308062e+08
8.59697000e-01 1.20040914e+08
8.59771000e-01 1.19716130e+08
8.59845000e-01 1.19515223e+08
8.59919000e-01 1.19289740e+08
8.59993000e-01 1.19183167e+08
8.60067000e-01 1.19156045e+08
8.60141000e-01 1.19276046e+08
8.60215000e-01 1.19289013e+08
8.60289000e-01 1.19586676e+08
8.60363000e-01 1.19924052e+08
8.60437000e-01 1.20066837e+08
8.60511000e-01 1.20152093e+08
8.60585000e-01 1.20204410e+08
8.60659000e-01 1.20093959e+08
8.60733000e-01 1.20124353e+08
8.60807000e-01 1.20275002e+08
8.60882000e-01 1.20409667e+08
8.60956000e-01 1.20413666e+08
8.61030000e-01 1.19882400e+08
8.61104000e-01 1.19610768e+08
8.61178000e-01 1.19421981e+08
8.61252000e-01 1.19174454e+08
8.61326000e-01 1.19155076e+08
8.61401000e-01 1.19459513e+08
8.61475000e-01 1.18941457e+08
8.61549000e-01 1.18948231e+08
8.61623000e-01 1.19335392e+08
8.61698000e-01 1.19657523e+08
8.61772000e-01 1.20255151e+08
8.61846000e-01 1.21399267e+08
8.61920000e-01 1.21643946e+08
8.61995000e-01 1.21546995e+08
8.62069000e-01 1.21710479e+08
8.62143000e-01 1.21801370e+08
8.62218000e-01 1.21935768e+08
8.62292000e-01 1.22400768e+08
8.62366000e-01 1.22909395e+08
8.62441000e-01 1.23049853e+08
8.62515000e-01 1.23295744e+08
8.62589000e-01 1.23487100e+08
8.62664000e-01 1.23719540e+08
8.62738000e-01 1.23978762e+08
8.62813000e-01 1.24357718e+08
8.62887000e-01 1.24458304e+08
8.62962000e-01 1.24274219e+08
8.63036000e-01 1.23952100e+08
8.63111000e-01 1.23456803e+08
8.63185000e-01 1.22974837e+08
8.63260000e-01 1.22409251e+08
8.63334000e-01 1.21920013e+08
8.63409000e-01 1.21548207e+08
8.63483000e-01 1.21435623e+08
8.63558000e-01 1.21285471e+08
8.63632000e-01 1.21366546e+08
8.63707000e-01 1.21474404e+08
8.63782000e-01 1.21662124e+08
8.63856000e-01 1.21929708e+08
8.63931000e-01 1.22278489e+08
8.64005000e-01 1.22445607e+08
8.64080000e-01 1.22497718e+08
8.64155000e-01 1.22438336e+08
8.64230000e-01 1.22336659e+08
8.64304000e-01 1.22179235e+08
8.64379000e-01 1.21903047e+08
8.64454000e-01 1.21636675e+08
8.64528000e-01 1.21329099e+08
8.64603000e-01 1.20919870e+08
8.64678000e-01 1.20218092e+08
8.64753000e-01 1.19411316e+08
8.64827000e-01 1.18670068e+08
8.64902000e-01 1.17981972e+08
8.64977000e-01 1.17348738e+08
8.65052000e-01 1.16923076e+08
8.65127000e-01 1.16397737e+08
8.65202000e-01 1.16116301e+08
8.65276000e-01 1.16732823e+08
8.65351000e-01 1.17418131e+08
8.65426000e-01 1.18118091e+08
8.65501000e-01 1.18873519e+08
8.65576000e-01 1.19285135e+08
8.65651000e-01 1.19348832e+08
8.65726000e-01 1.19062185e+08
8.65801000e-01 1.18338617e+08
8.65876000e-01 1.16937607e+08
8.65951000e-01 1.14302704e+08
8.66026000e-01 1.09718583e+08
8.66101000e-01 1.03672167e+08
8.66176000e-01 9.74940067e+07
8.66251000e-01 9.18575222e+07
8.66326000e-01 8.75623387e+07
8.66401000e-01 8.54359428e+07
8.66476000e-01 8.53294909e+07
8.66551000e-01 8.68422736e+07
8.66626000e-01 9.07643422e+07
8.66701000e-01 9.63847208e+07
8.66776000e-01 1.03007328e+08
8.66852000e-01 1.10041199e+08
8.66927000e-01 1.16332707e+08
8.67002000e-01 1.20559589e+08
8.67077000e-01 1.22451667e+08
8.67152000e-01 1.23478617e+08
8.67227000e-01 1.23824974e+08
8.67303000e-01 1.23349067e+08
8.67378000e-01 1.22504990e+08
8.67453000e-01 1.21846210e+08
8.67528000e-01 1.21085534e+08
8.67604000e-01 1.20552087e+08
8.67679000e-01 1.20494438e+08
8.67754000e-01 1.20315576e+08
8.67830000e-01 1.19915581e+08
8.67905000e-01 1.19875856e+08
8.67980000e-01 1.20142155e+08
8.68056000e-01 1.20407000e+08
8.68131000e-01 1.20845024e+08
8.68206000e-01 1.21241843e+08
8.68282000e-01 1.21243055e+08
8.68357000e-01 1.21070761e+08
8.68432000e-01 1.21175262e+08
8.68508000e-01 1.21358184e+08
8.68583000e-01 1.21448954e+08
8.68659000e-01 1.21005477e+08
8.68734000e-01 1.19261152e+08
8.68810000e-01 1.17454584e+08
8.68885000e-01 1.15803138e+08
8.68961000e-01 1.14289507e+08
8.69036000e-01 1.13447866e+08
8.69112000e-01 1.13682923e+08
8.69187000e-01 1.13486246e+08
8.69263000e-01 1.14384567e+08
8.69338000e-01 1.15837774e+08
8.69414000e-01 1.17514645e+08
8.69680000e-01 1.19518617e+08
8.69716000e-01 1.24340873e+08
8.69792000e-01 1.23715904e+08
8.69868000e-01 1.23242421e+08
8.69943000e-01 1.22819837e+08
8.70019000e-01 1.22433489e+08
8.70095000e-01 1.22243344e+08
8.70171000e-01 1.22248191e+08
8.70246000e-01 1.21932132e+08
8.70322000e-01 1.22023023e+08
8.70398000e-01 1.22248191e+08
8.70474000e-01 1.22550920e+08
8.70549000e-01 1.22993015e+08
8.70625000e-01 1.23442261e+08
8.70701000e-01 1.23444685e+08
8.70777000e-01 1.23282413e+08
8.70853000e-01 1.22865768e+08
8.70928000e-01 1.22242132e+08
8.71004000e-01 1.21727445e+08
8.71080000e-01 1.21006568e+08
8.71156000e-01 1.19893537e+08
8.71232000e-01 1.19139091e+08
8.71308000e-01 1.18592446e+08
8.71384000e-01 1.18041439e+08
8.71460000e-01 1.17969017e+08
8.71536000e-01 1.18559507e+08
8.71612000e-01 1.18745992e+08
8.71688000e-01 1.19404784e+08
8.71764000e-01 1.20193624e+08
8.71840000e-01 1.20716055e+08
8.71916000e-01 1.21285471e+08
8.71992000e-01 1.22217894e+08
8.72068000e-01 1.22604243e+08
8.72144000e-01 1.22996651e+08
8.72220000e-01 1.23494372e+08
8.72296000e-01 1.24025904e+08
8.72372000e-01 1.24576948e+08
8.72448000e-01 1.24847077e+08
8.72524000e-01 1.24880888e+08
8.72600000e-01 1.24616940e+08
8.72677000e-01 1.24002999e+08
8.72753000e-01 1.23340584e+08
8.72829000e-01 1.22764090e+08
8.72905000e-01 1.22226378e+08
8.72981000e-01 1.21818336e+08
8.73057000e-01 1.21715326e+08
8.73134000e-01 1.21583352e+08
8.73210000e-01 1.21578504e+08
8.73286000e-01 1.21700783e+08
8.73362000e-01 1.21522879e+08
8.73439000e-01 1.20788114e+08
8.73515000e-01 1.20262047e+08
8.73591000e-01 1.19572509e+08
8.73668000e-01 1.18708581e+08
8.73744000e-01 1.17997957e+08
8.73820000e-01 1.17815338e+08
8.73897000e-01 1.17304905e+08
8.73973000e-01 1.17158739e+08
8.74049000e-01 1.17144936e+08
8.74126000e-01 1.16926348e+08
8.74202000e-01 1.16951895e+08
8.74279000e-01 1.17345224e+08
8.74355000e-01 1.17282012e+08
8.74432000e-01 1.16971394e+08
8.74508000e-01 1.16848715e+08
8.74585000e-01 1.16438311e+08
8.74661000e-01 1.16307403e+08
8.74738000e-01 1.16266223e+08
8.74814000e-01 1.16250481e+08
8.74891000e-01 1.16135194e+08
8.74967000e-01 1.15991937e+08
8.75044000e-01 1.15141449e+08
8.75120000e-01 1.14508337e+08
8.75197000e-01 1.14044282e+08
8.75273000e-01 1.13766846e+08
8.75350000e-01 1.13729301e+08
8.75427000e-01 1.14024177e+08
8.75503000e-01 1.13946435e+08
8.75580000e-01 1.13669471e+08
8.75657000e-01 1.13775680e+08
8.75733000e-01 1.14016191e+08
8.75810000e-01 1.14371854e+08
8.75887000e-01 1.14906150e+08
8.75964000e-01 1.15661699e+08
8.76040000e-01 1.15817062e+08
8.76117000e-01 1.16439522e+08
8.76194000e-01 1.17243753e+08
8.76271000e-01 1.17981124e+08
8.76347000e-01 1.18668492e+08
8.76424000e-01 1.19503965e+08
8.76501000e-01 1.19612344e+08
8.76578000e-01 1.19539570e+08
8.76655000e-01 1.19533632e+08
8.76732000e-01 1.19456738e+08
8.76808000e-01 1.19471874e+08
8.76885000e-01 1.19584131e+08
8.76962000e-01 1.19558815e+08
8.77039000e-01 1.19542588e+08
8.77116000e-01 1.19297121e+08
8.77193000e-01 1.18881990e+08
8.77270000e-01 1.18158907e+08
8.77347000e-01 1.17625824e+08
8.77424000e-01 1.17117317e+08
8.77501000e-01 1.16894136e+08
8.77578000e-01 1.16669126e+08
8.77655000e-01 1.16911697e+08
8.77732000e-01 1.16970667e+08
8.77809000e-01 1.17398510e+08
8.77886000e-01 1.17921669e+08
8.77963000e-01 1.18541826e+08
8.78040000e-01 1.18996670e+08
8.78117000e-01 1.19478891e+08
8.78194000e-01 1.19489556e+08
8.78272000e-01 1.19359969e+08
8.78349000e-01 1.19255589e+08
8.78426000e-01 1.19120561e+08
8.78503000e-01 1.19065215e+08
8.78580000e-01 1.19088955e+08
8.78657000e-01 1.19145987e+08
8.78735000e-01 1.19111351e+08
8.78812000e-01 1.19015806e+08
8.78889000e-01 1.18407162e+08
8.78966000e-01 1.18018425e+08
8.79044000e-01 1.17657066e+08
8.79121000e-01 1.17121922e+08
8.79198000e-01 1.16105770e+08
8.79276000e-01 1.15638322e+08
8.79353000e-01 1.14843423e+08
8.79430000e-01 1.14473216e+08
8.79508000e-01 1.14381550e+08
8.79585000e-01 1.14834212e+08
8.79662000e-01 1.15034270e+08
8.79740000e-01 1.15877257e+08
8.79817000e-01 1.16519689e+08
8.79894000e-01 1.17130030e+08
8.79972000e-01 1.17706232e+08
8.80049000e-01 1.18551388e+08
8.80127000e-01 1.18874488e+08
8.80204000e-01 1.18874003e+08
8.80282000e-01 1.18563858e+08
8.80359000e-01 1.18168711e+08
8.80437000e-01 1.17150620e+08
8.80514000e-01 1.14727894e+08
8.80592000e-01 1.12445032e+08
8.80669000e-01 1.10423997e+08
8.80747000e-01 1.08490751e+08
8.80824000e-01 1.07188921e+08
8.80902000e-01 1.07378690e+08
8.80980000e-01 1.07203330e+08
8.81057000e-01 1.08267680e+08
8.81135000e-01 1.10022185e+08
8.81213000e-01 1.11914493e+08
8.81290000e-01 1.13576713e+08
8.81368000e-01 1.15599929e+08
8.81446000e-01 1.16465796e+08
8.81523000e-01 1.16578065e+08
8.81601000e-01 1.16473189e+08
8.81679000e-01 1.16456840e+08
8.81756000e-01 1.16349904e+08
8.81834000e-01 1.16305100e+08
8.81912000e-01 1.16554203e+08
8.81990000e-01 1.16775578e+08
8.82068000e-01 1.17135120e+08
8.82145000e-01 1.17424554e+08
8.82223000e-01 1.17123376e+08
8.82301000e-01 1.15786184e+08
8.82379000e-01 1.14791106e+08
8.82457000e-01 1.13788878e+08
8.82535000e-01 1.12891162e+08
8.82613000e-01 1.12425169e+08
8.82690000e-01 1.12635406e+08
8.82768000e-01 1.12358685e+08
8.82846000e-01 1.12899403e+08
8.82924000e-01 1.13781376e+08
8.83002000e-01 1.14752471e+08
8.83080000e-01 1.15879923e+08
8.83158000e-01 1.17099757e+08
8.83236000e-01 1.17366056e+08
8.83314000e-01 1.17307328e+08
8.83392000e-01 1.17257799e+08
8.83470000e-01 1.17186346e+08
8.83548000e-01 1.17143724e+08
8.83626000e-01 1.16913866e+08
8.83704000e-01 1.16023180e+08
8.83783000e-01 1.15348657e+08
8.83861000e-01 1.14733941e+08
8.83939000e-01 1.14112705e+08
8.84017000e-01 1.13745044e+08
8.84095000e-01 1.13899935e+08
8.84173000e-01 1.13587729e+08
8.84251000e-01 1.13908042e+08
8.84330000e-01 1.14434218e+08
8.84408000e-01 1.14951680e+08
8.84486000e-01 1.15415262e+08
8.84564000e-01 1.15978255e+08
8.84643000e-01 1.16006589e+08
8.84721000e-01 1.15892514e+08
8.84799000e-01 1.15760880e+08
8.84877000e-01 1.15782669e+08
8.84956000e-01 1.15830393e+08
8.85034000e-01 1.15845408e+08
8.85112000e-01 1.15990968e+08
8.85191000e-01 1.16144889e+08
8.85269000e-01 1.16315632e+08
8.85347000e-01 1.16544399e+08
8.85426000e-01 1.16675670e+08
8.85504000e-01 1.16610640e+08
8.85583000e-01 1.16506249e+08
8.85661000e-01 1.16343493e+08
8.85740000e-01 1.16115695e+08
8.85818000e-01 1.15666050e+08
8.85896000e-01 1.14647485e+08
8.85975000e-01 1.13676984e+08
8.86054000e-01 1.12513939e+08
8.86132000e-01 1.11070549e+08
8.86211000e-01 1.09807596e+08
8.86289000e-01 1.09094185e+08
8.86368000e-01 1.08174437e+08
8.86446000e-01 1.07827851e+08
8.86525000e-01 1.07390554e+08
8.86603000e-01 1.07239057e+08
8.86682000e-01 1.07379538e+08
8.86761000e-01 1.08040379e+08
8.86839000e-01 1.08534949e+08
8.86918000e-01 1.09507752e+08
8.86997000e-01 1.10122456e+08
8.87075000e-01 1.11110869e+08
8.87154000e-01 1.11905889e+08
8.87233000e-01 1.12749602e+08
8.87311000e-01 1.13620305e+08
8.87390000e-01 1.14594320e+08
8.87469000e-01 1.14745696e+08
8.87548000e-01 1.14776696e+08
8.87626000e-01 1.14580153e+08
8.87705000e-01 1.14165386e+08
8.87784000e-01 1.13869165e+08
8.87863000e-01 1.13827513e+08
8.87942000e-01 1.13688485e+08
8.88021000e-01 1.13745407e+08
8.88099000e-01 1.14021874e+08
8.88178000e-01 1.14088843e+08
8.88257000e-01 1.14240341e+08
8.88336000e-01 1.14538367e+08
8.88415000e-01 1.14655350e+08
8.88494000e-01 1.14721107e+08
8.88573000e-01 1.14875513e+08
8.88652000e-01 1.14927103e+08
8.88731000e-01 1.14952165e+08
8.88810000e-01 1.15029677e+08
8.88889000e-01 1.15007512e+08
8.88968000e-01 1.15005088e+08
8.89047000e-01 1.14926619e+08
8.89126000e-01 1.14585110e+08
8.89205000e-01 1.14271098e+08
8.89284000e-01 1.14059419e+08
8.89363000e-01 1.13814073e+08
8.89442000e-01 1.13701089e+08
8.89521000e-01 1.13864087e+08
8.89601000e-01 1.13847618e+08
8.89680000e-01 1.14066084e+08
8.89759000e-01 1.14290355e+08
8.89838000e-01 1.14479033e+08
8.89917000e-01 1.14638881e+08
8.89996000e-01 1.14901666e+08
8.90076000e-01 1.14897558e+08
8.90155000e-01 1.14938483e+08
8.90234000e-01 1.14877331e+08
8.90313000e-01 1.14910391e+08
8.90393000e-01 1.14984741e+08
8.90472000e-01 1.15084042e+08
8.90551000e-01 1.15147145e+08
8.90631000e-01 1.15249464e+08
8.90710000e-01 1.15217737e+08
8.90789000e-01 1.15079449e+08
8.90869000e-01 1.14978814e+08
8.90948000e-01 1.14822227e+08
8.91027000e-01 1.14325233e+08
8.91107000e-01 1.13907557e+08
8.91186000e-01 1.13593061e+08
8.91266000e-01 1.13225158e+08
8.91345000e-01 1.13022191e+08
8.91424000e-01 1.13154917e+08
8.91504000e-01 1.13091463e+08
8.91583000e-01 1.13300367e+08
8.91663000e-01 1.13643318e+08
8.91742000e-01 1.13814679e+08
8.91822000e-01 1.13652153e+08
8.91902000e-01 1.13721182e+08
8.91981000e-01 1.13524154e+08
8.92061000e-01 1.13196824e+08
8.92140000e-01 1.12815723e+08
8.92220000e-01 1.12481485e+08
8.92299000e-01 1.11859267e+08
8.92379000e-01 1.11481802e+08
8.92459000e-01 1.11236698e+08
8.92538000e-01 1.10939763e+08
8.92618000e-01 1.10655055e+08
8.92698000e-01 1.10479937e+08
8.92777000e-01 1.09983913e+08
8.92857000e-01 1.09620736e+08
8.92937000e-01 1.09536086e+08
8.93017000e-01 1.09641689e+08
8.93096000e-01 1.09911006e+08
8.93176000e-01 1.10460559e+08
8.93256000e-01 1.10752417e+08
8.93336000e-01 1.11279078e+08
8.93416000e-01 1.11956873e+08
8.93495000e-01 1.12586119e+08
8.93575000e-01 1.13066764e+08
8.93655000e-01 1.13553699e+08
8.93735000e-01 1.13711014e+08
8.93815000e-01 1.13852574e+08
8.93895000e-01 1.13943284e+08
8.93975000e-01 1.13925966e+08
8.94055000e-01 1.13779558e+08
8.94134000e-01 1.13154675e+08
8.94214000e-01 1.12677301e+08
8.94294000e-01 1.12141552e+08
8.94374000e-01 1.11126732e+08
8.94454000e-01 1.10162048e+08
8.94534000e-01 1.09642053e+08
8.94614000e-01 1.08785506e+08
8.94694000e-01 1.08452722e+08
8.94774000e-01 1.08505282e+08
8.94855000e-01 1.08404889e+08
8.94935000e-01 1.08742278e+08
8.95015000e-01 1.09536813e+08
8.95095000e-01 1.10055972e+08
8.95175000e-01 1.10731343e+08
8.95255000e-01 1.11565483e+08
8.95335000e-01 1.12123022e+08
8.95415000e-01 1.12561894e+08
8.95496000e-01 1.12881358e+08
8.95576000e-01 1.13153826e+08
8.95656000e-01 1.13489033e+08
8.95736000e-01 1.13704228e+08
8.95817000e-01 1.13734391e+08
8.95897000e-01 1.13727120e+08
8.95977000e-01 1.13693817e+08
8.96057000e-01 1.13667786e+08
8.96138000e-01 1.13648529e+08
8.96218000e-01 1.13634484e+08
8.96298000e-01 1.13562789e+08
8.96379000e-01 1.13455731e+08
8.96459000e-01 1.13142325e+08
8.96539000e-01 1.12572546e+08
8.96620000e-01 1.11883372e+08
8.96700000e-01 1.11253289e+08
8.96781000e-01 1.10685691e+08
8.96861000e-01 1.10307499e+08
8.96941000e-01 1.10147033e+08
8.97022000e-01 1.10140501e+08
8.97102000e-01 1.10335711e+08
8.97183000e-01 1.10790677e+08
8.97263000e-01 1.11336121e+08
8.97344000e-01 1.11720252e+08
8.97424000e-01 1.11967052e+08
8.97505000e-01 1.11970688e+08
8.97586000e-01 1.11703540e+08
8.97666000e-01 1.11296638e+08
8.97747000e-01 1.11015202e+08
8.97827000e-01 1.10794676e+08
8.97908000e-01 1.10714510e+08
8.97989000e-01 1.10821083e+08
8.98069000e-01 1.11117897e+08
8.98150000e-01 1.11509288e+08
8.98230000e-01 1.11926236e+08
8.98311000e-01 1.12126052e+08
8.98392000e-01 1.12205248e+08
8.98473000e-01 1.12167474e+08
8.98553000e-01 1.12079188e+08
8.98634000e-01 1.12017430e+08
8.98715000e-01 1.11997204e+08
8.98796000e-01 1.11811313e+08
8.98876000e-01 1.11804902e+08
8.98957000e-01 1.11769297e+08
8.99038000e-01 1.11698087e+08
8.99119000e-01 1.11726784e+08
8.99200000e-01 1.11834327e+08
8.99281000e-01 1.11679800e+08
8.99361000e-01 1.11597210e+08
8.99442000e-01 1.11508197e+08
8.99523000e-01 1.11366758e+08
8.99604000e-01 1.11311532e+08
8.99685000e-01 1.11177110e+08
8.99766000e-01 1.10161685e+08
8.99847000e-01 1.09278379e+08
8.99928000e-01 1.08578540e+08
9.00009000e-01 1.07789458e+08
9.00090000e-01 1.07239420e+08
9.00171000e-01 1.07507174e+08
9.00252000e-01 1.07360403e+08
9.00333000e-01 1.07714976e+08
9.00414000e-01 1.08470525e+08
9.00495000e-01 1.09100607e+08
9.00576000e-01 1.09738689e+08
9.00657000e-01 1.10334378e+08
9.00739000e-01 1.10173076e+08
9.00820000e-01 1.09290498e+08
9.00901000e-01 1.08311526e+08
9.00982000e-01 1.07267754e+08
9.01063000e-01 1.06080374e+08
9.01144000e-01 1.04860044e+08
9.01226000e-01 1.03912799e+08
9.01307000e-01 1.02947388e+08
9.01388000e-01 1.02197535e+08
9.01469000e-01 1.02089628e+08
9.01551000e-01 1.01710103e+08
9.01632000e-01 1.01938749e+08
9.01713000e-01 1.02412486e+08
9.01795000e-01 1.02866494e+08
9.01876000e-01 1.03465577e+08
9.01957000e-01 1.04540821e+08
9.02039000e-01 1.04882815e+08
9.02120000e-01 1.05604201e+08
9.02201000e-01 1.06340493e+08
9.02283000e-01 1.06559929e+08
9.02364000e-01 1.06974696e+08
9.02446000e-01 1.07623066e+08
9.02527000e-01 1.07782672e+08
9.02609000e-01 1.08115576e+08
9.02690000e-01 1.08776186e+08
9.02772000e-01 1.09095033e+08
9.02853000e-01 1.09558857e+08
9.02935000e-01 1.09958488e+08
9.03016000e-01 1.10128140e+08
9.03098000e-01 1.10219213e+08
9.03179000e-01 1.10431862e+08
9.03261000e-01 1.10485512e+08
9.03342000e-01 1.10594376e+08
9.03424000e-01 1.10545452e+08
9.03506000e-01 1.10639918e+08
9.03587000e-01 1.10732434e+08
9.03669000e-01 1.10783054e+08
9.03751000e-01 1.10883931e+08
9.03832000e-01 1.11080474e+08
9.03914000e-01 1.11097065e+08
9.03996000e-01 1.11113292e+08
9.04077000e-01 1.11189108e+08
9.04159000e-01 1.11258488e+08
9.04241000e-01 1.11346531e+08
9.04323000e-01 1.11464848e+08
9.04404000e-01 1.11534119e+08
9.04486000e-01 1.11544893e+08
9.04568000e-01 1.11556999e+08
9.04650000e-01 1.11547438e+08
9.04732000e-01 1.11497544e+08
9.04814000e-01 1.11438816e+08
9.04896000e-01 1.11366273e+08
9.04977000e-01 1.11150231e+08
9.05059000e-01 1.11002126e+08
9.05141000e-01 1.10867825e+08
9.05223000e-01 1.10749873e+08
9.05305000e-01 1.10668858e+08
9.05387000e-01 1.10725162e+08
9.05469000e-01 1.10697434e+08
9.05551000e-01 1.10814296e+08
9.05633000e-01 1.10906339e+08
9.05715000e-01 1.10949567e+08
9.05797000e-01 1.10994128e+08
9.05879000e-01 1.10947507e+08
9.05961000e-01 1.10206621e+08
9.06043000e-01 1.09132456e+08
9.06125000e-01 1.07990122e+08
9.06208000e-01 1.06978332e+08
9.06290000e-01 1.06199527e+08
9.06372000e-01 1.05936984e+08
9.06454000e-01 1.05820607e+08
9.06536000e-01 1.06091390e+08
9.06618000e-01 1.06677761e+08
9.06701000e-01 1.07551129e+08
9.06783000e-01 1.08519449e+08
9.06865000e-01 1.09548677e+08
9.06947000e-01 1.10338983e+08
9.07029000e-01 1.10690296e+08
9.07112000e-01 1.10642451e+08
9.07194000e-01 1.10363681e+08
9.07276000e-01 1.10233016e+08
9.07359000e-01 1.09995414e+08
9.07441000e-01 1.09879643e+08
9.07523000e-01 1.09803840e+08
9.07606000e-01 1.09743282e+08
9.07688000e-01 1.09073728e+08
9.07771000e-01 1.08406101e+08
9.07853000e-01 1.07608899e+08
9.07935000e-01 1.06939091e+08
9.08018000e-01 1.06462445e+08
9.08100000e-01 1.06509551e+08
9.08183000e-01 1.06455174e+08
9.08265000e-01 1.06673034e+08
9.08348000e-01 1.07120619e+08
9.08430000e-01 1.07796960e+08
9.08513000e-01 1.08451753e+08
9.08595000e-01 1.09062942e+08
9.08678000e-01 1.08281483e+08
9.08760000e-01 1.06948653e+08
9.08843000e-01 1.05657488e+08
9.08926000e-01 1.04410762e+08
9.09008000e-01 1.03333942e+08
9.09091000e-01 1.03365669e+08
9.09174000e-01 1.03207143e+08
9.09256000e-01 1.03374989e+08
9.09339000e-01 1.03639107e+08
9.09422000e-01 1.04239765e+08
9.09504000e-01 1.04981268e+08
9.09587000e-01 1.06089330e+08
9.09670000e-01 1.06420053e+08
9.09753000e-01 1.06436281e+08
9.09835000e-01 1.06024422e+08
9.09918000e-01 1.06048041e+08
9.10001000e-01 1.06292903e+08
9.10084000e-01 1.06683081e+08
9.10167000e-01 1.07113954e+08
9.10249000e-01 1.07773110e+08
9.10332000e-01 1.08071379e+08
9.10415000e-01 1.07981760e+08
9.10498000e-01 1.08009985e+08
9.10581000e-01 1.08269255e+08
9.10664000e-01 1.08250483e+08
9.10747000e-01 1.08160513e+08
9.10830000e-01 1.08291299e+08
9.10913000e-01 1.08138711e+08
9.10996000e-01 1.07529218e+08
9.11079000e-01 1.07058256e+08
9.11162000e-01 1.06589717e+08
9.11245000e-01 1.06188753e+08
9.11328000e-01 1.06030845e+08
9.11411000e-01 1.06208374e+08
9.11494000e-01 1.06056997e+08
9.11577000e-01 1.05721790e+08
9.11660000e-01 1.05735593e+08
9.11743000e-01 1.05220191e+08
9.11826000e-01 1.04998829e+08
9.11910000e-01 1.05191494e+08
9.11993000e-01 1.05387795e+08
9.12076000e-01 1.05037451e+08
9.12159000e-01 1.05536626e+08
9.12242000e-01 1.05749409e+08
9.12326000e-01 1.06468129e+08
9.12409000e-01 1.07352768e+08
9.12492000e-01 1.08266589e+08
9.12575000e-01 1.08799067e+08
9.12659000e-01 1.09409650e+08
9.12742000e-01 1.09516708e+08
9.12825000e-01 1.09447194e+08
9.12909000e-01 1.09386527e+08
9.12992000e-01 1.09339058e+08
9.13075000e-01 1.09304301e+08
9.13159000e-01 1.09246409e+08
9.13242000e-01 1.09228122e+08
9.13325000e-01 1.09227031e+08
9.13409000e-01 1.09263485e+08
9.13492000e-01 1.09214319e+08
9.13576000e-01 1.09162486e+08
9.13659000e-01 1.09121561e+08
9.13743000e-01 1.09076394e+08
9.13826000e-01 1.08935185e+08
9.13910000e-01 1.08767945e+08
9.13993000e-01 1.08568615e+08
9.14077000e-01 1.08393994e+08
9.14160000e-01 1.08206286e+08
9.14244000e-01 1.08053697e+08
9.14328000e-01 1.07940107e+08
9.14411000e-01 1.07756398e+08
9.14495000e-01 1.07483554e+08
9.14578000e-01 1.07088892e+08
9.14662000e-01 1.06587536e+08
9.14746000e-01 1.06095996e+08
9.14829000e-01 1.05738017e+08
9.14913000e-01 1.05490975e+08
9.14997000e-01 1.05507444e+08
9.15081000e-01 1.05791789e+08
9.15164000e-01 1.06282844e+08
9.15248000e-01 1.06849472e+08
9.15332000e-01 1.07383404e+08
9.15416000e-01 1.07730718e+08
9.15499000e-01 1.07903654e+08
9.15583000e-01 1.07918790e+08
9.15667000e-01 1.07834625e+08
9.15751000e-01 1.07730718e+08
9.15835000e-01 1.07725156e+08
9.15919000e-01 1.07777351e+08
9.16003000e-01 1.07872412e+08
9.16086000e-01 1.07961909e+08
9.16170000e-01 1.08032017e+08
9.16254000e-01 1.07837170e+08
9.16338000e-01 1.07572082e+08
9.16422000e-01 1.07276237e+08
9.16506000e-01 1.06984622e+08
9.16590000e-01 1.06672307e+08
9.16674000e-01 1.06540309e+08
9.16758000e-01 1.06440401e+08
9.16842000e-01 1.06478915e+08
9.16926000e-01 1.06530262e+08
9.17011000e-01 1.06547216e+08
9.17095000e-01 1.06519719e+08
9.17179000e-01 1.06234526e+08
9.17263000e-01 1.05754002e+08
9.17347000e-01 1.05328946e+08
9.17431000e-01 1.04993012e+08
9.17515000e-01 1.04742455e+08
9.17600000e-01 1.04823227e+08
9.17684000e-01 1.04964314e+08
9.17768000e-01 1.05274447e+08
9.17852000e-01 1.05657972e+08
9.17937000e-01 1.06034347e+08
9.18021000e-01 1.06339281e+08
9.18105000e-01 1.06616112e+08
9.18189000e-01 1.06638883e+08
9.18274000e-01 1.06639247e+08
9.18358000e-01 1.06705852e+08
9.18442000e-01 1.06796683e+08
9.18527000e-01 1.06882169e+08
9.18611000e-01 1.07041786e+08
9.18695000e-01 1.07107785e+08
9.18780000e-01 1.07101968e+08
9.18864000e-01 1.07078724e+08
9.18949000e-01 1.07078361e+08
9.19033000e-01 1.07005696e+08
9.19118000e-01 1.06905062e+08
9.19202000e-01 1.06782261e+08
9.19287000e-01 1.06728987e+08
9.19371000e-01 1.06691443e+08
9.19456000e-01 1.06698096e+08
9.19540000e-01 1.06709488e+08
9.19625000e-01 1.06761805e+08
9.19709000e-01 1.06746789e+08
9.19794000e-01 1.06563807e+08
9.19879000e-01 1.06305252e+08
9.19963000e-01 1.06096965e+08
9.20048000e-01 1.05829090e+08
9.20133000e-01 1.05453915e+08
9.20217000e-01 1.05189191e+08
9.20302000e-01 1.05010329e+08
9.20387000e-01 1.04961890e+08
9.20471000e-01 1.04988043e+08
9.20556000e-01 1.05073299e+08
9.20641000e-01 1.05126585e+08
9.20726000e-01 1.05215719e+08
9.20810000e-01 1.04919862e+08
9.20895000e-01 1.04500744e+08
9.20980000e-01 1.04054601e+08
9.21065000e-01 1.03488336e+08
9.21150000e-01 1.02587361e+08
9.21234000e-01 1.01916099e+08
9.21319000e-01 1.01349713e+08
9.21404000e-01 1.01144928e+08
9.21489000e-01 1.01225337e+08
9.21574000e-01 1.01441379e+08
9.21659000e-01 1.01650890e+08
9.21744000e-01 1.02119429e+08
9.21829000e-01 1.02380153e+08
9.21914000e-01 1.02599832e+08
9.21999000e-01 1.02939753e+08
9.22084000e-01 1.03343141e+08
9.22169000e-01 1.03687788e+08
9.22254000e-01 1.03978919e+08
9.22339000e-01 1.04034872e+08
9.22424000e-01 1.04027479e+08
9.22509000e-01 1.03842437e+08
9.22594000e-01 1.03102279e+08
9.22680000e-01 1.01873828e+08
9.22765000e-01 1.00472830e+08
9.22850000e-01 9.90840470e+07
9.22935000e-01 9.78433808e+07
9.23020000e-01 9.68940757e+07
9.23105000e-01 9.64383709e+07
9.23191000e-01 9.66173541e+07
9.23276000e-01 9.73059345e+07
9.23361000e-01 9.83331031e+07
9.23446000e-01 9.96052662e+07
9.23532000e-01 1.00884931e+08
9.23617000e-01 1.01736631e+08
9.23702000e-01 1.02202503e+08
9.23788000e-01 1.02364047e+08
9.23873000e-01 1.02356776e+08
9.23958000e-01 1.02311609e+08
9.24044000e-01 1.02376760e+08
9.24129000e-01 1.02558167e+08
9.24214000e-01 1.02945933e+08
9.24300000e-01 1.03322793e+08
9.24385000e-01 1.03665877e+08
9.24471000e-01 1.03778861e+08
9.24556000e-01 1.03682589e+08
9.24642000e-01 1.03433729e+08
9.24727000e-01 1.03110871e+08
9.24813000e-01 1.02862253e+08
9.24898000e-01 1.02911055e+08
9.24984000e-01 1.03132067e+08
9.25069000e-01 1.03481562e+08
9.25155000e-01 1.03847042e+08
9.25241000e-01 1.04146523e+08
9.25326000e-01 1.04336764e+08
9.25412000e-01 1.03853816e+08
9.25497000e-01 1.02983356e+08
9.25583000e-01 1.02139170e+08
9.25669000e-01 1.01099277e+08
9.25755000e-01 9.98934886e+07
9.25840000e-01 9.91695454e+07
9.25926000e-01 9.88244130e+07
9.26012000e-01 9.90213199e+07
9.26097000e-01 9.94047236e+07
9.26183000e-01 9.99510046e+07
9.26269000e-01 1.00814690e+08
9.26355000e-01 1.01754797e+08
9.26441000e-01 1.02186276e+08
9.26526000e-01 1.02668254e+08
9.26612000e-01 1.03241779e+08
9.26698000e-01 1.03687182e+08
9.26784000e-01 1.03942344e+08
9.26870000e-01 1.04193386e+08
9.26956000e-01 1.04435945e+08
9.27042000e-01 1.04726955e+08
9.27128000e-01 1.04865982e+08
9.27214000e-01 1.04910422e+08
9.27300000e-01 1.04968059e+08
9.27386000e-01 1.05093283e+08
9.27472000e-01 1.05167038e+08
9.27558000e-01 1.05262704e+08
9.27644000e-01 1.05352796e+08
9.27730000e-01 1.05390219e+08
9.27816000e-01 1.05315991e+08
9.27902000e-01 1.05201662e+08
9.27988000e-01 1.05040966e+08
9.28074000e-01 1.04908240e+08
9.28160000e-01 1.04810756e+08
9.28247000e-01 1.04806394e+08
9.28333000e-01 1.04889226e+08
9.28419000e-01 1.04993739e+08
9.28505000e-01 1.05030071e+08
9.28591000e-01 1.05048479e+08
9.28678000e-01 1.04980662e+08
9.28764000e-01 1.04689774e+08
9.28850000e-01 1.04192901e+08
9.28936000e-01 1.03688879e+08
9.29023000e-01 1.03242385e+08
9.29109000e-01 1.02911298e+08
9.29195000e-01 1.02758104e+08
9.29282000e-01 1.02726134e+08
9.29368000e-01 1.02870494e+08
9.29454000e-01 1.03087021e+08
9.29541000e-01 1.03204004e+08
9.29627000e-01 1.03272294e+08
9.29714000e-01 1.03397639e+08
9.29800000e-01 1.03398124e+08
9.29887000e-01 1.03403929e+08
9.29973000e-01 1.03437001e+08
9.30060000e-01 1.03589941e+08
9.30146000e-01 1.03865450e+08
9.30233000e-01 1.04185764e+08
9.30319000e-01 1.04348398e+08
9.30406000e-01 1.04534410e+08
9.30492000e-01 1.04601137e+08
9.30579000e-01 1.04579941e+08
9.30665000e-01 1.04482336e+08
9.30752000e-01 1.04399867e+08
9.30839000e-01 1.04284338e+08
9.30925000e-01 1.04207796e+08
9.31012000e-01 1.04056298e+08
9.31099000e-01 1.03979525e+08
9.31185000e-01 1.03994904e+08
9.31272000e-01 1.03998661e+08
9.31359000e-01 1.03973587e+08
9.31446000e-01 1.04063569e+08
9.31532000e-01 1.04112372e+08
9.31619000e-01 1.03933146e+08
9.31706000e-01 1.03658485e+08
9.31793000e-01 1.03413503e+08
9.31880000e-01 1.03200611e+08
9.31966000e-01 1.02982629e+08
9.32053000e-01 1.02834525e+08
9.32140000e-01 1.02906087e+08
9.32227000e-01 1.03151445e+08
9.32314000e-01 1.03324247e+08
9.32401000e-01 1.03501425e+08
9.32488000e-01 1.03726423e+08
9.32575000e-01 1.03788302e+08
9.32662000e-01 1.03688637e+08
9.32749000e-01 1.03611015e+08
9.32836000e-01 1.03625546e+08
9.32923000e-01 1.03746165e+08
9.33010000e-01 1.03935570e+08
9.33097000e-01 1.04130538e+08
9.33184000e-01 1.04247036e+08
9.33271000e-01 1.04191447e+08
9.33358000e-01 1.04049524e+08
9.33445000e-01 1.03877557e+08
9.33532000e-01 1.03650135e+08
9.33620000e-01 1.03439170e+08
9.33707000e-01 1.03331155e+08
9.33794000e-01 1.03390125e+08
9.33881000e-01 1.03528910e+08
9.33968000e-01 1.03722909e+08
9.34056000e-01 1.03982797e+08
9.34143000e-01 1.04172069e+08
9.34230000e-01 1.04182855e+08
9.34317000e-01 1.04069617e+08
9.34405000e-01 1.03821968e+08
9.34492000e-01 1.03548409e+08
9.34579000e-01 1.03334548e+08
9.34667000e-01 1.03161007e+08
9.34754000e-01 1.03033371e+08
9.34842000e-01 1.02760770e+08
9.34929000e-01 1.02482727e+08
9.35016000e-01 1.02326988e+08
9.35104000e-01 1.02153822e+08
9.35191000e-01 1.01959327e+08
9.35279000e-01 1.01915856e+08
9.35366000e-01 1.01997719e+08
9.35454000e-01 1.02156476e+08
9.35541000e-01 1.02297806e+08
9.35629000e-01 1.02422654e+08
9.35716000e-01 1.02487332e+08
9.35804000e-01 1.02297321e+08
9.35891000e-01 1.01919977e+08
9.35979000e-01 1.01584648e+08
9.36067000e-01 1.01203063e+08
9.36154000e-01 1.00924050e+08
9.36242000e-01 1.00898128e+08
9.36330000e-01 1.01038731e+08
9.36417000e-01 1.01299213e+08
9.36505000e-01 1.01682981e+08
9.36593000e-01 1.02178035e+08
9.36680000e-01 1.02672363e+08
9.36768000e-01 1.02988798e+08
9.36856000e-01 1.03149990e+08
9.36944000e-01 1.03288885e+08
9.37031000e-01 1.03315776e+08
9.37119000e-01 1.03022828e+08
9.37207000e-01 1.02690529e+08
9.37295000e-01 1.02414062e+08
9.37383000e-01 1.02140128e+08
9.37471000e-01 1.01952189e+08
9.37559000e-01 1.01937900e+08
9.37646000e-01 1.02072929e+08
9.37734000e-01 1.02365259e+08
9.37822000e-01 1.02629620e+08
9.37910000e-01 1.02805694e+08
9.37998000e-01 1.02975237e+08
9.38086000e-01 1.03034219e+08
9.38174000e-01 1.02854388e+08
9.38262000e-01 1.02625499e+08
9.38350000e-01 1.02451242e+08
9.38438000e-01 1.02403652e+08
9.38526000e-01 1.02398198e+08
9.38615000e-01 1.02325534e+08
9.38703000e-01 1.02290656e+08
9.38791000e-01 1.02282306e+08
9.38879000e-01 1.02139522e+08
9.38967000e-01 1.01948432e+08
9.39055000e-01 1.01802872e+08
9.39143000e-01 1.01656343e+08
9.39232000e-01 1.01511257e+08
9.39320000e-01 1.01383136e+08
9.39408000e-01 1.01321500e+08
9.39496000e-01 1.01360486e+08
9.39585000e-01 1.01414863e+08
9.39673000e-01 1.01518528e+08
9.39761000e-01 1.01744496e+08
9.39850000e-01 1.01952431e+08
9.39938000e-01 1.01954976e+08
9.40026000e-01 1.01872628e+08
9.40115000e-01 1.01765207e+08
9.40203000e-01 1.01566361e+08
9.40291000e-01 1.01165034e+08
9.40380000e-01 1.00471375e+08
9.40468000e-01 9.97662044e+07
9.40557000e-01 9.91877116e+07
9.40645000e-01 9.86081280e+07
9.40734000e-01 9.81491512e+07
9.40822000e-01 9.80234546e+07
9.40911000e-01 9.81755582e+07
9.40999000e-01 9.85169338e+07
9.41088000e-01 9.88551706e+07
9.41176000e-01 9.86599603e+07
9.41265000e-01 9.79256071e+07
9.41354000e-01 9.67221093e+07
9.41442000e-01 9.52027825e+07
9.41531000e-01 9.37745287e+07
9.41620000e-01 9.28161466e+07
9.41708000e-01 9.27816322e+07
9.41797000e-01 9.37787703e+07
9.41886000e-01 9.52168404e+07
9.41974000e-01 9.67446383e+07
9.42063000e-01 9.83762219e+07
9.42152000e-01 9.98198545e+07
9.42241000e-01 1.00581330e+08
9.42329000e-01 1.00797857e+08
9.42418000e-01 1.00831281e+08
9.42507000e-01 1.00998884e+08
9.42596000e-01 1.01243261e+08
9.42685000e-01 1.01449499e+08
9.42774000e-01 1.01613103e+08
9.42862000e-01 1.01755766e+08
9.42951000e-01 1.01742315e+08
9.43040000e-01 1.01415348e+08
9.43129000e-01 1.00889172e+08
9.43218000e-01 1.00380060e+08
9.43307000e-01 9.99255792e+07
9.43396000e-01 9.95707517e+07
9.43485000e-01 9.93217702e+07
9.43574000e-01 9.91231666e+07
9.43663000e-01 9.88671561e+07
9.43752000e-01 9.85631914e+07
9.43841000e-01 9.82488166e+07
9.43930000e-01 9.80046825e+07
9.44020000e-01 9.78949707e+07
9.44109000e-01 9.80180011e+07
9.44198000e-01 9.82927837e+07
9.44287000e-01 9.86713399e+07
9.44376000e-01 9.90972444e+07
9.44465000e-01 9.94563135e+07
9.44555000e-01 9.95415696e+07
9.44644000e-01 9.93952709e+07
9.44733000e-01 9.91584082e+07
9.44822000e-01 9.90397284e+07
9.44912000e-01 9.90605607e+07
9.45001000e-01 9.92256193e+07
9.45090000e-01 9.95754781e+07
9.45180000e-01 9.99617782e+07
9.45269000e-01 1.00095837e+08
9.45358000e-01 1.00103956e+08
9.45448000e-01 1.00104441e+08
9.45537000e-01 1.00027171e+08
9.45627000e-01 9.99204893e+07
9.45716000e-01 9.98840359e+07
9.45805000e-01 9.99628689e+07
9.45895000e-01 1.00244305e+08
9.45984000e-01 1.00576967e+08
9.46074000e-01 1.00731615e+08
9.46163000e-01 1.00671918e+08
9.46253000e-01 1.00479725e+08
9.46342000e-01 1.00177942e+08
9.46432000e-01 9.97962349e+07
9.46522000e-01 9.94486787e+07
9.46611000e-01 9.93648769e+07
9.46701000e-01 9.95546458e+07
9.46790000e-01 9.97926113e+07
9.46880000e-01 1.00035533e+08
9.46970000e-01 1.00358270e+08
9.47059000e-01 1.00683055e+08
9.47149000e-01 1.00797736e+08
9.47239000e-01 1.00687297e+08
9.47328000e-01 1.00572616e+08
9.47418000e-01 1.00539071e+08
9.47508000e-01 1.00473920e+08
9.47598000e-01 1.00376182e+08
9.47688000e-01 1.00341558e+08
9.47777000e-01 1.00370741e+08
9.47867000e-01 1.00404407e+08
9.47957000e-01 1.00394712e+08
9.48047000e-01 1.00397014e+08
9.48137000e-01 1.00494741e+08
9.48227000e-01 1.00589934e+08
9.48317000e-01 1.00581572e+08
9.48407000e-01 1.00518239e+08
9.48497000e-01 1.00474648e+08
9.48587000e-01 1.00421846e+08
9.48677000e-01 1.00283424e+08
9.48767000e-01 1.00132411e+08
9.48857000e-01 1.00096322e+08
9.48947000e-01 1.00158818e+08
9.49037000e-01 1.00257635e+08
9.49127000e-01 1.00401983e+08
9.49217000e-01 1.00577694e+08
9.49307000e-01 1.00675905e+08
9.49397000e-01 1.00620692e+08
9.49487000e-01 1.00475968e+08
9.49577000e-01 1.00295652e+08
9.49668000e-01 1.00094625e+08
9.49758000e-01 9.99706250e+07
9.49848000e-01 9.99728064e+07
9.49938000e-01 1.00041229e+08
9.50029000e-01 1.00083972e+08
9.50119000e-01 1.00109289e+08
9.50209000e-01 1.00091850e+08
9.50299000e-01 9.98661121e+07
9.50390000e-01 9.94853745e+07
9.50480000e-01 9.91528335e+07
9.50570000e-01 9.88946538e+07
9.50661000e-01 9.86864763e+07
9.50751000e-01 9.86114001e+07
9.50841000e-01 9.86743696e+07
9.50932000e-01 9.88074587e+07
9.51022000e-01 9.89383664e+07
9.51113000e-01 9.90019419e+07
9.51203000e-01 9.90552284e+07
9.51294000e-01 9.90965173e+07
9.51384000e-01 9.91287292e+07
9.51475000e-01 9.91967886e+07
9.51565000e-01 9.92874981e+07
9.51656000e-01 9.93855880e+07
9.51746000e-01 9.95001474e+07
9.51837000e-01 9.94796786e+07
9.51928000e-01 9.93063914e+07
9.52018000e-01 9.91777862e+07
9.52109000e-01 9.90851377e+07
9.52200000e-01 9.90150181e+07
9.52290000e-01 9.90545013e+07
9.52381000e-01 9.92282733e+07
9.52472000e-01 9.93999973e+07
9.52562000e-01 9.94769034e+07
9.52653000e-01 9.94653905e+07
9.52744000e-01 9.92957268e+07
9.52835000e-01 9.89387300e+07
9.52925000e-01 9.85337668e+07
9.53016000e-01 9.82494225e+07
9.53107000e-01 9.80901809e+07
9.53198000e-01 9.80620895e+07
9.53289000e-01 9.81277251e+07
9.53380000e-01 9.82132235e+07
9.53471000e-01 9.82117693e+07
9.53562000e-01 9.80785590e+07
9.53653000e-01 9.79310485e+07
9.53743000e-01 9.77536408e+07
9.53834000e-01 9.75685982e+07
9.53925000e-01 9.74751135e+07
9.54016000e-01 9.74560990e+07
9.54107000e-01 9.74143254e+07
9.54198000e-01 9.72348453e+07
9.54290000e-01 9.67382153e+07
9.54381000e-01 9.57373203e+07
9.54472000e-01 9.42848531e+07
9.54563000e-01 9.26748167e+07
9.54654000e-01 9.11634883e+07
9.54745000e-01 8.99861552e+07
9.54836000e-01 8.93890114e+07
9.54927000e-01 8.95040556e+07
9.55019000e-01 9.02428928e+07
9.55110000e-01 9.13618495e+07
9.55201000e-01 9.26520576e+07
9.55292000e-01 9.39748289e+07
9.55384000e-01 9.50980394e+07
9.55475000e-01 9.58283934e+07
9.55566000e-01 9.63189640e+07
9.55657000e-01 9.67377305e+07
9.55749000e-01 9.70969208e+07
9.55840000e-01 9.73914329e+07
9.55932000e-01 9.75891881e+07
9.56023000e-01 9.77565493e+07
9.56114000e-01 9.78923045e+07
9.56206000e-01 9.79199112e+07
9.56297000e-01 9.78874570e+07
9.56389000e-01 9.79172451e+07
9.56480000e-01 9.79981383e+07
9.56572000e-01 9.80661978e+07
9.56663000e-01 9.81186360e+07
9.56755000e-01 9.80556665e+07
9.56846000e-01 9.78365942e+07
9.56938000e-01 9.74955822e+07
9.57029000e-01 9.70493180e+07
9.57121000e-01 9.65725507e+07
9.57213000e-01 9.61262987e+07
9.57304000e-01 9.58287569e+07
9.57396000e-01 9.57914551e+07
9.57488000e-01 9.59354391e+07
9.57579000e-01 9.62168870e+07
9.57671000e-01 9.66140941e+07
9.57763000e-01 9.70625276e+07
9.57854000e-01 9.74466584e+07
9.57946000e-01 9.77506110e+07
9.58038000e-01 9.79879706e+07
9.58130000e-01 9.82139385e+07
9.58222000e-01 9.83872379e+07
9.58313000e-01 9.84546914e+07
9.58405000e-01 9.84355558e+07
9.58497000e-01 9.83786457e+07
9.58589000e-01 9.83257227e+07
9.58681000e-01 9.82346496e+07
9.58773000e-01 9.81325605e+07
9.58865000e-01 9.80424691e+07
9.58957000e-01 9.79960903e+07
9.59049000e-01 9.79971688e+07
9.59141000e-01 9.80322892e+07
9.59233000e-01 9.80821825e+07
9.59325000e-01 9.81646512e+07
9.59417000e-01 9.82006199e+07
9.59509000e-01 9.81475758e+07
9.59601000e-01 9.80523944e+07
9.59693000e-01 9.79266978e+07
9.59785000e-01 9.77024144e+07
9.59877000e-01 9.74212210e+07
9.59969000e-01 9.72014216e+07
9.60061000e-01 9.69968919e+07
9.60154000e-01 9.67104874e+07
9.60246000e-01 9.64143999e+07
9.60338000e-01 9.62308116e+07
9.60430000e-01 9.60609054e+07
9.60523000e-01 9.58115603e+07
9.60615000e-01 9.56183981e+07
9.60707000e-01 9.56060490e+07
9.60799000e-01 9.56668492e+07
9.60892000e-01 9.58071975e+07
9.60984000e-01 9.61267834e+07
9.61076000e-01 9.65959280e+07
9.61169000e-01 9.70926792e+07
9.61261000e-01 9.75505532e+07
9.61354000e-01 9.79040477e+07
9.61446000e-01 9.81619972e+07
9.61538000e-01 9.82701336e+07
9.61631000e-01 9.82109209e+07
9.61723000e-01 9.80672884e+07
9.61816000e-01 9.78639586e+07
9.61908000e-01 9.74887956e+07
9.62001000e-01 9.69777563e+07
9.62094000e-01 9.65566872e+07
9.62186000e-01 9.61558444e+07
9.62279000e-01 9.57683203e+07
9.62371000e-01 9.54715057e+07
9.62464000e-01 9.52944615e+07
9.62557000e-01 9.51192231e+07
9.62649000e-01 9.50368756e+07
9.62742000e-01 9.50608588e+07
9.62835000e-01 9.52417809e+07
9.62927000e-01 9.54692031e+07
9.63020000e-01 9.58596357e+07
9.63113000e-01 9.63107353e+07
9.63206000e-01 9.65315042e+07
9.63298000e-01 9.65587474e+07
9.63391000e-01 9.66092466e+07
9.63484000e-01 9.64049472e+07
9.63577000e-01 9.58981494e+07
9.63670000e-01 9.53399920e+07
9.63763000e-01 9.50235570e+07
9.63855000e-01 9.48863475e+07
9.63948000e-01 9.48128467e+07
9.64041000e-01 9.48794519e+07
9.64134000e-01 9.52194944e+07
9.64227000e-01 9.56511069e+07
9.64320000e-01 9.59979359e+07
9.64413000e-01 9.62939023e+07
9.64506000e-01 9.64994135e+07
9.64599000e-01 9.65730355e+07
9.64692000e-01 9.64911727e+07
9.64785000e-01 9.62584183e+07
9.64878000e-01 9.60183925e+07
9.64972000e-01 9.59064993e+07
9.65065000e-01 9.58818011e+07
9.65158000e-01 9.57526991e+07
9.65251000e-01 9.55991534e+07
9.65344000e-01 9.55436855e+07
9.65437000e-01 9.54608532e+07
9.65531000e-01 9.51893427e+07
9.65624000e-01 9.47044558e+07
9.65717000e-01 9.42020208e+07
9.65810000e-01 9.37441347e+07
9.65904000e-01 9.33159276e+07
9.65997000e-01 9.30055520e+07
9.66090000e-01 9.30083272e+07
9.66184000e-01 9.33963361e+07
9.66277000e-01 9.39553297e+07
9.66370000e-01 9.45423057e+07
9.66464000e-01 9.51853556e+07
9.66557000e-01 9.58608476e+07
9.66651000e-01 9.62492201e+07
9.66744000e-01 9.63506911e+07
9.66837000e-01 9.63230844e+07
9.66931000e-01 9.62615692e+07
9.67024000e-01 9.61703749e+07
9.67118000e-01 9.60314809e+07
9.67212000e-01 9.58550306e+07
9.67305000e-01 9.55673051e+07
9.67399000e-01 9.51836590e+07
9.67492000e-01 9.47934687e+07
9.67586000e-01 9.44724285e+07
9.67680000e-01 9.42314454e+07
9.67773000e-01 9.41378273e+07
9.67867000e-01 9.42572343e+07
9.67961000e-01 9.45387913e+07
9.68054000e-01 9.49076645e+07
9.68148000e-01 9.52691453e+07
9.68242000e-01 9.56406847e+07
9.68335000e-01 9.59195755e+07
9.68429000e-01 9.60374070e+07
9.68523000e-01 9.60463749e+07
9.68617000e-01 9.60038621e+07
9.68711000e-01 9.58233035e+07
9.68805000e-01 9.55307304e+07
9.68898000e-01 9.52597047e+07
9.68992000e-01 9.49700281e+07
9.69086000e-01 9.47119695e+07
9.69180000e-01 9.45391548e+07
9.69274000e-01 9.46046693e+07
9.69368000e-01 9.47887423e+07
9.69462000e-01 9.50081782e+07
9.69556000e-01 9.52336734e+07
9.69650000e-01 9.55107465e+07
9.69744000e-01 9.57201237e+07
9.69838000e-01 9.58148324e+07
9.69932000e-01 9.58649680e+07
9.70026000e-01 9.58208797e+07
9.70120000e-01 9.57327273e+07
9.70214000e-01 9.56112601e+07
9.70309000e-01 9.54202793e+07
9.70403000e-01 9.50522665e+07
9.70497000e-01 9.46230778e+07
9.70591000e-01 9.43490345e+07
9.70685000e-01 9.41274172e+07
9.70780000e-01 9.39139196e+07
9.70874000e-01 9.38735881e+07
9.70968000e-01 9.41200369e+07
9.71062000e-01 9.44127311e+07
9.71157000e-01 9.46968331e+07
9.71251000e-01 9.50040578e+07
9.71345000e-01 9.52936132e+07
9.71440000e-01 9.54070819e+07
9.71534000e-01 9.53878251e+07
9.71628000e-01 9.53368411e+07
9.71723000e-01 9.52285835e+07
9.71817000e-01 9.51360562e+07
9.71912000e-01 9.51182657e+07
9.72006000e-01 9.51255249e+07
9.72101000e-01 9.51033595e+07
9.72195000e-01 9.51046926e+07
9.72290000e-01 9.51629479e+07
9.72384000e-01 9.52139318e+07
9.72479000e-01 9.52066605e+07
9.72573000e-01 9.51340081e+07
9.72668000e-01 9.49951019e+07
9.72763000e-01 9.47732423e+07
9.72857000e-01 9.45222006e+07
9.72952000e-01 9.42658386e+07
9.73047000e-01 9.40805537e+07
9.73141000e-01 9.40206139e+07
9.73236000e-01 9.40784935e+07
9.73331000e-01 9.41325072e+07
9.73426000e-01 9.42509446e+07
9.73520000e-01 9.43154895e+07
9.73615000e-01 9.40898731e+07
9.73710000e-01 9.34893361e+07
9.73805000e-01 9.29703104e+07
9.73899000e-01 9.24976514e+07
9.73994000e-01 9.21046859e+07
9.74089000e-01 9.19237638e+07
9.74184000e-01 9.21738360e+07
9.74279000e-01 9.24965607e+07
9.74374000e-01 9.28736627e+07
9.74469000e-01 9.31637029e+07
9.74564000e-01 9.33162912e+07
9.74659000e-01 9.32364886e+07
9.74754000e-01 9.31653995e+07
9.74849000e-01 9.30728722e+07
9.74944000e-01 9.30290383e+07
9.75039000e-01 9.32456868e+07
9.75134000e-01 9.37305737e+07
9.75229000e-01 9.41241452e+07
9.75324000e-01 9.44083683e+07
9.75419000e-01 9.47101517e+07
9.75515000e-01 9.49096035e+07
9.75610000e-01 9.48925281e+07
9.75705000e-01 9.47668315e+07
9.75800000e-01 9.46380930e+07
9.75895000e-01 9.45057311e+07
9.75991000e-01 9.44088531e+07
9.76086000e-01 9.42635361e+07
9.76181000e-01 9.39265111e+07
9.76276000e-01 9.34515617e+07
9.76372000e-01 9.30221427e+07
9.76467000e-01 9.25933175e+07
9.76563000e-01 9.22237293e+07
9.76658000e-01 9.20490968e+07
9.76753000e-01 9.21767324e+07
9.76849000e-01 9.23862429e+07
9.76944000e-01 9.25830286e+07
9.77040000e-01 9.28174797e+07
9.77135000e-01 9.30579781e+07
9.77231000e-01 9.32110512e+07
9.77326000e-01 9.32992157e+07
9.77422000e-01 9.34889725e+07
9.77517000e-01 9.37543145e+07
9.77613000e-01 9.40800689e+07
9.77708000e-01 9.43487921e+07
9.77804000e-01 9.45339558e+07
9.77899000e-01 9.45601083e+07
9.77995000e-01 9.44478515e+07
9.78091000e-01 9.42299911e+07
9.78186000e-01 9.38454967e+07
9.78282000e-01 9.33910038e+07
9.78378000e-01 9.29862952e+07
9.78474000e-01 9.26145134e+07
9.78569000e-01 9.20751281e+07
9.78665000e-01 9.15700269e+07
9.78761000e-01 9.12870157e+07
9.78857000e-01 9.11464129e+07
9.78953000e-01 9.10300357e+07
9.79048000e-01 9.11668816e+07
9.79144000e-01 9.16379652e+07
9.79240000e-01 9.21826707e+07
9.79336000e-01 9.26631948e+07
9.79432000e-01 9.31343995e+07
9.79528000e-01 9.35535296e+07
9.79624000e-01 9.37401355e+07
9.79720000e-01 9.37035729e+07
9.79816000e-01 9.34635472e+07
9.79912000e-01 9.30522944e+07
9.80008000e-01 9.27139364e+07
9.80104000e-01 9.24230600e+07
9.80200000e-01 9.21855792e+07
9.80296000e-01 9.20419467e+07
9.80392000e-01 9.22413985e+07
9.80488000e-01 9.25348320e+07
9.80584000e-01 9.28453288e+07
9.80681000e-01 9.31271282e+07
9.80777000e-01 9.34528947e+07
9.80873000e-01 9.35871957e+07
9.80969000e-01 9.35736226e+07
9.81065000e-01 9.34969710e+07
9.81162000e-01 9.34377583e+07
9.81258000e-01 9.33803514e+07
9.81354000e-01 9.33560046e+07
9.81451000e-01 9.33286403e+07
9.81547000e-01 9.33526235e+07
9.81643000e-01 9.33710320e+07
9.81740000e-01 9.34058979e+07
9.81836000e-01 9.34235793e+07
9.81932000e-01 9.33999718e+07
9.82029000e-01 9.32848064e+07
9.82125000e-01 9.31989444e+07
9.82222000e-01 9.31017029e+07
9.82318000e-01 9.29618272e+07
9.82415000e-01 9.28149348e+07
9.82511000e-01 9.27838136e+07
9.82608000e-01 9.27404524e+07
9.82704000e-01 9.26736049e+07
9.82801000e-01 9.26593167e+07
9.82898000e-01 9.27241041e+07
9.82994000e-01 9.27519653e+07
9.83091000e-01 9.27119973e+07
9.83188000e-01 9.26136651e+07
9.83284000e-01 9.23922902e+07
9.83381000e-01 9.21784291e+07
9.83478000e-01 9.19637196e+07
9.83574000e-01 9.18076289e+07
9.83671000e-01 9.17172830e+07
9.83768000e-01 9.18536441e+07
9.83865000e-01 9.20917188e+07
9.83961000e-01 9.23526980e+07
9.84058000e-01 9.24764556e+07
9.84155000e-01 9.24735592e+07
9.84252000e-01 9.24183336e+07
9.84349000e-01 9.22828207e+07
9.84446000e-01 9.21029893e+07
9.84543000e-01 9.19971433e+07
9.84640000e-01 9.21301112e+07
9.84737000e-01 9.23032895e+07
9.84834000e-01 9.24017429e+07
9.84931000e-01 9.24781522e+07
9.85028000e-01 9.25683770e+07
9.85125000e-01 9.25537253e+07
9.85222000e-01 9.24331065e+07
9.85319000e-01 9.23133360e+07
9.85416000e-01 9.22552140e+07
9.85513000e-01 9.22392293e+07
9.85610000e-01 9.22430952e+07
9.85707000e-01 9.22493970e+07
9.85804000e-01 9.22983207e+07
9.85902000e-01 9.23017140e+07
9.85999000e-01 9.21256273e+07
9.86096000e-01 9.17666915e+07
9.86193000e-01 9.14739972e+07
9.86291000e-01 9.11960638e+07
9.86388000e-01 9.09089442e+07
9.86485000e-01 9.07763399e+07
9.86582000e-01 9.09835357e+07
9.86680000e-01 9.12631537e+07
9.86777000e-01 9.15585262e+07
9.86875000e-01 9.18833111e+07
9.86972000e-01 9.21702004e+07
9.87069000e-01 9.20871257e+07
9.87167000e-01 9.17475558e+07
9.87264000e-01 9.14312420e+07
9.87362000e-01 9.11042757e+07
9.87459000e-01 9.08199313e+07
9.87557000e-01 9.07156608e+07
9.87654000e-01 9.09572620e+07
9.87752000e-01 9.12867733e+07
9.87849000e-01 9.16317845e+07
9.87947000e-01 9.19107966e+07
9.88045000e-01 9.21291417e+07
9.88142000e-01 9.21530037e+07
9.88240000e-01 9.20236715e+07
9.88338000e-01 9.18548560e+07
9.88435000e-01 9.17388424e+07
9.88533000e-01 9.17404178e+07
9.88631000e-01 9.17025101e+07
9.88729000e-01 9.14598182e+07
9.88826000e-01 9.09651272e+07
9.88924000e-01 9.03728310e+07
9.89022000e-01 8.97308718e+07
9.89120000e-01 8.91500764e+07
9.89218000e-01 8.87899287e+07
9.89315000e-01 8.88992770e+07
9.89413000e-01 8.93831944e+07
9.89511000e-01 9.00456102e+07
9.89609000e-01 9.06835702e+07
9.89707000e-01 9.11206240e+07
9.89805000e-01 9.11146858e+07
9.89903000e-01 9.08918688e+07
9.90001000e-01 9.04849666e+07
9.90099000e-01 9.00458526e+07
9.90197000e-01 8.97199770e+07
9.90295000e-01 8.98516118e+07
9.90393000e-01 9.00832755e+07
9.90491000e-01 9.03482419e+07
9.90589000e-01 9.06754627e+07
9.90688000e-01 9.10868367e+07
9.90786000e-01 9.12807139e+07
9.90884000e-01 9.13234691e+07
9.90982000e-01 9.13767436e+07
9.91080000e-01 9.12561369e+07
9.91179000e-01 9.09114771e+07
9.91277000e-01 9.06064337e+07
9.91375000e-01 9.03117884e+07
9.91473000e-01 8.99803381e+07
9.91572000e-01 8.97322049e+07
9.91670000e-01 8.99110789e+07
9.91768000e-01 9.02216969e+07
9.91867000e-01 9.05820870e+07
9.91965000e-01 9.09651272e+07
9.92063000e-01 9.13656063e+07
9.92162000e-01 9.15071786e+07
9.92260000e-01 9.14458937e+07
9.92359000e-01 9.13056666e+07
9.92457000e-01 9.11381842e+07
9.92556000e-01 9.09848688e+07
9.92654000e-01 9.08942804e+07
9.92753000e-01 9.08756416e+07
9.92852000e-01 9.09065205e+07
9.92950000e-01 9.08787804e+07
9.93049000e-01 9.08004321e+07
9.93147000e-01 9.07327363e+07
9.93246000e-01 9.06172074e+07
9.93345000e-01 9.04550573e+07
9.93443000e-01 9.03782723e+07
9.93542000e-01 9.04520276e+07
9.93641000e-01 9.05495115e+07
9.93739000e-01 9.06689185e+07
9.93838000e-01 9.08466897e+07
9.93937000e-01 9.09811119e+07
9.94036000e-01 9.10027925e+07
9.94135000e-01 9.09642788e+07
9.94233000e-01 9.08849610e+07
9.94332000e-01 9.07551440e+07
9.94431000e-01 9.06535397e+07
9.94530000e-01 9.06092211e+07
9.94629000e-01 9.05667082e+07
9.94728000e-01 9.05227532e+07
9.94827000e-01 9.05192387e+07
9.94926000e-01 9.04947707e+07
9.95025000e-01 9.03940268e+07
9.95124000e-01 9.02824850e+07
9.95223000e-01 9.02017130e+07
9.95322000e-01 9.01425003e+07
9.95421000e-01 9.00873959e+07
9.95520000e-01 9.01143967e+07
9.95619000e-01 9.01789417e+07
9.95718000e-01 9.02593623e+07
9.95818000e-01 9.02949553e+07
9.95917000e-01 9.03189385e+07
9.96016000e-01 9.02763165e+07
9.96115000e-01 9.02459104e+07
9.96214000e-01 9.02014706e+07
9.96314000e-01 9.01640476e+07
9.96413000e-01 9.01433486e+07
9.96512000e-01 9.01938478e+07
9.96612000e-01 9.02226664e+07
9.96711000e-01 9.02442259e+07
9.96810000e-01 9.02518486e+07
9.96910000e-01 9.02812731e+07
9.97009000e-01 9.02690452e+07
9.97108000e-01 9.02599682e+07
9.97208000e-01 9.02388936e+07
9.97307000e-01 9.02426504e+07
9.97407000e-01 9.02381664e+07
9.97506000e-01 9.02122442e+07
9.97606000e-01 9.01554554e+07
9.97705000e-01 9.01025324e+07
9.97805000e-01 9.00617161e+07
9.97904000e-01 8.99999585e+07
9.98004000e-01 8.99866399e+07
9.98104000e-01 8.99633839e+07
9.98203000e-01 8.99478839e+07
9.98303000e-01 8.99304449e+07
9.98403000e-01 8.99046560e+07
9.98502000e-01 8.97793108e+07
9.98602000e-01 8.96883710e+07
9.98702000e-01 8.96422346e+07
9.98801000e-01 8.95972979e+07
9.98901000e-01 8.95505556e+07
9.99001000e-01 8.96312065e+07
9.99101000e-01 8.96825540e+07
9.99201000e-01 8.96060235e+07
9.99300000e-01 8.95480106e+07
9.99400000e-01 8.95099938e+07
9.99500000e-01 8.93756928e+07
9.99600000e-01 8.91632738e+07
9.99700000e-01 8.91468043e+07
9.99800000e-01 8.91498340e+07
9.99900000e-01 8.91303348e+07
1.00000000e+00 8.91081816e+07
1.00010000e+00 8.92372714e+07
1.00020000e+00 8.92960115e+07
1.00030000e+00 8.93058156e+07
1.00040000e+00 8.93513461e+07
1.00050000e+00 8.94847988e+07
1.00060000e+00 8.95701760e+07
1.00070100e+00 8.96052964e+07
1.00080100e+00 8.96291463e+07
1.00090100e+00 8.96365387e+07
1.00100100e+00 8.95911295e+07
1.00110100e+00 8.95254938e+07
1.00120100e+00 8.94938879e+07
1.00130200e+00 8.94936455e+07
1.00140200e+00 8.95089031e+07
1.00150200e+00 8.95451142e+07
1.00160300e+00 8.95890692e+07
1.00170300e+00 8.96105075e+07
1.00180300e+00 8.95839793e+07
1.00190400e+00 8.95317835e+07
1.00200400e+00 8.94496784e+07
1.00210400e+00 8.93792073e+07
1.00220500e+00 8.93086029e+07
1.00230500e+00 8.92216503e+07
1.00240600e+00 8.90728188e+07
1.00250600e+00 8.89611679e+07
1.00260700e+00 8.88512016e+07
1.00270700e+00 8.87184760e+07
1.00280800e+00 8.85800668e+07
1.00290800e+00 8.85162368e+07
1.00300900e+00 8.84009503e+07
1.00311000e+00 8.82902689e+07
1.00321000e+00 8.82179679e+07
1.00331100e+00 8.81638452e+07
1.00341200e+00 8.79898187e+07
1.00351200e+00 8.77994438e+07
1.00361300e+00 8.76863387e+07
1.00371400e+00 8.75601573e+07
1.00381400e+00 8.74196757e+07
1.00391500e+00 8.73373282e+07
1.00401600e+00 8.73994615e+07
1.00411700e+00 8.74118106e+07
1.00421800e+00 8.73809318e+07
1.00431900e+00 8.73086308e+07
1.00441900e+00 8.71895874e+07
1.00452000e+00 8.68359718e+07
1.00462100e+00 8.61499485e+07
1.00472200e+00 8.50383600e+07
1.00482300e+00 8.35881954e+07
1.00492400e+00 8.21743510e+07
1.00502500e+00 8.09052176e+07
1.00512600e+00 7.99487624e+07
1.00522700e+00 7.96359630e+07
1.00532800e+00 8.02038034e+07
1.00542900e+00 8.12313356e+07
1.00553000e+00 8.24280468e+07
1.00563200e+00 8.35913342e+07
1.00573300e+00 8.46166971e+07
1.00583400e+00 8.52746289e+07
1.00593500e+00 8.56173497e+07
1.00603600e+00 8.57946362e+07
1.00613800e+00 8.60564517e+07
1.00623900e+00 8.64149148e+07
1.00634000e+00 8.67510793e+07
1.00644100e+00 8.70502086e+07
1.00654300e+00 8.73437512e+07
1.00664400e+00 8.75183716e+07
1.00674500e+00 8.75481718e+07
1.00684700e+00 8.75750514e+07
1.00694800e+00 8.75887335e+07
1.00704900e+00 8.76072632e+07
1.00715100e+00 8.76687785e+07
1.00725200e+00 8.78218515e+07
1.00735400e+00 8.79417432e+07
1.00745500e+00 8.80578781e+07
1.00755700e+00 8.81568163e+07
1.00765800e+00 8.82459503e+07
1.00776000e+00 8.82302080e+07
1.00786100e+00 8.81576646e+07
1.00796300e+00 8.80420145e+07
1.00806500e+00 8.79385923e+07
1.00816600e+00 8.78193066e+07
1.00826800e+00 8.76928828e+07
1.00836900e+00 8.75590666e+07
1.00847100e+00 8.74767191e+07
1.00857300e+00 8.74204029e+07
1.00867500e+00 8.74033274e+07
1.00877600e+00 8.74378419e+07
1.00887800e+00 8.75354470e+07
1.00898000e+00 8.76471100e+07
1.00908200e+00 8.77336870e+07
1.00918400e+00 8.78036854e+07
1.00928500e+00 8.78428050e+07
1.00938700e+00 8.78604864e+07
1.00948900e+00 8.78421991e+07
1.00959100e+00 8.78174888e+07
1.00969300e+00 8.77786236e+07
1.00979500e+00 8.77893973e+07
1.00989700e+00 8.77955779e+07
1.00999900e+00 8.77959415e+07
1.01010100e+00 8.77946084e+07
1.01020300e+00 8.78069575e+07
1.01030500e+00 8.77283668e+07
1.01040700e+00 8.75610056e+07
1.01050900e+00 8.74340850e+07
1.01061100e+00 8.73081460e+07
1.01071400e+00 8.71797833e+07
1.01081600e+00 8.71220128e+07
1.01091800e+00 8.72380264e+07
1.01102000e+00 8.73429029e+07
1.01112200e+00 8.74277953e+07
1.01122500e+00 8.74596437e+07
1.01132700e+00 8.74758708e+07
1.01142900e+00 8.73986132e+07
1.01153100e+00 8.73102062e+07
1.01163400e+00 8.72386324e+07
1.01173600e+00 8.72693900e+07
1.01183900e+00 8.73429029e+07
1.01194100e+00 8.74049029e+07
1.01204300e+00 8.74413563e+07
1.01214600e+00 8.73941292e+07
1.01224800e+00 8.71503466e+07
1.01235100e+00 8.68967720e+07
1.01245300e+00 8.66884734e+07
1.01255600e+00 8.64824895e+07
1.01265800e+00 8.63125833e+07
1.01276100e+00 8.64480962e+07
1.01286300e+00 8.66475481e+07
1.01296600e+00 8.68077591e+07
1.01306900e+00 8.69811797e+07
1.01317100e+00 8.72322215e+07
1.01327400e+00 8.73269181e+07
1.01337700e+00 8.73069342e+07
1.01347900e+00 8.72871926e+07
1.01358200e+00 8.72486910e+07
1.01368500e+00 8.71964952e+07
1.01378800e+00 8.71421179e+07
1.01389000e+00 8.71159655e+07
1.01399300e+00 8.70642544e+07
1.01409600e+00 8.70049084e+07
1.01419900e+00 8.69126356e+07
1.01430200e+00 8.66996227e+07
1.01440500e+00 8.62138875e+07
1.01450700e+00 8.58186194e+07
1.01461000e+00 8.54911563e+07
1.01471300e+00 8.52213424e+07
1.01481600e+00 8.49841161e+07
1.01491900e+00 8.52758408e+07
1.01502200e+00 8.56454412e+07
1.01512500e+00 8.59558168e+07
1.01522800e+00 8.61627824e+07
1.01533100e+00 8.64400978e+07
1.01543500e+00 8.64060681e+07
1.01553800e+00 8.61693144e+07
1.01564100e+00 8.59707109e+07
1.01574400e+00 8.58964830e+07
1.01584700e+00 8.58796499e+07
1.01595000e+00 8.59312398e+07
1.01605400e+00 8.60992069e+07
1.01615700e+00 8.61436467e+07
1.01626000e+00 8.58798923e+07
1.01636400e+00 8.56329709e+07
1.01646700e+00 8.53406281e+07
1.01657000e+00 8.49173898e+07
1.01667300e+00 8.45486377e+07
1.01677700e+00 8.47055767e+07
1.01688000e+00 8.49537221e+07
1.01698400e+00 8.52194155e+07
1.01708700e+00 8.56043826e+07
1.01719100e+00 8.60628746e+07
1.01729400e+00 8.62716459e+07
1.01739800e+00 8.63370392e+07
1.01750100e+00 8.63952944e+07
1.01760500e+00 8.64215681e+07
1.01770800e+00 8.64454301e+07
1.01781200e+00 8.64388859e+07
1.01791500e+00 8.64353714e+07
1.01801900e+00 8.64144301e+07
1.01812300e+00 8.62284180e+07
1.01822600e+00 8.56981218e+07
1.01833000e+00 8.51864765e+07
1.01843400e+00 8.46966209e+07
1.01853700e+00 8.41492492e+07
1.01864100e+00 8.36946352e+07
1.01874500e+00 8.37907861e+07
1.01884900e+00 8.41100084e+07
1.01895300e+00 8.43591112e+07
1.01905600e+00 8.45149716e+07
1.01916000e+00 8.46359540e+07
1.01926400e+00 8.45810920e+07
1.01936800e+00 8.42348688e+07
1.01947200e+00 8.38647837e+07
1.01957600e+00 8.37567564e+07
1.01968000e+00 8.39857661e+07
1.01978400e+00 8.42016875e+07
1.01988800e+00 8.45615928e+07
1.01999200e+00 8.50079660e+07
1.02009600e+00 8.53027325e+07
1.02020000e+00 8.52966731e+07
1.02030400e+00 8.53184749e+07
1.02040800e+00 8.52810519e+07
1.02051200e+00 8.51927662e+07
1.02061600e+00 8.51592212e+07
1.02072100e+00 8.52072967e+07
1.02082500e+00 8.52512638e+07
1.02092900e+00 8.52661579e+07
1.02103300e+00 8.52846876e+07
1.02113800e+00 8.53013995e+07
1.02124200e+00 8.53474147e+07
1.02134600e+00 8.52278866e+07
1.02145000e+00 8.48416955e+07
1.02155500e+00 8.44360173e+07
1.02165900e+00 8.39764346e+07
1.02176400e+00 8.34613960e+07
1.02186800e+00 8.30067941e+07
1.02197200e+00 8.30213246e+07
1.02207700e+00 8.32538366e+07
1.02218100e+00 8.37148615e+07
1.02228600e+00 8.42779755e+07
1.02239000e+00 8.48805727e+07
1.02249500e+00 8.52665214e+07
1.02259900e+00 8.54801402e+07
1.02270400e+00 8.55342751e+07
1.02280900e+00 8.54762622e+07
1.02291300e+00 8.54205519e+07
1.02301800e+00 8.54301258e+07
1.02312300e+00 8.54422325e+07
1.02322700e+00 8.54298834e+07
1.02333200e+00 8.54320648e+07
1.02343700e+00 8.54528971e+07
1.02354100e+00 8.54114749e+07
1.02364600e+00 8.53095070e+07
1.02375100e+00 8.52195367e+07
1.02385600e+00 8.51691587e+07
1.02396100e+00 8.50910406e+07
1.02406600e+00 8.50268593e+07
1.02417000e+00 8.50351001e+07
1.02427500e+00 8.50785703e+07
1.02438000e+00 8.50240719e+07
1.02448500e+00 8.50179034e+07
1.02459000e+00 8.50297678e+07
1.02469490e+00 8.50015551e+07
1.02480000e+00 8.49122999e+07
1.02490500e+00 8.49483898e+07
1.02501000e+00 8.49617084e+07
1.02511500e+00 8.49521466e+07
1.02522000e+00 8.49712701e+07
1.02532600e+00 8.50390872e+07
1.02543100e+00 8.50480551e+07
1.02553600e+00 8.50466008e+07
1.02564100e+00 8.50653729e+07
1.02574600e+00 8.50797822e+07
1.02585100e+00 8.50894652e+07
1.02595700e+00 8.50808729e+07
1.02606200e+00 8.50387236e+07
1.02616700e+00 8.49705551e+07
1.02627290e+00 8.48846931e+07
1.02637810e+00 8.47571666e+07
1.02648300e+00 8.46422436e+07
1.02658900e+00 8.45735783e+07
1.02669400e+00 8.45382155e+07
1.02679900e+00 8.45133961e+07
1.02690500e+00 8.45589266e+07
1.02701000e+00 8.46300157e+07
1.02711600e+00 8.46705896e+07
1.02722090e+00 8.46572589e+07
1.02732700e+00 8.46719106e+07
1.02743200e+00 8.46684082e+07
1.02753800e+00 8.46462429e+07
1.02764400e+00 8.46300157e+07
1.02774900e+00 8.46822116e+07
1.02785500e+00 8.47357405e+07
1.02796110e+00 8.47737573e+07
1.02806600e+00 8.47978617e+07
1.02817200e+00 8.48098472e+07
1.02827800e+00 8.47942260e+07
1.02838310e+00 8.47635896e+07
1.02848900e+00 8.47247123e+07
1.02859500e+00 8.45913809e+07
1.02870100e+00 8.42315967e+07
1.02880700e+00 8.38254217e+07
1.02891200e+00 8.34612748e+07
1.02901790e+00 8.31013695e+07
1.02912400e+00 8.27645869e+07
1.02923000e+00 8.28178735e+07
1.02933610e+00 8.31212323e+07
1.02944200e+00 8.34440782e+07
1.02954800e+00 8.37670574e+07
1.02965410e+00 8.41470678e+07
1.02976000e+00 8.43374427e+07
1.02986600e+00 8.43168528e+07
1.02997200e+00 8.41699603e+07
1.03007800e+00 8.39948431e+07
1.03018400e+00 8.38512227e+07
1.03029100e+00 8.37772251e+07
1.03039700e+00 8.36934233e+07
1.03050310e+00 8.36664225e+07
1.03060900e+00 8.37021489e+07
1.03071500e+00 8.37635429e+07
1.03082200e+00 8.37951488e+07
1.03092800e+00 8.38559491e+07
1.03103410e+00 8.38594514e+07
1.03114100e+00 8.37804972e+07
1.03124690e+00 8.37091657e+07
1.03135300e+00 8.36449843e+07
1.03146000e+00 8.35518631e+07
1.03156600e+00 8.34657588e+07
1.03167200e+00 8.35296978e+07
1.03177910e+00 8.35994538e+07
1.03188500e+00 8.36580605e+07
1.03199190e+00 8.37014217e+07
1.03209800e+00 8.38096793e+07
1.03220500e+00 8.38312388e+07
1.03231100e+00 8.37978150e+07
1.03241800e+00 8.37098928e+07
1.03252400e+00 8.35230445e+07
1.03263100e+00 8.30936134e+07
1.03273800e+00 8.26744955e+07
1.03284400e+00 8.20984143e+07
1.03295100e+00 8.15718750e+07
1.03305800e+00 8.11089110e+07
1.03316500e+00 8.11258653e+07
1.03327100e+00 8.11898043e+07
1.03337810e+00 8.15834969e+07
1.03348500e+00 8.20509448e+07
1.03359200e+00 8.26373149e+07
1.03369900e+00 8.30001287e+07
1.03380600e+00 8.32424449e+07
1.03391200e+00 8.31504144e+07
1.03401900e+00 8.30241119e+07
1.03412600e+00 8.27304361e+07
1.03423300e+00 8.21318381e+07
1.03434000e+00 8.16228589e+07
1.03444700e+00 8.14366045e+07
1.03455400e+00 8.12220162e+07
1.03466100e+00 8.09434889e+07
1.03476790e+00 8.12499865e+07
1.03487500e+00 8.16524046e+07
1.03498210e+00 8.19095058e+07
1.03508900e+00 8.21163381e+07
1.03519700e+00 8.25353470e+07
1.03530400e+00 8.27021022e+07
1.03541100e+00 8.27475115e+07
1.03551790e+00 8.27701616e+07
1.03562600e+00 8.28209032e+07
1.03573300e+00 8.28924649e+07
1.03584000e+00 8.29474481e+07
1.03594700e+00 8.30007347e+07
1.03605510e+00 8.30691576e+07
1.03616200e+00 8.31395196e+07
1.03626900e+00 8.31092346e+07
1.03637700e+00 8.30272507e+07
1.03648400e+00 8.29406737e+07
1.03659200e+00 8.28414810e+07
1.03669900e+00 8.27519955e+07
1.03680700e+00 8.26906014e+07
1.03691390e+00 8.24448798e+07
1.03702200e+00 8.19117963e+07
1.03712900e+00 8.14964231e+07
1.03723710e+00 8.11217449e+07
1.03734400e+00 8.07032208e+07
1.03745200e+00 8.04423748e+07
1.03756010e+00 8.07697047e+07
1.03766700e+00 8.10024591e+07
1.03777500e+00 8.11643668e+07
1.03788310e+00 8.14277577e+07
1.03799000e+00 8.17297834e+07
1.03809800e+00 8.16944207e+07
1.03820610e+00 8.17127080e+07
1.03831400e+00 8.19151896e+07
1.03842200e+00 8.21151262e+07
1.03852910e+00 8.23231824e+07
1.03863700e+00 8.25434545e+07
1.03874500e+00 8.26564505e+07
1.03885300e+00 8.26167250e+07
1.03896110e+00 8.24955002e+07
1.03906900e+00 8.23702884e+07
1.03917700e+00 8.22616551e+07
1.03928500e+00 8.21378975e+07
1.03939290e+00 8.17915532e+07
1.03950100e+00 8.14993316e+07
1.03960900e+00 8.12675466e+07
1.03971700e+00 8.10334591e+07
1.03982500e+00 8.07819326e+07
1.03993300e+00 8.09152641e+07
1.04004200e+00 8.11866534e+07
1.04015000e+00 8.14355138e+07
1.04025810e+00 8.17032674e+07
1.04036600e+00 8.19983854e+07
1.04047400e+00 8.20904280e+07
1.04058300e+00 8.19722330e+07
1.04069100e+00 8.18605700e+07
1.04079900e+00 8.17458894e+07
1.04090800e+00 8.16926150e+07
1.04101600e+00 8.16979351e+07
1.04112500e+00 8.18484632e+07
1.04123300e+00 8.19830066e+07
1.04134090e+00 8.21008381e+07
1.04145000e+00 8.21661102e+07
1.04155800e+00 8.22060781e+07
1.04166700e+00 8.21647771e+07
1.04177500e+00 8.20933244e+07
1.04188400e+00 8.20295066e+07
1.04199190e+00 8.19964464e+07
1.04210100e+00 8.19087787e+07
1.04220900e+00 8.17003589e+07
1.04231800e+00 8.15116807e+07
1.04242700e+00 8.12365467e+07
1.04253500e+00 8.08246879e+07
1.04264400e+00 8.05181782e+07
1.04275310e+00 8.04872994e+07
1.04286210e+00 8.04673154e+07
1.04297000e+00 8.05582673e+07
1.04307900e+00 8.09164760e+07
1.04318800e+00 8.12819559e+07
1.04329700e+00 8.14640900e+07
1.04340600e+00 8.15601318e+07
1.04351500e+00 8.16505868e+07
1.04362300e+00 8.16158300e+07
1.04373210e+00 8.15336037e+07
1.04384090e+00 8.14564672e+07
1.04395000e+00 8.14877096e+07
1.04405900e+00 8.15289985e+07
1.04416800e+00 8.15742987e+07
1.04427700e+00 8.16297545e+07
1.04438600e+00 8.17031462e+07
1.04449500e+00 8.17171920e+07
1.04460500e+00 8.16576157e+07
1.04471400e+00 8.14745122e+07
1.04482300e+00 8.13099384e+07
1.04493200e+00 8.11620643e+07
1.04504100e+00 8.10003989e+07
1.04515100e+00 8.08435812e+07
1.04526000e+00 8.08277176e+07
1.04536900e+00 8.05677079e+07
1.04547800e+00 8.02563628e+07
1.04558800e+00 7.99738363e+07
1.04569700e+00 7.96576436e+07
1.04580600e+00 7.89895320e+07
1.04591600e+00 7.87160825e+07
1.04602500e+00 7.87182638e+07
1.04613500e+00 7.87838995e+07
1.04624400e+00 7.88825953e+07
1.04635400e+00 7.94862832e+07
1.04646300e+00 8.00974727e+07
1.04657200e+00 8.05093436e+07
1.04668200e+00 8.07566285e+07
1.04679200e+00 8.07711590e+07
1.04690100e+00 8.06534487e+07
1.04701100e+00 8.03831501e+07
1.04712000e+00 8.00546083e+07
1.04723000e+00 7.97230369e+07
1.04734000e+00 7.99100184e+07
1.04744900e+00 8.01768026e+07
1.04755900e+00 8.04361942e+07
1.04766890e+00 8.07103709e+07
1.04777910e+00 8.10806863e+07
1.04788900e+00 8.12091823e+07
1.04799800e+00 8.11946397e+07
1.04810800e+00 8.11393051e+07
1.04821800e+00 8.11057601e+07
1.04832800e+00 8.10529584e+07
1.04843800e+00 8.09090956e+07
1.04854800e+00 8.08068853e+07
1.04865800e+00 8.07626758e+07
1.04876790e+00 8.07030996e+07
1.04887810e+00 8.06275386e+07
1.04898800e+00 8.07247802e+07
1.04909800e+00 8.08189920e+07
1.04920800e+00 8.08628259e+07
1.04931800e+00 8.08656132e+07
1.04942800e+00 8.08016742e+07
1.04953800e+00 8.06867512e+07
1.04964790e+00 8.05478451e+07
1.04975900e+00 8.04283291e+07
1.04986900e+00 8.02925739e+07
1.04997900e+00 8.02969245e+07
1.05008900e+00 8.02918467e+07
1.05019900e+00 8.03144847e+07
1.05031010e+00 8.03281790e+07
1.05042000e+00 8.03515441e+07
1.05053100e+00 8.03784358e+07
1.05064100e+00 8.04308619e+07
1.05075100e+00 8.04650128e+07
1.05086210e+00 8.04496340e+07
1.05097200e+00 8.04819671e+07
1.05108300e+00 8.04876629e+07
1.05119300e+00 8.04497552e+07
1.05130400e+00 8.03922392e+07
1.05141390e+00 8.04099206e+07
1.05152500e+00 8.03906638e+07
1.05163500e+00 8.02365000e+07
1.05174600e+00 8.01399855e+07
1.05185710e+00 8.00618796e+07
1.05196700e+00 7.99209133e+07
1.05207800e+00 7.97847945e+07
1.05218800e+00 7.99130482e+07
1.05229900e+00 8.00154887e+07
1.05241000e+00 8.01035321e+07
1.05252100e+00 8.02583018e+07
1.05263200e+00 8.04360730e+07
1.05274190e+00 8.04243299e+07
1.05285300e+00 8.03118307e+07
1.05296400e+00 8.01690465e+07
1.05307500e+00 7.98050208e+07
1.05318600e+00 7.94942816e+07
1.05329700e+00 7.92163482e+07
1.05340800e+00 7.90096371e+07
1.05351900e+00 7.88140633e+07
1.05363000e+00 7.90235617e+07
1.05374100e+00 7.92479541e+07
1.05385210e+00 7.94638876e+07
1.05396300e+00 7.96959149e+07
1.05407400e+00 7.99777143e+07
1.05418510e+00 8.00470946e+07
1.05429600e+00 8.00343820e+07
1.05440700e+00 8.00255473e+07
1.05451900e+00 8.00033820e+07
1.05463000e+00 7.99878820e+07
1.05474100e+00 7.99739574e+07
1.05485210e+00 7.99580939e+07
1.05496400e+00 7.99761388e+07
1.05507500e+00 8.00185184e+07
1.05518600e+00 8.00330489e+07
1.05529800e+00 8.00331701e+07
1.05540910e+00 8.00501244e+07
1.05552000e+00 8.00624856e+07
1.05563200e+00 8.00168218e+07
1.05574300e+00 7.99700794e+07
1.05585500e+00 7.99253972e+07
1.05596590e+00 7.98692022e+07
1.05607800e+00 7.98165216e+07
1.05618900e+00 7.98058691e+07
1.05630100e+00 7.97979919e+07
1.05641200e+00 7.97717182e+07
1.05652400e+00 7.97880666e+07
1.05663600e+00 7.98011428e+07
1.05674690e+00 7.97936412e+07
1.05685900e+00 7.97850368e+07
1.05697090e+00 7.98136131e+07
1.05708200e+00 7.98048996e+07
1.05719400e+00 7.97988402e+07
1.05730600e+00 7.97937624e+07
1.05741800e+00 7.97541580e+07
1.05753000e+00 7.96503723e+07
1.05764100e+00 7.95853426e+07
1.05775310e+00 7.95143747e+07
1.05786500e+00 7.94141155e+07
1.05797710e+00 7.92549830e+07
1.05808900e+00 7.91068787e+07
1.05820100e+00 7.87841419e+07
1.05831300e+00 7.78920013e+07
1.05842500e+00 7.70083319e+07
1.05853700e+00 7.63311432e+07
1.05864900e+00 7.57636664e+07
1.05876100e+00 7.51988558e+07
1.05887300e+00 7.56780468e+07
1.05898500e+00 7.65281713e+07
1.05909800e+00 7.73253729e+07
1.05921000e+00 7.80643312e+07
1.05932200e+00 7.89616829e+07
1.05943400e+00 7.93804494e+07
1.05954700e+00 7.94321483e+07
1.05965910e+00 7.94319060e+07
1.05977100e+00 7.94489814e+07
1.05988310e+00 7.94442672e+07
1.05999600e+00 7.93923137e+07
1.06010800e+00 7.91284381e+07
1.06022000e+00 7.84181771e+07
1.06033300e+00 7.77045350e+07
1.06044490e+00 7.70607701e+07
1.06055800e+00 7.64063406e+07
1.06067000e+00 7.59139522e+07
1.06078300e+00 7.62696280e+07
1.06089500e+00 7.68383046e+07
1.06100810e+00 7.73092669e+07
1.06112000e+00 7.78783192e+07
1.06123300e+00 7.85262045e+07
1.06134590e+00 7.87404292e+07
1.06145800e+00 7.86150962e+07
1.06157100e+00 7.86030985e+07
1.06168400e+00 7.86106122e+07
1.06179700e+00 7.86051587e+07
1.06190910e+00 7.86035833e+07
1.06202200e+00 7.87550809e+07
1.06213500e+00 7.88783658e+07
1.06224800e+00 7.89516242e+07
1.06236000e+00 7.90177446e+07
1.06247300e+00 7.89688209e+07
1.06258610e+00 7.84943562e+07
1.06269900e+00 7.80816491e+07
1.06281200e+00 7.76931554e+07
1.06292500e+00 7.72644636e+07
1.06303800e+00 7.68234105e+07
1.06315100e+00 7.70771184e+07
1.06326400e+00 7.73741754e+07
1.06337700e+00 7.76554901e+07
1.06349000e+00 7.79793176e+07
1.06360400e+00 7.84445841e+07
1.06371700e+00 7.86458538e+07
1.06383000e+00 7.86994918e+07
1.06394300e+00 7.87319581e+07
1.06405600e+00 7.87799124e+07
1.06416890e+00 7.88383979e+07
1.06428300e+00 7.88369436e+07
1.06439600e+00 7.88301692e+07
1.06450900e+00 7.88268971e+07
1.06462300e+00 7.87891106e+07
1.06473600e+00 7.87498698e+07
1.06484900e+00 7.87013096e+07
1.06496300e+00 7.86525070e+07
1.06507600e+00 7.85909918e+07
1.06518990e+00 7.85764613e+07
1.06530300e+00 7.85622944e+07
1.06541700e+00 7.85631427e+07
1.06553000e+00 7.85549019e+07
1.06564400e+00 7.85321427e+07
1.06575700e+00 7.83886314e+07
1.06587100e+00 7.79409251e+07
1.06598400e+00 7.71606778e+07
1.06609800e+00 7.65371272e+07
1.06621200e+00 7.59581496e+07
1.06632500e+00 7.54173221e+07
1.06643900e+00 7.52086599e+07
1.06655300e+00 7.57456215e+07
1.06666700e+00 7.62897210e+07
1.06678000e+00 7.68343175e+07
1.06689400e+00 7.74149917e+07
1.06700810e+00 7.79146515e+07
1.06712190e+00 7.80677124e+07
1.06723600e+00 7.80831033e+07
1.06735000e+00 7.80709845e+07
1.06746400e+00 7.80668641e+07
1.06757800e+00 7.81444974e+07
1.06769200e+00 7.81740431e+07
1.06780600e+00 7.81764669e+07
1.06792000e+00 7.81494661e+07
1.06803410e+00 7.79736217e+07
1.06814790e+00 7.73769628e+07
1.06826200e+00 7.67772741e+07
1.06837600e+00 7.58979674e+07
1.06849000e+00 7.51266760e+07
1.06860400e+00 7.44186085e+07
1.06871900e+00 7.43513974e+07
1.06883300e+00 7.38276333e+07
1.06894700e+00 7.35630305e+07
1.06906100e+00 7.34645771e+07
1.06917600e+00 7.33916823e+07
1.06929000e+00 7.26161492e+07
1.06940410e+00 7.25525738e+07
1.06951900e+00 7.30981276e+07
1.06963310e+00 7.35713925e+07
1.06974800e+00 7.40606301e+07
1.06986210e+00 7.53327932e+07
1.06997600e+00 7.64232949e+07
1.07009090e+00 7.69526216e+07
1.07020500e+00 7.73182227e+07
1.07031990e+00 7.77432911e+07
1.07043510e+00 7.77511562e+07
1.07054900e+00 7.73705398e+07
1.07066390e+00 7.70720285e+07
1.07077800e+00 7.68236529e+07
1.07089290e+00 7.65637765e+07
1.07100810e+00 7.62717973e+07
1.07112300e+00 7.65543238e+07
1.07123710e+00 7.68429097e+07
1.07135210e+00 7.70800270e+07
1.07146700e+00 7.72837204e+07
1.07158200e+00 7.74550687e+07
1.07169700e+00 7.74000976e+07
1.07181100e+00 7.72386626e+07
1.07192600e+00 7.70835414e+07
1.07204100e+00 7.69298624e+07
1.07215600e+00 7.70823295e+07
1.07227100e+00 7.71938592e+07
1.07238600e+00 7.72025727e+07
1.07250100e+00 7.70195903e+07
1.07261600e+00 7.65458527e+07
1.07273100e+00 7.58237274e+07
1.07284590e+00 7.49906784e+07
1.07296110e+00 7.43102176e+07
1.07307700e+00 7.37882834e+07
1.07319200e+00 7.39263291e+07
1.07330700e+00 7.43885780e+07
1.07342200e+00 7.51271607e+07
1.07353700e+00 7.58569088e+07
1.07365300e+00 7.66644113e+07
1.07376790e+00 7.71718150e+07
1.07388310e+00 7.74137798e+07
1.07399800e+00 7.74149917e+07
1.07411400e+00 7.73707822e+07
1.07422900e+00 7.72478729e+07
1.07434500e+00 7.69580751e+07
1.07446000e+00 7.66869281e+07
1.07457600e+00 7.65172765e+07
1.07469100e+00 7.61603888e+07
1.07480700e+00 7.53613694e+07
1.07492200e+00 7.49862065e+07
1.07503800e+00 7.46942273e+07
1.07515300e+00 7.41254174e+07
1.07526900e+00 7.36323018e+07
1.07538500e+00 7.41575081e+07
1.07550000e+00 7.45457594e+07
1.07561600e+00 7.48205420e+07
1.07573210e+00 7.54555813e+07
1.07584700e+00 7.63483399e+07
1.07596300e+00 7.67227757e+07
1.07607900e+00 7.69535911e+07
1.07619490e+00 7.72346755e+07
1.07631010e+00 7.73597661e+07
1.07642600e+00 7.72399956e+07
1.07654200e+00 7.70641634e+07
1.07665800e+00 7.68409707e+07
1.07677400e+00 7.66112460e+07
1.07689000e+00 7.63793399e+07
1.07700600e+00 7.63207210e+07
1.07712190e+00 7.63214482e+07
1.07723800e+00 7.64494595e+07
1.07735400e+00 7.66097917e+07
1.07747000e+00 7.68131216e+07
1.07758610e+00 7.69563784e+07
1.07770200e+00 7.70662236e+07
1.07781800e+00 7.70868014e+07
1.07793510e+00 7.70271040e+07
1.07805100e+00 7.68728190e+07
1.07816700e+00 7.65045517e+07
1.07828300e+00 7.60195557e+07
1.07840000e+00 7.54434746e+07
1.07851600e+00 7.44506992e+07
1.07863200e+00 7.36917569e+07
1.07874900e+00 7.33213203e+07
1.07886500e+00 7.32336405e+07
1.07898100e+00 7.31526260e+07
1.07909800e+00 7.40373862e+07
1.07921400e+00 7.49177835e+07
1.07933110e+00 7.56021223e+07
1.07944700e+00 7.60576937e+07
1.07956400e+00 7.66246858e+07
1.07968010e+00 7.66506080e+07
1.07979700e+00 7.65194458e+07
1.07991390e+00 7.63704931e+07
1.08003000e+00 7.63304161e+07
1.08014700e+00 7.62372828e+07
1.08026400e+00 7.62328110e+07
1.08038000e+00 7.62581151e+07
1.08049690e+00 7.63202363e+07
1.08061400e+00 7.63046151e+07
1.08073100e+00 7.62472203e+07
1.08084700e+00 7.59236351e+07
1.08096400e+00 7.49945564e+07
1.08108110e+00 7.42315058e+07
1.08119800e+00 7.35142280e+07
1.08131490e+00 7.29003724e+07
1.08143200e+00 7.23867881e+07
1.08154900e+00 7.30080362e+07
1.08166600e+00 7.35380900e+07
1.08178300e+00 7.40599030e+07
1.08190000e+00 7.42565796e+07
1.08201700e+00 7.45501222e+07
1.08213400e+00 7.43222153e+07
1.08225100e+00 7.41274776e+07
1.08236800e+00 7.36894664e+07
1.08248500e+00 7.32409118e+07
1.08260300e+00 7.27573579e+07
1.08272000e+00 7.23964710e+07
1.08283700e+00 7.18537045e+07
1.08295400e+00 7.13863778e+07
1.08307200e+00 7.16087222e+07
1.08318900e+00 7.23119421e+07
1.08330600e+00 7.28715538e+07
1.08342400e+00 7.36366646e+07
1.08354100e+00 7.46046206e+07
1.08365800e+00 7.51708855e+07
1.08377600e+00 7.52509304e+07
1.08389290e+00 7.54775043e+07
1.08401100e+00 7.55961841e+07
1.08412810e+00 7.55699104e+07
1.08424600e+00 7.52826576e+07
1.08436300e+00 7.52003101e+07
1.08448100e+00 7.49924962e+07
1.08459900e+00 7.47182105e+07
1.08471590e+00 7.44540925e+07
1.08483400e+00 7.47794833e+07
1.08495200e+00 7.50277378e+07
1.08506900e+00 7.52632795e+07
1.08518700e+00 7.55420492e+07
1.08530510e+00 7.59038935e+07
1.08542300e+00 7.59782547e+07
1.08554100e+00 7.59932700e+07
1.08565800e+00 7.59937547e+07
1.08577600e+00 7.59749827e+07
1.08589400e+00 7.59531930e+07
1.08601200e+00 7.58415300e+07
1.08613000e+00 7.54790797e+07
1.08624800e+00 7.51702796e+07
1.08636600e+00 7.48962241e+07
1.08648400e+00 7.45802738e+07
1.08660210e+00 7.40671743e+07
1.08672000e+00 7.32527761e+07
1.08683800e+00 7.22987447e+07
1.08695700e+00 7.14736941e+07
1.08707500e+00 7.06422205e+07
1.08719300e+00 6.98694748e+07
1.08731100e+00 7.01799837e+07
1.08742900e+00 7.11428497e+07
1.08754700e+00 7.20927608e+07
1.08766600e+00 7.31508082e+07
1.08778410e+00 7.44376230e+07
1.08790300e+00 7.51735395e+07
1.08802100e+00 7.52293710e+07
1.08813900e+00 7.49648895e+07
1.08825810e+00 7.44883646e+07
1.08837600e+00 7.37450434e+07
1.08849500e+00 7.30811734e+07
1.08861300e+00 7.25586332e+07
1.08873210e+00 7.23137599e+07
1.08885000e+00 7.22747736e+07
1.08896900e+00 7.27615874e+07
1.08908700e+00 7.33070322e+07
1.08920610e+00 7.38100731e+07
1.08932500e+00 7.41219151e+07
1.08944300e+00 7.42200050e+07
1.08956200e+00 7.41990515e+07
1.08968100e+00 7.40739487e+07
1.08980000e+00 7.39575715e+07
1.08991800e+00 7.39435258e+07
1.09003700e+00 7.42715949e+07
1.09015600e+00 7.45148806e+07
1.09027500e+00 7.47234095e+07
1.09039400e+00 7.48613461e+07
1.09051290e+00 7.50180548e+07
1.09063100e+00 7.50055724e+07
1.09075000e+00 7.49037378e+07
1.09086900e+00 7.47838461e+07
1.09098800e+00 7.48132707e+07
1.09110800e+00 7.47946198e+07
1.09122710e+00 7.46005002e+07
1.09134590e+00 7.42046262e+07
1.09146500e+00 7.39412232e+07
1.09158400e+00 7.36086822e+07
1.09170300e+00 7.32015498e+07
1.09182200e+00 7.29532954e+07
1.09194200e+00 7.32252906e+07
1.09206100e+00 7.34490771e+07
1.09218010e+00 7.36393308e+07
1.09229900e+00 7.39088901e+07
1.09241890e+00 7.40752818e+07
1.09253800e+00 7.39339640e+07
1.09265700e+00 7.36739664e+07
1.09277700e+00 7.33808965e+07
1.09289600e+00 7.30123868e+07
1.09301600e+00 7.27474205e+07
1.09313500e+00 7.24502423e+07
1.09325500e+00 7.21031709e+07
1.09337400e+00 7.16594638e+07
1.09349400e+00 7.09253529e+07
1.09361300e+00 6.96760823e+07
1.09373300e+00 6.83334482e+07
1.09385300e+00 6.70955571e+07
1.09397200e+00 6.60174045e+07
1.09409200e+00 6.54016099e+07
1.09421200e+00 6.57909398e+07
1.09433110e+00 6.67329857e+07
1.09445100e+00 6.79255765e+07
1.09457100e+00 6.92350293e+07
1.09469100e+00 7.05114339e+07
1.09481100e+00 7.13854083e+07
1.09493100e+00 7.18890673e+07
1.09505000e+00 7.20404437e+07
1.09517000e+00 7.19491283e+07
1.09529000e+00 7.19439293e+07
1.09541000e+00 7.18409919e+07
1.09553000e+00 7.13403626e+07
1.09565000e+00 7.10993673e+07
1.09577000e+00 7.12754541e+07
1.09589000e+00 7.13478642e+07
1.09601100e+00 7.12521980e+07
1.09613100e+00 7.18147061e+07
1.09625100e+00 7.21332013e+07
1.09637100e+00 7.17648128e+07
1.09649100e+00 7.13837117e+07
1.09661100e+00 7.12289541e+07
1.09673210e+00 7.07669476e+07
1.09685210e+00 7.02399235e+07
1.09697200e+00 7.05591458e+07
1.09709300e+00 7.09798392e+07
1.09721300e+00 7.13799548e+07
1.09733300e+00 7.18057503e+07
1.09745400e+00 7.24956516e+07
1.09757400e+00 7.26448466e+07
1.09769490e+00 7.23009261e+07
1.09781490e+00 7.18598851e+07
1.09793600e+00 7.14118153e+07
1.09805600e+00 7.05673745e+07
1.09817700e+00 6.97464443e+07
1.09829800e+00 6.93367548e+07
1.09841800e+00 6.93614651e+07
1.09853890e+00 6.93294956e+07
1.09866000e+00 6.99098063e+07
1.09878000e+00 7.05707678e+07
1.09890100e+00 7.13203786e+07
1.09902200e+00 7.17948433e+07
1.09914290e+00 7.24051966e+07
1.09926400e+00 7.26670120e+07
1.09938400e+00 7.28342520e+07
1.09950500e+00 7.29078861e+07
1.09962600e+00 7.28754318e+07
1.09974690e+00 7.27635264e+07
1.09986800e+00 7.26661637e+07
1.09998900e+00 7.26327399e+07
1.10011000e+00 7.25382857e+07
1.10023100e+00 7.25726789e+07
1.10035210e+00 7.25179381e+07
1.10047300e+00 7.24721653e+07
1.10059400e+00 7.24324397e+07
1.10071590e+00 7.25094671e+07
1.10083700e+00 7.24302583e+07
1.10095800e+00 7.24881500e+07
1.10107900e+00 7.24600586e+07
1.10120000e+00 7.22851837e+07
1.10132200e+00 7.20052022e+07
1.10144300e+00 7.17483433e+07
1.10156400e+00 7.10085488e+07
1.10168600e+00 7.03187565e+07
1.10180700e+00 6.99547308e+07
1.10192800e+00 6.96398712e+07
1.10205000e+00 6.92467845e+07
1.10217100e+00 6.95830702e+07
1.10229300e+00 7.01851827e+07
1.10241390e+00 7.07189933e+07
1.10253600e+00 7.12645471e+07
1.10265700e+00 7.18660536e+07
1.10277910e+00 7.21501556e+07
1.10290100e+00 7.22590313e+07
1.10302200e+00 7.22320184e+07
1.10314400e+00 7.21065641e+07
1.10326600e+00 7.20450368e+07
1.10338700e+00 7.21554879e+07
1.10350900e+00 7.21919414e+07
1.10363100e+00 7.21287174e+07
1.10375310e+00 7.20985657e+07
1.10387500e+00 7.21424117e+07
1.10399600e+00 7.19803706e+07
1.10411800e+00 7.18224622e+07
1.10424000e+00 7.18277945e+07
1.10436210e+00 7.18260978e+07
1.10448400e+00 7.17483433e+07
1.10460600e+00 7.16689043e+07
1.10472800e+00 7.16093281e+07
1.10485000e+00 7.15439349e+07
1.10497200e+00 7.15961186e+07
1.10509400e+00 7.16574036e+07
1.10521700e+00 7.18515231e+07
1.10533900e+00 7.20207021e+07
1.10546110e+00 7.20937303e+07
1.10558300e+00 7.20267616e+07
1.10570500e+00 7.18827655e+07
1.10582800e+00 7.16793144e+07
1.10595000e+00 7.15264959e+07
1.10607200e+00 7.14948899e+07
1.10619490e+00 7.14925873e+07
1.10631700e+00 7.16127093e+07
1.10643900e+00 7.16940994e+07
1.10656200e+00 7.17293289e+07
1.10668400e+00 7.15611315e+07
1.10680700e+00 7.14743000e+07
1.10692900e+00 7.13649396e+07
1.10705200e+00 7.12428786e+07
1.10717500e+00 7.11031242e+07
1.10729700e+00 7.11654877e+07
1.10742000e+00 7.12786050e+07
1.10754200e+00 7.13639701e+07
1.10766500e+00 7.14363923e+07
1.10778800e+00 7.14679982e+07
1.10791100e+00 7.15381178e+07
1.10803300e+00 7.14751483e+07
1.10815600e+00 7.13487125e+07
1.10827910e+00 7.12834404e+07
1.10840200e+00 7.13318794e+07
1.10852500e+00 7.13237719e+07
1.10864700e+00 7.13511362e+07
1.10877000e+00 7.14671499e+07
1.10889290e+00 7.13972727e+07
1.10901600e+00 7.13374541e+07
1.10913900e+00 7.12512285e+07
1.10926200e+00 7.12354862e+07
1.10938500e+00 7.11318216e+07
1.10950900e+00 7.12139267e+07
1.10963200e+00 7.13047574e+07
1.10975500e+00 7.14648473e+07
1.10987810e+00 7.14548008e+07
1.11000100e+00 7.13896499e+07
1.11012400e+00 7.14350592e+07
1.11024800e+00 7.14412398e+07
1.11037100e+00 7.12870761e+07
1.11049400e+00 7.12530464e+07
1.11061800e+00 7.13639701e+07
1.11074100e+00 7.13069388e+07
1.11086400e+00 7.11340030e+07
1.11098800e+00 7.10420937e+07
1.11111100e+00 7.08980977e+07
1.11123400e+00 7.07042205e+07
1.11135800e+00 7.05894187e+07
1.11148210e+00 7.06379789e+07
1.11160500e+00 7.06790375e+07
1.11172900e+00 7.05942662e+07
1.11185210e+00 7.04844211e+07
1.11197600e+00 7.04199973e+07
1.11210000e+00 7.01750150e+07
1.11222300e+00 6.99682918e+07
1.11234700e+00 6.99641835e+07
1.11247090e+00 7.01696827e+07
1.11259500e+00 7.03128304e+07
1.11271800e+00 7.06040704e+07
1.11284200e+00 7.05896611e+07
1.11296590e+00 7.04655278e+07
1.11309000e+00 7.02343488e+07
1.11321400e+00 6.99153688e+07
1.11333800e+00 6.94872829e+07
1.11346200e+00 6.95511007e+07
1.11358610e+00 6.98263680e+07
1.11371000e+00 7.01101064e+07
1.11383400e+00 7.04696482e+07
1.11395800e+00 7.09637333e+07
1.11408200e+00 7.12633352e+07
1.11420610e+00 7.13433923e+07
1.11433000e+00 7.12173200e+07
1.11445400e+00 7.10299749e+07
1.11457900e+00 7.08277478e+07
1.11470300e+00 7.04915712e+07
1.11482700e+00 7.02482733e+07
1.11495200e+00 7.01678648e+07
1.11507600e+00 7.02153343e+07
1.11520000e+00 7.01536979e+07
1.11532500e+00 7.02877565e+07
1.11544900e+00 7.03573914e+07
1.11557300e+00 7.02292710e+07
1.11569800e+00 6.99926385e+07
1.11582200e+00 6.98245502e+07
1.11594700e+00 6.96709924e+07
1.11607100e+00 6.95501312e+07
1.11619600e+00 6.97411120e+07
1.11632100e+00 7.00422894e+07
1.11644490e+00 7.04542694e+07
1.11656990e+00 7.07162060e+07
1.11669490e+00 7.10029741e+07
1.11681900e+00 7.10815648e+07
1.11694400e+00 7.09702775e+07
1.11706900e+00 7.07420070e+07
1.11719400e+00 7.05781603e+07
1.11731800e+00 7.03807565e+07
1.11744300e+00 7.02452557e+07
1.11756800e+00 7.03037413e+07
1.11769300e+00 7.03034989e+07
1.11781800e+00 7.03450423e+07
1.11794300e+00 7.04161193e+07
1.11806800e+00 7.04836939e+07
1.11819300e+00 7.04422838e+07
1.11831800e+00 7.03713159e+07
1.11844300e+00 7.01413488e+07
1.11856800e+00 6.96874619e+07
1.11869300e+00 6.91661215e+07
1.11881800e+00 6.86256576e+07
1.11894400e+00 6.82162226e+07
1.11906900e+00 6.80436503e+07
1.11919400e+00 6.84486135e+07
1.11931900e+00 6.89721231e+07
1.11944490e+00 6.93345734e+07
1.11956990e+00 6.95738720e+07
1.11969490e+00 6.95880389e+07
1.11982100e+00 6.92269217e+07
1.11994600e+00 6.87195059e+07
1.12007200e+00 6.85869016e+07
1.12019700e+00 6.85293856e+07
1.12032300e+00 6.86124602e+07
1.12044800e+00 6.87692780e+07
1.12057400e+00 6.90722732e+07
1.12069900e+00 6.91626192e+07
1.12082500e+00 6.92686954e+07
1.12095100e+00 6.93468134e+07
1.12107600e+00 6.93809643e+07
1.12120200e+00 6.93339675e+07
1.12132800e+00 6.93767227e+07
1.12145300e+00 6.93975550e+07
1.12157900e+00 6.94412677e+07
1.12170500e+00 6.95296746e+07
1.12183110e+00 6.97107180e+07
1.12195700e+00 6.98069900e+07
1.12208300e+00 6.98623368e+07
1.12220800e+00 6.98486425e+07
1.12233400e+00 6.98241867e+07
1.12246000e+00 6.97604900e+07
1.12258700e+00 6.96920671e+07
1.12271300e+00 6.95604322e+07
1.12283900e+00 6.94819627e+07
1.12296500e+00 6.94255253e+07
1.12309090e+00 6.93577083e+07
1.12321700e+00 6.93815703e+07
1.12334300e+00 6.95670855e+07
1.12346900e+00 6.97380823e+07
1.12359500e+00 6.98455037e+07
1.12372200e+00 6.98613673e+07
1.12384800e+00 6.97729603e+07
1.12397400e+00 6.96053568e+07
1.12410100e+00 6.94078439e+07
1.12422710e+00 6.91245903e+07
1.12435400e+00 6.89104867e+07
1.12448000e+00 6.87839297e+07
1.12460600e+00 6.86996553e+07
1.12473300e+00 6.86423695e+07
1.12485900e+00 6.86498832e+07
1.12498600e+00 6.85476729e+07
1.12511300e+00 6.81054079e+07
1.12523900e+00 6.73332803e+07
1.12536600e+00 6.64596574e+07
1.12549190e+00 6.58295746e+07
1.12561900e+00 6.54988515e+07
1.12574600e+00 6.57100465e+07
1.12587190e+00 6.63752497e+07
1.12599900e+00 6.71558605e+07
1.12612600e+00 6.77436848e+07
1.12625310e+00 6.81501022e+07
1.12638000e+00 6.83639634e+07
1.12650700e+00 6.85287796e+07
1.12663400e+00 6.87207178e+07
1.12676100e+00 6.88857764e+07
1.12688790e+00 6.90177748e+07
1.12701500e+00 6.90203198e+07
1.12714200e+00 6.88584121e+07
1.12726900e+00 6.86158535e+07
1.12739600e+00 6.83849048e+07
1.12752290e+00 6.81014087e+07
1.12765000e+00 6.78355941e+07
1.12777700e+00 6.76642458e+07
1.12790410e+00 6.76051422e+07
1.12803200e+00 6.76230660e+07
1.12815910e+00 6.78569111e+07
1.12828600e+00 6.82630862e+07
1.12841300e+00 6.86010685e+07
1.12854100e+00 6.88144570e+07
1.12866800e+00 6.89092748e+07
1.12879600e+00 6.86048253e+07
1.12892300e+00 6.81085588e+07
1.12905100e+00 6.76637611e+07
1.12917800e+00 6.72371173e+07
1.12930600e+00 6.68579552e+07
1.12943300e+00 6.68982867e+07
1.12956100e+00 6.69984368e+07
1.12968800e+00 6.69411510e+07
1.12981600e+00 6.69512096e+07
1.12994300e+00 6.70549833e+07
1.13007100e+00 6.70696471e+07
1.13019900e+00 6.71557393e+07
1.13032700e+00 6.75539159e+07
1.13045400e+00 6.79145605e+07
1.13058200e+00 6.81058927e+07
1.13071000e+00 6.82308743e+07
1.13083800e+00 6.82632074e+07
1.13096590e+00 6.80558783e+07
1.13109400e+00 6.78603044e+07
1.13122200e+00 6.77792900e+07
1.13135000e+00 6.76728381e+07
1.13147800e+00 6.76457161e+07
1.13160600e+00 6.77338807e+07
1.13173400e+00 6.78395933e+07
1.13186210e+00 6.79841953e+07
1.13199000e+00 6.81635420e+07
1.13211800e+00 6.82194826e+07
1.13224600e+00 6.82026495e+07
1.13237500e+00 6.81550588e+07
1.13250310e+00 6.80326343e+07
1.13263100e+00 6.78806519e+07
1.13275900e+00 6.77324264e+07
1.13288790e+00 6.74789609e+07
1.13301600e+00 6.71527217e+07
1.13314500e+00 6.67242601e+07
1.13327290e+00 6.63448556e+07
1.13340100e+00 6.61794334e+07
1.13353000e+00 6.62394944e+07
1.13365800e+00 6.63518845e+07
1.13378700e+00 6.66536679e+07
1.13391500e+00 6.69820884e+07
1.13404390e+00 6.71964344e+07
1.13417300e+00 6.73461142e+07
1.13430100e+00 6.76153221e+07
1.13443010e+00 6.78346367e+07
1.13455900e+00 6.80035612e+07
1.13468700e+00 6.81088012e+07
1.13481600e+00 6.81404072e+07
1.13494490e+00 6.80539392e+07
1.13507400e+00 6.78592137e+07
1.13520300e+00 6.75998221e+07
1.13533200e+00 6.73696005e+07
1.13546000e+00 6.71653132e+07
1.13558900e+00 6.69973461e+07
1.13571800e+00 6.69577417e+07
1.13584700e+00 6.70377866e+07
1.13597600e+00 6.71811767e+07
1.13610500e+00 6.73836583e+07
1.13623400e+00 6.75959440e+07
1.13636400e+00 6.78015765e+07
1.13649300e+00 6.79373196e+07
1.13662190e+00 6.80080452e+07
1.13675100e+00 6.80274232e+07
1.13688000e+00 6.79619088e+07
1.13701000e+00 6.77716551e+07
1.13713900e+00 6.74289464e+07
1.13726790e+00 6.69731205e+07
1.13739790e+00 6.65139134e+07
1.13752700e+00 6.61592071e+07
1.13765600e+00 6.59470426e+07
1.13778600e+00 6.59937849e+07
1.13791500e+00 6.60221188e+07
1.13804500e+00 6.59868893e+07
1.13817400e+00 6.59211325e+07
1.13830400e+00 6.58078940e+07
1.13843300e+00 6.57351204e+07
1.13856300e+00 6.60212826e+07
1.13869300e+00 6.63415835e+07
1.13882200e+00 6.64772176e+07
1.13895200e+00 6.65392176e+07
1.13908200e+00 6.64401582e+07
1.13921200e+00 6.61353572e+07
1.13934090e+00 6.59707834e+07
1.13947090e+00 6.60838885e+07
1.13960100e+00 6.62315081e+07
1.13973100e+00 6.63991116e+07
1.13986100e+00 6.65695025e+07
1.13999100e+00 6.66064286e+07
1.14012100e+00 6.63010218e+07
1.14025100e+00 6.59438917e+07
1.14038100e+00 6.55705466e+07
1.14051100e+00 6.51436604e+07
1.14064100e+00 6.48146339e+07
1.14077100e+00 6.48929822e+07
1.14090100e+00 6.51142359e+07
1.14103100e+00 6.54033066e+07
1.14116200e+00 6.57026662e+07
1.14129200e+00 6.59230594e+07
1.14142200e+00 6.60995097e+07
1.14155300e+00 6.62230249e+07
1.14168300e+00 6.63372329e+07
1.14181300e+00 6.65592015e+07
1.14194400e+00 6.67730627e+07
1.14207400e+00 6.66445788e+07
1.14220400e+00 6.64288998e+07
1.14233500e+00 6.61239655e+07
1.14246500e+00 6.57038780e+07
1.14259590e+00 6.53601877e+07
1.14272710e+00 6.54383058e+07
1.14285710e+00 6.56786830e+07
1.14298800e+00 6.60358131e+07
1.14311800e+00 6.64647473e+07
1.14324900e+00 6.68445154e+07
1.14338000e+00 6.69681639e+07
1.14351100e+00 6.69400603e+07
1.14364100e+00 6.66294423e+07
1.14377200e+00 6.61188877e+07
1.14390300e+00 6.56287897e+07
1.14403410e+00 6.52331581e+07
1.14416500e+00 6.49698884e+07
1.14429600e+00 6.51010385e+07
1.14442700e+00 6.54563386e+07
1.14455800e+00 6.57612729e+07
1.14468900e+00 6.59799816e+07
1.14481990e+00 6.60670554e+07
1.14495100e+00 6.60214038e+07
1.14508200e+00 6.60159503e+07
1.14521300e+00 6.60551790e+07
1.14534400e+00 6.61767673e+07
1.14547500e+00 6.64049166e+07
1.14560710e+00 6.65338974e+07
1.14573800e+00 6.65472160e+07
1.14586900e+00 6.65635643e+07
1.14600000e+00 6.65588380e+07
1.14613200e+00 6.65334126e+07
1.14626290e+00 6.66093372e+07
1.14639500e+00 6.67228059e+07
1.14652600e+00 6.68098797e+07
1.14665700e+00 6.68813324e+07
1.14678890e+00 6.69388484e+07
1.14692100e+00 6.68979231e+07
1.14705200e+00 6.67496976e+07
1.14718400e+00 6.65772465e+07
1.14731490e+00 6.64047954e+07
1.14744700e+00 6.62549944e+07
1.14757900e+00 6.62180683e+07
1.14771000e+00 6.63010218e+07
1.14784200e+00 6.63963243e+07
1.14797400e+00 6.64352016e+07
1.14810600e+00 6.64039592e+07
1.14823710e+00 6.62289631e+07
1.14836900e+00 6.60027529e+07
1.14850100e+00 6.58025739e+07
1.14863310e+00 6.56964856e+07
1.14876500e+00 6.56706967e+07
1.14889700e+00 6.58339374e+07
1.14902910e+00 6.60543428e+07
1.14916100e+00 6.62275089e+07
1.14929300e+00 6.62316293e+07
1.14942500e+00 6.61471004e+07
1.14955700e+00 6.59552713e+07
1.14968990e+00 6.57418948e+07
1.14982200e+00 6.56377577e+07
1.14995400e+00 6.57576372e+07
1.15008610e+00 6.58684519e+07
1.15021900e+00 6.59174968e+07
1.15035100e+00 6.59154366e+07
1.15048300e+00 6.58127416e+07
1.15061600e+00 6.56446533e+07
1.15074800e+00 6.56108659e+07
1.15088000e+00 6.56664551e+07
1.15101290e+00 6.57827111e+07
1.15114500e+00 6.59275434e+07
1.15127800e+00 6.60198283e+07
1.15141000e+00 6.59888162e+07
1.15154300e+00 6.58768018e+07
1.15167600e+00 6.56708178e+07
1.15180800e+00 6.54499278e+07
1.15194100e+00 6.52279470e+07
1.15207400e+00 6.50383114e+07
1.15220610e+00 6.49534189e+07
1.15233900e+00 6.49874486e+07
1.15247200e+00 6.50437527e+07
1.15260500e+00 6.51371284e+07
1.15273800e+00 6.52691268e+07
1.15287100e+00 6.53629751e+07
1.15300400e+00 6.54192913e+07
1.15313600e+00 6.54809277e+07
1.15327000e+00 6.55672745e+07
1.15340300e+00 6.56580931e+07
1.15353600e+00 6.57519535e+07
1.15366890e+00 6.58474984e+07
1.15380200e+00 6.58978764e+07
1.15393510e+00 6.58638467e+07
1.15406800e+00 6.57857408e+07
1.15420100e+00 6.56911533e+07
1.15433500e+00 6.55939117e+07
1.15446800e+00 6.55715161e+07
1.15460100e+00 6.56461075e+07
1.15473400e+00 6.57366959e+07
1.15486800e+00 6.57993018e+07
1.15500100e+00 6.58355129e+07
1.15513500e+00 6.57748339e+07
1.15526790e+00 6.55319117e+07
1.15540100e+00 6.52590681e+07
1.15553500e+00 6.50297070e+07
1.15566800e+00 6.47978009e+07
1.15580200e+00 6.46773032e+07
1.15593600e+00 6.47953771e+07
1.15606900e+00 6.49632230e+07
1.15620300e+00 6.51268274e+07
1.15633700e+00 6.52964911e+07
1.15647000e+00 6.54029430e+07
1.15660400e+00 6.53984590e+07
1.15673800e+00 6.53621268e+07
1.15687190e+00 6.52831725e+07
1.15700600e+00 6.52307343e+07
1.15714000e+00 6.51929478e+07
1.15727290e+00 6.51332503e+07
1.15740700e+00 6.50775400e+07
1.15754100e+00 6.50742680e+07
1.15767500e+00 6.50685842e+07
1.15780900e+00 6.50564775e+07
1.15794300e+00 6.50890529e+07
1.15807800e+00 6.51604935e+07
1.15821200e+00 6.52264927e+07
1.15834590e+00 6.52026428e+07
1.15848000e+00 6.51406307e+07
1.15861400e+00 6.50258290e+07
1.15874900e+00 6.48145127e+07
1.15888310e+00 6.44990472e+07
1.15901700e+00 6.41839453e+07
1.15915200e+00 6.36588602e+07
1.15928600e+00 6.30674002e+07
1.15942000e+00 6.26228448e+07
1.15955510e+00 6.24046208e+07
1.15968900e+00 6.24637123e+07
1.15982400e+00 6.29770664e+07
1.15995800e+00 6.36138023e+07
1.16009300e+00 6.41299316e+07
1.16022710e+00 6.44822141e+07
1.16036210e+00 6.46091226e+07
1.16049690e+00 6.42915969e+07
1.16063100e+00 6.38268152e+07
1.16076600e+00 6.33074259e+07
1.16090100e+00 6.25268151e+07
1.16103600e+00 6.17772043e+07
1.16117100e+00 6.15178005e+07
1.16130510e+00 6.14310902e+07
1.16143990e+00 6.16289787e+07
1.16157500e+00 6.23397123e+07
1.16171000e+00 6.30515366e+07
1.16184500e+00 6.35120768e+07
1.16198000e+00 6.39657213e+07
1.16211500e+00 6.42415946e+07
1.16225000e+00 6.43333827e+07
1.16238500e+00 6.44753064e+07
1.16252000e+00 6.46183330e+07
1.16265600e+00 6.46268040e+07
1.16279100e+00 6.45411844e+07
1.16292600e+00 6.44062896e+07
1.16306100e+00 6.42182173e+07
1.16319600e+00 6.40675680e+07
1.16333200e+00 6.41178249e+07
1.16346700e+00 6.42533377e+07
1.16360210e+00 6.41300528e+07
1.16373800e+00 6.38571002e+07
1.16387300e+00 6.34826522e+07
1.16400900e+00 6.29097341e+07
1.16414400e+00 6.24459097e+07
1.16428000e+00 6.25097396e+07
1.16441600e+00 6.27877822e+07
1.16455100e+00 6.31699740e+07
1.16468700e+00 6.36568000e+07
1.16482200e+00 6.40276001e+07
1.16495800e+00 6.41192791e+07
1.16509400e+00 6.40725368e+07
1.16523000e+00 6.39392053e+07
1.16536500e+00 6.37678449e+07
1.16550100e+00 6.35577406e+07
1.16563700e+00 6.32680639e+07
1.16577290e+00 6.29763392e+07
1.16590910e+00 6.27352228e+07
1.16604500e+00 6.25676192e+07
1.16618100e+00 6.25253608e+07
1.16631700e+00 6.27502380e+07
1.16645300e+00 6.31619756e+07
1.16658900e+00 6.35336362e+07
1.16672500e+00 6.37046330e+07
1.16686100e+00 6.37148007e+07
1.16699690e+00 6.35583465e+07
1.16713400e+00 6.32695182e+07
1.16727000e+00 6.30945222e+07
1.16740600e+00 6.32158681e+07
1.16754200e+00 6.34498344e+07
1.16767900e+00 6.37053602e+07
1.16781490e+00 6.39794035e+07
1.16795100e+00 6.41311435e+07
1.16808800e+00 6.41114019e+07
1.16822400e+00 6.40124637e+07
1.16836100e+00 6.38688433e+07
1.16849690e+00 6.37251017e+07
1.16863400e+00 6.35666964e+07
1.16877000e+00 6.31068834e+07
1.16890700e+00 6.25341955e+07
1.16904390e+00 6.20298094e+07
1.16918010e+00 6.15033912e+07
1.16931700e+00 6.11887740e+07
1.16945400e+00 6.15530421e+07
1.16959090e+00 6.21342010e+07
1.16972710e+00 6.26378600e+07
1.16986400e+00 6.31508384e+07
1.17000100e+00 6.35208023e+07
1.17013790e+00 6.35325455e+07
1.17027500e+00 6.34977887e+07
1.17041200e+00 6.35442887e+07
1.17054900e+00 6.36059372e+07
1.17068600e+00 6.36474685e+07
1.17082300e+00 6.36988160e+07
1.17096000e+00 6.36897390e+07
1.17109700e+00 6.36247093e+07
1.17123400e+00 6.35837718e+07
1.17137190e+00 6.35389685e+07
1.17150900e+00 6.35091804e+07
1.17164600e+00 6.35584677e+07
1.17178300e+00 6.36150142e+07
1.17192100e+00 6.36501346e+07
1.17205800e+00 6.36783473e+07
1.17219600e+00 6.36297871e+07
1.17233300e+00 6.35005760e+07
1.17247000e+00 6.33619122e+07
1.17260800e+00 6.32157469e+07
1.17274500e+00 6.31129307e+07
1.17288310e+00 6.31377622e+07
1.17302100e+00 6.32444443e+07
1.17315800e+00 6.33516233e+07
1.17329600e+00 6.34672734e+07
1.17343300e+00 6.35409075e+07
1.17357100e+00 6.35346057e+07
1.17370900e+00 6.34952437e+07
1.17384700e+00 6.34262269e+07
1.17398400e+00 6.33430311e+07
1.17412190e+00 6.32913200e+07
1.17426000e+00 6.32325800e+07
1.17439790e+00 6.31611273e+07
1.17453600e+00 6.30382180e+07
1.17467400e+00 6.28284651e+07
1.17481200e+00 6.25833616e+07
1.17495000e+00 6.22830325e+07
1.17508800e+00 6.18182508e+07
1.17522600e+00 6.12989706e+07
1.17536400e+00 6.08140958e+07
1.17550310e+00 6.03514833e+07
1.17564100e+00 6.01063798e+07
1.17577910e+00 6.03356198e+07
1.17591700e+00 6.09419738e+07
1.17605600e+00 6.16977531e+07
1.17619400e+00 6.24697717e+07
1.17633200e+00 6.30853240e+07
1.17647090e+00 6.33811691e+07
1.17660900e+00 6.34248938e+07
1.17674690e+00 6.32962766e+07
1.17688600e+00 6.30829002e+07
1.17702500e+00 6.27623447e+07
1.17716300e+00 6.23760446e+07
1.17730200e+00 6.20661416e+07
1.17743990e+00 6.18670533e+07
1.17757900e+00 6.17573415e+07
1.17771800e+00 6.18861890e+07
1.17785600e+00 6.20873375e+07
1.17799500e+00 6.21391698e+07
1.17813400e+00 6.19468559e+07
1.17827290e+00 6.16412066e+07
1.17841100e+00 6.12743936e+07
1.17855000e+00 6.09414891e+07
1.17868900e+00 6.08898992e+07
1.17882800e+00 6.13264682e+07
1.17896700e+00 6.18926120e+07
1.17910600e+00 6.24035301e+07
1.17924500e+00 6.28964034e+07
1.17938400e+00 6.31803841e+07
1.17952290e+00 6.31765182e+07
1.17966300e+00 6.31202020e+07
1.17980200e+00 6.30061273e+07
1.17994100e+00 6.28289499e+07
1.18008000e+00 6.26700719e+07
1.18021900e+00 6.25371040e+07
1.18035900e+00 6.24431345e+07
1.18049800e+00 6.24769218e+07
1.18063790e+00 6.26113319e+07
1.18077700e+00 6.27172990e+07
1.18091600e+00 6.26669210e+07
1.18105600e+00 6.24819996e+07
1.18119490e+00 6.22338664e+07
1.18133500e+00 6.19434747e+07
1.18147400e+00 6.17652066e+07
1.18161400e+00 6.18748094e+07
1.18175400e+00 6.21174892e+07
1.18189290e+00 6.23041072e+07
1.18203300e+00 6.24545141e+07
1.18217300e+00 6.25109515e+07
1.18231300e+00 6.23704699e+07
1.18245200e+00 6.20252163e+07
1.18259200e+00 6.12305476e+07
1.18273210e+00 6.01496077e+07
1.18287190e+00 5.90882882e+07
1.18301200e+00 5.81158603e+07
1.18315200e+00 5.77179261e+07
1.18329200e+00 5.83369807e+07
1.18343200e+00 5.94230105e+07
1.18357200e+00 6.04960853e+07
1.18371200e+00 6.13826512e+07
1.18385210e+00 6.17661761e+07
1.18399190e+00 6.16315116e+07
1.18413310e+00 6.13349393e+07
1.18427290e+00 6.11455461e+07
1.18441300e+00 6.12786352e+07
1.18455300e+00 6.15433591e+07
1.18469400e+00 6.17828880e+07
1.18483400e+00 6.20386561e+07
1.18497500e+00 6.21684731e+07
1.18511500e+00 6.21050189e+07
1.18525500e+00 6.20490662e+07
1.18539600e+00 6.20531866e+07
1.18553600e+00 6.20661416e+07
1.18567700e+00 6.21157925e+07
1.18581800e+00 6.21655646e+07
1.18595800e+00 6.21242757e+07
1.18609900e+00 6.19922773e+07
1.18624000e+00 6.18310846e+07
1.18638000e+00 6.16886761e+07
1.18652100e+00 6.16288575e+07
1.18666200e+00 6.16887973e+07
1.18680300e+00 6.18412644e+07
1.18694400e+00 6.20019603e+07
1.18708500e+00 6.20950935e+07
1.18722500e+00 6.21035646e+07
1.18736600e+00 6.20448367e+07
1.18750700e+00 6.19599442e+07
1.18764790e+00 6.18846135e+07
1.18779000e+00 6.18045686e+07
1.18793100e+00 6.16731761e+07
1.18807200e+00 6.11747282e+07
1.18821300e+00 6.02054392e+07
1.18835400e+00 5.91531967e+07
1.18849500e+00 5.81741035e+07
1.18863700e+00 5.74498089e+07
1.18877800e+00 5.74792334e+07
1.18891890e+00 5.82080120e+07
1.18906100e+00 5.89835450e+07
1.18920200e+00 5.96276735e+07
1.18934400e+00 6.00877289e+07
1.18948500e+00 6.01866671e+07
1.18962600e+00 6.01494865e+07
1.18976790e+00 6.02496366e+07
1.18991000e+00 6.05312057e+07
1.19005100e+00 6.09276857e+07
1.19019300e+00 6.12874698e+07
1.19033400e+00 6.15328157e+07
1.19047600e+00 6.16965413e+07
1.19061800e+00 6.17526151e+07
1.19076000e+00 6.17112051e+07
1.19090100e+00 6.17036914e+07
1.19104300e+00 6.17023583e+07
1.19118510e+00 6.16772965e+07
1.19132700e+00 6.16667531e+07
1.19146900e+00 6.16614330e+07
1.19161100e+00 6.16304209e+07
1.19175310e+00 6.15978454e+07
1.19189500e+00 6.15538904e+07
1.19203700e+00 6.14876488e+07
1.19217900e+00 6.14084522e+07
1.19232100e+00 6.13133920e+07
1.19246400e+00 6.12205011e+07
1.19260600e+00 6.11697595e+07
1.19274800e+00 6.11490484e+07
1.19289000e+00 6.11397290e+07
1.19303300e+00 6.11945910e+07
1.19317500e+00 6.12969225e+07
1.19331700e+00 6.13749072e+07
1.19346000e+00 6.14131785e+07
1.19360210e+00 6.14281938e+07
1.19374500e+00 6.13948912e+07
1.19388700e+00 6.12996977e+07
1.19403000e+00 6.12252275e+07
1.19417200e+00 6.12108182e+07
1.19431490e+00 6.12079096e+07
1.19445800e+00 6.12200164e+07
1.19460000e+00 6.12501680e+07
1.19474300e+00 6.11323365e+07
1.19488600e+00 6.08877178e+07
1.19502910e+00 6.06628406e+07
1.19517200e+00 6.03805564e+07
1.19531400e+00 6.01018958e+07
1.19545700e+00 6.00436527e+07
1.19560000e+00 6.01132875e+07
1.19574300e+00 6.01338653e+07
1.19588600e+00 6.02543630e+07
1.19602910e+00 6.04599954e+07
1.19617200e+00 6.05813414e+07
1.19631490e+00 6.06677972e+07
1.19645800e+00 6.07800661e+07
1.19660210e+00 6.08201431e+07
1.19674500e+00 6.07314938e+07
1.19688790e+00 6.05544497e+07
1.19703100e+00 6.00510331e+07
1.19717500e+00 5.92675137e+07
1.19731800e+00 5.85283251e+07
1.19746110e+00 5.78322431e+07
1.19760500e+00 5.75015200e+07
1.19774800e+00 5.78886685e+07
1.19789200e+00 5.86609294e+07
1.19803500e+00 5.93195884e+07
1.19817900e+00 5.95493252e+07
1.19832200e+00 5.91863781e+07
1.19846590e+00 5.84630530e+07
1.19861000e+00 5.75939140e+07
1.19875310e+00 5.70438762e+07
1.19889700e+00 5.69918016e+07
1.19904100e+00 5.70618000e+07
1.19918510e+00 5.71297382e+07
1.19932800e+00 5.72404196e+07
1.19947200e+00 5.73819919e+07
1.19961600e+00 5.78315160e+07
1.19976000e+00 5.86086124e+07
1.19990410e+00 5.93889808e+07
1.20004800e+00 6.01654834e+07
1.20019200e+00 6.06366760e+07
1.20033610e+00 6.06975974e+07
1.20048000e+00 6.06327980e+07
1.20062400e+00 6.05396768e+07
1.20076790e+00 6.04484946e+07
1.20091300e+00 6.04040427e+07
1.20105700e+00 6.03935115e+07
1.20120100e+00 6.03642081e+07
1.20134590e+00 6.03592394e+07
1.20149000e+00 6.03834528e+07
1.20163400e+00 6.04059818e+07
1.20177910e+00 6.04340732e+07
1.20192300e+00 6.04758590e+07
1.20206800e+00 6.04682241e+07
1.20221200e+00 6.04090115e+07
1.20235710e+00 6.03351350e+07
1.20250100e+00 6.02096808e+07
1.20264600e+00 6.00515178e+07
1.20279100e+00 5.97709303e+07
1.20293510e+00 5.90211983e+07
1.20308000e+00 5.79676348e+07
1.20322500e+00 5.70080287e+07
1.20336900e+00 5.61198874e+07
1.20351400e+00 5.57970294e+07
1.20365910e+00 5.63791579e+07
1.20380400e+00 5.73012198e+07
1.20394900e+00 5.81553314e+07
1.20409400e+00 5.89699719e+07
1.20423900e+00 5.93687545e+07
1.20438400e+00 5.94245860e+07
1.20452910e+00 5.95196462e+07
1.20467400e+00 5.96457185e+07
1.20481900e+00 5.97768685e+07
1.20496400e+00 5.98972450e+07
1.20511000e+00 5.98989416e+07
1.20525500e+00 5.97798983e+07
1.20540000e+00 5.96339632e+07
1.20554600e+00 5.94690258e+07
1.20569100e+00 5.93659793e+07
1.20583610e+00 5.93704511e+07
1.20598210e+00 5.94669777e+07
1.20612700e+00 5.96056293e+07
1.20627290e+00 5.97648830e+07
1.20641800e+00 5.98724135e+07
1.20656400e+00 5.99138357e+07
1.20670900e+00 5.99203677e+07
1.20685500e+00 5.99032923e+07
1.20700100e+00 5.98860956e+07
1.20714600e+00 5.98520659e+07
1.20729200e+00 5.98187634e+07
1.20743800e+00 5.97691125e+07
1.20758400e+00 5.96321575e+07
1.20772900e+00 5.94333115e+07
1.20787500e+00 5.91449680e+07
1.20802100e+00 5.84422207e+07
1.20816700e+00 5.72650087e+07
1.20831300e+00 5.60207068e+07
1.20845900e+00 5.48760582e+07
1.20860500e+00 5.40975075e+07
1.20875100e+00 5.42953840e+07
1.20889700e+00 5.53339443e+07
1.20904390e+00 5.65741258e+07
1.20918990e+00 5.77784718e+07
1.20933610e+00 5.87381870e+07
1.20948210e+00 5.91540450e+07
1.20962900e+00 5.92206501e+07
1.20977500e+00 5.92219832e+07
1.20992100e+00 5.91553781e+07
1.21006800e+00 5.87987449e+07
1.21021400e+00 5.82133443e+07
1.21036100e+00 5.76803820e+07
1.21050700e+00 5.71577085e+07
1.21065410e+00 5.69231362e+07
1.21080000e+00 5.71675248e+07
1.21094700e+00 5.76148675e+07
1.21109400e+00 5.80022705e+07
1.21124000e+00 5.83791300e+07
1.21138700e+00 5.85818540e+07
1.21153410e+00 5.86572938e+07
1.21168100e+00 5.87414591e+07
1.21182700e+00 5.88063676e+07
1.21197400e+00 5.88958652e+07
1.21212100e+00 5.89404262e+07
1.21226790e+00 5.89383660e+07
1.21241500e+00 5.89830603e+07
1.21256200e+00 5.90524406e+07
1.21270900e+00 5.90865915e+07
1.21285600e+00 5.91029399e+07
1.21300310e+00 5.90540161e+07
1.21315100e+00 5.89490306e+07
1.21329800e+00 5.88382159e+07
1.21344490e+00 5.87444888e+07
1.21359200e+00 5.86921718e+07
1.21374000e+00 5.87031878e+07
1.21388700e+00 5.87481245e+07
1.21403410e+00 5.88202922e+07
1.21418200e+00 5.89099110e+07
1.21432900e+00 5.89716686e+07
1.21447710e+00 5.89885016e+07
1.21462400e+00 5.89880169e+07
1.21477200e+00 5.89696084e+07
1.21491890e+00 5.89428500e+07
1.21506700e+00 5.89220177e+07
1.21521400e+00 5.89054270e+07
1.21536210e+00 5.88849583e+07
1.21551000e+00 5.88483957e+07
1.21565800e+00 5.88075795e+07
1.21580600e+00 5.87860201e+07
1.21595300e+00 5.87851718e+07
1.21610100e+00 5.87993508e+07
1.21624900e+00 5.88258668e+07
1.21639700e+00 5.88492441e+07
1.21654500e+00 5.88319262e+07
1.21669300e+00 5.87854141e+07
1.21684090e+00 5.87364904e+07
1.21698900e+00 5.86890209e+07
1.21713700e+00 5.86468837e+07
1.21728500e+00 5.86256878e+07
1.21743400e+00 5.86204767e+07
1.21758200e+00 5.85946878e+07
1.21773000e+00 5.85634455e+07
1.21787810e+00 5.85470971e+07
1.21802700e+00 5.85135522e+07
1.21817500e+00 5.84623259e+07
1.21832400e+00 5.84326589e+07
1.21847200e+00 5.84085546e+07
1.21862000e+00 5.83648419e+07
1.21876900e+00 5.83081621e+07
1.21891800e+00 5.82416781e+07
1.21906600e+00 5.81650265e+07
1.21921500e+00 5.80755288e+07
1.21936300e+00 5.80362880e+07
1.21951200e+00 5.80651188e+07
1.21966100e+00 5.81428611e+07
1.21981010e+00 5.82349037e+07
1.21995800e+00 5.83488572e+07
1.22010710e+00 5.84285385e+07
1.22025600e+00 5.84582055e+07
1.22040500e+00 5.84412512e+07
1.22055400e+00 5.84040706e+07
1.22070300e+00 5.83467970e+07
1.22085210e+00 5.82859967e+07
1.22100100e+00 5.82187978e+07
1.22115000e+00 5.81550890e+07
1.22129900e+00 5.81022994e+07
1.22144900e+00 5.80387118e+07
1.22159800e+00 5.79818017e+07
1.22174690e+00 5.79580609e+07
1.22189600e+00 5.79724702e+07
1.22204600e+00 5.79788932e+07
1.22219490e+00 5.80035914e+07
1.22234400e+00 5.80191035e+07
1.22249400e+00 5.79491051e+07
1.22264290e+00 5.78080176e+07
1.22279300e+00 5.76921251e+07
1.22294200e+00 5.75601267e+07
1.22309200e+00 5.74673691e+07
1.22324190e+00 5.75067190e+07
1.22339100e+00 5.76207936e+07
1.22354100e+00 5.77330625e+07
1.22369100e+00 5.78758346e+07
1.22384000e+00 5.79801051e+07
1.22399000e+00 5.80098932e+07
1.22414000e+00 5.80074694e+07
1.22429000e+00 5.79658170e+07
1.22443990e+00 5.78964245e+07
1.22459000e+00 5.78120168e+07
1.22474000e+00 5.77133210e+07
1.22489000e+00 5.76398081e+07
1.22504000e+00 5.75929445e+07
1.22518990e+00 5.75843523e+07
1.22534000e+00 5.76072326e+07
1.22549000e+00 5.76612463e+07
1.22564000e+00 5.77128362e+07
1.22579100e+00 5.77624871e+07
1.22594100e+00 5.77523194e+07
1.22609090e+00 5.76918827e+07
1.22624190e+00 5.76010641e+07
1.22639200e+00 5.74731740e+07
1.22654200e+00 5.73744782e+07
1.22669300e+00 5.72790545e+07
1.22684300e+00 5.70006483e+07
1.22699400e+00 5.65373209e+07
1.22714500e+00 5.61322365e+07
1.22729500e+00 5.56805310e+07
1.22744600e+00 5.54902894e+07
1.22759590e+00 5.57556193e+07
1.22774690e+00 5.62694460e+07
1.22789790e+00 5.67500913e+07
1.22804900e+00 5.72484180e+07
1.22819900e+00 5.75061130e+07
1.22835000e+00 5.75135055e+07
1.22850100e+00 5.74768097e+07
1.22865200e+00 5.74382960e+07
1.22880300e+00 5.74052358e+07
1.22895400e+00 5.73807800e+07
1.22910500e+00 5.73756901e+07
1.22925600e+00 5.73628562e+07
1.22940700e+00 5.73460232e+07
1.22955900e+00 5.73243426e+07
1.22971000e+00 5.72894645e+07
1.22986100e+00 5.72139036e+07
1.23001200e+00 5.71228305e+07
1.23016390e+00 5.70450881e+07
1.23031490e+00 5.69600745e+07
1.23046590e+00 5.69239846e+07
1.23061800e+00 5.69523305e+07
1.23076900e+00 5.70120279e+07
1.23092100e+00 5.70621636e+07
1.23107200e+00 5.70823899e+07
1.23122400e+00 5.70234075e+07
1.23137500e+00 5.69261660e+07
1.23152700e+00 5.68084557e+07
1.23167900e+00 5.66822743e+07
1.23183000e+00 5.65869717e+07
1.23198210e+00 5.65408232e+07
1.23213400e+00 5.64911723e+07
1.23228600e+00 5.64691403e+07
1.23243800e+00 5.65040183e+07
1.23259000e+00 5.65689268e+07
1.23274190e+00 5.66335929e+07
1.23289400e+00 5.67148497e+07
1.23304600e+00 5.67716507e+07
1.23319800e+00 5.67861812e+07
1.23335000e+00 5.67631676e+07
1.23350200e+00 5.67345913e+07
1.23365410e+00 5.67201820e+07
1.23380600e+00 5.66902606e+07
1.23395800e+00 5.66103369e+07
1.23411100e+00 5.65106715e+07
1.23426290e+00 5.64210648e+07
1.23441600e+00 5.62974163e+07
1.23456800e+00 5.62176137e+07
1.23472000e+00 5.62228248e+07
1.23487300e+00 5.62659316e+07
1.23502500e+00 5.62793713e+07
1.23517800e+00 5.63313248e+07
1.23533000e+00 5.63603858e+07
1.23548300e+00 5.63708080e+07
1.23563600e+00 5.63993842e+07
1.23578800e+00 5.64621113e+07
1.23594100e+00 5.65145496e+07
1.23609400e+00 5.65571715e+07
1.23624690e+00 5.65782462e+07
1.23640000e+00 5.65705022e+07
1.23655200e+00 5.65405808e+07
1.23670500e+00 5.65019581e+07
1.23685800e+00 5.64702310e+07
1.23701100e+00 5.64492775e+07
1.23716390e+00 5.64453995e+07
1.23731700e+00 5.64529131e+07
1.23747090e+00 5.64540038e+07
1.23762400e+00 5.64541250e+07
1.23777700e+00 5.64558095e+07
1.23793010e+00 5.64541250e+07
1.23808300e+00 5.64401884e+07
1.23823710e+00 5.64165809e+07
1.23839000e+00 5.63857020e+07
1.23854300e+00 5.63273256e+07
1.23869700e+00 5.62167654e+07
1.23885000e+00 5.60523128e+07
1.23900400e+00 5.59071048e+07
1.23915700e+00 5.57418038e+07
1.23931100e+00 5.55637902e+07
1.23946400e+00 5.54013978e+07
1.23961800e+00 5.53450815e+07
1.23977200e+00 5.52626128e+07
1.23992600e+00 5.53068223e+07
1.24007900e+00 5.54798672e+07
1.24023300e+00 5.57075318e+07
1.24038700e+00 5.58826490e+07
1.24054100e+00 5.60576329e+07
1.24069490e+00 5.61289644e+07
1.24084900e+00 5.61023272e+07
1.24100310e+00 5.60651466e+07
1.24115700e+00 5.60538882e+07
1.24131100e+00 5.60546153e+07
1.24146500e+00 5.60131931e+07
1.24161900e+00 5.59379957e+07
1.24177290e+00 5.58616955e+07
1.24192700e+00 5.57550134e+07
1.24208200e+00 5.56112597e+07
1.24223600e+00 5.54592773e+07
1.24239000e+00 5.53339443e+07
1.24254500e+00 5.51654924e+07
1.24269900e+00 5.51083278e+07
1.24285400e+00 5.51536281e+07
1.24300810e+00 5.51496289e+07
1.24316300e+00 5.50149643e+07
1.24331700e+00 5.49318897e+07
1.24347200e+00 5.47223913e+07
1.24362600e+00 5.45972885e+07
1.24378100e+00 5.47145140e+07
1.24393600e+00 5.50012821e+07
1.24409090e+00 5.52798094e+07
1.24424500e+00 5.55866827e+07
1.24440000e+00 5.57671201e+07
1.24455510e+00 5.58155591e+07
1.24471000e+00 5.58253632e+07
1.24486500e+00 5.58156803e+07
1.24502000e+00 5.57758336e+07
1.24517500e+00 5.57219532e+07
1.24533000e+00 5.56505005e+07
1.24548500e+00 5.55843801e+07
1.24564000e+00 5.55097765e+07
1.24579600e+00 5.54322766e+07
1.24595100e+00 5.53557461e+07
1.24610600e+00 5.52742469e+07
1.24626100e+00 5.52346425e+07
1.24641700e+00 5.52581288e+07
1.24657200e+00 5.53094764e+07
1.24672710e+00 5.53162629e+07
1.24688310e+00 5.52815061e+07
1.24703800e+00 5.52212027e+07
1.24719400e+00 5.51115999e+07
1.24734900e+00 5.50701899e+07
1.24750500e+00 5.51303720e+07
1.24766100e+00 5.52590983e+07
1.24781600e+00 5.53702766e+07
1.24797200e+00 5.54914892e+07
1.24812810e+00 5.55360623e+07
1.24828410e+00 5.55159571e+07
1.24843900e+00 5.54781706e+07
1.24859500e+00 5.54469282e+07
1.24875100e+00 5.54310647e+07
1.24890700e+00 5.54343368e+07
1.24906300e+00 5.54470494e+07
1.24921900e+00 5.54487461e+07
1.24937500e+00 5.54291257e+07
1.24953100e+00 5.53919451e+07
1.24968800e+00 5.53295815e+07
1.24984400e+00 5.52729138e+07
1.25000000e+00 5.52388841e+07
1.25015600e+00 5.52129619e+07
1.25031300e+00 5.52030366e+07
1.25046900e+00 5.52157492e+07
1.25062500e+00 5.52165976e+07
1.25078200e+00 5.51654924e+07
1.25093800e+00 5.50690992e+07
1.25109500e+00 5.49553881e+07
1.25125100e+00 5.48072837e+07
1.25140800e+00 5.46910277e+07
1.25156400e+00 5.46343479e+07
1.25172090e+00 5.46115766e+07
1.25187810e+00 5.45409844e+07
1.25203500e+00 5.44232741e+07
1.25219100e+00 5.43412901e+07
1.25234800e+00 5.42396858e+07
1.25250500e+00 5.42365349e+07
1.25266200e+00 5.43625950e+07
1.25281900e+00 5.45642283e+07
1.25297600e+00 5.46865437e+07
1.25313310e+00 5.47969827e+07
1.25329000e+00 5.48272556e+07
1.25344700e+00 5.47849972e+07
1.25360400e+00 5.47434538e+07
1.25376100e+00 5.47242091e+07
1.25391890e+00 5.47141505e+07
1.25407600e+00 5.47102724e+07
1.25423300e+00 5.47119691e+07
1.25439000e+00 5.47302564e+07
1.25454800e+00 5.47514523e+07
1.25470500e+00 5.47440598e+07
1.25486300e+00 5.47002259e+07
1.25502000e+00 5.46638936e+07
1.25517800e+00 5.46089226e+07
1.25533500e+00 5.45685911e+07
1.25549300e+00 5.45477588e+07
1.25565000e+00 5.45477588e+07
1.25580800e+00 5.45242725e+07
1.25596590e+00 5.44862436e+07
1.25612400e+00 5.44278671e+07
1.25628100e+00 5.43967459e+07
1.25643900e+00 5.43490341e+07
1.25659700e+00 5.43171857e+07
1.25675500e+00 5.42812170e+07
1.25691300e+00 5.42636568e+07
1.25707100e+00 5.42233374e+07
1.25722900e+00 5.42479145e+07
1.25738700e+00 5.43070180e+07
1.25754500e+00 5.44104281e+07
1.25770300e+00 5.45044097e+07
1.25786210e+00 5.45756200e+07
1.25802000e+00 5.45529699e+07
1.25817800e+00 5.44604426e+07
1.25833610e+00 5.42869129e+07
1.25849500e+00 5.41260959e+07
1.25865300e+00 5.40545220e+07
1.25881200e+00 5.40719610e+07
1.25897000e+00 5.41725959e+07
1.25912900e+00 5.43473374e+07
1.25928700e+00 5.44978655e+07
1.25944600e+00 5.45934105e+07
1.25960400e+00 5.46516657e+07
1.25976290e+00 5.46514233e+07
1.25992200e+00 5.45985004e+07
1.26008110e+00 5.45085301e+07
1.26024000e+00 5.44210927e+07
1.26039790e+00 5.43445501e+07
1.26055700e+00 5.43207002e+07
1.26071590e+00 5.43670790e+07
1.26087500e+00 5.44580309e+07
1.26103410e+00 5.45085301e+07
1.26119300e+00 5.44696529e+07
1.26135210e+00 5.42901850e+07
1.26151100e+00 5.40186745e+07
1.26167000e+00 5.37687234e+07
1.26183000e+00 5.36012410e+07
1.26198900e+00 5.36149232e+07
1.26214790e+00 5.37662996e+07
1.26230700e+00 5.39856143e+07
1.26246700e+00 5.41903984e+07
1.26262600e+00 5.43493976e+07
1.26278600e+00 5.44071681e+07
1.26294490e+00 5.44055927e+07
1.26310500e+00 5.43931103e+07
1.26326400e+00 5.43738656e+07
1.26342400e+00 5.43502459e+07
1.26358300e+00 5.42421095e+07
1.26374300e+00 5.40264305e+07
1.26390300e+00 5.38275725e+07
1.26406300e+00 5.35995444e+07
1.26422300e+00 5.34967282e+07
1.26438200e+00 5.35764217e+07
1.26454200e+00 5.37206480e+07
1.26470200e+00 5.37448614e+07
1.26486210e+00 5.38072371e+07
1.26502200e+00 5.37228294e+07
1.26518200e+00 5.36276359e+07
1.26534200e+00 5.36628775e+07
1.26550200e+00 5.38091761e+07
1.26566300e+00 5.39467370e+07
1.26582300e+00 5.41150677e+07
1.26598300e+00 5.41982636e+07
1.26614290e+00 5.41911256e+07
1.26630400e+00 5.41272956e+07
1.26646400e+00 5.39738711e+07
1.26662500e+00 5.37412379e+07
1.26678500e+00 5.35245894e+07
1.26694490e+00 5.33244104e+07
1.26710600e+00 5.32702755e+07
1.26726600e+00 5.33560163e+07
1.26742700e+00 5.35133189e+07
1.26758800e+00 5.35586191e+07
1.26774900e+00 5.34432114e+07
1.26790910e+00 5.32131110e+07
1.26806990e+00 5.28816607e+07
1.26823100e+00 5.26472096e+07
1.26839200e+00 5.26374055e+07
1.26855200e+00 5.28293437e+07
1.26871400e+00 5.30593229e+07
1.26887500e+00 5.33585613e+07
1.26903600e+00 5.35649088e+07
1.26919700e+00 5.36471351e+07
1.26935800e+00 5.36992097e+07
1.26951900e+00 5.37188301e+07
1.26968010e+00 5.37106015e+07
1.26984090e+00 5.37162852e+07
1.27000200e+00 5.37164064e+07
1.27016390e+00 5.37319064e+07
1.27032500e+00 5.37658149e+07
1.27048710e+00 5.38000870e+07
1.27064790e+00 5.38159505e+07
1.27081010e+00 5.38210404e+07
1.27097090e+00 5.37878591e+07
1.27113310e+00 5.37188301e+07
1.27129390e+00 5.36542852e+07
1.27145610e+00 5.35863470e+07
1.27161800e+00 5.35389987e+07
1.27177910e+00 5.35253165e+07
1.27194100e+00 5.35302731e+07
1.27210300e+00 5.35386351e+07
1.27226500e+00 5.35593462e+07
1.27242700e+00 5.35626062e+07
1.27258900e+00 5.35376656e+07
1.27275000e+00 5.35027876e+07
1.27291200e+00 5.34463501e+07
1.27307400e+00 5.33799874e+07
1.27323710e+00 5.33036993e+07
1.27339900e+00 5.32357611e+07
1.27356100e+00 5.31679440e+07
1.27372300e+00 5.30929890e+07
1.27388500e+00 5.30251720e+07
1.27404800e+00 5.29871431e+07
1.27421000e+00 5.29601423e+07
1.27437190e+00 5.29804777e+07
1.27453500e+00 5.30413991e+07
1.27469700e+00 5.31112763e+07
1.27486000e+00 5.31741246e+07
1.27502200e+00 5.32390332e+07
1.27518510e+00 5.32716086e+07
1.27534800e+00 5.32923197e+07
1.27551000e+00 5.33035781e+07
1.27567300e+00 5.33011543e+07
1.27583610e+00 5.32903807e+07
1.27599800e+00 5.32757290e+07
1.27616100e+00 5.32595019e+07
1.27632400e+00 5.32450805e+07
1.27648710e+00 5.32369729e+07
1.27665000e+00 5.32246239e+07
1.27681300e+00 5.32143228e+07
1.27697600e+00 5.31974898e+07
1.27713900e+00 5.31744882e+07
1.27730200e+00 5.31451727e+07
1.27746500e+00 5.31080043e+07
1.27762900e+00 5.30691270e+07
1.27779200e+00 5.30266262e+07
1.27795500e+00 5.29913847e+07
1.27811900e+00 5.29609906e+07
1.27828200e+00 5.29338565e+07
1.27844490e+00 5.28980090e+07
1.27860900e+00 5.28414625e+07
1.27877200e+00 5.27415548e+07
1.27893600e+00 5.26445556e+07
1.27909900e+00 5.25347104e+07
1.27926290e+00 5.24481213e+07
1.27942700e+00 5.23904841e+07
1.27959000e+00 5.23622714e+07
1.27975400e+00 5.23122570e+07
1.27991800e+00 5.22743493e+07
1.28008200e+00 5.22100467e+07
1.28024600e+00 5.21178829e+07
1.28041000e+00 5.19559752e+07
1.28057400e+00 5.16826469e+07
1.28073800e+00 5.13418772e+07
1.28090200e+00 5.09208082e+07
1.28106600e+00 5.04596621e+07
1.28123000e+00 4.99687157e+07
1.28139400e+00 4.92842679e+07
1.28155800e+00 4.82189492e+07
1.28172300e+00 4.69182098e+07
1.28188700e+00 4.56712418e+07
1.28205100e+00 4.47091029e+07
1.28221590e+00 4.45211518e+07
1.28238000e+00 4.51457810e+07
1.28254500e+00 4.62934473e+07
1.28270900e+00 4.75981858e+07
1.28287400e+00 4.87975632e+07
1.28303800e+00 4.95911290e+07
1.28320300e+00 5.01009565e+07
1.28336800e+00 5.04680119e+07
1.28353200e+00 5.07635056e+07
1.28369700e+00 5.10253210e+07
1.28386210e+00 5.12288933e+07
1.28402700e+00 5.13914069e+07
1.28419200e+00 5.15053604e+07
1.28435710e+00 5.15794792e+07
1.28452100e+00 5.16156782e+07
1.28468700e+00 5.16688435e+07
1.28485210e+00 5.16728428e+07
1.28501700e+00 5.16727216e+07
1.28518200e+00 5.16856766e+07
1.28534700e+00 5.16864037e+07
1.28551200e+00 5.16757513e+07
1.28567800e+00 5.17054182e+07
1.28584300e+00 5.17373877e+07
1.28600810e+00 5.17635523e+07
1.28617400e+00 5.18362047e+07
1.28633900e+00 5.19324768e+07
1.28650500e+00 5.20150667e+07
1.28667000e+00 5.20902762e+07
1.28683610e+00 5.21228516e+07
1.28700100e+00 5.21305956e+07
1.28716700e+00 5.21181253e+07
1.28733300e+00 5.21142473e+07
1.28749800e+00 5.21246695e+07
1.28766390e+00 5.20951237e+07
1.28783000e+00 5.19804432e+07
1.28799600e+00 5.18892489e+07
1.28816200e+00 5.17566445e+07
1.28832800e+00 5.16807200e+07
1.28849400e+00 5.16991164e+07
1.28866000e+00 5.18065378e+07
1.28882600e+00 5.18986895e+07
1.28899190e+00 5.20258524e+07
1.28915800e+00 5.20937907e+07
1.28932400e+00 5.20708982e+07
1.28949100e+00 5.19793525e+07
1.28965700e+00 5.17928556e+07
1.28982300e+00 5.14369374e+07
1.28999000e+00 5.11484848e+07
1.29015600e+00 5.09089438e+07
1.29032300e+00 5.08665521e+07
1.29048900e+00 5.09954117e+07
1.29065600e+00 5.12701822e+07
1.29082200e+00 5.14110273e+07
1.29098900e+00 5.15679663e+07
1.29115600e+00 5.15863748e+07
1.29132200e+00 5.15680875e+07
1.29148900e+00 5.15982392e+07
1.29165600e+00 5.16828893e+07
1.29182300e+00 5.17398115e+07
1.29199000e+00 5.18065378e+07
1.29215700e+00 5.18403251e+07
1.29232400e+00 5.18561887e+07
1.29249100e+00 5.18893701e+07
1.29265800e+00 5.19164920e+07
1.29282500e+00 5.19226726e+07
1.29299190e+00 5.18851285e+07
1.29315910e+00 5.17583412e+07
1.29332600e+00 5.15607071e+07
1.29349400e+00 5.13719077e+07
1.29366100e+00 5.12070915e+07
1.29382800e+00 5.11281373e+07
1.29399600e+00 5.11705168e+07
1.29416300e+00 5.12899238e+07
1.29433110e+00 5.14130875e+07
1.29449800e+00 5.15456919e+07
1.29466600e+00 5.16251309e+07
1.29483400e+00 5.16362681e+07
1.29500100e+00 5.16388131e+07
1.29516890e+00 5.16367529e+07
1.29533700e+00 5.16345715e+07
1.29550500e+00 5.16509198e+07
1.29567200e+00 5.16914937e+07
1.29584000e+00 5.17155859e+07
1.29600810e+00 5.17217665e+07
1.29617600e+00 5.17038428e+07
1.29634400e+00 5.16660562e+07
1.29651200e+00 5.16376012e+07
1.29668010e+00 5.15996934e+07
1.29684900e+00 5.15304343e+07
1.29701700e+00 5.14666043e+07
1.29718510e+00 5.13542263e+07
1.29735300e+00 5.11995778e+07
1.29752200e+00 5.10262905e+07
1.29768990e+00 5.09152456e+07
1.29785900e+00 5.08098844e+07
1.29802700e+00 5.08431870e+07
1.29819490e+00 5.09594430e+07
1.29836400e+00 5.11205024e+07
1.29853300e+00 5.12753933e+07
1.29870100e+00 5.14203467e+07
1.29887000e+00 5.14714519e+07
1.29903890e+00 5.14673315e+07
1.29920700e+00 5.14530434e+07
1.29937600e+00 5.14312537e+07
1.29954500e+00 5.14046044e+07
1.29971400e+00 5.13721501e+07
1.29988310e+00 5.13303765e+07
1.30005200e+00 5.12837432e+07
1.30022090e+00 5.12310747e+07
1.30039000e+00 5.11926822e+07
1.30055900e+00 5.11655481e+07
1.30072800e+00 5.11618034e+07
1.30089790e+00 5.11528355e+07
1.30106700e+00 5.11122737e+07
1.30123600e+00 5.10048523e+07
1.30140600e+00 5.08927167e+07
1.30157500e+00 5.07595064e+07
1.30174400e+00 5.06583868e+07
1.30191390e+00 5.06431292e+07
1.30208300e+00 5.06812793e+07
1.30225310e+00 5.07161573e+07
1.30242200e+00 5.07373410e+07
1.30259200e+00 5.07268098e+07
1.30276200e+00 5.05888731e+07
1.30293200e+00 5.04574807e+07
1.30310100e+00 5.03287543e+07
1.30327100e+00 5.01945746e+07
1.30344100e+00 5.01328169e+07
1.30361100e+00 5.01668466e+07
1.30378100e+00 5.01939686e+07
1.30395100e+00 5.02450738e+07
1.30412100e+00 5.03556339e+07
1.30429100e+00 5.04250264e+07
1.30446110e+00 5.05221468e+07
1.30463100e+00 5.06203579e+07
1.30480200e+00 5.06961733e+07
1.30497200e+00 5.07173571e+07
1.30514200e+00 5.07379470e+07
1.30531300e+00 5.07381894e+07
1.30548300e+00 5.07236589e+07
1.30565300e+00 5.06989607e+07
1.30582400e+00 5.07131276e+07
1.30599500e+00 5.07100979e+07
1.30616500e+00 5.07070682e+07
1.30633610e+00 5.07298395e+07
1.30650600e+00 5.07463090e+07
1.30667700e+00 5.07160361e+07
1.30684800e+00 5.06466436e+07
1.30701900e+00 5.05541163e+07
1.30718990e+00 5.04458587e+07
1.30736000e+00 5.03549068e+07
1.30753100e+00 5.03119213e+07
1.30770200e+00 5.03149510e+07
1.30787300e+00 5.03294815e+07
1.30804390e+00 5.03756179e+07
1.30821590e+00 5.04159494e+07
1.30838700e+00 5.04267230e+07
1.30855800e+00 5.04241781e+07
1.30872900e+00 5.04097688e+07
1.30890100e+00 5.03890577e+07
1.30907200e+00 5.03764662e+07
1.30924300e+00 5.03845737e+07
1.30941500e+00 5.03917238e+07
1.30958610e+00 5.03809502e+07
1.30975810e+00 5.03058619e+07
1.30992900e+00 5.02131043e+07
1.31010100e+00 5.00643940e+07
1.31027290e+00 4.99357767e+07
1.31044400e+00 4.98615488e+07
1.31061600e+00 4.98528233e+07
1.31078800e+00 4.98942455e+07
1.31096000e+00 5.00041997e+07
1.31113100e+00 5.00978177e+07
1.31130300e+00 5.01514557e+07
1.31147500e+00 5.01541219e+07
1.31164700e+00 5.00784397e+07
1.31181900e+00 4.99508041e+07
1.31199190e+00 4.96101435e+07
1.31216390e+00 4.89603192e+07
1.31233610e+00 4.84179163e+07
1.31250810e+00 4.78466826e+07
1.31268100e+00 4.76491698e+07
1.31285300e+00 4.78873777e+07
1.31302500e+00 4.84762806e+07
1.31319800e+00 4.89674693e+07
1.31337000e+00 4.94569492e+07
1.31354300e+00 4.96449003e+07
1.31371500e+00 4.96050536e+07
1.31388790e+00 4.96005817e+07
1.31406010e+00 4.96584613e+07
1.31423300e+00 4.97691427e+07
1.31440600e+00 4.97857334e+07
1.31457900e+00 4.97084758e+07
1.31475100e+00 4.93948281e+07
1.31492400e+00 4.86959588e+07
1.31509700e+00 4.80527999e+07
1.31527000e+00 4.74405076e+07
1.31544300e+00 4.71682821e+07
1.31561600e+00 4.73398727e+07
1.31578890e+00 4.79342412e+07
1.31596300e+00 4.85316273e+07
1.31613600e+00 4.91578320e+07
1.31630900e+00 4.95166588e+07
1.31648210e+00 4.96038417e+07
1.31665600e+00 4.96082045e+07
1.31682900e+00 4.95934316e+07
1.31700310e+00 4.95929469e+07
1.31717600e+00 4.96192205e+07
1.31734900e+00 4.95657037e+07
1.31752290e+00 4.93735110e+07
1.31769700e+00 4.91825424e+07
1.31787000e+00 4.89278649e+07
1.31804390e+00 4.88285632e+07
1.31821800e+00 4.88928657e+07
1.31839200e+00 4.91234388e+07
1.31856490e+00 4.93222847e+07
1.31873900e+00 4.95618257e+07
1.31891300e+00 4.96455063e+07
1.31908700e+00 4.96366595e+07
1.31926100e+00 4.96105071e+07
1.31943510e+00 4.95753867e+07
1.31960900e+00 4.95426900e+07
1.31978410e+00 4.94981291e+07
1.31995800e+00 4.94396314e+07
1.32013200e+00 4.93793281e+07
1.32030600e+00 4.93052092e+07
1.32048100e+00 4.92415126e+07
1.32065500e+00 4.91668000e+07
1.32082900e+00 4.91216209e+07
1.32100400e+00 4.90442422e+07
1.32117800e+00 4.90154235e+07
1.32135300e+00 4.89730318e+07
1.32152800e+00 4.89720623e+07
1.32170200e+00 4.89846659e+07
1.32187700e+00 4.90461812e+07
1.32205200e+00 4.90752421e+07
1.32222710e+00 4.91206514e+07
1.32240100e+00 4.91434227e+07
1.32257600e+00 4.91400295e+07
1.32275100e+00 4.91263473e+07
1.32292600e+00 4.91078176e+07
1.32310100e+00 4.90607117e+07
1.32327600e+00 4.90310447e+07
1.32345200e+00 4.90183321e+07
1.32362700e+00 4.90286210e+07
1.32380200e+00 4.90625295e+07
1.32397710e+00 4.91221057e+07
1.32415300e+00 4.91695752e+07
1.32432800e+00 4.91958610e+07
1.32450310e+00 4.91914982e+07
1.32467900e+00 4.91383328e+07
1.32485400e+00 4.90542887e+07
1.32503000e+00 4.89695174e+07
1.32520500e+00 4.88823344e+07
1.32538100e+00 4.88481836e+07
1.32555700e+00 4.88506073e+07
1.32573210e+00 4.88707004e+07
1.32590800e+00 4.88380037e+07
1.32608400e+00 4.88034893e+07
1.32626000e+00 4.86552637e+07
1.32643600e+00 4.85154002e+07
1.32661210e+00 4.83999925e+07
1.32678800e+00 4.83499781e+07
1.32696400e+00 4.83689925e+07
1.32714000e+00 4.84828248e+07
1.32731600e+00 4.86069459e+07
1.32749190e+00 4.87144885e+07
1.32766890e+00 4.87855776e+07
1.32784500e+00 4.87558986e+07
1.32802100e+00 4.86342012e+07
1.32819800e+00 4.84980824e+07
1.32837400e+00 4.82431626e+07
1.32855100e+00 4.78421987e+07
1.32872710e+00 4.75577331e+07
1.32890410e+00 4.72893735e+07
1.32908000e+00 4.71716754e+07
1.32925700e+00 4.72197508e+07
1.32943400e+00 4.74796272e+07
1.32961000e+00 4.76279739e+07
1.32978700e+00 4.79120759e+07
1.32996400e+00 4.80824668e+07
1.33014100e+00 4.82147076e+07
1.33031800e+00 4.83163119e+07
1.33049500e+00 4.84437052e+07
1.33067200e+00 4.84601747e+07
1.33084900e+00 4.84306289e+07
1.33102600e+00 4.83981747e+07
1.33120300e+00 4.83824323e+07
1.33138100e+00 4.83232075e+07
1.33155800e+00 4.81212107e+07
1.33173500e+00 4.77924266e+07
1.33191300e+00 4.74693383e+07
1.33209000e+00 4.71914048e+07
1.33226790e+00 4.71525397e+07
1.33244490e+00 4.73650678e+07
1.33262300e+00 4.77195318e+07
1.33280000e+00 4.80653913e+07
1.33297800e+00 4.83527654e+07
1.33315600e+00 4.84503705e+07
1.33333300e+00 4.84726449e+07
1.33351100e+00 4.84600535e+07
1.33368900e+00 4.84602959e+07
1.33386690e+00 4.84441899e+07
1.33404500e+00 4.84332951e+07
1.33422300e+00 4.84227517e+07
1.33440100e+00 4.84290535e+07
1.33457900e+00 4.84239636e+07
1.33475700e+00 4.84260238e+07
1.33493510e+00 4.83669323e+07
1.33511400e+00 4.82113143e+07
1.33529200e+00 4.80711963e+07
1.33547000e+00 4.79130454e+07
1.33564790e+00 4.78527420e+07
1.33582700e+00 4.78973030e+07
1.33600500e+00 4.80484371e+07
1.33618400e+00 4.81707525e+07
1.33636210e+00 4.83108584e+07
1.33654100e+00 4.83293881e+07
1.33672000e+00 4.82664186e+07
1.33689790e+00 4.81603303e+07
1.33707700e+00 4.80635735e+07
1.33725600e+00 4.79696040e+07
1.33743510e+00 4.79228495e+07
1.33761400e+00 4.78948793e+07
1.33779300e+00 4.78940309e+07
1.33797200e+00 4.78833785e+07
1.33815100e+00 4.78552749e+07
1.33833000e+00 4.78176217e+07
1.33850900e+00 4.77623961e+07
1.33868800e+00 4.76462613e+07
1.33886690e+00 4.74725983e+07
1.33904700e+00 4.71748141e+07
1.33922600e+00 4.69030734e+07
1.33940500e+00 4.66728639e+07
1.33958500e+00 4.66365316e+07
1.33976400e+00 4.67679241e+07
1.33994400e+00 4.70699498e+07
1.34012300e+00 4.73696730e+07
1.34030300e+00 4.76485638e+07
1.34048300e+00 4.77906088e+07
1.34066200e+00 4.77943656e+07
1.34084200e+00 4.77594876e+07
1.34102200e+00 4.76899739e+07
1.34120200e+00 4.76175638e+07
1.34138200e+00 4.75442933e+07
1.34156200e+00 4.75232187e+07
1.34174190e+00 4.75020349e+07
1.34192200e+00 4.75120815e+07
1.34210210e+00 4.75507163e+07
1.34228200e+00 4.75907933e+07
1.34246200e+00 4.75961256e+07
1.34264200e+00 4.76218054e+07
1.34282300e+00 4.75865639e+07
1.34300310e+00 4.75163231e+07
1.34318300e+00 4.74751432e+07
1.34336400e+00 4.74506874e+07
1.34354390e+00 4.74515357e+07
1.34372500e+00 4.75021561e+07
1.34390500e+00 4.75637926e+07
1.34408610e+00 4.76100502e+07
1.34426700e+00 4.76604282e+07
1.34444700e+00 4.76812605e+07
1.34462810e+00 4.76718078e+07
1.34480900e+00 4.76320943e+07
1.34499000e+00 4.75761416e+07
1.34517100e+00 4.74814450e+07
1.34535210e+00 4.74022484e+07
1.34553300e+00 4.73087516e+07
1.34571400e+00 4.72219322e+07
1.34589500e+00 4.71409056e+07
1.34607600e+00 4.71008286e+07
1.34625700e+00 4.70726160e+07
1.34643900e+00 4.71160862e+07
1.34662000e+00 4.71912836e+07
1.34680100e+00 4.72754490e+07
1.34698300e+00 4.73433872e+07
1.34716390e+00 4.73594931e+07
1.34734590e+00 4.73306745e+07
1.34752700e+00 4.72829627e+07
1.34770900e+00 4.72563133e+07
1.34789100e+00 4.72526898e+07
1.34807200e+00 4.72795694e+07
1.34825400e+00 4.73031890e+07
1.34843600e+00 4.73019771e+07
1.34861800e+00 4.72468728e+07
1.34880000e+00 4.71830550e+07
1.34898100e+00 4.71114811e+07
1.34916390e+00 4.70381015e+07
1.34934590e+00 4.69224514e+07
1.34952800e+00 4.68374378e+07
1.34971000e+00 4.67047122e+07
1.34989200e+00 4.65856689e+07
1.35007400e+00 4.64547612e+07
1.35025700e+00 4.64270211e+07
1.35043900e+00 4.64145508e+07
1.35062100e+00 4.65143374e+07
1.35080400e+00 4.65911102e+07
1.35098600e+00 4.67045910e+07
1.35116890e+00 4.67789401e+07
1.35135100e+00 4.68869675e+07
1.35153410e+00 4.69477556e+07
1.35171700e+00 4.70132700e+07
1.35189900e+00 4.70551770e+07
1.35208200e+00 4.70958599e+07
1.35226500e+00 4.70860558e+07
1.35244800e+00 4.70514201e+07
1.35263100e+00 4.70081801e+07
1.35281400e+00 4.69723447e+07
1.35299690e+00 4.69331039e+07
1.35318010e+00 4.68905910e+07
1.35336300e+00 4.68381649e+07
1.35354600e+00 4.67969851e+07
1.35372900e+00 4.67604104e+07
1.35391300e+00 4.67560598e+07
1.35409590e+00 4.67673182e+07
1.35428000e+00 4.67479401e+07
1.35446300e+00 4.66176384e+07
1.35464600e+00 4.64950805e+07
1.35483000e+00 4.62901873e+07
1.35501400e+00 4.60797073e+07
1.35519700e+00 4.59858590e+07
1.35538100e+00 4.59799208e+07
1.35556490e+00 4.60147988e+07
1.35574800e+00 4.61329938e+07
1.35593200e+00 4.62326592e+07
1.35611600e+00 4.61711439e+07
1.35630000e+00 4.60093453e+07
1.35648400e+00 4.58336343e+07
1.35666800e+00 4.56126230e+07
1.35685210e+00 4.55514713e+07
1.35703600e+00 4.56633646e+07
1.35722000e+00 4.58820733e+07
1.35740500e+00 4.60366006e+07
1.35758900e+00 4.62440388e+07
1.35777290e+00 4.62907933e+07
1.35795800e+00 4.62952651e+07
1.35814200e+00 4.63313550e+07
1.35832700e+00 4.63915372e+07
1.35851100e+00 4.64157627e+07
1.35869600e+00 4.64105516e+07
1.35888000e+00 4.63216721e+07
1.35906490e+00 4.60879481e+07
1.35925000e+00 4.59116190e+07
1.35943400e+00 4.57021206e+07
1.35961900e+00 4.56249842e+07
1.35980400e+00 4.55819865e+07
1.35998900e+00 4.57027265e+07
1.36017400e+00 4.57630299e+07
1.36035900e+00 4.59242226e+07
1.36054390e+00 4.60265419e+07
1.36072900e+00 4.61624184e+07
1.36091500e+00 4.62553093e+07
1.36110000e+00 4.63378992e+07
1.36128500e+00 4.63513390e+07
1.36147000e+00 4.63336576e+07
1.36165600e+00 4.63039907e+07
1.36184090e+00 4.62571271e+07
1.36202700e+00 4.61885830e+07
1.36221200e+00 4.60164954e+07
1.36239790e+00 4.57713919e+07
1.36258300e+00 4.55136848e+07
1.36276900e+00 4.53101125e+07
1.36295500e+00 4.52344303e+07
1.36314100e+00 4.53434151e+07
1.36332700e+00 4.55210773e+07
1.36351200e+00 4.57043020e+07
1.36369800e+00 4.58528911e+07
1.36388400e+00 4.58855877e+07
1.36406990e+00 4.57851953e+07
1.36425600e+00 4.57342113e+07
1.36444300e+00 4.56666366e+07
1.36462900e+00 4.56749986e+07
1.36481490e+00 4.57374834e+07
1.36500100e+00 4.58458622e+07
1.36518800e+00 4.59071471e+07
1.36537400e+00 4.59756792e+07
1.36556100e+00 4.59538895e+07
1.36574690e+00 4.58658461e+07
1.36593400e+00 4.57924544e+07
1.36612000e+00 4.57118036e+07
1.36630700e+00 4.56636069e+07
1.36649400e+00 4.55599424e+07
1.36668010e+00 4.54535026e+07
1.36686690e+00 4.53531101e+07
1.36705400e+00 4.53026109e+07
1.36724100e+00 4.53131422e+07
1.36742800e+00 4.53904119e+07
1.36761500e+00 4.55211984e+07
1.36780200e+00 4.56103204e+07
1.36798900e+00 4.56445925e+07
1.36817600e+00 4.54889866e+07
1.36836300e+00 4.53248975e+07
1.36855100e+00 4.50555684e+07
1.36873800e+00 4.49437842e+07
1.36892500e+00 4.48633757e+07
1.36911300e+00 4.49181165e+07
1.36930000e+00 4.50011911e+07
1.36948800e+00 4.50937064e+07
1.36967500e+00 4.50332818e+07
1.36986300e+00 4.49842369e+07
1.37005100e+00 4.49116935e+07
1.37023800e+00 4.48827537e+07
1.37042600e+00 4.49338589e+07
1.37061400e+00 4.50019183e+07
1.37080200e+00 4.49626775e+07
1.37099000e+00 4.49572361e+07
1.37117800e+00 4.48967995e+07
1.37136600e+00 4.49100090e+07
1.37155400e+00 4.50002216e+07
1.37174190e+00 4.51853854e+07
1.37193010e+00 4.53309448e+07
1.37211900e+00 4.54606406e+07
1.37230700e+00 4.55263974e+07
1.37249500e+00 4.55100491e+07
1.37268400e+00 4.54619737e+07
1.37287190e+00 4.54258838e+07
1.37306100e+00 4.53799897e+07
1.37324900e+00 4.53732153e+07
1.37343800e+00 4.53787778e+07
1.37362600e+00 4.54171703e+07
1.37381490e+00 4.54198365e+07
1.37400400e+00 4.53482626e+07
1.37419300e+00 4.51554761e+07
1.37438200e+00 4.49578421e+07
1.37456990e+00 4.47731631e+07
1.37475900e+00 4.47084969e+07
1.37494800e+00 4.47414359e+07
1.37513790e+00 4.48259648e+07
1.37532700e+00 4.47692850e+07
1.37551600e+00 4.47135747e+07
1.37570500e+00 4.44670169e+07
1.37589400e+00 4.43273958e+07
1.37608400e+00 4.42113700e+07
1.37627290e+00 4.42681710e+07
1.37646200e+00 4.43396237e+07
1.37665200e+00 4.45325314e+07
1.37684200e+00 4.46705892e+07
1.37703100e+00 4.48268132e+07
1.37722090e+00 4.49334953e+07
1.37741000e+00 4.49258726e+07
1.37760000e+00 4.48695563e+07
1.37779000e+00 4.47571783e+07
1.37798000e+00 4.46731341e+07
1.37817000e+00 4.46790603e+07
1.37836000e+00 4.47805434e+07
1.37855000e+00 4.49138749e+07
1.37874000e+00 4.50434495e+07
1.37893010e+00 4.51270089e+07
1.37912000e+00 4.51201133e+07
1.37931010e+00 4.50679175e+07
1.37950100e+00 4.49483894e+07
1.37969100e+00 4.48547834e+07
1.37988100e+00 4.47606806e+07
1.38007200e+00 4.47304078e+07
1.38026200e+00 4.47254512e+07
1.38045300e+00 4.47932682e+07
1.38064290e+00 4.48249953e+07
1.38083400e+00 4.48688292e+07
1.38102500e+00 4.48727072e+07
1.38121500e+00 4.48327393e+07
1.38140600e+00 4.46978323e+07
1.38159700e+00 4.45665611e+07
1.38178800e+00 4.43768043e+07
1.38197900e+00 4.42416550e+07
1.38217000e+00 4.41516726e+07
1.38236100e+00 4.41716566e+07
1.38255200e+00 4.42157328e+07
1.38274300e+00 4.43265474e+07
1.38293510e+00 4.43582746e+07
1.38312600e+00 4.44062288e+07
1.38331700e+00 4.44243950e+07
1.38350900e+00 4.44838500e+07
1.38370000e+00 4.45521518e+07
1.38389100e+00 4.46342569e+07
1.38408300e+00 4.46733765e+07
1.38427500e+00 4.46998925e+07
1.38446590e+00 4.46058019e+07
1.38465800e+00 4.44908789e+07
1.38485000e+00 4.43219423e+07
1.38504200e+00 4.42137938e+07
1.38523300e+00 4.41519150e+07
1.38542500e+00 4.41953852e+07
1.38561690e+00 4.42803989e+07
1.38580900e+00 4.44369864e+07
1.38600100e+00 4.45106205e+07
1.38619300e+00 4.44572128e+07
1.38638600e+00 4.43830940e+07
1.38657800e+00 4.42347472e+07
1.38677000e+00 4.41576108e+07
1.38696300e+00 4.41253989e+07
1.38715500e+00 4.41777160e+07
1.38734700e+00 4.42079888e+07
1.38754000e+00 4.42730185e+07
1.38773210e+00 4.42881550e+07
1.38792500e+00 4.42956565e+07
1.38811800e+00 4.43317464e+07
1.38831010e+00 4.43775314e+07
1.38850310e+00 4.44185779e+07
1.38869600e+00 4.44355322e+07
1.38888900e+00 4.44518805e+07
1.38908200e+00 4.44453363e+07
1.38927500e+00 4.43520940e+07
1.38946800e+00 4.41245506e+07
1.38966100e+00 4.39062055e+07
1.38985400e+00 4.36796195e+07
1.39004700e+00 4.36004229e+07
1.39024100e+00 4.36580722e+07
1.39043400e+00 4.38455265e+07
1.39062700e+00 4.40131300e+07
1.39082100e+00 4.41904286e+07
1.39101400e+00 4.42405643e+07
1.39120800e+00 4.42461268e+07
1.39140100e+00 4.42517015e+07
1.39159500e+00 4.42423821e+07
1.39178800e+00 4.42190049e+07
1.39198210e+00 4.41587015e+07
1.39217600e+00 4.40705370e+07
1.39237000e+00 4.39890378e+07
1.39256400e+00 4.39426590e+07
1.39275810e+00 4.39174639e+07
1.39295200e+00 4.39280073e+07
1.39314600e+00 4.39494334e+07
1.39334000e+00 4.39484639e+07
1.39353410e+00 4.38898572e+07
1.39372800e+00 4.37894647e+07
1.39392200e+00 4.36764808e+07
1.39411690e+00 4.36015136e+07
1.39431100e+00 4.36118146e+07
1.39450600e+00 4.36715120e+07
1.39470000e+00 4.36655738e+07
1.39489500e+00 4.36356645e+07
1.39508900e+00 4.35538017e+07
1.39528410e+00 4.34720602e+07
1.39547900e+00 4.34678186e+07
1.39567300e+00 4.35707560e+07
1.39586800e+00 4.36811950e+07
1.39606300e+00 4.38018138e+07
1.39625810e+00 4.38341469e+07
1.39645300e+00 4.38077520e+07
1.39664790e+00 4.37657239e+07
1.39684300e+00 4.37693595e+07
1.39703800e+00 4.37776004e+07
1.39723400e+00 4.38124663e+07
1.39742900e+00 4.38318443e+07
1.39762400e+00 4.38380249e+07
1.39781900e+00 4.38232520e+07
1.39801500e+00 4.37964815e+07
1.39821000e+00 4.37729952e+07
1.39840600e+00 4.37386019e+07
1.39860100e+00 4.37285554e+07
1.39879700e+00 4.37188603e+07
1.39899300e+00 4.37097833e+07
1.39918800e+00 4.36384518e+07
1.39938400e+00 4.33876524e+07
1.39958000e+00 4.30744895e+07
1.39977600e+00 4.27415850e+07
1.39997200e+00 4.24943000e+07
1.40016800e+00 4.24619670e+07
1.40036400e+00 4.25793137e+07
1.40056010e+00 4.26410713e+07
1.40075600e+00 4.27821467e+07
1.40095300e+00 4.27957198e+07
1.40114900e+00 4.28162976e+07
1.40134500e+00 4.29185079e+07
1.40154200e+00 4.30881717e+07
1.40173800e+00 4.32039429e+07
1.40193510e+00 4.33515625e+07
1.40213100e+00 4.33591974e+07
1.40232800e+00 4.33114855e+07
1.40252500e+00 4.32060032e+07
1.40272090e+00 4.30925345e+07
1.40291800e+00 4.29191139e+07
1.40311500e+00 4.28314340e+07
1.40331200e+00 4.27664044e+07
1.40350900e+00 4.28462190e+07
1.40370610e+00 4.28836299e+07
1.40390300e+00 4.30002495e+07
1.40410000e+00 4.30018249e+07
1.40429700e+00 4.30120048e+07
1.40449400e+00 4.28998570e+07
1.40469200e+00 4.28804790e+07
1.40488900e+00 4.28253867e+07
1.40508610e+00 4.28963547e+07
1.40528410e+00 4.29905665e+07
1.40548100e+00 4.31214742e+07
1.40567900e+00 4.31329750e+07
1.40587600e+00 4.31383073e+07
1.40607400e+00 4.30089751e+07
1.40627200e+00 4.28727351e+07
1.40647000e+00 4.28080689e+07
1.40666800e+00 4.28296283e+07
1.40686500e+00 4.28794004e+07
1.40706300e+00 4.29197198e+07
1.40726100e+00 4.29481748e+07
1.40745900e+00 4.29140239e+07
1.40765800e+00 4.29056741e+07
1.40785600e+00 4.28675240e+07
1.40805400e+00 4.28787945e+07
1.40825200e+00 4.28594164e+07
1.40845100e+00 4.28864172e+07
1.40864900e+00 4.29025232e+07
1.40884800e+00 4.29441877e+07
1.40904600e+00 4.29767632e+07
1.40924500e+00 4.30242327e+07
1.40944300e+00 4.30334309e+07
1.40964200e+00 4.29957776e+07
1.40984090e+00 4.29495079e+07
1.41003890e+00 4.28812061e+07
1.41023800e+00 4.28109774e+07
1.41043700e+00 4.27871155e+07
1.41063600e+00 4.27656772e+07
1.41083500e+00 4.26718289e+07
1.41103410e+00 4.23291203e+07
1.41123300e+00 4.20161876e+07
1.41143300e+00 4.15637670e+07
1.41163200e+00 4.13639516e+07
1.41183110e+00 4.13472397e+07
1.41203100e+00 4.16234644e+07
1.41223000e+00 4.18742638e+07
1.41242900e+00 4.21117446e+07
1.41262900e+00 4.20966082e+07
1.41282800e+00 4.19773224e+07
1.41302800e+00 4.19199155e+07
1.41322800e+00 4.19405054e+07
1.41342800e+00 4.20990198e+07
1.41362700e+00 4.22407133e+07
1.41382700e+00 4.23872422e+07
1.41402700e+00 4.23619381e+07
1.41422710e+00 4.23064701e+07
1.41442700e+00 4.22216989e+07
1.41462700e+00 4.22490632e+07
1.41482700e+00 4.23110753e+07
1.41502800e+00 4.24628153e+07
1.41522800e+00 4.25642985e+07
1.41542800e+00 4.26191483e+07
1.41562900e+00 4.25004685e+07
1.41582900e+00 4.23444991e+07
1.41602910e+00 4.21644252e+07
1.41623000e+00 4.20732309e+07
1.41643100e+00 4.20775937e+07
1.41663100e+00 4.21795616e+07
1.41683200e+00 4.22981203e+07
1.41703300e+00 4.24267254e+07
1.41723400e+00 4.24878771e+07
1.41743400e+00 4.25077398e+07
1.41763500e+00 4.25274814e+07
1.41783610e+00 4.25031347e+07
1.41803700e+00 4.24189693e+07
1.41823900e+00 4.23191828e+07
1.41843990e+00 4.22036539e+07
1.41864100e+00 4.20890945e+07
1.41884200e+00 4.20344749e+07
1.41904390e+00 4.20249131e+07
1.41924500e+00 4.20140183e+07
1.41944600e+00 4.19373545e+07
1.41964790e+00 4.19000527e+07
1.41984900e+00 4.17827060e+07
1.42005100e+00 4.18236434e+07
1.42025310e+00 4.18739003e+07
1.42045400e+00 4.20321723e+07
1.42065600e+00 4.21363216e+07
1.42085800e+00 4.21879115e+07
1.42106010e+00 4.18982470e+07
1.42126200e+00 4.16318264e+07
1.42146400e+00 4.13236201e+07
1.42166600e+00 4.12157261e+07
1.42186800e+00 4.11984083e+07
1.42207100e+00 4.13415439e+07
1.42227290e+00 4.12375157e+07
1.42247500e+00 4.12838946e+07
1.42267700e+00 4.11310760e+07
1.42288000e+00 4.11803633e+07
1.42308200e+00 4.13098167e+07
1.42328500e+00 4.15500727e+07
1.42348800e+00 4.14743906e+07
1.42368990e+00 4.14316474e+07
1.42389290e+00 4.11950150e+07
1.42409590e+00 4.11072140e+07
1.42429900e+00 4.11873801e+07
1.42450100e+00 4.14381795e+07
1.42470400e+00 4.16386009e+07
1.42490700e+00 4.16870399e+07
1.42511000e+00 4.14976466e+07
1.42531400e+00 4.12077276e+07
1.42551700e+00 4.09812750e+07
1.42572000e+00 4.07238102e+07
1.42592300e+00 4.06614467e+07
1.42612700e+00 4.06396449e+07
1.42633000e+00 4.07854467e+07
1.42653410e+00 4.09608063e+07
1.42673710e+00 4.10339435e+07
1.42694100e+00 4.10580478e+07
1.42714400e+00 4.09798207e+07
1.42734800e+00 4.09322301e+07
1.42755200e+00 4.08938376e+07
1.42775600e+00 4.11056385e+07
1.42795900e+00 4.13176819e+07
1.42816300e+00 4.15296161e+07
1.42836690e+00 4.13987084e+07
1.42857100e+00 4.12235912e+07
1.42877600e+00 4.09158817e+07
1.42898000e+00 4.05760695e+07
1.42918400e+00 4.03263608e+07
1.42938790e+00 4.02262107e+07
1.42959300e+00 4.02079234e+07
1.42979700e+00 4.04087083e+07
1.43000100e+00 4.06979002e+07
1.43020610e+00 4.10048825e+07
1.43041100e+00 4.12544700e+07
1.43061500e+00 4.12296506e+07
1.43081990e+00 4.10323801e+07
1.43102500e+00 4.07938087e+07
1.43122900e+00 4.07437942e+07
1.43143400e+00 4.08369154e+07
1.43163900e+00 4.11024876e+07
1.43184400e+00 4.13767855e+07
1.43204900e+00 4.16409035e+07
1.43225400e+00 4.17317342e+07
1.43245900e+00 4.17472342e+07
1.43266500e+00 4.17397205e+07
1.43287000e+00 4.16623417e+07
1.43307500e+00 4.14709973e+07
1.43328100e+00 4.12532581e+07
1.43348600e+00 4.10238970e+07
1.43369200e+00 4.09239892e+07
1.43389700e+00 4.09233833e+07
1.43410300e+00 4.10137293e+07
1.43430900e+00 4.11257437e+07
1.43451400e+00 4.12252878e+07
1.43472000e+00 4.12502284e+07
1.43492600e+00 4.12354555e+07
1.43513200e+00 4.12367886e+07
1.43533800e+00 4.12456354e+07
1.43554390e+00 4.12759082e+07
1.43575000e+00 4.12194708e+07
1.43595610e+00 4.11600158e+07
1.43616300e+00 4.11171393e+07
1.43636900e+00 4.11021241e+07
1.43657500e+00 4.11533504e+07
1.43678200e+00 4.12125752e+07
1.43698800e+00 4.12714243e+07
1.43719490e+00 4.13171971e+07
1.43740100e+00 4.13153914e+07
1.43760800e+00 4.12027589e+07
1.43781400e+00 4.11447581e+07
1.43802100e+00 4.10758504e+07
1.43822800e+00 4.11011546e+07
1.43843510e+00 4.11345783e+07
1.43864200e+00 4.12359403e+07
1.43884900e+00 4.12773625e+07
1.43905600e+00 4.13335454e+07
1.43926290e+00 4.12683946e+07
1.43947000e+00 4.10177164e+07
1.43967700e+00 4.05568126e+07
1.43988500e+00 3.98053840e+07
1.44009200e+00 3.91128165e+07
1.44030000e+00 3.85591431e+07
1.44050700e+00 3.85200356e+07
1.44071500e+00 3.88673494e+07
1.44092200e+00 3.95900685e+07
1.44113000e+00 4.02558776e+07
1.44133800e+00 4.07686136e+07
1.44154500e+00 4.07546890e+07
1.44175310e+00 4.03936930e+07
1.44196110e+00 3.99602749e+07
1.44216890e+00 3.95534939e+07
1.44237700e+00 3.93839634e+07
1.44258500e+00 3.94176296e+07
1.44279300e+00 3.96546135e+07
1.44300100e+00 3.99372612e+07
1.44321000e+00 4.02372267e+07
1.44341800e+00 4.03660863e+07
1.44362600e+00 4.03762540e+07
1.44383500e+00 4.03153447e+07
1.44404300e+00 4.00311216e+07
1.44425200e+00 3.98460790e+07
1.44446110e+00 3.96674594e+07
1.44466890e+00 3.97887933e+07
1.44487810e+00 4.00110164e+07
1.44508700e+00 4.04095566e+07
1.44529600e+00 4.06291136e+07
1.44550400e+00 4.07780663e+07
1.44571300e+00 4.07148544e+07
1.44592200e+00 4.05340535e+07
1.44613200e+00 4.03565124e+07
1.44634090e+00 4.01301810e+07
1.44655000e+00 4.00216689e+07
1.44675900e+00 3.99476834e+07
1.44696900e+00 4.00095622e+07
1.44717800e+00 4.01012412e+07
1.44738700e+00 4.02455887e+07
1.44759700e+00 4.03346016e+07
1.44780700e+00 4.04323279e+07
1.44801600e+00 4.04624796e+07
1.44822600e+00 4.04504940e+07
1.44843600e+00 4.04504940e+07
1.44864600e+00 4.04118592e+07
1.44885500e+00 4.03870277e+07
1.44906490e+00 4.03837677e+07
1.44927500e+00 4.04141618e+07
1.44948500e+00 4.03548158e+07
1.44969600e+00 4.03130422e+07
1.44990600e+00 4.01061978e+07
1.45011600e+00 3.98907612e+07
1.45032600e+00 3.97152925e+07
1.45053700e+00 3.96603093e+07
1.45074690e+00 3.96248254e+07
1.45095800e+00 3.94715099e+07
1.45116800e+00 3.93603438e+07
1.45137900e+00 3.91518149e+07
1.45158900e+00 3.91977090e+07
1.45180000e+00 3.92968896e+07
1.45201100e+00 3.95980670e+07
1.45222200e+00 3.97583992e+07
1.45243300e+00 3.99679097e+07
1.45264400e+00 3.99078366e+07
1.45285500e+00 3.98170181e+07
1.45306600e+00 3.97668824e+07
1.45327700e+00 3.97317620e+07
1.45348800e+00 3.96891279e+07
1.45370000e+00 3.96459000e+07
1.45391100e+00 3.94689771e+07
1.45412190e+00 3.92731488e+07
1.45433400e+00 3.91444224e+07
1.45454600e+00 3.90837555e+07
1.45475700e+00 3.91680421e+07
1.45496900e+00 3.93298286e+07
1.45518010e+00 3.93097234e+07
1.45539200e+00 3.92788446e+07
1.45560400e+00 3.91461191e+07
1.45581600e+00 3.90508165e+07
1.45602800e+00 3.91066359e+07
1.45624000e+00 3.93010100e+07
1.45645200e+00 3.93963125e+07
1.45666390e+00 3.95185068e+07
1.45687600e+00 3.94661898e+07
1.45708900e+00 3.94133880e+07
1.45730100e+00 3.94470541e+07
1.45751290e+00 3.95526577e+07
1.45772600e+00 3.96886432e+07
1.45793800e+00 3.98142307e+07
1.45815100e+00 3.98799875e+07
1.45836400e+00 3.99218824e+07
1.45857600e+00 3.99976978e+07
1.45878890e+00 4.00127131e+07
1.45900200e+00 3.99583358e+07
1.45921500e+00 3.98472909e+07
1.45942800e+00 3.97059610e+07
1.45964100e+00 3.96232499e+07
1.45985400e+00 3.95653703e+07
1.46006700e+00 3.95187492e+07
1.46028000e+00 3.94947660e+07
1.46049400e+00 3.94786600e+07
1.46070700e+00 3.94680076e+07
1.46092000e+00 3.94808414e+07
1.46113400e+00 3.95254024e+07
1.46134700e+00 3.94678864e+07
1.46156100e+00 3.93999482e+07
1.46177500e+00 3.92591030e+07
1.46198800e+00 3.91449072e+07
1.46220200e+00 3.90337411e+07
1.46241600e+00 3.90374858e+07
1.46263000e+00 3.89628943e+07
1.46284400e+00 3.89581680e+07
1.46305800e+00 3.89146977e+07
1.46327200e+00 3.88873334e+07
1.46348600e+00 3.88050949e+07
1.46370000e+00 3.88663799e+07
1.46391500e+00 3.88793349e+07
1.46412900e+00 3.90089096e+07
1.46434300e+00 3.91706961e+07
1.46455800e+00 3.93389056e+07
1.46477200e+00 3.93575565e+07
1.46498710e+00 3.92004963e+07
1.46520200e+00 3.89420620e+07
1.46541600e+00 3.86230821e+07
1.46563100e+00 3.85151880e+07
1.46584590e+00 3.85711407e+07
1.46606100e+00 3.88344104e+07
1.46627600e+00 3.90841191e+07
1.46649100e+00 3.93553751e+07
1.46670610e+00 3.94319177e+07
1.46692100e+00 3.94143575e+07
1.46713600e+00 3.93184490e+07
1.46735100e+00 3.91062723e+07
1.46756700e+00 3.89303189e+07
1.46778200e+00 3.87656239e+07
1.46799800e+00 3.87213053e+07
1.46821300e+00 3.87635637e+07
1.46842900e+00 3.88939866e+07
1.46864500e+00 3.90310749e+07
1.46886000e+00 3.91600436e+07
1.46907600e+00 3.92341624e+07
1.46929200e+00 3.92707250e+07
1.46950810e+00 3.92926480e+07
1.46972400e+00 3.91771191e+07
1.46993990e+00 3.89780308e+07
1.47015600e+00 3.86372611e+07
1.47037190e+00 3.83629633e+07
1.47058800e+00 3.81618148e+07
1.47080510e+00 3.81591486e+07
1.47102100e+00 3.82848574e+07
1.47123710e+00 3.85165211e+07
1.47145400e+00 3.86486407e+07
1.47167000e+00 3.86336255e+07
1.47188700e+00 3.85561134e+07
1.47210400e+00 3.83566615e+07
1.47231990e+00 3.82998726e+07
1.47253700e+00 3.82061334e+07
1.47275400e+00 3.82795251e+07
1.47297090e+00 3.82693574e+07
1.47318800e+00 3.81693285e+07
1.47340500e+00 3.79039986e+07
1.47362190e+00 3.76058509e+07
1.47383900e+00 3.74193541e+07
1.47405700e+00 3.74347329e+07
1.47427400e+00 3.77070796e+07
1.47449100e+00 3.79761663e+07
1.47470900e+00 3.81469207e+07
1.47492600e+00 3.81366318e+07
1.47514400e+00 3.79249399e+07
1.47536100e+00 3.78136526e+07
1.47557900e+00 3.77818043e+07
1.47579700e+00 3.78790459e+07
1.47601500e+00 3.80197699e+07
1.47623300e+00 3.81872522e+07
1.47645100e+00 3.82072241e+07
1.47666890e+00 3.81320267e+07
1.47688700e+00 3.79881639e+07
1.47710500e+00 3.78806213e+07
1.47732300e+00 3.78346061e+07
1.47754100e+00 3.78662120e+07
1.47776000e+00 3.78524087e+07
1.47797800e+00 3.78700901e+07
1.47819700e+00 3.78238203e+07
1.47841500e+00 3.78329095e+07
1.47863400e+00 3.78792883e+07
1.47885210e+00 3.80506487e+07
1.47907100e+00 3.83118581e+07
1.47929000e+00 3.85423100e+07
1.47950900e+00 3.86344738e+07
1.47972800e+00 3.86063702e+07
1.47994700e+00 3.84686880e+07
1.48016600e+00 3.83245708e+07
1.48038500e+00 3.81289970e+07
1.48060400e+00 3.80259383e+07
1.48082300e+00 3.79090764e+07
1.48104300e+00 3.79391190e+07
1.48126200e+00 3.79371800e+07
1.48148100e+00 3.80514970e+07
1.48170100e+00 3.81300877e+07
1.48192100e+00 3.82401631e+07
1.48214000e+00 3.82302377e+07
1.48236000e+00 3.80424078e+07
1.48258000e+00 3.78809849e+07
1.48280000e+00 3.76425346e+07
1.48302000e+00 3.74809905e+07
1.48323900e+00 3.73839913e+07
1.48345900e+00 3.75107786e+07
1.48368010e+00 3.76182000e+07
1.48390000e+00 3.78803790e+07
1.48412000e+00 3.80169825e+07
1.48434000e+00 3.81704192e+07
1.48456100e+00 3.83295395e+07
1.48478100e+00 3.84373245e+07
1.48500100e+00 3.84099480e+07
1.48522200e+00 3.83727674e+07
1.48544300e+00 3.82706904e+07
1.48566300e+00 3.81722370e+07
1.48588400e+00 3.79776205e+07
1.48610500e+00 3.78599102e+07
1.48632600e+00 3.77175018e+07
1.48654700e+00 3.77070796e+07
1.48676790e+00 3.76755948e+07
1.48698900e+00 3.76292160e+07
1.48721000e+00 3.73324014e+07
1.48743100e+00 3.64794895e+07
1.48765300e+00 3.53331564e+07
1.48787400e+00 3.42053529e+07
1.48809500e+00 3.36600414e+07
1.48831700e+00 3.38300688e+07
1.48853800e+00 3.47974067e+07
1.48876000e+00 3.59854044e+07
1.48898100e+00 3.71850242e+07
1.48920300e+00 3.78932128e+07
1.48942500e+00 3.80821334e+07
1.48964700e+00 3.80098324e+07
1.48986900e+00 3.79180443e+07
1.49009090e+00 3.78102594e+07
1.49031300e+00 3.77916085e+07
1.49053500e+00 3.78092898e+07
1.49075700e+00 3.78585772e+07
1.49097900e+00 3.78406534e+07
1.49120200e+00 3.78289102e+07
1.49142400e+00 3.76972754e+07
1.49164700e+00 3.75616414e+07
1.49186900e+00 3.74955210e+07
1.49209200e+00 3.74991566e+07
1.49231490e+00 3.75742328e+07
1.49253700e+00 3.77028501e+07
1.49276000e+00 3.78073508e+07
1.49298300e+00 3.78445314e+07
1.49320610e+00 3.78819544e+07
1.49342900e+00 3.78442891e+07
1.49365200e+00 3.78329095e+07
1.49387500e+00 3.78646366e+07
1.49409800e+00 3.79284544e+07
1.49432200e+00 3.79745908e+07
1.49454500e+00 3.79738637e+07
1.49476790e+00 3.78664544e+07
1.49499190e+00 3.77414728e+07
1.49521500e+00 3.75342770e+07
1.49543900e+00 3.72091164e+07
1.49566300e+00 3.69474222e+07
1.49588600e+00 3.66346228e+07
1.49611000e+00 3.65360482e+07
1.49633400e+00 3.65452464e+07
1.49655800e+00 3.67500305e+07
1.49678200e+00 3.68701646e+07
1.49700600e+00 3.71304046e+07
1.49723000e+00 3.71461469e+07
1.49745400e+00 3.72242528e+07
1.49767900e+00 3.72628877e+07
1.49790300e+00 3.73648556e+07
1.49812700e+00 3.73941590e+07
1.49835210e+00 3.73021285e+07
1.49857600e+00 3.71591020e+07
1.49880100e+00 3.69907834e+07
1.49902600e+00 3.69741927e+07
1.49925000e+00 3.70538741e+07
1.49947500e+00 3.72464182e+07
1.49970000e+00 3.73833853e+07
1.49992500e+00 3.75139295e+07
1.50015000e+00 3.74825659e+07
1.50037500e+00 3.74347329e+07
1.50060000e+00 3.74021574e+07
1.50082500e+00 3.73717634e+07
1.50105100e+00 3.73706727e+07
1.50127600e+00 3.73580691e+07
1.50150200e+00 3.73039463e+07
1.50172710e+00 3.72267978e+07
1.50195300e+00 3.69416051e+07
1.50217800e+00 3.61003274e+07
1.50240410e+00 3.51923233e+07
1.50263000e+00 3.42678376e+07
1.50285500e+00 3.38567060e+07
1.50308110e+00 3.40003263e+07
1.50330700e+00 3.47071940e+07
1.50353300e+00 3.53445360e+07
1.50375900e+00 3.55271547e+07
1.50398500e+00 3.53054285e+07
1.50421200e+00 3.45971065e+07
1.50443800e+00 3.40003263e+07
1.50466390e+00 3.37081169e+07
1.50489100e+00 3.36422389e+07
1.50511690e+00 3.37615246e+07
1.50534400e+00 3.41176731e+07
1.50557100e+00 3.44172750e+07
1.50579700e+00 3.47701635e+07
1.50602400e+00 3.53795352e+07
1.50625100e+00 3.58001195e+07
1.50647800e+00 3.61549470e+07
1.50670500e+00 3.64093699e+07
1.50693200e+00 3.65194575e+07
1.50715910e+00 3.66554551e+07
1.50738600e+00 3.66291693e+07
1.50761300e+00 3.65642608e+07
1.50784090e+00 3.63497937e+07
1.50806800e+00 3.60282688e+07
1.50829600e+00 3.57516805e+07
1.50852290e+00 3.56246508e+07
1.50875100e+00 3.56991211e+07
1.50897800e+00 3.59659052e+07
1.50920610e+00 3.62837945e+07
1.50943400e+00 3.65351999e+07
1.50966200e+00 3.67293194e+07
1.50989000e+00 3.67542721e+07
1.51011800e+00 3.67511212e+07
1.51034590e+00 3.67497881e+07
1.51057400e+00 3.67824848e+07
1.51080200e+00 3.68045289e+07
1.51103100e+00 3.68331052e+07
1.51125900e+00 3.68086372e+07
1.51148710e+00 3.67037729e+07
1.51171590e+00 3.64926870e+07
1.51194400e+00 3.61759005e+07
1.51217300e+00 3.59344205e+07
1.51240200e+00 3.57619694e+07
1.51263000e+00 3.57906789e+07
1.51285900e+00 3.58357247e+07
1.51308800e+00 3.59407223e+07
1.51331700e+00 3.59086316e+07
1.51354600e+00 3.58759350e+07
1.51377500e+00 3.57766332e+07
1.51400500e+00 3.57777118e+07
1.51423400e+00 3.58029068e+07
1.51446300e+00 3.59206171e+07
1.51469300e+00 3.60124052e+07
1.51492200e+00 3.60833731e+07
1.51515100e+00 3.61399318e+07
1.51538100e+00 3.61602672e+07
1.51561100e+00 3.60994791e+07
1.51584090e+00 3.60327527e+07
1.51606990e+00 3.58623619e+07
1.51630000e+00 3.57565280e+07
1.51653000e+00 3.56454710e+07
1.51676000e+00 3.56661821e+07
1.51699000e+00 3.56945159e+07
1.51722000e+00 3.58727841e+07
1.51745100e+00 3.59745096e+07
1.51768100e+00 3.61369021e+07
1.51791100e+00 3.61963571e+07
1.51814200e+00 3.61807359e+07
1.51837190e+00 3.60325104e+07
1.51860300e+00 3.58868298e+07
1.51883300e+00 3.57599213e+07
1.51906400e+00 3.57312118e+07
1.51929500e+00 3.57924967e+07
1.51952600e+00 3.59063290e+07
1.51975700e+00 3.59722070e+07
1.51998800e+00 3.60389334e+07
1.52021900e+00 3.59604518e+07
1.52045000e+00 3.56989999e+07
1.52068100e+00 3.55090007e+07
1.52091200e+00 3.52993690e+07
1.52114400e+00 3.52512936e+07
1.52137500e+00 3.52321579e+07
1.52160710e+00 3.51984918e+07
1.52183800e+00 3.51283722e+07
1.52206990e+00 3.51133570e+07
1.52230200e+00 3.51067037e+07
1.52253410e+00 3.51588996e+07
1.52276500e+00 3.53481716e+07
1.52299690e+00 3.54690328e+07
1.52322900e+00 3.55921966e+07
1.52346110e+00 3.55768178e+07
1.52369300e+00 3.55820167e+07
1.52392600e+00 3.55753635e+07
1.52415800e+00 3.54125954e+07
1.52439000e+00 3.52735801e+07
1.52462300e+00 3.50633425e+07
1.52485500e+00 3.50018273e+07
1.52508800e+00 3.50421588e+07
1.52531990e+00 3.52934429e+07
1.52555300e+00 3.55251067e+07
1.52578600e+00 3.57754213e+07
1.52601900e+00 3.57630601e+07
1.52625200e+00 3.56732110e+07
1.52648400e+00 3.55602271e+07
1.52671800e+00 3.55025777e+07
1.52695100e+00 3.54828362e+07
1.52718400e+00 3.55533193e+07
1.52741700e+00 3.56256203e+07
1.52765100e+00 3.56856813e+07
1.52788400e+00 3.56836211e+07
1.52811690e+00 3.56371211e+07
1.52835100e+00 3.55777751e+07
1.52858400e+00 3.55122607e+07
1.52881800e+00 3.54382752e+07
1.52905200e+00 3.51862639e+07
1.52928600e+00 3.47740416e+07
1.52952000e+00 3.42590030e+07
1.52975400e+00 3.38214644e+07
1.52998800e+00 3.36346040e+07
1.53022200e+00 3.37702381e+07
1.53045610e+00 3.41573986e+07
1.53068990e+00 3.46460303e+07
1.53092500e+00 3.50841748e+07
1.53115910e+00 3.53042166e+07
1.53139400e+00 3.53727607e+07
1.53162810e+00 3.53605328e+07
1.53186300e+00 3.52746708e+07
1.53209700e+00 3.51648257e+07
1.53233200e+00 3.50656451e+07
1.53256700e+00 3.49858425e+07
1.53280200e+00 3.49651314e+07
1.53303700e+00 3.49677976e+07
1.53327200e+00 3.48291338e+07
1.53350700e+00 3.47271780e+07
1.53374190e+00 3.45507277e+07
1.53397800e+00 3.44038352e+07
1.53421300e+00 3.43273048e+07
1.53444800e+00 3.43744107e+07
1.53468400e+00 3.44466996e+07
1.53491890e+00 3.46146667e+07
1.53515500e+00 3.47368610e+07
1.53539100e+00 3.48339813e+07
1.53562700e+00 3.49478136e+07
1.53586210e+00 3.49785712e+07
1.53609800e+00 3.49625865e+07
1.53633400e+00 3.49474500e+07
1.53656990e+00 3.49462382e+07
1.53680700e+00 3.49830552e+07
1.53704300e+00 3.49875392e+07
1.53727910e+00 3.48536017e+07
1.53751500e+00 3.46340447e+07
1.53775200e+00 3.43813063e+07
1.53798800e+00 3.42206105e+07
1.53822500e+00 3.41797942e+07
1.53846200e+00 3.42927903e+07
1.53869800e+00 3.44428337e+07
1.53893510e+00 3.45529091e+07
1.53917200e+00 3.43568505e+07
1.53940910e+00 3.41139162e+07
1.53964600e+00 3.37928882e+07
1.53988310e+00 3.36413905e+07
1.54012000e+00 3.35629211e+07
1.54035710e+00 3.36878905e+07
1.54059500e+00 3.38076610e+07
1.54083200e+00 3.39897951e+07
1.54106900e+00 3.40693553e+07
1.54130700e+00 3.41208240e+07
1.54154500e+00 3.42284877e+07
1.54178200e+00 3.42749877e+07
1.54202000e+00 3.42617903e+07
1.54225810e+00 3.42201257e+07
1.54249600e+00 3.42015960e+07
1.54273400e+00 3.42187927e+07
1.54297200e+00 3.42855190e+07
1.54321000e+00 3.44170327e+07
1.54344800e+00 3.45123352e+07
1.54368600e+00 3.45854845e+07
1.54392500e+00 3.45537574e+07
1.54416300e+00 3.45331675e+07
1.54440100e+00 3.45159709e+07
1.54464000e+00 3.45439533e+07
1.54487900e+00 3.45703481e+07
1.54511690e+00 3.46100737e+07
1.54535600e+00 3.46132124e+07
1.54559500e+00 3.46084982e+07
1.54583400e+00 3.45621194e+07
1.54607300e+00 3.45100448e+07
1.54631200e+00 3.44594244e+07
1.54655100e+00 3.43873657e+07
1.54679000e+00 3.41860960e+07
1.54703000e+00 3.39995992e+07
1.54726900e+00 3.36872846e+07
1.54750810e+00 3.34700302e+07
1.54774800e+00 3.32969852e+07
1.54798800e+00 3.33595912e+07
1.54822710e+00 3.34759684e+07
1.54846700e+00 3.37215567e+07
1.54870700e+00 3.38271602e+07
1.54894700e+00 3.39119315e+07
1.54918700e+00 3.38901297e+07
1.54942700e+00 3.37925246e+07
1.54966700e+00 3.37012091e+07
1.54990700e+00 3.35634058e+07
1.55014700e+00 3.35348175e+07
1.55038790e+00 3.34854090e+07
1.55062810e+00 3.35442702e+07
1.55086900e+00 3.36284355e+07
1.55110900e+00 3.38137083e+07
1.55135000e+00 3.39299765e+07
1.55159000e+00 3.40727485e+07
1.55183110e+00 3.40932173e+07
1.55207200e+00 3.40888545e+07
1.55231300e+00 3.40686281e+07
1.55255400e+00 3.40149780e+07
1.55279500e+00 3.38568272e+07
1.55303600e+00 3.36507099e+07
1.55327700e+00 3.34179555e+07
1.55351900e+00 3.32182613e+07
1.55376000e+00 3.31235646e+07
1.55400200e+00 3.30324916e+07
1.55424300e+00 3.30627765e+07
1.55448500e+00 3.31305936e+07
1.55472600e+00 3.32628343e+07
1.55496800e+00 3.32740927e+07
1.55521000e+00 3.33221682e+07
1.55545200e+00 3.31785478e+07
1.55569400e+00 3.30958367e+07
1.55593600e+00 3.29645655e+07
1.55617800e+00 3.29915662e+07
1.55642000e+00 3.31110944e+07
1.55666300e+00 3.33670927e+07
1.55690500e+00 3.35400286e+07
1.55714700e+00 3.36683913e+07
1.55739000e+00 3.36298898e+07
1.55763200e+00 3.35715133e+07
1.55787500e+00 3.34477436e+07
1.55811800e+00 3.33974989e+07
1.55836100e+00 3.33605607e+07
1.55860400e+00 3.33905912e+07
1.55884590e+00 3.33237436e+07
1.55909000e+00 3.32633191e+07
1.55933300e+00 3.31365197e+07
1.55957600e+00 3.30838391e+07
1.55981900e+00 3.30952308e+07
1.56006200e+00 3.32106385e+07
1.56030600e+00 3.33958023e+07
1.56054900e+00 3.35910125e+07
1.56079300e+00 3.37054507e+07
1.56103700e+00 3.37213143e+07
1.56128000e+00 3.37247076e+07
1.56152400e+00 3.37082381e+07
1.56176790e+00 3.36174074e+07
1.56201200e+00 3.35299821e+07
1.56225600e+00 3.34191674e+07
1.56250000e+00 3.33931361e+07
1.56274400e+00 3.33480783e+07
1.56298800e+00 3.32241995e+07
1.56323300e+00 3.31101248e+07
1.56347710e+00 3.29658864e+07
1.56372200e+00 3.29331898e+07
1.56396590e+00 3.29618993e+07
1.56421110e+00 3.31688527e+07
1.56445610e+00 3.32720325e+07
1.56470000e+00 3.34412116e+07
1.56494490e+00 3.33763030e+07
1.56518990e+00 3.33402131e+07
1.56543510e+00 3.31589274e+07
1.56568010e+00 3.30513848e+07
1.56592600e+00 3.28691296e+07
1.56617100e+00 3.27879940e+07
1.56641600e+00 3.27239338e+07
1.56666100e+00 3.27528736e+07
1.56690700e+00 3.28477035e+07
1.56715200e+00 3.29648078e+07
1.56739790e+00 3.29669771e+07
1.56764400e+00 3.28227508e+07
1.56789000e+00 3.26339514e+07
1.56813500e+00 3.24633302e+07
1.56838100e+00 3.24198478e+07
1.56862700e+00 3.25100726e+07
1.56887400e+00 3.25646922e+07
1.56912000e+00 3.26222082e+07
1.56936600e+00 3.25946015e+07
1.56961210e+00 3.25484651e+07
1.56985900e+00 3.25466473e+07
1.57010500e+00 3.26625397e+07
1.57035210e+00 3.28611433e+07
1.57059800e+00 3.30588985e+07
1.57084500e+00 3.31896850e+07
1.57109200e+00 3.32065181e+07
1.57133900e+00 3.32055486e+07
1.57158610e+00 3.32145165e+07
1.57183300e+00 3.31985197e+07
1.57208000e+00 3.30807003e+07
1.57232700e+00 3.29720670e+07
1.57257400e+00 3.28381296e+07
1.57282200e+00 3.27990100e+07
1.57306900e+00 3.28237203e+07
1.57331700e+00 3.29388856e+07
1.57356400e+00 3.29645655e+07
1.57381200e+00 3.26758583e+07
1.57405900e+00 3.23574843e+07
1.57430700e+00 3.18434152e+07
1.57455510e+00 3.13048782e+07
1.57480300e+00 3.09833654e+07
1.57505100e+00 3.09122763e+07
1.57529900e+00 3.11025178e+07
1.57554700e+00 3.14627988e+07
1.57579600e+00 3.18498382e+07
1.57604390e+00 3.19146255e+07
1.57629200e+00 3.17043879e+07
1.57654100e+00 3.09820323e+07
1.57679000e+00 3.01849520e+07
1.57703800e+00 2.96993380e+07
1.57728700e+00 2.97281566e+07
1.57753600e+00 3.02217569e+07
1.57778500e+00 3.08892626e+07
1.57803410e+00 3.16606752e+07
1.57828300e+00 3.20825926e+07
1.57853200e+00 3.22366231e+07
1.57878100e+00 3.23213944e+07
1.57903100e+00 3.24127098e+07
1.57928000e+00 3.24665902e+07
1.57952910e+00 3.25698912e+07
1.57977910e+00 3.25743752e+07
1.58002800e+00 3.26150702e+07
1.58027800e+00 3.26707684e+07
1.58052800e+00 3.27234490e+07
1.58077800e+00 3.26652059e+07
1.58102800e+00 3.26681023e+07
1.58127800e+00 3.24690140e+07
1.58152800e+00 3.21438655e+07
1.58177800e+00 3.17376905e+07
1.58202800e+00 3.13673751e+07
1.58227800e+00 3.12101816e+07
1.58252910e+00 3.12076366e+07
1.58277910e+00 3.14529826e+07
1.58303000e+00 3.16788414e+07
1.58328100e+00 3.18165356e+07
1.58353100e+00 3.17452041e+07
1.58378200e+00 3.16624931e+07
1.58403300e+00 3.15977057e+07
1.58428410e+00 3.16633414e+07
1.58453500e+00 3.19068695e+07
1.58478600e+00 3.21706239e+07
1.58503700e+00 3.22498205e+07
1.58528890e+00 3.21811673e+07
1.58554000e+00 3.20752002e+07
1.58579100e+00 3.20089586e+07
1.58604300e+00 3.19245509e+07
1.58629390e+00 3.19261263e+07
1.58654600e+00 3.18343261e+07
1.58679800e+00 3.17231600e+07
1.58705000e+00 3.14974345e+07
1.58730200e+00 3.13860139e+07
1.58755400e+00 3.11865620e+07
1.58780600e+00 3.10814553e+07
1.58805800e+00 3.08290804e+07
1.58831010e+00 3.05385555e+07
1.58856200e+00 2.98204415e+07
1.58881490e+00 2.92552552e+07
1.58906700e+00 2.88311685e+07
1.58931990e+00 2.88608354e+07
1.58957200e+00 2.89978025e+07
1.58982500e+00 2.94335233e+07
1.59007800e+00 2.98146245e+07
1.59033110e+00 3.00269102e+07
1.59058400e+00 2.99865908e+07
1.59083700e+00 2.99697577e+07
1.59109000e+00 3.01212432e+07
1.59134300e+00 3.03984496e+07
1.59159590e+00 3.07728854e+07
1.59185000e+00 3.11439400e+07
1.59210300e+00 3.14876182e+07
1.59235710e+00 3.17574321e+07
1.59261000e+00 3.19222483e+07
1.59286400e+00 3.19832909e+07
1.59311800e+00 3.19918831e+07
1.59337190e+00 3.19843695e+07
1.59362500e+00 3.19728687e+07
1.59388000e+00 3.19665790e+07
1.59413400e+00 3.20163511e+07
1.59438790e+00 3.20957901e+07
1.59464200e+00 3.21650614e+07
1.59489600e+00 3.21436231e+07
1.59515100e+00 3.19752924e+07
1.59540500e+00 3.17202515e+07
1.59566000e+00 3.12548638e+07
1.59591390e+00 3.08336856e+07
1.59616890e+00 3.04554808e+07
1.59642400e+00 3.04250868e+07
1.59667900e+00 3.05450997e+07
1.59693400e+00 3.09700347e+07
1.59718900e+00 3.13896495e+07
1.59744400e+00 3.18122940e+07
1.59769900e+00 3.19921255e+07
1.59795500e+00 3.20715645e+07
1.59821000e+00 3.20255493e+07
1.59846500e+00 3.18152026e+07
1.59872090e+00 3.15860717e+07
1.59897710e+00 3.13888012e+07
1.59923210e+00 3.13413317e+07
1.59948800e+00 3.13429071e+07
1.59974400e+00 3.14590420e+07
1.60000000e+00 3.14741784e+07
1.60025600e+00 3.13815420e+07
1.60051200e+00 3.11065170e+07
1.60076790e+00 3.08895050e+07
1.60102500e+00 3.07005965e+07
1.60128100e+00 3.06899319e+07
1.60153700e+00 3.07773694e+07
1.60179390e+00 3.09317755e+07
1.60205100e+00 3.09982594e+07
1.60230700e+00 3.10602594e+07
1.60256400e+00 3.10558967e+07
1.60282100e+00 3.10649858e+07
1.60307800e+00 3.10906535e+07
1.60333500e+00 3.11759095e+07
1.60359200e+00 3.11834232e+07
1.60384900e+00 3.11346206e+07
1.60410710e+00 3.10285323e+07
1.60436400e+00 3.09202626e+07
1.60462100e+00 3.08037642e+07
1.60487900e+00 3.07759151e+07
1.60513600e+00 3.08522153e+07
1.60539400e+00 3.09781543e+07
1.60565200e+00 3.09547771e+07
1.60591000e+00 3.07986864e+07
1.60616800e+00 3.05636294e+07
1.60642600e+00 3.04260563e+07
1.60668400e+00 3.03630868e+07
1.60694200e+00 3.04829785e+07
1.60720000e+00 3.06877505e+07
1.60745900e+00 3.09263220e+07
1.60771700e+00 3.10344705e+07
1.60797600e+00 3.10583204e+07
1.60823400e+00 3.10274416e+07
1.60849300e+00 3.09940179e+07
1.60875200e+00 3.09457000e+07
1.60901000e+00 3.07093100e+07
1.60926900e+00 3.02811029e+07
1.60952800e+00 2.97953676e+07
1.60978700e+00 2.93934342e+07
1.61004700e+00 2.91256805e+07
1.61030600e+00 2.90906813e+07
1.61056490e+00 2.93273138e+07
1.61082500e+00 2.96593700e+07
1.61108400e+00 2.99030314e+07
1.61134400e+00 2.99802890e+07
1.61160400e+00 3.00077745e+07
1.61186300e+00 3.00018484e+07
1.61212300e+00 3.00421678e+07
1.61238310e+00 3.01165290e+07
1.61264290e+00 3.02611189e+07
1.61290300e+00 3.04129801e+07
1.61316300e+00 3.04996904e+07
1.61342400e+00 3.04445860e+07
1.61368400e+00 3.03636928e+07
1.61394490e+00 3.03217858e+07
1.61420500e+00 3.03418910e+07
1.61446590e+00 3.03799199e+07
1.61472600e+00 3.03495258e+07
1.61498710e+00 3.01949985e+07
1.61524800e+00 2.98626999e+07
1.61550900e+00 2.94654928e+07
1.61577000e+00 2.91631035e+07
1.61603100e+00 2.90054374e+07
1.61629200e+00 2.89839992e+07
1.61655400e+00 2.90870578e+07
1.61681490e+00 2.92993435e+07
1.61707600e+00 2.95215546e+07
1.61733800e+00 2.97797465e+07
1.61759900e+00 3.00202570e+07
1.61786100e+00 3.02312096e+07
1.61812300e+00 3.03134359e+07
1.61838500e+00 3.02955122e+07
1.61864700e+00 3.02313308e+07
1.61890910e+00 3.01959680e+07
1.61917100e+00 3.02026334e+07
1.61943300e+00 3.00195298e+07
1.61969600e+00 2.96894005e+07
1.61995800e+00 2.92622841e+07
1.62022000e+00 2.89823026e+07
1.62048300e+00 2.87694109e+07
1.62074500e+00 2.88763354e+07
1.62100810e+00 2.91176942e+07
1.62127100e+00 2.94169326e+07
1.62153410e+00 2.95370667e+07
1.62179700e+00 2.96556132e+07
1.62206010e+00 2.97236726e+07
1.62232300e+00 2.98182601e+07
1.62258610e+00 2.99554575e+07
1.62285000e+00 3.01504375e+07
1.62311300e+00 3.02947850e+07
1.62337700e+00 3.03652682e+07
1.62364000e+00 3.04017217e+07
1.62390410e+00 3.03387401e+07
1.62416800e+00 3.01853156e+07
1.62443200e+00 3.00085017e+07
1.62469490e+00 2.98943058e+07
1.62495900e+00 2.98316999e+07
1.62522400e+00 2.98729888e+07
1.62548800e+00 2.99638195e+07
1.62575200e+00 3.00116526e+07
1.62601600e+00 3.00066839e+07
1.62628100e+00 3.00059567e+07
1.62654500e+00 3.00369688e+07
1.62681010e+00 3.00676053e+07
1.62707400e+00 3.01397730e+07
1.62733900e+00 3.02176486e+07
1.62760400e+00 3.02633003e+07
1.62786900e+00 3.02654817e+07
1.62813400e+00 3.02630579e+07
1.62839900e+00 3.02674207e+07
1.62866500e+00 3.02502241e+07
1.62893010e+00 3.01505587e+07
1.62919490e+00 3.00028179e+07
1.62946110e+00 2.98473211e+07
1.62972600e+00 2.97356702e+07
1.62999190e+00 2.96654294e+07
1.63025810e+00 2.97093845e+07
1.63052290e+00 2.98079591e+07
1.63078890e+00 2.98580948e+07
1.63105510e+00 2.98402922e+07
1.63132100e+00 2.98124431e+07
1.63158800e+00 2.98074744e+07
1.63185400e+00 2.97889447e+07
1.63212000e+00 2.97452320e+07
1.63238700e+00 2.96926726e+07
1.63265300e+00 2.96237649e+07
1.63292000e+00 2.94381285e+07
1.63318600e+00 2.91832087e+07
1.63345300e+00 2.90248033e+07
1.63372000e+00 2.90249245e+07
1.63398710e+00 2.90760297e+07
1.63425400e+00 2.91859960e+07
1.63452100e+00 2.93649792e+07
1.63478800e+00 2.95265233e+07
1.63505600e+00 2.95668548e+07
1.63532300e+00 2.95501429e+07
1.63559000e+00 2.95255538e+07
1.63585800e+00 2.94407825e+07
1.63612600e+00 2.91686782e+07
1.63639290e+00 2.88306837e+07
1.63666100e+00 2.85692319e+07
1.63692900e+00 2.84713844e+07
1.63719700e+00 2.84185826e+07
1.63746500e+00 2.84760986e+07
1.63773300e+00 2.83490689e+07
1.63800200e+00 2.80509212e+07
1.63827000e+00 2.76562591e+07
1.63853800e+00 2.74836868e+07
1.63880700e+00 2.74121129e+07
1.63907600e+00 2.75762020e+07
1.63934400e+00 2.78171973e+07
1.63961300e+00 2.80103474e+07
1.63988200e+00 2.79839525e+07
1.64015100e+00 2.79324838e+07
1.64042000e+00 2.78632125e+07
1.64068900e+00 2.78075143e+07
1.64095800e+00 2.77292751e+07
1.64122800e+00 2.76746676e+07
1.64149690e+00 2.76420800e+07
1.64176700e+00 2.76945183e+07
1.64203600e+00 2.78030304e+07
1.64230600e+00 2.79516195e+07
1.64257600e+00 2.81045713e+07
1.64284500e+00 2.82520697e+07
1.64311500e+00 2.82982062e+07
1.64338500e+00 2.82177977e+07
1.64365600e+00 2.81193442e+07
1.64392600e+00 2.80693297e+07
1.64419600e+00 2.79604541e+07
1.64446590e+00 2.78616371e+07
1.64473710e+00 2.78904678e+07
1.64500700e+00 2.80130135e+07
1.64527800e+00 2.80827695e+07
1.64554900e+00 2.81814654e+07
1.64581990e+00 2.83313875e+07
1.64609000e+00 2.84321436e+07
1.64636210e+00 2.84477648e+07
1.64663310e+00 2.84438867e+07
1.64690410e+00 2.84734325e+07
1.64717500e+00 2.84855513e+07
1.64744700e+00 2.84935376e+07
1.64771800e+00 2.84896717e+07
1.64799000e+00 2.84903867e+07
1.64826100e+00 2.83487054e+07
1.64853300e+00 2.81578458e+07
1.64880510e+00 2.80317856e+07
1.64907600e+00 2.80236781e+07
1.64934900e+00 2.80342094e+07
1.64962000e+00 2.81746788e+07
1.64989290e+00 2.83713555e+07
1.65016500e+00 2.83833410e+07
1.65043700e+00 2.82210697e+07
1.65071000e+00 2.80853145e+07
1.65098210e+00 2.80432864e+07
1.65125500e+00 2.80101050e+07
1.65152800e+00 2.81261186e+07
1.65180100e+00 2.83124943e+07
1.65207300e+00 2.83777663e+07
1.65234590e+00 2.83138273e+07
1.65261900e+00 2.82707206e+07
1.65289290e+00 2.82748289e+07
1.65316600e+00 2.82543723e+07
1.65343900e+00 2.83088586e+07
1.65371300e+00 2.83689317e+07
1.65398600e+00 2.83551284e+07
1.65426000e+00 2.82548571e+07
1.65453300e+00 2.81792840e+07
1.65480700e+00 2.81488899e+07
1.65508110e+00 2.81727519e+07
1.65535500e+00 2.82434654e+07
1.65562900e+00 2.83162511e+07
1.65590300e+00 2.83697800e+07
1.65617700e+00 2.84042945e+07
1.65645200e+00 2.84107054e+07
1.65672600e+00 2.83833410e+07
1.65700100e+00 2.83659020e+07
1.65727500e+00 2.83691741e+07
1.65755000e+00 2.83717190e+07
1.65782500e+00 2.83597214e+07
1.65810000e+00 2.83376893e+07
1.65837500e+00 2.82747077e+07
1.65865000e+00 2.81749212e+07
1.65892500e+00 2.80819212e+07
1.65920000e+00 2.80428016e+07
1.65947600e+00 2.80606042e+07
1.65975100e+00 2.81400553e+07
1.66002700e+00 2.82537664e+07
1.66030200e+00 2.83488266e+07
1.66057800e+00 2.84010224e+07
1.66085400e+00 2.84257206e+07
1.66113000e+00 2.84204004e+07
1.66140600e+00 2.83895216e+07
1.66168200e+00 2.83312664e+07
1.66195800e+00 2.82592077e+07
1.66223400e+00 2.81865553e+07
1.66251000e+00 2.81290272e+07
1.66278700e+00 2.80618161e+07
1.66306300e+00 2.80141042e+07
1.66334000e+00 2.79964228e+07
1.66361690e+00 2.79978771e+07
1.66389290e+00 2.79781355e+07
1.66417000e+00 2.79460448e+07
1.66444700e+00 2.79186805e+07
1.66472400e+00 2.78743619e+07
1.66500200e+00 2.77947896e+07
1.66527910e+00 2.76941547e+07
1.66555600e+00 2.76302157e+07
1.66583400e+00 2.76091410e+07
1.66611100e+00 2.76044268e+07
1.66638900e+00 2.76245320e+07
1.66666700e+00 2.76620640e+07
1.66694400e+00 2.76654573e+07
1.66722200e+00 2.76102317e+07
1.66750000e+00 2.74979749e+07
1.66777800e+00 2.72930696e+07
1.66805700e+00 2.70892670e+07
1.66833500e+00 2.70246009e+07
1.66861300e+00 2.70930118e+07
1.66889200e+00 2.72242952e+07
1.66917000e+00 2.74414284e+07
1.66944900e+00 2.76650937e+07
1.66972800e+00 2.77757751e+07
1.67000700e+00 2.77601539e+07
1.67028600e+00 2.77128056e+07
1.67056490e+00 2.76617005e+07
1.67084400e+00 2.76081837e+07
1.67112300e+00 2.74878072e+07
1.67140200e+00 2.72106009e+07
1.67168200e+00 2.68803625e+07
1.67196110e+00 2.66009869e+07
1.67224100e+00 2.64362918e+07
1.67252100e+00 2.64042011e+07
1.67280000e+00 2.66003809e+07
1.67308000e+00 2.68872702e+07
1.67336000e+00 2.71019797e+07
1.67364000e+00 2.71874781e+07
1.67392000e+00 2.72137518e+07
1.67420100e+00 2.71993425e+07
1.67448100e+00 2.71265567e+07
1.67476100e+00 2.69197245e+07
1.67504200e+00 2.66752269e+07
1.67532300e+00 2.65133071e+07
1.67560300e+00 2.64532461e+07
1.67588400e+00 2.63730800e+07
1.67616500e+00 2.64247911e+07
1.67644600e+00 2.65772461e+07
1.67672710e+00 2.67148191e+07
1.67700810e+00 2.67329853e+07
1.67728890e+00 2.67856659e+07
1.67757100e+00 2.68256338e+07
1.67785210e+00 2.67886956e+07
1.67813400e+00 2.66766690e+07
1.67841600e+00 2.65658665e+07
1.67869700e+00 2.64628079e+07
1.67897900e+00 2.63618094e+07
1.67926100e+00 2.62476136e+07
1.67954300e+00 2.60456168e+07
1.67982500e+00 2.57636962e+07
1.68010710e+00 2.54551384e+07
1.68039000e+00 2.51378551e+07
1.68067200e+00 2.48497539e+07
1.68095500e+00 2.47216335e+07
1.68123710e+00 2.47496038e+07
1.68152000e+00 2.48475725e+07
1.68180300e+00 2.50380686e+07
1.68208610e+00 2.53207163e+07
1.68236900e+00 2.55569852e+07
1.68265200e+00 2.57282244e+07
1.68293510e+00 2.59004210e+07
1.68321800e+00 2.60665703e+07
1.68350200e+00 2.61742340e+07
1.68378500e+00 2.62713544e+07
1.68406900e+00 2.63705350e+07
1.68435210e+00 2.64520342e+07
1.68463600e+00 2.65054419e+07
1.68492000e+00 2.65325639e+07
1.68520400e+00 2.64956257e+07
1.68548800e+00 2.64189740e+07
1.68577200e+00 2.63666570e+07
1.68605600e+00 2.63631425e+07
1.68634090e+00 2.63535808e+07
1.68662500e+00 2.63721105e+07
1.68691000e+00 2.63845807e+07
1.68719400e+00 2.63785213e+07
1.68747900e+00 2.63538231e+07
1.68776400e+00 2.63905190e+07
1.68804900e+00 2.64519130e+07
1.68833400e+00 2.64999885e+07
1.68861900e+00 2.64006867e+07
1.68890410e+00 2.62120085e+07
1.68918900e+00 2.60464651e+07
1.68947500e+00 2.60111023e+07
1.68976000e+00 2.60400542e+07
1.69004600e+00 2.61950542e+07
1.69033110e+00 2.63998384e+07
1.69061690e+00 2.65389869e+07
1.69090300e+00 2.65504877e+07
1.69118900e+00 2.65400776e+07
1.69147500e+00 2.65503665e+07
1.69176100e+00 2.65748344e+07
1.69204700e+00 2.65904556e+07
1.69233400e+00 2.65871835e+07
1.69262000e+00 2.65702293e+07
1.69290700e+00 2.65433497e+07
1.69319300e+00 2.65124587e+07
1.69348000e+00 2.64804892e+07
1.69376700e+00 2.64612324e+07
1.69405400e+00 2.64614748e+07
1.69434090e+00 2.64631714e+07
1.69462810e+00 2.64553063e+07
1.69491500e+00 2.64494893e+07
1.69520300e+00 2.64467019e+07
1.69549000e+00 2.64260029e+07
1.69577800e+00 2.63943849e+07
1.69606490e+00 2.63513994e+07
1.69635300e+00 2.63122797e+07
1.69664100e+00 2.62717180e+07
1.69692800e+00 2.62537942e+07
1.69721700e+00 2.62419299e+07
1.69750500e+00 2.62495526e+07
1.69779300e+00 2.62569451e+07
1.69808110e+00 2.62725663e+07
1.69837000e+00 2.62668705e+07
1.69865800e+00 2.62407180e+07
1.69894700e+00 2.61913095e+07
1.69923500e+00 2.61092043e+07
1.69952400e+00 2.60119507e+07
1.69981300e+00 2.59167693e+07
1.70010210e+00 2.58562236e+07
1.70039100e+00 2.58111778e+07
1.70068010e+00 2.57746032e+07
1.70097000e+00 2.57357259e+07
1.70125900e+00 2.57445727e+07
1.70154800e+00 2.57776329e+07
1.70183800e+00 2.57467420e+07
1.70212810e+00 2.56848632e+07
1.70241700e+00 2.56326673e+07
1.70270700e+00 2.55761208e+07
1.70299690e+00 2.54884410e+07
1.70328700e+00 2.54961850e+07
1.70357800e+00 2.56009402e+07
1.70386800e+00 2.57288182e+07
1.70415800e+00 2.58116505e+07
1.70444900e+00 2.58789827e+07
1.70473900e+00 2.59153150e+07
1.70503000e+00 2.58812853e+07
1.70532100e+00 2.57991802e+07
1.70561100e+00 2.57337869e+07
1.70590200e+00 2.56973335e+07
1.70619300e+00 2.56381208e+07
1.70648500e+00 2.55889547e+07
1.70677600e+00 2.55555309e+07
1.70706700e+00 2.54351545e+07
1.70735900e+00 2.52202026e+07
1.70765000e+00 2.50771882e+07
1.70794200e+00 2.50810541e+07
1.70823400e+00 2.51094001e+07
1.70852600e+00 2.51611111e+07
1.70881800e+00 2.52637941e+07
1.70910900e+00 2.53604418e+07
1.70940200e+00 2.53924113e+07
1.70969400e+00 2.54255927e+07
1.70998600e+00 2.54811697e+07
1.71027910e+00 2.54116682e+07
1.71057100e+00 2.50306761e+07
1.71086400e+00 2.45313799e+07
1.71115700e+00 2.42259730e+07
1.71145000e+00 2.41912162e+07
1.71174300e+00 2.43333823e+07
1.71203600e+00 2.47362852e+07
1.71232900e+00 2.52197179e+07
1.71262190e+00 2.55110911e+07
1.71291500e+00 2.55613480e+07
1.71320900e+00 2.55664257e+07
1.71350200e+00 2.55741818e+07
1.71379600e+00 2.55793808e+07
1.71409000e+00 2.55752725e+07
1.71438400e+00 2.55749089e+07
1.71467800e+00 2.55746666e+07
1.71497200e+00 2.55644867e+07
1.71526600e+00 2.55354258e+07
1.71556010e+00 2.54670028e+07
1.71585400e+00 2.53703672e+07
1.71614900e+00 2.52980662e+07
1.71644300e+00 2.52791729e+07
1.71673800e+00 2.52797788e+07
1.71703300e+00 2.52602917e+07
1.71732800e+00 2.52365509e+07
1.71762300e+00 2.52197179e+07
1.71791800e+00 2.52072476e+07
1.71821300e+00 2.51955044e+07
1.71850810e+00 2.52269892e+07
1.71880400e+00 2.52397018e+07
1.71909900e+00 2.51957468e+07
1.71939500e+00 2.51298567e+07
1.71968990e+00 2.50922034e+07
1.71998600e+00 2.50088864e+07
1.72028200e+00 2.49066761e+07
1.72057800e+00 2.48499963e+07
1.72087400e+00 2.48325573e+07
1.72117000e+00 2.48123431e+07
1.72146700e+00 2.48641632e+07
1.72176290e+00 2.49822371e+07
1.72206010e+00 2.49551151e+07
1.72235600e+00 2.47450108e+07
1.72265300e+00 2.44705918e+07
1.72295000e+00 2.42191864e+07
1.72324690e+00 2.40265211e+07
1.72354390e+00 2.40754449e+07
1.72384090e+00 2.43000797e+07
1.72413790e+00 2.45494248e+07
1.72443510e+00 2.47166648e+07
1.72473300e+00 2.47985276e+07
1.72503000e+00 2.47738294e+07
1.72532800e+00 2.47313165e+07
1.72562500e+00 2.46975292e+07
1.72592300e+00 2.47064971e+07
1.72622090e+00 2.47566327e+07
1.72651900e+00 2.48226319e+07
1.72681800e+00 2.48341327e+07
1.72711600e+00 2.47745565e+07
1.72741390e+00 2.46510292e+07
1.72771300e+00 2.45271504e+07
1.72801100e+00 2.44506078e+07
1.72831010e+00 2.44203349e+07
1.72860900e+00 2.44644112e+07
1.72890700e+00 2.45806672e+07
1.72920610e+00 2.46970444e+07
1.72950500e+00 2.47354369e+07
1.72980510e+00 2.47366488e+07
1.73010400e+00 2.47183614e+07
1.73040300e+00 2.46759819e+07
1.73070300e+00 2.46193021e+07
1.73100200e+00 2.45787403e+07
1.73130200e+00 2.45147892e+07
1.73160210e+00 2.44311086e+07
1.73190200e+00 2.42976559e+07
1.73220200e+00 2.39977025e+07
1.73250200e+00 2.35792996e+07
1.73280200e+00 2.32777586e+07
1.73310210e+00 2.31589576e+07
1.73340300e+00 2.30756406e+07
1.73370300e+00 2.31051863e+07
1.73400400e+00 2.32741229e+07
1.73430510e+00 2.34148469e+07
1.73460500e+00 2.33771816e+07
1.73490600e+00 2.32876839e+07
1.73520700e+00 2.31783356e+07
1.73550900e+00 2.29937778e+07
1.73581010e+00 2.27030105e+07
1.73611100e+00 2.24175876e+07
1.73641200e+00 2.22614848e+07
1.73671400e+00 2.22673018e+07
1.73701600e+00 2.23894840e+07
1.73731800e+00 2.26123131e+07
1.73762000e+00 2.29068251e+07
1.73792200e+00 2.31851101e+07
1.73822400e+00 2.33865009e+07
1.73852600e+00 2.35215291e+07
1.73882800e+00 2.36099360e+07
1.73913000e+00 2.36683003e+07
1.73943300e+00 2.37204962e+07
1.73973600e+00 2.37838292e+07
1.74003800e+00 2.38334801e+07
1.74034090e+00 2.37780243e+07
1.74064400e+00 2.36586174e+07
1.74094700e+00 2.35869223e+07
1.74125000e+00 2.35882554e+07
1.74155300e+00 2.36007257e+07
1.74185710e+00 2.36995427e+07
1.74216000e+00 2.38395395e+07
1.74246400e+00 2.38987522e+07
1.74276790e+00 2.38793863e+07
1.74307100e+00 2.38894328e+07
1.74337500e+00 2.39266134e+07
1.74367900e+00 2.39717803e+07
1.74398300e+00 2.40190074e+07
1.74428700e+00 2.39997506e+07
1.74459200e+00 2.38659344e+07
1.74489600e+00 2.37020877e+07
1.74520100e+00 2.35723918e+07
1.74550500e+00 2.34812097e+07
1.74581010e+00 2.34644978e+07
1.74611500e+00 2.34809673e+07
1.74642000e+00 2.34053942e+07
1.74672500e+00 2.33190475e+07
1.74703000e+00 2.33119095e+07
1.74733500e+00 2.33345475e+07
1.74764100e+00 2.34240451e+07
1.74794600e+00 2.36434809e+07
1.74825200e+00 2.38350556e+07
1.74855700e+00 2.38589176e+07
1.74886300e+00 2.37886768e+07
1.74916890e+00 2.37185572e+07
1.74947500e+00 2.36337859e+07
1.74978100e+00 2.35149970e+07
1.75008800e+00 2.34034552e+07
1.75039400e+00 2.33350322e+07
1.75070000e+00 2.33125154e+07
1.75100700e+00 2.33429095e+07
1.75131300e+00 2.33712433e+07
1.75162000e+00 2.33921968e+07
1.75192700e+00 2.34280443e+07
1.75223400e+00 2.34538332e+07
1.75254100e+00 2.34366366e+07
1.75284800e+00 2.34749079e+07
1.75315600e+00 2.35728766e+07
1.75346300e+00 2.36337859e+07
1.75377100e+00 2.36348766e+07
1.75407800e+00 2.36004833e+07
1.75438600e+00 2.35171663e+07
1.75469400e+00 2.34353035e+07
1.75500200e+00 2.34027281e+07
1.75531010e+00 2.33943782e+07
1.75561800e+00 2.34194400e+07
1.75592600e+00 2.34929528e+07
1.75623500e+00 2.35549528e+07
1.75654300e+00 2.35823172e+07
1.75685210e+00 2.35869223e+07
1.75716000e+00 2.35405435e+07
1.75746900e+00 2.34636495e+07
1.75777800e+00 2.34211366e+07
1.75808700e+00 2.34052730e+07
1.75839600e+00 2.33777875e+07
1.75870610e+00 2.33779087e+07
1.75901500e+00 2.33975291e+07
1.75932400e+00 2.33871069e+07
1.75963400e+00 2.33477570e+07
1.75994400e+00 2.32955612e+07
1.76025310e+00 2.32219271e+07
1.76056300e+00 2.31537465e+07
1.76087300e+00 2.30963517e+07
1.76118300e+00 2.29556277e+07
1.76149400e+00 2.27720394e+07
1.76180400e+00 2.26431919e+07
1.76211500e+00 2.25710121e+07
1.76242500e+00 2.25440113e+07
1.76273600e+00 2.26589343e+07
1.76304700e+00 2.28363420e+07
1.76335710e+00 2.29173564e+07
1.76366800e+00 2.28862352e+07
1.76398000e+00 2.28457947e+07
1.76429100e+00 2.28215691e+07
1.76460210e+00 2.28173275e+07
1.76491390e+00 2.28794608e+07
1.76522500e+00 2.29874760e+07
1.76553700e+00 2.30434287e+07
1.76584900e+00 2.30157008e+07
1.76616000e+00 2.29745210e+07
1.76647200e+00 2.29390370e+07
1.76678410e+00 2.28703717e+07
1.76709700e+00 2.27865699e+07
1.76740910e+00 2.27427361e+07
1.76772090e+00 2.27305081e+07
1.76803410e+00 2.27150081e+07
1.76834700e+00 2.27369190e+07
1.76865910e+00 2.27851156e+07
1.76897200e+00 2.27883877e+07
1.76928500e+00 2.27214190e+07
1.76959800e+00 2.26425860e+07
1.76991100e+00 2.25750113e+07
1.77022500e+00 2.25126478e+07
1.77053800e+00 2.24760731e+07
1.77085210e+00 2.24961783e+07
1.77116500e+00 2.25377095e+07
1.77147900e+00 2.25734359e+07
1.77179300e+00 2.26111012e+07
1.77210710e+00 2.26481606e+07
1.77242100e+00 2.26688596e+07
1.77273500e+00 2.26778275e+07
1.77305000e+00 2.26720105e+07
1.77336400e+00 2.26565105e+07
1.77367900e+00 2.26374960e+07
1.77399300e+00 2.26018909e+07
1.77430800e+00 2.25440113e+07
1.77462300e+00 2.24852713e+07
1.77493800e+00 2.24207264e+07
1.77525310e+00 2.23512127e+07
1.77556800e+00 2.23014406e+07
1.77588400e+00 2.22554254e+07
1.77619900e+00 2.22003331e+07
1.77651500e+00 2.21098660e+07
1.77683000e+00 2.19680634e+07
1.77714600e+00 2.18514439e+07
1.77746200e+00 2.18465963e+07
1.77777800e+00 2.19070209e+07
1.77809400e+00 2.20082616e+07
1.77841000e+00 2.21131381e+07
1.77872600e+00 2.21443805e+07
1.77904300e+00 2.20987288e+07
1.77935900e+00 2.20552464e+07
1.77967600e+00 2.20430185e+07
1.77999300e+00 2.20870947e+07
1.78031010e+00 2.21700482e+07
1.78062700e+00 2.22314543e+07
1.78094400e+00 2.22142577e+07
1.78126100e+00 2.21380787e+07
1.78157800e+00 2.20686862e+07
1.78189600e+00 2.20132304e+07
1.78221400e+00 2.19398387e+07
1.78253100e+00 2.19009736e+07
1.78284900e+00 2.19278531e+07
1.78316700e+00 2.19423836e+07
1.78348500e+00 2.19165947e+07
1.78380300e+00 2.19082327e+07
1.78412100e+00 2.18837769e+07
1.78443990e+00 2.18043258e+07
1.78475810e+00 2.17412351e+07
1.78507700e+00 2.17434165e+07
1.78539600e+00 2.17736894e+07
1.78571400e+00 2.18379919e+07
1.78603300e+00 2.19340337e+07
1.78635210e+00 2.20163813e+07
1.78667100e+00 2.20633660e+07
1.78699100e+00 2.20883066e+07
1.78731010e+00 2.20883066e+07
1.78763000e+00 2.20737761e+07
1.78794900e+00 2.20552464e+07
1.78826900e+00 2.20333355e+07
1.78858900e+00 2.19970032e+07
1.78890910e+00 2.19462617e+07
1.78922900e+00 2.19026581e+07
1.78954900e+00 2.18813531e+07
1.78986900e+00 2.18694767e+07
1.79018990e+00 2.18673074e+07
1.79051000e+00 2.18755361e+07
1.79083110e+00 2.18729912e+07
1.79115200e+00 2.18415064e+07
1.79147300e+00 2.18015506e+07
1.79179390e+00 2.17710232e+07
1.79211500e+00 2.17446284e+07
1.79243600e+00 2.17184759e+07
1.79275700e+00 2.17070842e+07
1.79307900e+00 2.17044181e+07
1.79340000e+00 2.16768114e+07
1.79372200e+00 2.16320080e+07
1.79404390e+00 2.16145690e+07
1.79436600e+00 2.16195256e+07
1.79468800e+00 2.16305538e+07
1.79501000e+00 2.16654318e+07
1.79533200e+00 2.17091444e+07
1.79565500e+00 2.17080537e+07
1.79597710e+00 2.16680979e+07
1.79630000e+00 2.16278876e+07
1.79662190e+00 2.15882832e+07
1.79694490e+00 2.15563137e+07
1.79726790e+00 2.15571621e+07
1.79759090e+00 2.15829631e+07
1.79791390e+00 2.16087520e+07
1.79823800e+00 2.16390248e+07
1.79856100e+00 2.16729333e+07
1.79888500e+00 2.16965530e+07
1.79920800e+00 2.17000674e+07
1.79953200e+00 2.16786292e+07
1.79985600e+00 2.16150538e+07
1.80018010e+00 2.15122375e+07
1.80050400e+00 2.14279510e+07
1.80082800e+00 2.13944060e+07
1.80115300e+00 2.13390593e+07
1.80147710e+00 2.12470288e+07
1.80180200e+00 2.11809084e+07
1.80212700e+00 2.11215625e+07
1.80245100e+00 2.10422447e+07
1.80277600e+00 2.10337736e+07
1.80310100e+00 2.11260465e+07
1.80342700e+00 2.12351645e+07
1.80375200e+00 2.13252559e+07
1.80407700e+00 2.14022833e+07
1.80440300e+00 2.14363009e+07
1.80472800e+00 2.14287993e+07
1.80505400e+00 2.14101484e+07
1.80538000e+00 2.13839960e+07
1.80570610e+00 2.13301035e+07
1.80603200e+00 2.12619229e+07
1.80635800e+00 2.12254694e+07
1.80668510e+00 2.12076668e+07
1.80701100e+00 2.11789694e+07
1.80733800e+00 2.11695289e+07
1.80766500e+00 2.11846653e+07
1.80799100e+00 2.11916821e+07
1.80831800e+00 2.11999229e+07
1.80864500e+00 2.12116661e+07
1.80897300e+00 2.12058490e+07
1.80930000e+00 2.11943482e+07
1.80962700e+00 2.11841805e+07
1.80995500e+00 2.11700015e+07
1.81028200e+00 2.11597126e+07
1.81061000e+00 2.11463940e+07
1.81093800e+00 2.11158787e+07
1.81126600e+00 2.10619863e+07
1.81159400e+00 2.10007134e+07
1.81192200e+00 2.09584429e+07
1.81225100e+00 2.09384589e+07
1.81257900e+00 2.09313209e+07
1.81290800e+00 2.09345930e+07
1.81323710e+00 2.09287760e+07
1.81356600e+00 2.08740352e+07
1.81389400e+00 2.07790962e+07
1.81422400e+00 2.06921435e+07
1.81455300e+00 2.06123409e+07
1.81488200e+00 2.05229645e+07
1.81521110e+00 2.04442526e+07
1.81554100e+00 2.03671162e+07
1.81587100e+00 2.02460127e+07
1.81620000e+00 2.00689685e+07
1.81653100e+00 1.98280945e+07
1.81686000e+00 1.94980985e+07
1.81719100e+00 1.91269226e+07
1.81752100e+00 1.88377429e+07
1.81785100e+00 1.87121553e+07
1.81818200e+00 1.87649571e+07
1.81851200e+00 1.89852413e+07
1.81884300e+00 1.93140254e+07
1.81917400e+00 1.96399010e+07
1.81950500e+00 1.98830776e+07
1.81983610e+00 2.00366355e+07
1.82016700e+00 2.01423481e+07
1.82049900e+00 2.02271194e+07
1.82083000e+00 2.02398320e+07
1.82116200e+00 2.01866788e+07
1.82149400e+00 2.01329075e+07
1.82182600e+00 2.00448642e+07
1.82215700e+00 1.99437446e+07
1.82249000e+00 1.99525913e+07
1.82282200e+00 2.00564861e+07
1.82315410e+00 2.01769837e+07
1.82348600e+00 2.03393762e+07
1.82381900e+00 2.04997206e+07
1.82415200e+00 2.05672952e+07
1.82448500e+00 2.05691130e+07
1.82481800e+00 2.05488867e+07
1.82515100e+00 2.05276909e+07
1.82548400e+00 2.05209164e+07
1.82581700e+00 2.05246611e+07
1.82615000e+00 2.05408883e+07
1.82648400e+00 2.05637808e+07
1.82681800e+00 2.05655986e+07
1.82715100e+00 2.05510681e+07
1.82748500e+00 2.05356893e+07
1.82781900e+00 2.04506756e+07
1.82815410e+00 2.02992992e+07
1.82848800e+00 2.02121041e+07
1.82882200e+00 2.02042390e+07
1.82915700e+00 2.02096804e+07
1.82949100e+00 2.02645424e+07
1.82982600e+00 2.03732847e+07
1.83016100e+00 2.04348121e+07
1.83049600e+00 2.04372358e+07
1.83083110e+00 2.04396475e+07
1.83116700e+00 2.04507968e+07
1.83150200e+00 2.04182214e+07
1.83183700e+00 2.03174653e+07
1.83217300e+00 2.01894540e+07
1.83250900e+00 2.00658176e+07
1.83284500e+00 1.99966675e+07
1.83318100e+00 2.00263344e+07
1.83351700e+00 2.01184982e+07
1.83385300e+00 2.02085897e+07
1.83418900e+00 2.02739829e+07
1.83452600e+00 2.02796788e+07
1.83486210e+00 2.02333000e+07
1.83519900e+00 2.01860729e+07
1.83553600e+00 2.01569998e+07
1.83587300e+00 2.01520432e+07
1.83621000e+00 2.01720150e+07
1.83654700e+00 2.01900600e+07
1.83688500e+00 2.01346042e+07
1.83722200e+00 2.00082895e+07
1.83756010e+00 1.99243665e+07
1.83789700e+00 1.98950632e+07
1.83823500e+00 1.98807751e+07
1.83857300e+00 1.99218337e+07
1.83891100e+00 2.00016363e+07
1.83925000e+00 2.00075624e+07
1.83958800e+00 1.99530761e+07
1.83992600e+00 1.99263055e+07
1.84026500e+00 1.99411996e+07
1.84060400e+00 1.99758352e+07
1.84094300e+00 2.00121675e+07
1.84128100e+00 2.00012727e+07
1.84162100e+00 1.98566707e+07
1.84196000e+00 1.96308240e+07
1.84229900e+00 1.94702494e+07
1.84263900e+00 1.93955246e+07
1.84297800e+00 1.93962517e+07
1.84331800e+00 1.94943416e+07
1.84365800e+00 1.96248858e+07
1.84399800e+00 1.96953689e+07
1.84433800e+00 1.97298834e+07
1.84467800e+00 1.97503521e+07
1.84501900e+00 1.97617317e+07
1.84535900e+00 1.97888658e+07
1.84570000e+00 1.98049717e+07
1.84604000e+00 1.96661868e+07
1.84638100e+00 1.93694933e+07
1.84672200e+00 1.91211177e+07
1.84706300e+00 1.89604098e+07
1.84740410e+00 1.88973191e+07
1.84774600e+00 1.90134539e+07
1.84808700e+00 1.92701915e+07
1.84842900e+00 1.94765390e+07
1.84877100e+00 1.96109612e+07
1.84911210e+00 1.96956113e+07
1.84945400e+00 1.97347309e+07
1.84979700e+00 1.97636707e+07
1.85013900e+00 1.97946707e+07
1.85048100e+00 1.98191386e+07
1.85082400e+00 1.98265190e+07
1.85116600e+00 1.98117461e+07
1.85150900e+00 1.97733537e+07
1.85185210e+00 1.97008224e+07
1.85219490e+00 1.95953400e+07
1.85253800e+00 1.94962806e+07
1.85288100e+00 1.94371892e+07
1.85322500e+00 1.94299179e+07
1.85356800e+00 1.94772662e+07
1.85391200e+00 1.95650672e+07
1.85425600e+00 1.96362775e+07
1.85459900e+00 1.96340961e+07
1.85494300e+00 1.95129925e+07
1.85528800e+00 1.93280711e+07
1.85563200e+00 1.92206619e+07
1.85597600e+00 1.92029805e+07
1.85632100e+00 1.92408761e+07
1.85666500e+00 1.93596771e+07
1.85701000e+00 1.95208698e+07
1.85735500e+00 1.96026113e+07
1.85770000e+00 1.95921891e+07
1.85804500e+00 1.95265535e+07
1.85839100e+00 1.94408127e+07
1.85873600e+00 1.93571321e+07
1.85908200e+00 1.92459660e+07
1.85942700e+00 1.91413319e+07
1.85977290e+00 1.91097260e+07
1.86011900e+00 1.91242565e+07
1.86046500e+00 1.91238929e+07
1.86081100e+00 1.91069508e+07
1.86115800e+00 1.91116650e+07
1.86150400e+00 1.91254684e+07
1.86185100e+00 1.91027092e+07
1.86219700e+00 1.90614082e+07
1.86254390e+00 1.90933777e+07
1.86289100e+00 1.91443616e+07
1.86323800e+00 1.91266802e+07
1.86358610e+00 1.90954379e+07
1.86393300e+00 1.91108167e+07
1.86428000e+00 1.91056177e+07
1.86462810e+00 1.90861185e+07
1.86497600e+00 1.90811498e+07
1.86532400e+00 1.90505133e+07
1.86567200e+00 1.89504844e+07
1.86602000e+00 1.88154563e+07
1.86636800e+00 1.87185783e+07
1.86671700e+00 1.86689274e+07
1.86706490e+00 1.86393817e+07
1.86741390e+00 1.86449442e+07
1.86776200e+00 1.87308062e+07
1.86811100e+00 1.88041979e+07
1.86846000e+00 1.88475470e+07
1.86881010e+00 1.89197268e+07
1.86915910e+00 1.90057100e+07
1.86950810e+00 1.90256818e+07
1.86985800e+00 1.89885134e+07
1.87020800e+00 1.89392260e+07
1.87055700e+00 1.88928351e+07
1.87090700e+00 1.88385912e+07
1.87125810e+00 1.87627757e+07
1.87160800e+00 1.86438535e+07
1.87195800e+00 1.84652340e+07
1.87230900e+00 1.83159177e+07
1.87265910e+00 1.82264201e+07
1.87301000e+00 1.81366922e+07
1.87336100e+00 1.80464675e+07
1.87371200e+00 1.79677556e+07
1.87406300e+00 1.77526825e+07
1.87441390e+00 1.72662202e+07
1.87476600e+00 1.65758341e+07
1.87511690e+00 1.59840106e+07
1.87546900e+00 1.56938613e+07
1.87582100e+00 1.57049985e+07
1.87617300e+00 1.60588565e+07
1.87652500e+00 1.67133951e+07
1.87687700e+00 1.73553543e+07
1.87722900e+00 1.77697580e+07
1.87758200e+00 1.80084507e+07
1.87793400e+00 1.81627235e+07
1.87828700e+00 1.82675999e+07
1.87864000e+00 1.83264490e+07
1.87899300e+00 1.83300847e+07
1.87934590e+00 1.83122821e+07
1.87969900e+00 1.83009025e+07
1.88005300e+00 1.83199170e+07
1.88040600e+00 1.83788872e+07
1.88076000e+00 1.84764924e+07
1.88111400e+00 1.85648993e+07
1.88146800e+00 1.86037765e+07
1.88182200e+00 1.85897308e+07
1.88217600e+00 1.85638086e+07
1.88253000e+00 1.85510959e+07
1.88288500e+00 1.85466120e+07
1.88323900e+00 1.85470967e+07
1.88359400e+00 1.85503688e+07
1.88394900e+00 1.85239740e+07
1.88430400e+00 1.84620831e+07
1.88465910e+00 1.84143712e+07
1.88501400e+00 1.83184627e+07
1.88537000e+00 1.81474659e+07
1.88572500e+00 1.80785581e+07
1.88608110e+00 1.81254217e+07
1.88643700e+00 1.81796777e+07
1.88679200e+00 1.82810397e+07
1.88714900e+00 1.84303559e+07
1.88750500e+00 1.84916288e+07
1.88786100e+00 1.84755229e+07
1.88821800e+00 1.84404146e+07
1.88857400e+00 1.83968110e+07
1.88893100e+00 1.83418278e+07
1.88928800e+00 1.82365999e+07
1.88964500e+00 1.80791641e+07
1.89000200e+00 1.80028760e+07
1.89035900e+00 1.80194667e+07
1.89071700e+00 1.80436801e+07
1.89107400e+00 1.80487700e+07
1.89143200e+00 1.80800124e+07
1.89179000e+00 1.80262411e+07
1.89214790e+00 1.78599706e+07
1.89250600e+00 1.76922580e+07
1.89286400e+00 1.76347299e+07
1.89322200e+00 1.76694867e+07
1.89358110e+00 1.77290629e+07
1.89393900e+00 1.77794409e+07
1.89429800e+00 1.78367267e+07
1.89465700e+00 1.78722107e+07
1.89501600e+00 1.77870758e+07
1.89537500e+00 1.76244410e+07
1.89573400e+00 1.74888069e+07
1.89609400e+00 1.74007635e+07
1.89645400e+00 1.73719449e+07
1.89681300e+00 1.74085196e+07
1.89717300e+00 1.75213824e+07
1.89753300e+00 1.76830477e+07
1.89789290e+00 1.78237717e+07
1.89825400e+00 1.78234081e+07
1.89861400e+00 1.77472291e+07
1.89897400e+00 1.77096849e+07
1.89933500e+00 1.76791697e+07
1.89969600e+00 1.76733647e+07
1.90005700e+00 1.77542580e+07
1.90041800e+00 1.78851657e+07
1.90077910e+00 1.79613326e+07
1.90114100e+00 1.80056633e+07
1.90150200e+00 1.80166793e+07
1.90186400e+00 1.79948776e+07
1.90222600e+00 1.79403912e+07
1.90258800e+00 1.78138342e+07
1.90295000e+00 1.76658510e+07
1.90331200e+00 1.75925927e+07
1.90367400e+00 1.75705485e+07
1.90403600e+00 1.75640043e+07
1.90439900e+00 1.75991247e+07
1.90476200e+00 1.76665782e+07
1.90512500e+00 1.76917732e+07
1.90548800e+00 1.76751826e+07
1.90585100e+00 1.76662146e+07
1.90621400e+00 1.76891071e+07
1.90657800e+00 1.76915309e+07
1.90694100e+00 1.76430797e+07
1.90730510e+00 1.75747901e+07
1.90766890e+00 1.75171408e+07
1.90803300e+00 1.74799602e+07
1.90839700e+00 1.74779000e+07
1.90876100e+00 1.75152018e+07
1.90912600e+00 1.75673976e+07
1.90949000e+00 1.76072443e+07
1.90985500e+00 1.76066384e+07
1.91022000e+00 1.75672764e+07
1.91058500e+00 1.74960661e+07
1.91095000e+00 1.73658855e+07
1.91131490e+00 1.72297667e+07
1.91168010e+00 1.71847210e+07
1.91204600e+00 1.71924770e+07
1.91241200e+00 1.72142667e+07
1.91277700e+00 1.73110235e+07
1.91314290e+00 1.74328542e+07
1.91350900e+00 1.74735493e+07
1.91387600e+00 1.74663992e+07
1.91424190e+00 1.74688230e+07
1.91460900e+00 1.74550196e+07
1.91497500e+00 1.74106889e+07
1.91534200e+00 1.73604320e+07
1.91570900e+00 1.73335525e+07
1.91607600e+00 1.73159923e+07
1.91644300e+00 1.73104176e+07
1.91681010e+00 1.73273719e+07
1.91717800e+00 1.73426416e+07
1.91754600e+00 1.73204762e+07
1.91791300e+00 1.72765212e+07
1.91828100e+00 1.72499931e+07
1.91864900e+00 1.72044626e+07
1.91901700e+00 1.70925693e+07
1.91938600e+00 1.69880565e+07
1.91975400e+00 1.69711022e+07
1.92012300e+00 1.69803004e+07
1.92049190e+00 1.70138453e+07
1.92086000e+00 1.71277988e+07
1.92123000e+00 1.72535075e+07
1.92159900e+00 1.72928695e+07
1.92196800e+00 1.72828109e+07
1.92233800e+00 1.72354626e+07
1.92270700e+00 1.71563871e+07
1.92307700e+00 1.71170251e+07
1.92344700e+00 1.70994649e+07
1.92381700e+00 1.70678590e+07
1.92418700e+00 1.70854192e+07
1.92455700e+00 1.71485099e+07
1.92492800e+00 1.71735838e+07
1.92529800e+00 1.71676455e+07
1.92566890e+00 1.71641311e+07
1.92604000e+00 1.71523879e+07
1.92641100e+00 1.71256295e+07
1.92678200e+00 1.70710099e+07
1.92715410e+00 1.70016174e+07
1.92752500e+00 1.69602074e+07
1.92789700e+00 1.68773751e+07
1.92826790e+00 1.67257563e+07
1.92864000e+00 1.66177289e+07
1.92901200e+00 1.66286238e+07
1.92938500e+00 1.66428028e+07
1.92975700e+00 1.66455780e+07
1.93012900e+00 1.67038333e+07
1.93050200e+00 1.67318036e+07
1.93087500e+00 1.66620475e+07
1.93124800e+00 1.66177289e+07
1.93162100e+00 1.65994416e+07
1.93199400e+00 1.65442282e+07
1.93236690e+00 1.65164882e+07
1.93274100e+00 1.65376840e+07
1.93311400e+00 1.65482153e+07
1.93348800e+00 1.66005323e+07
1.93386210e+00 1.67027426e+07
1.93423600e+00 1.67554232e+07
1.93461000e+00 1.67417410e+07
1.93498500e+00 1.67328943e+07
1.93535900e+00 1.67272105e+07
1.93573400e+00 1.67198181e+07
1.93610900e+00 1.67430741e+07
1.93648300e+00 1.67987723e+07
1.93685800e+00 1.68227555e+07
1.93723400e+00 1.68143935e+07
1.93760900e+00 1.67932097e+07
1.93798400e+00 1.67167883e+07
1.93836000e+00 1.65347755e+07
1.93873600e+00 1.63522779e+07
1.93911210e+00 1.62506735e+07
1.93948800e+00 1.62176133e+07
1.93986400e+00 1.62544304e+07
1.94024100e+00 1.63814600e+07
1.94061690e+00 1.64996551e+07
1.94099400e+00 1.65281222e+07
1.94137100e+00 1.64879119e+07
1.94174800e+00 1.64133084e+07
1.94212500e+00 1.63042024e+07
1.94250200e+00 1.61368413e+07
1.94287900e+00 1.59027537e+07
1.94325700e+00 1.56507425e+07
1.94363500e+00 1.53992159e+07
1.94401200e+00 1.50985233e+07
1.94439000e+00 1.47937224e+07
1.94476900e+00 1.46031051e+07
1.94514700e+00 1.45131349e+07
1.94552500e+00 1.45890594e+07
1.94590410e+00 1.48577825e+07
1.94628300e+00 1.52104287e+07
1.94666100e+00 1.55210466e+07
1.94704100e+00 1.57979985e+07
1.94742000e+00 1.59696013e+07
1.94779900e+00 1.60632072e+07
1.94817800e+00 1.61362353e+07
1.94855800e+00 1.61654175e+07
1.94893800e+00 1.61160090e+07
1.94931800e+00 1.60793131e+07
1.94969800e+00 1.60693878e+07
1.95007800e+00 1.59754183e+07
1.95045800e+00 1.57866189e+07
1.95083900e+00 1.57080282e+07
1.95122000e+00 1.56971213e+07
1.95160000e+00 1.57033019e+07
1.95198100e+00 1.58122987e+07
1.95236210e+00 1.60597048e+07
1.95274400e+00 1.62504311e+07
1.95312500e+00 1.63352024e+07
1.95350700e+00 1.63611246e+07
1.95388790e+00 1.63700805e+07
1.95427000e+00 1.63778365e+07
1.95465200e+00 1.63584585e+07
1.95503410e+00 1.63097771e+07
1.95541700e+00 1.62800981e+07
1.95579900e+00 1.62667795e+07
1.95618200e+00 1.62448686e+07
1.95656400e+00 1.62246423e+07
1.95694700e+00 1.62391727e+07
1.95733000e+00 1.62454745e+07
1.95771300e+00 1.62280355e+07
1.95809700e+00 1.62082939e+07
1.95848000e+00 1.62000531e+07
1.95886400e+00 1.61685684e+07
1.95924800e+00 1.61384167e+07
1.95963200e+00 1.61238862e+07
1.96001600e+00 1.61180692e+07
1.96040000e+00 1.61172209e+07
1.96078410e+00 1.60949464e+07
1.96116890e+00 1.60222819e+07
1.96155400e+00 1.59785692e+07
1.96193800e+00 1.59237072e+07
1.96232300e+00 1.58006646e+07
1.96270900e+00 1.57180747e+07
1.96309400e+00 1.56879231e+07
1.96347900e+00 1.56076358e+07
1.96386500e+00 1.55870458e+07
1.96425100e+00 1.56638187e+07
1.96463700e+00 1.57261944e+07
1.96502290e+00 1.57514985e+07
1.96540910e+00 1.57858918e+07
1.96579500e+00 1.57705130e+07
1.96618200e+00 1.57510138e+07
1.96656800e+00 1.57622843e+07
1.96695500e+00 1.58084207e+07
1.96734200e+00 1.58601318e+07
1.96772900e+00 1.58994817e+07
1.96811690e+00 1.58850724e+07
1.96850400e+00 1.58555266e+07
1.96889100e+00 1.58357850e+07
1.96927910e+00 1.58210122e+07
1.96966700e+00 1.58211334e+07
1.97005510e+00 1.58359062e+07
1.97044300e+00 1.58287682e+07
1.97083200e+00 1.57999375e+07
1.97122000e+00 1.57512561e+07
1.97160900e+00 1.56122409e+07
1.97199800e+00 1.53886847e+07
1.97238700e+00 1.52704896e+07
1.97277600e+00 1.52047328e+07
1.97316500e+00 1.51306261e+07
1.97355400e+00 1.51835370e+07
1.97394400e+00 1.53597449e+07
1.97433400e+00 1.54446374e+07
1.97472400e+00 1.54828965e+07
1.97511400e+00 1.55476839e+07
1.97550400e+00 1.55671831e+07
1.97589400e+00 1.55439391e+07
1.97628500e+00 1.55258942e+07
1.97667500e+00 1.55014262e+07
1.97706600e+00 1.53883211e+07
1.97745700e+00 1.51809920e+07
1.97784800e+00 1.50934455e+07
1.97823900e+00 1.50787938e+07
1.97863100e+00 1.50436734e+07
1.97902200e+00 1.50447641e+07
1.97941390e+00 1.51783380e+07
1.97980600e+00 1.52104287e+07
1.98019800e+00 1.51489013e+07
1.98059000e+00 1.51386124e+07
1.98098300e+00 1.51997641e+07
1.98137500e+00 1.52260498e+07
1.98176790e+00 1.52531718e+07
1.98216100e+00 1.52920490e+07
1.98255300e+00 1.53128813e+07
1.98294700e+00 1.52964118e+07
1.98334000e+00 1.52514752e+07
1.98373300e+00 1.52135796e+07
1.98412700e+00 1.51789439e+07
1.98452100e+00 1.51065217e+07
1.98491500e+00 1.50166605e+07
1.98530900e+00 1.49928107e+07
1.98570300e+00 1.49434021e+07
1.98609700e+00 1.48637208e+07
1.98649190e+00 1.48795843e+07
1.98688600e+00 1.49690698e+07
1.98728100e+00 1.50284158e+07
1.98767600e+00 1.51024013e+07
1.98807200e+00 1.51990370e+07
1.98846700e+00 1.52317336e+07
1.98886210e+00 1.52226566e+07
1.98925810e+00 1.52111558e+07
1.98965410e+00 1.52009760e+07
1.99005000e+00 1.51908083e+07
1.99044600e+00 1.51799134e+07
1.99084200e+00 1.51605354e+07
1.99123900e+00 1.51164471e+07
1.99163500e+00 1.50500843e+07
1.99203200e+00 1.49711300e+07
1.99242900e+00 1.48741309e+07
1.99282600e+00 1.47645402e+07
1.99322300e+00 1.46811020e+07
1.99362000e+00 1.46790418e+07
1.99401790e+00 1.47211790e+07
1.99441600e+00 1.47864510e+07
1.99481300e+00 1.48708588e+07
1.99521110e+00 1.49552665e+07
1.99561000e+00 1.49618107e+07
1.99600810e+00 1.49090089e+07
1.99640600e+00 1.48577825e+07
1.99680510e+00 1.47782224e+07
1.99720400e+00 1.46921180e+07
1.99760300e+00 1.46729823e+07
1.99800200e+00 1.47041035e+07
1.99840100e+00 1.47320738e+07
1.99880100e+00 1.47923893e+07
1.99920000e+00 1.48616606e+07
1.99960000e+00 1.48828443e+07
2.00000000e+00 1.48760699e+07
2.00040000e+00 1.48627513e+07
2.00080000e+00 1.48554800e+07
2.00120100e+00 1.48453123e+07
2.00160100e+00 1.48131004e+07
2.00200200e+00 1.47498764e+07
2.00240300e+00 1.46969655e+07
2.00280400e+00 1.46447697e+07
2.00320500e+00 1.45859085e+07
2.00360710e+00 1.45690754e+07
2.00400810e+00 1.46074679e+07
2.00441000e+00 1.46253917e+07
2.00481200e+00 1.45964519e+07
2.00521400e+00 1.45811943e+07
2.00561600e+00 1.45788917e+07
2.00601790e+00 1.45717416e+07
2.00642100e+00 1.45851814e+07
2.00682300e+00 1.46422247e+07
2.00722600e+00 1.46895730e+07
2.00762900e+00 1.46970867e+07
2.00803200e+00 1.46823017e+07
2.00843600e+00 1.46617239e+07
2.00883900e+00 1.46458604e+07
2.00924300e+00 1.46320449e+07
2.00964600e+00 1.46206653e+07
2.01005000e+00 1.46100129e+07
2.01045400e+00 1.46004390e+07
2.01085900e+00 1.45879687e+07
2.01126290e+00 1.45747713e+07
2.01166800e+00 1.45591501e+07
2.01207200e+00 1.45523635e+07
2.01247710e+00 1.45475281e+07
2.01288200e+00 1.45294832e+07
2.01328800e+00 1.44943628e+07
2.01369300e+00 1.44724398e+07
2.01409900e+00 1.44602119e+07
2.01450400e+00 1.44517287e+07
2.01491000e+00 1.44545160e+07
2.01531700e+00 1.44706220e+07
2.01572300e+00 1.44681982e+07
2.01612900e+00 1.44519711e+07
2.01653600e+00 1.44352592e+07
2.01694200e+00 1.44227889e+07
2.01734900e+00 1.44146814e+07
2.01775600e+00 1.44109246e+07
2.01816300e+00 1.44085008e+07
2.01857100e+00 1.44041380e+07
2.01897800e+00 1.43859719e+07
2.01938600e+00 1.43317279e+07
2.01979390e+00 1.42325352e+07
2.02020200e+00 1.41074446e+07
2.02061000e+00 1.40018410e+07
2.02101900e+00 1.39560681e+07
2.02142700e+00 1.39510994e+07
2.02183610e+00 1.39957937e+07
2.02224500e+00 1.40873394e+07
2.02265410e+00 1.41700505e+07
2.02306300e+00 1.41987600e+07
2.02347200e+00 1.41969422e+07
2.02388200e+00 1.41695657e+07
2.02429200e+00 1.41445040e+07
2.02470100e+00 1.41280345e+07
2.02511100e+00 1.41148371e+07
2.02552100e+00 1.41245200e+07
2.02593200e+00 1.41487456e+07
2.02634200e+00 1.41498242e+07
2.02675310e+00 1.41426862e+07
2.02716390e+00 1.41357784e+07
2.02757500e+00 1.41044149e+07
2.02798600e+00 1.40511283e+07
2.02839790e+00 1.40177046e+07
2.02880900e+00 1.39574012e+07
2.02922090e+00 1.38605232e+07
2.02963310e+00 1.37934333e+07
2.03004500e+00 1.37531018e+07
2.03045700e+00 1.37403891e+07
2.03086900e+00 1.37671475e+07
2.03128200e+00 1.38387214e+07
2.03169400e+00 1.39119919e+07
2.03210710e+00 1.39853715e+07
2.03252000e+00 1.40110513e+07
2.03293300e+00 1.40163715e+07
2.03334700e+00 1.40093547e+07
2.03376000e+00 1.39482030e+07
2.03417400e+00 1.38181315e+07
2.03458800e+00 1.37328876e+07
2.03500200e+00 1.37050264e+07
2.03541600e+00 1.36986155e+07
2.03583110e+00 1.37420858e+07
2.03624500e+00 1.38499798e+07
2.03666000e+00 1.38859485e+07
2.03707500e+00 1.38036010e+07
2.03749000e+00 1.36410874e+07
2.03790500e+00 1.35366957e+07
2.03832100e+00 1.35014541e+07
2.03873600e+00 1.35014541e+07
2.03915200e+00 1.35771484e+07
2.03956800e+00 1.37292519e+07
2.03998400e+00 1.38164470e+07
2.04040000e+00 1.38154775e+07
2.04081600e+00 1.37883434e+07
2.04123300e+00 1.37678747e+07
2.04165000e+00 1.37529806e+07
2.04206700e+00 1.37441460e+07
2.04248400e+00 1.37544349e+07
2.04290100e+00 1.37814478e+07
2.04331800e+00 1.37906460e+07
2.04373600e+00 1.37841018e+07
2.04415410e+00 1.37733282e+07
2.04457200e+00 1.37667840e+07
2.04499000e+00 1.37608579e+07
2.04540800e+00 1.37517687e+07
2.04582600e+00 1.37434189e+07
2.04624500e+00 1.37298579e+07
2.04666390e+00 1.36993426e+07
2.04708300e+00 1.36641010e+07
2.04750200e+00 1.36447230e+07
2.04792100e+00 1.36356339e+07
2.04834110e+00 1.36326163e+07
2.04876000e+00 1.36380577e+07
2.04917990e+00 1.36460561e+07
2.04960010e+00 1.36278900e+07
2.05002100e+00 1.36011194e+07
2.05044090e+00 1.35807840e+07
2.05086110e+00 1.35586187e+07
2.05128200e+00 1.35231347e+07
2.05170290e+00 1.34731202e+07
2.05212400e+00 1.34341218e+07
2.05254490e+00 1.34131805e+07
2.05296700e+00 1.34026371e+07
2.05338790e+00 1.34014252e+07
2.05381010e+00 1.34360608e+07
2.05423190e+00 1.34677880e+07
2.05465410e+00 1.34771195e+07
2.05507590e+00 1.34762711e+07
2.05549800e+00 1.34766347e+07
2.05592090e+00 1.34685151e+07
2.05634400e+00 1.34573779e+07
2.05676710e+00 1.34475737e+07
2.05718990e+00 1.34292864e+07
2.05761300e+00 1.33974381e+07
2.05803710e+00 1.33838771e+07
2.05846000e+00 1.33726066e+07
2.05888400e+00 1.33571066e+07
2.05930810e+00 1.33405159e+07
2.05973190e+00 1.32924405e+07
2.06015600e+00 1.31947141e+07
2.06058110e+00 1.31466387e+07
2.06100610e+00 1.31385191e+07
2.06143090e+00 1.31491837e+07
2.06185500e+00 1.32022157e+07
2.06228100e+00 1.32297134e+07
2.06270610e+00 1.31013385e+07
2.06313210e+00 1.29735817e+07
2.06355810e+00 1.29255062e+07
2.06398290e+00 1.29102486e+07
2.06440890e+00 1.29548096e+07
2.06483590e+00 1.31007447e+07
2.06526200e+00 1.32134862e+07
2.06568900e+00 1.32391539e+07
2.06611600e+00 1.32374573e+07
2.06654300e+00 1.32261989e+07
2.06697000e+00 1.31994405e+07
2.06739700e+00 1.31725488e+07
2.06782500e+00 1.31601997e+07
2.06825200e+00 1.31530496e+07
2.06867990e+00 1.31455480e+07
2.06910790e+00 1.31088522e+07
2.06953590e+00 1.30122165e+07
2.06996510e+00 1.29582029e+07
2.07039310e+00 1.29354316e+07
2.07082200e+00 1.29112181e+07
2.07125100e+00 1.29165504e+07
2.07167990e+00 1.29978072e+07
2.07210890e+00 1.30372783e+07
2.07253910e+00 1.30445496e+07
2.07296900e+00 1.30583530e+07
2.07339790e+00 1.30839116e+07
2.07382790e+00 1.30929886e+07
2.07425900e+00 1.30872927e+07
2.07468900e+00 1.30785793e+07
2.07511890e+00 1.30694902e+07
2.07555000e+00 1.30578682e+07
2.07598100e+00 1.30439437e+07
2.07641210e+00 1.30301403e+07
2.07684300e+00 1.30186274e+07
2.07727490e+00 1.30071266e+07
2.07770610e+00 1.29956258e+07
2.07813790e+00 1.29686129e+07
2.07857010e+00 1.29096427e+07
2.07900200e+00 1.28672631e+07
2.07943410e+00 1.28311732e+07
2.07986690e+00 1.27895086e+07
2.08030000e+00 1.27718272e+07
2.08073190e+00 1.27977494e+07
2.08116600e+00 1.28090078e+07
2.08159910e+00 1.28085231e+07
2.08203200e+00 1.27994461e+07
2.08246610e+00 1.27535399e+07
2.08289890e+00 1.26977205e+07
2.08333300e+00 1.26630849e+07
2.08376710e+00 1.26438280e+07
2.08420190e+00 1.26527839e+07
2.08463600e+00 1.26978417e+07
2.08507100e+00 1.27386458e+07
2.08550610e+00 1.27634773e+07
2.08594090e+00 1.27775231e+07
2.08637600e+00 1.27717060e+07
2.08681100e+00 1.27661435e+07
2.08724710e+00 1.27638409e+07
2.08768310e+00 1.27512494e+07
2.08811890e+00 1.27388882e+07
2.08855490e+00 1.27321138e+07
2.08899100e+00 1.27219340e+07
2.08942700e+00 1.27150383e+07
2.08986400e+00 1.27025559e+07
2.09030100e+00 1.26705864e+07
2.09073800e+00 1.26295399e+07
2.09117500e+00 1.25361643e+07
2.09161300e+00 1.24189508e+07
2.09205000e+00 1.23628770e+07
2.09248800e+00 1.23425294e+07
2.09292600e+00 1.23514974e+07
2.09336400e+00 1.24005423e+07
2.09380200e+00 1.24440126e+07
2.09424100e+00 1.24444974e+07
2.09467990e+00 1.24119219e+07
2.09511790e+00 1.23881811e+07
2.09555690e+00 1.23872116e+07
2.09599710e+00 1.24070744e+07
2.09643600e+00 1.24237863e+07
2.09687600e+00 1.24511627e+07
2.09731490e+00 1.24637542e+07
2.09775490e+00 1.24631483e+07
2.09819600e+00 1.24538167e+07
2.09863600e+00 1.24452245e+07
2.09907590e+00 1.24547863e+07
2.09951710e+00 1.24487390e+07
2.09995800e+00 1.24285126e+07
2.10039890e+00 1.24329966e+07
2.10084010e+00 1.24379532e+07
2.10128200e+00 1.24319059e+07
2.10172290e+00 1.24166483e+07
2.10216500e+00 1.23959372e+07
2.10260690e+00 1.23806795e+07
2.10305000e+00 1.23704997e+07
2.10349190e+00 1.23622710e+07
2.10393410e+00 1.23695302e+07
2.10437700e+00 1.23979974e+07
2.10482010e+00 1.24134974e+07
2.10526290e+00 1.24115584e+07
2.10570700e+00 1.24052566e+07
2.10614990e+00 1.23961795e+07
2.10659400e+00 1.23834669e+07
2.10703810e+00 1.23706209e+07
2.10748100e+00 1.23542726e+07
2.10792600e+00 1.23317558e+07
2.10837010e+00 1.22873039e+07
2.10881490e+00 1.22128336e+07
2.10926000e+00 1.21647582e+07
2.10970510e+00 1.21476827e+07
2.11014990e+00 1.21431988e+07
2.11059500e+00 1.21635463e+07
2.11104100e+00 1.22135607e+07
2.11148610e+00 1.22364411e+07
2.11193310e+00 1.22238496e+07
2.11237890e+00 1.22091980e+07
2.11282500e+00 1.22001210e+07
2.11327100e+00 1.21934556e+07
2.11371800e+00 1.21881233e+07
2.11416500e+00 1.21905471e+07
2.11461210e+00 1.21884869e+07
2.11505910e+00 1.21676667e+07
2.11550710e+00 1.21207910e+07
2.11595410e+00 1.20342092e+07
2.11640210e+00 1.19883127e+07
2.11685010e+00 1.19737810e+07
2.11729810e+00 1.19692995e+07
2.11774710e+00 1.19970322e+07
2.11819510e+00 1.20507999e+07
2.11864400e+00 1.20328773e+07
2.11909300e+00 1.19889187e+07
2.11954200e+00 1.19705114e+07
2.11999100e+00 1.19558572e+07
2.12044090e+00 1.19421739e+07
2.12089110e+00 1.19437481e+07
2.12134110e+00 1.19619130e+07
2.12179100e+00 1.19573115e+07
2.12224100e+00 1.19317589e+07
2.12269190e+00 1.19026943e+07
2.12314210e+00 1.18655174e+07
2.12359300e+00 1.18173195e+07
2.12404390e+00 1.17954002e+07
2.12449610e+00 1.17981851e+07
2.12494700e+00 1.18112637e+07
2.12539790e+00 1.18249483e+07
2.12585010e+00 1.18204680e+07
2.12630200e+00 1.18140499e+07
2.12675490e+00 1.18099319e+07
2.12720700e+00 1.18073893e+07
2.12765990e+00 1.18260378e+07
2.12811210e+00 1.18617629e+07
2.12856490e+00 1.18668492e+07
2.12901900e+00 1.18452934e+07
2.12947190e+00 1.18342738e+07
2.12992600e+00 1.18302770e+07
2.13037890e+00 1.18291875e+07
2.13083300e+00 1.18333043e+07
2.13128710e+00 1.18440828e+07
2.13174100e+00 1.18409343e+07
2.13219600e+00 1.18300346e+07
2.13265090e+00 1.18188938e+07
2.13310600e+00 1.18044820e+07
2.13356100e+00 1.17900715e+07
2.13401610e+00 1.17748127e+07
2.13447190e+00 1.17295222e+07
2.13492700e+00 1.16305827e+07
2.13538310e+00 1.15806895e+07
2.13583910e+00 1.15662790e+07
2.13629590e+00 1.15593761e+07
2.13675200e+00 1.15862605e+07
2.13720900e+00 1.16719989e+07
2.13766600e+00 1.17122043e+07
2.13812300e+00 1.17105089e+07
2.13858010e+00 1.16967031e+07
2.13903710e+00 1.16866518e+07
2.13949510e+00 1.16804760e+07
2.13995290e+00 1.16769640e+07
2.14041090e+00 1.16778123e+07
2.14086890e+00 1.16843516e+07
2.14132790e+00 1.16830185e+07
2.14178590e+00 1.16757533e+07
2.14224510e+00 1.16658231e+07
2.14270410e+00 1.16521385e+07
2.14316310e+00 1.16417236e+07
2.14362300e+00 1.16285237e+07
2.14408200e+00 1.16079375e+07
2.14454200e+00 1.15871076e+07
2.14500200e+00 1.15564700e+07
2.14546190e+00 1.15265583e+07
2.14592310e+00 1.15206237e+07
2.14638310e+00 1.15345506e+07
2.14684400e+00 1.15455703e+07
2.14730490e+00 1.15684579e+07
2.14776610e+00 1.15885607e+07
2.14822800e+00 1.15866229e+07
2.14868900e+00 1.15758456e+07
2.14915090e+00 1.15645835e+07
2.14961300e+00 1.15533203e+07
2.15007500e+00 1.15426642e+07
2.15053810e+00 1.15326128e+07
2.15100000e+00 1.15196554e+07
2.15146290e+00 1.15017316e+07
2.15192600e+00 1.14733941e+07
2.15238890e+00 1.14543821e+07
2.15285300e+00 1.14397292e+07
2.15331590e+00 1.14230173e+07
2.15378000e+00 1.14138131e+07
2.15424390e+00 1.14198688e+07
2.15470800e+00 1.14185358e+07
2.15517210e+00 1.14146614e+07
2.15563700e+00 1.14132083e+07
2.15610210e+00 1.14081220e+07
2.15656690e+00 1.13997661e+07
2.15703200e+00 1.13908042e+07
2.15749710e+00 1.13809952e+07
2.15796290e+00 1.13665847e+07
2.15842900e+00 1.13482986e+07
2.15889500e+00 1.13306172e+07
2.15936110e+00 1.13131794e+07
2.15982690e+00 1.12945297e+07
2.16029390e+00 1.12739422e+07
2.16076100e+00 1.12452424e+07
2.16122800e+00 1.12126658e+07
2.16169510e+00 1.11828752e+07
2.16216210e+00 1.11477560e+07
2.16262990e+00 1.11064611e+07
2.16309790e+00 1.10622600e+07
2.16356590e+00 1.09983186e+07
2.16403390e+00 1.08861794e+07
2.16450200e+00 1.06956894e+07
2.16497090e+00 1.04192174e+07
2.16543990e+00 1.01710830e+07
2.16590890e+00 1.00471981e+07
2.16637790e+00 1.00382363e+07
2.16684690e+00 1.01441985e+07
2.16731690e+00 1.03701725e+07
2.16778710e+00 1.06133406e+07
2.16825710e+00 1.07721035e+07
2.16872710e+00 1.08618387e+07
2.16919700e+00 1.09306240e+07
2.16966800e+00 1.09782159e+07
2.17013890e+00 1.10035261e+07
2.17061010e+00 1.10153941e+07
2.17108110e+00 1.10187849e+07
2.17155300e+00 1.10255666e+07
2.17202390e+00 1.10323483e+07
2.17249610e+00 1.10318636e+07
2.17296900e+00 1.10276244e+07
2.17343990e+00 1.10348909e+07
2.17391310e+00 1.10319848e+07
2.17438600e+00 1.10273832e+07
2.17485890e+00 1.10183002e+07
2.17533200e+00 1.09942006e+07
2.17580490e+00 1.09560542e+07
2.17627910e+00 1.09411589e+07
2.17675200e+00 1.09319559e+07
2.17722610e+00 1.08916292e+07
2.17770000e+00 1.08072227e+07
2.17817500e+00 1.07948700e+07
2.17864890e+00 1.07988668e+07
2.17912400e+00 1.08001986e+07
2.17959910e+00 1.08423419e+07
2.18007400e+00 1.09428543e+07
2.18054910e+00 1.09759145e+07
2.18102490e+00 1.09417648e+07
2.18150100e+00 1.08608704e+07
2.18197710e+00 1.08216332e+07
2.18245290e+00 1.08072227e+07
2.18292900e+00 1.07972925e+07
2.18340600e+00 1.08199378e+07
2.18388310e+00 1.08860594e+07
2.18436010e+00 1.09110060e+07
2.18483690e+00 1.09127002e+07
2.18531490e+00 1.09158499e+07
2.18579200e+00 1.09130638e+07
2.18627000e+00 1.09002275e+07
2.18674800e+00 1.08672885e+07
2.18722710e+00 1.07828820e+07
2.18770510e+00 1.06672307e+07
2.18818410e+00 1.06150361e+07
2.18866310e+00 1.05860939e+07
2.18914210e+00 1.05592094e+07
2.18962110e+00 1.06031693e+07
2.19010110e+00 1.06907243e+07
2.19058110e+00 1.07151862e+07
2.19106100e+00 1.07178511e+07
2.19154100e+00 1.07361372e+07
2.19202100e+00 1.07345630e+07
2.19250100e+00 1.07196677e+07
2.19298190e+00 1.07023499e+07
2.19346410e+00 1.06864851e+07
2.19394510e+00 1.06728017e+07
2.19442600e+00 1.06610549e+07
2.19490800e+00 1.06478551e+07
2.19538990e+00 1.06338069e+07
2.19587210e+00 1.06190329e+07
2.19635400e+00 1.06081344e+07
2.19683590e+00 1.06007468e+07
2.19731910e+00 1.05933591e+07
2.19780200e+00 1.05876681e+07
2.19828490e+00 1.05836713e+07
2.19876900e+00 1.05724093e+07
2.19925200e+00 1.05605413e+07
2.19973610e+00 1.05478262e+07
2.20022000e+00 1.05305084e+07
2.20070410e+00 1.05150084e+07
2.20118800e+00 1.05047146e+07
2.20167310e+00 1.04932102e+07
2.20215800e+00 1.04857014e+07
2.20264310e+00 1.04842483e+07
2.20312790e+00 1.04836424e+07
2.20361400e+00 1.04808575e+07
2.20410010e+00 1.04718956e+07
2.20458500e+00 1.04324173e+07
2.20507200e+00 1.03377170e+07
2.20555810e+00 1.02378093e+07
2.20604490e+00 1.01191307e+07
2.20653100e+00 1.00651207e+07
2.20701810e+00 1.00587026e+07
2.20750490e+00 1.00985445e+07
2.20799290e+00 1.01163458e+07
2.20848100e+00 1.01902174e+07
2.20896900e+00 1.02267896e+07
2.20945700e+00 1.02467712e+07
2.20994510e+00 1.02731709e+07
2.21043310e+00 1.03242748e+07
2.21092210e+00 1.03371111e+07
2.21141090e+00 1.03306929e+07
2.21189990e+00 1.03207628e+07
2.21238890e+00 1.03093795e+07
2.21287890e+00 1.02972692e+07
2.21336890e+00 1.02880661e+07
2.21385890e+00 1.02793466e+07
2.21434910e+00 1.02680846e+07
2.21483910e+00 1.02511303e+07
2.21533010e+00 1.02230352e+07
2.21582100e+00 1.01811343e+07
2.21631200e+00 1.01445621e+07
2.21680300e+00 1.01268819e+07
2.21729490e+00 1.01157411e+07
2.21778710e+00 1.01277290e+07
2.21827910e+00 1.01572784e+07
2.21877100e+00 1.01804084e+07
2.21926290e+00 1.01851311e+07
2.21975610e+00 1.01882796e+07
2.22024900e+00 1.01799237e+07
2.22074190e+00 1.01646648e+07
2.22123510e+00 1.01536452e+07
2.22172900e+00 1.01448045e+07
2.22222190e+00 1.01329365e+07
2.22271610e+00 1.01220380e+07
2.22321000e+00 1.01158611e+07
2.22370510e+00 1.01042355e+07
2.22419900e+00 1.00930946e+07
2.22469410e+00 1.00706917e+07
2.22518900e+00 1.00143791e+07
2.22568410e+00 9.96182212e+06
2.22617990e+00 9.94547381e+06
2.22667600e+00 9.93396939e+06
2.22717090e+00 9.92343327e+06
2.22766700e+00 9.95516161e+06
2.22816410e+00 9.99209741e+06
2.22866090e+00 9.99742606e+06
2.22915700e+00 9.99173384e+06
2.22965410e+00 9.99161265e+06
2.23015210e+00 9.99052317e+06
2.23064890e+00 9.97901876e+06
2.23114700e+00 9.96581892e+06
2.23164500e+00 9.96073264e+06
2.23214310e+00 9.96315398e+06
2.23264110e+00 9.95976313e+06
2.23313990e+00 9.95467685e+06
2.23363790e+00 9.94438432e+06
2.23413700e+00 9.93082092e+06
2.23463700e+00 9.91810462e+06
2.23513600e+00 9.90405767e+06
2.23563600e+00 9.89388512e+06
2.23613600e+00 9.88201714e+06
2.23663600e+00 9.86300389e+06
2.23713600e+00 9.82933896e+06
2.23763700e+00 9.77326873e+06
2.23813790e+00 9.73766600e+06
2.23863890e+00 9.71574665e+06
2.23913990e+00 9.69721816e+06
2.23964210e+00 9.70932852e+06
2.24014310e+00 9.75352956e+06
2.24064600e+00 9.77230043e+06
2.24114700e+00 9.76854602e+06
2.24164990e+00 9.75449907e+06
2.24215210e+00 9.73778719e+06
2.24265500e+00 9.71756327e+06
2.24315800e+00 9.70496816e+06
2.24366210e+00 9.70702715e+06
2.24416500e+00 9.72494970e+06
2.24466890e+00 9.72906768e+06
2.24517310e+00 9.72773582e+06
2.24567700e+00 9.72204360e+06
2.24618090e+00 9.70448462e+06
2.24668600e+00 9.66379440e+06
2.24719090e+00 9.62443726e+06
2.24769600e+00 9.60639351e+06
2.24820090e+00 9.59634215e+06
2.24870700e+00 9.59161944e+06
2.24921290e+00 9.61160098e+06
2.24971900e+00 9.63121896e+06
2.25022510e+00 9.62770692e+06
2.25073100e+00 9.62019809e+06
2.25123800e+00 9.61220571e+06
2.25174510e+00 9.60058011e+06
2.25225200e+00 9.58592722e+06
2.25276000e+00 9.55734736e+06
2.25326710e+00 9.49074221e+06
2.25377490e+00 9.46010457e+06
2.25428300e+00 9.44860016e+06
2.25479200e+00 9.42982929e+06
2.25530000e+00 9.43636861e+06
2.25580910e+00 9.47560457e+06
2.25631810e+00 9.48650426e+06
2.25682690e+00 9.48941035e+06
2.25733590e+00 9.49849342e+06
2.25784590e+00 9.50006766e+06
2.25835600e+00 9.50539510e+06
2.25886600e+00 9.50491156e+06
2.25937600e+00 9.49861340e+06
2.25988700e+00 9.49074221e+06
2.26039790e+00 9.46955000e+06
2.26090890e+00 9.43745810e+06
2.26141990e+00 9.37085295e+06
2.26193190e+00 9.32532005e+06
2.26244410e+00 9.30897052e+06
2.26295510e+00 9.31502631e+06
2.26346800e+00 9.33101106e+06
2.26398000e+00 9.36818923e+06
2.26449290e+00 9.37424381e+06
2.26500610e+00 9.36346652e+06
2.26551900e+00 9.35111379e+06
2.26603200e+00 9.33815632e+06
2.26654590e+00 9.34263666e+06
2.26706010e+00 9.35620007e+06
2.26757300e+00 9.35716957e+06
2.26808790e+00 9.35123498e+06
2.26860300e+00 9.34566395e+06
2.26911690e+00 9.33924581e+06
2.26963210e+00 9.32640953e+06
2.27014700e+00 9.30267357e+06
2.27066310e+00 9.29056443e+06
2.27117900e+00 9.28789950e+06
2.27169510e+00 9.28571932e+06
2.27221090e+00 9.28886900e+06
2.27272710e+00 9.30122052e+06
2.27324390e+00 9.29141154e+06
2.27376100e+00 9.25835134e+06
2.27427810e+00 9.23958047e+06
2.27479490e+00 9.22650182e+06
2.27531300e+00 9.21826707e+06
2.27583110e+00 9.22093079e+06
2.27634910e+00 9.24042879e+06
2.27686690e+00 9.24430318e+06
2.27738500e+00 9.24018641e+06
2.27790410e+00 9.22952910e+06
2.27842310e+00 9.21850944e+06
2.27894310e+00 9.20591433e+06
2.27946190e+00 9.18726586e+06
2.27998190e+00 9.13276986e+06
2.28050200e+00 9.02147892e+06
2.28102200e+00 8.96177667e+06
2.28154200e+00 8.92871647e+06
2.28206300e+00 8.91793919e+06
2.28258400e+00 8.94131037e+06
2.28310500e+00 9.02801825e+06
2.28362600e+00 9.06071609e+06
2.28414790e+00 9.06083728e+06
2.28466990e+00 9.05526624e+06
2.28519190e+00 9.04945284e+06
2.28571410e+00 9.04424658e+06
2.28623710e+00 9.04400421e+06
2.28676000e+00 9.04884811e+06
2.28728300e+00 9.04569963e+06
2.28780590e+00 9.04485131e+06
2.28833010e+00 9.03867555e+06
2.28885300e+00 9.02995605e+06
2.28937700e+00 9.02390148e+06
2.28990210e+00 9.01457603e+06
2.29042600e+00 8.99798534e+06
2.29095090e+00 8.99011415e+06
2.29147610e+00 8.98454312e+06
2.29200100e+00 8.96371447e+06
2.29252590e+00 8.90522289e+06
2.29305200e+00 8.85218115e+06
2.29357790e+00 8.80834246e+06
2.29410400e+00 8.76668395e+06
2.29463110e+00 8.74270682e+06
2.29515700e+00 8.75542191e+06
2.29568410e+00 8.76135650e+06
2.29621090e+00 8.73447207e+06
2.29673900e+00 8.72817512e+06
2.29726610e+00 8.73653106e+06
2.29779390e+00 8.75275819e+06
2.29832200e+00 8.77479872e+06
2.29885110e+00 8.80858483e+06
2.29937890e+00 8.81560891e+06
2.29990800e+00 8.81948452e+06
2.30043700e+00 8.81573010e+06
2.30096700e+00 8.81488178e+06
2.30149610e+00 8.82130113e+06
2.30202590e+00 8.82057400e+06
2.30255590e+00 8.81149214e+06
2.30308590e+00 8.80289383e+06
2.30361690e+00 8.79151060e+06
2.30414700e+00 8.77952143e+06
2.30467800e+00 8.77540345e+06
2.30521000e+00 8.77237617e+06
2.30574100e+00 8.76777464e+06
2.30627290e+00 8.76850056e+06
2.30680490e+00 8.76268836e+06
2.30733690e+00 8.75784446e+06
2.30787010e+00 8.74016308e+06
2.30840310e+00 8.72151461e+06
2.30893600e+00 8.70855593e+06
2.30946900e+00 8.70334968e+06
2.31000200e+00 8.69438779e+06
2.31053590e+00 8.69571966e+06
2.31107010e+00 8.70068474e+06
2.31160400e+00 8.69668916e+06
2.31213890e+00 8.69039100e+06
2.31267410e+00 8.68312576e+06
2.31320800e+00 8.66956235e+06
2.31374390e+00 8.64255673e+06
2.31427910e+00 8.61530873e+06
2.31481490e+00 8.59980873e+06
2.31535110e+00 8.58442871e+06
2.31588700e+00 8.55778666e+06
2.31642310e+00 8.55560648e+06
2.31696000e+00 8.55488056e+06
2.31749710e+00 8.52896442e+06
2.31803390e+00 8.51794476e+06
2.31857200e+00 8.52533240e+06
2.31910890e+00 8.52896442e+06
2.31964700e+00 8.53768392e+06
2.32018600e+00 8.55875495e+06
2.32072410e+00 8.56347887e+06
2.32126290e+00 8.53356715e+06
2.32180200e+00 8.43813977e+06
2.32234110e+00 8.35712412e+06
2.32287990e+00 8.29839016e+06
2.32341990e+00 8.24716503e+06
2.32396000e+00 8.22076535e+06
2.32450000e+00 8.25043470e+06
2.32504100e+00 8.26145436e+06
2.32558110e+00 8.26787250e+06
2.32612210e+00 8.28216303e+06
2.32666410e+00 8.30759321e+06
2.32720510e+00 8.33205630e+06
2.32774710e+00 8.35821360e+06
2.32828910e+00 8.36826497e+06
2.32883110e+00 8.37104988e+06
2.32937300e+00 8.36015140e+06
2.32991600e+00 8.34961528e+06
2.33045900e+00 8.34077459e+06
2.33100200e+00 8.32866544e+06
2.33154590e+00 8.31740219e+06
2.33209010e+00 8.31740219e+06
2.33263400e+00 8.31655509e+06
2.33317800e+00 8.32466865e+06
2.33372190e+00 8.31800814e+06
2.33426710e+00 8.28325252e+06
2.33481200e+00 8.26278622e+06
2.33535690e+00 8.26956792e+06
2.33590310e+00 8.26399810e+06
2.33644900e+00 8.27332234e+06
2.33699510e+00 8.28373727e+06
2.33754100e+00 8.24377418e+06
2.33808790e+00 8.21313533e+06
2.33863400e+00 8.20804905e+06
2.33918090e+00 8.19884601e+06
2.33972900e+00 8.21616262e+06
2.34027590e+00 8.25733759e+06
2.34082400e+00 8.27586487e+06
2.34137210e+00 8.27199048e+06
2.34191990e+00 8.26508759e+06
2.34246900e+00 8.25636808e+06
2.34301810e+00 8.24837571e+06
2.34356690e+00 8.23517587e+06
2.34411600e+00 8.21955347e+06
2.34466600e+00 8.21047161e+06
2.34521610e+00 8.20078381e+06
2.34576610e+00 8.19412330e+06
2.34631590e+00 8.19061126e+06
2.34686690e+00 8.18382955e+06
2.34741800e+00 8.17959038e+06
2.34796900e+00 8.17692666e+06
2.34852100e+00 8.17147682e+06
2.34907200e+00 8.16590700e+06
2.34962400e+00 8.16215258e+06
2.35017600e+00 8.14762088e+06
2.35072900e+00 8.10826253e+06
2.35128100e+00 8.03584519e+06
2.35183400e+00 7.95095393e+06
2.35238790e+00 7.88786082e+06
2.35294090e+00 7.84777655e+06
2.35349510e+00 7.83130704e+06
2.35404910e+00 7.85467944e+06
2.35460300e+00 7.89621676e+06
2.35515800e+00 7.91692422e+06
2.35571290e+00 7.91922559e+06
2.35626810e+00 7.90251371e+06
2.35682300e+00 7.89234116e+06
2.35737790e+00 7.89161403e+06
2.35793510e+00 7.89670030e+06
2.35849000e+00 7.90784236e+06
2.35904710e+00 7.93387848e+06
2.35960400e+00 7.94937969e+06
2.36016090e+00 7.95458715e+06
2.36071800e+00 7.95809798e+06
2.36127490e+00 7.94962207e+06
2.36183300e+00 7.94429341e+06
2.36239110e+00 7.94150729e+06
2.36294900e+00 7.93714814e+06
2.36350810e+00 7.92431187e+06
2.36406590e+00 7.91474526e+06
2.36462500e+00 7.91099084e+06
2.36518510e+00 7.90893185e+06
2.36574390e+00 7.90554100e+06
2.36630400e+00 7.90759999e+06
2.36686400e+00 7.91159557e+06
2.36742410e+00 7.90106066e+06
2.36798510e+00 7.89367302e+06
2.36854590e+00 7.87708233e+06
2.36910690e+00 7.84741298e+06
2.36966800e+00 7.83179059e+06
2.37023000e+00 7.82658433e+06
2.37079200e+00 7.82379821e+06
2.37135400e+00 7.81725888e+06
2.37191700e+00 7.82452534e+06
2.37247900e+00 7.79194869e+06
2.37304200e+00 7.71674644e+06
2.37360500e+00 7.66770028e+06
2.37416890e+00 7.65038246e+06
2.37473290e+00 7.64941416e+06
2.37529710e+00 7.67726689e+06
2.37586110e+00 7.74629459e+06
2.37642600e+00 7.78710479e+06
2.37699100e+00 7.79255463e+06
2.37755590e+00 7.78746835e+06
2.37812110e+00 7.77414732e+06
2.37868700e+00 7.76070511e+06
2.37925290e+00 7.74786883e+06
2.37981910e+00 7.73854338e+06
2.38038600e+00 7.73394186e+06
2.38095190e+00 7.73200406e+06
2.38151900e+00 7.69361521e+06
2.38208690e+00 7.60690854e+06
2.38265410e+00 7.53509594e+06
2.38322190e+00 7.45165772e+06
2.38379000e+00 7.37148917e+06
2.38435890e+00 7.33576526e+06
2.38492700e+00 7.35138644e+06
2.38549610e+00 7.34048797e+06
2.38606490e+00 7.36240731e+06
2.38663500e+00 7.39486157e+06
2.38720510e+00 7.42416735e+06
2.38777490e+00 7.44645026e+06
2.38834500e+00 7.48483911e+06
2.38891600e+00 7.49767538e+06
2.38948610e+00 7.50324641e+06
2.39005690e+00 7.49767538e+06
2.39062890e+00 7.49355861e+06
2.39120000e+00 7.48738164e+06
2.39177200e+00 7.46497875e+06
2.39234400e+00 7.45080940e+06
2.39291700e+00 7.44996230e+06
2.39349000e+00 7.44051687e+06
2.39406300e+00 7.43494584e+06
2.39463600e+00 7.43918380e+06
2.39520900e+00 7.44027450e+06
2.39578300e+00 7.42961719e+06
2.39635690e+00 7.43058670e+06
2.39693190e+00 7.42271430e+06
2.39750710e+00 7.42707466e+06
2.39750720e+00 6.78147255e+06
2.40272250e+00 6.73165684e+06
2.40793790e+00 6.68229075e+06
2.41315330e+00 6.63337305e+06
2.41836880e+00 6.58489648e+06
2.42358420e+00 6.53685619e+06
2.42879960e+00 6.48924732e+06
2.43401500e+00 6.44206747e+06
2.43923040e+00 6.39530935e+06
2.44444580e+00 6.34897054e+06
2.44966130e+00 6.30304498e+06
2.45487670e+00 6.25753026e+06
2.46009210e+00 6.21242030e+06
2.46530750e+00 6.16771148e+06
2.47052290e+00 6.12339894e+06
2.47573830e+00 6.07948026e+06
2.48095380e+00 6.03594939e+06
2.48616920e+00 5.99280268e+06
2.49138460e+00 5.95003651e+06
2.49660000e+00 5.90764844e+06
2.50181540e+00 5.86563121e+06
2.50703080e+00 5.82398361e+06
2.51224630e+00 5.78270078e+06
2.51746170e+00 5.74178030e+06
2.52267710e+00 5.70121491e+06
2.52789250e+00 5.66100460e+06
2.53310790e+00 5.62114453e+06
2.53832330e+00 5.58163105e+06
2.54353880e+00 5.54245932e+06
2.54875420e+00 5.50362813e+06
2.55396960e+00 5.46513264e+06
2.55918500e+00 5.42696920e+06
2.56440040e+00 5.38913661e+06
2.56961580e+00 5.35162759e+06
2.57483130e+00 5.31444214e+06
2.58004670e+00 5.27757420e+06
2.58526210e+00 5.24102378e+06
2.59047750e+00 5.20478481e+06
2.59569290e+00 5.16885609e+06
2.60090830e+00 5.13323397e+06
2.60612380e+00 5.09791482e+06
2.61133920e+00 5.06289622e+06
2.61655460e+00 5.02817454e+06
2.62177000e+00 4.99374612e+06
2.62698540e+00 4.95961099e+06
2.63220080e+00 4.92576186e+06
2.63741630e+00 4.89219994e+06
2.64263170e+00 4.85892039e+06
2.64784710e+00 4.82592079e+06
2.65306250e+00 4.79319750e+06
2.65827790e+00 4.76074810e+06
2.66349330e+00 4.72857137e+06
2.66870880e+00 4.69666367e+06
2.67392420e+00 4.66502138e+06
2.67913960e+00 4.63364207e+06
2.68435500e+00 4.60252331e+06
2.68957040e+00 4.57166511e+06
2.69478580e+00 4.54106019e+06
2.70000130e+00 4.51071098e+06
2.70521670e+00 4.48061142e+06
2.71043210e+00 4.45076029e+06
2.71564750e+00 4.42115518e+06
2.72086290e+00 4.39179365e+06
2.72607830e+00 4.36267329e+06
2.73129380e+00 4.33379167e+06
2.73650920e+00 4.30514637e+06
2.74172460e+00 4.27673496e+06
2.74694000e+00 4.24855624e+06
2.75215540e+00 4.22060656e+06
2.75737080e+00 4.19288592e+06
2.76258630e+00 4.16538827e+06
2.76780170e+00 4.13811482e+06
2.77301710e+00 4.11106194e+06
2.77823250e+00 4.08422840e+06
2.78344790e+00 4.05761179e+06
2.78866330e+00 4.03120848e+06
2.79387880e+00 4.00501966e+06
2.79909420e+00 3.97903930e+06
2.80430960e+00 3.95326979e+06
2.80952500e+00 3.92770510e+06
2.81474040e+00 3.90234522e+06
2.81995580e+00 3.87718772e+06
2.82517130e+00 3.85223139e+06
2.83038670e+00 3.82747381e+06
2.83560210e+00 3.80291377e+06
2.84081750e+00 3.77854884e+06
2.84603290e+00 3.75437661e+06
2.85124830e+00 3.73039706e+06
2.85646380e+00 3.70660535e+06
2.86167920e+00 3.68300149e+06
2.86689460e+00 3.65958425e+06
2.87211000e+00 3.63635122e+06
2.87732540e+00 3.61330240e+06
2.88254080e+00 3.59043294e+06
2.88775630e+00 3.56774284e+06
2.89297170e+00 3.54523088e+06
2.89818710e+00 3.52289343e+06
2.90340250e+00 3.50073171e+06
2.90861790e+00 3.47874208e+06
2.91383330e+00 3.45692332e+06
2.91904880e+00 3.43527422e+06
2.92426420e+00 3.41379358e+06
2.92947960e+00 3.39247896e+06
2.93469500e+00 3.37133037e+06
2.93991040e+00 3.35034297e+06
2.94512580e+00 3.32951795e+06
2.95034130e+00 3.30885412e+06
2.95555670e+00 3.28834783e+06
2.96077210e+00 3.26800030e+06
2.96598750e+00 3.24780910e+06
2.97120290e+00 3.22777060e+06
2.97641830e+00 3.20788722e+06
2.98163380e+00 3.18815411e+06
2.98684920e+00 3.16857128e+06
2.99206460e+00 3.14913872e+06
2.99728000e+00 3.12985401e+06
3.00249540e+00 3.11071472e+06
3.00771080e+00 3.09172086e+06
3.01292630e+00 3.07287122e+06
3.01814170e+00 3.05416216e+06
3.02335710e+00 3.03559609e+06
3.02857250e+00 3.01716940e+06
3.03378790e+00 2.99888086e+06
3.03900330e+00 2.98073047e+06
3.04421880e+00 2.96271581e+06
3.04943420e+00 2.94483689e+06
3.05464960e+00 2.92709127e+06
3.05986500e+00 2.90947775e+06
3.06508040e+00 2.89199632e+06
3.07029580e+00 2.87464336e+06
3.07551130e+00 2.85742127e+06
3.08072670e+00 2.84032765e+06
3.08594210e+00 2.82335885e+06
3.09115750e+00 2.80651730e+06
3.09637290e+00 2.78979936e+06
3.10158830e+00 2.77320503e+06
3.10680380e+00 2.75673310e+06
3.11201920e+00 2.74038358e+06
3.11723460e+00 2.72415282e+06
3.12245000e+00 2.70804203e+06
3.12766540e+00 2.69204880e+06
3.13288080e+00 2.67617312e+06
3.13809630e+00 2.66041378e+06
3.14331170e+00 2.64476835e+06
3.14852710e+00 2.62923927e+06
3.15374250e+00 2.61382169e+06
3.15895790e+00 2.59851680e+06
3.16417330e+00 2.58332220e+06
3.16938880e+00 2.56823788e+06
3.17460420e+00 2.55326384e+06
3.17981960e+00 2.53839766e+06
3.18503500e+00 2.52363934e+06
3.19025040e+00 2.50898645e+06
3.19546580e+00 2.49444021e+06
3.20068130e+00 2.47999697e+06
3.20589670e+00 2.46565917e+06
3.21111210e+00 2.45142317e+06
3.21632750e+00 2.43729018e+06
3.22154290e+00 2.42325656e+06
3.22675830e+00 2.40932475e+06
3.23197380e+00 2.39549109e+06
3.23718920e+00 2.38175681e+06
3.24240460e+00 2.36812069e+06
3.24762000e+00 2.35458152e+06
3.25283540e+00 2.34113688e+06
3.25805080e+00 2.32778919e+06
3.26326630e+00 2.31453482e+06
3.26848170e+00 2.30137375e+06
3.27369710e+00 2.28830722e+06
3.27891250e+00 2.27533037e+06
3.28412790e+00 2.26244683e+06
3.28934330e+00 2.24965297e+06
3.29455880e+00 2.23694879e+06
3.29977420e+00 2.22433429e+06
3.30498960e+00 2.21180826e+06
3.31020500e+00 2.19936948e+06
3.31542040e+00 2.18701675e+06
3.32063580e+00 2.17475127e+06
3.32585130e+00 2.16257062e+06
3.33106670e+00 2.15047360e+06
3.33628210e+00 2.13846261e+06
3.34149750e+00 2.12653404e+06
3.34671290e+00 2.11468787e+06
3.35192830e+00 2.10292412e+06
3.35714380e+00 2.09124034e+06
3.36235920e+00 2.07963898e+06
3.36757460e+00 2.06811638e+06
3.37279000e+00 2.05667378e+06
3.37800540e+00 2.04530873e+06
3.38322080e+00 2.03402124e+06
3.38843630e+00 2.02281252e+06
3.39365170e+00 2.01168016e+06
3.39886710e+00 2.00062293e+06
3.40408250e+00 1.98964326e+06
3.40929790e+00 1.97873752e+06
3.41451330e+00 1.96790449e+06
3.41972880e+00 1.95714659e+06
3.42494420e+00 1.94646141e+06
3.43015960e+00 1.93584773e+06
3.43537500e+00 1.92530797e+06
3.44059040e+00 1.91483730e+06
3.44580580e+00 1.90443812e+06
3.45102130e+00 1.89410923e+06
3.45623670e+00 1.88385064e+06
3.46145210e+00 1.87366111e+06
3.46666750e+00 1.86353825e+06
3.47188290e+00 1.85348446e+06
3.47709830e+00 1.84349853e+06
3.48231380e+00 1.83357926e+06
3.48752920e+00 1.82372544e+06
3.49274460e+00 1.81393826e+06
3.49796000e+00 1.80421531e+06
3.50317540e+00 1.79455781e+06
3.50839080e+00 1.78496454e+06
3.51360630e+00 1.77543428e+06
3.51882170e+00 1.76596704e+06
3.52403710e+00 1.75656404e+06
3.52925250e+00 1.74722283e+06
3.53446790e+00 1.73794223e+06
3.53968330e+00 1.72872464e+06
3.54489880e+00 1.71956522e+06
3.55011420e+00 1.71046882e+06
3.55532960e+00 1.70143059e+06
3.56054500e+00 1.69245295e+06
3.56576040e+00 1.68353227e+06
3.57097580e+00 1.67467098e+06
3.57619130e+00 1.66586785e+06
3.58140670e+00 1.65712290e+06
3.58662210e+00 1.64843369e+06
3.59183750e+00 1.63980144e+06
3.59705290e+00 1.63122493e+06
3.60226830e+00 1.62270539e+06
3.60748380e+00 1.61424038e+06
3.61269920e+00 1.60583112e+06
3.61791460e+00 1.59747518e+06
3.62313000e+00 1.58917377e+06
3.62834540e+00 1.58092569e+06
3.63356080e+00 1.57273093e+06
3.63877630e+00 1.56458828e+06
3.64399170e+00 1.55649774e+06
3.64920710e+00 1.54846053e+06
3.65442250e+00 1.54047543e+06
3.65963790e+00 1.53254001e+06
3.66485330e+00 1.52465670e+06
3.67006880e+00 1.51682187e+06
3.67528420e+00 1.50903916e+06
3.68049960e+00 1.50130491e+06
3.68571500e+00 1.49362036e+06
3.69093040e+00 1.48598427e+06
3.69614580e+00 1.47839667e+06
3.70136130e+00 1.47085754e+06
3.70657670e+00 1.46336567e+06
3.71179210e+00 1.45592228e+06
3.71700750e+00 1.44852494e+06
3.72222290e+00 1.44117608e+06
3.72743830e+00 1.43387205e+06
3.73265380e+00 1.42661287e+06
3.73786920e+00 1.41940216e+06
3.74308460e+00 1.41223507e+06
3.74830000e+00 1.40511283e+06
3.75351540e+00 1.39803664e+06
3.75873080e+00 1.39100287e+06
3.76394630e+00 1.38401393e+06
3.76916170e+00 1.37706862e+06
3.77437710e+00 1.37016695e+06
3.77959250e+00 1.36330889e+06
3.78480790e+00 1.35649326e+06
3.79002330e+00 1.34971883e+06
3.79523880e+00 1.34298681e+06
3.80045420e+00 1.33629721e+06
3.80566960e+00 1.32964882e+06
3.81088500e+00 1.32304162e+06
3.81610040e+00 1.31647443e+06
3.82131580e+00 1.30994843e+06
3.82653130e+00 1.30346243e+06
3.83174670e+00 1.29701520e+06
3.83696210e+00 1.29060919e+06
3.84217750e+00 1.28424316e+06
3.84739290e+00 1.27791470e+06
3.85260830e+00 1.27162623e+06
3.85782380e+00 1.26537534e+06
3.86303920e+00 1.25916322e+06
3.86825460e+00 1.25298867e+06
3.87347000e+00 1.24685169e+06
3.87868540e+00 1.24075228e+06
3.88390080e+00 1.23469043e+06
3.88911630e+00 1.22866373e+06
3.89433170e+00 1.22267460e+06
3.89954710e+00 1.21672304e+06
3.90476250e+00 1.21080590e+06
3.90997790e+00 1.20492511e+06
3.91519330e+00 1.19907971e+06
3.92040880e+00 1.19326969e+06
3.92562420e+00 1.18749470e+06
3.93083960e+00 1.18175449e+06
3.93605500e+00 1.17604882e+06
3.94127040e+00 1.17037733e+06
3.94648580e+00 1.16473976e+06
3.95170130e+00 1.15913613e+06
3.95691670e+00 1.15356595e+06
3.96213210e+00 1.14802909e+06
3.96734750e+00 1.14252520e+06
3.97256290e+00 1.13705427e+06
3.97777830e+00 1.13161594e+06
3.98299380e+00 1.12620985e+06
3.98820920e+00 1.12083599e+06
3.99342460e+00 1.11549389e+06
3.99864000e+00 1.11018365e+06
4.00385540e+00 1.10490469e+06
4.00907080e+00 1.09965699e+06
4.01428630e+00 1.09444031e+06
4.01950170e+00 1.08925454e+06
4.02471710e+00 1.08409918e+06
4.02993250e+00 1.07897413e+06
4.03514790e+00 1.07387937e+06
4.04036330e+00 1.06881442e+06
4.04557880e+00 1.06377928e+06
4.05079420e+00 1.05877360e+06
4.05600960e+00 1.05379736e+06
4.06122500e+00 1.04884996e+06
4.06644040e+00 1.04393165e+06
4.07165580e+00 1.03904194e+06
4.07687130e+00 1.03418083e+06
4.08208670e+00 1.02934796e+06
4.08730210e+00 1.02454321e+06
4.09251750e+00 1.01976632e+06
4.09773290e+00 1.01501719e+06
4.10294830e+00 1.01029545e+06
4.10816380e+00 1.00560110e+06
4.11337920e+00 1.00093401e+06
4.11859460e+00 9.96293706e+05
4.12381000e+00 9.91680306e+05
4.12902540e+00 9.87093567e+05
4.13424080e+00 9.82533005e+05
4.13945630e+00 9.77998741e+05
4.14467170e+00 9.73490533e+05
4.14988710e+00 9.69008138e+05
4.15510250e+00 9.64551555e+05
4.16031790e+00 9.60120423e+05
4.16553330e+00 9.55714497e+05
4.17074880e+00 9.51333900e+05
4.17596420e+00 9.46978147e+05
4.18117960e+00 9.42647358e+05
4.18639500e+00 9.38341171e+05
4.19161040e+00 9.34059342e+05
4.19682580e+00 9.29801873e+05
4.20204130e+00 9.25568762e+05
4.20725670e+00 9.21359404e+05
4.21247210e+00 9.17173920e+05
4.21768750e+00 9.13012068e+05
4.22290290e+00 9.08873848e+05
4.22811830e+00 9.04758896e+05
4.23333380e+00 9.00667091e+05
4.23854920e+00 8.96598433e+05
4.24376460e+00 8.92552558e+05
4.24898000e+00 8.88529346e+05
4.25419540e+00 8.84528795e+05
4.25941080e+00 8.80550665e+05
4.26462630e+00 8.76594833e+05
4.26984170e+00 8.72661058e+05
4.27505710e+00 8.68749217e+05
4.28027250e+00 8.64859191e+05
4.28548790e+00 8.60990979e+05
4.29070330e+00 8.57144216e+05
4.29591880e+00 8.53318905e+05
4.30113420e+00 8.49514801e+05
4.30634960e+00 8.45731784e+05
4.31156500e+00 8.41969732e+05
4.31678040e+00 8.38228525e+05
4.32199580e+00 8.34508162e+05
4.32721130e+00 8.30808159e+05
4.33242670e+00 8.27128637e+05
4.33764210e+00 8.23469354e+05
4.34285750e+00 8.19830308e+05
4.34807290e+00 8.16211259e+05
4.35328830e+00 8.12611964e+05
4.35850380e+00 8.09032664e+05
4.36371920e+00 8.05472755e+05
4.36893460e+00 8.01932600e+05
4.37415000e+00 7.98411713e+05
4.37936540e+00 7.94909974e+05
4.38458080e+00 7.91427383e+05
4.38979630e+00 7.87963940e+05
4.39501170e+00 7.84519160e+05
4.40022710e+00 7.81093164e+05
4.40544250e+00 7.77685831e+05
4.41065790e+00 7.74297161e+05
4.41587330e+00 7.70926669e+05
4.42108880e+00 7.67574477e+05
4.42630420e+00 7.64240463e+05
4.43151960e+00 7.60924506e+05
4.43673500e+00 7.57626363e+05
4.44195040e+00 7.54346157e+05
4.44716580e+00 7.51083523e+05
4.45238130e+00 7.47838582e+05
4.45759670e+00 7.44610972e+05
4.46281210e+00 7.41400812e+05
4.46802750e+00 7.38207740e+05
4.47324290e+00 7.35031877e+05
4.47845830e+00 7.31872980e+05
4.48367380e+00 7.28731050e+05
4.48888920e+00 7.25605843e+05
4.49410460e+00 7.22497361e+05
4.49932000e+00 7.19405603e+05
4.50453540e+00 7.16330083e+05
4.50975080e+00 7.13271167e+05
4.51496630e+00 7.10228369e+05
4.52018170e+00 7.07201688e+05
4.52539710e+00 7.04191126e+05
4.53061250e+00 7.01196561e+05
4.53582790e+00 6.98217750e+05
4.54104330e+00 6.95254815e+05
4.54625880e+00 6.92307513e+05
4.55147420e+00 6.89375723e+05
4.55668960e+00 6.86459446e+05
4.56190500e+00 6.83558438e+05
4.56712040e+00 6.80672942e+05
4.57233580e+00 6.77802352e+05
4.57755130e+00 6.74946911e+05
4.58276670e+00 6.72106498e+05
4.58798210e+00 6.69280869e+05
4.59319750e+00 6.66470146e+05
4.59841290e+00 6.63674088e+05
4.60362830e+00 6.60892572e+05
4.60884380e+00 6.58125719e+05
4.61405920e+00 6.55373167e+05
4.61927460e+00 6.52635036e+05
4.62449000e+00 6.49910964e+05
4.62970540e+00 6.47201312e+05
4.63492080e+00 6.44505597e+05
4.64013630e+00 6.41823819e+05
4.64535170e+00 6.39156099e+05
4.65056710e+00 6.36502073e+05
4.65578250e+00 6.33861742e+05
4.66099790e+00 6.31235225e+05
4.66621330e+00 6.28622040e+05
4.67142880e+00 6.26022428e+05
4.67664420e+00 6.23436267e+05
4.68185960e+00 6.20863316e+05
4.68707500e+00 6.18303575e+05
4.69229040e+00 6.15757164e+05
4.69750580e+00 6.13223600e+05
4.70272130e+00 6.10703123e+05
4.70793670e+00 6.08195493e+05
4.71315210e+00 6.05700708e+05
4.71836750e+00 6.03218649e+05
4.72358290e+00 6.00749314e+05
4.72879830e+00 5.98292583e+05
4.73401380e+00 5.95848334e+05
4.73922920e+00 5.93416568e+05
4.74444460e+00 5.90997162e+05
4.74966000e+00 5.88589876e+05
4.75487540e+00 5.86194951e+05
4.76009080e+00 5.83812266e+05
4.76530630e+00 5.81441457e+05
4.77052170e+00 5.79082646e+05
4.77573710e+00 5.76735833e+05
4.78095250e+00 5.74400775e+05
4.78616790e+00 5.72077593e+05
4.79138330e+00 5.69766167e+05
4.79659880e+00 5.67466253e+05
4.80181420e+00 5.65177974e+05
4.80702960e+00 5.62901086e+05
4.81224500e+00 5.60635833e+05
4.81746040e+00 5.58381850e+05
4.82267580e+00 5.56139016e+05
4.82789130e+00 5.53907574e+05
4.83310670e+00 5.51687160e+05
4.83832210e+00 5.49477896e+05
4.84353750e+00 5.47279659e+05
4.84875290e+00 5.45092451e+05
4.85396830e+00 5.42916029e+05
4.85918380e+00 5.40750392e+05
4.86439920e+00 5.38595662e+05
4.86961460e+00 5.36451355e+05
4.87483000e+00 5.34317954e+05
4.88004540e+00 5.32194976e+05
4.88526080e+00 5.30082662e+05
4.89047630e+00 5.27980649e+05
4.89569170e+00 5.25889059e+05
4.90090710e+00 5.23807769e+05
4.90612250e+00 5.21736902e+05
4.91133790e+00 5.19675972e+05
4.91655330e+00 5.17625464e+05
4.92176880e+00 5.15584894e+05
4.92698420e+00 5.13554261e+05
4.93219960e+00 5.11533687e+05
4.93741500e+00 5.09523050e+05
4.94263040e+00 5.07522230e+05
4.94784580e+00 5.05531104e+05
4.95306130e+00 5.03549916e+05
4.95827670e+00 5.01578302e+05
4.96349210e+00 4.99616262e+05
4.96870750e+00 4.97663796e+05
4.97392290e+00 4.95720782e+05
4.97913830e+00 4.93787343e+05
4.98435380e+00 4.91863234e+05
4.98956920e+00 4.89948458e+05
4.99478460e+00 4.88043012e+05
